<?xml version="1.0" ?><gpx xmlns="http://www.topografix.com/GPX/1/1" creator="GaiaGPS" version="1.1" xmlns:xsi="http://www.w3.org/2001/XMLSchema-instance" xsi:schemaLocation="http://www.topografix.com/GPX/1/1 http://www.topografix.com/GPX/1/1/gpx.xsd"><rte><name>TD02:S1:D2 Cottonwood Cr to Goat Cr</name><desc></desc><extensions><line xmlns="http://www.topografix.com/GPX/gpx_style/0/2"><color>BAF200</color></line></extensions><rtept lat="38.065623" lon="-105.555879"><ele>2877.8</ele><time>2026-04-10T14:56:29Z</time></rtept><rtept lat="38.065648" lon="-105.555898"><ele>2877.8</ele><time>2026-04-10T14:56:29Z</time></rtept><rtept lat="38.065776" lon="-105.555624"><ele>2877.4</ele><time>2026-04-10T14:56:29Z</time></rtept><rtept lat="38.065949" lon="-105.555321"><ele>2879.2</ele><time>2026-04-10T14:56:29Z</time></rtept><rtept lat="38.066081" lon="-105.555234"><ele>2881.0</ele><time>2026-04-10T14:56:29Z</time></rtept><rtept lat="38.066262" lon="-105.555243"><ele>2882.2</ele><time>2026-04-10T14:56:29Z</time></rtept><rtept lat="38.066363" lon="-105.555376"><ele>2880.8</ele><time>2026-04-10T14:56:29Z</time></rtept><rtept lat="38.066476" lon="-105.555595"><ele>2878.0</ele><time>2026-04-10T14:56:29Z</time></rtept><rtept lat="38.066732" lon="-105.5558"><ele>2876.2</ele><time>2026-04-10T14:56:29Z</time></rtept><rtept lat="38.066917" lon="-105.555837"><ele>2875.6</ele><time>2026-04-10T14:56:29Z</time></rtept><rtept lat="38.067124" lon="-105.555825"><ele>2876.0</ele><time>2026-04-10T14:56:29Z</time></rtept><rtept lat="38.067271" lon="-105.555764"><ele>2874.0</ele><time>2026-04-10T14:56:29Z</time></rtept><rtept lat="38.066816" lon="-105.555818"><ele>2875.8</ele><time>2026-04-10T14:56:29Z</time></rtept><rtept lat="38.067552" lon="-105.555583"><ele>2869.0</ele><time>2026-04-10T14:56:29Z</time></rtept><rtept lat="38.06783" lon="-105.555479"><ele>2866.4</ele><time>2026-04-10T14:56:29Z</time></rtept><rtept lat="38.068009" lon="-105.555528"><ele>2868.0</ele><time>2026-04-10T14:56:29Z</time></rtept><rtept lat="38.06816" lon="-105.555484"><ele>2865.2</ele><time>2026-04-10T14:56:29Z</time></rtept><rtept lat="38.068464" lon="-105.555411"><ele>2859.4</ele><time>2026-04-10T14:56:29Z</time></rtept><rtept lat="38.068719" lon="-105.555338"><ele>2854.2</ele><time>2026-04-10T14:56:29Z</time></rtept><rtept lat="38.069008" lon="-105.55534"><ele>2850.6</ele><time>2026-04-10T14:56:29Z</time></rtept><rtept lat="38.069196" lon="-105.555343"><ele>2849.2</ele><time>2026-04-10T14:56:29Z</time></rtept><rtept lat="38.069348" lon="-105.555261"><ele>2847.4</ele><time>2026-04-10T14:56:29Z</time></rtept><rtept lat="38.069526" lon="-105.555156"><ele>2846.2</ele><time>2026-04-10T14:56:29Z</time></rtept><rtept lat="38.069723" lon="-105.555105"><ele>2845.2</ele><time>2026-04-10T14:56:29Z</time></rtept><rtept lat="38.069968" lon="-105.555104"><ele>2842.6</ele><time>2026-04-10T14:56:29Z</time></rtept><rtept lat="38.070218" lon="-105.555163"><ele>2837.8</ele><time>2026-04-10T14:56:29Z</time></rtept><rtept lat="38.070465" lon="-105.555215"><ele>2833.6</ele><time>2026-04-10T14:56:29Z</time></rtept><rtept lat="38.070622" lon="-105.555296"><ele>2831.6</ele><time>2026-04-10T14:56:29Z</time></rtept><rtept lat="38.070816" lon="-105.555457"><ele>2828.6</ele><time>2026-04-10T14:56:29Z</time></rtept><rtept lat="38.071011" lon="-105.555717"><ele>2825.2</ele><time>2026-04-10T14:56:29Z</time></rtept><rtept lat="38.071117" lon="-105.555955"><ele>2824.8</ele><time>2026-04-10T14:56:29Z</time></rtept><rtept lat="38.071133" lon="-105.556264"><ele>2825.8</ele><time>2026-04-10T14:56:29Z</time></rtept><rtept lat="38.071109" lon="-105.556648"><ele>2825.8</ele><time>2026-04-10T14:56:29Z</time></rtept><rtept lat="38.071103" lon="-105.556882"><ele>2825.4</ele><time>2026-04-10T14:56:29Z</time></rtept><rtept lat="38.071143" lon="-105.557181"><ele>2823.0</ele><time>2026-04-10T14:56:29Z</time></rtept><rtept lat="38.071198" lon="-105.557437"><ele>2823.0</ele><time>2026-04-10T14:56:29Z</time></rtept><rtept lat="38.071277" lon="-105.557677"><ele>2818.8</ele><time>2026-04-10T14:56:29Z</time></rtept><rtept lat="38.071325" lon="-105.557783"><ele>2818.4</ele><time>2026-04-10T14:56:29Z</time></rtept><rtept lat="38.071408" lon="-105.557788"><ele>2814.8</ele><time>2026-04-10T14:56:29Z</time></rtept><rtept lat="38.071481" lon="-105.557797"><ele>2812.8</ele><time>2026-04-10T14:56:29Z</time></rtept><rtept lat="38.071519" lon="-105.55785"><ele>2812.8</ele><time>2026-04-10T14:56:29Z</time></rtept><rtept lat="38.071514" lon="-105.557935"><ele>2813.2</ele><time>2026-04-10T14:56:29Z</time></rtept><rtept lat="38.071481" lon="-105.55823"><ele>2817.6</ele><time>2026-04-10T14:56:29Z</time></rtept><rtept lat="38.071504" lon="-105.558309"><ele>2820.6</ele><time>2026-04-10T14:56:29Z</time></rtept><rtept lat="38.071559" lon="-105.558324"><ele>2821.2</ele><time>2026-04-10T14:56:29Z</time></rtept><rtept lat="38.071637" lon="-105.558261"><ele>2818.6</ele><time>2026-04-10T14:56:29Z</time></rtept><rtept lat="38.071817" lon="-105.558287"><ele>2818.2</ele><time>2026-04-10T14:56:29Z</time></rtept><rtept lat="38.072006" lon="-105.558308"><ele>2812.8</ele><time>2026-04-10T14:56:29Z</time></rtept><rtept lat="38.072168" lon="-105.55848"><ele>2805.2</ele><time>2026-04-10T14:56:29Z</time></rtept><rtept lat="38.072583" lon="-105.558944"><ele>2803.0</ele><time>2026-04-10T14:56:29Z</time></rtept><rtept lat="38.07281" lon="-105.559303"><ele>2810.2</ele><time>2026-04-10T14:56:29Z</time></rtept><rtept lat="38.072913" lon="-105.55942"><ele>2807.6</ele><time>2026-04-10T14:56:29Z</time></rtept><rtept lat="38.073123" lon="-105.559551"><ele>2802.0</ele><time>2026-04-10T14:56:29Z</time></rtept><rtept lat="38.0732" lon="-105.559775"><ele>2806.8</ele><time>2026-04-10T14:56:29Z</time></rtept><rtept lat="38.073361" lon="-105.559951"><ele>2804.4</ele><time>2026-04-10T14:56:29Z</time></rtept><rtept lat="38.073671" lon="-105.560284"><ele>2794.0</ele><time>2026-04-10T14:56:29Z</time></rtept><rtept lat="38.073823" lon="-105.560451"><ele>2790.0</ele><time>2026-04-10T14:56:29Z</time></rtept><rtept lat="38.073873" lon="-105.560748"><ele>2788.6</ele><time>2026-04-10T14:56:29Z</time></rtept><rtept lat="38.073785" lon="-105.561132"><ele>2791.8</ele><time>2026-04-10T14:56:29Z</time></rtept><rtept lat="38.073613" lon="-105.561517"><ele>2799.0</ele><time>2026-04-10T14:56:29Z</time></rtept><rtept lat="38.073546" lon="-105.561848"><ele>2805.4</ele><time>2026-04-10T14:56:29Z</time></rtept><rtept lat="38.073594" lon="-105.562124"><ele>2810.4</ele><time>2026-04-10T14:56:29Z</time></rtept><rtept lat="38.073771" lon="-105.562265"><ele>2811.4</ele><time>2026-04-10T14:56:29Z</time></rtept><rtept lat="38.073993" lon="-105.562446"><ele>2807.4</ele><time>2026-04-10T14:56:29Z</time></rtept><rtept lat="38.074154" lon="-105.562779"><ele>2810.2</ele><time>2026-04-10T14:56:29Z</time></rtept><rtept lat="38.07422" lon="-105.563296"><ele>2816.8</ele><time>2026-04-10T14:56:29Z</time></rtept><rtept lat="38.074176" lon="-105.563981"><ele>2823.0</ele><time>2026-04-10T14:56:29Z</time></rtept><rtept lat="38.074128" lon="-105.564343"><ele>2824.2</ele><time>2026-04-10T14:56:29Z</time></rtept><rtept lat="38.07418" lon="-105.564541"><ele>2823.2</ele><time>2026-04-10T14:56:29Z</time></rtept><rtept lat="38.074344" lon="-105.564902"><ele>2824.0</ele><time>2026-04-10T14:56:29Z</time></rtept><rtept lat="38.074547" lon="-105.565324"><ele>2828.0</ele><time>2026-04-10T14:56:29Z</time></rtept><rtept lat="38.074661" lon="-105.565566"><ele>2828.8</ele><time>2026-04-10T14:56:29Z</time></rtept><rtept lat="38.074661" lon="-105.565566"><ele>2828.8</ele><time>2026-04-10T14:56:29Z</time></rtept><rtept lat="38.074689" lon="-105.565625"><ele>2830.2</ele><time>2026-04-10T14:56:29Z</time></rtept><rtept lat="38.074804" lon="-105.565867"><ele>2831.8</ele><time>2026-04-10T14:56:29Z</time></rtept><rtept lat="38.074908" lon="-105.566185"><ele>2836.2</ele><time>2026-04-10T14:56:29Z</time></rtept><rtept lat="38.074997" lon="-105.566575"><ele>2839.2</ele><time>2026-04-10T14:56:29Z</time></rtept><rtept lat="38.075148" lon="-105.566952"><ele>2844.6</ele><time>2026-04-10T14:56:29Z</time></rtept><rtept lat="38.075394" lon="-105.567244"><ele>2846.8</ele><time>2026-04-10T14:56:29Z</time></rtept><rtept lat="38.075569" lon="-105.567353"><ele>2846.6</ele><time>2026-04-10T14:56:29Z</time></rtept><rtept lat="38.075789" lon="-105.567472"><ele>2845.0</ele><time>2026-04-10T14:56:29Z</time></rtept><rtept lat="38.075924" lon="-105.567518"><ele>2841.4</ele><time>2026-04-10T14:56:29Z</time></rtept><rtept lat="38.076017" lon="-105.567664"><ele>2840.0</ele><time>2026-04-10T14:56:29Z</time></rtept><rtept lat="38.076141" lon="-105.567877"><ele>2839.8</ele><time>2026-04-10T14:56:29Z</time></rtept><rtept lat="38.076247" lon="-105.568124"><ele>2846.6</ele><time>2026-04-10T14:56:29Z</time></rtept><rtept lat="38.076445" lon="-105.568314"><ele>2851.2</ele><time>2026-04-10T14:56:29Z</time></rtept><rtept lat="38.076686" lon="-105.568513"><ele>2848.8</ele><time>2026-04-10T14:56:29Z</time></rtept><rtept lat="38.076872" lon="-105.568687"><ele>2848.8</ele><time>2026-04-10T14:56:29Z</time></rtept><rtept lat="38.077029" lon="-105.568814"><ele>2844.2</ele><time>2026-04-10T14:56:29Z</time></rtept><rtept lat="38.07722" lon="-105.569017"><ele>2843.2</ele><time>2026-04-10T14:56:29Z</time></rtept><rtept lat="38.077398" lon="-105.569265"><ele>2844.0</ele><time>2026-04-10T14:56:29Z</time></rtept><rtept lat="38.077544" lon="-105.569561"><ele>2844.4</ele><time>2026-04-10T14:56:29Z</time></rtept><rtept lat="38.077681" lon="-105.569821"><ele>2843.8</ele><time>2026-04-10T14:56:29Z</time></rtept><rtept lat="38.077791" lon="-105.569987"><ele>2841.4</ele><time>2026-04-10T14:56:29Z</time></rtept><rtept lat="38.077883" lon="-105.570046"><ele>2840.0</ele><time>2026-04-10T14:56:29Z</time></rtept><rtept lat="38.078012" lon="-105.570137"><ele>2835.4</ele><time>2026-04-10T14:56:29Z</time></rtept><rtept lat="38.078153" lon="-105.570317"><ele>2831.8</ele><time>2026-04-10T14:56:29Z</time></rtept><rtept lat="38.07829" lon="-105.570435"><ele>2827.2</ele><time>2026-04-10T14:56:29Z</time></rtept><rtept lat="38.078363" lon="-105.570563"><ele>2826.0</ele><time>2026-04-10T14:56:29Z</time></rtept><rtept lat="38.078414" lon="-105.570853"><ele>2828.0</ele><time>2026-04-10T14:56:29Z</time></rtept><rtept lat="38.078368" lon="-105.57111"><ele>2832.6</ele><time>2026-04-10T14:56:29Z</time></rtept><rtept lat="38.078354" lon="-105.571336"><ele>2836.8</ele><time>2026-04-10T14:56:29Z</time></rtept><rtept lat="38.078405" lon="-105.571391"><ele>2838.4</ele><time>2026-04-10T14:56:29Z</time></rtept><rtept lat="38.078516" lon="-105.571408"><ele>2842.4</ele><time>2026-04-10T14:56:29Z</time></rtept><rtept lat="38.078651" lon="-105.571286"><ele>2841.8</ele><time>2026-04-10T14:56:29Z</time></rtept><rtept lat="38.078824" lon="-105.571057"><ele>2839.6</ele><time>2026-04-10T14:56:29Z</time></rtept><rtept lat="38.078978" lon="-105.570893"><ele>2840.4</ele><time>2026-04-10T14:56:29Z</time></rtept><rtept lat="38.07908" lon="-105.570902"><ele>2840.6</ele><time>2026-04-10T14:56:29Z</time></rtept><rtept lat="38.079344" lon="-105.571098"><ele>2843.4</ele><time>2026-04-10T14:56:29Z</time></rtept><rtept lat="38.07951" lon="-105.571211"><ele>2844.0</ele><time>2026-04-10T14:56:29Z</time></rtept><rtept lat="38.079622" lon="-105.571254"><ele>2844.2</ele><time>2026-04-10T14:56:29Z</time></rtept><rtept lat="38.079757" lon="-105.571267"><ele>2842.8</ele><time>2026-04-10T14:56:29Z</time></rtept><rtept lat="38.079902" lon="-105.571317"><ele>2837.6</ele><time>2026-04-10T14:56:29Z</time></rtept><rtept lat="38.080001" lon="-105.571465"><ele>2835.0</ele><time>2026-04-10T14:56:29Z</time></rtept><rtept lat="38.08011" lon="-105.571573"><ele>2834.0</ele><time>2026-04-10T14:56:29Z</time></rtept><rtept lat="38.080206" lon="-105.571612"><ele>2830.0</ele><time>2026-04-10T14:56:29Z</time></rtept><rtept lat="38.080289" lon="-105.571565"><ele>2830.4</ele><time>2026-04-10T14:56:29Z</time></rtept><rtept lat="38.080339" lon="-105.57146"><ele>2833.8</ele><time>2026-04-10T14:56:29Z</time></rtept><rtept lat="38.080421" lon="-105.571177"><ele>2837.6</ele><time>2026-04-10T14:56:29Z</time></rtept><rtept lat="38.08049" lon="-105.570763"><ele>2838.0</ele><time>2026-04-10T14:56:29Z</time></rtept><rtept lat="38.080612" lon="-105.570328"><ele>2838.4</ele><time>2026-04-10T14:56:29Z</time></rtept><rtept lat="38.080551" lon="-105.570135"><ele>2834.6</ele><time>2026-04-10T14:56:29Z</time></rtept><rtept lat="38.080459" lon="-105.569864"><ele>2828.4</ele><time>2026-04-10T14:56:29Z</time></rtept><rtept lat="38.080406" lon="-105.56953"><ele>2832.0</ele><time>2026-04-10T14:56:29Z</time></rtept><rtept lat="38.080422" lon="-105.569213"><ele>2835.4</ele><time>2026-04-10T14:56:29Z</time></rtept><rtept lat="38.080546" lon="-105.568869"><ele>2839.8</ele><time>2026-04-10T14:56:29Z</time></rtept><rtept lat="38.080704" lon="-105.568577"><ele>2840.8</ele><time>2026-04-10T14:56:29Z</time></rtept><rtept lat="38.080879" lon="-105.568382"><ele>2841.0</ele><time>2026-04-10T14:56:29Z</time></rtept><rtept lat="38.081031" lon="-105.568277"><ele>2841.6</ele><time>2026-04-10T14:56:29Z</time></rtept><rtept lat="38.081111" lon="-105.568158"><ele>2840.6</ele><time>2026-04-10T14:56:29Z</time></rtept><rtept lat="38.08111" lon="-105.567965"><ele>2835.6</ele><time>2026-04-10T14:56:29Z</time></rtept><rtept lat="38.08119" lon="-105.567868"><ele>2834.2</ele><time>2026-04-10T14:56:29Z</time></rtept><rtept lat="38.081361" lon="-105.567778"><ele>2834.4</ele><time>2026-04-10T14:56:29Z</time></rtept><rtept lat="38.081493" lon="-105.5678"><ele>2836.8</ele><time>2026-04-10T14:56:29Z</time></rtept><rtept lat="38.081631" lon="-105.56803"><ele>2838.8</ele><time>2026-04-10T14:56:29Z</time></rtept><rtept lat="38.081752" lon="-105.568274"><ele>2840.6</ele><time>2026-04-10T14:56:29Z</time></rtept><rtept lat="38.081918" lon="-105.568494"><ele>2842.2</ele><time>2026-04-10T14:56:29Z</time></rtept><rtept lat="38.08211" lon="-105.568638"><ele>2841.0</ele><time>2026-04-10T14:56:29Z</time></rtept><rtept lat="38.082271" lon="-105.568691"><ele>2840.4</ele><time>2026-04-10T14:56:29Z</time></rtept><rtept lat="38.082464" lon="-105.568746"><ele>2837.4</ele><time>2026-04-10T14:56:29Z</time></rtept><rtept lat="38.082542" lon="-105.568909"><ele>2835.8</ele><time>2026-04-10T14:56:29Z</time></rtept><rtept lat="38.082574" lon="-105.569134"><ele>2834.2</ele><time>2026-04-10T14:56:29Z</time></rtept><rtept lat="38.08252" lon="-105.56948"><ele>2837.0</ele><time>2026-04-10T14:56:29Z</time></rtept><rtept lat="38.082409" lon="-105.569794"><ele>2842.8</ele><time>2026-04-10T14:56:29Z</time></rtept><rtept lat="38.082355" lon="-105.570137"><ele>2842.6</ele><time>2026-04-10T14:56:29Z</time></rtept><rtept lat="38.082415" lon="-105.570342"><ele>2844.6</ele><time>2026-04-10T14:56:29Z</time></rtept><rtept lat="38.082524" lon="-105.570392"><ele>2841.0</ele><time>2026-04-10T14:56:29Z</time></rtept><rtept lat="38.082641" lon="-105.570313"><ele>2842.2</ele><time>2026-04-10T14:56:29Z</time></rtept><rtept lat="38.082722" lon="-105.570108"><ele>2842.8</ele><time>2026-04-10T14:56:29Z</time></rtept><rtept lat="38.082828" lon="-105.569934"><ele>2843.8</ele><time>2026-04-10T14:56:29Z</time></rtept><rtept lat="38.082973" lon="-105.569838"><ele>2842.4</ele><time>2026-04-10T14:56:29Z</time></rtept><rtept lat="38.08359" lon="-105.569607"><ele>2833.8</ele><time>2026-04-10T14:56:29Z</time></rtept><rtept lat="38.083847" lon="-105.569562"><ele>2832.8</ele><time>2026-04-10T14:56:29Z</time></rtept><rtept lat="38.084037" lon="-105.569376"><ele>2829.8</ele><time>2026-04-10T14:56:29Z</time></rtept><rtept lat="38.084181" lon="-105.569336"><ele>2829.2</ele><time>2026-04-10T14:56:29Z</time></rtept><rtept lat="38.0845" lon="-105.569353"><ele>2831.4</ele><time>2026-04-10T14:56:29Z</time></rtept><rtept lat="38.084979" lon="-105.569608"><ele>2835.8</ele><time>2026-04-10T14:56:29Z</time></rtept><rtept lat="38.085263" lon="-105.569592"><ele>2833.2</ele><time>2026-04-10T14:56:29Z</time></rtept><rtept lat="38.085263" lon="-105.569592"><ele>2833.2</ele><time>2026-04-10T14:56:29Z</time></rtept><rtept lat="38.085337" lon="-105.569588"><ele>2832.8</ele><time>2026-04-10T14:56:29Z</time></rtept><rtept lat="38.085548" lon="-105.5696"><ele>2831.6</ele><time>2026-04-10T14:56:29Z</time></rtept><rtept lat="38.085656" lon="-105.569776"><ele>2835.2</ele><time>2026-04-10T14:56:29Z</time></rtept><rtept lat="38.08566" lon="-105.56989"><ele>2836.8</ele><time>2026-04-10T14:56:29Z</time></rtept><rtept lat="38.085726" lon="-105.570265"><ele>2842.0</ele><time>2026-04-10T14:56:29Z</time></rtept><rtept lat="38.085847" lon="-105.570501"><ele>2843.8</ele><time>2026-04-10T14:56:29Z</time></rtept><rtept lat="38.085976" lon="-105.570679"><ele>2843.2</ele><time>2026-04-10T14:56:29Z</time></rtept><rtept lat="38.086047" lon="-105.570903"><ele>2845.4</ele><time>2026-04-10T14:56:29Z</time></rtept><rtept lat="38.086115" lon="-105.57117"><ele>2849.2</ele><time>2026-04-10T14:56:29Z</time></rtept><rtept lat="38.086268" lon="-105.571374"><ele>2849.8</ele><time>2026-04-10T14:56:29Z</time></rtept><rtept lat="38.086415" lon="-105.571737"><ele>2853.2</ele><time>2026-04-10T14:56:29Z</time></rtept><rtept lat="38.086553" lon="-105.57194"><ele>2856.2</ele><time>2026-04-10T14:56:29Z</time></rtept><rtept lat="38.086834" lon="-105.572092"><ele>2863.6</ele><time>2026-04-10T14:56:29Z</time></rtept><rtept lat="38.087173" lon="-105.572091"><ele>2867.6</ele><time>2026-04-10T14:56:29Z</time></rtept><rtept lat="38.087405" lon="-105.5721"><ele>2868.6</ele><time>2026-04-10T14:56:29Z</time></rtept><rtept lat="38.087525" lon="-105.572153"><ele>2869.0</ele><time>2026-04-10T14:56:29Z</time></rtept><rtept lat="38.087552" lon="-105.5723"><ele>2870.6</ele><time>2026-04-10T14:56:29Z</time></rtept><rtept lat="38.087512" lon="-105.572568"><ele>2872.6</ele><time>2026-04-10T14:56:29Z</time></rtept><rtept lat="38.087522" lon="-105.5729"><ele>2874.8</ele><time>2026-04-10T14:56:29Z</time></rtept><rtept lat="38.087554" lon="-105.5732"><ele>2876.8</ele><time>2026-04-10T14:56:29Z</time></rtept><rtept lat="38.087647" lon="-105.573379"><ele>2879.2</ele><time>2026-04-10T14:56:29Z</time></rtept><rtept lat="38.087661" lon="-105.57345"><ele>2879.2</ele><time>2026-04-10T14:56:29Z</time></rtept><rtept lat="38.087627" lon="-105.573492"><ele>2880.2</ele><time>2026-04-10T14:56:29Z</time></rtept><rtept lat="38.087338" lon="-105.573589"><ele>2879.0</ele><time>2026-04-10T14:56:29Z</time></rtept><rtept lat="38.08729" lon="-105.573626"><ele>2879.0</ele><time>2026-04-10T14:56:29Z</time></rtept><rtept lat="38.087266" lon="-105.573687"><ele>2880.8</ele><time>2026-04-10T14:56:29Z</time></rtept><rtept lat="38.087292" lon="-105.57379"><ele>2882.8</ele><time>2026-04-10T14:56:29Z</time></rtept><rtept lat="38.087483" lon="-105.574023"><ele>2887.6</ele><time>2026-04-10T14:56:29Z</time></rtept><rtept lat="38.087662" lon="-105.574279"><ele>2892.2</ele><time>2026-04-10T14:56:29Z</time></rtept><rtept lat="38.087753" lon="-105.57449"><ele>2894.6</ele><time>2026-04-10T14:56:29Z</time></rtept><rtept lat="38.087759" lon="-105.574805"><ele>2895.0</ele><time>2026-04-10T14:56:29Z</time></rtept><rtept lat="38.087856" lon="-105.575098"><ele>2892.6</ele><time>2026-04-10T14:56:29Z</time></rtept><rtept lat="38.087842" lon="-105.575603"><ele>2893.2</ele><time>2026-04-10T14:56:29Z</time></rtept><rtept lat="38.087786" lon="-105.576049"><ele>2900.4</ele><time>2026-04-10T14:56:29Z</time></rtept><rtept lat="38.087739" lon="-105.576236"><ele>2904.0</ele><time>2026-04-10T14:56:29Z</time></rtept><rtept lat="38.087762" lon="-105.576502"><ele>2903.0</ele><time>2026-04-10T14:56:29Z</time></rtept><rtept lat="38.087734" lon="-105.576736"><ele>2907.4</ele><time>2026-04-10T14:56:29Z</time></rtept><rtept lat="38.087803" lon="-105.576999"><ele>2905.8</ele><time>2026-04-10T14:56:29Z</time></rtept><rtept lat="38.0879" lon="-105.577268"><ele>2901.4</ele><time>2026-04-10T14:56:29Z</time></rtept><rtept lat="38.087927" lon="-105.577647"><ele>2902.4</ele><time>2026-04-10T14:56:29Z</time></rtept><rtept lat="38.087991" lon="-105.577832"><ele>2901.6</ele><time>2026-04-10T14:56:29Z</time></rtept><rtept lat="38.088063" lon="-105.578052"><ele>2902.8</ele><time>2026-04-10T14:56:29Z</time></rtept><rtept lat="38.088087" lon="-105.578194"><ele>2907.8</ele><time>2026-04-10T14:56:29Z</time></rtept><rtept lat="38.088146" lon="-105.578216"><ele>2908.8</ele><time>2026-04-10T14:56:29Z</time></rtept><rtept lat="38.088319" lon="-105.578116"><ele>2908.4</ele><time>2026-04-10T14:56:29Z</time></rtept><rtept lat="38.088507" lon="-105.577983"><ele>2904.6</ele><time>2026-04-10T14:56:29Z</time></rtept><rtept lat="38.0887" lon="-105.577951"><ele>2904.0</ele><time>2026-04-10T14:56:29Z</time></rtept><rtept lat="38.088857" lon="-105.577977"><ele>2898.4</ele><time>2026-04-10T14:56:29Z</time></rtept><rtept lat="38.089002" lon="-105.578057"><ele>2892.0</ele><time>2026-04-10T14:56:29Z</time></rtept><rtept lat="38.0891" lon="-105.578125"><ele>2889.2</ele><time>2026-04-10T14:56:29Z</time></rtept><rtept lat="38.089146" lon="-105.578208"><ele>2886.4</ele><time>2026-04-10T14:56:29Z</time></rtept><rtept lat="38.089143" lon="-105.578355"><ele>2886.2</ele><time>2026-04-10T14:56:29Z</time></rtept><rtept lat="38.089127" lon="-105.578524"><ele>2886.0</ele><time>2026-04-10T14:56:29Z</time></rtept><rtept lat="38.0891" lon="-105.57865"><ele>2888.2</ele><time>2026-04-10T14:56:29Z</time></rtept><rtept lat="38.089121" lon="-105.578794"><ele>2890.2</ele><time>2026-04-10T14:56:29Z</time></rtept><rtept lat="38.089271" lon="-105.578833"><ele>2890.4</ele><time>2026-04-10T14:56:29Z</time></rtept><rtept lat="38.089484" lon="-105.578931"><ele>2892.8</ele><time>2026-04-10T14:56:29Z</time></rtept><rtept lat="38.089724" lon="-105.57891"><ele>2891.8</ele><time>2026-04-10T14:56:29Z</time></rtept><rtept lat="38.089826" lon="-105.578972"><ele>2892.6</ele><time>2026-04-10T14:56:29Z</time></rtept><rtept lat="38.089921" lon="-105.579069"><ele>2893.0</ele><time>2026-04-10T14:56:29Z</time></rtept><rtept lat="38.090179" lon="-105.579154"><ele>2892.2</ele><time>2026-04-10T14:56:29Z</time></rtept><rtept lat="38.090303" lon="-105.579177"><ele>2890.6</ele><time>2026-04-10T14:56:29Z</time></rtept><rtept lat="38.09037" lon="-105.579293"><ele>2890.6</ele><time>2026-04-10T14:56:29Z</time></rtept><rtept lat="38.090418" lon="-105.579462"><ele>2891.6</ele><time>2026-04-10T14:56:29Z</time></rtept><rtept lat="38.090454" lon="-105.579656"><ele>2895.2</ele><time>2026-04-10T14:56:29Z</time></rtept><rtept lat="38.090585" lon="-105.57984"><ele>2898.0</ele><time>2026-04-10T14:56:29Z</time></rtept><rtept lat="38.090767" lon="-105.580004"><ele>2901.2</ele><time>2026-04-10T14:56:29Z</time></rtept><rtept lat="38.090943" lon="-105.579974"><ele>2898.4</ele><time>2026-04-10T14:56:29Z</time></rtept><rtept lat="38.091071" lon="-105.579962"><ele>2897.6</ele><time>2026-04-10T14:56:29Z</time></rtept><rtept lat="38.091285" lon="-105.580032"><ele>2897.6</ele><time>2026-04-10T14:56:29Z</time></rtept><rtept lat="38.091401" lon="-105.58024"><ele>2900.0</ele><time>2026-04-10T14:56:29Z</time></rtept><rtept lat="38.09168" lon="-105.580439"><ele>2902.6</ele><time>2026-04-10T14:56:29Z</time></rtept><rtept lat="38.091889" lon="-105.580702"><ele>2905.0</ele><time>2026-04-10T14:56:29Z</time></rtept><rtept lat="38.09201" lon="-105.580976"><ele>2905.2</ele><time>2026-04-10T14:56:29Z</time></rtept><rtept lat="38.092108" lon="-105.581191"><ele>2904.4</ele><time>2026-04-10T14:56:29Z</time></rtept><rtept lat="38.092119" lon="-105.581408"><ele>2911.0</ele><time>2026-04-10T14:56:29Z</time></rtept><rtept lat="38.092127" lon="-105.581567"><ele>2917.0</ele><time>2026-04-10T14:56:29Z</time></rtept><rtept lat="38.092172" lon="-105.581666"><ele>2917.8</ele><time>2026-04-10T14:56:29Z</time></rtept><rtept lat="38.092334" lon="-105.581758"><ele>2915.4</ele><time>2026-04-10T14:56:29Z</time></rtept><rtept lat="38.092511" lon="-105.581839"><ele>2911.6</ele><time>2026-04-10T14:56:29Z</time></rtept><rtept lat="38.092588" lon="-105.582004"><ele>2915.6</ele><time>2026-04-10T14:56:29Z</time></rtept><rtept lat="38.092648" lon="-105.582164"><ele>2918.6</ele><time>2026-04-10T14:56:29Z</time></rtept><rtept lat="38.092751" lon="-105.582181"><ele>2918.0</ele><time>2026-04-10T14:56:29Z</time></rtept><rtept lat="38.092867" lon="-105.582143"><ele>2915.8</ele><time>2026-04-10T14:56:29Z</time></rtept><rtept lat="38.092988" lon="-105.582215"><ele>2912.4</ele><time>2026-04-10T14:56:29Z</time></rtept><rtept lat="38.09304" lon="-105.582386"><ele>2912.6</ele><time>2026-04-10T14:56:29Z</time></rtept><rtept lat="38.093051" lon="-105.582636"><ele>2914.2</ele><time>2026-04-10T14:56:29Z</time></rtept><rtept lat="38.093039" lon="-105.582829"><ele>2915.4</ele><time>2026-04-10T14:56:29Z</time></rtept><rtept lat="38.093025" lon="-105.583142"><ele>2917.4</ele><time>2026-04-10T14:56:29Z</time></rtept><rtept lat="38.092987" lon="-105.583405"><ele>2915.6</ele><time>2026-04-10T14:56:29Z</time></rtept><rtept lat="38.092935" lon="-105.583659"><ele>2914.4</ele><time>2026-04-10T14:56:29Z</time></rtept><rtept lat="38.092921" lon="-105.583942"><ele>2911.2</ele><time>2026-04-10T14:56:29Z</time></rtept><rtept lat="38.093005" lon="-105.584227"><ele>2912.2</ele><time>2026-04-10T14:56:29Z</time></rtept><rtept lat="38.09313" lon="-105.584471"><ele>2914.8</ele><time>2026-04-10T14:56:29Z</time></rtept><rtept lat="38.093291" lon="-105.584703"><ele>2916.2</ele><time>2026-04-10T14:56:29Z</time></rtept><rtept lat="38.093492" lon="-105.584918"><ele>2917.0</ele><time>2026-04-10T14:56:29Z</time></rtept><rtept lat="38.093627" lon="-105.585133"><ele>2916.0</ele><time>2026-04-10T14:56:29Z</time></rtept><rtept lat="38.093684" lon="-105.585502"><ele>2923.0</ele><time>2026-04-10T14:56:29Z</time></rtept><rtept lat="38.093871" lon="-105.585764"><ele>2925.2</ele><time>2026-04-10T14:56:29Z</time></rtept><rtept lat="38.094097" lon="-105.585975"><ele>2925.2</ele><time>2026-04-10T14:56:29Z</time></rtept><rtept lat="38.094392" lon="-105.586214"><ele>2923.8</ele><time>2026-04-10T14:56:29Z</time></rtept><rtept lat="38.094528" lon="-105.586361"><ele>2924.4</ele><time>2026-04-10T14:56:29Z</time></rtept><rtept lat="38.094591" lon="-105.586481"><ele>2924.4</ele><time>2026-04-10T14:56:29Z</time></rtept><rtept lat="38.094638" lon="-105.586533"><ele>2926.2</ele><time>2026-04-10T14:56:29Z</time></rtept><rtept lat="38.094779" lon="-105.586554"><ele>2922.2</ele><time>2026-04-10T14:56:29Z</time></rtept><rtept lat="38.094876" lon="-105.586612"><ele>2919.6</ele><time>2026-04-10T14:56:29Z</time></rtept><rtept lat="38.094979" lon="-105.586776"><ele>2920.0</ele><time>2026-04-10T14:56:29Z</time></rtept><rtept lat="38.095046" lon="-105.587106"><ele>2920.2</ele><time>2026-04-10T14:56:29Z</time></rtept><rtept lat="38.095057" lon="-105.587457"><ele>2918.6</ele><time>2026-04-10T14:56:29Z</time></rtept><rtept lat="38.094949" lon="-105.587754"><ele>2924.4</ele><time>2026-04-10T14:56:29Z</time></rtept><rtept lat="38.09484" lon="-105.588129"><ele>2927.4</ele><time>2026-04-10T14:56:29Z</time></rtept><rtept lat="38.094716" lon="-105.588642"><ele>2923.4</ele><time>2026-04-10T14:56:29Z</time></rtept><rtept lat="38.094631" lon="-105.588869"><ele>2926.4</ele><time>2026-04-10T14:56:29Z</time></rtept><rtept lat="38.094641" lon="-105.588919"><ele>2927.0</ele><time>2026-04-10T14:56:29Z</time></rtept><rtept lat="38.094869" lon="-105.589022"><ele>2925.6</ele><time>2026-04-10T14:56:29Z</time></rtept><rtept lat="38.095184" lon="-105.589171"><ele>2928.6</ele><time>2026-04-10T14:56:29Z</time></rtept><rtept lat="38.09543" lon="-105.589297"><ele>2926.6</ele><time>2026-04-10T14:56:29Z</time></rtept><rtept lat="38.095655" lon="-105.589339"><ele>2921.6</ele><time>2026-04-10T14:56:29Z</time></rtept><rtept lat="38.095841" lon="-105.589467"><ele>2920.2</ele><time>2026-04-10T14:56:29Z</time></rtept><rtept lat="38.095992" lon="-105.589844"><ele>2922.2</ele><time>2026-04-10T14:56:29Z</time></rtept><rtept lat="38.09614" lon="-105.59013"><ele>2923.6</ele><time>2026-04-10T14:56:29Z</time></rtept><rtept lat="38.096371" lon="-105.590427"><ele>2925.6</ele><time>2026-04-10T14:56:29Z</time></rtept><rtept lat="38.096654" lon="-105.59074"><ele>2925.8</ele><time>2026-04-10T14:56:29Z</time></rtept><rtept lat="38.096796" lon="-105.590977"><ele>2925.8</ele><time>2026-04-10T14:56:29Z</time></rtept><rtept lat="38.096987" lon="-105.591193"><ele>2923.4</ele><time>2026-04-10T14:56:29Z</time></rtept><rtept lat="38.097155" lon="-105.591425"><ele>2923.2</ele><time>2026-04-10T14:56:29Z</time></rtept><rtept lat="38.097247" lon="-105.591488"><ele>2923.6</ele><time>2026-04-10T14:56:29Z</time></rtept><rtept lat="38.09732" lon="-105.591531"><ele>2923.4</ele><time>2026-04-10T14:56:29Z</time></rtept><rtept lat="38.097403" lon="-105.591492"><ele>2923.8</ele><time>2026-04-10T14:56:29Z</time></rtept><rtept lat="38.097494" lon="-105.591308"><ele>2922.6</ele><time>2026-04-10T14:56:29Z</time></rtept><rtept lat="38.097677" lon="-105.591057"><ele>2920.4</ele><time>2026-04-10T14:56:29Z</time></rtept><rtept lat="38.097843" lon="-105.590865"><ele>2919.0</ele><time>2026-04-10T14:56:29Z</time></rtept><rtept lat="38.097974" lon="-105.590825"><ele>2921.2</ele><time>2026-04-10T14:56:29Z</time></rtept><rtept lat="38.098047" lon="-105.590687"><ele>2919.2</ele><time>2026-04-10T14:56:29Z</time></rtept><rtept lat="38.09814" lon="-105.590453"><ele>2917.4</ele><time>2026-04-10T14:56:29Z</time></rtept><rtept lat="38.098338" lon="-105.590251"><ele>2921.2</ele><time>2026-04-10T14:56:29Z</time></rtept><rtept lat="38.098529" lon="-105.589954"><ele>2921.6</ele><time>2026-04-10T14:56:29Z</time></rtept><rtept lat="38.098723" lon="-105.589674"><ele>2921.8</ele><time>2026-04-10T14:56:29Z</time></rtept><rtept lat="38.098851" lon="-105.589511"><ele>2922.6</ele><time>2026-04-10T14:56:29Z</time></rtept><rtept lat="38.099056" lon="-105.589456"><ele>2929.2</ele><time>2026-04-10T14:56:29Z</time></rtept><rtept lat="38.099278" lon="-105.589257"><ele>2927.8</ele><time>2026-04-10T14:56:29Z</time></rtept><rtept lat="38.099519" lon="-105.589018"><ele>2931.2</ele><time>2026-04-10T14:56:29Z</time></rtept><rtept lat="38.099746" lon="-105.588807"><ele>2930.4</ele><time>2026-04-10T14:56:29Z</time></rtept><rtept lat="38.099976" lon="-105.588698"><ele>2932.6</ele><time>2026-04-10T14:56:29Z</time></rtept><rtept lat="38.100175" lon="-105.58872"><ele>2936.6</ele><time>2026-04-10T14:56:29Z</time></rtept><rtept lat="38.100344" lon="-105.588976"><ele>2944.2</ele><time>2026-04-10T14:56:29Z</time></rtept><rtept lat="38.100598" lon="-105.58938"><ele>2948.6</ele><time>2026-04-10T14:56:29Z</time></rtept><rtept lat="38.100789" lon="-105.589652"><ele>2949.6</ele><time>2026-04-10T14:56:29Z</time></rtept><rtept lat="38.100912" lon="-105.589892"><ele>2949.0</ele><time>2026-04-10T14:56:29Z</time></rtept><rtept lat="38.100957" lon="-105.590173"><ele>2949.0</ele><time>2026-04-10T14:56:29Z</time></rtept><rtept lat="38.100951" lon="-105.590405"><ele>2951.2</ele><time>2026-04-10T14:56:29Z</time></rtept><rtept lat="38.100984" lon="-105.590519"><ele>2952.0</ele><time>2026-04-10T14:56:29Z</time></rtept><rtept lat="38.101084" lon="-105.590507"><ele>2950.6</ele><time>2026-04-10T14:56:29Z</time></rtept><rtept lat="38.101264" lon="-105.590417"><ele>2949.4</ele><time>2026-04-10T14:56:29Z</time></rtept><rtept lat="38.101506" lon="-105.590288"><ele>2952.6</ele><time>2026-04-10T14:56:29Z</time></rtept><rtept lat="38.101733" lon="-105.590212"><ele>2952.0</ele><time>2026-04-10T14:56:29Z</time></rtept><rtept lat="38.10189" lon="-105.590281"><ele>2950.6</ele><time>2026-04-10T14:56:29Z</time></rtept><rtept lat="38.10211" lon="-105.590426"><ele>2953.4</ele><time>2026-04-10T14:56:29Z</time></rtept><rtept lat="38.102241" lon="-105.59049"><ele>2958.8</ele><time>2026-04-10T14:56:29Z</time></rtept><rtept lat="38.102327" lon="-105.590368"><ele>2955.4</ele><time>2026-04-10T14:56:29Z</time></rtept><rtept lat="38.102434" lon="-105.590243"><ele>2956.4</ele><time>2026-04-10T14:56:29Z</time></rtept><rtept lat="38.102571" lon="-105.590205"><ele>2959.4</ele><time>2026-04-10T14:56:29Z</time></rtept><rtept lat="38.102766" lon="-105.590201"><ele>2963.4</ele><time>2026-04-10T14:56:29Z</time></rtept><rtept lat="38.102937" lon="-105.590198"><ele>2961.6</ele><time>2026-04-10T14:56:29Z</time></rtept><rtept lat="38.103059" lon="-105.59014"><ele>2963.0</ele><time>2026-04-10T14:56:29Z</time></rtept><rtept lat="38.103338" lon="-105.589926"><ele>2963.2</ele><time>2026-04-10T14:56:29Z</time></rtept><rtept lat="38.103551" lon="-105.58976"><ele>2960.2</ele><time>2026-04-10T14:56:29Z</time></rtept><rtept lat="38.103772" lon="-105.589641"><ele>2969.4</ele><time>2026-04-10T14:56:29Z</time></rtept><rtept lat="38.10393" lon="-105.589527"><ele>2976.6</ele><time>2026-04-10T14:56:29Z</time></rtept><rtept lat="38.104043" lon="-105.589308"><ele>2975.0</ele><time>2026-04-10T14:56:29Z</time></rtept><rtept lat="38.104204" lon="-105.588919"><ele>2972.8</ele><time>2026-04-10T14:56:29Z</time></rtept><rtept lat="38.104408" lon="-105.588492"><ele>2968.2</ele><time>2026-04-10T14:56:29Z</time></rtept><rtept lat="38.104675" lon="-105.588232"><ele>2977.4</ele><time>2026-04-10T14:56:29Z</time></rtept><rtept lat="38.104863" lon="-105.588115"><ele>2974.4</ele><time>2026-04-10T14:56:29Z</time></rtept><rtept lat="38.105022" lon="-105.58818"><ele>2975.4</ele><time>2026-04-10T14:56:29Z</time></rtept><rtept lat="38.105213" lon="-105.588327"><ele>2975.4</ele><time>2026-04-10T14:56:29Z</time></rtept><rtept lat="38.105437" lon="-105.588578"><ele>2978.4</ele><time>2026-04-10T14:56:29Z</time></rtept><rtept lat="38.105628" lon="-105.58888"><ele>2986.8</ele><time>2026-04-10T14:56:29Z</time></rtept><rtept lat="38.105805" lon="-105.588935"><ele>2991.8</ele><time>2026-04-10T14:56:29Z</time></rtept><rtept lat="38.106091" lon="-105.58893"><ele>2992.4</ele><time>2026-04-10T14:56:29Z</time></rtept><rtept lat="38.106377" lon="-105.588917"><ele>2991.6</ele><time>2026-04-10T14:56:29Z</time></rtept><rtept lat="38.106521" lon="-105.588917"><ele>2990.4</ele><time>2026-04-10T14:56:29Z</time></rtept><rtept lat="38.106608" lon="-105.588993"><ele>2989.0</ele><time>2026-04-10T14:56:29Z</time></rtept><rtept lat="38.106636" lon="-105.589152"><ele>2992.4</ele><time>2026-04-10T14:56:29Z</time></rtept><rtept lat="38.106632" lon="-105.58952"><ele>2995.8</ele><time>2026-04-10T14:56:29Z</time></rtept><rtept lat="38.106563" lon="-105.58974"><ele>2998.8</ele><time>2026-04-10T14:56:29Z</time></rtept><rtept lat="38.106378" lon="-105.590268"><ele>3004.2</ele><time>2026-04-10T14:56:29Z</time></rtept><rtept lat="38.106174" lon="-105.590798"><ele>3005.6</ele><time>2026-04-10T14:56:29Z</time></rtept><rtept lat="38.106032" lon="-105.591182"><ele>3006.2</ele><time>2026-04-10T14:56:29Z</time></rtept><rtept lat="38.105873" lon="-105.591612"><ele>3009.0</ele><time>2026-04-10T14:56:29Z</time></rtept><rtept lat="38.10577" lon="-105.591961"><ele>3011.4</ele><time>2026-04-10T14:56:29Z</time></rtept><rtept lat="38.1057" lon="-105.592319"><ele>3010.6</ele><time>2026-04-10T14:56:29Z</time></rtept><rtept lat="38.105692" lon="-105.592637"><ele>3009.8</ele><time>2026-04-10T14:56:29Z</time></rtept><rtept lat="38.105743" lon="-105.593048"><ele>3008.0</ele><time>2026-04-10T14:56:29Z</time></rtept><rtept lat="38.105766" lon="-105.59341"><ele>3012.2</ele><time>2026-04-10T14:56:29Z</time></rtept><rtept lat="38.105879" lon="-105.593666"><ele>3011.0</ele><time>2026-04-10T14:56:29Z</time></rtept><rtept lat="38.105984" lon="-105.594064"><ele>3013.8</ele><time>2026-04-10T14:56:29Z</time></rtept><rtept lat="38.106076" lon="-105.594414"><ele>3013.4</ele><time>2026-04-10T14:56:29Z</time></rtept><rtept lat="38.106188" lon="-105.594766"><ele>3012.6</ele><time>2026-04-10T14:56:29Z</time></rtept><rtept lat="38.106207" lon="-105.594917"><ele>3010.8</ele><time>2026-04-10T14:56:29Z</time></rtept><rtept lat="38.106333" lon="-105.594943"><ele>3011.4</ele><time>2026-04-10T14:56:29Z</time></rtept><rtept lat="38.106556" lon="-105.594957"><ele>3012.2</ele><time>2026-04-10T14:56:29Z</time></rtept><rtept lat="38.10687" lon="-105.594951"><ele>3012.0</ele><time>2026-04-10T14:56:29Z</time></rtept><rtept lat="38.107126" lon="-105.594949"><ele>3010.8</ele><time>2026-04-10T14:56:29Z</time></rtept><rtept lat="38.10727" lon="-105.595004"><ele>3010.6</ele><time>2026-04-10T14:56:29Z</time></rtept><rtept lat="38.107438" lon="-105.595044"><ele>3013.4</ele><time>2026-04-10T14:56:29Z</time></rtept><rtept lat="38.107714" lon="-105.595067"><ele>3013.4</ele><time>2026-04-10T14:56:29Z</time></rtept><rtept lat="38.107934" lon="-105.595075"><ele>3013.4</ele><time>2026-04-10T14:56:29Z</time></rtept><rtept lat="38.10807" lon="-105.595135"><ele>3017.6</ele><time>2026-04-10T14:56:29Z</time></rtept><rtept lat="38.108274" lon="-105.595164"><ele>3017.4</ele><time>2026-04-10T14:56:29Z</time></rtept><rtept lat="38.108445" lon="-105.595227"><ele>3021.6</ele><time>2026-04-10T14:56:29Z</time></rtept><rtept lat="38.108672" lon="-105.595262"><ele>3021.6</ele><time>2026-04-10T14:56:29Z</time></rtept><rtept lat="38.108801" lon="-105.595236"><ele>3021.6</ele><time>2026-04-10T14:56:29Z</time></rtept><rtept lat="38.108913" lon="-105.595262"><ele>3021.6</ele><time>2026-04-10T14:56:29Z</time></rtept><rtept lat="38.109132" lon="-105.595326"><ele>3024.4</ele><time>2026-04-10T14:56:29Z</time></rtept><rtept lat="38.10942" lon="-105.595362"><ele>3026.0</ele><time>2026-04-10T14:56:29Z</time></rtept><rtept lat="38.109682" lon="-105.595383"><ele>3024.6</ele><time>2026-04-10T14:56:29Z</time></rtept><rtept lat="38.109938" lon="-105.595361"><ele>3032.0</ele><time>2026-04-10T14:56:29Z</time></rtept><rtept lat="38.110155" lon="-105.595215"><ele>3030.8</ele><time>2026-04-10T14:56:29Z</time></rtept><rtept lat="38.110294" lon="-105.595089"><ele>3028.0</ele><time>2026-04-10T14:56:29Z</time></rtept><rtept lat="38.110406" lon="-105.595101"><ele>3032.2</ele><time>2026-04-10T14:56:29Z</time></rtept><rtept lat="38.110573" lon="-105.595182"><ele>3034.2</ele><time>2026-04-10T14:56:29Z</time></rtept><rtept lat="38.11075" lon="-105.595246"><ele>3034.0</ele><time>2026-04-10T14:56:29Z</time></rtept><rtept lat="38.110919" lon="-105.595373"><ele>3036.6</ele><time>2026-04-10T14:56:29Z</time></rtept><rtept lat="38.111075" lon="-105.595425"><ele>3035.6</ele><time>2026-04-10T14:56:29Z</time></rtept><rtept lat="38.111125" lon="-105.595487"><ele>3036.8</ele><time>2026-04-10T14:56:29Z</time></rtept><rtept lat="38.111156" lon="-105.595684"><ele>3038.8</ele><time>2026-04-10T14:56:29Z</time></rtept><rtept lat="38.111264" lon="-105.595794"><ele>3039.2</ele><time>2026-04-10T14:56:29Z</time></rtept><rtept lat="38.111346" lon="-105.595901"><ele>3038.6</ele><time>2026-04-10T14:56:29Z</time></rtept><rtept lat="38.111342" lon="-105.595995"><ele>3039.2</ele><time>2026-04-10T14:56:29Z</time></rtept><rtept lat="38.111394" lon="-105.596076"><ele>3039.8</ele><time>2026-04-10T14:56:29Z</time></rtept><rtept lat="38.111508" lon="-105.596153"><ele>3037.0</ele><time>2026-04-10T14:56:29Z</time></rtept><rtept lat="38.111628" lon="-105.596231"><ele>3035.8</ele><time>2026-04-10T14:56:29Z</time></rtept><rtept lat="38.111663" lon="-105.596418"><ele>3037.2</ele><time>2026-04-10T14:56:29Z</time></rtept><rtept lat="38.11167" lon="-105.59671"><ele>3039.6</ele><time>2026-04-10T14:56:29Z</time></rtept><rtept lat="38.11162" lon="-105.596907"><ele>3042.8</ele><time>2026-04-10T14:56:29Z</time></rtept><rtept lat="38.111529" lon="-105.597126"><ele>3045.8</ele><time>2026-04-10T14:56:29Z</time></rtept><rtept lat="38.111486" lon="-105.597192"><ele>3045.6</ele><time>2026-04-10T14:56:29Z</time></rtept><rtept lat="38.111471" lon="-105.59727"><ele>3045.4</ele><time>2026-04-10T14:56:29Z</time></rtept><rtept lat="38.111516" lon="-105.597321"><ele>3045.4</ele><time>2026-04-10T14:56:29Z</time></rtept><rtept lat="38.111581" lon="-105.597406"><ele>3044.2</ele><time>2026-04-10T14:56:29Z</time></rtept><rtept lat="38.111597" lon="-105.597561"><ele>3043.0</ele><time>2026-04-10T14:56:29Z</time></rtept><rtept lat="38.111527" lon="-105.597707"><ele>3042.0</ele><time>2026-04-10T14:56:29Z</time></rtept><rtept lat="38.111435" lon="-105.597825"><ele>3041.4</ele><time>2026-04-10T14:56:29Z</time></rtept><rtept lat="38.111332" lon="-105.597928"><ele>3039.2</ele><time>2026-04-10T14:56:29Z</time></rtept><rtept lat="38.111298" lon="-105.598058"><ele>3038.2</ele><time>2026-04-10T14:56:29Z</time></rtept><rtept lat="38.11131" lon="-105.598268"><ele>3036.2</ele><time>2026-04-10T14:56:29Z</time></rtept><rtept lat="38.111214" lon="-105.59847"><ele>3035.2</ele><time>2026-04-10T14:56:29Z</time></rtept><rtept lat="38.111026" lon="-105.598775"><ele>3036.2</ele><time>2026-04-10T14:56:29Z</time></rtept><rtept lat="38.110893" lon="-105.598868"><ele>3036.8</ele><time>2026-04-10T14:56:29Z</time></rtept><rtept lat="38.110731" lon="-105.598859"><ele>3037.6</ele><time>2026-04-10T14:56:29Z</time></rtept><rtept lat="38.110611" lon="-105.59883"><ele>3038.2</ele><time>2026-04-10T14:56:29Z</time></rtept><rtept lat="38.110441" lon="-105.598966"><ele>3037.2</ele><time>2026-04-10T14:56:29Z</time></rtept><rtept lat="38.110348" lon="-105.599123"><ele>3037.0</ele><time>2026-04-10T14:56:29Z</time></rtept><rtept lat="38.110255" lon="-105.599171"><ele>3036.8</ele><time>2026-04-10T14:56:29Z</time></rtept><rtept lat="38.110205" lon="-105.599271"><ele>3036.4</ele><time>2026-04-10T14:56:29Z</time></rtept><rtept lat="38.11011" lon="-105.59934"><ele>3036.2</ele><time>2026-04-10T14:56:29Z</time></rtept><rtept lat="38.109952" lon="-105.599362"><ele>3036.4</ele><time>2026-04-10T14:56:29Z</time></rtept><rtept lat="38.109648" lon="-105.599419"><ele>3035.8</ele><time>2026-04-10T14:56:29Z</time></rtept><rtept lat="38.109599" lon="-105.599477"><ele>3035.4</ele><time>2026-04-10T14:56:29Z</time></rtept><rtept lat="38.109615" lon="-105.599544"><ele>3035.4</ele><time>2026-04-10T14:56:29Z</time></rtept><rtept lat="38.109668" lon="-105.599686"><ele>3035.6</ele><time>2026-04-10T14:56:29Z</time></rtept><rtept lat="38.109644" lon="-105.599812"><ele>3036.2</ele><time>2026-04-10T14:56:29Z</time></rtept><rtept lat="38.109689" lon="-105.600011"><ele>3036.6</ele><time>2026-04-10T14:56:29Z</time></rtept><rtept lat="38.109669" lon="-105.600157"><ele>3036.4</ele><time>2026-04-10T14:56:29Z</time></rtept><rtept lat="38.109575" lon="-105.600246"><ele>3037.0</ele><time>2026-04-10T14:56:29Z</time></rtept><rtept lat="38.109508" lon="-105.600345"><ele>3037.6</ele><time>2026-04-10T14:56:29Z</time></rtept><rtept lat="38.109529" lon="-105.600526"><ele>3037.0</ele><time>2026-04-10T14:56:29Z</time></rtept><rtept lat="38.109482" lon="-105.600613"><ele>3037.6</ele><time>2026-04-10T14:56:29Z</time></rtept><rtept lat="38.109307" lon="-105.60084"><ele>3038.2</ele><time>2026-04-10T14:56:29Z</time></rtept><rtept lat="38.109176" lon="-105.600975"><ele>3037.8</ele><time>2026-04-10T14:56:29Z</time></rtept><rtept lat="38.109117" lon="-105.600983"><ele>3037.8</ele><time>2026-04-10T14:56:29Z</time></rtept><rtept lat="38.108994" lon="-105.600944"><ele>3037.8</ele><time>2026-04-10T14:56:29Z</time></rtept><rtept lat="38.108933" lon="-105.600942"><ele>3037.8</ele><time>2026-04-10T14:56:29Z</time></rtept><rtept lat="38.108808" lon="-105.600958"><ele>3037.4</ele><time>2026-04-10T14:56:29Z</time></rtept><rtept lat="38.108687" lon="-105.600995"><ele>3037.0</ele><time>2026-04-10T14:56:29Z</time></rtept><rtept lat="38.108574" lon="-105.601029"><ele>3036.0</ele><time>2026-04-10T14:56:29Z</time></rtept><rtept lat="38.108439" lon="-105.601122"><ele>3035.4</ele><time>2026-04-10T14:56:29Z</time></rtept><rtept lat="38.108413" lon="-105.601177"><ele>3036.0</ele><time>2026-04-10T14:56:29Z</time></rtept><rtept lat="38.108432" lon="-105.60128"><ele>3032.4</ele><time>2026-04-10T14:56:29Z</time></rtept><rtept lat="38.108433" lon="-105.60129"><ele>3032.4</ele><time>2026-04-10T14:56:29Z</time></rtept><rtept lat="38.108507" lon="-105.601382"><ele>3031.8</ele><time>2026-04-10T14:56:29Z</time></rtept><rtept lat="38.10869" lon="-105.601311"><ele>3031.8</ele><time>2026-04-10T14:56:29Z</time></rtept><rtept lat="38.108858" lon="-105.601237"><ele>3032.0</ele><time>2026-04-10T14:56:29Z</time></rtept><rtept lat="38.108967" lon="-105.601238"><ele>3031.0</ele><time>2026-04-10T14:56:29Z</time></rtept><rtept lat="38.109026" lon="-105.601373"><ele>3031.2</ele><time>2026-04-10T14:56:29Z</time></rtept><rtept lat="38.109278" lon="-105.601338"><ele>3030.0</ele><time>2026-04-10T14:56:29Z</time></rtept><rtept lat="38.109456" lon="-105.601234"><ele>3029.4</ele><time>2026-04-10T14:56:29Z</time></rtept><rtept lat="38.109456" lon="-105.601234"><ele>3029.4</ele><time>2026-04-10T14:56:29Z</time></rtept><rtept lat="38.109505" lon="-105.601205"><ele>3029.4</ele><time>2026-04-10T14:56:29Z</time></rtept><rtept lat="38.10971" lon="-105.601135"><ele>3029.0</ele><time>2026-04-10T14:56:29Z</time></rtept><rtept lat="38.110192" lon="-105.601036"><ele>3027.4</ele><time>2026-04-10T14:56:29Z</time></rtept><rtept lat="38.110432" lon="-105.600904"><ele>3025.8</ele><time>2026-04-10T14:56:29Z</time></rtept><rtept lat="38.110582" lon="-105.600836"><ele>3025.2</ele><time>2026-04-10T14:56:29Z</time></rtept><rtept lat="38.110919" lon="-105.600817"><ele>3022.4</ele><time>2026-04-10T14:56:29Z</time></rtept><rtept lat="38.111391" lon="-105.600843"><ele>3014.6</ele><time>2026-04-10T14:56:29Z</time></rtept><rtept lat="38.11213" lon="-105.600611"><ele>3000.2</ele><time>2026-04-10T14:56:29Z</time></rtept><rtept lat="38.112263" lon="-105.600648"><ele>2998.8</ele><time>2026-04-10T14:56:29Z</time></rtept><rtept lat="38.112545" lon="-105.600726"><ele>2996.0</ele><time>2026-04-10T14:56:29Z</time></rtept><rtept lat="38.112911" lon="-105.600636"><ele>2991.0</ele><time>2026-04-10T14:56:29Z</time></rtept><rtept lat="38.113294" lon="-105.600554"><ele>2986.8</ele><time>2026-04-10T14:56:29Z</time></rtept><rtept lat="38.113436" lon="-105.600387"><ele>2983.2</ele><time>2026-04-10T14:56:29Z</time></rtept><rtept lat="38.113513" lon="-105.600339"><ele>2982.8</ele><time>2026-04-10T14:56:29Z</time></rtept><rtept lat="38.113758" lon="-105.600178"><ele>2978.6</ele><time>2026-04-10T14:56:29Z</time></rtept><rtept lat="38.11396" lon="-105.600114"><ele>2975.4</ele><time>2026-04-10T14:56:29Z</time></rtept><rtept lat="38.114364" lon="-105.600062"><ele>2971.2</ele><time>2026-04-10T14:56:29Z</time></rtept><rtept lat="38.115456" lon="-105.599848"><ele>2964.0</ele><time>2026-04-10T14:56:29Z</time></rtept><rtept lat="38.115807" lon="-105.599805"><ele>2965.0</ele><time>2026-04-10T14:56:29Z</time></rtept><rtept lat="38.116002" lon="-105.599739"><ele>2965.6</ele><time>2026-04-10T14:56:29Z</time></rtept><rtept lat="38.116149" lon="-105.599638"><ele>2963.4</ele><time>2026-04-10T14:56:29Z</time></rtept><rtept lat="38.116307" lon="-105.599449"><ele>2958.6</ele><time>2026-04-10T14:56:29Z</time></rtept><rtept lat="38.11666" lon="-105.599001"><ele>2952.4</ele><time>2026-04-10T14:56:29Z</time></rtept><rtept lat="38.116948" lon="-105.598896"><ele>2950.0</ele><time>2026-04-10T14:56:29Z</time></rtept><rtept lat="38.117076" lon="-105.598788"><ele>2946.6</ele><time>2026-04-10T14:56:29Z</time></rtept><rtept lat="38.117172" lon="-105.598739"><ele>2944.4</ele><time>2026-04-10T14:56:29Z</time></rtept><rtept lat="38.117229" lon="-105.598747"><ele>2944.2</ele><time>2026-04-10T14:56:29Z</time></rtept><rtept lat="38.11727" lon="-105.598819"><ele>2945.4</ele><time>2026-04-10T14:56:29Z</time></rtept><rtept lat="38.117286" lon="-105.599028"><ele>2946.8</ele><time>2026-04-10T14:56:29Z</time></rtept><rtept lat="38.117342" lon="-105.599146"><ele>2947.4</ele><time>2026-04-10T14:56:29Z</time></rtept><rtept lat="38.117429" lon="-105.599201"><ele>2947.2</ele><time>2026-04-10T14:56:29Z</time></rtept><rtept lat="38.117523" lon="-105.599218"><ele>2948.0</ele><time>2026-04-10T14:56:29Z</time></rtept><rtept lat="38.117624" lon="-105.599195"><ele>2947.6</ele><time>2026-04-10T14:56:29Z</time></rtept><rtept lat="38.117828" lon="-105.599064"><ele>2947.2</ele><time>2026-04-10T14:56:29Z</time></rtept><rtept lat="38.118026" lon="-105.598993"><ele>2946.2</ele><time>2026-04-10T14:56:29Z</time></rtept><rtept lat="38.118532" lon="-105.598889"><ele>2945.4</ele><time>2026-04-10T14:56:29Z</time></rtept><rtept lat="38.118694" lon="-105.598919"><ele>2945.4</ele><time>2026-04-10T14:56:29Z</time></rtept><rtept lat="38.118772" lon="-105.599068"><ele>2948.2</ele><time>2026-04-10T14:56:29Z</time></rtept><rtept lat="38.11886" lon="-105.599044"><ele>2948.2</ele><time>2026-04-10T14:56:29Z</time></rtept><rtept lat="38.118926" lon="-105.598967"><ele>2947.0</ele><time>2026-04-10T14:56:29Z</time></rtept><rtept lat="38.118956" lon="-105.59891"><ele>2946.0</ele><time>2026-04-10T14:56:29Z</time></rtept><rtept lat="38.118956" lon="-105.59891"><ele>2946.0</ele><time>2026-04-10T14:56:29Z</time></rtept><rtept lat="38.118926" lon="-105.598967"><ele>2947.0</ele><time>2026-04-10T14:56:29Z</time></rtept><rtept lat="38.11886" lon="-105.599044"><ele>2948.2</ele><time>2026-04-10T14:56:29Z</time></rtept><rtept lat="38.118772" lon="-105.599068"><ele>2948.2</ele><time>2026-04-10T14:56:29Z</time></rtept><rtept lat="38.118694" lon="-105.598919"><ele>2945.4</ele><time>2026-04-10T14:56:29Z</time></rtept><rtept lat="38.118532" lon="-105.598889"><ele>2945.4</ele><time>2026-04-10T14:56:29Z</time></rtept><rtept lat="38.118608" lon="-105.599067"><ele>2948.4</ele><time>2026-04-10T14:56:29Z</time></rtept><rtept lat="38.118634" lon="-105.599264"><ele>2951.8</ele><time>2026-04-10T14:56:29Z</time></rtept><rtept lat="38.118687" lon="-105.599363"><ele>2953.8</ele><time>2026-04-10T14:56:29Z</time></rtept><rtept lat="38.11883" lon="-105.599383"><ele>2953.0</ele><time>2026-04-10T14:56:29Z</time></rtept><rtept lat="38.119027" lon="-105.599268"><ele>2951.0</ele><time>2026-04-10T14:56:29Z</time></rtept><rtept lat="38.119247" lon="-105.599131"><ele>2955.0</ele><time>2026-04-10T14:56:29Z</time></rtept><rtept lat="38.11943" lon="-105.598935"><ele>2954.0</ele><time>2026-04-10T14:56:29Z</time></rtept><rtept lat="38.119595" lon="-105.59871"><ele>2961.8</ele><time>2026-04-10T14:56:29Z</time></rtept><rtept lat="38.119744" lon="-105.598505"><ele>2964.0</ele><time>2026-04-10T14:56:29Z</time></rtept><rtept lat="38.119798" lon="-105.59832"><ele>2964.4</ele><time>2026-04-10T14:56:29Z</time></rtept><rtept lat="38.119871" lon="-105.598067"><ele>2963.8</ele><time>2026-04-10T14:56:29Z</time></rtept><rtept lat="38.119966" lon="-105.598007"><ele>2964.2</ele><time>2026-04-10T14:56:29Z</time></rtept><rtept lat="38.120019" lon="-105.598024"><ele>2966.4</ele><time>2026-04-10T14:56:29Z</time></rtept><rtept lat="38.120069" lon="-105.598096"><ele>2966.6</ele><time>2026-04-10T14:56:29Z</time></rtept><rtept lat="38.12008" lon="-105.598226"><ele>2967.4</ele><time>2026-04-10T14:56:29Z</time></rtept><rtept lat="38.120138" lon="-105.598353"><ele>2966.4</ele><time>2026-04-10T14:56:29Z</time></rtept><rtept lat="38.120198" lon="-105.59862"><ele>2967.0</ele><time>2026-04-10T14:56:29Z</time></rtept><rtept lat="38.120253" lon="-105.598696"><ele>2965.2</ele><time>2026-04-10T14:56:29Z</time></rtept><rtept lat="38.120347" lon="-105.598747"><ele>2963.6</ele><time>2026-04-10T14:56:29Z</time></rtept><rtept lat="38.120374" lon="-105.598825"><ele>2963.6</ele><time>2026-04-10T14:56:29Z</time></rtept><rtept lat="38.120366" lon="-105.598884"><ele>2963.6</ele><time>2026-04-10T14:56:29Z</time></rtept><rtept lat="38.120283" lon="-105.599297"><ele>2964.2</ele><time>2026-04-10T14:56:29Z</time></rtept><rtept lat="38.120301" lon="-105.599438"><ele>2961.8</ele><time>2026-04-10T14:56:29Z</time></rtept><rtept lat="38.120147" lon="-105.599979"><ele>2957.6</ele><time>2026-04-10T14:56:29Z</time></rtept><rtept lat="38.120076" lon="-105.600142"><ele>2956.2</ele><time>2026-04-10T14:56:29Z</time></rtept><rtept lat="38.120011" lon="-105.600424"><ele>2950.2</ele><time>2026-04-10T14:56:29Z</time></rtept><rtept lat="38.120017" lon="-105.600602"><ele>2946.0</ele><time>2026-04-10T14:56:29Z</time></rtept><rtept lat="38.120002" lon="-105.60067"><ele>2946.0</ele><time>2026-04-10T14:56:29Z</time></rtept><rtept lat="38.120037" lon="-105.600726"><ele>2944.4</ele><time>2026-04-10T14:56:29Z</time></rtept><rtept lat="38.120141" lon="-105.600693"><ele>2940.2</ele><time>2026-04-10T14:56:29Z</time></rtept><rtept lat="38.120237" lon="-105.600621"><ele>2939.4</ele><time>2026-04-10T14:56:29Z</time></rtept><rtept lat="38.120597" lon="-105.600252"><ele>2935.0</ele><time>2026-04-10T14:56:29Z</time></rtept><rtept lat="38.120729" lon="-105.600054"><ele>2934.6</ele><time>2026-04-10T14:56:29Z</time></rtept><rtept lat="38.121217" lon="-105.599223"><ele>2927.6</ele><time>2026-04-10T14:56:29Z</time></rtept><rtept lat="38.121645" lon="-105.598581"><ele>2924.8</ele><time>2026-04-10T14:56:29Z</time></rtept><rtept lat="38.121993" lon="-105.598199"><ele>2918.2</ele><time>2026-04-10T14:56:29Z</time></rtept><rtept lat="38.12235" lon="-105.598007"><ele>2908.8</ele><time>2026-04-10T14:56:29Z</time></rtept><rtept lat="38.1226" lon="-105.597923"><ele>2905.4</ele><time>2026-04-10T14:56:29Z</time></rtept><rtept lat="38.122683" lon="-105.597849"><ele>2906.6</ele><time>2026-04-10T14:56:29Z</time></rtept><rtept lat="38.122756" lon="-105.597841"><ele>2907.0</ele><time>2026-04-10T14:56:29Z</time></rtept><rtept lat="38.122848" lon="-105.597933"><ele>2906.8</ele><time>2026-04-10T14:56:29Z</time></rtept><rtept lat="38.123005" lon="-105.598413"><ele>2898.8</ele><time>2026-04-10T14:56:29Z</time></rtept><rtept lat="38.123236" lon="-105.598801"><ele>2890.4</ele><time>2026-04-10T14:56:29Z</time></rtept><rtept lat="38.123425" lon="-105.598997"><ele>2891.6</ele><time>2026-04-10T14:56:29Z</time></rtept><rtept lat="38.123534" lon="-105.599041"><ele>2892.2</ele><time>2026-04-10T14:56:29Z</time></rtept><rtept lat="38.123734" lon="-105.599013"><ele>2886.4</ele><time>2026-04-10T14:56:29Z</time></rtept><rtept lat="38.123993" lon="-105.599057"><ele>2880.2</ele><time>2026-04-10T14:56:29Z</time></rtept><rtept lat="38.124054" lon="-105.599189"><ele>2878.4</ele><time>2026-04-10T14:56:29Z</time></rtept><rtept lat="38.124121" lon="-105.59941"><ele>2876.4</ele><time>2026-04-10T14:56:29Z</time></rtept><rtept lat="38.124099" lon="-105.59974"><ele>2874.8</ele><time>2026-04-10T14:56:29Z</time></rtept><rtept lat="38.124004" lon="-105.599985"><ele>2876.4</ele><time>2026-04-10T14:56:29Z</time></rtept><rtept lat="38.123942" lon="-105.600228"><ele>2876.8</ele><time>2026-04-10T14:56:29Z</time></rtept><rtept lat="38.123933" lon="-105.60043"><ele>2874.8</ele><time>2026-04-10T14:56:29Z</time></rtept><rtept lat="38.123943" lon="-105.600518"><ele>2874.0</ele><time>2026-04-10T14:56:29Z</time></rtept><rtept lat="38.123892" lon="-105.60065"><ele>2873.4</ele><time>2026-04-10T14:56:29Z</time></rtept><rtept lat="38.123907" lon="-105.600799"><ele>2872.4</ele><time>2026-04-10T14:56:29Z</time></rtept><rtept lat="38.123948" lon="-105.600846"><ele>2872.6</ele><time>2026-04-10T14:56:29Z</time></rtept><rtept lat="38.123934" lon="-105.60097"><ele>2874.2</ele><time>2026-04-10T14:56:29Z</time></rtept><rtept lat="38.123863" lon="-105.60105"><ele>2875.0</ele><time>2026-04-10T14:56:29Z</time></rtept><rtept lat="38.123819" lon="-105.601053"><ele>2874.2</ele><time>2026-04-10T14:56:29Z</time></rtept><rtept lat="38.123741" lon="-105.601176"><ele>2874.6</ele><time>2026-04-10T14:56:29Z</time></rtept><rtept lat="38.123626" lon="-105.601369"><ele>2877.2</ele><time>2026-04-10T14:56:29Z</time></rtept><rtept lat="38.123549" lon="-105.601528"><ele>2876.0</ele><time>2026-04-10T14:56:29Z</time></rtept><rtept lat="38.123558" lon="-105.601577"><ele>2879.6</ele><time>2026-04-10T14:56:29Z</time></rtept><rtept lat="38.123597" lon="-105.601589"><ele>2879.6</ele><time>2026-04-10T14:56:29Z</time></rtept><rtept lat="38.123751" lon="-105.601491"><ele>2884.2</ele><time>2026-04-10T14:56:29Z</time></rtept><rtept lat="38.123927" lon="-105.601417"><ele>2892.4</ele><time>2026-04-10T14:56:29Z</time></rtept><rtept lat="38.123958" lon="-105.601393"><ele>2894.8</ele><time>2026-04-10T14:56:29Z</time></rtept><rtept lat="38.123958" lon="-105.601393"><ele>2894.8</ele><time>2026-04-10T14:56:29Z</time></rtept><rtept lat="38.124065" lon="-105.601312"><ele>2894.2</ele><time>2026-04-10T14:56:29Z</time></rtept><rtept lat="38.124146" lon="-105.601129"><ele>2890.6</ele><time>2026-04-10T14:56:29Z</time></rtept><rtept lat="38.124204" lon="-105.601038"><ele>2889.2</ele><time>2026-04-10T14:56:29Z</time></rtept><rtept lat="38.124354" lon="-105.600974"><ele>2890.2</ele><time>2026-04-10T14:56:29Z</time></rtept><rtept lat="38.124806" lon="-105.60054"><ele>2889.0</ele><time>2026-04-10T14:56:29Z</time></rtept><rtept lat="38.125084" lon="-105.600328"><ele>2888.4</ele><time>2026-04-10T14:56:29Z</time></rtept><rtept lat="38.125251" lon="-105.600202"><ele>2890.6</ele><time>2026-04-10T14:56:29Z</time></rtept><rtept lat="38.125432" lon="-105.599901"><ele>2885.4</ele><time>2026-04-10T14:56:29Z</time></rtept><rtept lat="38.125538" lon="-105.59931"><ele>2875.6</ele><time>2026-04-10T14:56:29Z</time></rtept><rtept lat="38.125546" lon="-105.599075"><ele>2868.6</ele><time>2026-04-10T14:56:29Z</time></rtept><rtept lat="38.12547" lon="-105.59893"><ele>2864.4</ele><time>2026-04-10T14:56:29Z</time></rtept><rtept lat="38.125488" lon="-105.5988"><ele>2863.4</ele><time>2026-04-10T14:56:29Z</time></rtept><rtept lat="38.125552" lon="-105.598722"><ele>2863.4</ele><time>2026-04-10T14:56:29Z</time></rtept><rtept lat="38.125816" lon="-105.59856"><ele>2864.6</ele><time>2026-04-10T14:56:29Z</time></rtept><rtept lat="38.125976" lon="-105.598447"><ele>2864.8</ele><time>2026-04-10T14:56:29Z</time></rtept><rtept lat="38.12603" lon="-105.598343"><ele>2864.0</ele><time>2026-04-10T14:56:29Z</time></rtept><rtept lat="38.126074" lon="-105.598206"><ele>2863.6</ele><time>2026-04-10T14:56:29Z</time></rtept><rtept lat="38.12628" lon="-105.597932"><ele>2860.6</ele><time>2026-04-10T14:56:29Z</time></rtept><rtept lat="38.126422" lon="-105.5978"><ele>2854.2</ele><time>2026-04-10T14:56:29Z</time></rtept><rtept lat="38.126512" lon="-105.5977"><ele>2853.2</ele><time>2026-04-10T14:56:29Z</time></rtept><rtept lat="38.126657" lon="-105.597759"><ele>2856.2</ele><time>2026-04-10T14:56:29Z</time></rtept><rtept lat="38.126818" lon="-105.597805"><ele>2855.2</ele><time>2026-04-10T14:56:29Z</time></rtept><rtept lat="38.127012" lon="-105.597815"><ele>2853.2</ele><time>2026-04-10T14:56:29Z</time></rtept><rtept lat="38.127233" lon="-105.597748"><ele>2849.0</ele><time>2026-04-10T14:56:29Z</time></rtept><rtept lat="38.127486" lon="-105.597721"><ele>2848.0</ele><time>2026-04-10T14:56:29Z</time></rtept><rtept lat="38.127695" lon="-105.597743"><ele>2847.8</ele><time>2026-04-10T14:56:29Z</time></rtept><rtept lat="38.127775" lon="-105.597839"><ele>2849.4</ele><time>2026-04-10T14:56:29Z</time></rtept><rtept lat="38.127894" lon="-105.59785"><ele>2848.2</ele><time>2026-04-10T14:56:29Z</time></rtept><rtept lat="38.128035" lon="-105.597856"><ele>2845.0</ele><time>2026-04-10T14:56:29Z</time></rtept><rtept lat="38.128221" lon="-105.597955"><ele>2843.8</ele><time>2026-04-10T14:56:29Z</time></rtept><rtept lat="38.128406" lon="-105.598073"><ele>2846.6</ele><time>2026-04-10T14:56:29Z</time></rtept><rtept lat="38.128721" lon="-105.598236"><ele>2854.0</ele><time>2026-04-10T14:56:29Z</time></rtept><rtept lat="38.129046" lon="-105.598341"><ele>2857.2</ele><time>2026-04-10T14:56:29Z</time></rtept><rtept lat="38.12911" lon="-105.598369"><ele>2860.0</ele><time>2026-04-10T14:56:29Z</time></rtept><rtept lat="38.12911" lon="-105.598369"><ele>2860.0</ele><time>2026-04-10T14:56:29Z</time></rtept><rtept lat="38.129244" lon="-105.598429"><ele>2859.4</ele><time>2026-04-10T14:56:29Z</time></rtept><rtept lat="38.129491" lon="-105.59855"><ele>2861.8</ele><time>2026-04-10T14:56:29Z</time></rtept><rtept lat="38.129628" lon="-105.598596"><ele>2859.2</ele><time>2026-04-10T14:56:29Z</time></rtept><rtept lat="38.129873" lon="-105.598725"><ele>2855.8</ele><time>2026-04-10T14:56:29Z</time></rtept><rtept lat="38.130046" lon="-105.598923"><ele>2853.2</ele><time>2026-04-10T14:56:29Z</time></rtept><rtept lat="38.130071" lon="-105.599114"><ele>2857.0</ele><time>2026-04-10T14:56:29Z</time></rtept><rtept lat="38.130219" lon="-105.599315"><ele>2857.8</ele><time>2026-04-10T14:56:29Z</time></rtept><rtept lat="38.130246" lon="-105.599476"><ele>2858.6</ele><time>2026-04-10T14:56:29Z</time></rtept><rtept lat="38.130348" lon="-105.599725"><ele>2859.4</ele><time>2026-04-10T14:56:29Z</time></rtept><rtept lat="38.130392" lon="-105.599972"><ele>2861.4</ele><time>2026-04-10T14:56:29Z</time></rtept><rtept lat="38.130432" lon="-105.600173"><ele>2864.4</ele><time>2026-04-10T14:56:29Z</time></rtept><rtept lat="38.130449" lon="-105.600358"><ele>2862.0</ele><time>2026-04-10T14:56:29Z</time></rtept><rtept lat="38.130516" lon="-105.600562"><ele>2858.4</ele><time>2026-04-10T14:56:29Z</time></rtept><rtept lat="38.130556" lon="-105.601042"><ele>2857.4</ele><time>2026-04-10T14:56:29Z</time></rtept><rtept lat="38.130586" lon="-105.601316"><ele>2851.8</ele><time>2026-04-10T14:56:29Z</time></rtept><rtept lat="38.130584" lon="-105.601474"><ele>2849.4</ele><time>2026-04-10T14:56:29Z</time></rtept><rtept lat="38.130618" lon="-105.601552"><ele>2848.2</ele><time>2026-04-10T14:56:29Z</time></rtept><rtept lat="38.130685" lon="-105.601546"><ele>2843.8</ele><time>2026-04-10T14:56:29Z</time></rtept><rtept lat="38.130774" lon="-105.601417"><ele>2841.8</ele><time>2026-04-10T14:56:29Z</time></rtept><rtept lat="38.130866" lon="-105.601262"><ele>2838.0</ele><time>2026-04-10T14:56:29Z</time></rtept><rtept lat="38.130898" lon="-105.601262"><ele>2838.0</ele><time>2026-04-10T14:56:29Z</time></rtept><rtept lat="38.130966" lon="-105.601385"><ele>2835.6</ele><time>2026-04-10T14:56:29Z</time></rtept><rtept lat="38.131215" lon="-105.601375"><ele>2839.2</ele><time>2026-04-10T14:56:29Z</time></rtept><rtept lat="38.131411" lon="-105.601211"><ele>2840.0</ele><time>2026-04-10T14:56:29Z</time></rtept><rtept lat="38.131512" lon="-105.600994"><ele>2836.0</ele><time>2026-04-10T14:56:29Z</time></rtept><rtept lat="38.131734" lon="-105.600707"><ele>2836.8</ele><time>2026-04-10T14:56:29Z</time></rtept><rtept lat="38.131911" lon="-105.600578"><ele>2836.0</ele><time>2026-04-10T14:56:29Z</time></rtept><rtept lat="38.132082" lon="-105.600433"><ele>2837.8</ele><time>2026-04-10T14:56:29Z</time></rtept><rtept lat="38.13221" lon="-105.600439"><ele>2838.8</ele><time>2026-04-10T14:56:29Z</time></rtept><rtept lat="38.132265" lon="-105.600471"><ele>2839.0</ele><time>2026-04-10T14:56:29Z</time></rtept><rtept lat="38.132341" lon="-105.600586"><ele>2842.2</ele><time>2026-04-10T14:56:29Z</time></rtept><rtept lat="38.132556" lon="-105.600809"><ele>2841.8</ele><time>2026-04-10T14:56:29Z</time></rtept><rtept lat="38.132727" lon="-105.600943"><ele>2840.6</ele><time>2026-04-10T14:56:29Z</time></rtept><rtept lat="38.132803" lon="-105.601004"><ele>2837.0</ele><time>2026-04-10T14:56:29Z</time></rtept><rtept lat="38.132871" lon="-105.600978"><ele>2834.6</ele><time>2026-04-10T14:56:29Z</time></rtept><rtept lat="38.132862" lon="-105.600913"><ele>2835.6</ele><time>2026-04-10T14:56:29Z</time></rtept><rtept lat="38.132776" lon="-105.600575"><ele>2832.0</ele><time>2026-04-10T14:56:29Z</time></rtept><rtept lat="38.132763" lon="-105.600396"><ele>2829.6</ele><time>2026-04-10T14:56:29Z</time></rtept><rtept lat="38.132803" lon="-105.600216"><ele>2826.8</ele><time>2026-04-10T14:56:29Z</time></rtept><rtept lat="38.132833" lon="-105.600117"><ele>2825.8</ele><time>2026-04-10T14:56:29Z</time></rtept><rtept lat="38.132913" lon="-105.600197"><ele>2826.0</ele><time>2026-04-10T14:56:29Z</time></rtept><rtept lat="38.132945" lon="-105.600353"><ele>2826.8</ele><time>2026-04-10T14:56:29Z</time></rtept><rtept lat="38.133021" lon="-105.600565"><ele>2827.0</ele><time>2026-04-10T14:56:29Z</time></rtept><rtept lat="38.133088" lon="-105.600723"><ele>2827.0</ele><time>2026-04-10T14:56:29Z</time></rtept><rtept lat="38.133171" lon="-105.600838"><ele>2826.4</ele><time>2026-04-10T14:56:29Z</time></rtept><rtept lat="38.133278" lon="-105.600959"><ele>2824.4</ele><time>2026-04-10T14:56:29Z</time></rtept><rtept lat="38.133421" lon="-105.601117"><ele>2826.4</ele><time>2026-04-10T14:56:29Z</time></rtept><rtept lat="38.133664" lon="-105.601125"><ele>2825.8</ele><time>2026-04-10T14:56:29Z</time></rtept><rtept lat="38.133812" lon="-105.601163"><ele>2825.2</ele><time>2026-04-10T14:56:29Z</time></rtept><rtept lat="38.134046" lon="-105.601275"><ele>2827.0</ele><time>2026-04-10T14:56:29Z</time></rtept><rtept lat="38.134225" lon="-105.601359"><ele>2827.6</ele><time>2026-04-10T14:56:29Z</time></rtept><rtept lat="38.134436" lon="-105.601415"><ele>2827.0</ele><time>2026-04-10T14:56:29Z</time></rtept><rtept lat="38.134715" lon="-105.601375"><ele>2821.8</ele><time>2026-04-10T14:56:29Z</time></rtept><rtept lat="38.134907" lon="-105.601498"><ele>2820.0</ele><time>2026-04-10T14:56:29Z</time></rtept><rtept lat="38.135177" lon="-105.601549"><ele>2817.0</ele><time>2026-04-10T14:56:29Z</time></rtept><rtept lat="38.135289" lon="-105.601646"><ele>2817.6</ele><time>2026-04-10T14:56:29Z</time></rtept><rtept lat="38.135364" lon="-105.601715"><ele>2818.2</ele><time>2026-04-10T14:56:29Z</time></rtept><rtept lat="38.135443" lon="-105.601766"><ele>2816.2</ele><time>2026-04-10T14:56:29Z</time></rtept><rtept lat="38.135501" lon="-105.601687"><ele>2814.4</ele><time>2026-04-10T14:56:29Z</time></rtept><rtept lat="38.135567" lon="-105.60151"><ele>2810.4</ele><time>2026-04-10T14:56:29Z</time></rtept><rtept lat="38.135651" lon="-105.601487"><ele>2813.2</ele><time>2026-04-10T14:56:29Z</time></rtept><rtept lat="38.135705" lon="-105.601469"><ele>2815.4</ele><time>2026-04-10T14:56:29Z</time></rtept><rtept lat="38.135871" lon="-105.601317"><ele>2816.2</ele><time>2026-04-10T14:56:29Z</time></rtept><rtept lat="38.136031" lon="-105.601031"><ele>2815.2</ele><time>2026-04-10T14:56:29Z</time></rtept><rtept lat="38.136085" lon="-105.600971"><ele>2815.8</ele><time>2026-04-10T14:56:29Z</time></rtept><rtept lat="38.136261" lon="-105.600786"><ele>2817.6</ele><time>2026-04-10T14:56:29Z</time></rtept><rtept lat="38.136324" lon="-105.600793"><ele>2817.8</ele><time>2026-04-10T14:56:29Z</time></rtept><rtept lat="38.136442" lon="-105.600842"><ele>2816.8</ele><time>2026-04-10T14:56:29Z</time></rtept><rtept lat="38.136695" lon="-105.60111"><ele>2818.2</ele><time>2026-04-10T14:56:29Z</time></rtept><rtept lat="38.136858" lon="-105.601297"><ele>2818.8</ele><time>2026-04-10T14:56:29Z</time></rtept><rtept lat="38.137059" lon="-105.601528"><ele>2820.2</ele><time>2026-04-10T14:56:29Z</time></rtept><rtept lat="38.137168" lon="-105.60156"><ele>2821.8</ele><time>2026-04-10T14:56:29Z</time></rtept><rtept lat="38.137483" lon="-105.60173"><ele>2817.4</ele><time>2026-04-10T14:56:29Z</time></rtept><rtept lat="38.13765" lon="-105.601895"><ele>2818.2</ele><time>2026-04-10T14:56:29Z</time></rtept><rtept lat="38.137775" lon="-105.602079"><ele>2818.4</ele><time>2026-04-10T14:56:29Z</time></rtept><rtept lat="38.137956" lon="-105.602291"><ele>2817.4</ele><time>2026-04-10T14:56:29Z</time></rtept><rtept lat="38.138077" lon="-105.602312"><ele>2819.0</ele><time>2026-04-10T14:56:29Z</time></rtept><rtept lat="38.138279" lon="-105.602203"><ele>2818.8</ele><time>2026-04-10T14:56:29Z</time></rtept><rtept lat="38.138382" lon="-105.602081"><ele>2818.2</ele><time>2026-04-10T14:56:29Z</time></rtept><rtept lat="38.138443" lon="-105.601888"><ele>2816.6</ele><time>2026-04-10T14:56:29Z</time></rtept><rtept lat="38.138597" lon="-105.601836"><ele>2816.4</ele><time>2026-04-10T14:56:29Z</time></rtept><rtept lat="38.138832" lon="-105.601864"><ele>2817.4</ele><time>2026-04-10T14:56:29Z</time></rtept><rtept lat="38.138974" lon="-105.60195"><ele>2818.4</ele><time>2026-04-10T14:56:29Z</time></rtept><rtept lat="38.139149" lon="-105.602089"><ele>2820.0</ele><time>2026-04-10T14:56:29Z</time></rtept><rtept lat="38.139315" lon="-105.602109"><ele>2819.4</ele><time>2026-04-10T14:56:29Z</time></rtept><rtept lat="38.139379" lon="-105.602097"><ele>2819.0</ele><time>2026-04-10T14:56:29Z</time></rtept><rtept lat="38.139571" lon="-105.602114"><ele>2819.8</ele><time>2026-04-10T14:56:29Z</time></rtept><rtept lat="38.13971" lon="-105.602076"><ele>2821.6</ele><time>2026-04-10T14:56:29Z</time></rtept><rtept lat="38.139783" lon="-105.602072"><ele>2822.4</ele><time>2026-04-10T14:56:29Z</time></rtept><rtept lat="38.139851" lon="-105.602052"><ele>2823.2</ele><time>2026-04-10T14:56:29Z</time></rtept><rtept lat="38.139967" lon="-105.602033"><ele>2823.2</ele><time>2026-04-10T14:56:29Z</time></rtept><rtept lat="38.140048" lon="-105.601973"><ele>2824.0</ele><time>2026-04-10T14:56:29Z</time></rtept><rtept lat="38.140103" lon="-105.601947"><ele>2823.2</ele><time>2026-04-10T14:56:29Z</time></rtept><rtept lat="38.140175" lon="-105.601949"><ele>2823.8</ele><time>2026-04-10T14:56:29Z</time></rtept><rtept lat="38.140248" lon="-105.601938"><ele>2824.6</ele><time>2026-04-10T14:56:29Z</time></rtept><rtept lat="38.140382" lon="-105.601906"><ele>2826.2</ele><time>2026-04-10T14:56:29Z</time></rtept><rtept lat="38.140493" lon="-105.601877"><ele>2827.0</ele><time>2026-04-10T14:56:29Z</time></rtept><rtept lat="38.140544" lon="-105.601828"><ele>2826.2</ele><time>2026-04-10T14:56:29Z</time></rtept><rtept lat="38.140686" lon="-105.601792"><ele>2827.6</ele><time>2026-04-10T14:56:29Z</time></rtept><rtept lat="38.140798" lon="-105.601725"><ele>2827.4</ele><time>2026-04-10T14:56:29Z</time></rtept><rtept lat="38.140915" lon="-105.601715"><ele>2829.2</ele><time>2026-04-10T14:56:29Z</time></rtept><rtept lat="38.141023" lon="-105.601654"><ele>2829.6</ele><time>2026-04-10T14:56:29Z</time></rtept><rtept lat="38.141406" lon="-105.601332"><ele>2835.6</ele><time>2026-04-10T14:56:29Z</time></rtept><rtept lat="38.141585" lon="-105.601202"><ele>2837.8</ele><time>2026-04-10T14:56:29Z</time></rtept><rtept lat="38.14166" lon="-105.601168"><ele>2836.8</ele><time>2026-04-10T14:56:29Z</time></rtept><rtept lat="38.141758" lon="-105.601163"><ele>2837.2</ele><time>2026-04-10T14:56:29Z</time></rtept><rtept lat="38.141827" lon="-105.601122"><ele>2837.4</ele><time>2026-04-10T14:56:29Z</time></rtept><rtept lat="38.142023" lon="-105.60113"><ele>2837.2</ele><time>2026-04-10T14:56:29Z</time></rtept><rtept lat="38.142152" lon="-105.601116"><ele>2839.2</ele><time>2026-04-10T14:56:29Z</time></rtept><rtept lat="38.142248" lon="-105.60109"><ele>2839.6</ele><time>2026-04-10T14:56:29Z</time></rtept><rtept lat="38.142359" lon="-105.60103"><ele>2842.6</ele><time>2026-04-10T14:56:29Z</time></rtept><rtept lat="38.142471" lon="-105.600909"><ele>2842.8</ele><time>2026-04-10T14:56:29Z</time></rtept><rtept lat="38.142802" lon="-105.600575"><ele>2846.0</ele><time>2026-04-10T14:56:29Z</time></rtept><rtept lat="38.142962" lon="-105.600351"><ele>2846.8</ele><time>2026-04-10T14:56:29Z</time></rtept><rtept lat="38.143041" lon="-105.600229"><ele>2845.0</ele><time>2026-04-10T14:56:29Z</time></rtept><rtept lat="38.143218" lon="-105.600089"><ele>2846.4</ele><time>2026-04-10T14:56:29Z</time></rtept><rtept lat="38.143311" lon="-105.600082"><ele>2847.6</ele><time>2026-04-10T14:56:29Z</time></rtept><rtept lat="38.143547" lon="-105.600011"><ele>2849.0</ele><time>2026-04-10T14:56:29Z</time></rtept><rtept lat="38.143709" lon="-105.600017"><ele>2850.0</ele><time>2026-04-10T14:56:29Z</time></rtept><rtept lat="38.144027" lon="-105.600126"><ele>2852.0</ele><time>2026-04-10T14:56:29Z</time></rtept><rtept lat="38.144232" lon="-105.600155"><ele>2851.6</ele><time>2026-04-10T14:56:29Z</time></rtept><rtept lat="38.144331" lon="-105.600149"><ele>2851.8</ele><time>2026-04-10T14:56:29Z</time></rtept><rtept lat="38.144683" lon="-105.600109"><ele>2856.0</ele><time>2026-04-10T14:56:29Z</time></rtept><rtept lat="38.144927" lon="-105.600082"><ele>2860.0</ele><time>2026-04-10T14:56:29Z</time></rtept><rtept lat="38.145132" lon="-105.599972"><ele>2861.4</ele><time>2026-04-10T14:56:29Z</time></rtept><rtept lat="38.145217" lon="-105.599881"><ele>2861.2</ele><time>2026-04-10T14:56:29Z</time></rtept><rtept lat="38.145303" lon="-105.599802"><ele>2860.6</ele><time>2026-04-10T14:56:29Z</time></rtept><rtept lat="38.145408" lon="-105.599704"><ele>2859.6</ele><time>2026-04-10T14:56:29Z</time></rtept><rtept lat="38.145446" lon="-105.599588"><ele>2859.0</ele><time>2026-04-10T14:56:29Z</time></rtept><rtept lat="38.14549" lon="-105.59951"><ele>2858.8</ele><time>2026-04-10T14:56:29Z</time></rtept><rtept lat="38.145534" lon="-105.599532"><ele>2859.0</ele><time>2026-04-10T14:56:29Z</time></rtept><rtept lat="38.145581" lon="-105.599635"><ele>2858.6</ele><time>2026-04-10T14:56:29Z</time></rtept><rtept lat="38.145611" lon="-105.599893"><ele>2858.2</ele><time>2026-04-10T14:56:29Z</time></rtept><rtept lat="38.145625" lon="-105.600084"><ele>2858.4</ele><time>2026-04-10T14:56:29Z</time></rtept><rtept lat="38.145686" lon="-105.600227"><ele>2857.4</ele><time>2026-04-10T14:56:29Z</time></rtept><rtept lat="38.145889" lon="-105.600646"><ele>2853.2</ele><time>2026-04-10T14:56:29Z</time></rtept><rtept lat="38.145911" lon="-105.600827"><ele>2852.0</ele><time>2026-04-10T14:56:29Z</time></rtept><rtept lat="38.145918" lon="-105.601062"><ele>2853.4</ele><time>2026-04-10T14:56:29Z</time></rtept><rtept lat="38.145905" lon="-105.60144"><ele>2855.0</ele><time>2026-04-10T14:56:29Z</time></rtept><rtept lat="38.14594" lon="-105.601526"><ele>2855.4</ele><time>2026-04-10T14:56:29Z</time></rtept><rtept lat="38.146014" lon="-105.60154"><ele>2854.2</ele><time>2026-04-10T14:56:29Z</time></rtept><rtept lat="38.146155" lon="-105.601605"><ele>2851.2</ele><time>2026-04-10T14:56:29Z</time></rtept><rtept lat="38.146299" lon="-105.601456"><ele>2848.6</ele><time>2026-04-10T14:56:29Z</time></rtept><rtept lat="38.146361" lon="-105.601646"><ele>2851.2</ele><time>2026-04-10T14:56:29Z</time></rtept><rtept lat="38.146336" lon="-105.601927"><ele>2854.6</ele><time>2026-04-10T14:56:29Z</time></rtept><rtept lat="38.14633" lon="-105.602118"><ele>2856.8</ele><time>2026-04-10T14:56:29Z</time></rtept><rtept lat="38.146346" lon="-105.602217"><ele>2860.0</ele><time>2026-04-10T14:56:29Z</time></rtept><rtept lat="38.146512" lon="-105.602331"><ele>2860.6</ele><time>2026-04-10T14:56:29Z</time></rtept><rtept lat="38.146717" lon="-105.601994"><ele>2858.6</ele><time>2026-04-10T14:56:29Z</time></rtept><rtept lat="38.146864" lon="-105.601808"><ele>2859.8</ele><time>2026-04-10T14:56:29Z</time></rtept><rtept lat="38.146952" lon="-105.601601"><ele>2855.6</ele><time>2026-04-10T14:56:29Z</time></rtept><rtept lat="38.147091" lon="-105.601395"><ele>2856.4</ele><time>2026-04-10T14:56:29Z</time></rtept><rtept lat="38.147178" lon="-105.601219"><ele>2854.8</ele><time>2026-04-10T14:56:29Z</time></rtept><rtept lat="38.147203" lon="-105.601188"><ele>2856.2</ele><time>2026-04-10T14:56:29Z</time></rtept><rtept lat="38.147237" lon="-105.601192"><ele>2856.2</ele><time>2026-04-10T14:56:29Z</time></rtept><rtept lat="38.147262" lon="-105.601235"><ele>2857.0</ele><time>2026-04-10T14:56:29Z</time></rtept><rtept lat="38.147333" lon="-105.601411"><ele>2859.2</ele><time>2026-04-10T14:56:29Z</time></rtept><rtept lat="38.147453" lon="-105.601544"><ele>2859.4</ele><time>2026-04-10T14:56:29Z</time></rtept><rtept lat="38.147709" lon="-105.601668"><ele>2856.8</ele><time>2026-04-10T14:56:29Z</time></rtept><rtept lat="38.147789" lon="-105.601754"><ele>2854.8</ele><time>2026-04-10T14:56:29Z</time></rtept><rtept lat="38.14782" lon="-105.601875"><ele>2855.4</ele><time>2026-04-10T14:56:29Z</time></rtept><rtept lat="38.147871" lon="-105.60195"><ele>2853.8</ele><time>2026-04-10T14:56:29Z</time></rtept><rtept lat="38.148009" lon="-105.601963"><ele>2851.8</ele><time>2026-04-10T14:56:29Z</time></rtept><rtept lat="38.148063" lon="-105.60201"><ele>2850.8</ele><time>2026-04-10T14:56:29Z</time></rtept><rtept lat="38.148138" lon="-105.602063"><ele>2851.4</ele><time>2026-04-10T14:56:29Z</time></rtept><rtept lat="38.148304" lon="-105.602029"><ele>2848.6</ele><time>2026-04-10T14:56:29Z</time></rtept><rtept lat="38.148562" lon="-105.602041"><ele>2845.8</ele><time>2026-04-10T14:56:29Z</time></rtept><rtept lat="38.148779" lon="-105.601943"><ele>2841.8</ele><time>2026-04-10T14:56:29Z</time></rtept><rtept lat="38.149109" lon="-105.601837"><ele>2836.4</ele><time>2026-04-10T14:56:29Z</time></rtept><rtept lat="38.149343" lon="-105.601856"><ele>2834.6</ele><time>2026-04-10T14:56:29Z</time></rtept><rtept lat="38.149367" lon="-105.602037"><ele>2838.0</ele><time>2026-04-10T14:56:29Z</time></rtept><rtept lat="38.149326" lon="-105.602179"><ele>2841.4</ele><time>2026-04-10T14:56:29Z</time></rtept><rtept lat="38.14935" lon="-105.602256"><ele>2841.0</ele><time>2026-04-10T14:56:29Z</time></rtept><rtept lat="38.149451" lon="-105.602384"><ele>2839.6</ele><time>2026-04-10T14:56:29Z</time></rtept><rtept lat="38.149469" lon="-105.602587"><ele>2837.8</ele><time>2026-04-10T14:56:29Z</time></rtept><rtept lat="38.149455" lon="-105.602776"><ele>2836.6</ele><time>2026-04-10T14:56:29Z</time></rtept><rtept lat="38.149576" lon="-105.602791"><ele>2834.8</ele><time>2026-04-10T14:56:29Z</time></rtept><rtept lat="38.149823" lon="-105.602552"><ele>2832.0</ele><time>2026-04-10T14:56:29Z</time></rtept><rtept lat="38.149998" lon="-105.602348"><ele>2829.4</ele><time>2026-04-10T14:56:29Z</time></rtept><rtept lat="38.150272" lon="-105.602228"><ele>2828.6</ele><time>2026-04-10T14:56:29Z</time></rtept><rtept lat="38.150492" lon="-105.602067"><ele>2826.2</ele><time>2026-04-10T14:56:29Z</time></rtept><rtept lat="38.150608" lon="-105.602002"><ele>2825.2</ele><time>2026-04-10T14:56:29Z</time></rtept><rtept lat="38.150821" lon="-105.602085"><ele>2827.4</ele><time>2026-04-10T14:56:29Z</time></rtept><rtept lat="38.150949" lon="-105.602324"><ele>2829.2</ele><time>2026-04-10T14:56:29Z</time></rtept><rtept lat="38.15104" lon="-105.602662"><ele>2828.2</ele><time>2026-04-10T14:56:29Z</time></rtept><rtept lat="38.151032" lon="-105.602946"><ele>2828.6</ele><time>2026-04-10T14:56:29Z</time></rtept><rtept lat="38.150979" lon="-105.603333"><ele>2830.8</ele><time>2026-04-10T14:56:29Z</time></rtept><rtept lat="38.150937" lon="-105.603874"><ele>2832.6</ele><time>2026-04-10T14:56:29Z</time></rtept><rtept lat="38.150781" lon="-105.604448"><ele>2835.0</ele><time>2026-04-10T14:56:29Z</time></rtept><rtept lat="38.150656" lon="-105.604671"><ele>2837.0</ele><time>2026-04-10T14:56:29Z</time></rtept><rtept lat="38.150471" lon="-105.604961"><ele>2839.8</ele><time>2026-04-10T14:56:29Z</time></rtept><rtept lat="38.150226" lon="-105.605194"><ele>2843.0</ele><time>2026-04-10T14:56:29Z</time></rtept><rtept lat="38.15004" lon="-105.605387"><ele>2847.6</ele><time>2026-04-10T14:56:29Z</time></rtept><rtept lat="38.149949" lon="-105.605519"><ele>2848.8</ele><time>2026-04-10T14:56:29Z</time></rtept><rtept lat="38.149937" lon="-105.605637"><ele>2850.2</ele><time>2026-04-10T14:56:29Z</time></rtept><rtept lat="38.150011" lon="-105.605961"><ele>2848.8</ele><time>2026-04-10T14:56:29Z</time></rtept><rtept lat="38.150182" lon="-105.606331"><ele>2848.4</ele><time>2026-04-10T14:56:29Z</time></rtept><rtept lat="38.150247" lon="-105.606516"><ele>2849.8</ele><time>2026-04-10T14:56:29Z</time></rtept><rtept lat="38.15022" lon="-105.606747"><ele>2851.4</ele><time>2026-04-10T14:56:29Z</time></rtept><rtept lat="38.150253" lon="-105.606919"><ele>2853.2</ele><time>2026-04-10T14:56:29Z</time></rtept><rtept lat="38.150207" lon="-105.607098"><ele>2855.8</ele><time>2026-04-10T14:56:29Z</time></rtept><rtept lat="38.150209" lon="-105.60734"><ele>2858.0</ele><time>2026-04-10T14:56:29Z</time></rtept><rtept lat="38.150182" lon="-105.607444"><ele>2858.6</ele><time>2026-04-10T14:56:29Z</time></rtept><rtept lat="38.150272" lon="-105.608051"><ele>2864.8</ele><time>2026-04-10T14:56:29Z</time></rtept><rtept lat="38.150234" lon="-105.608214"><ele>2867.0</ele><time>2026-04-10T14:56:29Z</time></rtept><rtept lat="38.150287" lon="-105.608332"><ele>2868.2</ele><time>2026-04-10T14:56:29Z</time></rtept><rtept lat="38.150464" lon="-105.608501"><ele>2868.0</ele><time>2026-04-10T14:56:29Z</time></rtept><rtept lat="38.150593" lon="-105.608719"><ele>2867.4</ele><time>2026-04-10T14:56:29Z</time></rtept><rtept lat="38.15066" lon="-105.60907"><ele>2867.8</ele><time>2026-04-10T14:56:29Z</time></rtept><rtept lat="38.150663" lon="-105.609274"><ele>2869.0</ele><time>2026-04-10T14:56:29Z</time></rtept><rtept lat="38.150595" lon="-105.609596"><ele>2872.6</ele><time>2026-04-10T14:56:29Z</time></rtept><rtept lat="38.150504" lon="-105.609797"><ele>2876.0</ele><time>2026-04-10T14:56:29Z</time></rtept><rtept lat="38.15034" lon="-105.610205"><ele>2884.6</ele><time>2026-04-10T14:56:29Z</time></rtept><rtept lat="38.150258" lon="-105.610065"><ele>2884.2</ele><time>2026-04-10T14:56:29Z</time></rtept><rtept lat="38.150245" lon="-105.609955"><ele>2883.0</ele><time>2026-04-10T14:56:29Z</time></rtept><rtept lat="38.150274" lon="-105.609778"><ele>2880.8</ele><time>2026-04-10T14:56:29Z</time></rtept><rtept lat="38.150249" lon="-105.609628"><ele>2879.4</ele><time>2026-04-10T14:56:29Z</time></rtept><rtept lat="38.150203" lon="-105.609491"><ele>2879.4</ele><time>2026-04-10T14:56:29Z</time></rtept><rtept lat="38.150089" lon="-105.6094"><ele>2880.2</ele><time>2026-04-10T14:56:29Z</time></rtept><rtept lat="38.149899" lon="-105.609311"><ele>2883.0</ele><time>2026-04-10T14:56:29Z</time></rtept><rtept lat="38.149751" lon="-105.609306"><ele>2885.0</ele><time>2026-04-10T14:56:29Z</time></rtept><rtept lat="38.149684" lon="-105.609303"><ele>2886.0</ele><time>2026-04-10T14:56:29Z</time></rtept><rtept lat="38.149899" lon="-105.609311"><ele>2883.0</ele><time>2026-04-10T14:56:29Z</time></rtept><rtept lat="38.150089" lon="-105.6094"><ele>2880.2</ele><time>2026-04-10T14:56:29Z</time></rtept><rtept lat="38.150203" lon="-105.609491"><ele>2879.4</ele><time>2026-04-10T14:56:29Z</time></rtept><rtept lat="38.150249" lon="-105.609628"><ele>2879.4</ele><time>2026-04-10T14:56:29Z</time></rtept><rtept lat="38.150274" lon="-105.609778"><ele>2880.8</ele><time>2026-04-10T14:56:29Z</time></rtept><rtept lat="38.150245" lon="-105.609955"><ele>2883.0</ele><time>2026-04-10T14:56:29Z</time></rtept><rtept lat="38.150258" lon="-105.610065"><ele>2884.2</ele><time>2026-04-10T14:56:29Z</time></rtept><rtept lat="38.15034" lon="-105.610205"><ele>2884.6</ele><time>2026-04-10T14:56:29Z</time></rtept><rtept lat="38.150298" lon="-105.610376"><ele>2885.6</ele><time>2026-04-10T14:56:29Z</time></rtept><rtept lat="38.150312" lon="-105.610634"><ele>2886.8</ele><time>2026-04-10T14:56:29Z</time></rtept><rtept lat="38.150285" lon="-105.610776"><ele>2887.0</ele><time>2026-04-10T14:56:29Z</time></rtept><rtept lat="38.150222" lon="-105.611006"><ele>2888.6</ele><time>2026-04-10T14:56:29Z</time></rtept><rtept lat="38.150234" lon="-105.611175"><ele>2888.6</ele><time>2026-04-10T14:56:29Z</time></rtept><rtept lat="38.150182" lon="-105.611267"><ele>2889.6</ele><time>2026-04-10T14:56:29Z</time></rtept><rtept lat="38.150095" lon="-105.611347"><ele>2890.6</ele><time>2026-04-10T14:56:29Z</time></rtept><rtept lat="38.150061" lon="-105.61144"><ele>2891.4</ele><time>2026-04-10T14:56:29Z</time></rtept><rtept lat="38.150017" lon="-105.611597"><ele>2891.6</ele><time>2026-04-10T14:56:29Z</time></rtept><rtept lat="38.15004" lon="-105.611704"><ele>2893.4</ele><time>2026-04-10T14:56:29Z</time></rtept><rtept lat="38.150168" lon="-105.611664"><ele>2892.2</ele><time>2026-04-10T14:56:29Z</time></rtept><rtept lat="38.150263" lon="-105.611598"><ele>2889.2</ele><time>2026-04-10T14:56:29Z</time></rtept><rtept lat="38.150389" lon="-105.611587"><ele>2888.4</ele><time>2026-04-10T14:56:29Z</time></rtept><rtept lat="38.150583" lon="-105.611588"><ele>2887.8</ele><time>2026-04-10T14:56:29Z</time></rtept><rtept lat="38.150737" lon="-105.611556"><ele>2885.0</ele><time>2026-04-10T14:56:29Z</time></rtept><rtept lat="38.151151" lon="-105.61144"><ele>2878.4</ele><time>2026-04-10T14:56:29Z</time></rtept><rtept lat="38.151287" lon="-105.611377"><ele>2876.2</ele><time>2026-04-10T14:56:29Z</time></rtept><rtept lat="38.151424" lon="-105.611352"><ele>2877.6</ele><time>2026-04-10T14:56:29Z</time></rtept><rtept lat="38.151506" lon="-105.611367"><ele>2878.0</ele><time>2026-04-10T14:56:29Z</time></rtept><rtept lat="38.151629" lon="-105.61145"><ele>2880.6</ele><time>2026-04-10T14:56:29Z</time></rtept><rtept lat="38.151723" lon="-105.611538"><ele>2879.6</ele><time>2026-04-10T14:56:29Z</time></rtept><rtept lat="38.151727" lon="-105.61161"><ele>2882.4</ele><time>2026-04-10T14:56:29Z</time></rtept><rtept lat="38.151691" lon="-105.611681"><ele>2887.0</ele><time>2026-04-10T14:56:29Z</time></rtept><rtept lat="38.151581" lon="-105.611787"><ele>2890.0</ele><time>2026-04-10T14:56:29Z</time></rtept><rtept lat="38.15148" lon="-105.611837"><ele>2892.4</ele><time>2026-04-10T14:56:29Z</time></rtept><rtept lat="38.151396" lon="-105.611877"><ele>2892.6</ele><time>2026-04-10T14:56:29Z</time></rtept><rtept lat="38.151351" lon="-105.611941"><ele>2893.4</ele><time>2026-04-10T14:56:29Z</time></rtept><rtept lat="38.151308" lon="-105.612063"><ele>2894.6</ele><time>2026-04-10T14:56:29Z</time></rtept><rtept lat="38.151291" lon="-105.612172"><ele>2896.6</ele><time>2026-04-10T14:56:29Z</time></rtept><rtept lat="38.151337" lon="-105.612329"><ele>2898.4</ele><time>2026-04-10T14:56:29Z</time></rtept><rtept lat="38.151424" lon="-105.612444"><ele>2899.6</ele><time>2026-04-10T14:56:29Z</time></rtept><rtept lat="38.151559" lon="-105.612483"><ele>2896.0</ele><time>2026-04-10T14:56:29Z</time></rtept><rtept lat="38.151761" lon="-105.612567"><ele>2892.8</ele><time>2026-04-10T14:56:29Z</time></rtept><rtept lat="38.151914" lon="-105.61272"><ele>2892.0</ele><time>2026-04-10T14:56:29Z</time></rtept><rtept lat="38.152008" lon="-105.612879"><ele>2894.0</ele><time>2026-04-10T14:56:29Z</time></rtept><rtept lat="38.152053" lon="-105.612983"><ele>2894.6</ele><time>2026-04-10T14:56:29Z</time></rtept><rtept lat="38.152108" lon="-105.613152"><ele>2897.4</ele><time>2026-04-10T14:56:29Z</time></rtept><rtept lat="38.152245" lon="-105.613317"><ele>2900.4</ele><time>2026-04-10T14:56:29Z</time></rtept><rtept lat="38.152372" lon="-105.613274"><ele>2898.2</ele><time>2026-04-10T14:56:29Z</time></rtept><rtept lat="38.15248" lon="-105.613155"><ele>2898.6</ele><time>2026-04-10T14:56:29Z</time></rtept><rtept lat="38.152566" lon="-105.613036"><ele>2898.2</ele><time>2026-04-10T14:56:29Z</time></rtept><rtept lat="38.1527" lon="-105.612922"><ele>2895.6</ele><time>2026-04-10T14:56:29Z</time></rtept><rtept lat="38.152846" lon="-105.612865"><ele>2897.6</ele><time>2026-04-10T14:56:29Z</time></rtept><rtept lat="38.152985" lon="-105.612837"><ele>2896.2</ele><time>2026-04-10T14:56:29Z</time></rtept><rtept lat="38.15359" lon="-105.612656"><ele>2891.6</ele><time>2026-04-10T14:56:29Z</time></rtept><rtept lat="38.153812" lon="-105.612628"><ele>2890.6</ele><time>2026-04-10T14:56:29Z</time></rtept><rtept lat="38.154031" lon="-105.612663"><ele>2889.6</ele><time>2026-04-10T14:56:29Z</time></rtept><rtept lat="38.154196" lon="-105.612649"><ele>2888.6</ele><time>2026-04-10T14:56:29Z</time></rtept><rtept lat="38.154328" lon="-105.612702"><ele>2890.2</ele><time>2026-04-10T14:56:29Z</time></rtept><rtept lat="38.15485" lon="-105.613023"><ele>2892.0</ele><time>2026-04-10T14:56:29Z</time></rtept><rtept lat="38.155041" lon="-105.613174"><ele>2894.2</ele><time>2026-04-10T14:56:29Z</time></rtept><rtept lat="38.155233" lon="-105.613261"><ele>2893.0</ele><time>2026-04-10T14:56:29Z</time></rtept><rtept lat="38.15557" lon="-105.613478"><ele>2891.8</ele><time>2026-04-10T14:56:29Z</time></rtept><rtept lat="38.155682" lon="-105.613526"><ele>2890.2</ele><time>2026-04-10T14:56:29Z</time></rtept><rtept lat="38.155849" lon="-105.613575"><ele>2886.8</ele><time>2026-04-10T14:56:29Z</time></rtept><rtept lat="38.15597" lon="-105.613651"><ele>2884.6</ele><time>2026-04-10T14:56:29Z</time></rtept><rtept lat="38.156117" lon="-105.613827"><ele>2883.4</ele><time>2026-04-10T14:56:29Z</time></rtept><rtept lat="38.156333" lon="-105.614116"><ele>2880.0</ele><time>2026-04-10T14:56:29Z</time></rtept><rtept lat="38.156514" lon="-105.614385"><ele>2876.6</ele><time>2026-04-10T14:56:29Z</time></rtept><rtept lat="38.156568" lon="-105.614508"><ele>2876.2</ele><time>2026-04-10T14:56:29Z</time></rtept><rtept lat="38.156607" lon="-105.614694"><ele>2877.6</ele><time>2026-04-10T14:56:29Z</time></rtept><rtept lat="38.156769" lon="-105.615146"><ele>2875.6</ele><time>2026-04-10T14:56:29Z</time></rtept><rtept lat="38.156825" lon="-105.61524"><ele>2876.2</ele><time>2026-04-10T14:56:29Z</time></rtept><rtept lat="38.156904" lon="-105.615353"><ele>2873.6</ele><time>2026-04-10T14:56:29Z</time></rtept><rtept lat="38.156943" lon="-105.615448"><ele>2874.2</ele><time>2026-04-10T14:56:29Z</time></rtept><rtept lat="38.157023" lon="-105.615413"><ele>2871.8</ele><time>2026-04-10T14:56:29Z</time></rtept><rtept lat="38.157144" lon="-105.615166"><ele>2866.2</ele><time>2026-04-10T14:56:29Z</time></rtept><rtept lat="38.157398" lon="-105.614926"><ele>2864.6</ele><time>2026-04-10T14:56:29Z</time></rtept><rtept lat="38.157718" lon="-105.614631"><ele>2855.8</ele><time>2026-04-10T14:56:29Z</time></rtept><rtept lat="38.157959" lon="-105.614456"><ele>2853.0</ele><time>2026-04-10T14:56:29Z</time></rtept><rtept lat="38.158129" lon="-105.614412"><ele>2852.6</ele><time>2026-04-10T14:56:29Z</time></rtept><rtept lat="38.158362" lon="-105.614418"><ele>2850.6</ele><time>2026-04-10T14:56:29Z</time></rtept><rtept lat="38.158464" lon="-105.614469"><ele>2848.6</ele><time>2026-04-10T14:56:29Z</time></rtept><rtept lat="38.158535" lon="-105.61457"><ele>2848.4</ele><time>2026-04-10T14:56:29Z</time></rtept><rtept lat="38.158644" lon="-105.614725"><ele>2849.4</ele><time>2026-04-10T14:56:29Z</time></rtept><rtept lat="38.158787" lon="-105.614787"><ele>2850.4</ele><time>2026-04-10T14:56:29Z</time></rtept><rtept lat="38.158899" lon="-105.614739"><ele>2850.8</ele><time>2026-04-10T14:56:29Z</time></rtept><rtept lat="38.158972" lon="-105.614585"><ele>2850.4</ele><time>2026-04-10T14:56:29Z</time></rtept><rtept lat="38.159045" lon="-105.614493"><ele>2849.8</ele><time>2026-04-10T14:56:29Z</time></rtept><rtept lat="38.15924" lon="-105.614364"><ele>2848.4</ele><time>2026-04-10T14:56:29Z</time></rtept><rtept lat="38.159346" lon="-105.614326"><ele>2849.0</ele><time>2026-04-10T14:56:29Z</time></rtept><rtept lat="38.159479" lon="-105.614354"><ele>2849.4</ele><time>2026-04-10T14:56:29Z</time></rtept><rtept lat="38.159615" lon="-105.614206"><ele>2846.8</ele><time>2026-04-10T14:56:29Z</time></rtept><rtept lat="38.159728" lon="-105.61411"><ele>2845.6</ele><time>2026-04-10T14:56:29Z</time></rtept><rtept lat="38.160033" lon="-105.614023"><ele>2843.0</ele><time>2026-04-10T14:56:29Z</time></rtept><rtept lat="38.160215" lon="-105.613858"><ele>2837.0</ele><time>2026-04-10T14:56:29Z</time></rtept><rtept lat="38.160401" lon="-105.613634"><ele>2833.8</ele><time>2026-04-10T14:56:29Z</time></rtept><rtept lat="38.160532" lon="-105.613437"><ele>2830.2</ele><time>2026-04-10T14:56:29Z</time></rtept><rtept lat="38.160724" lon="-105.613267"><ele>2827.8</ele><time>2026-04-10T14:56:29Z</time></rtept><rtept lat="38.160899" lon="-105.613096"><ele>2826.0</ele><time>2026-04-10T14:56:29Z</time></rtept><rtept lat="38.161114" lon="-105.6129"><ele>2824.0</ele><time>2026-04-10T14:56:29Z</time></rtept><rtept lat="38.161273" lon="-105.612805"><ele>2822.4</ele><time>2026-04-10T14:56:29Z</time></rtept><rtept lat="38.161545" lon="-105.612789"><ele>2821.8</ele><time>2026-04-10T14:56:29Z</time></rtept><rtept lat="38.161648" lon="-105.612649"><ele>2819.0</ele><time>2026-04-10T14:56:29Z</time></rtept><rtept lat="38.161765" lon="-105.612461"><ele>2816.4</ele><time>2026-04-10T14:56:29Z</time></rtept><rtept lat="38.161972" lon="-105.612323"><ele>2814.0</ele><time>2026-04-10T14:56:29Z</time></rtept><rtept lat="38.162106" lon="-105.612158"><ele>2811.8</ele><time>2026-04-10T14:56:29Z</time></rtept><rtept lat="38.162547" lon="-105.611961"><ele>2809.4</ele><time>2026-04-10T14:56:29Z</time></rtept><rtept lat="38.162668" lon="-105.611865"><ele>2807.8</ele><time>2026-04-10T14:56:29Z</time></rtept><rtept lat="38.162982" lon="-105.611586"><ele>2804.2</ele><time>2026-04-10T14:56:29Z</time></rtept><rtept lat="38.163136" lon="-105.611867"><ele>2812.8</ele><time>2026-04-10T14:56:29Z</time></rtept><rtept lat="38.163291" lon="-105.612149"><ele>2822.6</ele><time>2026-04-10T14:56:29Z</time></rtept><rtept lat="38.16343" lon="-105.612403"><ele>2834.2</ele><time>2026-04-10T14:56:29Z</time></rtept><rtept lat="38.16343" lon="-105.612403"><ele>2834.2</ele><time>2026-04-10T14:56:29Z</time></rtept><rtept lat="38.163276" lon="-105.612122"><ele>2822.6</ele><time>2026-04-10T14:56:29Z</time></rtept><rtept lat="38.163121" lon="-105.61184"><ele>2812.8</ele><time>2026-04-10T14:56:29Z</time></rtept><rtept lat="38.162982" lon="-105.611586"><ele>2804.2</ele><time>2026-04-10T14:56:29Z</time></rtept><rtept lat="38.163101" lon="-105.611481"><ele>2801.8</ele><time>2026-04-10T14:56:29Z</time></rtept><rtept lat="38.163488" lon="-105.61108"><ele>2801.8</ele><time>2026-04-10T14:56:29Z</time></rtept><rtept lat="38.163764" lon="-105.61076"><ele>2800.2</ele><time>2026-04-10T14:56:29Z</time></rtept><rtept lat="38.163964" lon="-105.610517"><ele>2798.8</ele><time>2026-04-10T14:56:29Z</time></rtept><rtept lat="38.164165" lon="-105.610214"><ele>2796.2</ele><time>2026-04-10T14:56:29Z</time></rtept><rtept lat="38.164385" lon="-105.610039"><ele>2795.8</ele><time>2026-04-10T14:56:29Z</time></rtept><rtept lat="38.164682" lon="-105.60975"><ele>2793.4</ele><time>2026-04-10T14:56:29Z</time></rtept><rtept lat="38.164832" lon="-105.609538"><ele>2792.0</ele><time>2026-04-10T14:56:29Z</time></rtept><rtept lat="38.164969" lon="-105.609382"><ele>2791.0</ele><time>2026-04-10T14:56:29Z</time></rtept><rtept lat="38.165008" lon="-105.609278"><ele>2790.4</ele><time>2026-04-10T14:56:29Z</time></rtept><rtept lat="38.165086" lon="-105.609205"><ele>2789.8</ele><time>2026-04-10T14:56:29Z</time></rtept><rtept lat="38.165363" lon="-105.60902"><ele>2789.6</ele><time>2026-04-10T14:56:29Z</time></rtept><rtept lat="38.165483" lon="-105.608912"><ele>2789.4</ele><time>2026-04-10T14:56:29Z</time></rtept><rtept lat="38.165591" lon="-105.608866"><ele>2788.2</ele><time>2026-04-10T14:56:29Z</time></rtept><rtept lat="38.165992" lon="-105.608531"><ele>2785.2</ele><time>2026-04-10T14:56:29Z</time></rtept><rtept lat="38.166092" lon="-105.608323"><ele>2784.2</ele><time>2026-04-10T14:56:29Z</time></rtept><rtept lat="38.16623" lon="-105.607989"><ele>2779.4</ele><time>2026-04-10T14:56:29Z</time></rtept><rtept lat="38.166268" lon="-105.60788"><ele>2774.4</ele><time>2026-04-10T14:56:29Z</time></rtept><rtept lat="38.166342" lon="-105.607841"><ele>2775.6</ele><time>2026-04-10T14:56:29Z</time></rtept><rtept lat="38.166508" lon="-105.60786"><ele>2777.8</ele><time>2026-04-10T14:56:29Z</time></rtept><rtept lat="38.166609" lon="-105.607844"><ele>2778.2</ele><time>2026-04-10T14:56:29Z</time></rtept><rtept lat="38.16669" lon="-105.607718"><ele>2776.8</ele><time>2026-04-10T14:56:29Z</time></rtept><rtept lat="38.166818" lon="-105.607542"><ele>2773.0</ele><time>2026-04-10T14:56:29Z</time></rtept><rtept lat="38.166914" lon="-105.60747"><ele>2773.2</ele><time>2026-04-10T14:56:29Z</time></rtept><rtept lat="38.167043" lon="-105.60731"><ele>2771.0</ele><time>2026-04-10T14:56:29Z</time></rtept><rtept lat="38.167198" lon="-105.607161"><ele>2767.4</ele><time>2026-04-10T14:56:29Z</time></rtept><rtept lat="38.167322" lon="-105.607119"><ele>2769.2</ele><time>2026-04-10T14:56:29Z</time></rtept><rtept lat="38.167536" lon="-105.606869"><ele>2766.2</ele><time>2026-04-10T14:56:29Z</time></rtept><rtept lat="38.167683" lon="-105.606616"><ele>2762.6</ele><time>2026-04-10T14:56:29Z</time></rtept><rtept lat="38.167831" lon="-105.606443"><ele>2759.8</ele><time>2026-04-10T14:56:29Z</time></rtept><rtept lat="38.167993" lon="-105.606364"><ele>2761.8</ele><time>2026-04-10T14:56:29Z</time></rtept><rtept lat="38.168125" lon="-105.606199"><ele>2757.0</ele><time>2026-04-10T14:56:29Z</time></rtept><rtept lat="38.168254" lon="-105.606132"><ele>2755.2</ele><time>2026-04-10T14:56:29Z</time></rtept><rtept lat="38.168406" lon="-105.606114"><ele>2756.8</ele><time>2026-04-10T14:56:29Z</time></rtept><rtept lat="38.168567" lon="-105.606129"><ele>2757.6</ele><time>2026-04-10T14:56:29Z</time></rtept><rtept lat="38.168643" lon="-105.606091"><ele>2758.4</ele><time>2026-04-10T14:56:29Z</time></rtept><rtept lat="38.168711" lon="-105.606083"><ele>2758.6</ele><time>2026-04-10T14:56:29Z</time></rtept><rtept lat="38.168925" lon="-105.605987"><ele>2753.2</ele><time>2026-04-10T14:56:29Z</time></rtept><rtept lat="38.169142" lon="-105.605932"><ele>2753.6</ele><time>2026-04-10T14:56:29Z</time></rtept><rtept lat="38.169329" lon="-105.605871"><ele>2750.0</ele><time>2026-04-10T14:56:29Z</time></rtept><rtept lat="38.169507" lon="-105.605917"><ele>2753.0</ele><time>2026-04-10T14:56:29Z</time></rtept><rtept lat="38.169827" lon="-105.605965"><ele>2752.0</ele><time>2026-04-10T14:56:29Z</time></rtept><rtept lat="38.170214" lon="-105.606018"><ele>2751.4</ele><time>2026-04-10T14:56:29Z</time></rtept><rtept lat="38.170879" lon="-105.606358"><ele>2748.2</ele><time>2026-04-10T14:56:29Z</time></rtept><rtept lat="38.171446" lon="-105.606731"><ele>2739.2</ele><time>2026-04-10T14:56:29Z</time></rtept><rtept lat="38.171609" lon="-105.607015"><ele>2736.8</ele><time>2026-04-10T14:56:29Z</time></rtept><rtept lat="38.171733" lon="-105.607176"><ele>2734.0</ele><time>2026-04-10T14:56:29Z</time></rtept><rtept lat="38.171847" lon="-105.607163"><ele>2730.2</ele><time>2026-04-10T14:56:29Z</time></rtept><rtept lat="38.171891" lon="-105.606991"><ele>2727.0</ele><time>2026-04-10T14:56:29Z</time></rtept><rtept lat="38.171925" lon="-105.606653"><ele>2723.8</ele><time>2026-04-10T14:56:29Z</time></rtept><rtept lat="38.171853" lon="-105.606028"><ele>2718.8</ele><time>2026-04-10T14:56:29Z</time></rtept><rtept lat="38.171868" lon="-105.605985"><ele>2717.4</ele><time>2026-04-10T14:56:29Z</time></rtept><rtept lat="38.171992" lon="-105.605999"><ele>2714.4</ele><time>2026-04-10T14:56:29Z</time></rtept><rtept lat="38.172193" lon="-105.606085"><ele>2710.6</ele><time>2026-04-10T14:56:29Z</time></rtept><rtept lat="38.172418" lon="-105.606152"><ele>2705.8</ele><time>2026-04-10T14:56:29Z</time></rtept><rtept lat="38.172461" lon="-105.60628"><ele>2705.6</ele><time>2026-04-10T14:56:29Z</time></rtept><rtept lat="38.172496" lon="-105.606621"><ele>2707.0</ele><time>2026-04-10T14:56:29Z</time></rtept><rtept lat="38.172551" lon="-105.606742"><ele>2707.6</ele><time>2026-04-10T14:56:29Z</time></rtept><rtept lat="38.172663" lon="-105.606774"><ele>2705.2</ele><time>2026-04-10T14:56:29Z</time></rtept><rtept lat="38.172802" lon="-105.606779"><ele>2701.6</ele><time>2026-04-10T14:56:29Z</time></rtept><rtept lat="38.172884" lon="-105.606715"><ele>2698.8</ele><time>2026-04-10T14:56:29Z</time></rtept><rtept lat="38.17292" lon="-105.606554"><ele>2695.0</ele><time>2026-04-10T14:56:29Z</time></rtept><rtept lat="38.172947" lon="-105.606372"><ele>2693.2</ele><time>2026-04-10T14:56:29Z</time></rtept><rtept lat="38.173056" lon="-105.606439"><ele>2690.0</ele><time>2026-04-10T14:56:29Z</time></rtept><rtept lat="38.173176" lon="-105.606606"><ele>2687.8</ele><time>2026-04-10T14:56:29Z</time></rtept><rtept lat="38.173231" lon="-105.606462"><ele>2684.0</ele><time>2026-04-10T14:56:29Z</time></rtept><rtept lat="38.173231" lon="-105.606312"><ele>2682.2</ele><time>2026-04-10T14:56:29Z</time></rtept><rtept lat="38.173171" lon="-105.60607"><ele>2681.4</ele><time>2026-04-10T14:56:29Z</time></rtept><rtept lat="38.173187" lon="-105.605884"><ele>2679.8</ele><time>2026-04-10T14:56:29Z</time></rtept><rtept lat="38.173414" lon="-105.605741"><ele>2673.4</ele><time>2026-04-10T14:56:29Z</time></rtept><rtept lat="38.173831" lon="-105.605777"><ele>2676.2</ele><time>2026-04-10T14:56:29Z</time></rtept><rtept lat="38.173887" lon="-105.605907"><ele>2679.6</ele><time>2026-04-10T14:56:29Z</time></rtept><rtept lat="38.173786" lon="-105.60613"><ele>2680.2</ele><time>2026-04-10T14:56:29Z</time></rtept><rtept lat="38.17384" lon="-105.606328"><ele>2685.0</ele><time>2026-04-10T14:56:29Z</time></rtept><rtept lat="38.174005" lon="-105.606055"><ele>2686.2</ele><time>2026-04-10T14:56:29Z</time></rtept><rtept lat="38.174245" lon="-105.605957"><ele>2690.2</ele><time>2026-04-10T14:56:29Z</time></rtept><rtept lat="38.174544" lon="-105.605945"><ele>2693.0</ele><time>2026-04-10T14:56:29Z</time></rtept><rtept lat="38.174806" lon="-105.60612"><ele>2697.0</ele><time>2026-04-10T14:56:29Z</time></rtept><rtept lat="38.175201" lon="-105.606413"><ele>2695.8</ele><time>2026-04-10T14:56:29Z</time></rtept><rtept lat="38.175443" lon="-105.606727"><ele>2693.2</ele><time>2026-04-10T14:56:29Z</time></rtept><rtept lat="38.175645" lon="-105.607155"><ele>2689.8</ele><time>2026-04-10T14:56:29Z</time></rtept><rtept lat="38.175853" lon="-105.607591"><ele>2685.0</ele><time>2026-04-10T14:56:29Z</time></rtept><rtept lat="38.175992" lon="-105.607827"><ele>2683.0</ele><time>2026-04-10T14:56:29Z</time></rtept><rtept lat="38.176185" lon="-105.607892"><ele>2685.4</ele><time>2026-04-10T14:56:29Z</time></rtept><rtept lat="38.176185" lon="-105.607892"><ele>2685.4</ele><time>2026-04-10T14:56:29Z</time></rtept><rtept lat="38.176316" lon="-105.607936"><ele>2688.6</ele><time>2026-04-10T14:56:29Z</time></rtept><rtept lat="38.176449" lon="-105.608035"><ele>2692.8</ele><time>2026-04-10T14:56:29Z</time></rtept><rtept lat="38.176317" lon="-105.608628"><ele>2697.2</ele><time>2026-04-10T14:56:29Z</time></rtept><rtept lat="38.176191" lon="-105.609041"><ele>2699.2</ele><time>2026-04-10T14:56:29Z</time></rtept><rtept lat="38.176146" lon="-105.609459"><ele>2703.0</ele><time>2026-04-10T14:56:29Z</time></rtept><rtept lat="38.176191" lon="-105.609878"><ele>2706.2</ele><time>2026-04-10T14:56:29Z</time></rtept><rtept lat="38.176363" lon="-105.610489"><ele>2713.6</ele><time>2026-04-10T14:56:29Z</time></rtept><rtept lat="38.176526" lon="-105.610404"><ele>2716.2</ele><time>2026-04-10T14:56:29Z</time></rtept><rtept lat="38.176666" lon="-105.610164"><ele>2717.0</ele><time>2026-04-10T14:56:29Z</time></rtept><rtept lat="38.176835" lon="-105.609943"><ele>2719.6</ele><time>2026-04-10T14:56:29Z</time></rtept><rtept lat="38.177088" lon="-105.609945"><ele>2723.4</ele><time>2026-04-10T14:56:29Z</time></rtept><rtept lat="38.177273" lon="-105.610099"><ele>2725.4</ele><time>2026-04-10T14:56:29Z</time></rtept><rtept lat="38.177511" lon="-105.610348"><ele>2727.2</ele><time>2026-04-10T14:56:29Z</time></rtept><rtept lat="38.177587" lon="-105.610507"><ele>2728.6</ele><time>2026-04-10T14:56:29Z</time></rtept><rtept lat="38.177562" lon="-105.610767"><ele>2732.2</ele><time>2026-04-10T14:56:29Z</time></rtept><rtept lat="38.17753" lon="-105.611439"><ele>2737.8</ele><time>2026-04-10T14:56:29Z</time></rtept><rtept lat="38.177585" lon="-105.612128"><ele>2741.8</ele><time>2026-04-10T14:56:29Z</time></rtept><rtept lat="38.177683" lon="-105.612741"><ele>2744.4</ele><time>2026-04-10T14:56:29Z</time></rtept><rtept lat="38.177875" lon="-105.613242"><ele>2744.2</ele><time>2026-04-10T14:56:29Z</time></rtept><rtept lat="38.177978" lon="-105.61358"><ele>2745.2</ele><time>2026-04-10T14:56:29Z</time></rtept><rtept lat="38.17806" lon="-105.613934"><ele>2747.6</ele><time>2026-04-10T14:56:29Z</time></rtept><rtept lat="38.177957" lon="-105.614147"><ele>2749.0</ele><time>2026-04-10T14:56:29Z</time></rtept><rtept lat="38.17782" lon="-105.614474"><ele>2751.8</ele><time>2026-04-10T14:56:29Z</time></rtept><rtept lat="38.17788" lon="-105.614754"><ele>2754.6</ele><time>2026-04-10T14:56:29Z</time></rtept><rtept lat="38.177833" lon="-105.615066"><ele>2756.6</ele><time>2026-04-10T14:56:29Z</time></rtept><rtept lat="38.177901" lon="-105.615552"><ele>2761.4</ele><time>2026-04-10T14:56:29Z</time></rtept><rtept lat="38.176839" lon="-105.615634"><ele>2768.4</ele><time>2026-04-10T14:56:29Z</time></rtept><rtept lat="38.17688" lon="-105.615896"><ele>2770.8</ele><time>2026-04-10T14:56:29Z</time></rtept><rtept lat="38.177063" lon="-105.616109"><ele>2772.6</ele><time>2026-04-10T14:56:29Z</time></rtept><rtept lat="38.17729" lon="-105.616257"><ele>2774.0</ele><time>2026-04-10T14:56:29Z</time></rtept><rtept lat="38.177483" lon="-105.61638"><ele>2775.8</ele><time>2026-04-10T14:56:29Z</time></rtept><rtept lat="38.177566" lon="-105.616676"><ele>2779.4</ele><time>2026-04-10T14:56:29Z</time></rtept><rtept lat="38.177765" lon="-105.61716"><ele>2783.0</ele><time>2026-04-10T14:56:29Z</time></rtept><rtept lat="38.177759" lon="-105.617445"><ele>2785.6</ele><time>2026-04-10T14:56:29Z</time></rtept><rtept lat="38.177734" lon="-105.61779"><ele>2790.4</ele><time>2026-04-10T14:56:29Z</time></rtept><rtept lat="38.177792" lon="-105.618223"><ele>2795.2</ele><time>2026-04-10T14:56:29Z</time></rtept><rtept lat="38.177989" lon="-105.619012"><ele>2802.8</ele><time>2026-04-10T14:56:29Z</time></rtept><rtept lat="38.178169" lon="-105.61965"><ele>2806.8</ele><time>2026-04-10T14:56:29Z</time></rtept><rtept lat="38.178319" lon="-105.620514"><ele>2813.8</ele><time>2026-04-10T14:56:29Z</time></rtept><rtept lat="38.178471" lon="-105.621653"><ele>2823.4</ele><time>2026-04-10T14:56:29Z</time></rtept><rtept lat="38.178796" lon="-105.621757"><ele>2821.4</ele><time>2026-04-10T14:56:29Z</time></rtept><rtept lat="38.179191" lon="-105.621905"><ele>2824.4</ele><time>2026-04-10T14:56:29Z</time></rtept><rtept lat="38.179542" lon="-105.622107"><ele>2825.2</ele><time>2026-04-10T14:56:29Z</time></rtept><rtept lat="38.179828" lon="-105.622107"><ele>2824.2</ele><time>2026-04-10T14:56:29Z</time></rtept><rtept lat="38.180149" lon="-105.621896"><ele>2821.0</ele><time>2026-04-10T14:56:29Z</time></rtept><rtept lat="38.180299" lon="-105.621868"><ele>2819.8</ele><time>2026-04-10T14:56:29Z</time></rtept><rtept lat="38.180656" lon="-105.621902"><ele>2819.2</ele><time>2026-04-10T14:56:29Z</time></rtept><rtept lat="38.180927" lon="-105.622035"><ele>2818.6</ele><time>2026-04-10T14:56:29Z</time></rtept><rtept lat="38.18109" lon="-105.622173"><ele>2818.2</ele><time>2026-04-10T14:56:29Z</time></rtept><rtept lat="38.181257" lon="-105.622529"><ele>2815.6</ele><time>2026-04-10T14:56:29Z</time></rtept><rtept lat="38.181425" lon="-105.622815"><ele>2812.0</ele><time>2026-04-10T14:56:29Z</time></rtept><rtept lat="38.181507" lon="-105.623126"><ele>2812.0</ele><time>2026-04-10T14:56:29Z</time></rtept><rtept lat="38.181528" lon="-105.623368"><ele>2808.8</ele><time>2026-04-10T14:56:29Z</time></rtept><rtept lat="38.181373" lon="-105.623528"><ele>2808.8</ele><time>2026-04-10T14:56:29Z</time></rtept><rtept lat="38.181294" lon="-105.623668"><ele>2808.4</ele><time>2026-04-10T14:56:29Z</time></rtept><rtept lat="38.181448" lon="-105.624049"><ele>2799.0</ele><time>2026-04-10T14:56:29Z</time></rtept><rtept lat="38.181592" lon="-105.624284"><ele>2799.4</ele><time>2026-04-10T14:56:29Z</time></rtept><rtept lat="38.181738" lon="-105.624354"><ele>2801.0</ele><time>2026-04-10T14:56:29Z</time></rtept><rtept lat="38.181873" lon="-105.624151"><ele>2799.6</ele><time>2026-04-10T14:56:29Z</time></rtept><rtept lat="38.182007" lon="-105.624186"><ele>2799.8</ele><time>2026-04-10T14:56:29Z</time></rtept><rtept lat="38.182206" lon="-105.624301"><ele>2803.8</ele><time>2026-04-10T14:56:29Z</time></rtept><rtept lat="38.182314" lon="-105.624399"><ele>2806.2</ele><time>2026-04-10T14:56:29Z</time></rtept><rtept lat="38.182455" lon="-105.624455"><ele>2809.8</ele><time>2026-04-10T14:56:29Z</time></rtept><rtept lat="38.182651" lon="-105.62448"><ele>2812.8</ele><time>2026-04-10T14:56:29Z</time></rtept><rtept lat="38.182882" lon="-105.624488"><ele>2817.6</ele><time>2026-04-10T14:56:29Z</time></rtept><rtept lat="38.18325" lon="-105.62442"><ele>2821.2</ele><time>2026-04-10T14:56:29Z</time></rtept><rtept lat="38.183583" lon="-105.624341"><ele>2824.4</ele><time>2026-04-10T14:56:29Z</time></rtept><rtept lat="38.183825" lon="-105.624279"><ele>2826.2</ele><time>2026-04-10T14:56:29Z</time></rtept><rtept lat="38.184001" lon="-105.624301"><ele>2826.4</ele><time>2026-04-10T14:56:29Z</time></rtept><rtept lat="38.184124" lon="-105.62439"><ele>2827.0</ele><time>2026-04-10T14:56:29Z</time></rtept><rtept lat="38.184241" lon="-105.624555"><ele>2828.0</ele><time>2026-04-10T14:56:29Z</time></rtept><rtept lat="38.18444" lon="-105.62481"><ele>2828.6</ele><time>2026-04-10T14:56:29Z</time></rtept><rtept lat="38.184763" lon="-105.625322"><ele>2829.2</ele><time>2026-04-10T14:56:29Z</time></rtept><rtept lat="38.18498" lon="-105.625734"><ele>2829.6</ele><time>2026-04-10T14:56:29Z</time></rtept><rtept lat="38.185096" lon="-105.625873"><ele>2830.4</ele><time>2026-04-10T14:56:29Z</time></rtept><rtept lat="38.185276" lon="-105.625948"><ele>2830.0</ele><time>2026-04-10T14:56:29Z</time></rtept><rtept lat="38.18547" lon="-105.626125"><ele>2830.4</ele><time>2026-04-10T14:56:29Z</time></rtept><rtept lat="38.185834" lon="-105.626606"><ele>2834.8</ele><time>2026-04-10T14:56:29Z</time></rtept><rtept lat="38.186051" lon="-105.62685"><ele>2838.8</ele><time>2026-04-10T14:56:29Z</time></rtept><rtept lat="38.186716" lon="-105.628214"><ele>2842.2</ele><time>2026-04-10T14:56:29Z</time></rtept><rtept lat="38.186331" lon="-105.627193"><ele>2842.8</ele><time>2026-04-10T14:56:29Z</time></rtept><rtept lat="38.186571" lon="-105.627508"><ele>2844.8</ele><time>2026-04-10T14:56:29Z</time></rtept><rtept lat="38.186794" lon="-105.628582"><ele>2839.0</ele><time>2026-04-10T14:56:29Z</time></rtept><rtept lat="38.186865" lon="-105.628728"><ele>2838.0</ele><time>2026-04-10T14:56:29Z</time></rtept><rtept lat="38.187006" lon="-105.628821"><ele>2835.8</ele><time>2026-04-10T14:56:29Z</time></rtept><rtept lat="38.18718" lon="-105.628877"><ele>2835.2</ele><time>2026-04-10T14:56:29Z</time></rtept><rtept lat="38.187321" lon="-105.628878"><ele>2833.6</ele><time>2026-04-10T14:56:29Z</time></rtept><rtept lat="38.187864" lon="-105.628952"><ele>2828.2</ele><time>2026-04-10T14:56:29Z</time></rtept><rtept lat="38.188203" lon="-105.629018"><ele>2824.0</ele><time>2026-04-10T14:56:29Z</time></rtept><rtept lat="38.188316" lon="-105.629075"><ele>2822.6</ele><time>2026-04-10T14:56:29Z</time></rtept><rtept lat="38.188421" lon="-105.629166"><ele>2822.8</ele><time>2026-04-10T14:56:29Z</time></rtept><rtept lat="38.188471" lon="-105.629208"><ele>2823.4</ele><time>2026-04-10T14:56:29Z</time></rtept><rtept lat="38.188548" lon="-105.629323"><ele>2822.8</ele><time>2026-04-10T14:56:29Z</time></rtept><rtept lat="38.188685" lon="-105.629354"><ele>2822.0</ele><time>2026-04-10T14:56:29Z</time></rtept><rtept lat="38.188865" lon="-105.629385"><ele>2820.6</ele><time>2026-04-10T14:56:29Z</time></rtept><rtept lat="38.189019" lon="-105.629364"><ele>2818.2</ele><time>2026-04-10T14:56:29Z</time></rtept><rtept lat="38.189126" lon="-105.629488"><ele>2817.4</ele><time>2026-04-10T14:56:29Z</time></rtept><rtept lat="38.189211" lon="-105.629671"><ele>2816.8</ele><time>2026-04-10T14:56:29Z</time></rtept><rtept lat="38.189292" lon="-105.629787"><ele>2814.4</ele><time>2026-04-10T14:56:29Z</time></rtept><rtept lat="38.189339" lon="-105.630004"><ele>2814.4</ele><time>2026-04-10T14:56:29Z</time></rtept><rtept lat="38.189402" lon="-105.630157"><ele>2812.8</ele><time>2026-04-10T14:56:29Z</time></rtept><rtept lat="38.189484" lon="-105.630163"><ele>2811.4</ele><time>2026-04-10T14:56:29Z</time></rtept><rtept lat="38.189581" lon="-105.630108"><ele>2809.2</ele><time>2026-04-10T14:56:29Z</time></rtept><rtept lat="38.189711" lon="-105.630083"><ele>2807.2</ele><time>2026-04-10T14:56:29Z</time></rtept><rtept lat="38.189821" lon="-105.630119"><ele>2807.0</ele><time>2026-04-10T14:56:29Z</time></rtept><rtept lat="38.189934" lon="-105.630138"><ele>2807.0</ele><time>2026-04-10T14:56:29Z</time></rtept><rtept lat="38.190055" lon="-105.630163"><ele>2808.0</ele><time>2026-04-10T14:56:29Z</time></rtept><rtept lat="38.190151" lon="-105.630122"><ele>2808.6</ele><time>2026-04-10T14:56:29Z</time></rtept><rtept lat="38.190224" lon="-105.630001"><ele>2806.6</ele><time>2026-04-10T14:56:29Z</time></rtept><rtept lat="38.190271" lon="-105.629812"><ele>2805.0</ele><time>2026-04-10T14:56:29Z</time></rtept><rtept lat="38.190284" lon="-105.62977"><ele>2805.0</ele><time>2026-04-10T14:56:29Z</time></rtept></rte></gpx>