<?xml version="1.0" ?><gpx xmlns="http://www.topografix.com/GPX/1/1" creator="GaiaGPS" version="1.1" xmlns:xsi="http://www.w3.org/2001/XMLSchema-instance" xsi:schemaLocation="http://www.topografix.com/GPX/1/1 http://www.topografix.com/GPX/1/1/gpx.xsd"><rte><name>TD03:S1:D3 Goat Cr to Big Cottonwood Cr</name><desc></desc><extensions><line xmlns="http://www.topografix.com/GPX/gpx_style/0/2"><color>0479FF</color></line></extensions><rtept lat="38.189904" lon="-105.630094"><ele>2805.8</ele><time>2026-04-10T14:58:51Z</time></rtept><rtept lat="38.1899" lon="-105.630132"><ele>2807.0</ele><time>2026-04-10T14:58:51Z</time></rtept><rtept lat="38.189934" lon="-105.630138"><ele>2807.0</ele><time>2026-04-10T14:58:51Z</time></rtept><rtept lat="38.190055" lon="-105.630163"><ele>2808.0</ele><time>2026-04-10T14:58:51Z</time></rtept><rtept lat="38.190151" lon="-105.630122"><ele>2808.6</ele><time>2026-04-10T14:58:51Z</time></rtept><rtept lat="38.190224" lon="-105.630001"><ele>2806.6</ele><time>2026-04-10T14:58:51Z</time></rtept><rtept lat="38.190271" lon="-105.629812"><ele>2805.0</ele><time>2026-04-10T14:58:51Z</time></rtept><rtept lat="38.190352" lon="-105.629544"><ele>2802.6</ele><time>2026-04-10T14:58:51Z</time></rtept><rtept lat="38.190479" lon="-105.629165"><ele>2797.6</ele><time>2026-04-10T14:58:51Z</time></rtept><rtept lat="38.190527" lon="-105.628955"><ele>2795.6</ele><time>2026-04-10T14:58:51Z</time></rtept><rtept lat="38.190717" lon="-105.62878"><ele>2795.6</ele><time>2026-04-10T14:58:51Z</time></rtept><rtept lat="38.190808" lon="-105.628659"><ele>2795.0</ele><time>2026-04-10T14:58:51Z</time></rtept><rtept lat="38.190971" lon="-105.628495"><ele>2794.2</ele><time>2026-04-10T14:58:51Z</time></rtept><rtept lat="38.191136" lon="-105.628382"><ele>2794.4</ele><time>2026-04-10T14:58:51Z</time></rtept><rtept lat="38.191304" lon="-105.62824"><ele>2795.0</ele><time>2026-04-10T14:58:51Z</time></rtept><rtept lat="38.191418" lon="-105.62817"><ele>2795.4</ele><time>2026-04-10T14:58:51Z</time></rtept><rtept lat="38.191584" lon="-105.628037"><ele>2794.0</ele><time>2026-04-10T14:58:51Z</time></rtept><rtept lat="38.191678" lon="-105.627876"><ele>2791.2</ele><time>2026-04-10T14:58:51Z</time></rtept><rtept lat="38.191863" lon="-105.627781"><ele>2791.2</ele><time>2026-04-10T14:58:51Z</time></rtept><rtept lat="38.191978" lon="-105.627745"><ele>2791.8</ele><time>2026-04-10T14:58:51Z</time></rtept><rtept lat="38.192136" lon="-105.627754"><ele>2793.4</ele><time>2026-04-10T14:58:51Z</time></rtept><rtept lat="38.192288" lon="-105.627753"><ele>2794.8</ele><time>2026-04-10T14:58:51Z</time></rtept><rtept lat="38.192547" lon="-105.627588"><ele>2794.6</ele><time>2026-04-10T14:58:51Z</time></rtept><rtept lat="38.192747" lon="-105.627473"><ele>2795.2</ele><time>2026-04-10T14:58:51Z</time></rtept><rtept lat="38.193221" lon="-105.627278"><ele>2794.4</ele><time>2026-04-10T14:58:51Z</time></rtept><rtept lat="38.193488" lon="-105.62723"><ele>2796.8</ele><time>2026-04-10T14:58:51Z</time></rtept><rtept lat="38.193711" lon="-105.627231"><ele>2798.2</ele><time>2026-04-10T14:58:51Z</time></rtept><rtept lat="38.193873" lon="-105.627306"><ele>2798.6</ele><time>2026-04-10T14:58:51Z</time></rtept><rtept lat="38.19403" lon="-105.627436"><ele>2795.6</ele><time>2026-04-10T14:58:51Z</time></rtept><rtept lat="38.194137" lon="-105.627456"><ele>2796.6</ele><time>2026-04-10T14:58:51Z</time></rtept><rtept lat="38.194419" lon="-105.627462"><ele>2795.4</ele><time>2026-04-10T14:58:51Z</time></rtept><rtept lat="38.194824" lon="-105.627514"><ele>2795.2</ele><time>2026-04-10T14:58:51Z</time></rtept><rtept lat="38.195068" lon="-105.627479"><ele>2795.8</ele><time>2026-04-10T14:58:51Z</time></rtept><rtept lat="38.195255" lon="-105.627412"><ele>2794.6</ele><time>2026-04-10T14:58:51Z</time></rtept><rtept lat="38.195485" lon="-105.62718"><ele>2789.8</ele><time>2026-04-10T14:58:51Z</time></rtept><rtept lat="38.195688" lon="-105.626902"><ele>2785.2</ele><time>2026-04-10T14:58:51Z</time></rtept><rtept lat="38.196013" lon="-105.626374"><ele>2779.2</ele><time>2026-04-10T14:58:51Z</time></rtept><rtept lat="38.196269" lon="-105.626193"><ele>2779.6</ele><time>2026-04-10T14:58:51Z</time></rtept><rtept lat="38.196489" lon="-105.626035"><ele>2779.6</ele><time>2026-04-10T14:58:51Z</time></rtept><rtept lat="38.196691" lon="-105.625881"><ele>2780.0</ele><time>2026-04-10T14:58:51Z</time></rtept><rtept lat="38.196924" lon="-105.625814"><ele>2780.8</ele><time>2026-04-10T14:58:51Z</time></rtept><rtept lat="38.197064" lon="-105.625921"><ele>2781.8</ele><time>2026-04-10T14:58:51Z</time></rtept><rtept lat="38.19722" lon="-105.62605"><ele>2782.0</ele><time>2026-04-10T14:58:51Z</time></rtept><rtept lat="38.197323" lon="-105.626279"><ele>2782.2</ele><time>2026-04-10T14:58:51Z</time></rtept><rtept lat="38.197391" lon="-105.626612"><ele>2779.2</ele><time>2026-04-10T14:58:51Z</time></rtept><rtept lat="38.197465" lon="-105.62683"><ele>2776.4</ele><time>2026-04-10T14:58:51Z</time></rtept><rtept lat="38.197559" lon="-105.627082"><ele>2773.6</ele><time>2026-04-10T14:58:51Z</time></rtept><rtept lat="38.19762" lon="-105.627391"><ele>2770.6</ele><time>2026-04-10T14:58:51Z</time></rtept><rtept lat="38.197701" lon="-105.627609"><ele>2769.0</ele><time>2026-04-10T14:58:51Z</time></rtept><rtept lat="38.197837" lon="-105.627759"><ele>2767.0</ele><time>2026-04-10T14:58:51Z</time></rtept><rtept lat="38.197978" lon="-105.627887"><ele>2766.4</ele><time>2026-04-10T14:58:51Z</time></rtept><rtept lat="38.198129" lon="-105.627984"><ele>2765.2</ele><time>2026-04-10T14:58:51Z</time></rtept><rtept lat="38.198334" lon="-105.628042"><ele>2762.0</ele><time>2026-04-10T14:58:51Z</time></rtept><rtept lat="38.198507" lon="-105.628103"><ele>2761.4</ele><time>2026-04-10T14:58:51Z</time></rtept><rtept lat="38.198719" lon="-105.628182"><ele>2760.0</ele><time>2026-04-10T14:58:51Z</time></rtept><rtept lat="38.198854" lon="-105.628346"><ele>2761.0</ele><time>2026-04-10T14:58:51Z</time></rtept><rtept lat="38.198964" lon="-105.628564"><ele>2761.4</ele><time>2026-04-10T14:58:51Z</time></rtept><rtept lat="38.199047" lon="-105.628768"><ele>2762.6</ele><time>2026-04-10T14:58:51Z</time></rtept><rtept lat="38.199146" lon="-105.629085"><ele>2761.0</ele><time>2026-04-10T14:58:51Z</time></rtept><rtept lat="38.199195" lon="-105.629415"><ele>2761.6</ele><time>2026-04-10T14:58:51Z</time></rtept><rtept lat="38.199155" lon="-105.629747"><ele>2763.2</ele><time>2026-04-10T14:58:51Z</time></rtept><rtept lat="38.19903" lon="-105.63035"><ele>2771.6</ele><time>2026-04-10T14:58:51Z</time></rtept><rtept lat="38.198813" lon="-105.63124"><ele>2776.0</ele><time>2026-04-10T14:58:51Z</time></rtept><rtept lat="38.198735" lon="-105.631412"><ele>2777.0</ele><time>2026-04-10T14:58:51Z</time></rtept><rtept lat="38.198663" lon="-105.631577"><ele>2779.0</ele><time>2026-04-10T14:58:51Z</time></rtept><rtept lat="38.198656" lon="-105.631797"><ele>2778.2</ele><time>2026-04-10T14:58:51Z</time></rtept><rtept lat="38.198697" lon="-105.631976"><ele>2776.4</ele><time>2026-04-10T14:58:51Z</time></rtept><rtept lat="38.19876" lon="-105.632213"><ele>2775.2</ele><time>2026-04-10T14:58:51Z</time></rtept><rtept lat="38.19881" lon="-105.632422"><ele>2775.0</ele><time>2026-04-10T14:58:51Z</time></rtept><rtept lat="38.198798" lon="-105.632616"><ele>2779.2</ele><time>2026-04-10T14:58:51Z</time></rtept><rtept lat="38.198695" lon="-105.632816"><ele>2782.8</ele><time>2026-04-10T14:58:51Z</time></rtept><rtept lat="38.19856" lon="-105.63304"><ele>2791.2</ele><time>2026-04-10T14:58:51Z</time></rtept><rtept lat="38.198417" lon="-105.633349"><ele>2798.6</ele><time>2026-04-10T14:58:51Z</time></rtept><rtept lat="38.198391" lon="-105.633616"><ele>2804.0</ele><time>2026-04-10T14:58:51Z</time></rtept><rtept lat="38.198416" lon="-105.633913"><ele>2806.6</ele><time>2026-04-10T14:58:51Z</time></rtept><rtept lat="38.198538" lon="-105.634153"><ele>2806.0</ele><time>2026-04-10T14:58:51Z</time></rtept><rtept lat="38.198762" lon="-105.634398"><ele>2801.6</ele><time>2026-04-10T14:58:51Z</time></rtept><rtept lat="38.198939" lon="-105.634597"><ele>2797.2</ele><time>2026-04-10T14:58:51Z</time></rtept><rtept lat="38.198996" lon="-105.634753"><ele>2798.6</ele><time>2026-04-10T14:58:51Z</time></rtept><rtept lat="38.199134" lon="-105.634845"><ele>2795.0</ele><time>2026-04-10T14:58:51Z</time></rtept><rtept lat="38.199173" lon="-105.634975"><ele>2793.6</ele><time>2026-04-10T14:58:51Z</time></rtept><rtept lat="38.199224" lon="-105.635077"><ele>2792.2</ele><time>2026-04-10T14:58:51Z</time></rtept><rtept lat="38.199196" lon="-105.635223"><ele>2794.8</ele><time>2026-04-10T14:58:51Z</time></rtept><rtept lat="38.199278" lon="-105.635392"><ele>2791.8</ele><time>2026-04-10T14:58:51Z</time></rtept><rtept lat="38.199314" lon="-105.635531"><ele>2791.8</ele><time>2026-04-10T14:58:51Z</time></rtept><rtept lat="38.199285" lon="-105.635637"><ele>2791.6</ele><time>2026-04-10T14:58:51Z</time></rtept><rtept lat="38.199324" lon="-105.635848"><ele>2791.2</ele><time>2026-04-10T14:58:51Z</time></rtept><rtept lat="38.199367" lon="-105.636012"><ele>2789.4</ele><time>2026-04-10T14:58:51Z</time></rtept><rtept lat="38.199296" lon="-105.636249"><ele>2791.0</ele><time>2026-04-10T14:58:51Z</time></rtept><rtept lat="38.199298" lon="-105.636391"><ele>2792.2</ele><time>2026-04-10T14:58:51Z</time></rtept><rtept lat="38.199397" lon="-105.636505"><ele>2792.6</ele><time>2026-04-10T14:58:51Z</time></rtept><rtept lat="38.199622" lon="-105.63659"><ele>2791.8</ele><time>2026-04-10T14:58:51Z</time></rtept><rtept lat="38.1998" lon="-105.636585"><ele>2790.2</ele><time>2026-04-10T14:58:51Z</time></rtept><rtept lat="38.200033" lon="-105.636475"><ele>2785.8</ele><time>2026-04-10T14:58:51Z</time></rtept><rtept lat="38.20017" lon="-105.636392"><ele>2783.0</ele><time>2026-04-10T14:58:51Z</time></rtept><rtept lat="38.200304" lon="-105.636323"><ele>2780.4</ele><time>2026-04-10T14:58:51Z</time></rtept><rtept lat="38.200523" lon="-105.636403"><ele>2781.0</ele><time>2026-04-10T14:58:51Z</time></rtept><rtept lat="38.20067" lon="-105.636471"><ele>2781.6</ele><time>2026-04-10T14:58:51Z</time></rtept><rtept lat="38.200761" lon="-105.636677"><ele>2783.8</ele><time>2026-04-10T14:58:51Z</time></rtept><rtept lat="38.200875" lon="-105.63687"><ele>2786.6</ele><time>2026-04-10T14:58:51Z</time></rtept><rtept lat="38.201148" lon="-105.636843"><ele>2783.2</ele><time>2026-04-10T14:58:51Z</time></rtept><rtept lat="38.201381" lon="-105.636908"><ele>2781.4</ele><time>2026-04-10T14:58:51Z</time></rtept><rtept lat="38.201601" lon="-105.636881"><ele>2777.4</ele><time>2026-04-10T14:58:51Z</time></rtept><rtept lat="38.201918" lon="-105.636836"><ele>2772.2</ele><time>2026-04-10T14:58:51Z</time></rtept><rtept lat="38.202125" lon="-105.63692"><ele>2769.8</ele><time>2026-04-10T14:58:51Z</time></rtept><rtept lat="38.202331" lon="-105.637011"><ele>2767.2</ele><time>2026-04-10T14:58:51Z</time></rtept><rtept lat="38.202473" lon="-105.637075"><ele>2766.0</ele><time>2026-04-10T14:58:51Z</time></rtept><rtept lat="38.20253" lon="-105.637128"><ele>2764.8</ele><time>2026-04-10T14:58:51Z</time></rtept><rtept lat="38.20264" lon="-105.637115"><ele>2763.6</ele><time>2026-04-10T14:58:51Z</time></rtept><rtept lat="38.202778" lon="-105.637233"><ele>2761.6</ele><time>2026-04-10T14:58:51Z</time></rtept><rtept lat="38.202941" lon="-105.637197"><ele>2757.2</ele><time>2026-04-10T14:58:51Z</time></rtept><rtept lat="38.203288" lon="-105.637081"><ele>2747.2</ele><time>2026-04-10T14:58:51Z</time></rtept><rtept lat="38.203555" lon="-105.637101"><ele>2741.4</ele><time>2026-04-10T14:58:51Z</time></rtept><rtept lat="38.203787" lon="-105.637151"><ele>2739.0</ele><time>2026-04-10T14:58:51Z</time></rtept><rtept lat="38.204205" lon="-105.637117"><ele>2727.4</ele><time>2026-04-10T14:58:51Z</time></rtept><rtept lat="38.20457" lon="-105.637226"><ele>2723.0</ele><time>2026-04-10T14:58:51Z</time></rtept><rtept lat="38.204838" lon="-105.637208"><ele>2716.6</ele><time>2026-04-10T14:58:51Z</time></rtept><rtept lat="38.204861" lon="-105.637275"><ele>2718.0</ele><time>2026-04-10T14:58:51Z</time></rtept><rtept lat="38.204861" lon="-105.637275"><ele>2718.0</ele><time>2026-04-10T14:58:51Z</time></rtept><rtept lat="38.204838" lon="-105.637208"><ele>2716.6</ele><time>2026-04-10T14:58:51Z</time></rtept><rtept lat="38.205089" lon="-105.637026"><ele>2706.6</ele><time>2026-04-10T14:58:51Z</time></rtept><rtept lat="38.205407" lon="-105.636929"><ele>2696.4</ele><time>2026-04-10T14:58:51Z</time></rtept><rtept lat="38.205705" lon="-105.636823"><ele>2685.8</ele><time>2026-04-10T14:58:51Z</time></rtept><rtept lat="38.206006" lon="-105.636784"><ele>2680.4</ele><time>2026-04-10T14:58:51Z</time></rtept><rtept lat="38.206186" lon="-105.636975"><ele>2676.6</ele><time>2026-04-10T14:58:51Z</time></rtept><rtept lat="38.206613" lon="-105.637474"><ele>2676.4</ele><time>2026-04-10T14:58:51Z</time></rtept><rtept lat="38.206763" lon="-105.637818"><ele>2679.8</ele><time>2026-04-10T14:58:51Z</time></rtept><rtept lat="38.207038" lon="-105.63806"><ele>2680.4</ele><time>2026-04-10T14:58:51Z</time></rtept><rtept lat="38.207338" lon="-105.638137"><ele>2678.4</ele><time>2026-04-10T14:58:51Z</time></rtept><rtept lat="38.207694" lon="-105.638155"><ele>2677.2</ele><time>2026-04-10T14:58:51Z</time></rtept><rtept lat="38.208036" lon="-105.637989"><ele>2677.0</ele><time>2026-04-10T14:58:51Z</time></rtept><rtept lat="38.208319" lon="-105.637832"><ele>2676.2</ele><time>2026-04-10T14:58:51Z</time></rtept><rtept lat="38.208439" lon="-105.638041"><ele>2680.6</ele><time>2026-04-10T14:58:51Z</time></rtept><rtept lat="38.208547" lon="-105.638108"><ele>2682.6</ele><time>2026-04-10T14:58:51Z</time></rtept><rtept lat="38.209017" lon="-105.638458"><ele>2688.4</ele><time>2026-04-10T14:58:51Z</time></rtept><rtept lat="38.209231" lon="-105.6386"><ele>2688.2</ele><time>2026-04-10T14:58:51Z</time></rtept><rtept lat="38.209231" lon="-105.6386"><ele>2688.2</ele><time>2026-04-10T14:58:51Z</time></rtept><rtept lat="38.209286" lon="-105.638636"><ele>2688.4</ele><time>2026-04-10T14:58:51Z</time></rtept><rtept lat="38.209375" lon="-105.638945"><ele>2689.2</ele><time>2026-04-10T14:58:51Z</time></rtept><rtept lat="38.209364" lon="-105.639357"><ele>2692.4</ele><time>2026-04-10T14:58:51Z</time></rtept><rtept lat="38.209445" lon="-105.639487"><ele>2692.8</ele><time>2026-04-10T14:58:51Z</time></rtept><rtept lat="38.209547" lon="-105.63974"><ele>2693.0</ele><time>2026-04-10T14:58:51Z</time></rtept><rtept lat="38.209767" lon="-105.640041"><ele>2692.6</ele><time>2026-04-10T14:58:51Z</time></rtept><rtept lat="38.210084" lon="-105.640574"><ele>2691.8</ele><time>2026-04-10T14:58:51Z</time></rtept><rtept lat="38.210492" lon="-105.640978"><ele>2686.4</ele><time>2026-04-10T14:58:51Z</time></rtept><rtept lat="38.210613" lon="-105.641179"><ele>2686.2</ele><time>2026-04-10T14:58:51Z</time></rtept><rtept lat="38.211067" lon="-105.641468"><ele>2684.0</ele><time>2026-04-10T14:58:51Z</time></rtept><rtept lat="38.211408" lon="-105.641631"><ele>2679.2</ele><time>2026-04-10T14:58:51Z</time></rtept><rtept lat="38.211629" lon="-105.641846"><ele>2673.8</ele><time>2026-04-10T14:58:51Z</time></rtept><rtept lat="38.211718" lon="-105.642076"><ele>2674.0</ele><time>2026-04-10T14:58:51Z</time></rtept><rtept lat="38.211706" lon="-105.642357"><ele>2672.4</ele><time>2026-04-10T14:58:51Z</time></rtept><rtept lat="38.211677" lon="-105.642687"><ele>2668.2</ele><time>2026-04-10T14:58:51Z</time></rtept><rtept lat="38.211996" lon="-105.642917"><ele>2659.6</ele><time>2026-04-10T14:58:51Z</time></rtept><rtept lat="38.212368" lon="-105.642969"><ele>2658.2</ele><time>2026-04-10T14:58:51Z</time></rtept><rtept lat="38.21271" lon="-105.642925"><ele>2664.0</ele><time>2026-04-10T14:58:51Z</time></rtept><rtept lat="38.213225" lon="-105.64342"><ele>2678.0</ele><time>2026-04-10T14:58:51Z</time></rtept><rtept lat="38.213356" lon="-105.643281"><ele>2677.8</ele><time>2026-04-10T14:58:51Z</time></rtept><rtept lat="38.213522" lon="-105.643155"><ele>2678.2</ele><time>2026-04-10T14:58:51Z</time></rtept><rtept lat="38.213559" lon="-105.643149"><ele>2678.2</ele><time>2026-04-10T14:58:51Z</time></rtept><rtept lat="38.213559" lon="-105.643149"><ele>2678.2</ele><time>2026-04-10T14:58:51Z</time></rtept><rtept lat="38.213896" lon="-105.643091"><ele>2682.4</ele><time>2026-04-10T14:58:51Z</time></rtept><rtept lat="38.214188" lon="-105.643148"><ele>2688.4</ele><time>2026-04-10T14:58:51Z</time></rtept><rtept lat="38.21509" lon="-105.642429"><ele>2688.8</ele><time>2026-04-10T14:58:51Z</time></rtept><rtept lat="38.215545" lon="-105.642256"><ele>2688.0</ele><time>2026-04-10T14:58:51Z</time></rtept><rtept lat="38.215821" lon="-105.64201"><ele>2684.8</ele><time>2026-04-10T14:58:51Z</time></rtept><rtept lat="38.216214" lon="-105.641824"><ele>2680.4</ele><time>2026-04-10T14:58:51Z</time></rtept><rtept lat="38.216418" lon="-105.641885"><ele>2680.6</ele><time>2026-04-10T14:58:51Z</time></rtept><rtept lat="38.21652" lon="-105.641598"><ele>2676.0</ele><time>2026-04-10T14:58:51Z</time></rtept><rtept lat="38.216657" lon="-105.641384"><ele>2673.6</ele><time>2026-04-10T14:58:51Z</time></rtept><rtept lat="38.217081" lon="-105.641515"><ele>2673.2</ele><time>2026-04-10T14:58:51Z</time></rtept><rtept lat="38.21736" lon="-105.641498"><ele>2670.8</ele><time>2026-04-10T14:58:51Z</time></rtept><rtept lat="38.217601" lon="-105.641725"><ele>2674.2</ele><time>2026-04-10T14:58:51Z</time></rtept><rtept lat="38.217824" lon="-105.641759"><ele>2676.2</ele><time>2026-04-10T14:58:51Z</time></rtept><rtept lat="38.218039" lon="-105.641775"><ele>2677.2</ele><time>2026-04-10T14:58:51Z</time></rtept><rtept lat="38.218251" lon="-105.641544"><ele>2675.0</ele><time>2026-04-10T14:58:51Z</time></rtept><rtept lat="38.218474" lon="-105.641379"><ele>2672.4</ele><time>2026-04-10T14:58:51Z</time></rtept><rtept lat="38.21868" lon="-105.641547"><ele>2675.4</ele><time>2026-04-10T14:58:51Z</time></rtept><rtept lat="38.218907" lon="-105.64169"><ele>2676.8</ele><time>2026-04-10T14:58:51Z</time></rtept><rtept lat="38.219353" lon="-105.641857"><ele>2678.8</ele><time>2026-04-10T14:58:51Z</time></rtept><rtept lat="38.219629" lon="-105.642261"><ele>2685.0</ele><time>2026-04-10T14:58:51Z</time></rtept><rtept lat="38.219863" lon="-105.642475"><ele>2688.2</ele><time>2026-04-10T14:58:51Z</time></rtept><rtept lat="38.220063" lon="-105.642597"><ele>2688.6</ele><time>2026-04-10T14:58:51Z</time></rtept><rtept lat="38.220418" lon="-105.642562"><ele>2685.8</ele><time>2026-04-10T14:58:51Z</time></rtept><rtept lat="38.220825" lon="-105.642568"><ele>2682.6</ele><time>2026-04-10T14:58:51Z</time></rtept><rtept lat="38.221164" lon="-105.642622"><ele>2680.8</ele><time>2026-04-10T14:58:51Z</time></rtept><rtept lat="38.221414" lon="-105.642504"><ele>2678.6</ele><time>2026-04-10T14:58:51Z</time></rtept><rtept lat="38.221592" lon="-105.642347"><ele>2675.2</ele><time>2026-04-10T14:58:51Z</time></rtept><rtept lat="38.221859" lon="-105.642243"><ele>2672.6</ele><time>2026-04-10T14:58:51Z</time></rtept><rtept lat="38.222226" lon="-105.642052"><ele>2668.4</ele><time>2026-04-10T14:58:51Z</time></rtept><rtept lat="38.222393" lon="-105.642059"><ele>2667.8</ele><time>2026-04-10T14:58:51Z</time></rtept><rtept lat="38.222536" lon="-105.642132"><ele>2668.2</ele><time>2026-04-10T14:58:51Z</time></rtept><rtept lat="38.222784" lon="-105.642145"><ele>2666.6</ele><time>2026-04-10T14:58:51Z</time></rtept><rtept lat="38.223027" lon="-105.642146"><ele>2665.0</ele><time>2026-04-10T14:58:51Z</time></rtept><rtept lat="38.223167" lon="-105.64221"><ele>2664.0</ele><time>2026-04-10T14:58:51Z</time></rtept><rtept lat="38.223509" lon="-105.642188"><ele>2662.0</ele><time>2026-04-10T14:58:51Z</time></rtept><rtept lat="38.223638" lon="-105.642279"><ele>2662.2</ele><time>2026-04-10T14:58:51Z</time></rtept><rtept lat="38.223787" lon="-105.64237"><ele>2662.6</ele><time>2026-04-10T14:58:51Z</time></rtept><rtept lat="38.223953" lon="-105.642461"><ele>2662.8</ele><time>2026-04-10T14:58:51Z</time></rtept><rtept lat="38.22415" lon="-105.64248"><ele>2662.8</ele><time>2026-04-10T14:58:51Z</time></rtept><rtept lat="38.224259" lon="-105.642584"><ele>2662.8</ele><time>2026-04-10T14:58:51Z</time></rtept><rtept lat="38.224449" lon="-105.642657"><ele>2662.0</ele><time>2026-04-10T14:58:51Z</time></rtept><rtept lat="38.224623" lon="-105.642674"><ele>2661.8</ele><time>2026-04-10T14:58:51Z</time></rtept><rtept lat="38.224814" lon="-105.642632"><ele>2662.0</ele><time>2026-04-10T14:58:51Z</time></rtept><rtept lat="38.225049" lon="-105.642542"><ele>2662.0</ele><time>2026-04-10T14:58:51Z</time></rtept><rtept lat="38.225256" lon="-105.642401"><ele>2660.8</ele><time>2026-04-10T14:58:51Z</time></rtept><rtept lat="38.225379" lon="-105.642309"><ele>2659.2</ele><time>2026-04-10T14:58:51Z</time></rtept><rtept lat="38.22553" lon="-105.642215"><ele>2657.6</ele><time>2026-04-10T14:58:51Z</time></rtept><rtept lat="38.22562" lon="-105.642177"><ele>2655.8</ele><time>2026-04-10T14:58:51Z</time></rtept><rtept lat="38.225766" lon="-105.642244"><ele>2656.8</ele><time>2026-04-10T14:58:51Z</time></rtept><rtept lat="38.225921" lon="-105.642301"><ele>2655.8</ele><time>2026-04-10T14:58:51Z</time></rtept><rtept lat="38.226023" lon="-105.642447"><ele>2656.2</ele><time>2026-04-10T14:58:51Z</time></rtept><rtept lat="38.226158" lon="-105.642568"><ele>2656.8</ele><time>2026-04-10T14:58:51Z</time></rtept><rtept lat="38.22623" lon="-105.642582"><ele>2656.6</ele><time>2026-04-10T14:58:51Z</time></rtept><rtept lat="38.226321" lon="-105.642512"><ele>2655.4</ele><time>2026-04-10T14:58:51Z</time></rtept><rtept lat="38.226406" lon="-105.642372"><ele>2651.8</ele><time>2026-04-10T14:58:51Z</time></rtept><rtept lat="38.226546" lon="-105.64223"><ele>2651.0</ele><time>2026-04-10T14:58:51Z</time></rtept><rtept lat="38.226775" lon="-105.642096"><ele>2648.6</ele><time>2026-04-10T14:58:51Z</time></rtept><rtept lat="38.22707" lon="-105.642042"><ele>2645.6</ele><time>2026-04-10T14:58:51Z</time></rtept><rtept lat="38.227295" lon="-105.642073"><ele>2646.0</ele><time>2026-04-10T14:58:51Z</time></rtept><rtept lat="38.2275" lon="-105.642152"><ele>2646.2</ele><time>2026-04-10T14:58:51Z</time></rtept><rtept lat="38.227681" lon="-105.642194"><ele>2645.0</ele><time>2026-04-10T14:58:51Z</time></rtept><rtept lat="38.227831" lon="-105.642281"><ele>2645.4</ele><time>2026-04-10T14:58:51Z</time></rtept><rtept lat="38.228075" lon="-105.642143"><ele>2642.8</ele><time>2026-04-10T14:58:51Z</time></rtept><rtept lat="38.228375" lon="-105.641898"><ele>2638.6</ele><time>2026-04-10T14:58:51Z</time></rtept><rtept lat="38.228695" lon="-105.641688"><ele>2634.6</ele><time>2026-04-10T14:58:51Z</time></rtept><rtept lat="38.228928" lon="-105.641594"><ele>2633.4</ele><time>2026-04-10T14:58:51Z</time></rtept><rtept lat="38.229093" lon="-105.641629"><ele>2634.0</ele><time>2026-04-10T14:58:51Z</time></rtept><rtept lat="38.229325" lon="-105.641635"><ele>2633.6</ele><time>2026-04-10T14:58:51Z</time></rtept><rtept lat="38.229505" lon="-105.641573"><ele>2632.4</ele><time>2026-04-10T14:58:51Z</time></rtept><rtept lat="38.229708" lon="-105.64144"><ele>2630.0</ele><time>2026-04-10T14:58:51Z</time></rtept><rtept lat="38.230077" lon="-105.641156"><ele>2626.4</ele><time>2026-04-10T14:58:51Z</time></rtept><rtept lat="38.230291" lon="-105.641034"><ele>2624.8</ele><time>2026-04-10T14:58:51Z</time></rtept><rtept lat="38.230501" lon="-105.640908"><ele>2621.8</ele><time>2026-04-10T14:58:51Z</time></rtept><rtept lat="38.23073" lon="-105.640686"><ele>2618.8</ele><time>2026-04-10T14:58:51Z</time></rtept><rtept lat="38.230901" lon="-105.640582"><ele>2615.6</ele><time>2026-04-10T14:58:51Z</time></rtept><rtept lat="38.231022" lon="-105.640592"><ele>2615.2</ele><time>2026-04-10T14:58:51Z</time></rtept><rtept lat="38.231096" lon="-105.640677"><ele>2614.8</ele><time>2026-04-10T14:58:51Z</time></rtept><rtept lat="38.23123" lon="-105.640883"><ele>2612.6</ele><time>2026-04-10T14:58:51Z</time></rtept><rtept lat="38.231282" lon="-105.640982"><ele>2611.0</ele><time>2026-04-10T14:58:51Z</time></rtept><rtept lat="38.231283" lon="-105.641129"><ele>2610.4</ele><time>2026-04-10T14:58:51Z</time></rtept><rtept lat="38.231224" lon="-105.641616"><ele>2610.6</ele><time>2026-04-10T14:58:51Z</time></rtept><rtept lat="38.231178" lon="-105.642135"><ele>2609.0</ele><time>2026-04-10T14:58:51Z</time></rtept><rtept lat="38.231222" lon="-105.642718"><ele>2606.6</ele><time>2026-04-10T14:58:51Z</time></rtept><rtept lat="38.231247" lon="-105.642952"><ele>2603.4</ele><time>2026-04-10T14:58:51Z</time></rtept><rtept lat="38.231311" lon="-105.64329"><ele>2599.6</ele><time>2026-04-10T14:58:51Z</time></rtept><rtept lat="38.231395" lon="-105.643653"><ele>2595.8</ele><time>2026-04-10T14:58:51Z</time></rtept><rtept lat="38.231461" lon="-105.643848"><ele>2592.8</ele><time>2026-04-10T14:58:51Z</time></rtept><rtept lat="38.231461" lon="-105.643848"><ele>2592.8</ele><time>2026-04-10T14:58:51Z</time></rtept><rtept lat="38.231505" lon="-105.643976"><ele>2592.8</ele><time>2026-04-10T14:58:51Z</time></rtept><rtept lat="38.231597" lon="-105.644154"><ele>2588.0</ele><time>2026-04-10T14:58:51Z</time></rtept><rtept lat="38.231741" lon="-105.644299"><ele>2588.2</ele><time>2026-04-10T14:58:51Z</time></rtept><rtept lat="38.231844" lon="-105.644298"><ele>2589.6</ele><time>2026-04-10T14:58:51Z</time></rtept><rtept lat="38.231959" lon="-105.644058"><ele>2585.4</ele><time>2026-04-10T14:58:51Z</time></rtept><rtept lat="38.232242" lon="-105.643725"><ele>2582.0</ele><time>2026-04-10T14:58:51Z</time></rtept><rtept lat="38.232629" lon="-105.643471"><ele>2580.4</ele><time>2026-04-10T14:58:51Z</time></rtept><rtept lat="38.232906" lon="-105.643232"><ele>2575.2</ele><time>2026-04-10T14:58:51Z</time></rtept><rtept lat="38.233137" lon="-105.64282"><ele>2569.8</ele><time>2026-04-10T14:58:51Z</time></rtept><rtept lat="38.233209" lon="-105.642745"><ele>2568.6</ele><time>2026-04-10T14:58:51Z</time></rtept><rtept lat="38.233293" lon="-105.642727"><ele>2567.4</ele><time>2026-04-10T14:58:51Z</time></rtept><rtept lat="38.233369" lon="-105.642677"><ele>2567.0</ele><time>2026-04-10T14:58:51Z</time></rtept><rtept lat="38.233449" lon="-105.642576"><ele>2565.6</ele><time>2026-04-10T14:58:51Z</time></rtept><rtept lat="38.233502" lon="-105.642504"><ele>2564.4</ele><time>2026-04-10T14:58:51Z</time></rtept><rtept lat="38.233577" lon="-105.642465"><ele>2563.0</ele><time>2026-04-10T14:58:51Z</time></rtept><rtept lat="38.233708" lon="-105.642452"><ele>2561.6</ele><time>2026-04-10T14:58:51Z</time></rtept><rtept lat="38.233782" lon="-105.642468"><ele>2560.8</ele><time>2026-04-10T14:58:51Z</time></rtept><rtept lat="38.233856" lon="-105.642442"><ele>2560.0</ele><time>2026-04-10T14:58:51Z</time></rtept><rtept lat="38.234016" lon="-105.642341"><ele>2556.2</ele><time>2026-04-10T14:58:51Z</time></rtept><rtept lat="38.234215" lon="-105.642522"><ele>2556.0</ele><time>2026-04-10T14:58:51Z</time></rtept><rtept lat="38.234311" lon="-105.642658"><ele>2557.6</ele><time>2026-04-10T14:58:51Z</time></rtept><rtept lat="38.234419" lon="-105.642727"><ele>2555.8</ele><time>2026-04-10T14:58:51Z</time></rtept><rtept lat="38.234588" lon="-105.642787"><ele>2555.0</ele><time>2026-04-10T14:58:51Z</time></rtept><rtept lat="38.234681" lon="-105.64285"><ele>2554.0</ele><time>2026-04-10T14:58:51Z</time></rtept><rtept lat="38.234765" lon="-105.642912"><ele>2554.2</ele><time>2026-04-10T14:58:51Z</time></rtept><rtept lat="38.234876" lon="-105.643029"><ele>2554.2</ele><time>2026-04-10T14:58:51Z</time></rtept><rtept lat="38.234918" lon="-105.643087"><ele>2554.4</ele><time>2026-04-10T14:58:51Z</time></rtept><rtept lat="38.235001" lon="-105.643105"><ele>2553.0</ele><time>2026-04-10T14:58:51Z</time></rtept><rtept lat="38.235221" lon="-105.643347"><ele>2551.8</ele><time>2026-04-10T14:58:51Z</time></rtept><rtept lat="38.235463" lon="-105.643665"><ele>2551.8</ele><time>2026-04-10T14:58:51Z</time></rtept><rtept lat="38.235583" lon="-105.643828"><ele>2551.8</ele><time>2026-04-10T14:58:51Z</time></rtept><rtept lat="38.235871" lon="-105.644092"><ele>2550.2</ele><time>2026-04-10T14:58:51Z</time></rtept><rtept lat="38.235965" lon="-105.64419"><ele>2550.0</ele><time>2026-04-10T14:58:51Z</time></rtept><rtept lat="38.236047" lon="-105.644337"><ele>2549.8</ele><time>2026-04-10T14:58:51Z</time></rtept><rtept lat="38.236102" lon="-105.644482"><ele>2550.6</ele><time>2026-04-10T14:58:51Z</time></rtept><rtept lat="38.23619" lon="-105.644756"><ele>2552.2</ele><time>2026-04-10T14:58:51Z</time></rtept><rtept lat="38.236233" lon="-105.644875"><ele>2552.6</ele><time>2026-04-10T14:58:51Z</time></rtept><rtept lat="38.236301" lon="-105.645"><ele>2552.0</ele><time>2026-04-10T14:58:51Z</time></rtept><rtept lat="38.23636" lon="-105.645125"><ele>2551.4</ele><time>2026-04-10T14:58:51Z</time></rtept><rtept lat="38.236474" lon="-105.64524"><ele>2551.6</ele><time>2026-04-10T14:58:51Z</time></rtept><rtept lat="38.236568" lon="-105.645433"><ele>2550.8</ele><time>2026-04-10T14:58:51Z</time></rtept><rtept lat="38.236752" lon="-105.645711"><ele>2551.0</ele><time>2026-04-10T14:58:51Z</time></rtept><rtept lat="38.23681" lon="-105.645824"><ele>2551.6</ele><time>2026-04-10T14:58:51Z</time></rtept><rtept lat="38.236912" lon="-105.645946"><ele>2550.2</ele><time>2026-04-10T14:58:51Z</time></rtept><rtept lat="38.236973" lon="-105.646069"><ele>2549.8</ele><time>2026-04-10T14:58:51Z</time></rtept><rtept lat="38.237048" lon="-105.646165"><ele>2550.0</ele><time>2026-04-10T14:58:51Z</time></rtept><rtept lat="38.237122" lon="-105.646208"><ele>2549.2</ele><time>2026-04-10T14:58:51Z</time></rtept><rtept lat="38.237195" lon="-105.646326"><ele>2549.2</ele><time>2026-04-10T14:58:51Z</time></rtept><rtept lat="38.237218" lon="-105.646466"><ele>2551.0</ele><time>2026-04-10T14:58:51Z</time></rtept><rtept lat="38.237258" lon="-105.646522"><ele>2552.2</ele><time>2026-04-10T14:58:51Z</time></rtept><rtept lat="38.23732" lon="-105.646531"><ele>2551.8</ele><time>2026-04-10T14:58:51Z</time></rtept><rtept lat="38.237442" lon="-105.646669"><ele>2552.6</ele><time>2026-04-10T14:58:51Z</time></rtept><rtept lat="38.237523" lon="-105.64676"><ele>2553.6</ele><time>2026-04-10T14:58:51Z</time></rtept><rtept lat="38.237592" lon="-105.646856"><ele>2555.8</ele><time>2026-04-10T14:58:51Z</time></rtept><rtept lat="38.237778" lon="-105.64713"><ele>2558.4</ele><time>2026-04-10T14:58:51Z</time></rtept><rtept lat="38.237965" lon="-105.647311"><ele>2560.2</ele><time>2026-04-10T14:58:51Z</time></rtept><rtept lat="38.238076" lon="-105.647432"><ele>2560.6</ele><time>2026-04-10T14:58:51Z</time></rtept><rtept lat="38.238124" lon="-105.64753"><ele>2561.4</ele><time>2026-04-10T14:58:51Z</time></rtept><rtept lat="38.238232" lon="-105.647652"><ele>2562.8</ele><time>2026-04-10T14:58:51Z</time></rtept><rtept lat="38.238332" lon="-105.647835"><ele>2563.6</ele><time>2026-04-10T14:58:51Z</time></rtept><rtept lat="38.238398" lon="-105.647938"><ele>2563.8</ele><time>2026-04-10T14:58:51Z</time></rtept><rtept lat="38.238607" lon="-105.648142"><ele>2565.4</ele><time>2026-04-10T14:58:51Z</time></rtept><rtept lat="38.238759" lon="-105.648271"><ele>2566.2</ele><time>2026-04-10T14:58:51Z</time></rtept><rtept lat="38.238847" lon="-105.648266"><ele>2566.2</ele><time>2026-04-10T14:58:51Z</time></rtept><rtept lat="38.239022" lon="-105.648378"><ele>2566.8</ele><time>2026-04-10T14:58:51Z</time></rtept><rtept lat="38.239092" lon="-105.64842"><ele>2567.6</ele><time>2026-04-10T14:58:51Z</time></rtept><rtept lat="38.239176" lon="-105.648536"><ele>2568.4</ele><time>2026-04-10T14:58:51Z</time></rtept><rtept lat="38.239237" lon="-105.648682"><ele>2570.4</ele><time>2026-04-10T14:58:51Z</time></rtept><rtept lat="38.239444" lon="-105.649313"><ele>2576.4</ele><time>2026-04-10T14:58:51Z</time></rtept><rtept lat="38.239469" lon="-105.649523"><ele>2579.0</ele><time>2026-04-10T14:58:51Z</time></rtept><rtept lat="38.239567" lon="-105.649987"><ele>2584.0</ele><time>2026-04-10T14:58:51Z</time></rtept><rtept lat="38.239867" lon="-105.651379"><ele>2595.8</ele><time>2026-04-10T14:58:51Z</time></rtept><rtept lat="38.239964" lon="-105.651722"><ele>2598.6</ele><time>2026-04-10T14:58:51Z</time></rtept><rtept lat="38.239953" lon="-105.651819"><ele>2599.4</ele><time>2026-04-10T14:58:51Z</time></rtept><rtept lat="38.239975" lon="-105.651893"><ele>2600.0</ele><time>2026-04-10T14:58:51Z</time></rtept><rtept lat="38.240121" lon="-105.652287"><ele>2602.2</ele><time>2026-04-10T14:58:51Z</time></rtept><rtept lat="38.240175" lon="-105.652427"><ele>2602.2</ele><time>2026-04-10T14:58:51Z</time></rtept><rtept lat="38.240228" lon="-105.652631"><ele>2603.2</ele><time>2026-04-10T14:58:51Z</time></rtept><rtept lat="38.240334" lon="-105.652907"><ele>2604.6</ele><time>2026-04-10T14:58:51Z</time></rtept><rtept lat="38.240327" lon="-105.653035"><ele>2605.8</ele><time>2026-04-10T14:58:51Z</time></rtept><rtept lat="38.240406" lon="-105.653284"><ele>2605.6</ele><time>2026-04-10T14:58:51Z</time></rtept><rtept lat="38.240486" lon="-105.65368"><ele>2608.2</ele><time>2026-04-10T14:58:51Z</time></rtept><rtept lat="38.240554" lon="-105.654243"><ele>2612.2</ele><time>2026-04-10T14:58:51Z</time></rtept><rtept lat="38.240609" lon="-105.654519"><ele>2613.8</ele><time>2026-04-10T14:58:51Z</time></rtept><rtept lat="38.24061" lon="-105.654623"><ele>2614.6</ele><time>2026-04-10T14:58:51Z</time></rtept><rtept lat="38.240517" lon="-105.654676"><ele>2616.6</ele><time>2026-04-10T14:58:51Z</time></rtept><rtept lat="38.240419" lon="-105.65472"><ele>2617.2</ele><time>2026-04-10T14:58:51Z</time></rtept><rtept lat="38.240379" lon="-105.654791"><ele>2618.6</ele><time>2026-04-10T14:58:51Z</time></rtept><rtept lat="38.24042" lon="-105.654962"><ele>2619.4</ele><time>2026-04-10T14:58:51Z</time></rtept><rtept lat="38.240452" lon="-105.65509"><ele>2620.8</ele><time>2026-04-10T14:58:51Z</time></rtept><rtept lat="38.240501" lon="-105.655296"><ele>2621.4</ele><time>2026-04-10T14:58:51Z</time></rtept><rtept lat="38.240492" lon="-105.655436"><ele>2622.8</ele><time>2026-04-10T14:58:51Z</time></rtept><rtept lat="38.240478" lon="-105.655587"><ele>2623.6</ele><time>2026-04-10T14:58:51Z</time></rtept><rtept lat="38.24054" lon="-105.655827"><ele>2625.4</ele><time>2026-04-10T14:58:51Z</time></rtept><rtept lat="38.240598" lon="-105.656061"><ele>2628.2</ele><time>2026-04-10T14:58:51Z</time></rtept><rtept lat="38.24062" lon="-105.65614"><ele>2628.2</ele><time>2026-04-10T14:58:51Z</time></rtept><rtept lat="38.240621" lon="-105.656273"><ele>2629.2</ele><time>2026-04-10T14:58:51Z</time></rtept><rtept lat="38.240654" lon="-105.656379"><ele>2631.0</ele><time>2026-04-10T14:58:51Z</time></rtept><rtept lat="38.240681" lon="-105.656456"><ele>2630.2</ele><time>2026-04-10T14:58:51Z</time></rtept><rtept lat="38.240737" lon="-105.656526"><ele>2631.2</ele><time>2026-04-10T14:58:51Z</time></rtept><rtept lat="38.24081" lon="-105.656643"><ele>2631.4</ele><time>2026-04-10T14:58:51Z</time></rtept><rtept lat="38.240867" lon="-105.656745"><ele>2632.2</ele><time>2026-04-10T14:58:51Z</time></rtept><rtept lat="38.240931" lon="-105.656892"><ele>2633.2</ele><time>2026-04-10T14:58:51Z</time></rtept><rtept lat="38.240996" lon="-105.657016"><ele>2633.2</ele><time>2026-04-10T14:58:51Z</time></rtept><rtept lat="38.241024" lon="-105.65704"><ele>2632.4</ele><time>2026-04-10T14:58:51Z</time></rtept><rtept lat="38.241033" lon="-105.657049"><ele>2632.4</ele><time>2026-04-10T14:58:51Z</time></rtept><rtept lat="38.241062" lon="-105.657079"><ele>2633.2</ele><time>2026-04-10T14:58:51Z</time></rtept><rtept lat="38.241115" lon="-105.657176"><ele>2633.4</ele><time>2026-04-10T14:58:51Z</time></rtept><rtept lat="38.241162" lon="-105.657237"><ele>2633.4</ele><time>2026-04-10T14:58:51Z</time></rtept><rtept lat="38.241162" lon="-105.657237"><ele>2633.4</ele><time>2026-04-10T14:58:51Z</time></rtept><rtept lat="38.241181" lon="-105.657261"><ele>2633.4</ele><time>2026-04-10T14:58:51Z</time></rtept><rtept lat="38.241289" lon="-105.657321"><ele>2632.8</ele><time>2026-04-10T14:58:51Z</time></rtept><rtept lat="38.241397" lon="-105.657386"><ele>2632.0</ele><time>2026-04-10T14:58:51Z</time></rtept><rtept lat="38.241451" lon="-105.657435"><ele>2632.0</ele><time>2026-04-10T14:58:51Z</time></rtept><rtept lat="38.241514" lon="-105.657496"><ele>2632.0</ele><time>2026-04-10T14:58:51Z</time></rtept><rtept lat="38.24165" lon="-105.657559"><ele>2630.6</ele><time>2026-04-10T14:58:51Z</time></rtept><rtept lat="38.241777" lon="-105.657639"><ele>2629.8</ele><time>2026-04-10T14:58:51Z</time></rtept><rtept lat="38.241883" lon="-105.657703"><ele>2629.8</ele><time>2026-04-10T14:58:51Z</time></rtept><rtept lat="38.242089" lon="-105.657722"><ele>2627.6</ele><time>2026-04-10T14:58:51Z</time></rtept><rtept lat="38.242262" lon="-105.657698"><ele>2625.4</ele><time>2026-04-10T14:58:51Z</time></rtept><rtept lat="38.242436" lon="-105.657662"><ele>2622.8</ele><time>2026-04-10T14:58:51Z</time></rtept><rtept lat="38.242597" lon="-105.657641"><ele>2621.6</ele><time>2026-04-10T14:58:51Z</time></rtept><rtept lat="38.242697" lon="-105.657642"><ele>2620.6</ele><time>2026-04-10T14:58:51Z</time></rtept><rtept lat="38.242826" lon="-105.657664"><ele>2620.6</ele><time>2026-04-10T14:58:51Z</time></rtept><rtept lat="38.242928" lon="-105.657663"><ele>2618.8</ele><time>2026-04-10T14:58:51Z</time></rtept><rtept lat="38.243049" lon="-105.657693"><ele>2618.4</ele><time>2026-04-10T14:58:51Z</time></rtept><rtept lat="38.243155" lon="-105.657751"><ele>2618.6</ele><time>2026-04-10T14:58:51Z</time></rtept><rtept lat="38.243224" lon="-105.657855"><ele>2618.8</ele><time>2026-04-10T14:58:51Z</time></rtept><rtept lat="38.243316" lon="-105.657993"><ele>2618.2</ele><time>2026-04-10T14:58:51Z</time></rtept><rtept lat="38.243406" lon="-105.658086"><ele>2618.2</ele><time>2026-04-10T14:58:51Z</time></rtept><rtept lat="38.243503" lon="-105.658183"><ele>2618.8</ele><time>2026-04-10T14:58:51Z</time></rtept><rtept lat="38.243607" lon="-105.658339"><ele>2618.0</ele><time>2026-04-10T14:58:51Z</time></rtept><rtept lat="38.243757" lon="-105.658565"><ele>2617.6</ele><time>2026-04-10T14:58:51Z</time></rtept><rtept lat="38.243815" lon="-105.658738"><ele>2617.0</ele><time>2026-04-10T14:58:51Z</time></rtept><rtept lat="38.243832" lon="-105.659005"><ele>2618.4</ele><time>2026-04-10T14:58:51Z</time></rtept><rtept lat="38.243879" lon="-105.659253"><ele>2617.2</ele><time>2026-04-10T14:58:51Z</time></rtept><rtept lat="38.243898" lon="-105.659667"><ele>2618.0</ele><time>2026-04-10T14:58:51Z</time></rtept><rtept lat="38.243928" lon="-105.660059"><ele>2613.6</ele><time>2026-04-10T14:58:51Z</time></rtept><rtept lat="38.243916" lon="-105.660351"><ele>2612.2</ele><time>2026-04-10T14:58:51Z</time></rtept><rtept lat="38.243916" lon="-105.660475"><ele>2612.0</ele><time>2026-04-10T14:58:51Z</time></rtept><rtept lat="38.243964" lon="-105.660655"><ele>2611.4</ele><time>2026-04-10T14:58:51Z</time></rtept><rtept lat="38.243984" lon="-105.66098"><ele>2608.2</ele><time>2026-04-10T14:58:51Z</time></rtept><rtept lat="38.244009" lon="-105.66143"><ele>2610.2</ele><time>2026-04-10T14:58:51Z</time></rtept><rtept lat="38.244012" lon="-105.661652"><ele>2611.4</ele><time>2026-04-10T14:58:51Z</time></rtept><rtept lat="38.243999" lon="-105.661885"><ele>2615.4</ele><time>2026-04-10T14:58:51Z</time></rtept><rtept lat="38.243968" lon="-105.662029"><ele>2618.0</ele><time>2026-04-10T14:58:51Z</time></rtept><rtept lat="38.243984" lon="-105.662244"><ele>2618.6</ele><time>2026-04-10T14:58:51Z</time></rtept><rtept lat="38.244002" lon="-105.662354"><ele>2619.0</ele><time>2026-04-10T14:58:51Z</time></rtept><rtept lat="38.244001" lon="-105.662506"><ele>2619.6</ele><time>2026-04-10T14:58:51Z</time></rtept><rtept lat="38.24404" lon="-105.662604"><ele>2619.8</ele><time>2026-04-10T14:58:51Z</time></rtept><rtept lat="38.244057" lon="-105.662705"><ele>2619.8</ele><time>2026-04-10T14:58:51Z</time></rtept><rtept lat="38.244037" lon="-105.662871"><ele>2621.4</ele><time>2026-04-10T14:58:51Z</time></rtept><rtept lat="38.244067" lon="-105.662997"><ele>2621.4</ele><time>2026-04-10T14:58:51Z</time></rtept><rtept lat="38.244089" lon="-105.66309"><ele>2621.6</ele><time>2026-04-10T14:58:51Z</time></rtept><rtept lat="38.244073" lon="-105.663214"><ele>2622.0</ele><time>2026-04-10T14:58:51Z</time></rtept><rtept lat="38.24415" lon="-105.663316"><ele>2621.2</ele><time>2026-04-10T14:58:51Z</time></rtept><rtept lat="38.244195" lon="-105.663436"><ele>2620.8</ele><time>2026-04-10T14:58:51Z</time></rtept><rtept lat="38.244242" lon="-105.663536"><ele>2621.2</ele><time>2026-04-10T14:58:51Z</time></rtept><rtept lat="38.244264" lon="-105.663661"><ele>2621.6</ele><time>2026-04-10T14:58:51Z</time></rtept><rtept lat="38.24427" lon="-105.663759"><ele>2625.2</ele><time>2026-04-10T14:58:51Z</time></rtept><rtept lat="38.244329" lon="-105.663838"><ele>2625.8</ele><time>2026-04-10T14:58:51Z</time></rtept><rtept lat="38.244537" lon="-105.663785"><ele>2629.8</ele><time>2026-04-10T14:58:51Z</time></rtept><rtept lat="38.244784" lon="-105.663696"><ele>2631.0</ele><time>2026-04-10T14:58:51Z</time></rtept><rtept lat="38.245103" lon="-105.66355"><ele>2632.4</ele><time>2026-04-10T14:58:51Z</time></rtept><rtept lat="38.24541" lon="-105.663404"><ele>2634.8</ele><time>2026-04-10T14:58:51Z</time></rtept><rtept lat="38.245537" lon="-105.663333"><ele>2635.8</ele><time>2026-04-10T14:58:51Z</time></rtept><rtept lat="38.245575" lon="-105.663319"><ele>2634.0</ele><time>2026-04-10T14:58:51Z</time></rtept><rtept lat="38.245608" lon="-105.66333"><ele>2635.6</ele><time>2026-04-10T14:58:51Z</time></rtept><rtept lat="38.245619" lon="-105.663375"><ele>2635.6</ele><time>2026-04-10T14:58:51Z</time></rtept><rtept lat="38.245619" lon="-105.663442"><ele>2636.4</ele><time>2026-04-10T14:58:51Z</time></rtept><rtept lat="38.245611" lon="-105.663769"><ele>2639.2</ele><time>2026-04-10T14:58:51Z</time></rtept><rtept lat="38.245621" lon="-105.66388"><ele>2639.8</ele><time>2026-04-10T14:58:51Z</time></rtept><rtept lat="38.245649" lon="-105.664012"><ele>2640.6</ele><time>2026-04-10T14:58:51Z</time></rtept><rtept lat="38.245626" lon="-105.664122"><ele>2641.8</ele><time>2026-04-10T14:58:51Z</time></rtept><rtept lat="38.245601" lon="-105.664239"><ele>2642.6</ele><time>2026-04-10T14:58:51Z</time></rtept><rtept lat="38.245602" lon="-105.664304"><ele>2643.4</ele><time>2026-04-10T14:58:51Z</time></rtept><rtept lat="38.245635" lon="-105.664391"><ele>2644.0</ele><time>2026-04-10T14:58:51Z</time></rtept><rtept lat="38.245665" lon="-105.664492"><ele>2644.0</ele><time>2026-04-10T14:58:51Z</time></rtept><rtept lat="38.245662" lon="-105.664618"><ele>2646.0</ele><time>2026-04-10T14:58:51Z</time></rtept><rtept lat="38.245661" lon="-105.664815"><ele>2647.2</ele><time>2026-04-10T14:58:51Z</time></rtept><rtept lat="38.245694" lon="-105.665097"><ele>2648.0</ele><time>2026-04-10T14:58:51Z</time></rtept><rtept lat="38.245712" lon="-105.665298"><ele>2649.0</ele><time>2026-04-10T14:58:51Z</time></rtept><rtept lat="38.245715" lon="-105.665322"><ele>2649.6</ele><time>2026-04-10T14:58:51Z</time></rtept><rtept lat="38.245733" lon="-105.665493"><ele>2649.8</ele><time>2026-04-10T14:58:51Z</time></rtept><rtept lat="38.245746" lon="-105.665601"><ele>2650.2</ele><time>2026-04-10T14:58:51Z</time></rtept><rtept lat="38.245732" lon="-105.66569"><ele>2650.8</ele><time>2026-04-10T14:58:51Z</time></rtept><rtept lat="38.245794" lon="-105.666171"><ele>2653.6</ele><time>2026-04-10T14:58:51Z</time></rtept><rtept lat="38.245821" lon="-105.666304"><ele>2653.4</ele><time>2026-04-10T14:58:51Z</time></rtept><rtept lat="38.245822" lon="-105.666389"><ele>2653.8</ele><time>2026-04-10T14:58:51Z</time></rtept><rtept lat="38.245866" lon="-105.666602"><ele>2654.6</ele><time>2026-04-10T14:58:51Z</time></rtept><rtept lat="38.245885" lon="-105.667024"><ele>2656.8</ele><time>2026-04-10T14:58:51Z</time></rtept><rtept lat="38.245887" lon="-105.66738"><ele>2658.6</ele><time>2026-04-10T14:58:51Z</time></rtept><rtept lat="38.245884" lon="-105.667525"><ele>2659.0</ele><time>2026-04-10T14:58:51Z</time></rtept><rtept lat="38.245858" lon="-105.667643"><ele>2660.6</ele><time>2026-04-10T14:58:51Z</time></rtept><rtept lat="38.245807" lon="-105.667738"><ele>2661.0</ele><time>2026-04-10T14:58:51Z</time></rtept><rtept lat="38.245772" lon="-105.667883"><ele>2662.8</ele><time>2026-04-10T14:58:51Z</time></rtept><rtept lat="38.245762" lon="-105.667979"><ele>2663.2</ele><time>2026-04-10T14:58:51Z</time></rtept><rtept lat="38.245764" lon="-105.66816"><ele>2664.2</ele><time>2026-04-10T14:58:51Z</time></rtept><rtept lat="38.245768" lon="-105.668307"><ele>2665.2</ele><time>2026-04-10T14:58:51Z</time></rtept><rtept lat="38.245745" lon="-105.668437"><ele>2665.8</ele><time>2026-04-10T14:58:51Z</time></rtept><rtept lat="38.245821" lon="-105.668939"><ele>2668.6</ele><time>2026-04-10T14:58:51Z</time></rtept><rtept lat="38.245838" lon="-105.669069"><ele>2669.2</ele><time>2026-04-10T14:58:51Z</time></rtept><rtept lat="38.245875" lon="-105.66915"><ele>2669.2</ele><time>2026-04-10T14:58:51Z</time></rtept><rtept lat="38.245919" lon="-105.669252"><ele>2670.2</ele><time>2026-04-10T14:58:51Z</time></rtept><rtept lat="38.245951" lon="-105.669324"><ele>2669.6</ele><time>2026-04-10T14:58:51Z</time></rtept><rtept lat="38.246012" lon="-105.669457"><ele>2670.2</ele><time>2026-04-10T14:58:51Z</time></rtept><rtept lat="38.246088" lon="-105.669646"><ele>2670.8</ele><time>2026-04-10T14:58:51Z</time></rtept><rtept lat="38.246141" lon="-105.669716"><ele>2670.8</ele><time>2026-04-10T14:58:51Z</time></rtept><rtept lat="38.246235" lon="-105.669764"><ele>2670.2</ele><time>2026-04-10T14:58:51Z</time></rtept><rtept lat="38.246282" lon="-105.669808"><ele>2670.0</ele><time>2026-04-10T14:58:51Z</time></rtept><rtept lat="38.24633" lon="-105.669909"><ele>2670.8</ele><time>2026-04-10T14:58:51Z</time></rtept><rtept lat="38.246428" lon="-105.670046"><ele>2670.6</ele><time>2026-04-10T14:58:51Z</time></rtept><rtept lat="38.246496" lon="-105.670165"><ele>2670.6</ele><time>2026-04-10T14:58:51Z</time></rtept><rtept lat="38.246619" lon="-105.670279"><ele>2669.8</ele><time>2026-04-10T14:58:51Z</time></rtept><rtept lat="38.246737" lon="-105.670346"><ele>2669.6</ele><time>2026-04-10T14:58:51Z</time></rtept><rtept lat="38.246853" lon="-105.670406"><ele>2668.2</ele><time>2026-04-10T14:58:51Z</time></rtept><rtept lat="38.246934" lon="-105.670465"><ele>2667.6</ele><time>2026-04-10T14:58:51Z</time></rtept><rtept lat="38.246972" lon="-105.670563"><ele>2667.4</ele><time>2026-04-10T14:58:51Z</time></rtept><rtept lat="38.246998" lon="-105.670638"><ele>2668.2</ele><time>2026-04-10T14:58:51Z</time></rtept><rtept lat="38.247019" lon="-105.670809"><ele>2669.8</ele><time>2026-04-10T14:58:51Z</time></rtept><rtept lat="38.247018" lon="-105.670939"><ele>2671.0</ele><time>2026-04-10T14:58:51Z</time></rtept><rtept lat="38.247028" lon="-105.671081"><ele>2673.4</ele><time>2026-04-10T14:58:51Z</time></rtept><rtept lat="38.247042" lon="-105.671157"><ele>2674.6</ele><time>2026-04-10T14:58:51Z</time></rtept><rtept lat="38.247079" lon="-105.671196"><ele>2673.8</ele><time>2026-04-10T14:58:51Z</time></rtept><rtept lat="38.247149" lon="-105.671225"><ele>2674.4</ele><time>2026-04-10T14:58:51Z</time></rtept><rtept lat="38.247207" lon="-105.671288"><ele>2674.4</ele><time>2026-04-10T14:58:51Z</time></rtept><rtept lat="38.247243" lon="-105.67133"><ele>2674.8</ele><time>2026-04-10T14:58:51Z</time></rtept><rtept lat="38.247223" lon="-105.671562"><ele>2677.0</ele><time>2026-04-10T14:58:51Z</time></rtept><rtept lat="38.24719" lon="-105.671683"><ele>2679.8</ele><time>2026-04-10T14:58:51Z</time></rtept><rtept lat="38.247142" lon="-105.671801"><ele>2681.6</ele><time>2026-04-10T14:58:51Z</time></rtept><rtept lat="38.24709" lon="-105.671911"><ele>2682.8</ele><time>2026-04-10T14:58:51Z</time></rtept><rtept lat="38.247073" lon="-105.671958"><ele>2684.6</ele><time>2026-04-10T14:58:51Z</time></rtept><rtept lat="38.2471" lon="-105.672118"><ele>2686.2</ele><time>2026-04-10T14:58:51Z</time></rtept><rtept lat="38.247122" lon="-105.672268"><ele>2688.6</ele><time>2026-04-10T14:58:51Z</time></rtept><rtept lat="38.247112" lon="-105.672347"><ele>2690.0</ele><time>2026-04-10T14:58:51Z</time></rtept><rtept lat="38.24716" lon="-105.67254"><ele>2691.6</ele><time>2026-04-10T14:58:51Z</time></rtept><rtept lat="38.247194" lon="-105.672703"><ele>2694.0</ele><time>2026-04-10T14:58:51Z</time></rtept><rtept lat="38.247236" lon="-105.672818"><ele>2694.4</ele><time>2026-04-10T14:58:51Z</time></rtept><rtept lat="38.247272" lon="-105.672922"><ele>2695.6</ele><time>2026-04-10T14:58:51Z</time></rtept><rtept lat="38.247295" lon="-105.672972"><ele>2695.8</ele><time>2026-04-10T14:58:51Z</time></rtept><rtept lat="38.247348" lon="-105.673025"><ele>2695.8</ele><time>2026-04-10T14:58:51Z</time></rtept><rtept lat="38.247387" lon="-105.673062"><ele>2696.2</ele><time>2026-04-10T14:58:51Z</time></rtept><rtept lat="38.247459" lon="-105.673134"><ele>2696.2</ele><time>2026-04-10T14:58:51Z</time></rtept><rtept lat="38.24752" lon="-105.673162"><ele>2695.2</ele><time>2026-04-10T14:58:51Z</time></rtept><rtept lat="38.247601" lon="-105.673153"><ele>2694.4</ele><time>2026-04-10T14:58:51Z</time></rtept><rtept lat="38.24769" lon="-105.67316"><ele>2692.6</ele><time>2026-04-10T14:58:51Z</time></rtept><rtept lat="38.247783" lon="-105.673213"><ele>2692.8</ele><time>2026-04-10T14:58:51Z</time></rtept><rtept lat="38.247856" lon="-105.673262"><ele>2692.0</ele><time>2026-04-10T14:58:51Z</time></rtept><rtept lat="38.247934" lon="-105.673313"><ele>2692.4</ele><time>2026-04-10T14:58:51Z</time></rtept><rtept lat="38.248014" lon="-105.673364"><ele>2691.8</ele><time>2026-04-10T14:58:51Z</time></rtept><rtept lat="38.248107" lon="-105.673367"><ele>2690.4</ele><time>2026-04-10T14:58:51Z</time></rtept><rtept lat="38.248199" lon="-105.673333"><ele>2689.8</ele><time>2026-04-10T14:58:51Z</time></rtept><rtept lat="38.248273" lon="-105.673317"><ele>2689.2</ele><time>2026-04-10T14:58:51Z</time></rtept><rtept lat="38.248346" lon="-105.673342"><ele>2688.6</ele><time>2026-04-10T14:58:51Z</time></rtept><rtept lat="38.248433" lon="-105.673385"><ele>2688.6</ele><time>2026-04-10T14:58:51Z</time></rtept><rtept lat="38.248549" lon="-105.673456"><ele>2688.0</ele><time>2026-04-10T14:58:51Z</time></rtept><rtept lat="38.24863" lon="-105.67354"><ele>2688.0</ele><time>2026-04-10T14:58:51Z</time></rtept><rtept lat="38.248727" lon="-105.67363"><ele>2689.2</ele><time>2026-04-10T14:58:51Z</time></rtept><rtept lat="38.248802" lon="-105.673697"><ele>2688.6</ele><time>2026-04-10T14:58:51Z</time></rtept><rtept lat="38.248925" lon="-105.673728"><ele>2688.2</ele><time>2026-04-10T14:58:51Z</time></rtept><rtept lat="38.249011" lon="-105.673778"><ele>2687.6</ele><time>2026-04-10T14:58:51Z</time></rtept><rtept lat="38.249093" lon="-105.673807"><ele>2688.2</ele><time>2026-04-10T14:58:51Z</time></rtept><rtept lat="38.249172" lon="-105.673851"><ele>2687.8</ele><time>2026-04-10T14:58:51Z</time></rtept><rtept lat="38.249267" lon="-105.673857"><ele>2687.8</ele><time>2026-04-10T14:58:51Z</time></rtept><rtept lat="38.24939" lon="-105.673811"><ele>2687.8</ele><time>2026-04-10T14:58:51Z</time></rtept><rtept lat="38.249574" lon="-105.673688"><ele>2686.2</ele><time>2026-04-10T14:58:51Z</time></rtept><rtept lat="38.249674" lon="-105.67357"><ele>2685.2</ele><time>2026-04-10T14:58:51Z</time></rtept><rtept lat="38.249748" lon="-105.673476"><ele>2684.2</ele><time>2026-04-10T14:58:51Z</time></rtept><rtept lat="38.249837" lon="-105.673329"><ele>2682.2</ele><time>2026-04-10T14:58:51Z</time></rtept><rtept lat="38.249911" lon="-105.673189"><ele>2680.2</ele><time>2026-04-10T14:58:51Z</time></rtept><rtept lat="38.250003" lon="-105.673025"><ele>2678.4</ele><time>2026-04-10T14:58:51Z</time></rtept><rtept lat="38.250053" lon="-105.672851"><ele>2676.6</ele><time>2026-04-10T14:58:51Z</time></rtept><rtept lat="38.250101" lon="-105.672822"><ele>2676.6</ele><time>2026-04-10T14:58:51Z</time></rtept><rtept lat="38.250191" lon="-105.672795"><ele>2676.8</ele><time>2026-04-10T14:58:51Z</time></rtept><rtept lat="38.250297" lon="-105.672708"><ele>2676.0</ele><time>2026-04-10T14:58:51Z</time></rtept><rtept lat="38.250342" lon="-105.672641"><ele>2675.2</ele><time>2026-04-10T14:58:51Z</time></rtept><rtept lat="38.250412" lon="-105.672608"><ele>2675.2</ele><time>2026-04-10T14:58:51Z</time></rtept><rtept lat="38.250539" lon="-105.672549"><ele>2674.6</ele><time>2026-04-10T14:58:51Z</time></rtept><rtept lat="38.250654" lon="-105.672521"><ele>2674.8</ele><time>2026-04-10T14:58:51Z</time></rtept><rtept lat="38.250757" lon="-105.672501"><ele>2674.0</ele><time>2026-04-10T14:58:51Z</time></rtept><rtept lat="38.250822" lon="-105.672457"><ele>2674.4</ele><time>2026-04-10T14:58:51Z</time></rtept><rtept lat="38.250956" lon="-105.672368"><ele>2673.8</ele><time>2026-04-10T14:58:51Z</time></rtept><rtept lat="38.251089" lon="-105.672299"><ele>2673.6</ele><time>2026-04-10T14:58:51Z</time></rtept><rtept lat="38.251217" lon="-105.672268"><ele>2674.0</ele><time>2026-04-10T14:58:51Z</time></rtept><rtept lat="38.251289" lon="-105.672283"><ele>2674.2</ele><time>2026-04-10T14:58:51Z</time></rtept><rtept lat="38.251383" lon="-105.672307"><ele>2674.4</ele><time>2026-04-10T14:58:51Z</time></rtept><rtept lat="38.251495" lon="-105.672369"><ele>2675.6</ele><time>2026-04-10T14:58:51Z</time></rtept><rtept lat="38.251599" lon="-105.672403"><ele>2675.6</ele><time>2026-04-10T14:58:51Z</time></rtept><rtept lat="38.251697" lon="-105.672438"><ele>2676.2</ele><time>2026-04-10T14:58:51Z</time></rtept><rtept lat="38.251778" lon="-105.672461"><ele>2676.2</ele><time>2026-04-10T14:58:51Z</time></rtept><rtept lat="38.251863" lon="-105.672523"><ele>2676.8</ele><time>2026-04-10T14:58:51Z</time></rtept><rtept lat="38.251967" lon="-105.672538"><ele>2676.2</ele><time>2026-04-10T14:58:51Z</time></rtept><rtept lat="38.252063" lon="-105.6725"><ele>2675.4</ele><time>2026-04-10T14:58:51Z</time></rtept><rtept lat="38.252143" lon="-105.672428"><ele>2674.6</ele><time>2026-04-10T14:58:51Z</time></rtept><rtept lat="38.252228" lon="-105.672378"><ele>2673.6</ele><time>2026-04-10T14:58:51Z</time></rtept><rtept lat="38.252296" lon="-105.67229"><ele>2672.4</ele><time>2026-04-10T14:58:51Z</time></rtept><rtept lat="38.252358" lon="-105.672252"><ele>2671.2</ele><time>2026-04-10T14:58:51Z</time></rtept><rtept lat="38.252431" lon="-105.672258"><ele>2671.2</ele><time>2026-04-10T14:58:51Z</time></rtept><rtept lat="38.252485" lon="-105.672318"><ele>2670.4</ele><time>2026-04-10T14:58:51Z</time></rtept><rtept lat="38.252564" lon="-105.672387"><ele>2670.6</ele><time>2026-04-10T14:58:51Z</time></rtept><rtept lat="38.252626" lon="-105.672432"><ele>2670.6</ele><time>2026-04-10T14:58:51Z</time></rtept><rtept lat="38.252704" lon="-105.672423"><ele>2669.0</ele><time>2026-04-10T14:58:51Z</time></rtept><rtept lat="38.252783" lon="-105.672414"><ele>2668.2</ele><time>2026-04-10T14:58:51Z</time></rtept><rtept lat="38.252919" lon="-105.672438"><ele>2667.2</ele><time>2026-04-10T14:58:51Z</time></rtept><rtept lat="38.25314" lon="-105.672455"><ele>2664.8</ele><time>2026-04-10T14:58:51Z</time></rtept><rtept lat="38.253353" lon="-105.672491"><ele>2661.4</ele><time>2026-04-10T14:58:51Z</time></rtept><rtept lat="38.253481" lon="-105.672504"><ele>2660.4</ele><time>2026-04-10T14:58:51Z</time></rtept><rtept lat="38.253481" lon="-105.672504"><ele>2660.4</ele><time>2026-04-10T14:58:51Z</time></rtept><rtept lat="38.253543" lon="-105.67251"><ele>2659.6</ele><time>2026-04-10T14:58:51Z</time></rtept><rtept lat="38.253676" lon="-105.672529"><ele>2658.8</ele><time>2026-04-10T14:58:51Z</time></rtept><rtept lat="38.253818" lon="-105.672588"><ele>2658.0</ele><time>2026-04-10T14:58:51Z</time></rtept><rtept lat="38.254106" lon="-105.672785"><ele>2657.0</ele><time>2026-04-10T14:58:51Z</time></rtept><rtept lat="38.254205" lon="-105.672903"><ele>2656.6</ele><time>2026-04-10T14:58:51Z</time></rtept><rtept lat="38.254308" lon="-105.673032"><ele>2655.4</ele><time>2026-04-10T14:58:51Z</time></rtept><rtept lat="38.254365" lon="-105.673147"><ele>2654.6</ele><time>2026-04-10T14:58:51Z</time></rtept><rtept lat="38.25443" lon="-105.673293"><ele>2654.2</ele><time>2026-04-10T14:58:51Z</time></rtept><rtept lat="38.254485" lon="-105.673432"><ele>2654.8</ele><time>2026-04-10T14:58:51Z</time></rtept><rtept lat="38.254536" lon="-105.673589"><ele>2654.4</ele><time>2026-04-10T14:58:51Z</time></rtept><rtept lat="38.254584" lon="-105.67373"><ele>2654.0</ele><time>2026-04-10T14:58:51Z</time></rtept><rtept lat="38.254661" lon="-105.673798"><ele>2652.8</ele><time>2026-04-10T14:58:51Z</time></rtept><rtept lat="38.25476" lon="-105.673799"><ele>2653.0</ele><time>2026-04-10T14:58:51Z</time></rtept><rtept lat="38.254833" lon="-105.673725"><ele>2655.4</ele><time>2026-04-10T14:58:51Z</time></rtept><rtept lat="38.254932" lon="-105.673608"><ele>2655.2</ele><time>2026-04-10T14:58:51Z</time></rtept><rtept lat="38.255097" lon="-105.673456"><ele>2656.2</ele><time>2026-04-10T14:58:51Z</time></rtept><rtept lat="38.25521" lon="-105.673422"><ele>2658.8</ele><time>2026-04-10T14:58:51Z</time></rtept><rtept lat="38.255355" lon="-105.673479"><ele>2661.2</ele><time>2026-04-10T14:58:51Z</time></rtept><rtept lat="38.255514" lon="-105.673546"><ele>2663.4</ele><time>2026-04-10T14:58:51Z</time></rtept><rtept lat="38.255673" lon="-105.673618"><ele>2663.8</ele><time>2026-04-10T14:58:51Z</time></rtept><rtept lat="38.255803" lon="-105.673673"><ele>2665.0</ele><time>2026-04-10T14:58:51Z</time></rtept><rtept lat="38.255953" lon="-105.673759"><ele>2666.4</ele><time>2026-04-10T14:58:51Z</time></rtept><rtept lat="38.256097" lon="-105.673838"><ele>2667.2</ele><time>2026-04-10T14:58:51Z</time></rtept><rtept lat="38.256245" lon="-105.673915"><ele>2668.2</ele><time>2026-04-10T14:58:51Z</time></rtept><rtept lat="38.256358" lon="-105.673995"><ele>2669.0</ele><time>2026-04-10T14:58:51Z</time></rtept><rtept lat="38.256505" lon="-105.674039"><ele>2668.8</ele><time>2026-04-10T14:58:51Z</time></rtept><rtept lat="38.256579" lon="-105.674088"><ele>2669.6</ele><time>2026-04-10T14:58:51Z</time></rtept><rtept lat="38.256643" lon="-105.67411"><ele>2669.4</ele><time>2026-04-10T14:58:51Z</time></rtept><rtept lat="38.256725" lon="-105.674162"><ele>2670.2</ele><time>2026-04-10T14:58:51Z</time></rtept><rtept lat="38.256796" lon="-105.674197"><ele>2670.0</ele><time>2026-04-10T14:58:51Z</time></rtept><rtept lat="38.256879" lon="-105.674222"><ele>2669.8</ele><time>2026-04-10T14:58:51Z</time></rtept><rtept lat="38.256947" lon="-105.674267"><ele>2670.8</ele><time>2026-04-10T14:58:51Z</time></rtept><rtept lat="38.257014" lon="-105.674339"><ele>2671.6</ele><time>2026-04-10T14:58:51Z</time></rtept><rtept lat="38.257074" lon="-105.674416"><ele>2672.6</ele><time>2026-04-10T14:58:51Z</time></rtept><rtept lat="38.257141" lon="-105.674426"><ele>2672.4</ele><time>2026-04-10T14:58:51Z</time></rtept><rtept lat="38.25721" lon="-105.674416"><ele>2672.4</ele><time>2026-04-10T14:58:51Z</time></rtept><rtept lat="38.257329" lon="-105.674454"><ele>2672.2</ele><time>2026-04-10T14:58:51Z</time></rtept><rtept lat="38.257469" lon="-105.674505"><ele>2672.8</ele><time>2026-04-10T14:58:51Z</time></rtept><rtept lat="38.257546" lon="-105.674532"><ele>2672.6</ele><time>2026-04-10T14:58:51Z</time></rtept><rtept lat="38.257689" lon="-105.674561"><ele>2672.4</ele><time>2026-04-10T14:58:51Z</time></rtept><rtept lat="38.257782" lon="-105.6746"><ele>2673.0</ele><time>2026-04-10T14:58:51Z</time></rtept><rtept lat="38.257926" lon="-105.674661"><ele>2673.2</ele><time>2026-04-10T14:58:51Z</time></rtept><rtept lat="38.258067" lon="-105.674728"><ele>2672.0</ele><time>2026-04-10T14:58:51Z</time></rtept><rtept lat="38.258128" lon="-105.674799"><ele>2672.8</ele><time>2026-04-10T14:58:51Z</time></rtept><rtept lat="38.258179" lon="-105.674843"><ele>2673.2</ele><time>2026-04-10T14:58:51Z</time></rtept><rtept lat="38.258248" lon="-105.674821"><ele>2672.0</ele><time>2026-04-10T14:58:51Z</time></rtept><rtept lat="38.258317" lon="-105.674861"><ele>2671.8</ele><time>2026-04-10T14:58:51Z</time></rtept><rtept lat="38.258377" lon="-105.674931"><ele>2670.8</ele><time>2026-04-10T14:58:51Z</time></rtept><rtept lat="38.258374" lon="-105.675023"><ele>2670.8</ele><time>2026-04-10T14:58:51Z</time></rtept><rtept lat="38.258348" lon="-105.675154"><ele>2670.6</ele><time>2026-04-10T14:58:51Z</time></rtept><rtept lat="38.258352" lon="-105.675234"><ele>2670.2</ele><time>2026-04-10T14:58:51Z</time></rtept><rtept lat="38.258411" lon="-105.675257"><ele>2667.6</ele><time>2026-04-10T14:58:51Z</time></rtept><rtept lat="38.258476" lon="-105.675263"><ele>2665.2</ele><time>2026-04-10T14:58:51Z</time></rtept><rtept lat="38.258522" lon="-105.675346"><ele>2665.4</ele><time>2026-04-10T14:58:51Z</time></rtept><rtept lat="38.258491" lon="-105.675462"><ele>2666.2</ele><time>2026-04-10T14:58:51Z</time></rtept><rtept lat="38.258466" lon="-105.67557"><ele>2667.4</ele><time>2026-04-10T14:58:51Z</time></rtept><rtept lat="38.258453" lon="-105.675719"><ele>2669.8</ele><time>2026-04-10T14:58:51Z</time></rtept><rtept lat="38.258564" lon="-105.675823"><ele>2672.6</ele><time>2026-04-10T14:58:51Z</time></rtept><rtept lat="38.258642" lon="-105.67585"><ele>2673.2</ele><time>2026-04-10T14:58:51Z</time></rtept><rtept lat="38.258754" lon="-105.675783"><ele>2674.0</ele><time>2026-04-10T14:58:51Z</time></rtept><rtept lat="38.258818" lon="-105.67576"><ele>2673.0</ele><time>2026-04-10T14:58:51Z</time></rtept><rtept lat="38.258912" lon="-105.675747"><ele>2673.4</ele><time>2026-04-10T14:58:51Z</time></rtept><rtept lat="38.258995" lon="-105.675799"><ele>2674.8</ele><time>2026-04-10T14:58:51Z</time></rtept><rtept lat="38.259071" lon="-105.675862"><ele>2676.2</ele><time>2026-04-10T14:58:51Z</time></rtept><rtept lat="38.259163" lon="-105.675941"><ele>2675.8</ele><time>2026-04-10T14:58:51Z</time></rtept><rtept lat="38.259236" lon="-105.67602"><ele>2676.4</ele><time>2026-04-10T14:58:51Z</time></rtept><rtept lat="38.259271" lon="-105.676087"><ele>2677.4</ele><time>2026-04-10T14:58:51Z</time></rtept><rtept lat="38.259276" lon="-105.67622"><ele>2679.0</ele><time>2026-04-10T14:58:51Z</time></rtept><rtept lat="38.259274" lon="-105.676341"><ele>2679.6</ele><time>2026-04-10T14:58:51Z</time></rtept><rtept lat="38.259287" lon="-105.67647"><ele>2679.8</ele><time>2026-04-10T14:58:51Z</time></rtept><rtept lat="38.259302" lon="-105.676675"><ele>2680.6</ele><time>2026-04-10T14:58:51Z</time></rtept><rtept lat="38.259314" lon="-105.676803"><ele>2681.2</ele><time>2026-04-10T14:58:51Z</time></rtept><rtept lat="38.25934" lon="-105.676895"><ele>2682.4</ele><time>2026-04-10T14:58:51Z</time></rtept><rtept lat="38.259419" lon="-105.67699"><ele>2682.0</ele><time>2026-04-10T14:58:51Z</time></rtept><rtept lat="38.259499" lon="-105.677059"><ele>2681.6</ele><time>2026-04-10T14:58:51Z</time></rtept><rtept lat="38.259611" lon="-105.677072"><ele>2682.4</ele><time>2026-04-10T14:58:51Z</time></rtept><rtept lat="38.259688" lon="-105.677081"><ele>2681.6</ele><time>2026-04-10T14:58:51Z</time></rtept><rtept lat="38.259783" lon="-105.677135"><ele>2681.2</ele><time>2026-04-10T14:58:51Z</time></rtept><rtept lat="38.259891" lon="-105.677205"><ele>2681.6</ele><time>2026-04-10T14:58:51Z</time></rtept><rtept lat="38.259992" lon="-105.677292"><ele>2682.4</ele><time>2026-04-10T14:58:51Z</time></rtept><rtept lat="38.260094" lon="-105.677384"><ele>2682.4</ele><time>2026-04-10T14:58:51Z</time></rtept><rtept lat="38.260186" lon="-105.677479"><ele>2682.6</ele><time>2026-04-10T14:58:51Z</time></rtept><rtept lat="38.260265" lon="-105.677524"><ele>2683.0</ele><time>2026-04-10T14:58:51Z</time></rtept><rtept lat="38.260349" lon="-105.677603"><ele>2683.4</ele><time>2026-04-10T14:58:51Z</time></rtept><rtept lat="38.260433" lon="-105.677696"><ele>2682.6</ele><time>2026-04-10T14:58:51Z</time></rtept><rtept lat="38.260487" lon="-105.677756"><ele>2683.8</ele><time>2026-04-10T14:58:51Z</time></rtept><rtept lat="38.260606" lon="-105.677827"><ele>2681.0</ele><time>2026-04-10T14:58:51Z</time></rtept><rtept lat="38.260684" lon="-105.677881"><ele>2680.8</ele><time>2026-04-10T14:58:51Z</time></rtept><rtept lat="38.260793" lon="-105.677989"><ele>2678.6</ele><time>2026-04-10T14:58:51Z</time></rtept><rtept lat="38.260844" lon="-105.678045"><ele>2678.0</ele><time>2026-04-10T14:58:51Z</time></rtept><rtept lat="38.260928" lon="-105.678083"><ele>2676.6</ele><time>2026-04-10T14:58:51Z</time></rtept><rtept lat="38.260969" lon="-105.678035"><ele>2675.8</ele><time>2026-04-10T14:58:51Z</time></rtept><rtept lat="38.260983" lon="-105.677971"><ele>2674.6</ele><time>2026-04-10T14:58:51Z</time></rtept><rtept lat="38.261056" lon="-105.677914"><ele>2672.8</ele><time>2026-04-10T14:58:51Z</time></rtept><rtept lat="38.261111" lon="-105.677978"><ele>2675.0</ele><time>2026-04-10T14:58:51Z</time></rtept><rtept lat="38.261185" lon="-105.67818"><ele>2679.6</ele><time>2026-04-10T14:58:51Z</time></rtept><rtept lat="38.261226" lon="-105.678288"><ele>2680.8</ele><time>2026-04-10T14:58:51Z</time></rtept><rtept lat="38.261232" lon="-105.678377"><ele>2682.0</ele><time>2026-04-10T14:58:51Z</time></rtept><rtept lat="38.261258" lon="-105.678445"><ele>2684.0</ele><time>2026-04-10T14:58:51Z</time></rtept><rtept lat="38.261275" lon="-105.678524"><ele>2685.8</ele><time>2026-04-10T14:58:51Z</time></rtept><rtept lat="38.261265" lon="-105.678589"><ele>2685.8</ele><time>2026-04-10T14:58:51Z</time></rtept><rtept lat="38.261322" lon="-105.67864"><ele>2688.4</ele><time>2026-04-10T14:58:51Z</time></rtept><rtept lat="38.261357" lon="-105.678645"><ele>2688.4</ele><time>2026-04-10T14:58:51Z</time></rtept><rtept lat="38.261413" lon="-105.678701"><ele>2691.4</ele><time>2026-04-10T14:58:51Z</time></rtept><rtept lat="38.261464" lon="-105.678669"><ele>2690.8</ele><time>2026-04-10T14:58:51Z</time></rtept><rtept lat="38.261532" lon="-105.678629"><ele>2691.8</ele><time>2026-04-10T14:58:51Z</time></rtept><rtept lat="38.261616" lon="-105.678638"><ele>2692.4</ele><time>2026-04-10T14:58:51Z</time></rtept><rtept lat="38.261705" lon="-105.678725"><ele>2694.8</ele><time>2026-04-10T14:58:51Z</time></rtept><rtept lat="38.261698" lon="-105.678741"><ele>2694.6</ele><time>2026-04-10T14:58:51Z</time></rtept><rtept lat="38.261606" lon="-105.678957"><ele>2698.4</ele><time>2026-04-10T14:58:51Z</time></rtept><rtept lat="38.261506" lon="-105.679136"><ele>2699.8</ele><time>2026-04-10T14:58:51Z</time></rtept><rtept lat="38.261498" lon="-105.679274"><ele>2700.2</ele><time>2026-04-10T14:58:51Z</time></rtept><rtept lat="38.261581" lon="-105.679337"><ele>2703.4</ele><time>2026-04-10T14:58:51Z</time></rtept><rtept lat="38.261664" lon="-105.679327"><ele>2704.4</ele><time>2026-04-10T14:58:51Z</time></rtept><rtept lat="38.261695" lon="-105.679292"><ele>2703.2</ele><time>2026-04-10T14:58:51Z</time></rtept><rtept lat="38.261695" lon="-105.679292"><ele>2703.2</ele><time>2026-04-10T14:58:51Z</time></rtept><rtept lat="38.261871" lon="-105.679094"><ele>2703.0</ele><time>2026-04-10T14:58:51Z</time></rtept><rtept lat="38.262327" lon="-105.679105"><ele>2707.2</ele><time>2026-04-10T14:58:51Z</time></rtept><rtept lat="38.262402" lon="-105.679042"><ele>2708.0</ele><time>2026-04-10T14:58:51Z</time></rtept><rtept lat="38.262502" lon="-105.678851"><ele>2708.0</ele><time>2026-04-10T14:58:51Z</time></rtept><rtept lat="38.262659" lon="-105.678851"><ele>2710.2</ele><time>2026-04-10T14:58:51Z</time></rtept><rtept lat="38.262784" lon="-105.678999"><ele>2712.0</ele><time>2026-04-10T14:58:51Z</time></rtept><rtept lat="38.262966" lon="-105.679453"><ele>2715.8</ele><time>2026-04-10T14:58:51Z</time></rtept><rtept lat="38.263323" lon="-105.680468"><ele>2726.8</ele><time>2026-04-10T14:58:51Z</time></rtept><rtept lat="38.26363" lon="-105.68069"><ele>2727.8</ele><time>2026-04-10T14:58:51Z</time></rtept><rtept lat="38.263738" lon="-105.68107"><ele>2731.0</ele><time>2026-04-10T14:58:51Z</time></rtept><rtept lat="38.264351" lon="-105.681672"><ele>2737.4</ele><time>2026-04-10T14:58:51Z</time></rtept><rtept lat="38.264916" lon="-105.682327"><ele>2745.8</ele><time>2026-04-10T14:58:51Z</time></rtept><rtept lat="38.265073" lon="-105.682422"><ele>2747.6</ele><time>2026-04-10T14:58:51Z</time></rtept><rtept lat="38.265397" lon="-105.682877"><ele>2752.6</ele><time>2026-04-10T14:58:51Z</time></rtept><rtept lat="38.265488" lon="-105.682887"><ele>2752.4</ele><time>2026-04-10T14:58:51Z</time></rtept><rtept lat="38.265704" lon="-105.682834"><ele>2752.0</ele><time>2026-04-10T14:58:51Z</time></rtept><rtept lat="38.265811" lon="-105.682877"><ele>2751.6</ele><time>2026-04-10T14:58:51Z</time></rtept><rtept lat="38.266069" lon="-105.683775"><ele>2767.0</ele><time>2026-04-10T14:58:51Z</time></rtept><rtept lat="38.266176" lon="-105.683838"><ele>2766.0</ele><time>2026-04-10T14:58:51Z</time></rtept><rtept lat="38.266309" lon="-105.683796"><ele>2764.8</ele><time>2026-04-10T14:58:51Z</time></rtept><rtept lat="38.266417" lon="-105.68388"><ele>2765.4</ele><time>2026-04-10T14:58:51Z</time></rtept><rtept lat="38.266367" lon="-105.684102"><ele>2769.6</ele><time>2026-04-10T14:58:51Z</time></rtept><rtept lat="38.266374" lon="-105.684631"><ele>2773.4</ele><time>2026-04-10T14:58:51Z</time></rtept><rtept lat="38.266374" lon="-105.684631"><ele>2773.4</ele><time>2026-04-10T14:58:51Z</time></rtept><rtept lat="38.266379" lon="-105.684963"><ele>2776.6</ele><time>2026-04-10T14:58:51Z</time></rtept><rtept lat="38.26632" lon="-105.685827"><ele>2787.4</ele><time>2026-04-10T14:58:51Z</time></rtept><rtept lat="38.266434" lon="-105.686374"><ele>2787.8</ele><time>2026-04-10T14:58:51Z</time></rtept><rtept lat="38.266986" lon="-105.687227"><ele>2777.6</ele><time>2026-04-10T14:58:51Z</time></rtept><rtept lat="38.267306" lon="-105.687726"><ele>2771.4</ele><time>2026-04-10T14:58:51Z</time></rtept><rtept lat="38.267483" lon="-105.687868"><ele>2768.8</ele><time>2026-04-10T14:58:51Z</time></rtept><rtept lat="38.267746" lon="-105.687996"><ele>2765.4</ele><time>2026-04-10T14:58:51Z</time></rtept><rtept lat="38.26795" lon="-105.687937"><ele>2758.4</ele><time>2026-04-10T14:58:51Z</time></rtept><rtept lat="38.268199" lon="-105.687962"><ele>2759.4</ele><time>2026-04-10T14:58:51Z</time></rtept><rtept lat="38.268496" lon="-105.687801"><ele>2758.2</ele><time>2026-04-10T14:58:51Z</time></rtept><rtept lat="38.268885" lon="-105.687406"><ele>2757.4</ele><time>2026-04-10T14:58:51Z</time></rtept><rtept lat="38.269163" lon="-105.687114"><ele>2754.2</ele><time>2026-04-10T14:58:51Z</time></rtept><rtept lat="38.269273" lon="-105.687111"><ele>2753.2</ele><time>2026-04-10T14:58:51Z</time></rtept><rtept lat="38.269463" lon="-105.68738"><ele>2752.4</ele><time>2026-04-10T14:58:51Z</time></rtept><rtept lat="38.269694" lon="-105.687616"><ele>2750.6</ele><time>2026-04-10T14:58:51Z</time></rtept><rtept lat="38.269818" lon="-105.687801"><ele>2748.6</ele><time>2026-04-10T14:58:51Z</time></rtept><rtept lat="38.269789" lon="-105.688098"><ele>2749.0</ele><time>2026-04-10T14:58:51Z</time></rtept><rtept lat="38.269715" lon="-105.68841"><ele>2749.4</ele><time>2026-04-10T14:58:51Z</time></rtept><rtept lat="38.269736" lon="-105.688552"><ele>2748.4</ele><time>2026-04-10T14:58:51Z</time></rtept><rtept lat="38.269808" lon="-105.688691"><ele>2747.2</ele><time>2026-04-10T14:58:51Z</time></rtept><rtept lat="38.269951" lon="-105.688705"><ele>2745.0</ele><time>2026-04-10T14:58:51Z</time></rtept><rtept lat="38.270141" lon="-105.688659"><ele>2741.4</ele><time>2026-04-10T14:58:51Z</time></rtept><rtept lat="38.270277" lon="-105.688616"><ele>2738.8</ele><time>2026-04-10T14:58:51Z</time></rtept><rtept lat="38.270435" lon="-105.688538"><ele>2735.8</ele><time>2026-04-10T14:58:51Z</time></rtept><rtept lat="38.270625" lon="-105.688702"><ele>2732.0</ele><time>2026-04-10T14:58:51Z</time></rtept><rtept lat="38.270873" lon="-105.688986"><ele>2728.8</ele><time>2026-04-10T14:58:51Z</time></rtept><rtept lat="38.271189" lon="-105.689348"><ele>2724.6</ele><time>2026-04-10T14:58:51Z</time></rtept><rtept lat="38.271299" lon="-105.689587"><ele>2722.2</ele><time>2026-04-10T14:58:51Z</time></rtept><rtept lat="38.271318" lon="-105.689941"><ele>2720.0</ele><time>2026-04-10T14:58:51Z</time></rtept><rtept lat="38.271214" lon="-105.690292"><ele>2716.0</ele><time>2026-04-10T14:58:51Z</time></rtept><rtept lat="38.271286" lon="-105.690504"><ele>2715.6</ele><time>2026-04-10T14:58:51Z</time></rtept><rtept lat="38.271404" lon="-105.690504"><ele>2715.0</ele><time>2026-04-10T14:58:51Z</time></rtept><rtept lat="38.271859" lon="-105.690555"><ele>2714.8</ele><time>2026-04-10T14:58:51Z</time></rtept><rtept lat="38.272175" lon="-105.690601"><ele>2711.0</ele><time>2026-04-10T14:58:51Z</time></rtept><rtept lat="38.272274" lon="-105.690837"><ele>2711.2</ele><time>2026-04-10T14:58:51Z</time></rtept><rtept lat="38.272063" lon="-105.691604"><ele>2713.4</ele><time>2026-04-10T14:58:51Z</time></rtept><rtept lat="38.271827" lon="-105.692178"><ele>2714.8</ele><time>2026-04-10T14:58:51Z</time></rtept><rtept lat="38.271665" lon="-105.69268"><ele>2718.6</ele><time>2026-04-10T14:58:51Z</time></rtept><rtept lat="38.271642" lon="-105.693103"><ele>2717.0</ele><time>2026-04-10T14:58:51Z</time></rtept><rtept lat="38.27149" lon="-105.693973"><ele>2719.2</ele><time>2026-04-10T14:58:51Z</time></rtept><rtept lat="38.271492" lon="-105.694495"><ele>2721.4</ele><time>2026-04-10T14:58:51Z</time></rtept><rtept lat="38.271575" lon="-105.694927"><ele>2722.2</ele><time>2026-04-10T14:58:51Z</time></rtept><rtept lat="38.271796" lon="-105.69511"><ele>2718.0</ele><time>2026-04-10T14:58:51Z</time></rtept><rtept lat="38.271983" lon="-105.695359"><ele>2716.0</ele><time>2026-04-10T14:58:51Z</time></rtept><rtept lat="38.272088" lon="-105.695571"><ele>2714.6</ele><time>2026-04-10T14:58:51Z</time></rtept><rtept lat="38.272135" lon="-105.696041"><ele>2717.4</ele><time>2026-04-10T14:58:51Z</time></rtept><rtept lat="38.272246" lon="-105.696255"><ele>2716.6</ele><time>2026-04-10T14:58:51Z</time></rtept><rtept lat="38.27236" lon="-105.696566"><ele>2716.6</ele><time>2026-04-10T14:58:51Z</time></rtept><rtept lat="38.272465" lon="-105.696749"><ele>2716.2</ele><time>2026-04-10T14:58:51Z</time></rtept><rtept lat="38.272465" lon="-105.697148"><ele>2718.4</ele><time>2026-04-10T14:58:51Z</time></rtept><rtept lat="38.272592" lon="-105.697475"><ele>2720.2</ele><time>2026-04-10T14:58:51Z</time></rtept><rtept lat="38.27288" lon="-105.697467"><ele>2721.2</ele><time>2026-04-10T14:58:51Z</time></rtept><rtept lat="38.273078" lon="-105.697588"><ele>2725.0</ele><time>2026-04-10T14:58:51Z</time></rtept><rtept lat="38.273139" lon="-105.69806"><ele>2725.6</ele><time>2026-04-10T14:58:51Z</time></rtept><rtept lat="38.273124" lon="-105.698454"><ele>2723.8</ele><time>2026-04-10T14:58:51Z</time></rtept><rtept lat="38.273076" lon="-105.699018"><ele>2723.0</ele><time>2026-04-10T14:58:51Z</time></rtept><rtept lat="38.273002" lon="-105.699576"><ele>2721.2</ele><time>2026-04-10T14:58:51Z</time></rtept><rtept lat="38.273143" lon="-105.699922"><ele>2717.8</ele><time>2026-04-10T14:58:51Z</time></rtept><rtept lat="38.273358" lon="-105.700182"><ele>2713.2</ele><time>2026-04-10T14:58:51Z</time></rtept><rtept lat="38.273647" lon="-105.700504"><ele>2706.4</ele><time>2026-04-10T14:58:51Z</time></rtept><rtept lat="38.274339" lon="-105.701496"><ele>2702.8</ele><time>2026-04-10T14:58:51Z</time></rtept><rtept lat="38.274558" lon="-105.701499"><ele>2700.2</ele><time>2026-04-10T14:58:51Z</time></rtept><rtept lat="38.274889" lon="-105.70151"><ele>2698.6</ele><time>2026-04-10T14:58:51Z</time></rtept><rtept lat="38.275209" lon="-105.701493"><ele>2699.4</ele><time>2026-04-10T14:58:51Z</time></rtept><rtept lat="38.275638" lon="-105.701424"><ele>2699.0</ele><time>2026-04-10T14:58:51Z</time></rtept><rtept lat="38.276249" lon="-105.701233"><ele>2701.2</ele><time>2026-04-10T14:58:51Z</time></rtept><rtept lat="38.276607" lon="-105.701169"><ele>2700.4</ele><time>2026-04-10T14:58:51Z</time></rtept><rtept lat="38.27678" lon="-105.701214"><ele>2701.6</ele><time>2026-04-10T14:58:51Z</time></rtept><rtept lat="38.276717" lon="-105.701601"><ele>2703.2</ele><time>2026-04-10T14:58:51Z</time></rtept><rtept lat="38.27678" lon="-105.701931"><ele>2692.8</ele><time>2026-04-10T14:58:51Z</time></rtept><rtept lat="38.276957" lon="-105.702427"><ele>2667.6</ele><time>2026-04-10T14:58:51Z</time></rtept><rtept lat="38.27714" lon="-105.702947"><ele>2679.2</ele><time>2026-04-10T14:58:51Z</time></rtept><rtept lat="38.27723" lon="-105.703221"><ele>2687.2</ele><time>2026-04-10T14:58:51Z</time></rtept><rtept lat="38.277429" lon="-105.703363"><ele>2691.6</ele><time>2026-04-10T14:58:51Z</time></rtept><rtept lat="38.277462" lon="-105.703356"><ele>2691.6</ele><time>2026-04-10T14:58:51Z</time></rtept><rtept lat="38.277715" lon="-105.703337"><ele>2690.0</ele><time>2026-04-10T14:58:51Z</time></rtept><rtept lat="38.277916" lon="-105.703304"><ele>2687.2</ele><time>2026-04-10T14:58:51Z</time></rtept><rtept lat="38.278138" lon="-105.703243"><ele>2685.2</ele><time>2026-04-10T14:58:51Z</time></rtept><rtept lat="38.278368" lon="-105.70318"><ele>2681.8</ele><time>2026-04-10T14:58:51Z</time></rtept><rtept lat="38.278471" lon="-105.703262"><ele>2681.6</ele><time>2026-04-10T14:58:51Z</time></rtept><rtept lat="38.278635" lon="-105.703549"><ele>2679.6</ele><time>2026-04-10T14:58:51Z</time></rtept><rtept lat="38.27873" lon="-105.703858"><ele>2678.6</ele><time>2026-04-10T14:58:51Z</time></rtept><rtept lat="38.278765" lon="-105.704068"><ele>2677.0</ele><time>2026-04-10T14:58:51Z</time></rtept><rtept lat="38.278815" lon="-105.704302"><ele>2676.2</ele><time>2026-04-10T14:58:51Z</time></rtept><rtept lat="38.278942" lon="-105.704459"><ele>2673.4</ele><time>2026-04-10T14:58:51Z</time></rtept><rtept lat="38.278835" lon="-105.704771"><ele>2674.8</ele><time>2026-04-10T14:58:51Z</time></rtept><rtept lat="38.278867" lon="-105.704851"><ele>2675.2</ele><time>2026-04-10T14:58:51Z</time></rtept><rtept lat="38.279084" lon="-105.70478"><ele>2671.6</ele><time>2026-04-10T14:58:51Z</time></rtept><rtept lat="38.279357" lon="-105.704791"><ele>2670.6</ele><time>2026-04-10T14:58:51Z</time></rtept><rtept lat="38.279538" lon="-105.704677"><ele>2667.8</ele><time>2026-04-10T14:58:51Z</time></rtept><rtept lat="38.279836" lon="-105.704554"><ele>2664.2</ele><time>2026-04-10T14:58:51Z</time></rtept><rtept lat="38.280135" lon="-105.704445"><ele>2662.2</ele><time>2026-04-10T14:58:51Z</time></rtept><rtept lat="38.280275" lon="-105.704441"><ele>2660.6</ele><time>2026-04-10T14:58:51Z</time></rtept><rtept lat="38.280335" lon="-105.704406"><ele>2660.4</ele><time>2026-04-10T14:58:51Z</time></rtept><rtept lat="38.28098" lon="-105.704322"><ele>2655.0</ele><time>2026-04-10T14:58:51Z</time></rtept><rtept lat="38.281129" lon="-105.704244"><ele>2653.6</ele><time>2026-04-10T14:58:51Z</time></rtept><rtept lat="38.281726" lon="-105.703882"><ele>2647.2</ele><time>2026-04-10T14:58:51Z</time></rtept><rtept lat="38.281793" lon="-105.703834"><ele>2644.6</ele><time>2026-04-10T14:58:51Z</time></rtept><rtept lat="38.281871" lon="-105.703736"><ele>2642.0</ele><time>2026-04-10T14:58:51Z</time></rtept><rtept lat="38.282076" lon="-105.703702"><ele>2640.4</ele><time>2026-04-10T14:58:51Z</time></rtept><rtept lat="38.28224" lon="-105.703816"><ele>2640.6</ele><time>2026-04-10T14:58:51Z</time></rtept><rtept lat="38.282321" lon="-105.703964"><ele>2641.4</ele><time>2026-04-10T14:58:51Z</time></rtept><rtept lat="38.282464" lon="-105.70399"><ele>2638.8</ele><time>2026-04-10T14:58:51Z</time></rtept><rtept lat="38.282598" lon="-105.704122"><ele>2638.2</ele><time>2026-04-10T14:58:51Z</time></rtept><rtept lat="38.282722" lon="-105.704299"><ele>2638.6</ele><time>2026-04-10T14:58:51Z</time></rtept><rtept lat="38.282796" lon="-105.704387"><ele>2637.4</ele><time>2026-04-10T14:58:51Z</time></rtept><rtept lat="38.282943" lon="-105.704524"><ele>2636.0</ele><time>2026-04-10T14:58:51Z</time></rtept><rtept lat="38.283046" lon="-105.704524"><ele>2635.0</ele><time>2026-04-10T14:58:51Z</time></rtept><rtept lat="38.283202" lon="-105.704581"><ele>2632.4</ele><time>2026-04-10T14:58:51Z</time></rtept><rtept lat="38.283333" lon="-105.704711"><ele>2631.6</ele><time>2026-04-10T14:58:51Z</time></rtept><rtept lat="38.283482" lon="-105.704818"><ele>2628.2</ele><time>2026-04-10T14:58:51Z</time></rtept><rtept lat="38.283647" lon="-105.704971"><ele>2625.6</ele><time>2026-04-10T14:58:51Z</time></rtept><rtept lat="38.283744" lon="-105.705079"><ele>2623.0</ele><time>2026-04-10T14:58:51Z</time></rtept><rtept lat="38.28391" lon="-105.704743"><ele>2622.0</ele><time>2026-04-10T14:58:51Z</time></rtept><rtept lat="38.28399" lon="-105.704644"><ele>2621.0</ele><time>2026-04-10T14:58:51Z</time></rtept><rtept lat="38.284063" lon="-105.704641"><ele>2619.8</ele><time>2026-04-10T14:58:51Z</time></rtept><rtept lat="38.284147" lon="-105.704755"><ele>2617.2</ele><time>2026-04-10T14:58:51Z</time></rtept><rtept lat="38.284174" lon="-105.7049"><ele>2617.0</ele><time>2026-04-10T14:58:51Z</time></rtept><rtept lat="38.284323" lon="-105.705003"><ele>2614.6</ele><time>2026-04-10T14:58:51Z</time></rtept><rtept lat="38.284497" lon="-105.705151"><ele>2611.6</ele><time>2026-04-10T14:58:51Z</time></rtept><rtept lat="38.284671" lon="-105.705113"><ele>2609.6</ele><time>2026-04-10T14:58:51Z</time></rtept><rtept lat="38.284734" lon="-105.705259"><ele>2608.6</ele><time>2026-04-10T14:58:51Z</time></rtept><rtept lat="38.284783" lon="-105.70545"><ele>2607.8</ele><time>2026-04-10T14:58:51Z</time></rtept><rtept lat="38.284869" lon="-105.705597"><ele>2606.8</ele><time>2026-04-10T14:58:51Z</time></rtept><rtept lat="38.28496" lon="-105.705651"><ele>2604.8</ele><time>2026-04-10T14:58:51Z</time></rtept><rtept lat="38.285061" lon="-105.705758"><ele>2603.8</ele><time>2026-04-10T14:58:51Z</time></rtept><rtept lat="38.285322" lon="-105.705721"><ele>2600.2</ele><time>2026-04-10T14:58:51Z</time></rtept><rtept lat="38.28548" lon="-105.705914"><ele>2598.2</ele><time>2026-04-10T14:58:51Z</time></rtept><rtept lat="38.285592" lon="-105.706016"><ele>2595.6</ele><time>2026-04-10T14:58:51Z</time></rtept><rtept lat="38.285662" lon="-105.706124"><ele>2594.0</ele><time>2026-04-10T14:58:51Z</time></rtept><rtept lat="38.285724" lon="-105.706132"><ele>2592.8</ele><time>2026-04-10T14:58:51Z</time></rtept><rtept lat="38.285795" lon="-105.706105"><ele>2591.6</ele><time>2026-04-10T14:58:51Z</time></rtept><rtept lat="38.28586" lon="-105.70604"><ele>2591.2</ele><time>2026-04-10T14:58:51Z</time></rtept><rtept lat="38.285926" lon="-105.706033"><ele>2590.2</ele><time>2026-04-10T14:58:51Z</time></rtept><rtept lat="38.285989" lon="-105.706094"><ele>2588.8</ele><time>2026-04-10T14:58:51Z</time></rtept><rtept lat="38.286057" lon="-105.706128"><ele>2588.0</ele><time>2026-04-10T14:58:51Z</time></rtept><rtept lat="38.28613" lon="-105.706105"><ele>2587.4</ele><time>2026-04-10T14:58:51Z</time></rtept><rtept lat="38.286202" lon="-105.70603"><ele>2587.0</ele><time>2026-04-10T14:58:51Z</time></rtept><rtept lat="38.286318" lon="-105.70603"><ele>2584.4</ele><time>2026-04-10T14:58:51Z</time></rtept><rtept lat="38.286343" lon="-105.70609"><ele>2583.4</ele><time>2026-04-10T14:58:51Z</time></rtept><rtept lat="38.286315" lon="-105.706213"><ele>2582.2</ele><time>2026-04-10T14:58:51Z</time></rtept><rtept lat="38.286235" lon="-105.706304"><ele>2582.4</ele><time>2026-04-10T14:58:51Z</time></rtept><rtept lat="38.286091" lon="-105.706475"><ele>2582.6</ele><time>2026-04-10T14:58:51Z</time></rtept><rtept lat="38.285995" lon="-105.706678"><ele>2575.4</ele><time>2026-04-10T14:58:51Z</time></rtept><rtept lat="38.285831" lon="-105.706777"><ele>2575.4</ele><time>2026-04-10T14:58:51Z</time></rtept><rtept lat="38.285789" lon="-105.706922"><ele>2574.4</ele><time>2026-04-10T14:58:51Z</time></rtept><rtept lat="38.285876" lon="-105.707005"><ele>2572.6</ele><time>2026-04-10T14:58:51Z</time></rtept><rtept lat="38.285876" lon="-105.707005"><ele>2572.6</ele><time>2026-04-10T14:58:51Z</time></rtept><rtept lat="38.286044" lon="-105.707166"><ele>2575.4</ele><time>2026-04-10T14:58:51Z</time></rtept><rtept lat="38.286287" lon="-105.707298"><ele>2581.0</ele><time>2026-04-10T14:58:51Z</time></rtept><rtept lat="38.286421" lon="-105.707376"><ele>2582.8</ele><time>2026-04-10T14:58:51Z</time></rtept><rtept lat="38.286572" lon="-105.707527"><ele>2581.4</ele><time>2026-04-10T14:58:51Z</time></rtept><rtept lat="38.286649" lon="-105.707681"><ele>2582.0</ele><time>2026-04-10T14:58:51Z</time></rtept><rtept lat="38.286981" lon="-105.708196"><ele>2578.2</ele><time>2026-04-10T14:58:51Z</time></rtept><rtept lat="38.287187" lon="-105.708491"><ele>2576.8</ele><time>2026-04-10T14:58:51Z</time></rtept><rtept lat="38.287457" lon="-105.708829"><ele>2572.4</ele><time>2026-04-10T14:58:51Z</time></rtept><rtept lat="38.287655" lon="-105.709028"><ele>2568.6</ele><time>2026-04-10T14:58:51Z</time></rtept><rtept lat="38.288008" lon="-105.709245"><ele>2563.4</ele><time>2026-04-10T14:58:51Z</time></rtept><rtept lat="38.288155" lon="-105.709529"><ele>2560.4</ele><time>2026-04-10T14:58:51Z</time></rtept><rtept lat="38.288391" lon="-105.709634"><ele>2557.2</ele><time>2026-04-10T14:58:51Z</time></rtept><rtept lat="38.288667" lon="-105.710165"><ele>2553.6</ele><time>2026-04-10T14:58:51Z</time></rtept><rtept lat="38.288875" lon="-105.710377"><ele>2551.8</ele><time>2026-04-10T14:58:51Z</time></rtept><rtept lat="38.288723" lon="-105.710617"><ele>2554.0</ele><time>2026-04-10T14:58:51Z</time></rtept><rtept lat="38.288773" lon="-105.710817"><ele>2553.4</ele><time>2026-04-10T14:58:51Z</time></rtept><rtept lat="38.290033" lon="-105.71134"><ele>2539.6</ele><time>2026-04-10T14:58:51Z</time></rtept><rtept lat="38.290202" lon="-105.711184"><ele>2536.6</ele><time>2026-04-10T14:58:51Z</time></rtept><rtept lat="38.290522" lon="-105.711254"><ele>2534.6</ele><time>2026-04-10T14:58:51Z</time></rtept><rtept lat="38.290949" lon="-105.711237"><ele>2527.8</ele><time>2026-04-10T14:58:51Z</time></rtept><rtept lat="38.290978" lon="-105.711305"><ele>2527.8</ele><time>2026-04-10T14:58:51Z</time></rtept><rtept lat="38.291297" lon="-105.712037"><ele>2526.6</ele><time>2026-04-10T14:58:51Z</time></rtept><rtept lat="38.291932" lon="-105.712284"><ele>2532.8</ele><time>2026-04-10T14:58:51Z</time></rtept><rtept lat="38.292273" lon="-105.712397"><ele>2539.8</ele><time>2026-04-10T14:58:51Z</time></rtept><rtept lat="38.29173" lon="-105.713453"><ele>2541.2</ele><time>2026-04-10T14:58:51Z</time></rtept><rtept lat="38.292" lon="-105.714121"><ele>2547.0</ele><time>2026-04-10T14:58:51Z</time></rtept><rtept lat="38.292271" lon="-105.714524"><ele>2553.6</ele><time>2026-04-10T14:58:51Z</time></rtept><rtept lat="38.292395" lon="-105.714802"><ele>2557.0</ele><time>2026-04-10T14:58:51Z</time></rtept><rtept lat="38.292703" lon="-105.715127"><ele>2559.8</ele><time>2026-04-10T14:58:51Z</time></rtept><rtept lat="38.29272" lon="-105.715902"><ele>2567.2</ele><time>2026-04-10T14:58:51Z</time></rtept><rtept lat="38.292785" lon="-105.715972"><ele>2566.0</ele><time>2026-04-10T14:58:51Z</time></rtept><rtept lat="38.293355" lon="-105.716181"><ele>2561.0</ele><time>2026-04-10T14:58:51Z</time></rtept><rtept lat="38.293993" lon="-105.716299"><ele>2558.8</ele><time>2026-04-10T14:58:51Z</time></rtept><rtept lat="38.294128" lon="-105.716637"><ele>2559.6</ele><time>2026-04-10T14:58:51Z</time></rtept><rtept lat="38.294225" lon="-105.717329"><ele>2562.0</ele><time>2026-04-10T14:58:51Z</time></rtept><rtept lat="38.294054" lon="-105.717643"><ele>2573.0</ele><time>2026-04-10T14:58:51Z</time></rtept><rtept lat="38.294113" lon="-105.718048"><ele>2580.8</ele><time>2026-04-10T14:58:51Z</time></rtept><rtept lat="38.294246" lon="-105.718579"><ele>2583.4</ele><time>2026-04-10T14:58:51Z</time></rtept><rtept lat="38.29384" lon="-105.719883"><ele>2597.6</ele><time>2026-04-10T14:58:51Z</time></rtept><rtept lat="38.293858" lon="-105.720218"><ele>2591.8</ele><time>2026-04-10T14:58:51Z</time></rtept><rtept lat="38.29397" lon="-105.720438"><ele>2591.8</ele><time>2026-04-10T14:58:51Z</time></rtept><rtept lat="38.294595" lon="-105.720376"><ele>2587.0</ele><time>2026-04-10T14:58:51Z</time></rtept><rtept lat="38.29634" lon="-105.722852"><ele>2588.6</ele><time>2026-04-10T14:58:51Z</time></rtept><rtept lat="38.296684" lon="-105.72301"><ele>2584.0</ele><time>2026-04-10T14:58:51Z</time></rtept><rtept lat="38.296909" lon="-105.723085"><ele>2580.8</ele><time>2026-04-10T14:58:51Z</time></rtept><rtept lat="38.297073" lon="-105.72374"><ele>2577.4</ele><time>2026-04-10T14:58:51Z</time></rtept><rtept lat="38.297071" lon="-105.724238"><ele>2574.2</ele><time>2026-04-10T14:58:51Z</time></rtept><rtept lat="38.297109" lon="-105.725046"><ele>2569.0</ele><time>2026-04-10T14:58:51Z</time></rtept><rtept lat="38.297161" lon="-105.725293"><ele>2567.4</ele><time>2026-04-10T14:58:51Z</time></rtept><rtept lat="38.29757" lon="-105.725134"><ele>2562.2</ele><time>2026-04-10T14:58:51Z</time></rtept><rtept lat="38.297951" lon="-105.72507"><ele>2557.6</ele><time>2026-04-10T14:58:51Z</time></rtept><rtept lat="38.298633" lon="-105.724442"><ele>2550.4</ele><time>2026-04-10T14:58:51Z</time></rtept><rtept lat="38.298774" lon="-105.724316"><ele>2549.8</ele><time>2026-04-10T14:58:51Z</time></rtept><rtept lat="38.298982" lon="-105.724236"><ele>2547.2</ele><time>2026-04-10T14:58:51Z</time></rtept><rtept lat="38.299085" lon="-105.724139"><ele>2546.8</ele><time>2026-04-10T14:58:51Z</time></rtept><rtept lat="38.299443" lon="-105.724048"><ele>2542.2</ele><time>2026-04-10T14:58:51Z</time></rtept><rtept lat="38.299597" lon="-105.723946"><ele>2541.4</ele><time>2026-04-10T14:58:51Z</time></rtept><rtept lat="38.299696" lon="-105.723994"><ele>2541.2</ele><time>2026-04-10T14:58:51Z</time></rtept><rtept lat="38.299681" lon="-105.724214"><ele>2539.8</ele><time>2026-04-10T14:58:51Z</time></rtept><rtept lat="38.299811" lon="-105.724483"><ele>2537.0</ele><time>2026-04-10T14:58:51Z</time></rtept><rtept lat="38.299652" lon="-105.724794"><ele>2534.2</ele><time>2026-04-10T14:58:51Z</time></rtept><rtept lat="38.299616" lon="-105.72548"><ele>2525.6</ele><time>2026-04-10T14:58:51Z</time></rtept><rtept lat="38.299675" lon="-105.725861"><ele>2521.0</ele><time>2026-04-10T14:58:51Z</time></rtept><rtept lat="38.299567" lon="-105.7261"><ele>2519.4</ele><time>2026-04-10T14:58:51Z</time></rtept><rtept lat="38.299388" lon="-105.726489"><ele>2516.8</ele><time>2026-04-10T14:58:51Z</time></rtept><rtept lat="38.299593" lon="-105.726645"><ele>2511.4</ele><time>2026-04-10T14:58:51Z</time></rtept><rtept lat="38.299593" lon="-105.726886"><ele>2508.4</ele><time>2026-04-10T14:58:51Z</time></rtept><rtept lat="38.299458" lon="-105.727267"><ele>2505.2</ele><time>2026-04-10T14:58:51Z</time></rtept><rtept lat="38.299182" lon="-105.727479"><ele>2507.0</ele><time>2026-04-10T14:58:51Z</time></rtept><rtept lat="38.298963" lon="-105.727626"><ele>2508.0</ele><time>2026-04-10T14:58:51Z</time></rtept><rtept lat="38.298778" lon="-105.727822"><ele>2503.6</ele><time>2026-04-10T14:58:51Z</time></rtept><rtept lat="38.2985" lon="-105.72801"><ele>2501.4</ele><time>2026-04-10T14:58:51Z</time></rtept><rtept lat="38.298897" lon="-105.728214"><ele>2497.0</ele><time>2026-04-10T14:58:51Z</time></rtept><rtept lat="38.298897" lon="-105.728214"><ele>2497.0</ele><time>2026-04-10T14:58:51Z</time></rtept><rtept lat="38.298938" lon="-105.728235"><ele>2500.0</ele><time>2026-04-10T14:58:51Z</time></rtept><rtept lat="38.298957" lon="-105.728399"><ele>2504.8</ele><time>2026-04-10T14:58:51Z</time></rtept><rtept lat="38.299245" lon="-105.7286"><ele>2509.2</ele><time>2026-04-10T14:58:51Z</time></rtept><rtept lat="38.299605" lon="-105.728774"><ele>2512.8</ele><time>2026-04-10T14:58:51Z</time></rtept><rtept lat="38.299683" lon="-105.728938"><ele>2513.8</ele><time>2026-04-10T14:58:51Z</time></rtept><rtept lat="38.299489" lon="-105.730338"><ele>2545.8</ele><time>2026-04-10T14:58:51Z</time></rtept><rtept lat="38.299546" lon="-105.730754"><ele>2552.0</ele><time>2026-04-10T14:58:51Z</time></rtept><rtept lat="38.299744" lon="-105.731279"><ele>2560.4</ele><time>2026-04-10T14:58:51Z</time></rtept><rtept lat="38.29994" lon="-105.731609"><ele>2565.0</ele><time>2026-04-10T14:58:51Z</time></rtept><rtept lat="38.300104" lon="-105.731864"><ele>2570.8</ele><time>2026-04-10T14:58:51Z</time></rtept><rtept lat="38.300211" lon="-105.732543"><ele>2575.0</ele><time>2026-04-10T14:58:51Z</time></rtept><rtept lat="38.300188" lon="-105.732878"><ele>2582.8</ele><time>2026-04-10T14:58:51Z</time></rtept><rtept lat="38.300102" lon="-105.733203"><ele>2585.2</ele><time>2026-04-10T14:58:51Z</time></rtept><rtept lat="38.300672" lon="-105.733709"><ele>2585.2</ele><time>2026-04-10T14:58:51Z</time></rtept><rtept lat="38.301028" lon="-105.734603"><ele>2567.4</ele><time>2026-04-10T14:58:51Z</time></rtept><rtept lat="38.301561" lon="-105.735321"><ele>2556.6</ele><time>2026-04-10T14:58:51Z</time></rtept><rtept lat="38.30179" lon="-105.735466"><ele>2552.0</ele><time>2026-04-10T14:58:51Z</time></rtept><rtept lat="38.30195" lon="-105.735574"><ele>2545.0</ele><time>2026-04-10T14:58:51Z</time></rtept><rtept lat="38.302011" lon="-105.735828"><ele>2541.8</ele><time>2026-04-10T14:58:51Z</time></rtept><rtept lat="38.302182" lon="-105.735839"><ele>2536.4</ele><time>2026-04-10T14:58:51Z</time></rtept><rtept lat="38.302224" lon="-105.735989"><ele>2534.4</ele><time>2026-04-10T14:58:51Z</time></rtept><rtept lat="38.302182" lon="-105.736153"><ele>2536.0</ele><time>2026-04-10T14:58:51Z</time></rtept><rtept lat="38.302051" lon="-105.736451"><ele>2532.2</ele><time>2026-04-10T14:58:51Z</time></rtept><rtept lat="38.301809" lon="-105.736612"><ele>2529.8</ele><time>2026-04-10T14:58:51Z</time></rtept><rtept lat="38.301557" lon="-105.736762"><ele>2534.4</ele><time>2026-04-10T14:58:51Z</time></rtept><rtept lat="38.30166" lon="-105.736901"><ele>2533.2</ele><time>2026-04-10T14:58:51Z</time></rtept><rtept lat="38.301948" lon="-105.737113"><ele>2525.2</ele><time>2026-04-10T14:58:51Z</time></rtept><rtept lat="38.302097" lon="-105.73751"><ele>2522.8</ele><time>2026-04-10T14:58:51Z</time></rtept><rtept lat="38.302403" lon="-105.738189"><ele>2517.4</ele><time>2026-04-10T14:58:51Z</time></rtept><rtept lat="38.302522" lon="-105.738784"><ele>2517.4</ele><time>2026-04-10T14:58:51Z</time></rtept><rtept lat="38.302546" lon="-105.739095"><ele>2521.2</ele><time>2026-04-10T14:58:51Z</time></rtept><rtept lat="38.302885" lon="-105.739098"><ele>2514.0</ele><time>2026-04-10T14:58:51Z</time></rtept><rtept lat="38.303264" lon="-105.739508"><ele>2514.8</ele><time>2026-04-10T14:58:51Z</time></rtept><rtept lat="38.303539" lon="-105.739975"><ele>2514.8</ele><time>2026-04-10T14:58:51Z</time></rtept><rtept lat="38.304022" lon="-105.74057"><ele>2508.6</ele><time>2026-04-10T14:58:51Z</time></rtept><rtept lat="38.30425" lon="-105.740876"><ele>2505.4</ele><time>2026-04-10T14:58:51Z</time></rtept><rtept lat="38.304369" lon="-105.741179"><ele>2502.8</ele><time>2026-04-10T14:58:51Z</time></rtept><rtept lat="38.304639" lon="-105.741752"><ele>2498.0</ele><time>2026-04-10T14:58:51Z</time></rtept><rtept lat="38.305879" lon="-105.743167"><ele>2497.4</ele><time>2026-04-10T14:58:51Z</time></rtept><rtept lat="38.306097" lon="-105.743268"><ele>2496.2</ele><time>2026-04-10T14:58:51Z</time></rtept><rtept lat="38.306212" lon="-105.743381"><ele>2495.2</ele><time>2026-04-10T14:58:51Z</time></rtept><rtept lat="38.306496" lon="-105.743609"><ele>2494.6</ele><time>2026-04-10T14:58:51Z</time></rtept><rtept lat="38.306733" lon="-105.743921"><ele>2493.4</ele><time>2026-04-10T14:58:51Z</time></rtept><rtept lat="38.306847" lon="-105.744048"><ele>2493.6</ele><time>2026-04-10T14:58:51Z</time></rtept><rtept lat="38.307071" lon="-105.744406"><ele>2492.2</ele><time>2026-04-10T14:58:51Z</time></rtept><rtept lat="38.307213" lon="-105.744605"><ele>2489.4</ele><time>2026-04-10T14:58:51Z</time></rtept><rtept lat="38.307225" lon="-105.744832"><ele>2489.0</ele><time>2026-04-10T14:58:51Z</time></rtept><rtept lat="38.307183" lon="-105.745054"><ele>2487.6</ele><time>2026-04-10T14:58:51Z</time></rtept><rtept lat="38.307207" lon="-105.745351"><ele>2484.6</ele><time>2026-04-10T14:58:51Z</time></rtept><rtept lat="38.307224" lon="-105.745554"><ele>2484.2</ele><time>2026-04-10T14:58:51Z</time></rtept><rtept lat="38.307352" lon="-105.745562"><ele>2478.8</ele><time>2026-04-10T14:58:51Z</time></rtept><rtept lat="38.307487" lon="-105.745622"><ele>2475.6</ele><time>2026-04-10T14:58:51Z</time></rtept><rtept lat="38.3076" lon="-105.745888"><ele>2476.0</ele><time>2026-04-10T14:58:51Z</time></rtept><rtept lat="38.307723" lon="-105.746159"><ele>2478.4</ele><time>2026-04-10T14:58:51Z</time></rtept><rtept lat="38.307916" lon="-105.746226"><ele>2473.4</ele><time>2026-04-10T14:58:51Z</time></rtept><rtept lat="38.308235" lon="-105.746565"><ele>2471.6</ele><time>2026-04-10T14:58:51Z</time></rtept><rtept lat="38.308528" lon="-105.746654"><ele>2459.8</ele><time>2026-04-10T14:58:51Z</time></rtept><rtept lat="38.3088" lon="-105.746898"><ele>2459.6</ele><time>2026-04-10T14:58:51Z</time></rtept><rtept lat="38.3088" lon="-105.746898"><ele>2459.6</ele><time>2026-04-10T14:58:51Z</time></rtept><rtept lat="38.308839" lon="-105.746933"><ele>2463.4</ele><time>2026-04-10T14:58:51Z</time></rtept><rtept lat="38.308984" lon="-105.746989"><ele>2463.0</ele><time>2026-04-10T14:58:51Z</time></rtept><rtept lat="38.30937" lon="-105.746718"><ele>2450.6</ele><time>2026-04-10T14:58:51Z</time></rtept><rtept lat="38.309917" lon="-105.746589"><ele>2448.2</ele><time>2026-04-10T14:58:51Z</time></rtept><rtept lat="38.31051" lon="-105.746337"><ele>2440.0</ele><time>2026-04-10T14:58:51Z</time></rtept><rtept lat="38.310729" lon="-105.745994"><ele>2430.4</ele><time>2026-04-10T14:58:51Z</time></rtept><rtept lat="38.311036" lon="-105.745908"><ele>2425.2</ele><time>2026-04-10T14:58:51Z</time></rtept><rtept lat="38.311546" lon="-105.745804"><ele>2418.6</ele><time>2026-04-10T14:58:51Z</time></rtept><rtept lat="38.311853" lon="-105.745691"><ele>2416.0</ele><time>2026-04-10T14:58:51Z</time></rtept><rtept lat="38.312221" lon="-105.745795"><ele>2408.6</ele><time>2026-04-10T14:58:51Z</time></rtept><rtept lat="38.312388" lon="-105.746026"><ele>2403.4</ele><time>2026-04-10T14:58:51Z</time></rtept><rtept lat="38.312893" lon="-105.746262"><ele>2399.8</ele><time>2026-04-10T14:58:51Z</time></rtept><rtept lat="38.313273" lon="-105.746136"><ele>2393.2</ele><time>2026-04-10T14:58:51Z</time></rtept><rtept lat="38.313528" lon="-105.745919"><ele>2389.2</ele><time>2026-04-10T14:58:51Z</time></rtept><rtept lat="38.3138" lon="-105.74594"><ele>2384.8</ele><time>2026-04-10T14:58:51Z</time></rtept><rtept lat="38.313924" lon="-105.746093"><ele>2381.8</ele><time>2026-04-10T14:58:51Z</time></rtept><rtept lat="38.314107" lon="-105.746308"><ele>2379.8</ele><time>2026-04-10T14:58:51Z</time></rtept><rtept lat="38.314347" lon="-105.746525"><ele>2374.2</ele><time>2026-04-10T14:58:51Z</time></rtept><rtept lat="38.314479" lon="-105.746777"><ele>2371.0</ele><time>2026-04-10T14:58:51Z</time></rtept><rtept lat="38.314574" lon="-105.747118"><ele>2369.6</ele><time>2026-04-10T14:58:51Z</time></rtept><rtept lat="38.314696" lon="-105.747346"><ele>2368.4</ele><time>2026-04-10T14:58:51Z</time></rtept><rtept lat="38.314985" lon="-105.747202"><ele>2362.4</ele><time>2026-04-10T14:58:51Z</time></rtept><rtept lat="38.315047" lon="-105.747171"><ele>2358.8</ele><time>2026-04-10T14:58:51Z</time></rtept><rtept lat="38.315388" lon="-105.747015"><ele>2355.0</ele><time>2026-04-10T14:58:51Z</time></rtept><rtept lat="38.315452" lon="-105.746986"><ele>2352.0</ele><time>2026-04-10T14:58:51Z</time></rtept><rtept lat="38.315797" lon="-105.746882"><ele>2350.4</ele><time>2026-04-10T14:58:51Z</time></rtept><rtept lat="38.316093" lon="-105.746729"><ele>2340.8</ele><time>2026-04-10T14:58:51Z</time></rtept><rtept lat="38.316375" lon="-105.746925"><ele>2338.0</ele><time>2026-04-10T14:58:51Z</time></rtept><rtept lat="38.316702" lon="-105.747198"><ele>2338.2</ele><time>2026-04-10T14:58:51Z</time></rtept><rtept lat="38.316941" lon="-105.747386"><ele>2334.8</ele><time>2026-04-10T14:58:51Z</time></rtept><rtept lat="38.317203" lon="-105.74759"><ele>2325.0</ele><time>2026-04-10T14:58:51Z</time></rtept><rtept lat="38.317207" lon="-105.747872"><ele>2324.2</ele><time>2026-04-10T14:58:51Z</time></rtept><rtept lat="38.31724" lon="-105.748837"><ele>2332.6</ele><time>2026-04-10T14:58:51Z</time></rtept><rtept lat="38.318133" lon="-105.748472"><ele>2314.4</ele><time>2026-04-10T14:58:51Z</time></rtept><rtept lat="38.318831" lon="-105.74815"><ele>2304.0</ele><time>2026-04-10T14:58:51Z</time></rtept><rtept lat="38.318916" lon="-105.749524"><ele>2291.2</ele><time>2026-04-10T14:58:51Z</time></rtept><rtept lat="38.318907" lon="-105.750425"><ele>2283.6</ele><time>2026-04-10T14:58:51Z</time></rtept><rtept lat="38.318974" lon="-105.751798"><ele>2263.4</ele><time>2026-04-10T14:58:51Z</time></rtept><rtept lat="38.318958" lon="-105.753107"><ele>2254.2</ele><time>2026-04-10T14:58:51Z</time></rtept><rtept lat="38.319185" lon="-105.753279"><ele>2247.8</ele><time>2026-04-10T14:58:51Z</time></rtept><rtept lat="38.319328" lon="-105.754319"><ele>2236.8</ele><time>2026-04-10T14:58:51Z</time></rtept><rtept lat="38.319101" lon="-105.75507"><ele>2230.6</ele><time>2026-04-10T14:58:51Z</time></rtept><rtept lat="38.318974" lon="-105.75535"><ele>2223.8</ele><time>2026-04-10T14:58:51Z</time></rtept><rtept lat="38.318267" lon="-105.755156"><ele>2233.0</ele><time>2026-04-10T14:58:51Z</time></rtept><rtept lat="38.317497" lon="-105.755132"><ele>2237.0</ele><time>2026-04-10T14:58:51Z</time></rtept><rtept lat="38.317266" lon="-105.755213"><ele>2235.2</ele><time>2026-04-10T14:58:51Z</time></rtept><rtept lat="38.317207" lon="-105.755602"><ele>2225.4</ele><time>2026-04-10T14:58:51Z</time></rtept></rte></gpx>