<?xml version="1.0" ?><gpx xmlns="http://www.topografix.com/GPX/1/1" creator="GaiaGPS" version="1.1" xmlns:xsi="http://www.w3.org/2001/XMLSchema-instance" xsi:schemaLocation="http://www.topografix.com/GPX/1/1 http://www.topografix.com/GPX/1/1/gpx.xsd"><rte><name>TD07:S2:D2 Murphys Hole to Cameron Park</name><desc></desc><extensions><line xmlns="http://www.topografix.com/GPX/gpx_style/0/2"><color>BAF200</color></line></extensions><rtept lat="38.398013" lon="-106.118396"><ele>2860.6</ele><time>2026-04-10T15:10:37Z</time></rtept><rtept lat="38.398007" lon="-106.118339"><ele>2860.6</ele><time>2026-04-10T15:10:37Z</time></rtept><rtept lat="38.397905" lon="-106.118359"><ele>2863.4</ele><time>2026-04-10T15:10:37Z</time></rtept><rtept lat="38.397757" lon="-106.118344"><ele>2865.6</ele><time>2026-04-10T15:10:37Z</time></rtept><rtept lat="38.397702" lon="-106.11839"><ele>2866.4</ele><time>2026-04-10T15:10:37Z</time></rtept><rtept lat="38.397635" lon="-106.118412"><ele>2864.4</ele><time>2026-04-10T15:10:37Z</time></rtept><rtept lat="38.397645" lon="-106.11847"><ele>2863.4</ele><time>2026-04-10T15:10:37Z</time></rtept><rtept lat="38.397696" lon="-106.11855"><ele>2860.8</ele><time>2026-04-10T15:10:37Z</time></rtept><rtept lat="38.397831" lon="-106.118815"><ele>2859.6</ele><time>2026-04-10T15:10:37Z</time></rtept><rtept lat="38.397995" lon="-106.118978"><ele>2859.4</ele><time>2026-04-10T15:10:37Z</time></rtept><rtept lat="38.398171" lon="-106.119069"><ele>2858.6</ele><time>2026-04-10T15:10:37Z</time></rtept><rtept lat="38.398341" lon="-106.11911"><ele>2856.6</ele><time>2026-04-10T15:10:37Z</time></rtept><rtept lat="38.398504" lon="-106.119188"><ele>2856.4</ele><time>2026-04-10T15:10:37Z</time></rtept><rtept lat="38.398586" lon="-106.119235"><ele>2853.8</ele><time>2026-04-10T15:10:37Z</time></rtept><rtept lat="38.398747" lon="-106.119289"><ele>2854.4</ele><time>2026-04-10T15:10:37Z</time></rtept><rtept lat="38.398934" lon="-106.119441"><ele>2857.8</ele><time>2026-04-10T15:10:37Z</time></rtept><rtept lat="38.399061" lon="-106.119748"><ele>2863.6</ele><time>2026-04-10T15:10:37Z</time></rtept><rtept lat="38.399033" lon="-106.120237"><ele>2864.4</ele><time>2026-04-10T15:10:37Z</time></rtept><rtept lat="38.398924" lon="-106.120504"><ele>2863.8</ele><time>2026-04-10T15:10:37Z</time></rtept><rtept lat="38.398848" lon="-106.120657"><ele>2865.6</ele><time>2026-04-10T15:10:37Z</time></rtept><rtept lat="38.39868" lon="-106.121292"><ele>2864.0</ele><time>2026-04-10T15:10:37Z</time></rtept><rtept lat="38.39865" lon="-106.12142"><ele>2864.8</ele><time>2026-04-10T15:10:37Z</time></rtept><rtept lat="38.398599" lon="-106.121698"><ele>2863.4</ele><time>2026-04-10T15:10:37Z</time></rtept><rtept lat="38.398578" lon="-106.121774"><ele>2864.8</ele><time>2026-04-10T15:10:37Z</time></rtept><rtept lat="38.398507" lon="-106.122008"><ele>2865.2</ele><time>2026-04-10T15:10:37Z</time></rtept><rtept lat="38.398433" lon="-106.122248"><ele>2866.2</ele><time>2026-04-10T15:10:37Z</time></rtept><rtept lat="38.39828" lon="-106.122733"><ele>2866.8</ele><time>2026-04-10T15:10:37Z</time></rtept><rtept lat="38.398137" lon="-106.122924"><ele>2869.0</ele><time>2026-04-10T15:10:37Z</time></rtept><rtept lat="38.397987" lon="-106.123022"><ele>2871.4</ele><time>2026-04-10T15:10:37Z</time></rtept><rtept lat="38.397585" lon="-106.123279"><ele>2874.0</ele><time>2026-04-10T15:10:37Z</time></rtept><rtept lat="38.397103" lon="-106.123631"><ele>2869.4</ele><time>2026-04-10T15:10:37Z</time></rtept><rtept lat="38.396938" lon="-106.123738"><ele>2864.8</ele><time>2026-04-10T15:10:37Z</time></rtept><rtept lat="38.396799" lon="-106.123872"><ele>2861.8</ele><time>2026-04-10T15:10:37Z</time></rtept><rtept lat="38.39657" lon="-106.123825"><ele>2860.8</ele><time>2026-04-10T15:10:37Z</time></rtept><rtept lat="38.395837" lon="-106.123589"><ele>2860.8</ele><time>2026-04-10T15:10:37Z</time></rtept><rtept lat="38.395617" lon="-106.123597"><ele>2861.0</ele><time>2026-04-10T15:10:37Z</time></rtept><rtept lat="38.395527" lon="-106.123644"><ele>2860.8</ele><time>2026-04-10T15:10:37Z</time></rtept><rtept lat="38.395307" lon="-106.12386"><ele>2868.2</ele><time>2026-04-10T15:10:37Z</time></rtept><rtept lat="38.395296" lon="-106.123916"><ele>2866.2</ele><time>2026-04-10T15:10:37Z</time></rtept><rtept lat="38.395231" lon="-106.124311"><ele>2860.0</ele><time>2026-04-10T15:10:37Z</time></rtept><rtept lat="38.395224" lon="-106.124482"><ele>2855.2</ele><time>2026-04-10T15:10:37Z</time></rtept><rtept lat="38.395178" lon="-106.124684"><ele>2859.4</ele><time>2026-04-10T15:10:37Z</time></rtept><rtept lat="38.395005" lon="-106.125125"><ele>2864.6</ele><time>2026-04-10T15:10:37Z</time></rtept><rtept lat="38.394976" lon="-106.12518"><ele>2864.6</ele><time>2026-04-10T15:10:37Z</time></rtept><rtept lat="38.394681" lon="-106.125679"><ele>2866.2</ele><time>2026-04-10T15:10:37Z</time></rtept><rtept lat="38.394463" lon="-106.125901"><ele>2866.0</ele><time>2026-04-10T15:10:37Z</time></rtept><rtept lat="38.394323" lon="-106.12599"><ele>2866.8</ele><time>2026-04-10T15:10:37Z</time></rtept><rtept lat="38.393784" lon="-106.126163"><ele>2870.4</ele><time>2026-04-10T15:10:37Z</time></rtept><rtept lat="38.393393" lon="-106.126164"><ele>2873.8</ele><time>2026-04-10T15:10:37Z</time></rtept><rtept lat="38.393356" lon="-106.126156"><ele>2873.8</ele><time>2026-04-10T15:10:37Z</time></rtept><rtept lat="38.392792" lon="-106.126109"><ele>2873.0</ele><time>2026-04-10T15:10:37Z</time></rtept><rtept lat="38.392376" lon="-106.126137"><ele>2869.8</ele><time>2026-04-10T15:10:37Z</time></rtept><rtept lat="38.392234" lon="-106.126114"><ele>2873.6</ele><time>2026-04-10T15:10:37Z</time></rtept><rtept lat="38.392003" lon="-106.126029"><ele>2876.8</ele><time>2026-04-10T15:10:37Z</time></rtept><rtept lat="38.39136" lon="-106.125653"><ele>2876.0</ele><time>2026-04-10T15:10:37Z</time></rtept><rtept lat="38.391162" lon="-106.125633"><ele>2873.6</ele><time>2026-04-10T15:10:37Z</time></rtept><rtept lat="38.390923" lon="-106.125683"><ele>2871.8</ele><time>2026-04-10T15:10:37Z</time></rtept><rtept lat="38.390785" lon="-106.125698"><ele>2870.4</ele><time>2026-04-10T15:10:37Z</time></rtept><rtept lat="38.390666" lon="-106.125632"><ele>2868.4</ele><time>2026-04-10T15:10:37Z</time></rtept><rtept lat="38.390586" lon="-106.125537"><ele>2869.8</ele><time>2026-04-10T15:10:37Z</time></rtept><rtept lat="38.390252" lon="-106.125132"><ele>2869.6</ele><time>2026-04-10T15:10:37Z</time></rtept><rtept lat="38.390142" lon="-106.125009"><ele>2869.4</ele><time>2026-04-10T15:10:37Z</time></rtept><rtept lat="38.38976" lon="-106.124648"><ele>2866.0</ele><time>2026-04-10T15:10:37Z</time></rtept><rtept lat="38.389681" lon="-106.12458"><ele>2867.4</ele><time>2026-04-10T15:10:37Z</time></rtept><rtept lat="38.389628" lon="-106.124535"><ele>2868.4</ele><time>2026-04-10T15:10:37Z</time></rtept><rtept lat="38.389552" lon="-106.124509"><ele>2869.6</ele><time>2026-04-10T15:10:37Z</time></rtept><rtept lat="38.389413" lon="-106.124607"><ele>2871.6</ele><time>2026-04-10T15:10:37Z</time></rtept><rtept lat="38.389283" lon="-106.124805"><ele>2872.8</ele><time>2026-04-10T15:10:37Z</time></rtept><rtept lat="38.389219" lon="-106.124967"><ele>2871.8</ele><time>2026-04-10T15:10:37Z</time></rtept><rtept lat="38.388953" lon="-106.125135"><ele>2874.6</ele><time>2026-04-10T15:10:37Z</time></rtept><rtept lat="38.388848" lon="-106.12524"><ele>2874.2</ele><time>2026-04-10T15:10:37Z</time></rtept><rtept lat="38.388569" lon="-106.125559"><ele>2871.2</ele><time>2026-04-10T15:10:37Z</time></rtept><rtept lat="38.388248" lon="-106.125959"><ele>2877.0</ele><time>2026-04-10T15:10:37Z</time></rtept><rtept lat="38.388187" lon="-106.126141"><ele>2879.2</ele><time>2026-04-10T15:10:37Z</time></rtept><rtept lat="38.388192" lon="-106.126236"><ele>2880.0</ele><time>2026-04-10T15:10:37Z</time></rtept><rtept lat="38.388489" lon="-106.126434"><ele>2877.0</ele><time>2026-04-10T15:10:37Z</time></rtept><rtept lat="38.388801" lon="-106.126616"><ele>2872.0</ele><time>2026-04-10T15:10:37Z</time></rtept><rtept lat="38.388945" lon="-106.126881"><ele>2872.8</ele><time>2026-04-10T15:10:37Z</time></rtept><rtept lat="38.388998" lon="-106.127245"><ele>2876.4</ele><time>2026-04-10T15:10:37Z</time></rtept><rtept lat="38.389076" lon="-106.127523"><ele>2876.8</ele><time>2026-04-10T15:10:37Z</time></rtept><rtept lat="38.389186" lon="-106.127649"><ele>2873.2</ele><time>2026-04-10T15:10:37Z</time></rtept><rtept lat="38.389366" lon="-106.127884"><ele>2872.6</ele><time>2026-04-10T15:10:37Z</time></rtept><rtept lat="38.389583" lon="-106.128043"><ele>2865.8</ele><time>2026-04-10T15:10:37Z</time></rtept><rtept lat="38.389596" lon="-106.128264"><ele>2868.2</ele><time>2026-04-10T15:10:37Z</time></rtept><rtept lat="38.389551" lon="-106.128571"><ele>2874.0</ele><time>2026-04-10T15:10:37Z</time></rtept><rtept lat="38.389455" lon="-106.128874"><ele>2875.6</ele><time>2026-04-10T15:10:37Z</time></rtept><rtept lat="38.38936" lon="-106.129141"><ele>2877.4</ele><time>2026-04-10T15:10:37Z</time></rtept><rtept lat="38.389315" lon="-106.129428"><ele>2875.0</ele><time>2026-04-10T15:10:37Z</time></rtept><rtept lat="38.389246" lon="-106.129718"><ele>2874.2</ele><time>2026-04-10T15:10:37Z</time></rtept><rtept lat="38.389092" lon="-106.129998"><ele>2875.2</ele><time>2026-04-10T15:10:37Z</time></rtept><rtept lat="38.388914" lon="-106.130167"><ele>2876.8</ele><time>2026-04-10T15:10:37Z</time></rtept><rtept lat="38.388757" lon="-106.130264"><ele>2881.8</ele><time>2026-04-10T15:10:37Z</time></rtept><rtept lat="38.388703" lon="-106.13034"><ele>2880.8</ele><time>2026-04-10T15:10:37Z</time></rtept><rtept lat="38.388691" lon="-106.130391"><ele>2883.2</ele><time>2026-04-10T15:10:37Z</time></rtept><rtept lat="38.388669" lon="-106.130527"><ele>2881.6</ele><time>2026-04-10T15:10:37Z</time></rtept><rtept lat="38.388716" lon="-106.130647"><ele>2878.8</ele><time>2026-04-10T15:10:37Z</time></rtept><rtept lat="38.388798" lon="-106.130847"><ele>2875.6</ele><time>2026-04-10T15:10:37Z</time></rtept><rtept lat="38.388736" lon="-106.130908"><ele>2877.4</ele><time>2026-04-10T15:10:37Z</time></rtept><rtept lat="38.388635" lon="-106.131028"><ele>2879.0</ele><time>2026-04-10T15:10:37Z</time></rtept><rtept lat="38.388604" lon="-106.131176"><ele>2881.2</ele><time>2026-04-10T15:10:37Z</time></rtept><rtept lat="38.388605" lon="-106.131385"><ele>2878.8</ele><time>2026-04-10T15:10:37Z</time></rtept><rtept lat="38.388612" lon="-106.131524"><ele>2878.0</ele><time>2026-04-10T15:10:37Z</time></rtept><rtept lat="38.388568" lon="-106.131739"><ele>2875.4</ele><time>2026-04-10T15:10:37Z</time></rtept><rtept lat="38.388428" lon="-106.132099"><ele>2876.2</ele><time>2026-04-10T15:10:37Z</time></rtept><rtept lat="38.388376" lon="-106.132368"><ele>2872.8</ele><time>2026-04-10T15:10:37Z</time></rtept><rtept lat="38.3883" lon="-106.132678"><ele>2865.8</ele><time>2026-04-10T15:10:37Z</time></rtept><rtept lat="38.388282" lon="-106.132713"><ele>2867.8</ele><time>2026-04-10T15:10:37Z</time></rtept><rtept lat="38.38821" lon="-106.132815"><ele>2867.6</ele><time>2026-04-10T15:10:37Z</time></rtept><rtept lat="38.388008" lon="-106.132858"><ele>2871.2</ele><time>2026-04-10T15:10:37Z</time></rtept><rtept lat="38.387842" lon="-106.132934"><ele>2872.6</ele><time>2026-04-10T15:10:37Z</time></rtept><rtept lat="38.387707" lon="-106.132979"><ele>2876.2</ele><time>2026-04-10T15:10:37Z</time></rtept><rtept lat="38.38759" lon="-106.133025"><ele>2877.6</ele><time>2026-04-10T15:10:37Z</time></rtept><rtept lat="38.387457" lon="-106.133057"><ele>2881.4</ele><time>2026-04-10T15:10:37Z</time></rtept><rtept lat="38.387089" lon="-106.133252"><ele>2882.4</ele><time>2026-04-10T15:10:37Z</time></rtept><rtept lat="38.387013" lon="-106.13337"><ele>2883.6</ele><time>2026-04-10T15:10:37Z</time></rtept><rtept lat="38.387027" lon="-106.133428"><ele>2879.0</ele><time>2026-04-10T15:10:37Z</time></rtept><rtept lat="38.387034" lon="-106.133499"><ele>2879.0</ele><time>2026-04-10T15:10:37Z</time></rtept><rtept lat="38.387051" lon="-106.133596"><ele>2874.6</ele><time>2026-04-10T15:10:37Z</time></rtept><rtept lat="38.387071" lon="-106.133687"><ele>2873.0</ele><time>2026-04-10T15:10:37Z</time></rtept><rtept lat="38.387078" lon="-106.133764"><ele>2873.0</ele><time>2026-04-10T15:10:37Z</time></rtept><rtept lat="38.387104" lon="-106.133789"><ele>2868.8</ele><time>2026-04-10T15:10:37Z</time></rtept><rtept lat="38.387112" lon="-106.133858"><ele>2867.2</ele><time>2026-04-10T15:10:37Z</time></rtept><rtept lat="38.387122" lon="-106.133899"><ele>2867.2</ele><time>2026-04-10T15:10:37Z</time></rtept><rtept lat="38.387126" lon="-106.133959"><ele>2865.2</ele><time>2026-04-10T15:10:37Z</time></rtept><rtept lat="38.387145" lon="-106.134053"><ele>2863.0</ele><time>2026-04-10T15:10:37Z</time></rtept><rtept lat="38.387151" lon="-106.134145"><ele>2858.2</ele><time>2026-04-10T15:10:37Z</time></rtept><rtept lat="38.387159" lon="-106.134243"><ele>2855.2</ele><time>2026-04-10T15:10:37Z</time></rtept><rtept lat="38.387144" lon="-106.134335"><ele>2853.8</ele><time>2026-04-10T15:10:37Z</time></rtept><rtept lat="38.387082" lon="-106.134443"><ele>2852.2</ele><time>2026-04-10T15:10:37Z</time></rtept><rtept lat="38.38703" lon="-106.134576"><ele>2849.6</ele><time>2026-04-10T15:10:37Z</time></rtept><rtept lat="38.387021" lon="-106.13465"><ele>2852.2</ele><time>2026-04-10T15:10:37Z</time></rtept><rtept lat="38.387092" lon="-106.134777"><ele>2852.6</ele><time>2026-04-10T15:10:37Z</time></rtept><rtept lat="38.387281" lon="-106.134906"><ele>2856.0</ele><time>2026-04-10T15:10:37Z</time></rtept><rtept lat="38.387395" lon="-106.135041"><ele>2857.6</ele><time>2026-04-10T15:10:37Z</time></rtept><rtept lat="38.387607" lon="-106.135126"><ele>2859.2</ele><time>2026-04-10T15:10:37Z</time></rtept><rtept lat="38.387676" lon="-106.135113"><ele>2858.8</ele><time>2026-04-10T15:10:37Z</time></rtept><rtept lat="38.387746" lon="-106.135097"><ele>2858.8</ele><time>2026-04-10T15:10:37Z</time></rtept><rtept lat="38.387934" lon="-106.135117"><ele>2859.6</ele><time>2026-04-10T15:10:37Z</time></rtept><rtept lat="38.388225" lon="-106.135213"><ele>2861.6</ele><time>2026-04-10T15:10:37Z</time></rtept><rtept lat="38.388555" lon="-106.13542"><ele>2865.6</ele><time>2026-04-10T15:10:37Z</time></rtept><rtept lat="38.388635" lon="-106.135479"><ele>2863.4</ele><time>2026-04-10T15:10:37Z</time></rtept><rtept lat="38.388994" lon="-106.13558"><ele>2863.6</ele><time>2026-04-10T15:10:37Z</time></rtept><rtept lat="38.389247" lon="-106.135678"><ele>2859.8</ele><time>2026-04-10T15:10:37Z</time></rtept><rtept lat="38.389467" lon="-106.135826"><ele>2856.6</ele><time>2026-04-10T15:10:37Z</time></rtept><rtept lat="38.389551" lon="-106.135889"><ele>2857.8</ele><time>2026-04-10T15:10:37Z</time></rtept><rtept lat="38.389659" lon="-106.135957"><ele>2856.2</ele><time>2026-04-10T15:10:37Z</time></rtept><rtept lat="38.389828" lon="-106.136104"><ele>2857.0</ele><time>2026-04-10T15:10:37Z</time></rtept><rtept lat="38.390005" lon="-106.13628"><ele>2855.2</ele><time>2026-04-10T15:10:37Z</time></rtept><rtept lat="38.390091" lon="-106.136347"><ele>2855.6</ele><time>2026-04-10T15:10:37Z</time></rtept><rtept lat="38.390143" lon="-106.136458"><ele>2856.0</ele><time>2026-04-10T15:10:37Z</time></rtept><rtept lat="38.390234" lon="-106.136588"><ele>2856.4</ele><time>2026-04-10T15:10:37Z</time></rtept><rtept lat="38.390252" lon="-106.136711"><ele>2859.6</ele><time>2026-04-10T15:10:37Z</time></rtept><rtept lat="38.390274" lon="-106.136805"><ele>2861.8</ele><time>2026-04-10T15:10:37Z</time></rtept><rtept lat="38.39035" lon="-106.1371"><ele>2864.8</ele><time>2026-04-10T15:10:37Z</time></rtept><rtept lat="38.390359" lon="-106.137174"><ele>2866.4</ele><time>2026-04-10T15:10:37Z</time></rtept><rtept lat="38.390365" lon="-106.13728"><ele>2867.8</ele><time>2026-04-10T15:10:37Z</time></rtept><rtept lat="38.390348" lon="-106.137374"><ele>2870.0</ele><time>2026-04-10T15:10:37Z</time></rtept><rtept lat="38.390287" lon="-106.137548"><ele>2873.2</ele><time>2026-04-10T15:10:37Z</time></rtept><rtept lat="38.390278" lon="-106.137578"><ele>2873.2</ele><time>2026-04-10T15:10:37Z</time></rtept><rtept lat="38.390255" lon="-106.13763"><ele>2873.0</ele><time>2026-04-10T15:10:37Z</time></rtept><rtept lat="38.390251" lon="-106.137648"><ele>2873.0</ele><time>2026-04-10T15:10:37Z</time></rtept><rtept lat="38.390244" lon="-106.137667"><ele>2875.2</ele><time>2026-04-10T15:10:37Z</time></rtept><rtept lat="38.390178" lon="-106.137795"><ele>2874.6</ele><time>2026-04-10T15:10:37Z</time></rtept><rtept lat="38.390103" lon="-106.137908"><ele>2876.2</ele><time>2026-04-10T15:10:37Z</time></rtept><rtept lat="38.390047" lon="-106.137969"><ele>2876.2</ele><time>2026-04-10T15:10:37Z</time></rtept><rtept lat="38.390021" lon="-106.137997"><ele>2876.8</ele><time>2026-04-10T15:10:37Z</time></rtept><rtept lat="38.389965" lon="-106.138042"><ele>2878.2</ele><time>2026-04-10T15:10:37Z</time></rtept><rtept lat="38.389917" lon="-106.138106"><ele>2876.8</ele><time>2026-04-10T15:10:37Z</time></rtept><rtept lat="38.389863" lon="-106.138194"><ele>2876.8</ele><time>2026-04-10T15:10:37Z</time></rtept><rtept lat="38.389818" lon="-106.138244"><ele>2876.2</ele><time>2026-04-10T15:10:37Z</time></rtept><rtept lat="38.389725" lon="-106.138245"><ele>2876.8</ele><time>2026-04-10T15:10:37Z</time></rtept><rtept lat="38.389228" lon="-106.138395"><ele>2882.0</ele><time>2026-04-10T15:10:37Z</time></rtept><rtept lat="38.389025" lon="-106.138562"><ele>2882.8</ele><time>2026-04-10T15:10:37Z</time></rtept><rtept lat="38.388641" lon="-106.13887"><ele>2883.0</ele><time>2026-04-10T15:10:37Z</time></rtept><rtept lat="38.38832" lon="-106.139231"><ele>2884.6</ele><time>2026-04-10T15:10:37Z</time></rtept><rtept lat="38.388116" lon="-106.139623"><ele>2881.4</ele><time>2026-04-10T15:10:37Z</time></rtept><rtept lat="38.387971" lon="-106.139859"><ele>2884.8</ele><time>2026-04-10T15:10:37Z</time></rtept><rtept lat="38.387873" lon="-106.140144"><ele>2886.8</ele><time>2026-04-10T15:10:37Z</time></rtept><rtept lat="38.387797" lon="-106.140425"><ele>2887.2</ele><time>2026-04-10T15:10:37Z</time></rtept><rtept lat="38.387799" lon="-106.140486"><ele>2886.8</ele><time>2026-04-10T15:10:37Z</time></rtept><rtept lat="38.387781" lon="-106.140905"><ele>2884.8</ele><time>2026-04-10T15:10:37Z</time></rtept><rtept lat="38.387718" lon="-106.141144"><ele>2886.0</ele><time>2026-04-10T15:10:37Z</time></rtept><rtept lat="38.387695" lon="-106.141352"><ele>2886.4</ele><time>2026-04-10T15:10:37Z</time></rtept><rtept lat="38.387709" lon="-106.141544"><ele>2887.4</ele><time>2026-04-10T15:10:37Z</time></rtept><rtept lat="38.387682" lon="-106.141574"><ele>2888.6</ele><time>2026-04-10T15:10:37Z</time></rtept><rtept lat="38.387554" lon="-106.141656"><ele>2889.2</ele><time>2026-04-10T15:10:37Z</time></rtept><rtept lat="38.387263" lon="-106.14171"><ele>2890.8</ele><time>2026-04-10T15:10:37Z</time></rtept><rtept lat="38.38708" lon="-106.141737"><ele>2891.6</ele><time>2026-04-10T15:10:37Z</time></rtept><rtept lat="38.386945" lon="-106.141787"><ele>2890.6</ele><time>2026-04-10T15:10:37Z</time></rtept><rtept lat="38.386745" lon="-106.141859"><ele>2890.6</ele><time>2026-04-10T15:10:37Z</time></rtept><rtept lat="38.386501" lon="-106.141913"><ele>2891.8</ele><time>2026-04-10T15:10:37Z</time></rtept><rtept lat="38.38633" lon="-106.141908"><ele>2890.6</ele><time>2026-04-10T15:10:37Z</time></rtept><rtept lat="38.386135" lon="-106.14185"><ele>2887.4</ele><time>2026-04-10T15:10:37Z</time></rtept><rtept lat="38.385868" lon="-106.141719"><ele>2888.2</ele><time>2026-04-10T15:10:37Z</time></rtept><rtept lat="38.385665" lon="-106.141611"><ele>2887.4</ele><time>2026-04-10T15:10:37Z</time></rtept><rtept lat="38.385586" lon="-106.141551"><ele>2888.6</ele><time>2026-04-10T15:10:37Z</time></rtept><rtept lat="38.385541" lon="-106.141537"><ele>2888.6</ele><time>2026-04-10T15:10:37Z</time></rtept><rtept lat="38.385494" lon="-106.141528"><ele>2887.6</ele><time>2026-04-10T15:10:37Z</time></rtept><rtept lat="38.385416" lon="-106.14154"><ele>2887.0</ele><time>2026-04-10T15:10:37Z</time></rtept><rtept lat="38.385301" lon="-106.141619"><ele>2884.2</ele><time>2026-04-10T15:10:37Z</time></rtept><rtept lat="38.385321" lon="-106.141696"><ele>2883.0</ele><time>2026-04-10T15:10:37Z</time></rtept><rtept lat="38.385352" lon="-106.141924"><ele>2879.0</ele><time>2026-04-10T15:10:37Z</time></rtept><rtept lat="38.385368" lon="-106.142011"><ele>2878.4</ele><time>2026-04-10T15:10:37Z</time></rtept><rtept lat="38.38535" lon="-106.142079"><ele>2878.4</ele><time>2026-04-10T15:10:37Z</time></rtept><rtept lat="38.385296" lon="-106.14221"><ele>2879.4</ele><time>2026-04-10T15:10:37Z</time></rtept><rtept lat="38.385161" lon="-106.142422"><ele>2881.0</ele><time>2026-04-10T15:10:37Z</time></rtept><rtept lat="38.385001" lon="-106.142664"><ele>2880.4</ele><time>2026-04-10T15:10:37Z</time></rtept><rtept lat="38.384965" lon="-106.14271"><ele>2880.6</ele><time>2026-04-10T15:10:37Z</time></rtept><rtept lat="38.38473" lon="-106.143054"><ele>2880.8</ele><time>2026-04-10T15:10:37Z</time></rtept><rtept lat="38.384493" lon="-106.143265"><ele>2883.6</ele><time>2026-04-10T15:10:37Z</time></rtept><rtept lat="38.384219" lon="-106.143544"><ele>2884.6</ele><time>2026-04-10T15:10:37Z</time></rtept><rtept lat="38.384059" lon="-106.143676"><ele>2885.0</ele><time>2026-04-10T15:10:37Z</time></rtept><rtept lat="38.383925" lon="-106.143765"><ele>2885.8</ele><time>2026-04-10T15:10:37Z</time></rtept><rtept lat="38.383799" lon="-106.143816"><ele>2885.8</ele><time>2026-04-10T15:10:37Z</time></rtept><rtept lat="38.38358" lon="-106.143889"><ele>2888.4</ele><time>2026-04-10T15:10:37Z</time></rtept><rtept lat="38.383482" lon="-106.143902"><ele>2886.2</ele><time>2026-04-10T15:10:37Z</time></rtept><rtept lat="38.383277" lon="-106.143928"><ele>2886.2</ele><time>2026-04-10T15:10:37Z</time></rtept><rtept lat="38.383017" lon="-106.143935"><ele>2885.8</ele><time>2026-04-10T15:10:37Z</time></rtept><rtept lat="38.382884" lon="-106.14392"><ele>2885.2</ele><time>2026-04-10T15:10:37Z</time></rtept><rtept lat="38.382722" lon="-106.143832"><ele>2886.8</ele><time>2026-04-10T15:10:37Z</time></rtept><rtept lat="38.382489" lon="-106.143743"><ele>2884.6</ele><time>2026-04-10T15:10:37Z</time></rtept><rtept lat="38.382307" lon="-106.143632"><ele>2886.4</ele><time>2026-04-10T15:10:37Z</time></rtept><rtept lat="38.38219" lon="-106.143528"><ele>2884.6</ele><time>2026-04-10T15:10:37Z</time></rtept><rtept lat="38.382063" lon="-106.143434"><ele>2882.4</ele><time>2026-04-10T15:10:37Z</time></rtept><rtept lat="38.381985" lon="-106.143337"><ele>2884.2</ele><time>2026-04-10T15:10:37Z</time></rtept><rtept lat="38.381866" lon="-106.143231"><ele>2886.6</ele><time>2026-04-10T15:10:37Z</time></rtept><rtept lat="38.381738" lon="-106.143322"><ele>2883.6</ele><time>2026-04-10T15:10:37Z</time></rtept><rtept lat="38.381675" lon="-106.143359"><ele>2883.6</ele><time>2026-04-10T15:10:37Z</time></rtept><rtept lat="38.381558" lon="-106.14337"><ele>2883.8</ele><time>2026-04-10T15:10:37Z</time></rtept><rtept lat="38.381434" lon="-106.143347"><ele>2883.8</ele><time>2026-04-10T15:10:37Z</time></rtept><rtept lat="38.38139" lon="-106.143333"><ele>2884.0</ele><time>2026-04-10T15:10:37Z</time></rtept><rtept lat="38.381215" lon="-106.143375"><ele>2883.4</ele><time>2026-04-10T15:10:37Z</time></rtept><rtept lat="38.38111" lon="-106.143365"><ele>2883.0</ele><time>2026-04-10T15:10:37Z</time></rtept><rtept lat="38.380766" lon="-106.143462"><ele>2877.8</ele><time>2026-04-10T15:10:37Z</time></rtept><rtept lat="38.380688" lon="-106.143546"><ele>2875.0</ele><time>2026-04-10T15:10:37Z</time></rtept><rtept lat="38.380676" lon="-106.143662"><ele>2871.8</ele><time>2026-04-10T15:10:37Z</time></rtept><rtept lat="38.380668" lon="-106.143793"><ele>2871.8</ele><time>2026-04-10T15:10:37Z</time></rtept><rtept lat="38.380733" lon="-106.143865"><ele>2871.4</ele><time>2026-04-10T15:10:37Z</time></rtept><rtept lat="38.380855" lon="-106.144049"><ele>2870.8</ele><time>2026-04-10T15:10:37Z</time></rtept><rtept lat="38.381027" lon="-106.144357"><ele>2873.0</ele><time>2026-04-10T15:10:37Z</time></rtept><rtept lat="38.381067" lon="-106.144433"><ele>2872.6</ele><time>2026-04-10T15:10:37Z</time></rtept><rtept lat="38.381272" lon="-106.144824"><ele>2872.0</ele><time>2026-04-10T15:10:37Z</time></rtept><rtept lat="38.381356" lon="-106.145071"><ele>2872.6</ele><time>2026-04-10T15:10:37Z</time></rtept><rtept lat="38.381429" lon="-106.145336"><ele>2872.8</ele><time>2026-04-10T15:10:37Z</time></rtept><rtept lat="38.381584" lon="-106.145676"><ele>2870.0</ele><time>2026-04-10T15:10:37Z</time></rtept><rtept lat="38.381583" lon="-106.145811"><ele>2872.2</ele><time>2026-04-10T15:10:37Z</time></rtept><rtept lat="38.381675" lon="-106.145993"><ele>2871.8</ele><time>2026-04-10T15:10:37Z</time></rtept><rtept lat="38.381787" lon="-106.146233"><ele>2869.4</ele><time>2026-04-10T15:10:37Z</time></rtept><rtept lat="38.381861" lon="-106.146386"><ele>2869.8</ele><time>2026-04-10T15:10:37Z</time></rtept><rtept lat="38.382013" lon="-106.146512"><ele>2867.4</ele><time>2026-04-10T15:10:37Z</time></rtept><rtept lat="38.38213" lon="-106.146535"><ele>2864.2</ele><time>2026-04-10T15:10:37Z</time></rtept><rtept lat="38.382209" lon="-106.146561"><ele>2864.2</ele><time>2026-04-10T15:10:37Z</time></rtept><rtept lat="38.382447" lon="-106.146665"><ele>2857.6</ele><time>2026-04-10T15:10:37Z</time></rtept><rtept lat="38.382555" lon="-106.146794"><ele>2857.2</ele><time>2026-04-10T15:10:37Z</time></rtept><rtept lat="38.382621" lon="-106.146951"><ele>2857.8</ele><time>2026-04-10T15:10:37Z</time></rtept><rtept lat="38.382664" lon="-106.147221"><ele>2859.0</ele><time>2026-04-10T15:10:37Z</time></rtept><rtept lat="38.382667" lon="-106.147456"><ele>2861.2</ele><time>2026-04-10T15:10:37Z</time></rtept><rtept lat="38.382666" lon="-106.147674"><ele>2863.2</ele><time>2026-04-10T15:10:37Z</time></rtept><rtept lat="38.382765" lon="-106.147886"><ele>2862.6</ele><time>2026-04-10T15:10:37Z</time></rtept><rtept lat="38.382797" lon="-106.14799"><ele>2861.4</ele><time>2026-04-10T15:10:37Z</time></rtept><rtept lat="38.382863" lon="-106.148219"><ele>2862.2</ele><time>2026-04-10T15:10:37Z</time></rtept><rtept lat="38.382893" lon="-106.148378"><ele>2863.6</ele><time>2026-04-10T15:10:37Z</time></rtept><rtept lat="38.382939" lon="-106.148578"><ele>2862.4</ele><time>2026-04-10T15:10:37Z</time></rtept><rtept lat="38.382966" lon="-106.148969"><ele>2863.2</ele><time>2026-04-10T15:10:37Z</time></rtept><rtept lat="38.382953" lon="-106.149202"><ele>2863.0</ele><time>2026-04-10T15:10:37Z</time></rtept><rtept lat="38.382913" lon="-106.149439"><ele>2862.8</ele><time>2026-04-10T15:10:37Z</time></rtept><rtept lat="38.382895" lon="-106.149643"><ele>2864.0</ele><time>2026-04-10T15:10:37Z</time></rtept><rtept lat="38.383008" lon="-106.149904"><ele>2864.0</ele><time>2026-04-10T15:10:37Z</time></rtept><rtept lat="38.383198" lon="-106.150071"><ele>2861.2</ele><time>2026-04-10T15:10:37Z</time></rtept><rtept lat="38.383396" lon="-106.15032"><ele>2858.2</ele><time>2026-04-10T15:10:37Z</time></rtept><rtept lat="38.383491" lon="-106.150499"><ele>2857.2</ele><time>2026-04-10T15:10:37Z</time></rtept><rtept lat="38.383556" lon="-106.150813"><ele>2854.6</ele><time>2026-04-10T15:10:37Z</time></rtept><rtept lat="38.383526" lon="-106.150928"><ele>2854.0</ele><time>2026-04-10T15:10:37Z</time></rtept><rtept lat="38.383519" lon="-106.150963"><ele>2853.2</ele><time>2026-04-10T15:10:37Z</time></rtept><rtept lat="38.383507" lon="-106.150972"><ele>2855.4</ele><time>2026-04-10T15:10:37Z</time></rtept><rtept lat="38.383463" lon="-106.151065"><ele>2854.2</ele><time>2026-04-10T15:10:37Z</time></rtept><rtept lat="38.383453" lon="-106.151096"><ele>2854.2</ele><time>2026-04-10T15:10:37Z</time></rtept><rtept lat="38.383382" lon="-106.15116"><ele>2856.8</ele><time>2026-04-10T15:10:37Z</time></rtept><rtept lat="38.38316" lon="-106.151255"><ele>2861.6</ele><time>2026-04-10T15:10:37Z</time></rtept><rtept lat="38.382726" lon="-106.151581"><ele>2860.6</ele><time>2026-04-10T15:10:37Z</time></rtept><rtept lat="38.38261" lon="-106.151675"><ele>2860.0</ele><time>2026-04-10T15:10:37Z</time></rtept><rtept lat="38.382425" lon="-106.151739"><ele>2859.4</ele><time>2026-04-10T15:10:37Z</time></rtept><rtept lat="38.382198" lon="-106.1518"><ele>2857.8</ele><time>2026-04-10T15:10:37Z</time></rtept><rtept lat="38.382074" lon="-106.15189"><ele>2856.8</ele><time>2026-04-10T15:10:37Z</time></rtept><rtept lat="38.381981" lon="-106.15196"><ele>2858.0</ele><time>2026-04-10T15:10:37Z</time></rtept><rtept lat="38.381946" lon="-106.152056"><ele>2856.0</ele><time>2026-04-10T15:10:37Z</time></rtept><rtept lat="38.382005" lon="-106.152237"><ele>2859.2</ele><time>2026-04-10T15:10:37Z</time></rtept><rtept lat="38.382084" lon="-106.15229"><ele>2857.4</ele><time>2026-04-10T15:10:37Z</time></rtept><rtept lat="38.3823" lon="-106.152474"><ele>2860.2</ele><time>2026-04-10T15:10:37Z</time></rtept><rtept lat="38.382571" lon="-106.152504"><ele>2858.2</ele><time>2026-04-10T15:10:37Z</time></rtept><rtept lat="38.382825" lon="-106.152638"><ele>2855.4</ele><time>2026-04-10T15:10:37Z</time></rtept><rtept lat="38.383035" lon="-106.152757"><ele>2855.8</ele><time>2026-04-10T15:10:37Z</time></rtept><rtept lat="38.383112" lon="-106.152894"><ele>2856.8</ele><time>2026-04-10T15:10:37Z</time></rtept><rtept lat="38.383303" lon="-106.152992"><ele>2853.4</ele><time>2026-04-10T15:10:37Z</time></rtept><rtept lat="38.383507" lon="-106.153194"><ele>2854.8</ele><time>2026-04-10T15:10:37Z</time></rtept><rtept lat="38.383724" lon="-106.153509"><ele>2847.4</ele><time>2026-04-10T15:10:37Z</time></rtept><rtept lat="38.383796" lon="-106.153884"><ele>2842.6</ele><time>2026-04-10T15:10:37Z</time></rtept><rtept lat="38.383783" lon="-106.154292"><ele>2840.0</ele><time>2026-04-10T15:10:37Z</time></rtept><rtept lat="38.383632" lon="-106.154667"><ele>2841.4</ele><time>2026-04-10T15:10:37Z</time></rtept><rtept lat="38.38358" lon="-106.1548"><ele>2842.4</ele><time>2026-04-10T15:10:37Z</time></rtept><rtept lat="38.383573" lon="-106.154821"><ele>2842.4</ele><time>2026-04-10T15:10:37Z</time></rtept><rtept lat="38.383388" lon="-106.155088"><ele>2845.2</ele><time>2026-04-10T15:10:37Z</time></rtept><rtept lat="38.383281" lon="-106.155352"><ele>2846.0</ele><time>2026-04-10T15:10:37Z</time></rtept><rtept lat="38.383144" lon="-106.155539"><ele>2845.6</ele><time>2026-04-10T15:10:37Z</time></rtept><rtept lat="38.383101" lon="-106.155589"><ele>2845.0</ele><time>2026-04-10T15:10:37Z</time></rtept><rtept lat="38.38291" lon="-106.15579"><ele>2849.2</ele><time>2026-04-10T15:10:37Z</time></rtept><rtept lat="38.382897" lon="-106.155895"><ele>2846.8</ele><time>2026-04-10T15:10:37Z</time></rtept><rtept lat="38.382884" lon="-106.155999"><ele>2842.2</ele><time>2026-04-10T15:10:37Z</time></rtept><rtept lat="38.382867" lon="-106.156043"><ele>2842.2</ele><time>2026-04-10T15:10:37Z</time></rtept><rtept lat="38.382851" lon="-106.156153"><ele>2840.0</ele><time>2026-04-10T15:10:37Z</time></rtept><rtept lat="38.382764" lon="-106.156336"><ele>2842.0</ele><time>2026-04-10T15:10:37Z</time></rtept><rtept lat="38.382515" lon="-106.156205"><ele>2854.6</ele><time>2026-04-10T15:10:37Z</time></rtept><rtept lat="38.382339" lon="-106.156113"><ele>2866.6</ele><time>2026-04-10T15:10:37Z</time></rtept><rtept lat="38.382339" lon="-106.156113"><ele>2866.6</ele><time>2026-04-10T15:10:37Z</time></rtept><rtept lat="38.382589" lon="-106.156244"><ele>2851.0</ele><time>2026-04-10T15:10:37Z</time></rtept><rtept lat="38.382764" lon="-106.156336"><ele>2842.0</ele><time>2026-04-10T15:10:37Z</time></rtept><rtept lat="38.382739" lon="-106.15657"><ele>2838.8</ele><time>2026-04-10T15:10:37Z</time></rtept><rtept lat="38.382747" lon="-106.15676"><ele>2836.8</ele><time>2026-04-10T15:10:37Z</time></rtept><rtept lat="38.382664" lon="-106.157137"><ele>2831.0</ele><time>2026-04-10T15:10:37Z</time></rtept><rtept lat="38.382464" lon="-106.157457"><ele>2833.8</ele><time>2026-04-10T15:10:37Z</time></rtept><rtept lat="38.382391" lon="-106.157556"><ele>2835.2</ele><time>2026-04-10T15:10:37Z</time></rtept><rtept lat="38.382203" lon="-106.15791"><ele>2837.6</ele><time>2026-04-10T15:10:37Z</time></rtept><rtept lat="38.382057" lon="-106.158183"><ele>2838.2</ele><time>2026-04-10T15:10:37Z</time></rtept><rtept lat="38.381786" lon="-106.158686"><ele>2839.8</ele><time>2026-04-10T15:10:37Z</time></rtept><rtept lat="38.381626" lon="-106.159067"><ele>2839.4</ele><time>2026-04-10T15:10:37Z</time></rtept><rtept lat="38.381536" lon="-106.159264"><ele>2834.6</ele><time>2026-04-10T15:10:37Z</time></rtept><rtept lat="38.381411" lon="-106.159443"><ele>2833.8</ele><time>2026-04-10T15:10:37Z</time></rtept><rtept lat="38.381258" lon="-106.159611"><ele>2832.6</ele><time>2026-04-10T15:10:37Z</time></rtept><rtept lat="38.381118" lon="-106.159744"><ele>2832.0</ele><time>2026-04-10T15:10:37Z</time></rtept><rtept lat="38.38106" lon="-106.159785"><ele>2830.4</ele><time>2026-04-10T15:10:37Z</time></rtept><rtept lat="38.380949" lon="-106.159809"><ele>2830.6</ele><time>2026-04-10T15:10:37Z</time></rtept><rtept lat="38.380887" lon="-106.15986"><ele>2828.6</ele><time>2026-04-10T15:10:37Z</time></rtept><rtept lat="38.380803" lon="-106.15987"><ele>2828.6</ele><time>2026-04-10T15:10:37Z</time></rtept><rtept lat="38.380736" lon="-106.159833"><ele>2830.0</ele><time>2026-04-10T15:10:37Z</time></rtept><rtept lat="38.380614" lon="-106.15973"><ele>2830.4</ele><time>2026-04-10T15:10:37Z</time></rtept><rtept lat="38.380414" lon="-106.159606"><ele>2830.2</ele><time>2026-04-10T15:10:37Z</time></rtept><rtept lat="38.380345" lon="-106.159628"><ele>2830.4</ele><time>2026-04-10T15:10:37Z</time></rtept><rtept lat="38.380309" lon="-106.159748"><ele>2830.4</ele><time>2026-04-10T15:10:37Z</time></rtept><rtept lat="38.380387" lon="-106.159916"><ele>2830.4</ele><time>2026-04-10T15:10:37Z</time></rtept><rtept lat="38.380434" lon="-106.16013"><ele>2831.0</ele><time>2026-04-10T15:10:37Z</time></rtept><rtept lat="38.380477" lon="-106.160286"><ele>2831.8</ele><time>2026-04-10T15:10:37Z</time></rtept><rtept lat="38.380587" lon="-106.16056"><ele>2830.6</ele><time>2026-04-10T15:10:37Z</time></rtept><rtept lat="38.380583" lon="-106.160626"><ele>2830.6</ele><time>2026-04-10T15:10:37Z</time></rtept><rtept lat="38.380462" lon="-106.160928"><ele>2835.2</ele><time>2026-04-10T15:10:37Z</time></rtept><rtept lat="38.38037" lon="-106.161061"><ele>2836.8</ele><time>2026-04-10T15:10:37Z</time></rtept><rtept lat="38.38025" lon="-106.161234"><ele>2841.2</ele><time>2026-04-10T15:10:37Z</time></rtept><rtept lat="38.38014" lon="-106.161427"><ele>2845.8</ele><time>2026-04-10T15:10:37Z</time></rtept><rtept lat="38.380062" lon="-106.161574"><ele>2847.4</ele><time>2026-04-10T15:10:37Z</time></rtept><rtept lat="38.379984" lon="-106.161694"><ele>2846.6</ele><time>2026-04-10T15:10:37Z</time></rtept><rtept lat="38.379935" lon="-106.161753"><ele>2847.4</ele><time>2026-04-10T15:10:37Z</time></rtept><rtept lat="38.379865" lon="-106.161853"><ele>2848.2</ele><time>2026-04-10T15:10:37Z</time></rtept><rtept lat="38.379725" lon="-106.162095"><ele>2847.6</ele><time>2026-04-10T15:10:37Z</time></rtept><rtept lat="38.379676" lon="-106.162143"><ele>2850.2</ele><time>2026-04-10T15:10:37Z</time></rtept><rtept lat="38.379582" lon="-106.162248"><ele>2850.6</ele><time>2026-04-10T15:10:37Z</time></rtept><rtept lat="38.379468" lon="-106.162413"><ele>2851.4</ele><time>2026-04-10T15:10:37Z</time></rtept><rtept lat="38.379264" lon="-106.162562"><ele>2854.2</ele><time>2026-04-10T15:10:37Z</time></rtept><rtept lat="38.379187" lon="-106.162706"><ele>2852.2</ele><time>2026-04-10T15:10:37Z</time></rtept><rtept lat="38.379142" lon="-106.162754"><ele>2853.4</ele><time>2026-04-10T15:10:37Z</time></rtept><rtept lat="38.379097" lon="-106.162816"><ele>2851.0</ele><time>2026-04-10T15:10:37Z</time></rtept><rtept lat="38.378986" lon="-106.162871"><ele>2848.8</ele><time>2026-04-10T15:10:37Z</time></rtept><rtept lat="38.378835" lon="-106.162786"><ele>2849.8</ele><time>2026-04-10T15:10:37Z</time></rtept><rtept lat="38.378702" lon="-106.162698"><ele>2850.4</ele><time>2026-04-10T15:10:37Z</time></rtept><rtept lat="38.378357" lon="-106.162475"><ele>2853.8</ele><time>2026-04-10T15:10:37Z</time></rtept><rtept lat="38.378235" lon="-106.162362"><ele>2855.0</ele><time>2026-04-10T15:10:37Z</time></rtept><rtept lat="38.37805" lon="-106.162288"><ele>2855.4</ele><time>2026-04-10T15:10:37Z</time></rtept><rtept lat="38.378016" lon="-106.162287"><ele>2855.4</ele><time>2026-04-10T15:10:37Z</time></rtept><rtept lat="38.377901" lon="-106.162302"><ele>2853.6</ele><time>2026-04-10T15:10:37Z</time></rtept><rtept lat="38.377819" lon="-106.162344"><ele>2852.8</ele><time>2026-04-10T15:10:37Z</time></rtept><rtept lat="38.377776" lon="-106.162377"><ele>2849.4</ele><time>2026-04-10T15:10:37Z</time></rtept><rtept lat="38.377748" lon="-106.16239"><ele>2849.4</ele><time>2026-04-10T15:10:37Z</time></rtept><rtept lat="38.377722" lon="-106.162432"><ele>2849.0</ele><time>2026-04-10T15:10:37Z</time></rtept><rtept lat="38.377688" lon="-106.162453"><ele>2846.6</ele><time>2026-04-10T15:10:37Z</time></rtept><rtept lat="38.377659" lon="-106.162471"><ele>2846.4</ele><time>2026-04-10T15:10:37Z</time></rtept><rtept lat="38.377643" lon="-106.162488"><ele>2846.4</ele><time>2026-04-10T15:10:37Z</time></rtept><rtept lat="38.377637" lon="-106.162602"><ele>2844.6</ele><time>2026-04-10T15:10:37Z</time></rtept><rtept lat="38.377645" lon="-106.162681"><ele>2843.8</ele><time>2026-04-10T15:10:37Z</time></rtept><rtept lat="38.377654" lon="-106.162741"><ele>2844.2</ele><time>2026-04-10T15:10:37Z</time></rtept><rtept lat="38.37768" lon="-106.162842"><ele>2843.2</ele><time>2026-04-10T15:10:37Z</time></rtept><rtept lat="38.377811" lon="-106.163003"><ele>2841.8</ele><time>2026-04-10T15:10:37Z</time></rtept><rtept lat="38.37792" lon="-106.163094"><ele>2841.4</ele><time>2026-04-10T15:10:37Z</time></rtept><rtept lat="38.377982" lon="-106.163218"><ele>2842.8</ele><time>2026-04-10T15:10:37Z</time></rtept><rtept lat="38.378061" lon="-106.163328"><ele>2842.2</ele><time>2026-04-10T15:10:37Z</time></rtept><rtept lat="38.378143" lon="-106.163529"><ele>2839.8</ele><time>2026-04-10T15:10:37Z</time></rtept><rtept lat="38.378227" lon="-106.163784"><ele>2841.4</ele><time>2026-04-10T15:10:37Z</time></rtept><rtept lat="38.378286" lon="-106.163913"><ele>2841.2</ele><time>2026-04-10T15:10:37Z</time></rtept><rtept lat="38.378254" lon="-106.164022"><ele>2844.4</ele><time>2026-04-10T15:10:37Z</time></rtept><rtept lat="38.377966" lon="-106.164278"><ele>2854.0</ele><time>2026-04-10T15:10:37Z</time></rtept><rtept lat="38.377918" lon="-106.164375"><ele>2855.6</ele><time>2026-04-10T15:10:37Z</time></rtept><rtept lat="38.37782" lon="-106.164582"><ele>2852.4</ele><time>2026-04-10T15:10:37Z</time></rtept><rtept lat="38.377734" lon="-106.164768"><ele>2850.4</ele><time>2026-04-10T15:10:37Z</time></rtept><rtept lat="38.377643" lon="-106.164889"><ele>2853.2</ele><time>2026-04-10T15:10:37Z</time></rtept><rtept lat="38.377545" lon="-106.164969"><ele>2853.0</ele><time>2026-04-10T15:10:37Z</time></rtept><rtept lat="38.377195" lon="-106.165205"><ele>2856.6</ele><time>2026-04-10T15:10:37Z</time></rtept><rtept lat="38.377109" lon="-106.165281"><ele>2858.6</ele><time>2026-04-10T15:10:37Z</time></rtept><rtept lat="38.37704" lon="-106.165385"><ele>2858.2</ele><time>2026-04-10T15:10:37Z</time></rtept><rtept lat="38.376901" lon="-106.165467"><ele>2860.0</ele><time>2026-04-10T15:10:37Z</time></rtept><rtept lat="38.376652" lon="-106.165685"><ele>2862.8</ele><time>2026-04-10T15:10:37Z</time></rtept><rtept lat="38.376544" lon="-106.165779"><ele>2862.0</ele><time>2026-04-10T15:10:37Z</time></rtept><rtept lat="38.376417" lon="-106.165907"><ele>2860.0</ele><time>2026-04-10T15:10:37Z</time></rtept><rtept lat="38.376231" lon="-106.166062"><ele>2859.6</ele><time>2026-04-10T15:10:37Z</time></rtept><rtept lat="38.376132" lon="-106.16611"><ele>2861.0</ele><time>2026-04-10T15:10:37Z</time></rtept><rtept lat="38.375933" lon="-106.166099"><ele>2863.8</ele><time>2026-04-10T15:10:37Z</time></rtept><rtept lat="38.375895" lon="-106.166086"><ele>2864.0</ele><time>2026-04-10T15:10:37Z</time></rtept><rtept lat="38.375711" lon="-106.166025"><ele>2866.0</ele><time>2026-04-10T15:10:37Z</time></rtept><rtept lat="38.375139" lon="-106.165859"><ele>2861.8</ele><time>2026-04-10T15:10:37Z</time></rtept><rtept lat="38.374972" lon="-106.165744"><ele>2863.2</ele><time>2026-04-10T15:10:37Z</time></rtept><rtept lat="38.374668" lon="-106.165558"><ele>2863.8</ele><time>2026-04-10T15:10:37Z</time></rtept><rtept lat="38.374426" lon="-106.16538"><ele>2862.8</ele><time>2026-04-10T15:10:37Z</time></rtept><rtept lat="38.37434" lon="-106.165318"><ele>2862.6</ele><time>2026-04-10T15:10:37Z</time></rtept><rtept lat="38.37427" lon="-106.165324"><ele>2860.8</ele><time>2026-04-10T15:10:37Z</time></rtept><rtept lat="38.374217" lon="-106.165442"><ele>2859.4</ele><time>2026-04-10T15:10:37Z</time></rtept><rtept lat="38.374206" lon="-106.165654"><ele>2859.6</ele><time>2026-04-10T15:10:37Z</time></rtept><rtept lat="38.374136" lon="-106.165667"><ele>2861.2</ele><time>2026-04-10T15:10:37Z</time></rtept><rtept lat="38.373959" lon="-106.16549"><ele>2865.6</ele><time>2026-04-10T15:10:37Z</time></rtept><rtept lat="38.37382" lon="-106.165325"><ele>2867.0</ele><time>2026-04-10T15:10:37Z</time></rtept><rtept lat="38.373793" lon="-106.165243"><ele>2866.0</ele><time>2026-04-10T15:10:37Z</time></rtept><rtept lat="38.373723" lon="-106.165181"><ele>2867.8</ele><time>2026-04-10T15:10:37Z</time></rtept><rtept lat="38.373562" lon="-106.165044"><ele>2869.2</ele><time>2026-04-10T15:10:37Z</time></rtept><rtept lat="38.373455" lon="-106.165024"><ele>2872.8</ele><time>2026-04-10T15:10:37Z</time></rtept><rtept lat="38.373469" lon="-106.165144"><ele>2874.0</ele><time>2026-04-10T15:10:37Z</time></rtept><rtept lat="38.373515" lon="-106.165378"><ele>2875.4</ele><time>2026-04-10T15:10:37Z</time></rtept><rtept lat="38.37358" lon="-106.165638"><ele>2875.8</ele><time>2026-04-10T15:10:37Z</time></rtept><rtept lat="38.373618" lon="-106.165835"><ele>2876.8</ele><time>2026-04-10T15:10:37Z</time></rtept><rtept lat="38.373585" lon="-106.166006"><ele>2877.2</ele><time>2026-04-10T15:10:37Z</time></rtept><rtept lat="38.373456" lon="-106.166264"><ele>2879.8</ele><time>2026-04-10T15:10:37Z</time></rtept><rtept lat="38.373352" lon="-106.166467"><ele>2880.4</ele><time>2026-04-10T15:10:37Z</time></rtept><rtept lat="38.373296" lon="-106.166541"><ele>2879.2</ele><time>2026-04-10T15:10:37Z</time></rtept><rtept lat="38.372931" lon="-106.166797"><ele>2884.0</ele><time>2026-04-10T15:10:37Z</time></rtept><rtept lat="38.372766" lon="-106.166946"><ele>2884.0</ele><time>2026-04-10T15:10:37Z</time></rtept><rtept lat="38.372533" lon="-106.16704"><ele>2886.8</ele><time>2026-04-10T15:10:37Z</time></rtept><rtept lat="38.372297" lon="-106.167166"><ele>2887.4</ele><time>2026-04-10T15:10:37Z</time></rtept><rtept lat="38.372056" lon="-106.167397"><ele>2889.8</ele><time>2026-04-10T15:10:37Z</time></rtept><rtept lat="38.371741" lon="-106.167875"><ele>2889.4</ele><time>2026-04-10T15:10:37Z</time></rtept><rtept lat="38.37159" lon="-106.168081"><ele>2889.8</ele><time>2026-04-10T15:10:37Z</time></rtept><rtept lat="38.371495" lon="-106.168192"><ele>2888.4</ele><time>2026-04-10T15:10:37Z</time></rtept><rtept lat="38.37128" lon="-106.168458"><ele>2888.6</ele><time>2026-04-10T15:10:37Z</time></rtept><rtept lat="38.371258" lon="-106.168527"><ele>2890.4</ele><time>2026-04-10T15:10:37Z</time></rtept><rtept lat="38.37114" lon="-106.168555"><ele>2890.2</ele><time>2026-04-10T15:10:37Z</time></rtept><rtept lat="38.371003" lon="-106.16864"><ele>2891.8</ele><time>2026-04-10T15:10:37Z</time></rtept><rtept lat="38.370583" lon="-106.168853"><ele>2899.0</ele><time>2026-04-10T15:10:37Z</time></rtept><rtept lat="38.370508" lon="-106.168908"><ele>2898.6</ele><time>2026-04-10T15:10:37Z</time></rtept><rtept lat="38.370328" lon="-106.168968"><ele>2901.6</ele><time>2026-04-10T15:10:37Z</time></rtept><rtept lat="38.370236" lon="-106.169093"><ele>2901.2</ele><time>2026-04-10T15:10:37Z</time></rtept><rtept lat="38.370182" lon="-106.169189"><ele>2901.0</ele><time>2026-04-10T15:10:37Z</time></rtept><rtept lat="38.370087" lon="-106.169263"><ele>2900.6</ele><time>2026-04-10T15:10:37Z</time></rtept><rtept lat="38.370012" lon="-106.169367"><ele>2900.2</ele><time>2026-04-10T15:10:37Z</time></rtept><rtept lat="38.369923" lon="-106.169472"><ele>2899.6</ele><time>2026-04-10T15:10:37Z</time></rtept><rtept lat="38.36964" lon="-106.16992"><ele>2896.6</ele><time>2026-04-10T15:10:37Z</time></rtept><rtept lat="38.36956" lon="-106.17"><ele>2896.2</ele><time>2026-04-10T15:10:37Z</time></rtept><rtept lat="38.3694" lon="-106.170135"><ele>2897.6</ele><time>2026-04-10T15:10:37Z</time></rtept><rtept lat="38.369222" lon="-106.17032"><ele>2898.4</ele><time>2026-04-10T15:10:37Z</time></rtept><rtept lat="38.369" lon="-106.170514"><ele>2896.6</ele><time>2026-04-10T15:10:37Z</time></rtept><rtept lat="38.368889" lon="-106.170613"><ele>2897.2</ele><time>2026-04-10T15:10:37Z</time></rtept><rtept lat="38.368758" lon="-106.170734"><ele>2897.6</ele><time>2026-04-10T15:10:37Z</time></rtept><rtept lat="38.368556" lon="-106.170991"><ele>2895.0</ele><time>2026-04-10T15:10:37Z</time></rtept><rtept lat="38.368426" lon="-106.171064"><ele>2895.0</ele><time>2026-04-10T15:10:37Z</time></rtept><rtept lat="38.36829" lon="-106.171046"><ele>2896.8</ele><time>2026-04-10T15:10:37Z</time></rtept><rtept lat="38.368136" lon="-106.17102"><ele>2898.4</ele><time>2026-04-10T15:10:37Z</time></rtept><rtept lat="38.367882" lon="-106.170978"><ele>2903.2</ele><time>2026-04-10T15:10:37Z</time></rtept><rtept lat="38.367817" lon="-106.170953"><ele>2903.2</ele><time>2026-04-10T15:10:37Z</time></rtept><rtept lat="38.367759" lon="-106.17096"><ele>2902.8</ele><time>2026-04-10T15:10:37Z</time></rtept><rtept lat="38.36774" lon="-106.171047"><ele>2900.4</ele><time>2026-04-10T15:10:37Z</time></rtept><rtept lat="38.367736" lon="-106.171077"><ele>2900.4</ele><time>2026-04-10T15:10:37Z</time></rtept><rtept lat="38.367699" lon="-106.171166"><ele>2897.8</ele><time>2026-04-10T15:10:37Z</time></rtept><rtept lat="38.367619" lon="-106.171268"><ele>2896.4</ele><time>2026-04-10T15:10:37Z</time></rtept><rtept lat="38.367488" lon="-106.17137"><ele>2894.6</ele><time>2026-04-10T15:10:37Z</time></rtept><rtept lat="38.367372" lon="-106.171431"><ele>2895.8</ele><time>2026-04-10T15:10:37Z</time></rtept><rtept lat="38.367317" lon="-106.171458"><ele>2894.8</ele><time>2026-04-10T15:10:37Z</time></rtept><rtept lat="38.36717" lon="-106.171584"><ele>2894.6</ele><time>2026-04-10T15:10:37Z</time></rtept><rtept lat="38.367066" lon="-106.17166"><ele>2894.4</ele><time>2026-04-10T15:10:37Z</time></rtept><rtept lat="38.366936" lon="-106.171719"><ele>2894.4</ele><time>2026-04-10T15:10:37Z</time></rtept><rtept lat="38.366771" lon="-106.171768"><ele>2896.4</ele><time>2026-04-10T15:10:37Z</time></rtept><rtept lat="38.366661" lon="-106.171812"><ele>2896.4</ele><time>2026-04-10T15:10:37Z</time></rtept><rtept lat="38.366575" lon="-106.17187"><ele>2897.2</ele><time>2026-04-10T15:10:37Z</time></rtept><rtept lat="38.366471" lon="-106.171945"><ele>2897.4</ele><time>2026-04-10T15:10:37Z</time></rtept><rtept lat="38.366282" lon="-106.172081"><ele>2896.6</ele><time>2026-04-10T15:10:37Z</time></rtept><rtept lat="38.366191" lon="-106.17218"><ele>2896.0</ele><time>2026-04-10T15:10:37Z</time></rtept><rtept lat="38.365965" lon="-106.172549"><ele>2893.4</ele><time>2026-04-10T15:10:37Z</time></rtept><rtept lat="38.365879" lon="-106.172764"><ele>2891.6</ele><time>2026-04-10T15:10:37Z</time></rtept><rtept lat="38.365805" lon="-106.172869"><ele>2891.2</ele><time>2026-04-10T15:10:37Z</time></rtept><rtept lat="38.36578" lon="-106.172962"><ele>2890.2</ele><time>2026-04-10T15:10:37Z</time></rtept><rtept lat="38.36576" lon="-106.173022"><ele>2889.2</ele><time>2026-04-10T15:10:37Z</time></rtept><rtept lat="38.365732" lon="-106.173083"><ele>2889.0</ele><time>2026-04-10T15:10:37Z</time></rtept><rtept lat="38.365709" lon="-106.173198"><ele>2888.0</ele><time>2026-04-10T15:10:37Z</time></rtept><rtept lat="38.365661" lon="-106.173315"><ele>2888.0</ele><time>2026-04-10T15:10:37Z</time></rtept><rtept lat="38.36559" lon="-106.173421"><ele>2887.2</ele><time>2026-04-10T15:10:37Z</time></rtept><rtept lat="38.365522" lon="-106.173552"><ele>2887.4</ele><time>2026-04-10T15:10:37Z</time></rtept><rtept lat="38.365476" lon="-106.173692"><ele>2887.2</ele><time>2026-04-10T15:10:37Z</time></rtept><rtept lat="38.365406" lon="-106.173821"><ele>2887.6</ele><time>2026-04-10T15:10:37Z</time></rtept><rtept lat="38.365314" lon="-106.173967"><ele>2887.6</ele><time>2026-04-10T15:10:37Z</time></rtept><rtept lat="38.365295" lon="-106.174064"><ele>2887.0</ele><time>2026-04-10T15:10:37Z</time></rtept><rtept lat="38.365178" lon="-106.174389"><ele>2886.6</ele><time>2026-04-10T15:10:37Z</time></rtept><rtept lat="38.365127" lon="-106.174528"><ele>2886.8</ele><time>2026-04-10T15:10:37Z</time></rtept><rtept lat="38.365111" lon="-106.174594"><ele>2886.2</ele><time>2026-04-10T15:10:37Z</time></rtept><rtept lat="38.365047" lon="-106.174706"><ele>2886.6</ele><time>2026-04-10T15:10:37Z</time></rtept><rtept lat="38.36499" lon="-106.174845"><ele>2887.0</ele><time>2026-04-10T15:10:37Z</time></rtept><rtept lat="38.364964" lon="-106.174966"><ele>2886.4</ele><time>2026-04-10T15:10:37Z</time></rtept><rtept lat="38.364957" lon="-106.175106"><ele>2886.0</ele><time>2026-04-10T15:10:37Z</time></rtept><rtept lat="38.364905" lon="-106.175256"><ele>2886.2</ele><time>2026-04-10T15:10:37Z</time></rtept><rtept lat="38.364876" lon="-106.1753"><ele>2887.0</ele><time>2026-04-10T15:10:37Z</time></rtept><rtept lat="38.364693" lon="-106.17557"><ele>2886.6</ele><time>2026-04-10T15:10:37Z</time></rtept><rtept lat="38.363993" lon="-106.17628"><ele>2890.2</ele><time>2026-04-10T15:10:37Z</time></rtept><rtept lat="38.363855" lon="-106.176596"><ele>2890.4</ele><time>2026-04-10T15:10:37Z</time></rtept><rtept lat="38.363855" lon="-106.176596"><ele>2890.4</ele><time>2026-04-10T15:10:37Z</time></rtept><rtept lat="38.363993" lon="-106.17628"><ele>2890.2</ele><time>2026-04-10T15:10:37Z</time></rtept><rtept lat="38.36359" lon="-106.1772"><ele>2896.2</ele><time>2026-04-10T15:10:37Z</time></rtept><rtept lat="38.363533" lon="-106.177367"><ele>2895.6</ele><time>2026-04-10T15:10:37Z</time></rtept><rtept lat="38.363495" lon="-106.17764"><ele>2895.8</ele><time>2026-04-10T15:10:37Z</time></rtept><rtept lat="38.363513" lon="-106.178273"><ele>2895.2</ele><time>2026-04-10T15:10:37Z</time></rtept><rtept lat="38.363492" lon="-106.178546"><ele>2895.2</ele><time>2026-04-10T15:10:37Z</time></rtept><rtept lat="38.363416" lon="-106.178809"><ele>2896.4</ele><time>2026-04-10T15:10:37Z</time></rtept><rtept lat="38.36337" lon="-106.179267"><ele>2898.8</ele><time>2026-04-10T15:10:37Z</time></rtept><rtept lat="38.363303" lon="-106.179358"><ele>2900.2</ele><time>2026-04-10T15:10:37Z</time></rtept><rtept lat="38.363295" lon="-106.17943"><ele>2900.8</ele><time>2026-04-10T15:10:37Z</time></rtept><rtept lat="38.363259" lon="-106.179519"><ele>2902.4</ele><time>2026-04-10T15:10:37Z</time></rtept><rtept lat="38.363237" lon="-106.179597"><ele>2902.4</ele><time>2026-04-10T15:10:37Z</time></rtept><rtept lat="38.36322" lon="-106.179757"><ele>2904.0</ele><time>2026-04-10T15:10:37Z</time></rtept><rtept lat="38.363211" lon="-106.179937"><ele>2905.2</ele><time>2026-04-10T15:10:37Z</time></rtept><rtept lat="38.363213" lon="-106.180118"><ele>2906.4</ele><time>2026-04-10T15:10:37Z</time></rtept><rtept lat="38.363192" lon="-106.180561"><ele>2910.0</ele><time>2026-04-10T15:10:37Z</time></rtept><rtept lat="38.363202" lon="-106.180682"><ele>2908.2</ele><time>2026-04-10T15:10:37Z</time></rtept><rtept lat="38.363257" lon="-106.180838"><ele>2909.8</ele><time>2026-04-10T15:10:37Z</time></rtept><rtept lat="38.363269" lon="-106.181032"><ele>2913.0</ele><time>2026-04-10T15:10:37Z</time></rtept><rtept lat="38.363254" lon="-106.181176"><ele>2914.0</ele><time>2026-04-10T15:10:37Z</time></rtept><rtept lat="38.363243" lon="-106.181334"><ele>2917.8</ele><time>2026-04-10T15:10:37Z</time></rtept><rtept lat="38.363205" lon="-106.181492"><ele>2921.6</ele><time>2026-04-10T15:10:37Z</time></rtept><rtept lat="38.363156" lon="-106.181646"><ele>2921.0</ele><time>2026-04-10T15:10:37Z</time></rtept><rtept lat="38.363108" lon="-106.181874"><ele>2924.6</ele><time>2026-04-10T15:10:37Z</time></rtept><rtept lat="38.363079" lon="-106.181943"><ele>2927.0</ele><time>2026-04-10T15:10:37Z</time></rtept><rtept lat="38.363029" lon="-106.18205"><ele>2926.4</ele><time>2026-04-10T15:10:37Z</time></rtept><rtept lat="38.36302" lon="-106.182185"><ele>2931.4</ele><time>2026-04-10T15:10:37Z</time></rtept><rtept lat="38.362901" lon="-106.182261"><ele>2926.4</ele><time>2026-04-10T15:10:37Z</time></rtept><rtept lat="38.362856" lon="-106.182478"><ele>2926.8</ele><time>2026-04-10T15:10:37Z</time></rtept><rtept lat="38.362821" lon="-106.182575"><ele>2929.4</ele><time>2026-04-10T15:10:37Z</time></rtept><rtept lat="38.362707" lon="-106.182928"><ele>2935.6</ele><time>2026-04-10T15:10:37Z</time></rtept><rtept lat="38.362635" lon="-106.183142"><ele>2941.6</ele><time>2026-04-10T15:10:37Z</time></rtept><rtept lat="38.362633" lon="-106.183152"><ele>2941.6</ele><time>2026-04-10T15:10:37Z</time></rtept><rtept lat="38.362593" lon="-106.183277"><ele>2944.8</ele><time>2026-04-10T15:10:37Z</time></rtept><rtept lat="38.362594" lon="-106.183317"><ele>2948.2</ele><time>2026-04-10T15:10:37Z</time></rtept><rtept lat="38.362576" lon="-106.183325"><ele>2944.4</ele><time>2026-04-10T15:10:37Z</time></rtept><rtept lat="38.362548" lon="-106.183373"><ele>2944.4</ele><time>2026-04-10T15:10:37Z</time></rtept><rtept lat="38.362515" lon="-106.183444"><ele>2944.0</ele><time>2026-04-10T15:10:37Z</time></rtept><rtept lat="38.362468" lon="-106.183604"><ele>2950.8</ele><time>2026-04-10T15:10:37Z</time></rtept><rtept lat="38.362443" lon="-106.18363"><ele>2947.0</ele><time>2026-04-10T15:10:37Z</time></rtept><rtept lat="38.362422" lon="-106.183665"><ele>2950.4</ele><time>2026-04-10T15:10:37Z</time></rtept><rtept lat="38.362404" lon="-106.183713"><ele>2950.4</ele><time>2026-04-10T15:10:37Z</time></rtept><rtept lat="38.362296" lon="-106.183916"><ele>2952.0</ele><time>2026-04-10T15:10:37Z</time></rtept><rtept lat="38.36229" lon="-106.183931"><ele>2952.0</ele><time>2026-04-10T15:10:37Z</time></rtept><rtept lat="38.362277" lon="-106.184041"><ele>2955.0</ele><time>2026-04-10T15:10:37Z</time></rtept><rtept lat="38.362277" lon="-106.184238"><ele>2963.0</ele><time>2026-04-10T15:10:37Z</time></rtept><rtept lat="38.362261" lon="-106.184301"><ele>2963.0</ele><time>2026-04-10T15:10:37Z</time></rtept><rtept lat="38.362238" lon="-106.18448"><ele>2964.0</ele><time>2026-04-10T15:10:37Z</time></rtept><rtept lat="38.362238" lon="-106.184643"><ele>2968.4</ele><time>2026-04-10T15:10:37Z</time></rtept><rtept lat="38.362217" lon="-106.184729"><ele>2970.6</ele><time>2026-04-10T15:10:37Z</time></rtept><rtept lat="38.362167" lon="-106.184936"><ele>2972.0</ele><time>2026-04-10T15:10:37Z</time></rtept><rtept lat="38.362152" lon="-106.185139"><ele>2975.0</ele><time>2026-04-10T15:10:37Z</time></rtept><rtept lat="38.362169" lon="-106.185635"><ele>2981.2</ele><time>2026-04-10T15:10:37Z</time></rtept><rtept lat="38.362168" lon="-106.185818"><ele>2983.0</ele><time>2026-04-10T15:10:37Z</time></rtept><rtept lat="38.362139" lon="-106.185993"><ele>2985.2</ele><time>2026-04-10T15:10:37Z</time></rtept><rtept lat="38.362104" lon="-106.18607"><ele>2983.0</ele><time>2026-04-10T15:10:37Z</time></rtept><rtept lat="38.362022" lon="-106.186265"><ele>2982.6</ele><time>2026-04-10T15:10:37Z</time></rtept><rtept lat="38.362001" lon="-106.18643"><ele>2983.4</ele><time>2026-04-10T15:10:37Z</time></rtept><rtept lat="38.362009" lon="-106.186988"><ele>2986.4</ele><time>2026-04-10T15:10:37Z</time></rtept><rtept lat="38.362031" lon="-106.187052"><ele>2986.4</ele><time>2026-04-10T15:10:37Z</time></rtept><rtept lat="38.362066" lon="-106.187119"><ele>2989.2</ele><time>2026-04-10T15:10:37Z</time></rtept><rtept lat="38.3621" lon="-106.187261"><ele>2990.2</ele><time>2026-04-10T15:10:37Z</time></rtept><rtept lat="38.36213" lon="-106.187398"><ele>2993.4</ele><time>2026-04-10T15:10:37Z</time></rtept><rtept lat="38.362169" lon="-106.1876"><ele>2994.6</ele><time>2026-04-10T15:10:37Z</time></rtept><rtept lat="38.362208" lon="-106.187941"><ele>2999.0</ele><time>2026-04-10T15:10:37Z</time></rtept><rtept lat="38.362217" lon="-106.188382"><ele>2998.2</ele><time>2026-04-10T15:10:37Z</time></rtept><rtept lat="38.362243" lon="-106.189069"><ele>2996.2</ele><time>2026-04-10T15:10:37Z</time></rtept><rtept lat="38.362312" lon="-106.189554"><ele>2999.8</ele><time>2026-04-10T15:10:37Z</time></rtept><rtept lat="38.362355" lon="-106.189727"><ele>3004.0</ele><time>2026-04-10T15:10:37Z</time></rtept><rtept lat="38.362356" lon="-106.1899"><ele>3005.0</ele><time>2026-04-10T15:10:37Z</time></rtept><rtept lat="38.362328" lon="-106.190086"><ele>3005.6</ele><time>2026-04-10T15:10:37Z</time></rtept><rtept lat="38.36232" lon="-106.190304"><ele>3003.8</ele><time>2026-04-10T15:10:37Z</time></rtept><rtept lat="38.362317" lon="-106.190403"><ele>3004.2</ele><time>2026-04-10T15:10:37Z</time></rtept><rtept lat="38.362314" lon="-106.190493"><ele>3004.6</ele><time>2026-04-10T15:10:37Z</time></rtept><rtept lat="38.362303" lon="-106.190612"><ele>3005.2</ele><time>2026-04-10T15:10:37Z</time></rtept><rtept lat="38.362271" lon="-106.190743"><ele>3005.6</ele><time>2026-04-10T15:10:37Z</time></rtept><rtept lat="38.362211" lon="-106.191008"><ele>3004.6</ele><time>2026-04-10T15:10:37Z</time></rtept><rtept lat="38.362127" lon="-106.191443"><ele>3005.2</ele><time>2026-04-10T15:10:37Z</time></rtept><rtept lat="38.361981" lon="-106.19176"><ele>3005.2</ele><time>2026-04-10T15:10:37Z</time></rtept><rtept lat="38.361894" lon="-106.191954"><ele>3005.8</ele><time>2026-04-10T15:10:37Z</time></rtept><rtept lat="38.361741" lon="-106.19254"><ele>3007.0</ele><time>2026-04-10T15:10:37Z</time></rtept><rtept lat="38.361811" lon="-106.192875"><ele>3009.6</ele><time>2026-04-10T15:10:37Z</time></rtept><rtept lat="38.361806" lon="-106.193284"><ele>3010.0</ele><time>2026-04-10T15:10:37Z</time></rtept><rtept lat="38.361665" lon="-106.194095"><ele>3011.0</ele><time>2026-04-10T15:10:37Z</time></rtept><rtept lat="38.361618" lon="-106.194353"><ele>3011.6</ele><time>2026-04-10T15:10:37Z</time></rtept><rtept lat="38.361454" lon="-106.194874"><ele>3013.0</ele><time>2026-04-10T15:10:37Z</time></rtept><rtept lat="38.36141" lon="-106.19504"><ele>3012.6</ele><time>2026-04-10T15:10:37Z</time></rtept><rtept lat="38.361344" lon="-106.19522"><ele>3012.4</ele><time>2026-04-10T15:10:37Z</time></rtept><rtept lat="38.36129" lon="-106.1954"><ele>3013.0</ele><time>2026-04-10T15:10:37Z</time></rtept><rtept lat="38.361238" lon="-106.195536"><ele>3012.4</ele><time>2026-04-10T15:10:37Z</time></rtept><rtept lat="38.361177" lon="-106.195708"><ele>3014.4</ele><time>2026-04-10T15:10:37Z</time></rtept><rtept lat="38.36104" lon="-106.196006"><ele>3017.0</ele><time>2026-04-10T15:10:37Z</time></rtept><rtept lat="38.360908" lon="-106.196217"><ele>3018.4</ele><time>2026-04-10T15:10:37Z</time></rtept><rtept lat="38.360557" lon="-106.196691"><ele>3020.4</ele><time>2026-04-10T15:10:37Z</time></rtept><rtept lat="38.360423" lon="-106.196838"><ele>3020.0</ele><time>2026-04-10T15:10:37Z</time></rtept><rtept lat="38.36026" lon="-106.197052"><ele>3022.4</ele><time>2026-04-10T15:10:37Z</time></rtept><rtept lat="38.360092" lon="-106.197274"><ele>3022.4</ele><time>2026-04-10T15:10:37Z</time></rtept><rtept lat="38.359938" lon="-106.197515"><ele>3023.6</ele><time>2026-04-10T15:10:37Z</time></rtept><rtept lat="38.359801" lon="-106.197746"><ele>3024.2</ele><time>2026-04-10T15:10:37Z</time></rtept><rtept lat="38.359695" lon="-106.197959"><ele>3023.8</ele><time>2026-04-10T15:10:37Z</time></rtept><rtept lat="38.359568" lon="-106.198417"><ele>3030.4</ele><time>2026-04-10T15:10:37Z</time></rtept><rtept lat="38.359535" lon="-106.198599"><ele>3032.0</ele><time>2026-04-10T15:10:37Z</time></rtept><rtept lat="38.359433" lon="-106.198816"><ele>3033.0</ele><time>2026-04-10T15:10:37Z</time></rtept><rtept lat="38.359296" lon="-106.199021"><ele>3032.8</ele><time>2026-04-10T15:10:37Z</time></rtept><rtept lat="38.359286" lon="-106.199096"><ele>3031.8</ele><time>2026-04-10T15:10:37Z</time></rtept><rtept lat="38.359271" lon="-106.199338"><ele>3034.2</ele><time>2026-04-10T15:10:37Z</time></rtept><rtept lat="38.359252" lon="-106.199505"><ele>3036.4</ele><time>2026-04-10T15:10:37Z</time></rtept><rtept lat="38.359231" lon="-106.19972"><ele>3040.4</ele><time>2026-04-10T15:10:37Z</time></rtept><rtept lat="38.359196" lon="-106.199872"><ele>3040.0</ele><time>2026-04-10T15:10:37Z</time></rtept><rtept lat="38.35912" lon="-106.199999"><ele>3038.4</ele><time>2026-04-10T15:10:37Z</time></rtept><rtept lat="38.359082" lon="-106.200132"><ele>3038.8</ele><time>2026-04-10T15:10:37Z</time></rtept><rtept lat="38.359055" lon="-106.200296"><ele>3041.4</ele><time>2026-04-10T15:10:37Z</time></rtept><rtept lat="38.359081" lon="-106.200512"><ele>3043.4</ele><time>2026-04-10T15:10:37Z</time></rtept><rtept lat="38.359069" lon="-106.200655"><ele>3044.6</ele><time>2026-04-10T15:10:37Z</time></rtept><rtept lat="38.359071" lon="-106.201256"><ele>3045.0</ele><time>2026-04-10T15:10:37Z</time></rtept><rtept lat="38.359054" lon="-106.201469"><ele>3045.6</ele><time>2026-04-10T15:10:37Z</time></rtept><rtept lat="38.359067" lon="-106.201591"><ele>3046.6</ele><time>2026-04-10T15:10:37Z</time></rtept><rtept lat="38.359071" lon="-106.201765"><ele>3047.6</ele><time>2026-04-10T15:10:37Z</time></rtept><rtept lat="38.35906" lon="-106.201931"><ele>3049.2</ele><time>2026-04-10T15:10:37Z</time></rtept><rtept lat="38.359025" lon="-106.202111"><ele>3050.8</ele><time>2026-04-10T15:10:37Z</time></rtept><rtept lat="38.35901" lon="-106.202268"><ele>3049.0</ele><time>2026-04-10T15:10:37Z</time></rtept><rtept lat="38.358945" lon="-106.202434"><ele>3047.4</ele><time>2026-04-10T15:10:37Z</time></rtept><rtept lat="38.358933" lon="-106.202591"><ele>3047.8</ele><time>2026-04-10T15:10:37Z</time></rtept><rtept lat="38.358923" lon="-106.202803"><ele>3050.0</ele><time>2026-04-10T15:10:37Z</time></rtept><rtept lat="38.358864" lon="-106.202938"><ele>3048.8</ele><time>2026-04-10T15:10:37Z</time></rtept><rtept lat="38.358803" lon="-106.203172"><ele>3049.2</ele><time>2026-04-10T15:10:37Z</time></rtept><rtept lat="38.358838" lon="-106.203412"><ele>3055.4</ele><time>2026-04-10T15:10:37Z</time></rtept><rtept lat="38.358731" lon="-106.203795"><ele>3056.0</ele><time>2026-04-10T15:10:37Z</time></rtept><rtept lat="38.358508" lon="-106.204245"><ele>3053.8</ele><time>2026-04-10T15:10:37Z</time></rtept><rtept lat="38.358514" lon="-106.204562"><ele>3055.8</ele><time>2026-04-10T15:10:37Z</time></rtept><rtept lat="38.358589" lon="-106.2049"><ele>3060.4</ele><time>2026-04-10T15:10:37Z</time></rtept><rtept lat="38.358632" lon="-106.205159"><ele>3063.2</ele><time>2026-04-10T15:10:37Z</time></rtept><rtept lat="38.358618" lon="-106.205522"><ele>3060.8</ele><time>2026-04-10T15:10:37Z</time></rtept><rtept lat="38.358628" lon="-106.205698"><ele>3063.6</ele><time>2026-04-10T15:10:37Z</time></rtept><rtept lat="38.358628" lon="-106.205933"><ele>3064.2</ele><time>2026-04-10T15:10:37Z</time></rtept><rtept lat="38.358644" lon="-106.206264"><ele>3065.6</ele><time>2026-04-10T15:10:37Z</time></rtept><rtept lat="38.358575" lon="-106.206588"><ele>3064.0</ele><time>2026-04-10T15:10:37Z</time></rtept><rtept lat="38.358592" lon="-106.206764"><ele>3066.8</ele><time>2026-04-10T15:10:37Z</time></rtept><rtept lat="38.358567" lon="-106.206848"><ele>3068.6</ele><time>2026-04-10T15:10:37Z</time></rtept><rtept lat="38.358541" lon="-106.206868"><ele>3065.2</ele><time>2026-04-10T15:10:37Z</time></rtept><rtept lat="38.358494" lon="-106.206935"><ele>3066.8</ele><time>2026-04-10T15:10:37Z</time></rtept><rtept lat="38.358452" lon="-106.207086"><ele>3066.4</ele><time>2026-04-10T15:10:37Z</time></rtept><rtept lat="38.358422" lon="-106.207293"><ele>3069.6</ele><time>2026-04-10T15:10:37Z</time></rtept><rtept lat="38.358408" lon="-106.207586"><ele>3072.8</ele><time>2026-04-10T15:10:37Z</time></rtept><rtept lat="38.358376" lon="-106.207819"><ele>3076.0</ele><time>2026-04-10T15:10:37Z</time></rtept><rtept lat="38.358208" lon="-106.208342"><ele>3075.4</ele><time>2026-04-10T15:10:37Z</time></rtept><rtept lat="38.358114" lon="-106.208669"><ele>3078.8</ele><time>2026-04-10T15:10:37Z</time></rtept><rtept lat="38.357967" lon="-106.209043"><ele>3080.8</ele><time>2026-04-10T15:10:37Z</time></rtept><rtept lat="38.357688" lon="-106.209778"><ele>3079.0</ele><time>2026-04-10T15:10:37Z</time></rtept><rtept lat="38.357563" lon="-106.210163"><ele>3077.6</ele><time>2026-04-10T15:10:37Z</time></rtept><rtept lat="38.357541" lon="-106.210241"><ele>3074.6</ele><time>2026-04-10T15:10:37Z</time></rtept><rtept lat="38.357509" lon="-106.210472"><ele>3077.8</ele><time>2026-04-10T15:10:37Z</time></rtept><rtept lat="38.357525" lon="-106.210698"><ele>3080.8</ele><time>2026-04-10T15:10:37Z</time></rtept><rtept lat="38.35756" lon="-106.21086"><ele>3084.2</ele><time>2026-04-10T15:10:37Z</time></rtept><rtept lat="38.357678" lon="-106.211299"><ele>3093.8</ele><time>2026-04-10T15:10:37Z</time></rtept><rtept lat="38.357716" lon="-106.211462"><ele>3093.4</ele><time>2026-04-10T15:10:37Z</time></rtept><rtept lat="38.357731" lon="-106.211689"><ele>3093.0</ele><time>2026-04-10T15:10:37Z</time></rtept><rtept lat="38.35778" lon="-106.211829"><ele>3096.8</ele><time>2026-04-10T15:10:37Z</time></rtept><rtept lat="38.35786" lon="-106.21224"><ele>3097.2</ele><time>2026-04-10T15:10:37Z</time></rtept><rtept lat="38.35789" lon="-106.212483"><ele>3100.2</ele><time>2026-04-10T15:10:37Z</time></rtept><rtept lat="38.357976" lon="-106.212859"><ele>3099.8</ele><time>2026-04-10T15:10:37Z</time></rtept><rtept lat="38.358048" lon="-106.212948"><ele>3102.4</ele><time>2026-04-10T15:10:37Z</time></rtept><rtept lat="38.358159" lon="-106.21312"><ele>3107.4</ele><time>2026-04-10T15:10:37Z</time></rtept><rtept lat="38.358309" lon="-106.213333"><ele>3109.8</ele><time>2026-04-10T15:10:37Z</time></rtept><rtept lat="38.358402" lon="-106.21352"><ele>3110.4</ele><time>2026-04-10T15:10:37Z</time></rtept><rtept lat="38.358471" lon="-106.213722"><ele>3110.8</ele><time>2026-04-10T15:10:37Z</time></rtept><rtept lat="38.358575" lon="-106.213933"><ele>3112.8</ele><time>2026-04-10T15:10:37Z</time></rtept><rtept lat="38.358716" lon="-106.214103"><ele>3117.6</ele><time>2026-04-10T15:10:37Z</time></rtept><rtept lat="38.3588" lon="-106.21432"><ele>3116.2</ele><time>2026-04-10T15:10:37Z</time></rtept><rtept lat="38.358937" lon="-106.214408"><ele>3120.2</ele><time>2026-04-10T15:10:37Z</time></rtept><rtept lat="38.358988" lon="-106.214452"><ele>3121.2</ele><time>2026-04-10T15:10:37Z</time></rtept><rtept lat="38.359147" lon="-106.214821"><ele>3123.8</ele><time>2026-04-10T15:10:37Z</time></rtept><rtept lat="38.359166" lon="-106.214963"><ele>3125.0</ele><time>2026-04-10T15:10:37Z</time></rtept><rtept lat="38.359222" lon="-106.215338"><ele>3119.0</ele><time>2026-04-10T15:10:37Z</time></rtept><rtept lat="38.359388" lon="-106.215517"><ele>3123.4</ele><time>2026-04-10T15:10:37Z</time></rtept><rtept lat="38.359469" lon="-106.215623"><ele>3124.2</ele><time>2026-04-10T15:10:37Z</time></rtept><rtept lat="38.359525" lon="-106.215935"><ele>3129.8</ele><time>2026-04-10T15:10:37Z</time></rtept><rtept lat="38.359578" lon="-106.216358"><ele>3136.2</ele><time>2026-04-10T15:10:37Z</time></rtept><rtept lat="38.359525" lon="-106.21677"><ele>3133.0</ele><time>2026-04-10T15:10:37Z</time></rtept><rtept lat="38.359492" lon="-106.217081"><ele>3130.0</ele><time>2026-04-10T15:10:37Z</time></rtept><rtept lat="38.359546" lon="-106.217281"><ele>3131.8</ele><time>2026-04-10T15:10:37Z</time></rtept><rtept lat="38.359597" lon="-106.217604"><ele>3134.0</ele><time>2026-04-10T15:10:37Z</time></rtept><rtept lat="38.359573" lon="-106.217714"><ele>3134.6</ele><time>2026-04-10T15:10:37Z</time></rtept><rtept lat="38.359582" lon="-106.218171"><ele>3138.2</ele><time>2026-04-10T15:10:37Z</time></rtept><rtept lat="38.359613" lon="-106.218318"><ele>3138.8</ele><time>2026-04-10T15:10:37Z</time></rtept><rtept lat="38.359634" lon="-106.218504"><ele>3141.2</ele><time>2026-04-10T15:10:37Z</time></rtept><rtept lat="38.359658" lon="-106.218854"><ele>3141.8</ele><time>2026-04-10T15:10:37Z</time></rtept><rtept lat="38.359692" lon="-106.219558"><ele>3144.8</ele><time>2026-04-10T15:10:37Z</time></rtept><rtept lat="38.359719" lon="-106.219716"><ele>3147.2</ele><time>2026-04-10T15:10:37Z</time></rtept><rtept lat="38.359715" lon="-106.219885"><ele>3147.8</ele><time>2026-04-10T15:10:37Z</time></rtept><rtept lat="38.359765" lon="-106.220294"><ele>3150.4</ele><time>2026-04-10T15:10:37Z</time></rtept><rtept lat="38.35981" lon="-106.220497"><ele>3150.8</ele><time>2026-04-10T15:10:37Z</time></rtept><rtept lat="38.359839" lon="-106.220818"><ele>3153.0</ele><time>2026-04-10T15:10:37Z</time></rtept><rtept lat="38.359887" lon="-106.221142"><ele>3154.8</ele><time>2026-04-10T15:10:37Z</time></rtept><rtept lat="38.359846" lon="-106.221788"><ele>3158.4</ele><time>2026-04-10T15:10:37Z</time></rtept><rtept lat="38.359906" lon="-106.22202"><ele>3163.2</ele><time>2026-04-10T15:10:37Z</time></rtept><rtept lat="38.359831" lon="-106.222338"><ele>3163.0</ele><time>2026-04-10T15:10:37Z</time></rtept><rtept lat="38.359679" lon="-106.222828"><ele>3161.0</ele><time>2026-04-10T15:10:37Z</time></rtept><rtept lat="38.359645" lon="-106.223089"><ele>3163.8</ele><time>2026-04-10T15:10:37Z</time></rtept><rtept lat="38.359621" lon="-106.223174"><ele>3163.2</ele><time>2026-04-10T15:10:37Z</time></rtept><rtept lat="38.359571" lon="-106.223294"><ele>3164.4</ele><time>2026-04-10T15:10:37Z</time></rtept><rtept lat="38.359531" lon="-106.223465"><ele>3164.0</ele><time>2026-04-10T15:10:37Z</time></rtept><rtept lat="38.359474" lon="-106.223618"><ele>3163.6</ele><time>2026-04-10T15:10:37Z</time></rtept><rtept lat="38.359392" lon="-106.223806"><ele>3164.4</ele><time>2026-04-10T15:10:37Z</time></rtept><rtept lat="38.359371" lon="-106.224011"><ele>3165.2</ele><time>2026-04-10T15:10:37Z</time></rtept><rtept lat="38.359402" lon="-106.224085"><ele>3165.8</ele><time>2026-04-10T15:10:37Z</time></rtept><rtept lat="38.359371" lon="-106.224501"><ele>3168.4</ele><time>2026-04-10T15:10:37Z</time></rtept><rtept lat="38.359343" lon="-106.224716"><ele>3168.8</ele><time>2026-04-10T15:10:37Z</time></rtept><rtept lat="38.359341" lon="-106.224811"><ele>3169.4</ele><time>2026-04-10T15:10:37Z</time></rtept><rtept lat="38.359352" lon="-106.224936"><ele>3170.6</ele><time>2026-04-10T15:10:37Z</time></rtept><rtept lat="38.359349" lon="-106.225246"><ele>3172.8</ele><time>2026-04-10T15:10:37Z</time></rtept><rtept lat="38.359343" lon="-106.225678"><ele>3177.2</ele><time>2026-04-10T15:10:37Z</time></rtept><rtept lat="38.359333" lon="-106.226148"><ele>3181.0</ele><time>2026-04-10T15:10:37Z</time></rtept><rtept lat="38.359238" lon="-106.226504"><ele>3182.6</ele><time>2026-04-10T15:10:37Z</time></rtept><rtept lat="38.359189" lon="-106.226723"><ele>3183.6</ele><time>2026-04-10T15:10:37Z</time></rtept><rtept lat="38.359108" lon="-106.227061"><ele>3184.8</ele><time>2026-04-10T15:10:37Z</time></rtept><rtept lat="38.3591" lon="-106.227205"><ele>3186.8</ele><time>2026-04-10T15:10:37Z</time></rtept><rtept lat="38.359135" lon="-106.227649"><ele>3191.0</ele><time>2026-04-10T15:10:37Z</time></rtept><rtept lat="38.359179" lon="-106.227886"><ele>3194.2</ele><time>2026-04-10T15:10:37Z</time></rtept><rtept lat="38.359188" lon="-106.227958"><ele>3195.0</ele><time>2026-04-10T15:10:37Z</time></rtept><rtept lat="38.359178" lon="-106.22814"><ele>3196.8</ele><time>2026-04-10T15:10:37Z</time></rtept><rtept lat="38.359127" lon="-106.228242"><ele>3195.8</ele><time>2026-04-10T15:10:37Z</time></rtept><rtept lat="38.359077" lon="-106.228348"><ele>3195.2</ele><time>2026-04-10T15:10:37Z</time></rtept><rtept lat="38.358919" lon="-106.228752"><ele>3197.0</ele><time>2026-04-10T15:10:37Z</time></rtept><rtept lat="38.358905" lon="-106.22892"><ele>3198.8</ele><time>2026-04-10T15:10:37Z</time></rtept><rtept lat="38.358891" lon="-106.229088"><ele>3200.2</ele><time>2026-04-10T15:10:37Z</time></rtept><rtept lat="38.358818" lon="-106.229595"><ele>3202.0</ele><time>2026-04-10T15:10:37Z</time></rtept><rtept lat="38.358731" lon="-106.23001"><ele>3204.2</ele><time>2026-04-10T15:10:37Z</time></rtept><rtept lat="38.35872" lon="-106.230275"><ele>3207.0</ele><time>2026-04-10T15:10:37Z</time></rtept><rtept lat="38.358672" lon="-106.230441"><ele>3207.6</ele><time>2026-04-10T15:10:37Z</time></rtept><rtept lat="38.358656" lon="-106.230531"><ele>3208.4</ele><time>2026-04-10T15:10:37Z</time></rtept><rtept lat="38.358626" lon="-106.230719"><ele>3210.0</ele><time>2026-04-10T15:10:37Z</time></rtept><rtept lat="38.358568" lon="-106.231186"><ele>3212.8</ele><time>2026-04-10T15:10:37Z</time></rtept><rtept lat="38.358515" lon="-106.231647"><ele>3215.2</ele><time>2026-04-10T15:10:37Z</time></rtept><rtept lat="38.358496" lon="-106.231813"><ele>3216.8</ele><time>2026-04-10T15:10:37Z</time></rtept><rtept lat="38.358481" lon="-106.231883"><ele>3216.2</ele><time>2026-04-10T15:10:37Z</time></rtept><rtept lat="38.358467" lon="-106.232111"><ele>3217.8</ele><time>2026-04-10T15:10:37Z</time></rtept><rtept lat="38.358453" lon="-106.232208"><ele>3218.8</ele><time>2026-04-10T15:10:37Z</time></rtept><rtept lat="38.358404" lon="-106.23252"><ele>3221.2</ele><time>2026-04-10T15:10:37Z</time></rtept><rtept lat="38.358336" lon="-106.232916"><ele>3227.0</ele><time>2026-04-10T15:10:37Z</time></rtept><rtept lat="38.358234" lon="-106.233472"><ele>3236.2</ele><time>2026-04-10T15:10:37Z</time></rtept><rtept lat="38.358174" lon="-106.233745"><ele>3239.6</ele><time>2026-04-10T15:10:37Z</time></rtept><rtept lat="38.358131" lon="-106.233905"><ele>3241.2</ele><time>2026-04-10T15:10:37Z</time></rtept><rtept lat="38.358059" lon="-106.234138"><ele>3244.0</ele><time>2026-04-10T15:10:37Z</time></rtept><rtept lat="38.357988" lon="-106.234263"><ele>3243.2</ele><time>2026-04-10T15:10:37Z</time></rtept><rtept lat="38.357909" lon="-106.234431"><ele>3243.2</ele><time>2026-04-10T15:10:37Z</time></rtept><rtept lat="38.35785" lon="-106.234578"><ele>3245.6</ele><time>2026-04-10T15:10:37Z</time></rtept><rtept lat="38.357707" lon="-106.234705"><ele>3248.0</ele><time>2026-04-10T15:10:37Z</time></rtept><rtept lat="38.357724" lon="-106.234724"><ele>3248.0</ele><time>2026-04-10T15:10:37Z</time></rtept><rtept lat="38.357668" lon="-106.234833"><ele>3248.8</ele><time>2026-04-10T15:10:37Z</time></rtept><rtept lat="38.357649" lon="-106.234914"><ele>3250.8</ele><time>2026-04-10T15:10:37Z</time></rtept><rtept lat="38.357646" lon="-106.234972"><ele>3252.6</ele><time>2026-04-10T15:10:37Z</time></rtept><rtept lat="38.357668" lon="-106.235083"><ele>3254.2</ele><time>2026-04-10T15:10:37Z</time></rtept><rtept lat="38.357732" lon="-106.235296"><ele>3259.0</ele><time>2026-04-10T15:10:37Z</time></rtept><rtept lat="38.357638" lon="-106.235493"><ele>3263.8</ele><time>2026-04-10T15:10:37Z</time></rtept><rtept lat="38.357517" lon="-106.235622"><ele>3264.4</ele><time>2026-04-10T15:10:37Z</time></rtept><rtept lat="38.357444" lon="-106.235655"><ele>3265.8</ele><time>2026-04-10T15:10:37Z</time></rtept><rtept lat="38.357355" lon="-106.235683"><ele>3266.0</ele><time>2026-04-10T15:10:37Z</time></rtept><rtept lat="38.357172" lon="-106.235753"><ele>3270.2</ele><time>2026-04-10T15:10:37Z</time></rtept><rtept lat="38.357048" lon="-106.235806"><ele>3270.6</ele><time>2026-04-10T15:10:37Z</time></rtept><rtept lat="38.356888" lon="-106.235917"><ele>3274.4</ele><time>2026-04-10T15:10:37Z</time></rtept><rtept lat="38.356675" lon="-106.236042"><ele>3276.0</ele><time>2026-04-10T15:10:37Z</time></rtept><rtept lat="38.356474" lon="-106.236111"><ele>3277.0</ele><time>2026-04-10T15:10:37Z</time></rtept><rtept lat="38.356402" lon="-106.236172"><ele>3278.6</ele><time>2026-04-10T15:10:37Z</time></rtept><rtept lat="38.356322" lon="-106.236235"><ele>3277.8</ele><time>2026-04-10T15:10:37Z</time></rtept><rtept lat="38.356261" lon="-106.236269"><ele>3279.2</ele><time>2026-04-10T15:10:37Z</time></rtept><rtept lat="38.356176" lon="-106.236325"><ele>3278.8</ele><time>2026-04-10T15:10:37Z</time></rtept><rtept lat="38.356097" lon="-106.236379"><ele>3280.2</ele><time>2026-04-10T15:10:37Z</time></rtept><rtept lat="38.355998" lon="-106.236503"><ele>3282.0</ele><time>2026-04-10T15:10:37Z</time></rtept><rtept lat="38.355887" lon="-106.236585"><ele>3284.0</ele><time>2026-04-10T15:10:37Z</time></rtept><rtept lat="38.355767" lon="-106.236663"><ele>3287.2</ele><time>2026-04-10T15:10:37Z</time></rtept><rtept lat="38.355614" lon="-106.236767"><ele>3294.0</ele><time>2026-04-10T15:10:37Z</time></rtept><rtept lat="38.355417" lon="-106.236874"><ele>3296.2</ele><time>2026-04-10T15:10:37Z</time></rtept><rtept lat="38.355271" lon="-106.236948"><ele>3298.0</ele><time>2026-04-10T15:10:37Z</time></rtept><rtept lat="38.355032" lon="-106.237045"><ele>3298.4</ele><time>2026-04-10T15:10:37Z</time></rtept><rtept lat="38.354885" lon="-106.237075"><ele>3297.6</ele><time>2026-04-10T15:10:37Z</time></rtept><rtept lat="38.354742" lon="-106.237109"><ele>3301.2</ele><time>2026-04-10T15:10:37Z</time></rtept><rtept lat="38.354586" lon="-106.237129"><ele>3302.2</ele><time>2026-04-10T15:10:37Z</time></rtept><rtept lat="38.354498" lon="-106.237122"><ele>3303.0</ele><time>2026-04-10T15:10:37Z</time></rtept><rtept lat="38.35444" lon="-106.237138"><ele>3303.4</ele><time>2026-04-10T15:10:37Z</time></rtept><rtept lat="38.354268" lon="-106.237181"><ele>3304.2</ele><time>2026-04-10T15:10:37Z</time></rtept><rtept lat="38.354022" lon="-106.237189"><ele>3305.0</ele><time>2026-04-10T15:10:37Z</time></rtept><rtept lat="38.35377" lon="-106.237265"><ele>3308.8</ele><time>2026-04-10T15:10:37Z</time></rtept><rtept lat="38.353611" lon="-106.237324"><ele>3312.4</ele><time>2026-04-10T15:10:37Z</time></rtept><rtept lat="38.353524" lon="-106.237368"><ele>3315.6</ele><time>2026-04-10T15:10:37Z</time></rtept><rtept lat="38.353427" lon="-106.237395"><ele>3315.8</ele><time>2026-04-10T15:10:37Z</time></rtept><rtept lat="38.353278" lon="-106.237444"><ele>3316.0</ele><time>2026-04-10T15:10:37Z</time></rtept><rtept lat="38.353067" lon="-106.23748"><ele>3319.8</ele><time>2026-04-10T15:10:37Z</time></rtept><rtept lat="38.352877" lon="-106.237506"><ele>3318.4</ele><time>2026-04-10T15:10:37Z</time></rtept><rtept lat="38.352758" lon="-106.237541"><ele>3320.6</ele><time>2026-04-10T15:10:37Z</time></rtept><rtept lat="38.352409" lon="-106.237542"><ele>3316.8</ele><time>2026-04-10T15:10:37Z</time></rtept><rtept lat="38.351976" lon="-106.237851"><ele>3322.0</ele><time>2026-04-10T15:10:37Z</time></rtept><rtept lat="38.351813" lon="-106.238033"><ele>3323.8</ele><time>2026-04-10T15:10:37Z</time></rtept><rtept lat="38.351682" lon="-106.238131"><ele>3323.2</ele><time>2026-04-10T15:10:37Z</time></rtept><rtept lat="38.351538" lon="-106.238274"><ele>3326.4</ele><time>2026-04-10T15:10:37Z</time></rtept><rtept lat="38.351197" lon="-106.238536"><ele>3325.4</ele><time>2026-04-10T15:10:37Z</time></rtept><rtept lat="38.350894" lon="-106.23886"><ele>3329.6</ele><time>2026-04-10T15:10:37Z</time></rtept><rtept lat="38.350814" lon="-106.23899"><ele>3330.4</ele><time>2026-04-10T15:10:37Z</time></rtept><rtept lat="38.350732" lon="-106.239126"><ele>3331.8</ele><time>2026-04-10T15:10:37Z</time></rtept><rtept lat="38.350609" lon="-106.239311"><ele>3334.0</ele><time>2026-04-10T15:10:37Z</time></rtept><rtept lat="38.350358" lon="-106.239718"><ele>3341.0</ele><time>2026-04-10T15:10:37Z</time></rtept><rtept lat="38.350171" lon="-106.240102"><ele>3344.2</ele><time>2026-04-10T15:10:37Z</time></rtept><rtept lat="38.350102" lon="-106.240144"><ele>3345.2</ele><time>2026-04-10T15:10:37Z</time></rtept><rtept lat="38.350033" lon="-106.240216"><ele>3346.8</ele><time>2026-04-10T15:10:37Z</time></rtept><rtept lat="38.350093" lon="-106.240264"><ele>3348.2</ele><time>2026-04-10T15:10:37Z</time></rtept><rtept lat="38.35013" lon="-106.240273"><ele>3348.2</ele><time>2026-04-10T15:10:37Z</time></rtept><rtept lat="38.350176" lon="-106.240283"><ele>3352.8</ele><time>2026-04-10T15:10:37Z</time></rtept><rtept lat="38.350409" lon="-106.240254"><ele>3355.6</ele><time>2026-04-10T15:10:37Z</time></rtept><rtept lat="38.350449" lon="-106.240251"><ele>3355.6</ele><time>2026-04-10T15:10:37Z</time></rtept><rtept lat="38.350532" lon="-106.240244"><ele>3357.0</ele><time>2026-04-10T15:10:37Z</time></rtept><rtept lat="38.350743" lon="-106.240233"><ele>3361.8</ele><time>2026-04-10T15:10:37Z</time></rtept><rtept lat="38.350762" lon="-106.240228"><ele>3363.2</ele><time>2026-04-10T15:10:37Z</time></rtept><rtept lat="38.350828" lon="-106.240227"><ele>3364.6</ele><time>2026-04-10T15:10:37Z</time></rtept><rtept lat="38.350886" lon="-106.240263"><ele>3366.0</ele><time>2026-04-10T15:10:37Z</time></rtept><rtept lat="38.350907" lon="-106.24034"><ele>3368.6</ele><time>2026-04-10T15:10:37Z</time></rtept><rtept lat="38.350896" lon="-106.240436"><ele>3371.4</ele><time>2026-04-10T15:10:37Z</time></rtept><rtept lat="38.350835" lon="-106.240483"><ele>3372.6</ele><time>2026-04-10T15:10:37Z</time></rtept><rtept lat="38.350779" lon="-106.240538"><ele>3371.2</ele><time>2026-04-10T15:10:37Z</time></rtept><rtept lat="38.350685" lon="-106.240634"><ele>3375.4</ele><time>2026-04-10T15:10:37Z</time></rtept><rtept lat="38.350534" lon="-106.240742"><ele>3373.6</ele><time>2026-04-10T15:10:37Z</time></rtept><rtept lat="38.350449" lon="-106.240794"><ele>3371.6</ele><time>2026-04-10T15:10:37Z</time></rtept><rtept lat="38.350367" lon="-106.240906"><ele>3375.8</ele><time>2026-04-10T15:10:37Z</time></rtept><rtept lat="38.350217" lon="-106.241244"><ele>3381.8</ele><time>2026-04-10T15:10:37Z</time></rtept><rtept lat="38.350141" lon="-106.241423"><ele>3384.2</ele><time>2026-04-10T15:10:37Z</time></rtept><rtept lat="38.350133" lon="-106.241596"><ele>3386.6</ele><time>2026-04-10T15:10:37Z</time></rtept><rtept lat="38.35011" lon="-106.241719"><ele>3388.4</ele><time>2026-04-10T15:10:37Z</time></rtept><rtept lat="38.350101" lon="-106.241789"><ele>3390.2</ele><time>2026-04-10T15:10:37Z</time></rtept><rtept lat="38.350153" lon="-106.241791"><ele>3391.6</ele><time>2026-04-10T15:10:37Z</time></rtept><rtept lat="38.350295" lon="-106.24176"><ele>3394.8</ele><time>2026-04-10T15:10:37Z</time></rtept><rtept lat="38.35041" lon="-106.241733"><ele>3395.6</ele><time>2026-04-10T15:10:37Z</time></rtept><rtept lat="38.350708" lon="-106.241693"><ele>3401.4</ele><time>2026-04-10T15:10:37Z</time></rtept><rtept lat="38.350945" lon="-106.241591"><ele>3404.4</ele><time>2026-04-10T15:10:37Z</time></rtept><rtept lat="38.351075" lon="-106.241433"><ele>3403.6</ele><time>2026-04-10T15:10:37Z</time></rtept><rtept lat="38.351217" lon="-106.241312"><ele>3404.8</ele><time>2026-04-10T15:10:37Z</time></rtept><rtept lat="38.351322" lon="-106.24126"><ele>3406.4</ele><time>2026-04-10T15:10:37Z</time></rtept><rtept lat="38.351436" lon="-106.241215"><ele>3407.4</ele><time>2026-04-10T15:10:37Z</time></rtept><rtept lat="38.351597" lon="-106.241173"><ele>3410.2</ele><time>2026-04-10T15:10:37Z</time></rtept><rtept lat="38.351775" lon="-106.241129"><ele>3411.6</ele><time>2026-04-10T15:10:37Z</time></rtept><rtept lat="38.352201" lon="-106.24097"><ele>3412.6</ele><time>2026-04-10T15:10:37Z</time></rtept><rtept lat="38.352506" lon="-106.240866"><ele>3413.6</ele><time>2026-04-10T15:10:37Z</time></rtept><rtept lat="38.352693" lon="-106.240779"><ele>3416.0</ele><time>2026-04-10T15:10:37Z</time></rtept><rtept lat="38.352927" lon="-106.240792"><ele>3416.6</ele><time>2026-04-10T15:10:37Z</time></rtept><rtept lat="38.353144" lon="-106.240899"><ele>3418.8</ele><time>2026-04-10T15:10:37Z</time></rtept><rtept lat="38.353371" lon="-106.241111"><ele>3420.2</ele><time>2026-04-10T15:10:37Z</time></rtept><rtept lat="38.353456" lon="-106.241217"><ele>3421.0</ele><time>2026-04-10T15:10:37Z</time></rtept><rtept lat="38.353594" lon="-106.241368"><ele>3423.0</ele><time>2026-04-10T15:10:37Z</time></rtept><rtept lat="38.35365" lon="-106.241525"><ele>3425.4</ele><time>2026-04-10T15:10:37Z</time></rtept><rtept lat="38.353859" lon="-106.241481"><ele>3424.2</ele><time>2026-04-10T15:10:37Z</time></rtept><rtept lat="38.354103" lon="-106.241588"><ele>3425.8</ele><time>2026-04-10T15:10:37Z</time></rtept><rtept lat="38.354254" lon="-106.241581"><ele>3424.6</ele><time>2026-04-10T15:10:37Z</time></rtept><rtept lat="38.354254" lon="-106.241581"><ele>3424.6</ele><time>2026-04-10T15:10:37Z</time></rtept><rtept lat="38.354103" lon="-106.241588"><ele>3425.8</ele><time>2026-04-10T15:10:37Z</time></rtept><rtept lat="38.353859" lon="-106.241481"><ele>3424.2</ele><time>2026-04-10T15:10:37Z</time></rtept><rtept lat="38.35365" lon="-106.241525"><ele>3425.4</ele><time>2026-04-10T15:10:37Z</time></rtept><rtept lat="38.353426" lon="-106.241716"><ele>3426.6</ele><time>2026-04-10T15:10:37Z</time></rtept><rtept lat="38.353142" lon="-106.241704"><ele>3427.4</ele><time>2026-04-10T15:10:37Z</time></rtept><rtept lat="38.351785" lon="-106.242304"><ele>3439.0</ele><time>2026-04-10T15:10:37Z</time></rtept><rtept lat="38.351521" lon="-106.242651"><ele>3445.6</ele><time>2026-04-10T15:10:37Z</time></rtept><rtept lat="38.351013" lon="-106.243034"><ele>3450.6</ele><time>2026-04-10T15:10:37Z</time></rtept><rtept lat="38.350894" lon="-106.243282"><ele>3454.0</ele><time>2026-04-10T15:10:37Z</time></rtept><rtept lat="38.350629" lon="-106.243499"><ele>3456.8</ele><time>2026-04-10T15:10:37Z</time></rtept><rtept lat="38.350449" lon="-106.243898"><ele>3459.0</ele><time>2026-04-10T15:10:37Z</time></rtept><rtept lat="38.350291" lon="-106.244249"><ele>3457.8</ele><time>2026-04-10T15:10:37Z</time></rtept><rtept lat="38.350392" lon="-106.244678"><ele>3461.0</ele><time>2026-04-10T15:10:37Z</time></rtept><rtept lat="38.350384" lon="-106.245118"><ele>3462.2</ele><time>2026-04-10T15:10:37Z</time></rtept><rtept lat="38.350493" lon="-106.245601"><ele>3466.0</ele><time>2026-04-10T15:10:37Z</time></rtept><rtept lat="38.351158" lon="-106.246738"><ele>3481.6</ele><time>2026-04-10T15:10:37Z</time></rtept><rtept lat="38.351057" lon="-106.247135"><ele>3483.2</ele><time>2026-04-10T15:10:37Z</time></rtept><rtept lat="38.350847" lon="-106.247242"><ele>3484.2</ele><time>2026-04-10T15:10:37Z</time></rtept><rtept lat="38.350721" lon="-106.2475"><ele>3487.4</ele><time>2026-04-10T15:10:37Z</time></rtept><rtept lat="38.350679" lon="-106.247897"><ele>3490.6</ele><time>2026-04-10T15:10:37Z</time></rtept><rtept lat="38.350451" lon="-106.248455"><ele>3495.0</ele><time>2026-04-10T15:10:37Z</time></rtept><rtept lat="38.350269" lon="-106.249174"><ele>3501.2</ele><time>2026-04-10T15:10:37Z</time></rtept><rtept lat="38.350405" lon="-106.249473"><ele>3503.2</ele><time>2026-04-10T15:10:37Z</time></rtept><rtept lat="38.350407" lon="-106.250129"><ele>3509.4</ele><time>2026-04-10T15:10:37Z</time></rtept><rtept lat="38.350589" lon="-106.250806"><ele>3510.6</ele><time>2026-04-10T15:10:37Z</time></rtept><rtept lat="38.350493" lon="-106.251378"><ele>3514.2</ele><time>2026-04-10T15:10:37Z</time></rtept><rtept lat="38.349905" lon="-106.25283"><ele>3527.6</ele><time>2026-04-10T15:10:37Z</time></rtept><rtept lat="38.34983" lon="-106.253564"><ele>3530.2</ele><time>2026-04-10T15:10:37Z</time></rtept><rtept lat="38.349988" lon="-106.25391"><ele>3525.4</ele><time>2026-04-10T15:10:37Z</time></rtept><rtept lat="38.349897" lon="-106.254494"><ele>3530.0</ele><time>2026-04-10T15:10:37Z</time></rtept><rtept lat="38.349913" lon="-106.254612"><ele>3530.0</ele><time>2026-04-10T15:10:37Z</time></rtept><rtept lat="38.349815" lon="-106.254948"><ele>3533.0</ele><time>2026-04-10T15:10:37Z</time></rtept><rtept lat="38.349873" lon="-106.255872"><ele>3528.4</ele><time>2026-04-10T15:10:37Z</time></rtept><rtept lat="38.349806" lon="-106.256211"><ele>3530.4</ele><time>2026-04-10T15:10:37Z</time></rtept><rtept lat="38.349644" lon="-106.256591"><ele>3535.6</ele><time>2026-04-10T15:10:37Z</time></rtept><rtept lat="38.349652" lon="-106.257568"><ele>3528.0</ele><time>2026-04-10T15:10:37Z</time></rtept><rtept lat="38.349328" lon="-106.257946"><ele>3521.0</ele><time>2026-04-10T15:10:37Z</time></rtept><rtept lat="38.3496" lon="-106.258623"><ele>3511.6</ele><time>2026-04-10T15:10:37Z</time></rtept><rtept lat="38.349718" lon="-106.259413"><ele>3500.8</ele><time>2026-04-10T15:10:37Z</time></rtept><rtept lat="38.349577" lon="-106.259857"><ele>3496.0</ele><time>2026-04-10T15:10:37Z</time></rtept><rtept lat="38.349702" lon="-106.260889"><ele>3501.8</ele><time>2026-04-10T15:10:37Z</time></rtept><rtept lat="38.349663" lon="-106.261155"><ele>3504.0</ele><time>2026-04-10T15:10:37Z</time></rtept><rtept lat="38.349403" lon="-106.261863"><ele>3506.4</ele><time>2026-04-10T15:10:37Z</time></rtept><rtept lat="38.349326" lon="-106.262289"><ele>3506.8</ele><time>2026-04-10T15:10:37Z</time></rtept><rtept lat="38.349198" lon="-106.263289"><ele>3515.6</ele><time>2026-04-10T15:10:37Z</time></rtept><rtept lat="38.349231" lon="-106.263971"><ele>3520.8</ele><time>2026-04-10T15:10:37Z</time></rtept><rtept lat="38.349131" lon="-106.264535"><ele>3525.0</ele><time>2026-04-10T15:10:37Z</time></rtept><rtept lat="38.348446" lon="-106.266228"><ele>3532.6</ele><time>2026-04-10T15:10:37Z</time></rtept><rtept lat="38.34852" lon="-106.266446"><ele>3536.2</ele><time>2026-04-10T15:10:37Z</time></rtept><rtept lat="38.3489" lon="-106.266684"><ele>3541.8</ele><time>2026-04-10T15:10:37Z</time></rtept><rtept lat="38.348741" lon="-106.266401"><ele>3542.2</ele><time>2026-04-10T15:10:37Z</time></rtept><rtept lat="38.348716" lon="-106.266245"><ele>3541.4</ele><time>2026-04-10T15:10:37Z</time></rtept><rtept lat="38.348772" lon="-106.266079"><ele>3541.2</ele><time>2026-04-10T15:10:37Z</time></rtept><rtept lat="38.348907" lon="-106.266011"><ele>3545.2</ele><time>2026-04-10T15:10:37Z</time></rtept><rtept lat="38.348977" lon="-106.266194"><ele>3548.6</ele><time>2026-04-10T15:10:37Z</time></rtept><rtept lat="38.349246" lon="-106.266407"><ele>3553.8</ele><time>2026-04-10T15:10:37Z</time></rtept><rtept lat="38.349817" lon="-106.266527"><ele>3562.0</ele><time>2026-04-10T15:10:37Z</time></rtept><rtept lat="38.350133" lon="-106.266462"><ele>3565.0</ele><time>2026-04-10T15:10:37Z</time></rtept><rtept lat="38.350375" lon="-106.266563"><ele>3566.2</ele><time>2026-04-10T15:10:37Z</time></rtept><rtept lat="38.350737" lon="-106.266842"><ele>3566.4</ele><time>2026-04-10T15:10:37Z</time></rtept><rtept lat="38.351714" lon="-106.26856"><ele>3554.8</ele><time>2026-04-10T15:10:37Z</time></rtept><rtept lat="38.352074" lon="-106.269056"><ele>3550.0</ele><time>2026-04-10T15:10:37Z</time></rtept><rtept lat="38.352245" lon="-106.269476"><ele>3543.4</ele><time>2026-04-10T15:10:37Z</time></rtept><rtept lat="38.352428" lon="-106.26965"><ele>3542.4</ele><time>2026-04-10T15:10:37Z</time></rtept><rtept lat="38.352661" lon="-106.269767"><ele>3542.6</ele><time>2026-04-10T15:10:37Z</time></rtept><rtept lat="38.352703" lon="-106.270408"><ele>3532.8</ele><time>2026-04-10T15:10:37Z</time></rtept><rtept lat="38.352489" lon="-106.271061"><ele>3524.0</ele><time>2026-04-10T15:10:37Z</time></rtept><rtept lat="38.352545" lon="-106.271332"><ele>3523.6</ele><time>2026-04-10T15:10:37Z</time></rtept><rtept lat="38.352527" lon="-106.271712"><ele>3520.6</ele><time>2026-04-10T15:10:37Z</time></rtept><rtept lat="38.352462" lon="-106.271902"><ele>3518.4</ele><time>2026-04-10T15:10:37Z</time></rtept><rtept lat="38.352243" lon="-106.272139"><ele>3515.0</ele><time>2026-04-10T15:10:37Z</time></rtept><rtept lat="38.352187" lon="-106.272315"><ele>3513.6</ele><time>2026-04-10T15:10:37Z</time></rtept><rtept lat="38.352023" lon="-106.272502"><ele>3510.0</ele><time>2026-04-10T15:10:37Z</time></rtept><rtept lat="38.351865" lon="-106.272903"><ele>3504.4</ele><time>2026-04-10T15:10:37Z</time></rtept><rtept lat="38.351886" lon="-106.273056"><ele>3504.2</ele><time>2026-04-10T15:10:37Z</time></rtept><rtept lat="38.35201" lon="-106.273318"><ele>3504.8</ele><time>2026-04-10T15:10:37Z</time></rtept><rtept lat="38.351975" lon="-106.273534"><ele>3502.4</ele><time>2026-04-10T15:10:37Z</time></rtept><rtept lat="38.352175" lon="-106.273805"><ele>3499.8</ele><time>2026-04-10T15:10:37Z</time></rtept><rtept lat="38.352288" lon="-106.274638"><ele>3482.8</ele><time>2026-04-10T15:10:37Z</time></rtept><rtept lat="38.352384" lon="-106.274948"><ele>3476.4</ele><time>2026-04-10T15:10:37Z</time></rtept><rtept lat="38.352468" lon="-106.275072"><ele>3473.0</ele><time>2026-04-10T15:10:37Z</time></rtept><rtept lat="38.352432" lon="-106.27549"><ele>3465.6</ele><time>2026-04-10T15:10:37Z</time></rtept><rtept lat="38.352366" lon="-106.27573"><ele>3463.2</ele><time>2026-04-10T15:10:37Z</time></rtept><rtept lat="38.351948" lon="-106.276034"><ele>3459.0</ele><time>2026-04-10T15:10:37Z</time></rtept><rtept lat="38.351773" lon="-106.276422"><ele>3454.0</ele><time>2026-04-10T15:10:37Z</time></rtept><rtept lat="38.351571" lon="-106.276722"><ele>3450.6</ele><time>2026-04-10T15:10:37Z</time></rtept><rtept lat="38.35108" lon="-106.27713"><ele>3443.4</ele><time>2026-04-10T15:10:37Z</time></rtept><rtept lat="38.350983" lon="-106.277359"><ele>3441.8</ele><time>2026-04-10T15:10:37Z</time></rtept><rtept lat="38.350478" lon="-106.277834"><ele>3430.6</ele><time>2026-04-10T15:10:37Z</time></rtept><rtept lat="38.350325" lon="-106.278601"><ele>3428.0</ele><time>2026-04-10T15:10:37Z</time></rtept><rtept lat="38.350074" lon="-106.27888"><ele>3424.0</ele><time>2026-04-10T15:10:37Z</time></rtept><rtept lat="38.350081" lon="-106.279092"><ele>3422.2</ele><time>2026-04-10T15:10:37Z</time></rtept><rtept lat="38.35001" lon="-106.27939"><ele>3418.4</ele><time>2026-04-10T15:10:37Z</time></rtept><rtept lat="38.349909" lon="-106.279599"><ele>3414.8</ele><time>2026-04-10T15:10:37Z</time></rtept><rtept lat="38.350002" lon="-106.279732"><ele>3414.4</ele><time>2026-04-10T15:10:37Z</time></rtept><rtept lat="38.349915" lon="-106.27985"><ele>3413.4</ele><time>2026-04-10T15:10:37Z</time></rtept><rtept lat="38.349918" lon="-106.279959"><ele>3412.0</ele><time>2026-04-10T15:10:37Z</time></rtept><rtept lat="38.349821" lon="-106.280172"><ele>3410.2</ele><time>2026-04-10T15:10:37Z</time></rtept><rtept lat="38.349769" lon="-106.280463"><ele>3407.0</ele><time>2026-04-10T15:10:37Z</time></rtept><rtept lat="38.349534" lon="-106.280527"><ele>3406.8</ele><time>2026-04-10T15:10:37Z</time></rtept><rtept lat="38.349284" lon="-106.280712"><ele>3404.0</ele><time>2026-04-10T15:10:37Z</time></rtept><rtept lat="38.34904" lon="-106.280767"><ele>3402.0</ele><time>2026-04-10T15:10:37Z</time></rtept><rtept lat="38.349048" lon="-106.280819"><ele>3401.0</ele><time>2026-04-10T15:10:37Z</time></rtept><rtept lat="38.348948" lon="-106.280965"><ele>3398.8</ele><time>2026-04-10T15:10:37Z</time></rtept><rtept lat="38.349077" lon="-106.281088"><ele>3394.8</ele><time>2026-04-10T15:10:37Z</time></rtept><rtept lat="38.349025" lon="-106.281281"><ele>3390.6</ele><time>2026-04-10T15:10:37Z</time></rtept><rtept lat="38.349052" lon="-106.281361"><ele>3388.0</ele><time>2026-04-10T15:10:37Z</time></rtept><rtept lat="38.348835" lon="-106.281393"><ele>3389.0</ele><time>2026-04-10T15:10:37Z</time></rtept><rtept lat="38.348726" lon="-106.281487"><ele>3383.6</ele><time>2026-04-10T15:10:37Z</time></rtept><rtept lat="38.348714" lon="-106.281709"><ele>3378.2</ele><time>2026-04-10T15:10:37Z</time></rtept><rtept lat="38.348563" lon="-106.281974"><ele>3369.6</ele><time>2026-04-10T15:10:37Z</time></rtept><rtept lat="38.348225" lon="-106.282348"><ele>3352.0</ele><time>2026-04-10T15:10:37Z</time></rtept><rtept lat="38.348085" lon="-106.282417"><ele>3350.6</ele><time>2026-04-10T15:10:37Z</time></rtept><rtept lat="38.347765" lon="-106.282813"><ele>3341.0</ele><time>2026-04-10T15:10:37Z</time></rtept><rtept lat="38.347712" lon="-106.283102"><ele>3336.2</ele><time>2026-04-10T15:10:37Z</time></rtept><rtept lat="38.347777" lon="-106.283311"><ele>3333.0</ele><time>2026-04-10T15:10:37Z</time></rtept><rtept lat="38.348057" lon="-106.283654"><ele>3330.6</ele><time>2026-04-10T15:10:37Z</time></rtept><rtept lat="38.348078" lon="-106.283853"><ele>3328.0</ele><time>2026-04-10T15:10:37Z</time></rtept><rtept lat="38.348171" lon="-106.283987"><ele>3325.8</ele><time>2026-04-10T15:10:37Z</time></rtept><rtept lat="38.348257" lon="-106.284333"><ele>3321.2</ele><time>2026-04-10T15:10:37Z</time></rtept><rtept lat="38.348288" lon="-106.284615"><ele>3317.0</ele><time>2026-04-10T15:10:37Z</time></rtept><rtept lat="38.348288" lon="-106.284615"><ele>3317.0</ele><time>2026-04-10T15:10:37Z</time></rtept><rtept lat="38.348306" lon="-106.284785"><ele>3313.8</ele><time>2026-04-10T15:10:37Z</time></rtept><rtept lat="38.348251" lon="-106.284932"><ele>3310.8</ele><time>2026-04-10T15:10:37Z</time></rtept><rtept lat="38.348262" lon="-106.285161"><ele>3308.2</ele><time>2026-04-10T15:10:37Z</time></rtept><rtept lat="38.34822" lon="-106.285316"><ele>3306.0</ele><time>2026-04-10T15:10:37Z</time></rtept><rtept lat="38.34806" lon="-106.285492"><ele>3303.4</ele><time>2026-04-10T15:10:37Z</time></rtept><rtept lat="38.347999" lon="-106.285674"><ele>3300.0</ele><time>2026-04-10T15:10:37Z</time></rtept><rtept lat="38.347848" lon="-106.285868"><ele>3295.0</ele><time>2026-04-10T15:10:37Z</time></rtept><rtept lat="38.347616" lon="-106.286085"><ele>3291.4</ele><time>2026-04-10T15:10:37Z</time></rtept><rtept lat="38.347481" lon="-106.286106"><ele>3290.8</ele><time>2026-04-10T15:10:37Z</time></rtept><rtept lat="38.347321" lon="-106.286327"><ele>3286.8</ele><time>2026-04-10T15:10:37Z</time></rtept><rtept lat="38.34709" lon="-106.286435"><ele>3284.8</ele><time>2026-04-10T15:10:37Z</time></rtept><rtept lat="38.346989" lon="-106.286598"><ele>3282.6</ele><time>2026-04-10T15:10:37Z</time></rtept><rtept lat="38.347004" lon="-106.286888"><ele>3279.8</ele><time>2026-04-10T15:10:37Z</time></rtept><rtept lat="38.346783" lon="-106.287254"><ele>3276.6</ele><time>2026-04-10T15:10:37Z</time></rtept><rtept lat="38.346773" lon="-106.287367"><ele>3275.8</ele><time>2026-04-10T15:10:37Z</time></rtept><rtept lat="38.346664" lon="-106.287463"><ele>3275.2</ele><time>2026-04-10T15:10:37Z</time></rtept><rtept lat="38.34647" lon="-106.287443"><ele>3274.6</ele><time>2026-04-10T15:10:37Z</time></rtept><rtept lat="38.346262" lon="-106.287583"><ele>3273.8</ele><time>2026-04-10T15:10:37Z</time></rtept><rtept lat="38.346024" lon="-106.287514"><ele>3273.0</ele><time>2026-04-10T15:10:37Z</time></rtept><rtept lat="38.345841" lon="-106.287692"><ele>3273.2</ele><time>2026-04-10T15:10:37Z</time></rtept><rtept lat="38.345495" lon="-106.288455"><ele>3271.8</ele><time>2026-04-10T15:10:37Z</time></rtept><rtept lat="38.345815" lon="-106.289647"><ele>3264.6</ele><time>2026-04-10T15:10:37Z</time></rtept><rtept lat="38.345791" lon="-106.28983"><ele>3263.4</ele><time>2026-04-10T15:10:37Z</time></rtept><rtept lat="38.345712" lon="-106.289988"><ele>3262.4</ele><time>2026-04-10T15:10:37Z</time></rtept><rtept lat="38.345668" lon="-106.290317"><ele>3261.4</ele><time>2026-04-10T15:10:37Z</time></rtept><rtept lat="38.345723" lon="-106.290672"><ele>3259.2</ele><time>2026-04-10T15:10:37Z</time></rtept><rtept lat="38.345707" lon="-106.290862"><ele>3257.8</ele><time>2026-04-10T15:10:37Z</time></rtept><rtept lat="38.3453" lon="-106.291012"><ele>3256.4</ele><time>2026-04-10T15:10:37Z</time></rtept><rtept lat="38.345032" lon="-106.291203"><ele>3253.2</ele><time>2026-04-10T15:10:37Z</time></rtept><rtept lat="38.344903" lon="-106.291426"><ele>3255.2</ele><time>2026-04-10T15:10:37Z</time></rtept><rtept lat="38.344662" lon="-106.2917"><ele>3248.8</ele><time>2026-04-10T15:10:37Z</time></rtept><rtept lat="38.344494" lon="-106.29178"><ele>3244.0</ele><time>2026-04-10T15:10:37Z</time></rtept><rtept lat="38.344302" lon="-106.292077"><ele>3239.8</ele><time>2026-04-10T15:10:37Z</time></rtept><rtept lat="38.344272" lon="-106.292324"><ele>3237.4</ele><time>2026-04-10T15:10:37Z</time></rtept><rtept lat="38.344303" lon="-106.292403"><ele>3238.6</ele><time>2026-04-10T15:10:37Z</time></rtept><rtept lat="38.344241" lon="-106.292667"><ele>3234.2</ele><time>2026-04-10T15:10:37Z</time></rtept><rtept lat="38.344315" lon="-106.293314"><ele>3229.0</ele><time>2026-04-10T15:10:37Z</time></rtept><rtept lat="38.344073" lon="-106.294435"><ele>3216.8</ele><time>2026-04-10T15:10:37Z</time></rtept><rtept lat="38.343861" lon="-106.294853"><ele>3215.2</ele><time>2026-04-10T15:10:37Z</time></rtept><rtept lat="38.343944" lon="-106.29509"><ele>3217.6</ele><time>2026-04-10T15:10:37Z</time></rtept><rtept lat="38.343946" lon="-106.295263"><ele>3219.4</ele><time>2026-04-10T15:10:37Z</time></rtept><rtept lat="38.343799" lon="-106.29551"><ele>3219.8</ele><time>2026-04-10T15:10:37Z</time></rtept><rtept lat="38.343836" lon="-106.295848"><ele>3228.2</ele><time>2026-04-10T15:10:37Z</time></rtept><rtept lat="38.343783" lon="-106.296155"><ele>3233.6</ele><time>2026-04-10T15:10:37Z</time></rtept><rtept lat="38.343928" lon="-106.296553"><ele>3241.6</ele><time>2026-04-10T15:10:37Z</time></rtept><rtept lat="38.344194" lon="-106.296918"><ele>3247.6</ele><time>2026-04-10T15:10:37Z</time></rtept><rtept lat="38.344333" lon="-106.297026"><ele>3249.2</ele><time>2026-04-10T15:10:37Z</time></rtept><rtept lat="38.344402" lon="-106.297267"><ele>3249.6</ele><time>2026-04-10T15:10:37Z</time></rtept><rtept lat="38.344368" lon="-106.297495"><ele>3249.2</ele><time>2026-04-10T15:10:37Z</time></rtept><rtept lat="38.344518" lon="-106.29819"><ele>3247.2</ele><time>2026-04-10T15:10:37Z</time></rtept><rtept lat="38.344506" lon="-106.298837"><ele>3245.6</ele><time>2026-04-10T15:10:37Z</time></rtept><rtept lat="38.344543" lon="-106.299185"><ele>3244.0</ele><time>2026-04-10T15:10:37Z</time></rtept><rtept lat="38.344508" lon="-106.29949"><ele>3242.8</ele><time>2026-04-10T15:10:37Z</time></rtept><rtept lat="38.344406" lon="-106.299758"><ele>3243.2</ele><time>2026-04-10T15:10:37Z</time></rtept><rtept lat="38.344396" lon="-106.300223"><ele>3247.2</ele><time>2026-04-10T15:10:37Z</time></rtept><rtept lat="38.344309" lon="-106.300354"><ele>3248.0</ele><time>2026-04-10T15:10:37Z</time></rtept><rtept lat="38.344257" lon="-106.300617"><ele>3250.4</ele><time>2026-04-10T15:10:37Z</time></rtept><rtept lat="38.344106" lon="-106.30077"><ele>3251.8</ele><time>2026-04-10T15:10:37Z</time></rtept><rtept lat="38.343977" lon="-106.301407"><ele>3251.6</ele><time>2026-04-10T15:10:37Z</time></rtept><rtept lat="38.344211" lon="-106.30226"><ele>3244.0</ele><time>2026-04-10T15:10:37Z</time></rtept><rtept lat="38.344213" lon="-106.302488"><ele>3242.6</ele><time>2026-04-10T15:10:37Z</time></rtept><rtept lat="38.344314" lon="-106.302755"><ele>3239.6</ele><time>2026-04-10T15:10:37Z</time></rtept><rtept lat="38.344323" lon="-106.303114"><ele>3237.8</ele><time>2026-04-10T15:10:37Z</time></rtept><rtept lat="38.34438" lon="-106.303306"><ele>3236.8</ele><time>2026-04-10T15:10:37Z</time></rtept><rtept lat="38.344334" lon="-106.303411"><ele>3236.2</ele><time>2026-04-10T15:10:37Z</time></rtept><rtept lat="38.344416" lon="-106.303717"><ele>3234.6</ele><time>2026-04-10T15:10:37Z</time></rtept><rtept lat="38.344394" lon="-106.304098"><ele>3233.2</ele><time>2026-04-10T15:10:37Z</time></rtept><rtept lat="38.344464" lon="-106.304238"><ele>3233.4</ele><time>2026-04-10T15:10:37Z</time></rtept><rtept lat="38.344366" lon="-106.304938"><ele>3234.2</ele><time>2026-04-10T15:10:37Z</time></rtept><rtept lat="38.344384" lon="-106.305352"><ele>3236.2</ele><time>2026-04-10T15:10:37Z</time></rtept><rtept lat="38.34426" lon="-106.305536"><ele>3236.8</ele><time>2026-04-10T15:10:37Z</time></rtept><rtept lat="38.344194" lon="-106.305793"><ele>3237.8</ele><time>2026-04-10T15:10:37Z</time></rtept><rtept lat="38.34412" lon="-106.306386"><ele>3241.2</ele><time>2026-04-10T15:10:37Z</time></rtept><rtept lat="38.343925" lon="-106.306881"><ele>3245.8</ele><time>2026-04-10T15:10:37Z</time></rtept><rtept lat="38.343582" lon="-106.307397"><ele>3251.2</ele><time>2026-04-10T15:10:37Z</time></rtept><rtept lat="38.343505" lon="-106.307804"><ele>3257.4</ele><time>2026-04-10T15:10:37Z</time></rtept><rtept lat="38.343501" lon="-106.307824"><ele>3257.4</ele><time>2026-04-10T15:10:37Z</time></rtept><rtept lat="38.343501" lon="-106.307824"><ele>3257.4</ele><time>2026-04-10T15:10:37Z</time></rtept><rtept lat="38.343505" lon="-106.307804"><ele>3257.4</ele><time>2026-04-10T15:10:37Z</time></rtept><rtept lat="38.343433" lon="-106.308182"><ele>3264.8</ele><time>2026-04-10T15:10:37Z</time></rtept><rtept lat="38.343347" lon="-106.308264"><ele>3266.0</ele><time>2026-04-10T15:10:37Z</time></rtept><rtept lat="38.343234" lon="-106.308671"><ele>3266.4</ele><time>2026-04-10T15:10:37Z</time></rtept><rtept lat="38.343236" lon="-106.308922"><ele>3263.8</ele><time>2026-04-10T15:10:37Z</time></rtept><rtept lat="38.34334" lon="-106.30924"><ele>3263.2</ele><time>2026-04-10T15:10:37Z</time></rtept><rtept lat="38.34341" lon="-106.309863"><ele>3260.6</ele><time>2026-04-10T15:10:37Z</time></rtept><rtept lat="38.343398" lon="-106.310508"><ele>3253.8</ele><time>2026-04-10T15:10:37Z</time></rtept><rtept lat="38.343541" lon="-106.311018"><ele>3249.8</ele><time>2026-04-10T15:10:37Z</time></rtept><rtept lat="38.343595" lon="-106.31182"><ele>3241.8</ele><time>2026-04-10T15:10:37Z</time></rtept><rtept lat="38.343562" lon="-106.311952"><ele>3242.0</ele><time>2026-04-10T15:10:37Z</time></rtept><rtept lat="38.343294" lon="-106.312181"><ele>3241.4</ele><time>2026-04-10T15:10:37Z</time></rtept><rtept lat="38.343072" lon="-106.312261"><ele>3237.8</ele><time>2026-04-10T15:10:37Z</time></rtept><rtept lat="38.342961" lon="-106.31235"><ele>3235.6</ele><time>2026-04-10T15:10:37Z</time></rtept><rtept lat="38.342951" lon="-106.312607"><ele>3236.8</ele><time>2026-04-10T15:10:37Z</time></rtept><rtept lat="38.342774" lon="-106.312748"><ele>3233.2</ele><time>2026-04-10T15:10:37Z</time></rtept><rtept lat="38.342631" lon="-106.313005"><ele>3232.2</ele><time>2026-04-10T15:10:37Z</time></rtept><rtept lat="38.342598" lon="-106.313577"><ele>3234.2</ele><time>2026-04-10T15:10:37Z</time></rtept><rtept lat="38.342807" lon="-106.314228"><ele>3235.6</ele><time>2026-04-10T15:10:37Z</time></rtept><rtept lat="38.342574" lon="-106.314931"><ele>3229.6</ele><time>2026-04-10T15:10:37Z</time></rtept><rtept lat="38.342525" lon="-106.315248"><ele>3229.4</ele><time>2026-04-10T15:10:37Z</time></rtept><rtept lat="38.342317" lon="-106.315729"><ele>3232.6</ele><time>2026-04-10T15:10:37Z</time></rtept><rtept lat="38.342232" lon="-106.316065"><ele>3239.6</ele><time>2026-04-10T15:10:37Z</time></rtept><rtept lat="38.342108" lon="-106.316269"><ele>3246.8</ele><time>2026-04-10T15:10:37Z</time></rtept><rtept lat="38.341689" lon="-106.316704"><ele>3251.8</ele><time>2026-04-10T15:10:37Z</time></rtept><rtept lat="38.34139" lon="-106.316771"><ele>3251.4</ele><time>2026-04-10T15:10:37Z</time></rtept><rtept lat="38.340915" lon="-106.317404"><ele>3249.4</ele><time>2026-04-10T15:10:37Z</time></rtept><rtept lat="38.340529" lon="-106.317675"><ele>3249.4</ele><time>2026-04-10T15:10:37Z</time></rtept><rtept lat="38.340389" lon="-106.317716"><ele>3247.4</ele><time>2026-04-10T15:10:37Z</time></rtept><rtept lat="38.34021" lon="-106.317959"><ele>3244.8</ele><time>2026-04-10T15:10:37Z</time></rtept><rtept lat="38.340079" lon="-106.318033"><ele>3243.0</ele><time>2026-04-10T15:10:37Z</time></rtept><rtept lat="38.339799" lon="-106.318033"><ele>3240.4</ele><time>2026-04-10T15:10:37Z</time></rtept><rtept lat="38.339234" lon="-106.31817"><ele>3237.0</ele><time>2026-04-10T15:10:37Z</time></rtept><rtept lat="38.33891" lon="-106.31815"><ele>3235.0</ele><time>2026-04-10T15:10:37Z</time></rtept><rtept lat="38.338304" lon="-106.318411"><ele>3225.0</ele><time>2026-04-10T15:10:37Z</time></rtept><rtept lat="38.338034" lon="-106.318347"><ele>3217.4</ele><time>2026-04-10T15:10:37Z</time></rtept><rtept lat="38.337419" lon="-106.317774"><ele>3220.4</ele><time>2026-04-10T15:10:37Z</time></rtept><rtept lat="38.336996" lon="-106.317728"><ele>3227.0</ele><time>2026-04-10T15:10:37Z</time></rtept><rtept lat="38.336067" lon="-106.318137"><ele>3229.0</ele><time>2026-04-10T15:10:37Z</time></rtept><rtept lat="38.335793" lon="-106.318092"><ele>3227.4</ele><time>2026-04-10T15:10:37Z</time></rtept><rtept lat="38.335179" lon="-106.317789"><ele>3225.6</ele><time>2026-04-10T15:10:37Z</time></rtept><rtept lat="38.33475" lon="-106.317853"><ele>3222.0</ele><time>2026-04-10T15:10:37Z</time></rtept><rtept lat="38.334548" lon="-106.317821"><ele>3220.0</ele><time>2026-04-10T15:10:37Z</time></rtept><rtept lat="38.334257" lon="-106.318031"><ele>3217.0</ele><time>2026-04-10T15:10:37Z</time></rtept><rtept lat="38.334071" lon="-106.318097"><ele>3214.4</ele><time>2026-04-10T15:10:37Z</time></rtept><rtept lat="38.333897" lon="-106.318027"><ele>3211.6</ele><time>2026-04-10T15:10:37Z</time></rtept><rtept lat="38.333364" lon="-106.318118"><ele>3206.8</ele><time>2026-04-10T15:10:37Z</time></rtept><rtept lat="38.333073" lon="-106.318289"><ele>3205.2</ele><time>2026-04-10T15:10:37Z</time></rtept><rtept lat="38.332937" lon="-106.318441"><ele>3205.2</ele><time>2026-04-10T15:10:37Z</time></rtept><rtept lat="38.332678" lon="-106.318554"><ele>3204.0</ele><time>2026-04-10T15:10:37Z</time></rtept><rtept lat="38.332476" lon="-106.318536"><ele>3203.0</ele><time>2026-04-10T15:10:37Z</time></rtept><rtept lat="38.332226" lon="-106.318692"><ele>3203.4</ele><time>2026-04-10T15:10:37Z</time></rtept><rtept lat="38.331906" lon="-106.318758"><ele>3204.0</ele><time>2026-04-10T15:10:37Z</time></rtept><rtept lat="38.331765" lon="-106.318882"><ele>3204.8</ele><time>2026-04-10T15:10:37Z</time></rtept><rtept lat="38.331507" lon="-106.318969"><ele>3205.6</ele><time>2026-04-10T15:10:37Z</time></rtept><rtept lat="38.33142" lon="-106.319067"><ele>3206.4</ele><time>2026-04-10T15:10:37Z</time></rtept><rtept lat="38.330638" lon="-106.319307"><ele>3210.6</ele><time>2026-04-10T15:10:37Z</time></rtept><rtept lat="38.330301" lon="-106.319602"><ele>3218.4</ele><time>2026-04-10T15:10:37Z</time></rtept><rtept lat="38.329808" lon="-106.319745"><ele>3219.6</ele><time>2026-04-10T15:10:37Z</time></rtept><rtept lat="38.32929" lon="-106.320177"><ele>3223.2</ele><time>2026-04-10T15:10:37Z</time></rtept><rtept lat="38.328682" lon="-106.320928"><ele>3228.4</ele><time>2026-04-10T15:10:37Z</time></rtept><rtept lat="38.328719" lon="-106.321224"><ele>3230.4</ele><time>2026-04-10T15:10:37Z</time></rtept><rtept lat="38.32866" lon="-106.321305"><ele>3230.6</ele><time>2026-04-10T15:10:37Z</time></rtept><rtept lat="38.328133" lon="-106.321274"><ele>3233.0</ele><time>2026-04-10T15:10:37Z</time></rtept><rtept lat="38.327853" lon="-106.321325"><ele>3238.8</ele><time>2026-04-10T15:10:37Z</time></rtept><rtept lat="38.327683" lon="-106.321217"><ele>3234.4</ele><time>2026-04-10T15:10:37Z</time></rtept><rtept lat="38.327354" lon="-106.321191"><ele>3234.0</ele><time>2026-04-10T15:10:37Z</time></rtept><rtept lat="38.326948" lon="-106.321271"><ele>3234.8</ele><time>2026-04-10T15:10:37Z</time></rtept><rtept lat="38.326703" lon="-106.321393"><ele>3237.0</ele><time>2026-04-10T15:10:37Z</time></rtept><rtept lat="38.326179" lon="-106.321529"><ele>3232.2</ele><time>2026-04-10T15:10:37Z</time></rtept><rtept lat="38.325703" lon="-106.321812"><ele>3230.2</ele><time>2026-04-10T15:10:37Z</time></rtept><rtept lat="38.325338" lon="-106.322215"><ele>3234.4</ele><time>2026-04-10T15:10:37Z</time></rtept><rtept lat="38.32518" lon="-106.322595"><ele>3240.8</ele><time>2026-04-10T15:10:37Z</time></rtept><rtept lat="38.324941" lon="-106.322994"><ele>3236.8</ele><time>2026-04-10T15:10:37Z</time></rtept><rtept lat="38.324725" lon="-106.323819"><ele>3244.2</ele><time>2026-04-10T15:10:37Z</time></rtept><rtept lat="38.324611" lon="-106.323925"><ele>3240.4</ele><time>2026-04-10T15:10:37Z</time></rtept><rtept lat="38.324407" lon="-106.324418"><ele>3243.0</ele><time>2026-04-10T15:10:37Z</time></rtept><rtept lat="38.324206" lon="-106.324637"><ele>3241.4</ele><time>2026-04-10T15:10:37Z</time></rtept><rtept lat="38.324075" lon="-106.324703"><ele>3239.8</ele><time>2026-04-10T15:10:37Z</time></rtept><rtept lat="38.324037" lon="-106.324829"><ele>3242.8</ele><time>2026-04-10T15:10:37Z</time></rtept><rtept lat="38.323594" lon="-106.325019"><ele>3236.0</ele><time>2026-04-10T15:10:37Z</time></rtept><rtept lat="38.323543" lon="-106.325136"><ele>3236.4</ele><time>2026-04-10T15:10:37Z</time></rtept><rtept lat="38.323434" lon="-106.325195"><ele>3236.6</ele><time>2026-04-10T15:10:37Z</time></rtept><rtept lat="38.323177" lon="-106.325229"><ele>3234.2</ele><time>2026-04-10T15:10:37Z</time></rtept><rtept lat="38.323087" lon="-106.325187"><ele>3234.0</ele><time>2026-04-10T15:10:37Z</time></rtept><rtept lat="38.322893" lon="-106.32525"><ele>3233.2</ele><time>2026-04-10T15:10:37Z</time></rtept><rtept lat="38.321848" lon="-106.325189"><ele>3229.6</ele><time>2026-04-10T15:10:37Z</time></rtept><rtept lat="38.321769" lon="-106.325383"><ele>3232.4</ele><time>2026-04-10T15:10:37Z</time></rtept><rtept lat="38.321715" lon="-106.325413"><ele>3232.2</ele><time>2026-04-10T15:10:37Z</time></rtept><rtept lat="38.321367" lon="-106.325469"><ele>3235.0</ele><time>2026-04-10T15:10:37Z</time></rtept><rtept lat="38.320835" lon="-106.325456"><ele>3232.8</ele><time>2026-04-10T15:10:37Z</time></rtept><rtept lat="38.320346" lon="-106.3257"><ele>3239.0</ele><time>2026-04-10T15:10:37Z</time></rtept><rtept lat="38.31986" lon="-106.325675"><ele>3239.0</ele><time>2026-04-10T15:10:37Z</time></rtept><rtept lat="38.319705" lon="-106.325835"><ele>3239.4</ele><time>2026-04-10T15:10:37Z</time></rtept><rtept lat="38.319443" lon="-106.325871"><ele>3239.0</ele><time>2026-04-10T15:10:37Z</time></rtept><rtept lat="38.319063" lon="-106.326032"><ele>3238.0</ele><time>2026-04-10T15:10:37Z</time></rtept><rtept lat="38.318712" lon="-106.326"><ele>3233.2</ele><time>2026-04-10T15:10:37Z</time></rtept><rtept lat="38.318478" lon="-106.325899"><ele>3229.2</ele><time>2026-04-10T15:10:37Z</time></rtept><rtept lat="38.318041" lon="-106.325933"><ele>3226.0</ele><time>2026-04-10T15:10:37Z</time></rtept><rtept lat="38.317877" lon="-106.326447"><ele>3228.0</ele><time>2026-04-10T15:10:37Z</time></rtept><rtept lat="38.317675" lon="-106.326819"><ele>3222.2</ele><time>2026-04-10T15:10:37Z</time></rtept><rtept lat="38.316976" lon="-106.327284"><ele>3215.4</ele><time>2026-04-10T15:10:37Z</time></rtept><rtept lat="38.316721" lon="-106.327527"><ele>3213.2</ele><time>2026-04-10T15:10:37Z</time></rtept><rtept lat="38.316637" lon="-106.327776"><ele>3208.0</ele><time>2026-04-10T15:10:37Z</time></rtept><rtept lat="38.316513" lon="-106.327917"><ele>3206.8</ele><time>2026-04-10T15:10:37Z</time></rtept><rtept lat="38.316289" lon="-106.328613"><ele>3193.6</ele><time>2026-04-10T15:10:37Z</time></rtept><rtept lat="38.316078" lon="-106.328923"><ele>3192.6</ele><time>2026-04-10T15:10:37Z</time></rtept><rtept lat="38.315919" lon="-106.329039"><ele>3193.4</ele><time>2026-04-10T15:10:37Z</time></rtept><rtept lat="38.315012" lon="-106.33042"><ele>3173.8</ele><time>2026-04-10T15:10:37Z</time></rtept><rtept lat="38.314624" lon="-106.330829"><ele>3174.6</ele><time>2026-04-10T15:10:37Z</time></rtept><rtept lat="38.31445" lon="-106.331451"><ele>3163.2</ele><time>2026-04-10T15:10:37Z</time></rtept><rtept lat="38.314212" lon="-106.331806"><ele>3160.6</ele><time>2026-04-10T15:10:37Z</time></rtept><rtept lat="38.314089" lon="-106.332336"><ele>3154.4</ele><time>2026-04-10T15:10:37Z</time></rtept><rtept lat="38.31361" lon="-106.332824"><ele>3153.0</ele><time>2026-04-10T15:10:37Z</time></rtept><rtept lat="38.313715" lon="-106.333087"><ele>3154.8</ele><time>2026-04-10T15:10:37Z</time></rtept></rte></gpx>