<?xml version="1.0" ?><gpx xmlns="http://www.topografix.com/GPX/1/1" creator="GaiaGPS" version="1.1" xmlns:xsi="http://www.w3.org/2001/XMLSchema-instance" xsi:schemaLocation="http://www.topografix.com/GPX/1/1 http://www.topografix.com/GPX/1/1/gpx.xsd"><rte><name>TD08:S2:D3 Cameron Park to Razor Cr</name><desc></desc><extensions><line xmlns="http://www.topografix.com/GPX/gpx_style/0/2"><color>0479FF</color></line></extensions><rtept lat="38.313769" lon="-106.33305"><ele>3152.4</ele><time>2026-04-10T15:15:03Z</time></rtept><rtept lat="38.313772" lon="-106.333065"><ele>3152.4</ele><time>2026-04-10T15:15:03Z</time></rtept><rtept lat="38.313715" lon="-106.333087"><ele>3154.8</ele><time>2026-04-10T15:15:03Z</time></rtept><rtept lat="38.313656" lon="-106.33317"><ele>3156.4</ele><time>2026-04-10T15:15:03Z</time></rtept><rtept lat="38.313246" lon="-106.333478"><ele>3156.0</ele><time>2026-04-10T15:15:03Z</time></rtept><rtept lat="38.313011" lon="-106.333588"><ele>3157.0</ele><time>2026-04-10T15:15:03Z</time></rtept><rtept lat="38.312803" lon="-106.333617"><ele>3155.8</ele><time>2026-04-10T15:15:03Z</time></rtept><rtept lat="38.312403" lon="-106.333916"><ele>3158.4</ele><time>2026-04-10T15:15:03Z</time></rtept><rtept lat="38.311788" lon="-106.334194"><ele>3159.6</ele><time>2026-04-10T15:15:03Z</time></rtept><rtept lat="38.311585" lon="-106.334178"><ele>3160.0</ele><time>2026-04-10T15:15:03Z</time></rtept><rtept lat="38.311088" lon="-106.333918"><ele>3163.6</ele><time>2026-04-10T15:15:03Z</time></rtept><rtept lat="38.310719" lon="-106.333859"><ele>3167.8</ele><time>2026-04-10T15:15:03Z</time></rtept><rtept lat="38.310352" lon="-106.33402"><ele>3173.8</ele><time>2026-04-10T15:15:03Z</time></rtept><rtept lat="38.310153" lon="-106.334049"><ele>3175.0</ele><time>2026-04-10T15:15:03Z</time></rtept><rtept lat="38.309795" lon="-106.33424"><ele>3181.0</ele><time>2026-04-10T15:15:03Z</time></rtept><rtept lat="38.308151" lon="-106.334613"><ele>3191.6</ele><time>2026-04-10T15:15:03Z</time></rtept><rtept lat="38.306993" lon="-106.335376"><ele>3206.0</ele><time>2026-04-10T15:15:03Z</time></rtept><rtept lat="38.306499" lon="-106.335617"><ele>3209.6</ele><time>2026-04-10T15:15:03Z</time></rtept><rtept lat="38.306153" lon="-106.335906"><ele>3217.8</ele><time>2026-04-10T15:15:03Z</time></rtept><rtept lat="38.305841" lon="-106.336413"><ele>3224.0</ele><time>2026-04-10T15:15:03Z</time></rtept><rtept lat="38.305481" lon="-106.337154"><ele>3223.4</ele><time>2026-04-10T15:15:03Z</time></rtept><rtept lat="38.305199" lon="-106.337826"><ele>3222.6</ele><time>2026-04-10T15:15:03Z</time></rtept><rtept lat="38.305048" lon="-106.338387"><ele>3226.4</ele><time>2026-04-10T15:15:03Z</time></rtept><rtept lat="38.305106" lon="-106.339243"><ele>3236.8</ele><time>2026-04-10T15:15:03Z</time></rtept><rtept lat="38.305068" lon="-106.340969"><ele>3244.6</ele><time>2026-04-10T15:15:03Z</time></rtept><rtept lat="38.304899" lon="-106.341609"><ele>3246.6</ele><time>2026-04-10T15:15:03Z</time></rtept><rtept lat="38.304972" lon="-106.34232"><ele>3252.2</ele><time>2026-04-10T15:15:03Z</time></rtept><rtept lat="38.305139" lon="-106.34308"><ele>3258.8</ele><time>2026-04-10T15:15:03Z</time></rtept><rtept lat="38.3054" lon="-106.3439"><ele>3267.2</ele><time>2026-04-10T15:15:03Z</time></rtept><rtept lat="38.305528" lon="-106.344513"><ele>3270.4</ele><time>2026-04-10T15:15:03Z</time></rtept><rtept lat="38.305677" lon="-106.344913"><ele>3273.8</ele><time>2026-04-10T15:15:03Z</time></rtept><rtept lat="38.305657" lon="-106.345442"><ele>3274.8</ele><time>2026-04-10T15:15:03Z</time></rtept><rtept lat="38.306032" lon="-106.346491"><ele>3278.2</ele><time>2026-04-10T15:15:03Z</time></rtept><rtept lat="38.306103" lon="-106.347031"><ele>3281.2</ele><time>2026-04-10T15:15:03Z</time></rtept><rtept lat="38.306089" lon="-106.347842"><ele>3287.0</ele><time>2026-04-10T15:15:03Z</time></rtept><rtept lat="38.305995" lon="-106.348252"><ele>3288.4</ele><time>2026-04-10T15:15:03Z</time></rtept><rtept lat="38.305762" lon="-106.348848"><ele>3289.6</ele><time>2026-04-10T15:15:03Z</time></rtept><rtept lat="38.305751" lon="-106.348908"><ele>3290.0</ele><time>2026-04-10T15:15:03Z</time></rtept><rtept lat="38.30576" lon="-106.348908"><ele>3290.0</ele><time>2026-04-10T15:15:03Z</time></rtept><rtept lat="38.305841" lon="-106.34891"><ele>3290.6</ele><time>2026-04-10T15:15:03Z</time></rtept><rtept lat="38.305958" lon="-106.348874"><ele>3291.2</ele><time>2026-04-10T15:15:03Z</time></rtept><rtept lat="38.306333" lon="-106.349353"><ele>3300.0</ele><time>2026-04-10T15:15:03Z</time></rtept><rtept lat="38.30679" lon="-106.349563"><ele>3307.4</ele><time>2026-04-10T15:15:03Z</time></rtept><rtept lat="38.307112" lon="-106.349787"><ele>3309.2</ele><time>2026-04-10T15:15:03Z</time></rtept><rtept lat="38.307361" lon="-106.350039"><ele>3311.4</ele><time>2026-04-10T15:15:03Z</time></rtept><rtept lat="38.307626" lon="-106.350492"><ele>3314.0</ele><time>2026-04-10T15:15:03Z</time></rtept><rtept lat="38.307655" lon="-106.35119"><ele>3318.6</ele><time>2026-04-10T15:15:03Z</time></rtept><rtept lat="38.307661" lon="-106.351796"><ele>3321.6</ele><time>2026-04-10T15:15:03Z</time></rtept><rtept lat="38.30766" lon="-106.352298"><ele>3323.4</ele><time>2026-04-10T15:15:03Z</time></rtept><rtept lat="38.307695" lon="-106.352723"><ele>3324.8</ele><time>2026-04-10T15:15:03Z</time></rtept><rtept lat="38.307583" lon="-106.353483"><ele>3329.2</ele><time>2026-04-10T15:15:03Z</time></rtept><rtept lat="38.30734" lon="-106.354214"><ele>3334.0</ele><time>2026-04-10T15:15:03Z</time></rtept><rtept lat="38.307306" lon="-106.354409"><ele>3335.4</ele><time>2026-04-10T15:15:03Z</time></rtept><rtept lat="38.307108" lon="-106.354813"><ele>3338.8</ele><time>2026-04-10T15:15:03Z</time></rtept><rtept lat="38.306787" lon="-106.355293"><ele>3342.6</ele><time>2026-04-10T15:15:03Z</time></rtept><rtept lat="38.306604" lon="-106.355926"><ele>3348.4</ele><time>2026-04-10T15:15:03Z</time></rtept><rtept lat="38.306477" lon="-106.356798"><ele>3355.8</ele><time>2026-04-10T15:15:03Z</time></rtept><rtept lat="38.306395" lon="-106.357278"><ele>3361.0</ele><time>2026-04-10T15:15:03Z</time></rtept><rtept lat="38.306265" lon="-106.35794"><ele>3366.8</ele><time>2026-04-10T15:15:03Z</time></rtept><rtept lat="38.30592" lon="-106.358559"><ele>3371.6</ele><time>2026-04-10T15:15:03Z</time></rtept><rtept lat="38.305791" lon="-106.358803"><ele>3373.0</ele><time>2026-04-10T15:15:03Z</time></rtept><rtept lat="38.305354" lon="-106.359582"><ele>3380.0</ele><time>2026-04-10T15:15:03Z</time></rtept><rtept lat="38.304946" lon="-106.360215"><ele>3385.2</ele><time>2026-04-10T15:15:03Z</time></rtept><rtept lat="38.30422" lon="-106.360334"><ele>3386.8</ele><time>2026-04-10T15:15:03Z</time></rtept><rtept lat="38.303461" lon="-106.360629"><ele>3390.0</ele><time>2026-04-10T15:15:03Z</time></rtept><rtept lat="38.3029" lon="-106.360839"><ele>3388.8</ele><time>2026-04-10T15:15:03Z</time></rtept><rtept lat="38.302636" lon="-106.361079"><ele>3389.2</ele><time>2026-04-10T15:15:03Z</time></rtept><rtept lat="38.301796" lon="-106.361933"><ele>3389.6</ele><time>2026-04-10T15:15:03Z</time></rtept><rtept lat="38.301466" lon="-106.362251"><ele>3388.2</ele><time>2026-04-10T15:15:03Z</time></rtept><rtept lat="38.301068" lon="-106.362363"><ele>3382.8</ele><time>2026-04-10T15:15:03Z</time></rtept><rtept lat="38.301013" lon="-106.363171"><ele>3387.6</ele><time>2026-04-10T15:15:03Z</time></rtept><rtept lat="38.300624" lon="-106.364551"><ele>3397.0</ele><time>2026-04-10T15:15:03Z</time></rtept><rtept lat="38.300629" lon="-106.364847"><ele>3401.6</ele><time>2026-04-10T15:15:03Z</time></rtept><rtept lat="38.300685" lon="-106.365092"><ele>3404.8</ele><time>2026-04-10T15:15:03Z</time></rtept><rtept lat="38.30065" lon="-106.36532"><ele>3406.0</ele><time>2026-04-10T15:15:03Z</time></rtept><rtept lat="38.300669" lon="-106.36568"><ele>3409.4</ele><time>2026-04-10T15:15:03Z</time></rtept><rtept lat="38.300704" lon="-106.365773"><ele>3411.2</ele><time>2026-04-10T15:15:03Z</time></rtept><rtept lat="38.300706" lon="-106.365939"><ele>3412.8</ele><time>2026-04-10T15:15:03Z</time></rtept><rtept lat="38.300796" lon="-106.366203"><ele>3415.8</ele><time>2026-04-10T15:15:03Z</time></rtept><rtept lat="38.301015" lon="-106.366524"><ele>3418.0</ele><time>2026-04-10T15:15:03Z</time></rtept><rtept lat="38.301448" lon="-106.366876"><ele>3421.2</ele><time>2026-04-10T15:15:03Z</time></rtept><rtept lat="38.302094" lon="-106.366719"><ele>3421.4</ele><time>2026-04-10T15:15:03Z</time></rtept><rtept lat="38.302269" lon="-106.36675"><ele>3421.2</ele><time>2026-04-10T15:15:03Z</time></rtept><rtept lat="38.302385" lon="-106.366892"><ele>3421.6</ele><time>2026-04-10T15:15:03Z</time></rtept><rtept lat="38.302428" lon="-106.367097"><ele>3421.8</ele><time>2026-04-10T15:15:03Z</time></rtept><rtept lat="38.302425" lon="-106.367689"><ele>3423.2</ele><time>2026-04-10T15:15:03Z</time></rtept><rtept lat="38.302399" lon="-106.367975"><ele>3423.6</ele><time>2026-04-10T15:15:03Z</time></rtept><rtept lat="38.302301" lon="-106.36827"><ele>3424.4</ele><time>2026-04-10T15:15:03Z</time></rtept><rtept lat="38.301834" lon="-106.368972"><ele>3427.0</ele><time>2026-04-10T15:15:03Z</time></rtept><rtept lat="38.300811" lon="-106.370131"><ele>3435.2</ele><time>2026-04-10T15:15:03Z</time></rtept><rtept lat="38.300752" lon="-106.370532"><ele>3437.4</ele><time>2026-04-10T15:15:03Z</time></rtept><rtept lat="38.300614" lon="-106.370773"><ele>3439.2</ele><time>2026-04-10T15:15:03Z</time></rtept><rtept lat="38.300168" lon="-106.371096"><ele>3443.2</ele><time>2026-04-10T15:15:03Z</time></rtept><rtept lat="38.300004" lon="-106.371276"><ele>3444.6</ele><time>2026-04-10T15:15:03Z</time></rtept><rtept lat="38.29921" lon="-106.371791"><ele>3451.6</ele><time>2026-04-10T15:15:03Z</time></rtept><rtept lat="38.298509" lon="-106.372006"><ele>3457.0</ele><time>2026-04-10T15:15:03Z</time></rtept><rtept lat="38.297489" lon="-106.372466"><ele>3467.2</ele><time>2026-04-10T15:15:03Z</time></rtept><rtept lat="38.29711" lon="-106.372549"><ele>3470.8</ele><time>2026-04-10T15:15:03Z</time></rtept><rtept lat="38.296822" lon="-106.372793"><ele>3474.4</ele><time>2026-04-10T15:15:03Z</time></rtept><rtept lat="38.296898" lon="-106.372813"><ele>3474.6</ele><time>2026-04-10T15:15:03Z</time></rtept><rtept lat="38.296965" lon="-106.372848"><ele>3474.0</ele><time>2026-04-10T15:15:03Z</time></rtept><rtept lat="38.296965" lon="-106.372848"><ele>3474.0</ele><time>2026-04-10T15:15:03Z</time></rtept><rtept lat="38.296898" lon="-106.372813"><ele>3474.6</ele><time>2026-04-10T15:15:03Z</time></rtept><rtept lat="38.296822" lon="-106.372793"><ele>3474.4</ele><time>2026-04-10T15:15:03Z</time></rtept><rtept lat="38.296423" lon="-106.373131"><ele>3480.4</ele><time>2026-04-10T15:15:03Z</time></rtept><rtept lat="38.295582" lon="-106.373735"><ele>3492.0</ele><time>2026-04-10T15:15:03Z</time></rtept><rtept lat="38.294546" lon="-106.374053"><ele>3499.8</ele><time>2026-04-10T15:15:03Z</time></rtept><rtept lat="38.294189" lon="-106.374193"><ele>3502.4</ele><time>2026-04-10T15:15:03Z</time></rtept><rtept lat="38.294039" lon="-106.374311"><ele>3504.0</ele><time>2026-04-10T15:15:03Z</time></rtept><rtept lat="38.293732" lon="-106.374727"><ele>3508.4</ele><time>2026-04-10T15:15:03Z</time></rtept><rtept lat="38.293338" lon="-106.375645"><ele>3515.0</ele><time>2026-04-10T15:15:03Z</time></rtept><rtept lat="38.293019" lon="-106.375929"><ele>3516.8</ele><time>2026-04-10T15:15:03Z</time></rtept><rtept lat="38.292699" lon="-106.376331"><ele>3520.8</ele><time>2026-04-10T15:15:03Z</time></rtept><rtept lat="38.291819" lon="-106.378008"><ele>3537.0</ele><time>2026-04-10T15:15:03Z</time></rtept><rtept lat="38.291573" lon="-106.378272"><ele>3539.8</ele><time>2026-04-10T15:15:03Z</time></rtept><rtept lat="38.290839" lon="-106.37861"><ele>3543.8</ele><time>2026-04-10T15:15:03Z</time></rtept><rtept lat="38.290543" lon="-106.378835"><ele>3546.8</ele><time>2026-04-10T15:15:03Z</time></rtept><rtept lat="38.290332" lon="-106.379207"><ele>3550.6</ele><time>2026-04-10T15:15:03Z</time></rtept><rtept lat="38.290112" lon="-106.379455"><ele>3553.4</ele><time>2026-04-10T15:15:03Z</time></rtept><rtept lat="38.289621" lon="-106.380215"><ele>3561.4</ele><time>2026-04-10T15:15:03Z</time></rtept><rtept lat="38.28951" lon="-106.380438"><ele>3562.4</ele><time>2026-04-10T15:15:03Z</time></rtept><rtept lat="38.28935" lon="-106.381032"><ele>3565.4</ele><time>2026-04-10T15:15:03Z</time></rtept><rtept lat="38.289156" lon="-106.381436"><ele>3567.4</ele><time>2026-04-10T15:15:03Z</time></rtept><rtept lat="38.28833" lon="-106.382194"><ele>3572.2</ele><time>2026-04-10T15:15:03Z</time></rtept><rtept lat="38.287859" lon="-106.382496"><ele>3574.4</ele><time>2026-04-10T15:15:03Z</time></rtept><rtept lat="38.287745" lon="-106.382658"><ele>3575.2</ele><time>2026-04-10T15:15:03Z</time></rtept><rtept lat="38.287647" lon="-106.382963"><ele>3575.4</ele><time>2026-04-10T15:15:03Z</time></rtept><rtept lat="38.287453" lon="-106.383309"><ele>3575.0</ele><time>2026-04-10T15:15:03Z</time></rtept><rtept lat="38.287074" lon="-106.383722"><ele>3572.8</ele><time>2026-04-10T15:15:03Z</time></rtept><rtept lat="38.286959" lon="-106.383948"><ele>3572.4</ele><time>2026-04-10T15:15:03Z</time></rtept><rtept lat="38.286644" lon="-106.384331"><ele>3570.4</ele><time>2026-04-10T15:15:03Z</time></rtept><rtept lat="38.286604" lon="-106.384599"><ele>3569.4</ele><time>2026-04-10T15:15:03Z</time></rtept><rtept lat="38.286245" lon="-106.384861"><ele>3566.2</ele><time>2026-04-10T15:15:03Z</time></rtept><rtept lat="38.285652" lon="-106.385166"><ele>3561.0</ele><time>2026-04-10T15:15:03Z</time></rtept><rtept lat="38.285313" lon="-106.385642"><ele>3558.0</ele><time>2026-04-10T15:15:03Z</time></rtept><rtept lat="38.284751" lon="-106.386221"><ele>3553.0</ele><time>2026-04-10T15:15:03Z</time></rtept><rtept lat="38.284442" lon="-106.386425"><ele>3550.6</ele><time>2026-04-10T15:15:03Z</time></rtept><rtept lat="38.283855" lon="-106.386937"><ele>3546.2</ele><time>2026-04-10T15:15:03Z</time></rtept><rtept lat="38.283448" lon="-106.387806"><ele>3543.0</ele><time>2026-04-10T15:15:03Z</time></rtept><rtept lat="38.283433" lon="-106.387887"><ele>3543.0</ele><time>2026-04-10T15:15:03Z</time></rtept><rtept lat="38.283433" lon="-106.387887"><ele>3543.0</ele><time>2026-04-10T15:15:03Z</time></rtept><rtept lat="38.2833" lon="-106.38859"><ele>3541.6</ele><time>2026-04-10T15:15:03Z</time></rtept><rtept lat="38.283104" lon="-106.390598"><ele>3541.4</ele><time>2026-04-10T15:15:03Z</time></rtept><rtept lat="38.283401" lon="-106.39178"><ele>3546.2</ele><time>2026-04-10T15:15:03Z</time></rtept><rtept lat="38.28369" lon="-106.392488"><ele>3547.4</ele><time>2026-04-10T15:15:03Z</time></rtept><rtept lat="38.283963" lon="-106.393417"><ele>3544.4</ele><time>2026-04-10T15:15:03Z</time></rtept><rtept lat="38.284272" lon="-106.393972"><ele>3537.2</ele><time>2026-04-10T15:15:03Z</time></rtept><rtept lat="38.284393" lon="-106.39511"><ele>3532.6</ele><time>2026-04-10T15:15:03Z</time></rtept><rtept lat="38.284365" lon="-106.39565"><ele>3529.4</ele><time>2026-04-10T15:15:03Z</time></rtept><rtept lat="38.284461" lon="-106.396657"><ele>3519.2</ele><time>2026-04-10T15:15:03Z</time></rtept><rtept lat="38.284403" lon="-106.396976"><ele>3516.6</ele><time>2026-04-10T15:15:03Z</time></rtept><rtept lat="38.284086" lon="-106.397509"><ele>3514.2</ele><time>2026-04-10T15:15:03Z</time></rtept><rtept lat="38.283959" lon="-106.397887"><ele>3510.2</ele><time>2026-04-10T15:15:03Z</time></rtept><rtept lat="38.283599" lon="-106.398249"><ele>3509.2</ele><time>2026-04-10T15:15:03Z</time></rtept><rtept lat="38.283564" lon="-106.398935"><ele>3499.6</ele><time>2026-04-10T15:15:03Z</time></rtept><rtept lat="38.283413" lon="-106.399125"><ele>3498.2</ele><time>2026-04-10T15:15:03Z</time></rtept><rtept lat="38.283222" lon="-106.3996"><ele>3491.4</ele><time>2026-04-10T15:15:03Z</time></rtept><rtept lat="38.283217" lon="-106.399726"><ele>3490.2</ele><time>2026-04-10T15:15:03Z</time></rtept><rtept lat="38.283417" lon="-106.400264"><ele>3482.2</ele><time>2026-04-10T15:15:03Z</time></rtept><rtept lat="38.283694" lon="-106.400485"><ele>3478.8</ele><time>2026-04-10T15:15:03Z</time></rtept><rtept lat="38.283778" lon="-106.400631"><ele>3476.4</ele><time>2026-04-10T15:15:03Z</time></rtept><rtept lat="38.283845" lon="-106.400657"><ele>3476.4</ele><time>2026-04-10T15:15:03Z</time></rtept><rtept lat="38.284022" lon="-106.400556"><ele>3476.6</ele><time>2026-04-10T15:15:03Z</time></rtept><rtept lat="38.284176" lon="-106.400551"><ele>3475.8</ele><time>2026-04-10T15:15:03Z</time></rtept><rtept lat="38.284283" lon="-106.400616"><ele>3474.0</ele><time>2026-04-10T15:15:03Z</time></rtept><rtept lat="38.284509" lon="-106.40057"><ele>3473.6</ele><time>2026-04-10T15:15:03Z</time></rtept><rtept lat="38.284781" lon="-106.400774"><ele>3469.6</ele><time>2026-04-10T15:15:03Z</time></rtept><rtept lat="38.284903" lon="-106.401141"><ele>3464.6</ele><time>2026-04-10T15:15:03Z</time></rtept><rtept lat="38.285181" lon="-106.401624"><ele>3459.4</ele><time>2026-04-10T15:15:03Z</time></rtept><rtept lat="38.28518" lon="-106.401719"><ele>3458.8</ele><time>2026-04-10T15:15:03Z</time></rtept><rtept lat="38.28561" lon="-106.402672"><ele>3451.0</ele><time>2026-04-10T15:15:03Z</time></rtept><rtept lat="38.285644" lon="-106.402863"><ele>3449.8</ele><time>2026-04-10T15:15:03Z</time></rtept><rtept lat="38.285611" lon="-106.403696"><ele>3446.6</ele><time>2026-04-10T15:15:03Z</time></rtept><rtept lat="38.285566" lon="-106.404046"><ele>3445.2</ele><time>2026-04-10T15:15:03Z</time></rtept><rtept lat="38.285376" lon="-106.404554"><ele>3444.0</ele><time>2026-04-10T15:15:03Z</time></rtept><rtept lat="38.285242" lon="-106.404784"><ele>3443.0</ele><time>2026-04-10T15:15:03Z</time></rtept><rtept lat="38.285082" lon="-106.405339"><ele>3439.6</ele><time>2026-04-10T15:15:03Z</time></rtept><rtept lat="38.284961" lon="-106.406432"><ele>3435.6</ele><time>2026-04-10T15:15:03Z</time></rtept><rtept lat="38.284989" lon="-106.406759"><ele>3435.0</ele><time>2026-04-10T15:15:03Z</time></rtept><rtept lat="38.284945" lon="-106.407038"><ele>3434.6</ele><time>2026-04-10T15:15:03Z</time></rtept><rtept lat="38.284875" lon="-106.407212"><ele>3434.2</ele><time>2026-04-10T15:15:03Z</time></rtept><rtept lat="38.284674" lon="-106.407448"><ele>3432.6</ele><time>2026-04-10T15:15:03Z</time></rtept><rtept lat="38.284579" lon="-106.407866"><ele>3432.0</ele><time>2026-04-10T15:15:03Z</time></rtept><rtept lat="38.284473" lon="-106.408056"><ele>3430.4</ele><time>2026-04-10T15:15:03Z</time></rtept><rtept lat="38.28425" lon="-106.408237"><ele>3428.0</ele><time>2026-04-10T15:15:03Z</time></rtept><rtept lat="38.283848" lon="-106.408719"><ele>3421.8</ele><time>2026-04-10T15:15:03Z</time></rtept><rtept lat="38.283769" lon="-106.409277"><ele>3422.6</ele><time>2026-04-10T15:15:03Z</time></rtept><rtept lat="38.283498" lon="-106.409723"><ele>3418.8</ele><time>2026-04-10T15:15:03Z</time></rtept><rtept lat="38.283484" lon="-106.410147"><ele>3420.0</ele><time>2026-04-10T15:15:03Z</time></rtept><rtept lat="38.283037" lon="-106.410585"><ele>3415.2</ele><time>2026-04-10T15:15:03Z</time></rtept><rtept lat="38.28247" lon="-106.411023"><ele>3411.0</ele><time>2026-04-10T15:15:03Z</time></rtept><rtept lat="38.28197" lon="-106.411205"><ele>3406.8</ele><time>2026-04-10T15:15:03Z</time></rtept><rtept lat="38.281818" lon="-106.41124"><ele>3405.8</ele><time>2026-04-10T15:15:03Z</time></rtept><rtept lat="38.281445" lon="-106.411285"><ele>3403.4</ele><time>2026-04-10T15:15:03Z</time></rtept><rtept lat="38.281208" lon="-106.411437"><ele>3402.6</ele><time>2026-04-10T15:15:03Z</time></rtept><rtept lat="38.281018" lon="-106.411648"><ele>3401.2</ele><time>2026-04-10T15:15:03Z</time></rtept><rtept lat="38.28101" lon="-106.411655"><ele>3401.2</ele><time>2026-04-10T15:15:03Z</time></rtept><rtept lat="38.28101" lon="-106.411655"><ele>3401.2</ele><time>2026-04-10T15:15:03Z</time></rtept><rtept lat="38.281018" lon="-106.411648"><ele>3401.2</ele><time>2026-04-10T15:15:03Z</time></rtept><rtept lat="38.281208" lon="-106.411437"><ele>3402.6</ele><time>2026-04-10T15:15:03Z</time></rtept><rtept lat="38.281445" lon="-106.411285"><ele>3403.4</ele><time>2026-04-10T15:15:03Z</time></rtept><rtept lat="38.281818" lon="-106.41124"><ele>3405.8</ele><time>2026-04-10T15:15:03Z</time></rtept><rtept lat="38.28197" lon="-106.411205"><ele>3406.8</ele><time>2026-04-10T15:15:03Z</time></rtept><rtept lat="38.281601" lon="-106.411965"><ele>3406.0</ele><time>2026-04-10T15:15:03Z</time></rtept><rtept lat="38.281128" lon="-106.413774"><ele>3403.8</ele><time>2026-04-10T15:15:03Z</time></rtept><rtept lat="38.281023" lon="-106.41395"><ele>3404.2</ele><time>2026-04-10T15:15:03Z</time></rtept><rtept lat="38.281029" lon="-106.414673"><ele>3411.6</ele><time>2026-04-10T15:15:03Z</time></rtept><rtept lat="38.28091" lon="-106.414956"><ele>3415.4</ele><time>2026-04-10T15:15:03Z</time></rtept><rtept lat="38.280946" lon="-106.415845"><ele>3420.6</ele><time>2026-04-10T15:15:03Z</time></rtept><rtept lat="38.281116" lon="-106.416257"><ele>3422.4</ele><time>2026-04-10T15:15:03Z</time></rtept><rtept lat="38.281132" lon="-106.416467"><ele>3423.0</ele><time>2026-04-10T15:15:03Z</time></rtept><rtept lat="38.280948" lon="-106.41675"><ele>3425.8</ele><time>2026-04-10T15:15:03Z</time></rtept><rtept lat="38.280827" lon="-106.417071"><ele>3428.0</ele><time>2026-04-10T15:15:03Z</time></rtept><rtept lat="38.280621" lon="-106.418093"><ele>3442.6</ele><time>2026-04-10T15:15:03Z</time></rtept><rtept lat="38.280334" lon="-106.418362"><ele>3446.6</ele><time>2026-04-10T15:15:03Z</time></rtept><rtept lat="38.280029" lon="-106.418904"><ele>3453.4</ele><time>2026-04-10T15:15:03Z</time></rtept><rtept lat="38.279931" lon="-106.419513"><ele>3462.0</ele><time>2026-04-10T15:15:03Z</time></rtept><rtept lat="38.279797" lon="-106.419814"><ele>3465.0</ele><time>2026-04-10T15:15:03Z</time></rtept><rtept lat="38.279613" lon="-106.420428"><ele>3471.2</ele><time>2026-04-10T15:15:03Z</time></rtept><rtept lat="38.279589" lon="-106.420945"><ele>3477.8</ele><time>2026-04-10T15:15:03Z</time></rtept><rtept lat="38.279587" lon="-106.421221"><ele>3481.2</ele><time>2026-04-10T15:15:03Z</time></rtept><rtept lat="38.279847" lon="-106.421764"><ele>3486.6</ele><time>2026-04-10T15:15:03Z</time></rtept><rtept lat="38.280088" lon="-106.42228"><ele>3482.6</ele><time>2026-04-10T15:15:03Z</time></rtept><rtept lat="38.280288" lon="-106.422519"><ele>3482.2</ele><time>2026-04-10T15:15:03Z</time></rtept><rtept lat="38.280426" lon="-106.423021"><ele>3476.6</ele><time>2026-04-10T15:15:03Z</time></rtept><rtept lat="38.280676" lon="-106.423577"><ele>3474.8</ele><time>2026-04-10T15:15:03Z</time></rtept><rtept lat="38.28112" lon="-106.424132"><ele>3475.4</ele><time>2026-04-10T15:15:03Z</time></rtept><rtept lat="38.28139" lon="-106.424553"><ele>3475.6</ele><time>2026-04-10T15:15:03Z</time></rtept><rtept lat="38.281769" lon="-106.425207"><ele>3474.8</ele><time>2026-04-10T15:15:03Z</time></rtept><rtept lat="38.281882" lon="-106.425531"><ele>3474.0</ele><time>2026-04-10T15:15:03Z</time></rtept><rtept lat="38.281885" lon="-106.42571"><ele>3473.2</ele><time>2026-04-10T15:15:03Z</time></rtept><rtept lat="38.281531" lon="-106.426258"><ele>3470.6</ele><time>2026-04-10T15:15:03Z</time></rtept><rtept lat="38.281431" lon="-106.426729"><ele>3469.4</ele><time>2026-04-10T15:15:03Z</time></rtept><rtept lat="38.281173" lon="-106.427176"><ele>3467.2</ele><time>2026-04-10T15:15:03Z</time></rtept><rtept lat="38.281112" lon="-106.427416"><ele>3467.0</ele><time>2026-04-10T15:15:03Z</time></rtept><rtept lat="38.28086" lon="-106.427736"><ele>3464.4</ele><time>2026-04-10T15:15:03Z</time></rtept><rtept lat="38.280775" lon="-106.428016"><ele>3463.4</ele><time>2026-04-10T15:15:03Z</time></rtept><rtept lat="38.280688" lon="-106.428129"><ele>3462.0</ele><time>2026-04-10T15:15:03Z</time></rtept><rtept lat="38.280518" lon="-106.428833"><ele>3461.4</ele><time>2026-04-10T15:15:03Z</time></rtept><rtept lat="38.28043" lon="-106.428996"><ele>3460.8</ele><time>2026-04-10T15:15:03Z</time></rtept><rtept lat="38.280359" lon="-106.42928"><ele>3460.4</ele><time>2026-04-10T15:15:03Z</time></rtept><rtept lat="38.280101" lon="-106.429703"><ele>3459.0</ele><time>2026-04-10T15:15:03Z</time></rtept><rtept lat="38.280057" lon="-106.430044"><ele>3458.4</ele><time>2026-04-10T15:15:03Z</time></rtept><rtept lat="38.280001" lon="-106.430163"><ele>3457.8</ele><time>2026-04-10T15:15:03Z</time></rtept><rtept lat="38.280115" lon="-106.430454"><ele>3457.4</ele><time>2026-04-10T15:15:03Z</time></rtept><rtept lat="38.280104" lon="-106.430558"><ele>3457.2</ele><time>2026-04-10T15:15:03Z</time></rtept><rtept lat="38.280248" lon="-106.43102"><ele>3456.0</ele><time>2026-04-10T15:15:03Z</time></rtept><rtept lat="38.280238" lon="-106.431399"><ele>3455.0</ele><time>2026-04-10T15:15:03Z</time></rtept><rtept lat="38.280487" lon="-106.432029"><ele>3452.0</ele><time>2026-04-10T15:15:03Z</time></rtept><rtept lat="38.280424" lon="-106.432823"><ele>3446.2</ele><time>2026-04-10T15:15:03Z</time></rtept><rtept lat="38.28051" lon="-106.433105"><ele>3446.2</ele><time>2026-04-10T15:15:03Z</time></rtept><rtept lat="38.280659" lon="-106.434187"><ele>3445.4</ele><time>2026-04-10T15:15:03Z</time></rtept><rtept lat="38.281032" lon="-106.435022"><ele>3452.0</ele><time>2026-04-10T15:15:03Z</time></rtept><rtept lat="38.281499" lon="-106.435571"><ele>3462.6</ele><time>2026-04-10T15:15:03Z</time></rtept><rtept lat="38.281768" lon="-106.436027"><ele>3467.2</ele><time>2026-04-10T15:15:03Z</time></rtept><rtept lat="38.281815" lon="-106.436246"><ele>3468.6</ele><time>2026-04-10T15:15:03Z</time></rtept><rtept lat="38.282097" lon="-106.436343"><ele>3470.6</ele><time>2026-04-10T15:15:03Z</time></rtept><rtept lat="38.282204" lon="-106.4365"><ele>3472.2</ele><time>2026-04-10T15:15:03Z</time></rtept><rtept lat="38.282574" lon="-106.436766"><ele>3475.6</ele><time>2026-04-10T15:15:03Z</time></rtept><rtept lat="38.282893" lon="-106.437215"><ele>3477.8</ele><time>2026-04-10T15:15:03Z</time></rtept><rtept lat="38.282963" lon="-106.437395"><ele>3477.6</ele><time>2026-04-10T15:15:03Z</time></rtept><rtept lat="38.283567" lon="-106.437738"><ele>3470.4</ele><time>2026-04-10T15:15:03Z</time></rtept><rtept lat="38.284027" lon="-106.438092"><ele>3464.6</ele><time>2026-04-10T15:15:03Z</time></rtept><rtept lat="38.284178" lon="-106.438268"><ele>3463.0</ele><time>2026-04-10T15:15:03Z</time></rtept><rtept lat="38.284358" lon="-106.438286"><ele>3461.2</ele><time>2026-04-10T15:15:03Z</time></rtept><rtept lat="38.284585" lon="-106.4385"><ele>3458.8</ele><time>2026-04-10T15:15:03Z</time></rtept><rtept lat="38.284841" lon="-106.438581"><ele>3456.8</ele><time>2026-04-10T15:15:03Z</time></rtept><rtept lat="38.284939" lon="-106.438677"><ele>3456.0</ele><time>2026-04-10T15:15:03Z</time></rtept><rtept lat="38.285026" lon="-106.43895"><ele>3454.2</ele><time>2026-04-10T15:15:03Z</time></rtept><rtept lat="38.285192" lon="-106.439034"><ele>3453.2</ele><time>2026-04-10T15:15:03Z</time></rtept><rtept lat="38.285694" lon="-106.439615"><ele>3447.2</ele><time>2026-04-10T15:15:03Z</time></rtept><rtept lat="38.28607" lon="-106.439764"><ele>3445.0</ele><time>2026-04-10T15:15:03Z</time></rtept><rtept lat="38.286504" lon="-106.440025"><ele>3443.2</ele><time>2026-04-10T15:15:03Z</time></rtept><rtept lat="38.286953" lon="-106.44018"><ele>3443.0</ele><time>2026-04-10T15:15:03Z</time></rtept><rtept lat="38.28731" lon="-106.440478"><ele>3443.4</ele><time>2026-04-10T15:15:03Z</time></rtept><rtept lat="38.287534" lon="-106.440541"><ele>3444.4</ele><time>2026-04-10T15:15:03Z</time></rtept><rtept lat="38.287871" lon="-106.440974"><ele>3447.0</ele><time>2026-04-10T15:15:03Z</time></rtept><rtept lat="38.288027" lon="-106.441107"><ele>3448.4</ele><time>2026-04-10T15:15:03Z</time></rtept><rtept lat="38.288291" lon="-106.441627"><ele>3451.8</ele><time>2026-04-10T15:15:03Z</time></rtept><rtept lat="38.288394" lon="-106.441676"><ele>3453.4</ele><time>2026-04-10T15:15:03Z</time></rtept><rtept lat="38.288607" lon="-106.441633"><ele>3455.4</ele><time>2026-04-10T15:15:03Z</time></rtept><rtept lat="38.288824" lon="-106.441958"><ele>3458.4</ele><time>2026-04-10T15:15:03Z</time></rtept><rtept lat="38.288932" lon="-106.442261"><ele>3461.4</ele><time>2026-04-10T15:15:03Z</time></rtept><rtept lat="38.288884" lon="-106.442922"><ele>3457.6</ele><time>2026-04-10T15:15:03Z</time></rtept><rtept lat="38.288992" lon="-106.443247"><ele>3455.8</ele><time>2026-04-10T15:15:03Z</time></rtept><rtept lat="38.289179" lon="-106.443493"><ele>3456.0</ele><time>2026-04-10T15:15:03Z</time></rtept><rtept lat="38.289177" lon="-106.443668"><ele>3455.2</ele><time>2026-04-10T15:15:03Z</time></rtept><rtept lat="38.289281" lon="-106.443982"><ele>3454.2</ele><time>2026-04-10T15:15:03Z</time></rtept><rtept lat="38.289305" lon="-106.444229"><ele>3452.6</ele><time>2026-04-10T15:15:03Z</time></rtept><rtept lat="38.289415" lon="-106.444397"><ele>3452.4</ele><time>2026-04-10T15:15:03Z</time></rtept><rtept lat="38.28951" lon="-106.445093"><ele>3446.8</ele><time>2026-04-10T15:15:03Z</time></rtept><rtept lat="38.289718" lon="-106.445415"><ele>3446.8</ele><time>2026-04-10T15:15:03Z</time></rtept><rtept lat="38.289755" lon="-106.445699"><ele>3444.8</ele><time>2026-04-10T15:15:03Z</time></rtept><rtept lat="38.289867" lon="-106.445768"><ele>3444.2</ele><time>2026-04-10T15:15:03Z</time></rtept><rtept lat="38.289973" lon="-106.445934"><ele>3443.4</ele><time>2026-04-10T15:15:03Z</time></rtept><rtept lat="38.290182" lon="-106.446528"><ele>3440.0</ele><time>2026-04-10T15:15:03Z</time></rtept><rtept lat="38.29057" lon="-106.446859"><ele>3437.4</ele><time>2026-04-10T15:15:03Z</time></rtept><rtept lat="38.290981" lon="-106.447118"><ele>3435.2</ele><time>2026-04-10T15:15:03Z</time></rtept><rtept lat="38.291159" lon="-106.447355"><ele>3433.6</ele><time>2026-04-10T15:15:03Z</time></rtept><rtept lat="38.291324" lon="-106.447456"><ele>3433.0</ele><time>2026-04-10T15:15:03Z</time></rtept><rtept lat="38.291416" lon="-106.447674"><ele>3431.8</ele><time>2026-04-10T15:15:03Z</time></rtept><rtept lat="38.291519" lon="-106.447728"><ele>3431.6</ele><time>2026-04-10T15:15:03Z</time></rtept><rtept lat="38.291571" lon="-106.447869"><ele>3430.8</ele><time>2026-04-10T15:15:03Z</time></rtept><rtept lat="38.291661" lon="-106.44792"><ele>3430.2</ele><time>2026-04-10T15:15:03Z</time></rtept><rtept lat="38.291815" lon="-106.448227"><ele>3428.6</ele><time>2026-04-10T15:15:03Z</time></rtept><rtept lat="38.291988" lon="-106.448421"><ele>3427.6</ele><time>2026-04-10T15:15:03Z</time></rtept><rtept lat="38.292874" lon="-106.44889"><ele>3425.4</ele><time>2026-04-10T15:15:03Z</time></rtept><rtept lat="38.293046" lon="-106.448896"><ele>3426.2</ele><time>2026-04-10T15:15:03Z</time></rtept><rtept lat="38.293162" lon="-106.448963"><ele>3426.8</ele><time>2026-04-10T15:15:03Z</time></rtept><rtept lat="38.293241" lon="-106.449157"><ele>3429.0</ele><time>2026-04-10T15:15:03Z</time></rtept><rtept lat="38.293173" lon="-106.449494"><ele>3432.2</ele><time>2026-04-10T15:15:03Z</time></rtept><rtept lat="38.293192" lon="-106.449843"><ele>3435.4</ele><time>2026-04-10T15:15:03Z</time></rtept><rtept lat="38.293258" lon="-106.449963"><ele>3436.8</ele><time>2026-04-10T15:15:03Z</time></rtept><rtept lat="38.293277" lon="-106.450219"><ele>3438.8</ele><time>2026-04-10T15:15:03Z</time></rtept><rtept lat="38.293406" lon="-106.450391"><ele>3441.2</ele><time>2026-04-10T15:15:03Z</time></rtept><rtept lat="38.293961" lon="-106.450651"><ele>3447.0</ele><time>2026-04-10T15:15:03Z</time></rtept><rtept lat="38.295124" lon="-106.451019"><ele>3455.4</ele><time>2026-04-10T15:15:03Z</time></rtept><rtept lat="38.295293" lon="-106.451146"><ele>3455.8</ele><time>2026-04-10T15:15:03Z</time></rtept><rtept lat="38.295906" lon="-106.451177"><ele>3457.6</ele><time>2026-04-10T15:15:03Z</time></rtept><rtept lat="38.296397" lon="-106.451565"><ele>3458.0</ele><time>2026-04-10T15:15:03Z</time></rtept><rtept lat="38.296718" lon="-106.452169"><ele>3457.4</ele><time>2026-04-10T15:15:03Z</time></rtept><rtept lat="38.296764" lon="-106.452434"><ele>3457.0</ele><time>2026-04-10T15:15:03Z</time></rtept><rtept lat="38.297259" lon="-106.453222"><ele>3453.0</ele><time>2026-04-10T15:15:03Z</time></rtept><rtept lat="38.297331" lon="-106.453608"><ele>3449.6</ele><time>2026-04-10T15:15:03Z</time></rtept><rtept lat="38.297449" lon="-106.453916"><ele>3447.2</ele><time>2026-04-10T15:15:03Z</time></rtept><rtept lat="38.297706" lon="-106.454287"><ele>3444.4</ele><time>2026-04-10T15:15:03Z</time></rtept><rtept lat="38.298033" lon="-106.454449"><ele>3442.2</ele><time>2026-04-10T15:15:03Z</time></rtept><rtept lat="38.298269" lon="-106.454659"><ele>3440.4</ele><time>2026-04-10T15:15:03Z</time></rtept><rtept lat="38.298428" lon="-106.455273"><ele>3436.2</ele><time>2026-04-10T15:15:03Z</time></rtept><rtept lat="38.298606" lon="-106.455428"><ele>3434.8</ele><time>2026-04-10T15:15:03Z</time></rtept><rtept lat="38.298672" lon="-106.45555"><ele>3434.0</ele><time>2026-04-10T15:15:03Z</time></rtept><rtept lat="38.298829" lon="-106.455643"><ele>3432.6</ele><time>2026-04-10T15:15:03Z</time></rtept><rtept lat="38.298836" lon="-106.455759"><ele>3432.4</ele><time>2026-04-10T15:15:03Z</time></rtept><rtept lat="38.298973" lon="-106.455985"><ele>3431.2</ele><time>2026-04-10T15:15:03Z</time></rtept><rtept lat="38.299064" lon="-106.45627"><ele>3430.4</ele><time>2026-04-10T15:15:03Z</time></rtept><rtept lat="38.299233" lon="-106.456483"><ele>3428.6</ele><time>2026-04-10T15:15:03Z</time></rtept><rtept lat="38.299359" lon="-106.456855"><ele>3426.6</ele><time>2026-04-10T15:15:03Z</time></rtept><rtept lat="38.299493" lon="-106.456938"><ele>3425.6</ele><time>2026-04-10T15:15:03Z</time></rtept><rtept lat="38.299773" lon="-106.457261"><ele>3423.0</ele><time>2026-04-10T15:15:03Z</time></rtept><rtept lat="38.300179" lon="-106.457561"><ele>3421.8</ele><time>2026-04-10T15:15:03Z</time></rtept><rtept lat="38.300181" lon="-106.457767"><ele>3422.2</ele><time>2026-04-10T15:15:03Z</time></rtept><rtept lat="38.300306" lon="-106.457909"><ele>3422.4</ele><time>2026-04-10T15:15:03Z</time></rtept><rtept lat="38.300317" lon="-106.458044"><ele>3422.4</ele><time>2026-04-10T15:15:03Z</time></rtept><rtept lat="38.300424" lon="-106.458147"><ele>3422.4</ele><time>2026-04-10T15:15:03Z</time></rtept><rtept lat="38.300787" lon="-106.458305"><ele>3422.6</ele><time>2026-04-10T15:15:03Z</time></rtept><rtept lat="38.301333" lon="-106.458288"><ele>3423.0</ele><time>2026-04-10T15:15:03Z</time></rtept><rtept lat="38.301482" lon="-106.458211"><ele>3422.8</ele><time>2026-04-10T15:15:03Z</time></rtept><rtept lat="38.301612" lon="-106.458318"><ele>3423.0</ele><time>2026-04-10T15:15:03Z</time></rtept><rtept lat="38.301995" lon="-106.458329"><ele>3422.6</ele><time>2026-04-10T15:15:03Z</time></rtept><rtept lat="38.302367" lon="-106.458482"><ele>3423.2</ele><time>2026-04-10T15:15:03Z</time></rtept><rtept lat="38.302687" lon="-106.458842"><ele>3423.8</ele><time>2026-04-10T15:15:03Z</time></rtept><rtept lat="38.303053" lon="-106.459424"><ele>3424.2</ele><time>2026-04-10T15:15:03Z</time></rtept><rtept lat="38.303276" lon="-106.459615"><ele>3424.2</ele><time>2026-04-10T15:15:03Z</time></rtept><rtept lat="38.303608" lon="-106.459788"><ele>3424.8</ele><time>2026-04-10T15:15:03Z</time></rtept><rtept lat="38.303802" lon="-106.460125"><ele>3426.8</ele><time>2026-04-10T15:15:03Z</time></rtept><rtept lat="38.304073" lon="-106.460362"><ele>3429.4</ele><time>2026-04-10T15:15:03Z</time></rtept><rtept lat="38.304302" lon="-106.460474"><ele>3431.4</ele><time>2026-04-10T15:15:03Z</time></rtept><rtept lat="38.304515" lon="-106.460698"><ele>3433.8</ele><time>2026-04-10T15:15:03Z</time></rtept><rtept lat="38.304633" lon="-106.461018"><ele>3435.6</ele><time>2026-04-10T15:15:03Z</time></rtept><rtept lat="38.304759" lon="-106.461045"><ele>3437.0</ele><time>2026-04-10T15:15:03Z</time></rtept><rtept lat="38.304818" lon="-106.460988"><ele>3437.2</ele><time>2026-04-10T15:15:03Z</time></rtept><rtept lat="38.305085" lon="-106.461281"><ele>3440.2</ele><time>2026-04-10T15:15:03Z</time></rtept><rtept lat="38.305485" lon="-106.461381"><ele>3444.6</ele><time>2026-04-10T15:15:03Z</time></rtept><rtept lat="38.305595" lon="-106.461568"><ele>3445.6</ele><time>2026-04-10T15:15:03Z</time></rtept><rtept lat="38.30576" lon="-106.461698"><ele>3446.8</ele><time>2026-04-10T15:15:03Z</time></rtept><rtept lat="38.306268" lon="-106.461773"><ele>3452.2</ele><time>2026-04-10T15:15:03Z</time></rtept><rtept lat="38.306319" lon="-106.461685"><ele>3453.4</ele><time>2026-04-10T15:15:03Z</time></rtept><rtept lat="38.306586" lon="-106.461587"><ele>3457.0</ele><time>2026-04-10T15:15:03Z</time></rtept><rtept lat="38.306865" lon="-106.461648"><ele>3460.6</ele><time>2026-04-10T15:15:03Z</time></rtept><rtept lat="38.306961" lon="-106.461504"><ele>3462.0</ele><time>2026-04-10T15:15:03Z</time></rtept><rtept lat="38.30706" lon="-106.461491"><ele>3463.8</ele><time>2026-04-10T15:15:03Z</time></rtept><rtept lat="38.307094" lon="-106.46134"><ele>3464.0</ele><time>2026-04-10T15:15:03Z</time></rtept><rtept lat="38.307171" lon="-106.461328"><ele>3464.6</ele><time>2026-04-10T15:15:03Z</time></rtept><rtept lat="38.307215" lon="-106.461378"><ele>3465.2</ele><time>2026-04-10T15:15:03Z</time></rtept><rtept lat="38.307387" lon="-106.461323"><ele>3466.6</ele><time>2026-04-10T15:15:03Z</time></rtept><rtept lat="38.307529" lon="-106.461144"><ele>3467.6</ele><time>2026-04-10T15:15:03Z</time></rtept><rtept lat="38.307642" lon="-106.461122"><ele>3468.0</ele><time>2026-04-10T15:15:03Z</time></rtept><rtept lat="38.307981" lon="-106.461347"><ele>3469.2</ele><time>2026-04-10T15:15:03Z</time></rtept><rtept lat="38.308034" lon="-106.461478"><ele>3469.0</ele><time>2026-04-10T15:15:03Z</time></rtept><rtept lat="38.30815" lon="-106.461579"><ele>3469.0</ele><time>2026-04-10T15:15:03Z</time></rtept><rtept lat="38.308321" lon="-106.461974"><ele>3467.8</ele><time>2026-04-10T15:15:03Z</time></rtept><rtept lat="38.308513" lon="-106.46206"><ele>3467.4</ele><time>2026-04-10T15:15:03Z</time></rtept><rtept lat="38.308593" lon="-106.462158"><ele>3466.8</ele><time>2026-04-10T15:15:03Z</time></rtept><rtept lat="38.308916" lon="-106.462294"><ele>3467.2</ele><time>2026-04-10T15:15:03Z</time></rtept><rtept lat="38.309147" lon="-106.462228"><ele>3467.6</ele><time>2026-04-10T15:15:03Z</time></rtept><rtept lat="38.309213" lon="-106.462304"><ele>3467.8</ele><time>2026-04-10T15:15:03Z</time></rtept><rtept lat="38.309578" lon="-106.462349"><ele>3468.2</ele><time>2026-04-10T15:15:03Z</time></rtept><rtept lat="38.309941" lon="-106.462464"><ele>3468.8</ele><time>2026-04-10T15:15:03Z</time></rtept><rtept lat="38.31024" lon="-106.46266"><ele>3474.2</ele><time>2026-04-10T15:15:03Z</time></rtept><rtept lat="38.310457" lon="-106.462601"><ele>3476.4</ele><time>2026-04-10T15:15:03Z</time></rtept><rtept lat="38.310876" lon="-106.46267"><ele>3480.6</ele><time>2026-04-10T15:15:03Z</time></rtept><rtept lat="38.311151" lon="-106.462618"><ele>3483.6</ele><time>2026-04-10T15:15:03Z</time></rtept><rtept lat="38.311277" lon="-106.462686"><ele>3486.0</ele><time>2026-04-10T15:15:03Z</time></rtept><rtept lat="38.311866" lon="-106.462759"><ele>3490.8</ele><time>2026-04-10T15:15:03Z</time></rtept><rtept lat="38.31213" lon="-106.46293"><ele>3492.6</ele><time>2026-04-10T15:15:03Z</time></rtept><rtept lat="38.312342" lon="-106.462925"><ele>3493.0</ele><time>2026-04-10T15:15:03Z</time></rtept><rtept lat="38.312514" lon="-106.463207"><ele>3495.4</ele><time>2026-04-10T15:15:03Z</time></rtept><rtept lat="38.312524" lon="-106.463466"><ele>3496.4</ele><time>2026-04-10T15:15:03Z</time></rtept><rtept lat="38.312581" lon="-106.4636"><ele>3497.2</ele><time>2026-04-10T15:15:03Z</time></rtept><rtept lat="38.312926" lon="-106.464104"><ele>3501.2</ele><time>2026-04-10T15:15:03Z</time></rtept><rtept lat="38.313131" lon="-106.464676"><ele>3504.2</ele><time>2026-04-10T15:15:03Z</time></rtept><rtept lat="38.313318" lon="-106.46484"><ele>3505.8</ele><time>2026-04-10T15:15:03Z</time></rtept><rtept lat="38.313441" lon="-106.46506"><ele>3506.8</ele><time>2026-04-10T15:15:03Z</time></rtept><rtept lat="38.313441" lon="-106.46506"><ele>3506.8</ele><time>2026-04-10T15:15:03Z</time></rtept><rtept lat="38.313626" lon="-106.465393"><ele>3508.8</ele><time>2026-04-10T15:15:03Z</time></rtept><rtept lat="38.313696" lon="-106.465744"><ele>3510.8</ele><time>2026-04-10T15:15:03Z</time></rtept><rtept lat="38.313655" lon="-106.466026"><ele>3513.4</ele><time>2026-04-10T15:15:03Z</time></rtept><rtept lat="38.31354" lon="-106.466207"><ele>3516.0</ele><time>2026-04-10T15:15:03Z</time></rtept><rtept lat="38.313221" lon="-106.466462"><ele>3518.8</ele><time>2026-04-10T15:15:03Z</time></rtept><rtept lat="38.312995" lon="-106.46686"><ele>3522.8</ele><time>2026-04-10T15:15:03Z</time></rtept><rtept lat="38.312932" lon="-106.467206"><ele>3529.0</ele><time>2026-04-10T15:15:03Z</time></rtept><rtept lat="38.312716" lon="-106.46756"><ele>3532.6</ele><time>2026-04-10T15:15:03Z</time></rtept><rtept lat="38.312476" lon="-106.468418"><ele>3544.2</ele><time>2026-04-10T15:15:03Z</time></rtept><rtept lat="38.312304" lon="-106.468795"><ele>3550.4</ele><time>2026-04-10T15:15:03Z</time></rtept><rtept lat="38.312214" lon="-106.469127"><ele>3554.2</ele><time>2026-04-10T15:15:03Z</time></rtept><rtept lat="38.312241" lon="-106.469175"><ele>3555.2</ele><time>2026-04-10T15:15:03Z</time></rtept><rtept lat="38.312467" lon="-106.469115"><ele>3558.2</ele><time>2026-04-10T15:15:03Z</time></rtept><rtept lat="38.313161" lon="-106.46911"><ele>3569.0</ele><time>2026-04-10T15:15:03Z</time></rtept><rtept lat="38.313258" lon="-106.469246"><ele>3571.4</ele><time>2026-04-10T15:15:03Z</time></rtept><rtept lat="38.313504" lon="-106.469435"><ele>3574.8</ele><time>2026-04-10T15:15:03Z</time></rtept><rtept lat="38.313493" lon="-106.469558"><ele>3576.2</ele><time>2026-04-10T15:15:03Z</time></rtept><rtept lat="38.313304" lon="-106.469942"><ele>3579.2</ele><time>2026-04-10T15:15:03Z</time></rtept><rtept lat="38.313379" lon="-106.470403"><ele>3585.4</ele><time>2026-04-10T15:15:03Z</time></rtept><rtept lat="38.313704" lon="-106.471035"><ele>3588.0</ele><time>2026-04-10T15:15:03Z</time></rtept><rtept lat="38.313926" lon="-106.472074"><ele>3588.4</ele><time>2026-04-10T15:15:03Z</time></rtept><rtept lat="38.314218" lon="-106.472504"><ele>3586.2</ele><time>2026-04-10T15:15:03Z</time></rtept><rtept lat="38.314246" lon="-106.472716"><ele>3586.0</ele><time>2026-04-10T15:15:03Z</time></rtept><rtept lat="38.314344" lon="-106.472854"><ele>3585.2</ele><time>2026-04-10T15:15:03Z</time></rtept><rtept lat="38.314308" lon="-106.473226"><ele>3584.8</ele><time>2026-04-10T15:15:03Z</time></rtept><rtept lat="38.314391" lon="-106.473799"><ele>3580.8</ele><time>2026-04-10T15:15:03Z</time></rtept><rtept lat="38.314723" lon="-106.474563"><ele>3575.2</ele><time>2026-04-10T15:15:03Z</time></rtept><rtept lat="38.314839" lon="-106.47508"><ele>3572.4</ele><time>2026-04-10T15:15:03Z</time></rtept><rtept lat="38.315003" lon="-106.475249"><ele>3571.8</ele><time>2026-04-10T15:15:03Z</time></rtept><rtept lat="38.315292" lon="-106.47596"><ele>3566.6</ele><time>2026-04-10T15:15:03Z</time></rtept><rtept lat="38.315447" lon="-106.476518"><ele>3564.0</ele><time>2026-04-10T15:15:03Z</time></rtept><rtept lat="38.315831" lon="-106.477497"><ele>3563.0</ele><time>2026-04-10T15:15:03Z</time></rtept><rtept lat="38.315912" lon="-106.478195"><ele>3559.0</ele><time>2026-04-10T15:15:03Z</time></rtept><rtept lat="38.315978" lon="-106.478352"><ele>3558.4</ele><time>2026-04-10T15:15:03Z</time></rtept><rtept lat="38.316216" lon="-106.479483"><ele>3553.8</ele><time>2026-04-10T15:15:03Z</time></rtept><rtept lat="38.316281" lon="-106.480384"><ele>3549.2</ele><time>2026-04-10T15:15:03Z</time></rtept><rtept lat="38.315858" lon="-106.482515"><ele>3534.4</ele><time>2026-04-10T15:15:03Z</time></rtept><rtept lat="38.315879" lon="-106.483003"><ele>3531.2</ele><time>2026-04-10T15:15:03Z</time></rtept><rtept lat="38.315842" lon="-106.483082"><ele>3530.0</ele><time>2026-04-10T15:15:03Z</time></rtept><rtept lat="38.315899" lon="-106.483208"><ele>3528.8</ele><time>2026-04-10T15:15:03Z</time></rtept><rtept lat="38.315875" lon="-106.483327"><ele>3528.0</ele><time>2026-04-10T15:15:03Z</time></rtept><rtept lat="38.316007" lon="-106.483561"><ele>3526.0</ele><time>2026-04-10T15:15:03Z</time></rtept><rtept lat="38.315897" lon="-106.484058"><ele>3520.4</ele><time>2026-04-10T15:15:03Z</time></rtept><rtept lat="38.316013" lon="-106.484495"><ele>3516.2</ele><time>2026-04-10T15:15:03Z</time></rtept><rtept lat="38.316024" lon="-106.484686"><ele>3514.6</ele><time>2026-04-10T15:15:03Z</time></rtept><rtept lat="38.315982" lon="-106.484791"><ele>3513.6</ele><time>2026-04-10T15:15:03Z</time></rtept><rtept lat="38.316116" lon="-106.485237"><ele>3510.2</ele><time>2026-04-10T15:15:03Z</time></rtept><rtept lat="38.316098" lon="-106.485919"><ele>3505.8</ele><time>2026-04-10T15:15:03Z</time></rtept><rtept lat="38.316249" lon="-106.486098"><ele>3504.6</ele><time>2026-04-10T15:15:03Z</time></rtept><rtept lat="38.316279" lon="-106.486271"><ele>3503.6</ele><time>2026-04-10T15:15:03Z</time></rtept><rtept lat="38.316298" lon="-106.486878"><ele>3499.6</ele><time>2026-04-10T15:15:03Z</time></rtept><rtept lat="38.316248" lon="-106.486899"><ele>3499.8</ele><time>2026-04-10T15:15:03Z</time></rtept><rtept lat="38.316296" lon="-106.487011"><ele>3499.2</ele><time>2026-04-10T15:15:03Z</time></rtept><rtept lat="38.316268" lon="-106.487092"><ele>3498.8</ele><time>2026-04-10T15:15:03Z</time></rtept><rtept lat="38.316311" lon="-106.487302"><ele>3497.4</ele><time>2026-04-10T15:15:03Z</time></rtept><rtept lat="38.316498" lon="-106.487813"><ele>3493.6</ele><time>2026-04-10T15:15:03Z</time></rtept><rtept lat="38.316738" lon="-106.488086"><ele>3491.8</ele><time>2026-04-10T15:15:03Z</time></rtept><rtept lat="38.316834" lon="-106.488291"><ele>3491.0</ele><time>2026-04-10T15:15:03Z</time></rtept><rtept lat="38.316887" lon="-106.488767"><ele>3488.2</ele><time>2026-04-10T15:15:03Z</time></rtept><rtept lat="38.316884" lon="-106.489023"><ele>3486.4</ele><time>2026-04-10T15:15:03Z</time></rtept><rtept lat="38.3168" lon="-106.489201"><ele>3485.6</ele><time>2026-04-10T15:15:03Z</time></rtept><rtept lat="38.316759" lon="-106.4896"><ele>3484.4</ele><time>2026-04-10T15:15:03Z</time></rtept><rtept lat="38.31687" lon="-106.490073"><ele>3483.0</ele><time>2026-04-10T15:15:03Z</time></rtept><rtept lat="38.316718" lon="-106.490389"><ele>3483.2</ele><time>2026-04-10T15:15:03Z</time></rtept><rtept lat="38.316659" lon="-106.490725"><ele>3483.2</ele><time>2026-04-10T15:15:03Z</time></rtept><rtept lat="38.316539" lon="-106.490938"><ele>3483.6</ele><time>2026-04-10T15:15:03Z</time></rtept><rtept lat="38.316333" lon="-106.491535"><ele>3485.0</ele><time>2026-04-10T15:15:03Z</time></rtept><rtept lat="38.316284" lon="-106.491868"><ele>3486.4</ele><time>2026-04-10T15:15:03Z</time></rtept><rtept lat="38.316178" lon="-106.492075"><ele>3486.8</ele><time>2026-04-10T15:15:03Z</time></rtept><rtept lat="38.316212" lon="-106.49257"><ele>3489.8</ele><time>2026-04-10T15:15:03Z</time></rtept><rtept lat="38.315987" lon="-106.493268"><ele>3494.4</ele><time>2026-04-10T15:15:03Z</time></rtept><rtept lat="38.315969" lon="-106.493641"><ele>3497.8</ele><time>2026-04-10T15:15:03Z</time></rtept><rtept lat="38.315907" lon="-106.49388"><ele>3500.4</ele><time>2026-04-10T15:15:03Z</time></rtept><rtept lat="38.31596" lon="-106.494288"><ele>3502.8</ele><time>2026-04-10T15:15:03Z</time></rtept><rtept lat="38.31592" lon="-106.494638"><ele>3504.0</ele><time>2026-04-10T15:15:03Z</time></rtept><rtept lat="38.315683" lon="-106.495171"><ele>3505.6</ele><time>2026-04-10T15:15:03Z</time></rtept><rtept lat="38.315665" lon="-106.495509"><ele>3506.0</ele><time>2026-04-10T15:15:03Z</time></rtept><rtept lat="38.315557" lon="-106.495901"><ele>3506.8</ele><time>2026-04-10T15:15:03Z</time></rtept><rtept lat="38.315294" lon="-106.496346"><ele>3509.4</ele><time>2026-04-10T15:15:03Z</time></rtept><rtept lat="38.315212" lon="-106.496793"><ele>3511.8</ele><time>2026-04-10T15:15:03Z</time></rtept><rtept lat="38.314997" lon="-106.497044"><ele>3514.6</ele><time>2026-04-10T15:15:03Z</time></rtept><rtept lat="38.314976" lon="-106.497665"><ele>3521.8</ele><time>2026-04-10T15:15:03Z</time></rtept><rtept lat="38.315089" lon="-106.497971"><ele>3524.4</ele><time>2026-04-10T15:15:03Z</time></rtept><rtept lat="38.314978" lon="-106.498566"><ele>3532.0</ele><time>2026-04-10T15:15:03Z</time></rtept><rtept lat="38.314999" lon="-106.498682"><ele>3532.0</ele><time>2026-04-10T15:15:03Z</time></rtept><rtept lat="38.314858" lon="-106.499105"><ele>3538.0</ele><time>2026-04-10T15:15:03Z</time></rtept><rtept lat="38.314872" lon="-106.499393"><ele>3538.8</ele><time>2026-04-10T15:15:03Z</time></rtept><rtept lat="38.314747" lon="-106.499667"><ele>3543.0</ele><time>2026-04-10T15:15:03Z</time></rtept><rtept lat="38.314781" lon="-106.499829"><ele>3544.0</ele><time>2026-04-10T15:15:03Z</time></rtept><rtept lat="38.314684" lon="-106.50002"><ele>3547.8</ele><time>2026-04-10T15:15:03Z</time></rtept><rtept lat="38.31466" lon="-106.500875"><ele>3554.2</ele><time>2026-04-10T15:15:03Z</time></rtept><rtept lat="38.314739" lon="-106.501018"><ele>3554.2</ele><time>2026-04-10T15:15:03Z</time></rtept><rtept lat="38.314924" lon="-106.501675"><ele>3555.6</ele><time>2026-04-10T15:15:03Z</time></rtept><rtept lat="38.315272" lon="-106.502356"><ele>3561.6</ele><time>2026-04-10T15:15:03Z</time></rtept><rtept lat="38.315368" lon="-106.503289"><ele>3562.2</ele><time>2026-04-10T15:15:03Z</time></rtept><rtept lat="38.315229" lon="-106.503548"><ele>3562.2</ele><time>2026-04-10T15:15:03Z</time></rtept><rtept lat="38.314567" lon="-106.504215"><ele>3559.6</ele><time>2026-04-10T15:15:03Z</time></rtept><rtept lat="38.314304" lon="-106.504707"><ele>3560.0</ele><time>2026-04-10T15:15:03Z</time></rtept><rtept lat="38.313884" lon="-106.505126"><ele>3557.8</ele><time>2026-04-10T15:15:03Z</time></rtept><rtept lat="38.313865" lon="-106.505568"><ele>3557.4</ele><time>2026-04-10T15:15:03Z</time></rtept><rtept lat="38.314134" lon="-106.505587"><ele>3560.4</ele><time>2026-04-10T15:15:03Z</time></rtept><rtept lat="38.314404" lon="-106.505606"><ele>3562.0</ele><time>2026-04-10T15:15:03Z</time></rtept><rtept lat="38.314557" lon="-106.505617"><ele>3562.2</ele><time>2026-04-10T15:15:03Z</time></rtept><rtept lat="38.314557" lon="-106.505617"><ele>3562.2</ele><time>2026-04-10T15:15:03Z</time></rtept><rtept lat="38.314288" lon="-106.505598"><ele>3561.4</ele><time>2026-04-10T15:15:03Z</time></rtept><rtept lat="38.314018" lon="-106.505579"><ele>3559.4</ele><time>2026-04-10T15:15:03Z</time></rtept><rtept lat="38.313865" lon="-106.505568"><ele>3557.4</ele><time>2026-04-10T15:15:03Z</time></rtept><rtept lat="38.313839" lon="-106.506162"><ele>3551.2</ele><time>2026-04-10T15:15:03Z</time></rtept><rtept lat="38.31389" lon="-106.50642"><ele>3549.2</ele><time>2026-04-10T15:15:03Z</time></rtept><rtept lat="38.314048" lon="-106.50675"><ele>3545.4</ele><time>2026-04-10T15:15:03Z</time></rtept><rtept lat="38.314068" lon="-106.506955"><ele>3542.0</ele><time>2026-04-10T15:15:03Z</time></rtept><rtept lat="38.314044" lon="-106.50709"><ele>3538.0</ele><time>2026-04-10T15:15:03Z</time></rtept><rtept lat="38.313724" lon="-106.507424"><ele>3531.0</ele><time>2026-04-10T15:15:03Z</time></rtept><rtept lat="38.313972" lon="-106.507733"><ele>3525.6</ele><time>2026-04-10T15:15:03Z</time></rtept><rtept lat="38.314232" lon="-106.507908"><ele>3523.2</ele><time>2026-04-10T15:15:03Z</time></rtept><rtept lat="38.314892" lon="-106.508768"><ele>3511.4</ele><time>2026-04-10T15:15:03Z</time></rtept><rtept lat="38.315055" lon="-106.509065"><ele>3508.4</ele><time>2026-04-10T15:15:03Z</time></rtept><rtept lat="38.315438" lon="-106.509414"><ele>3504.8</ele><time>2026-04-10T15:15:03Z</time></rtept><rtept lat="38.3158" lon="-106.509649"><ele>3502.4</ele><time>2026-04-10T15:15:03Z</time></rtept><rtept lat="38.31617" lon="-106.509909"><ele>3498.6</ele><time>2026-04-10T15:15:03Z</time></rtept><rtept lat="38.316354" lon="-106.509976"><ele>3496.0</ele><time>2026-04-10T15:15:03Z</time></rtept><rtept lat="38.316671" lon="-106.509844"><ele>3494.4</ele><time>2026-04-10T15:15:03Z</time></rtept><rtept lat="38.316734" lon="-106.509899"><ele>3493.0</ele><time>2026-04-10T15:15:03Z</time></rtept><rtept lat="38.316783" lon="-106.510617"><ele>3485.8</ele><time>2026-04-10T15:15:03Z</time></rtept><rtept lat="38.316712" lon="-106.510915"><ele>3483.2</ele><time>2026-04-10T15:15:03Z</time></rtept><rtept lat="38.316719" lon="-106.511054"><ele>3482.2</ele><time>2026-04-10T15:15:03Z</time></rtept><rtept lat="38.317041" lon="-106.511913"><ele>3471.0</ele><time>2026-04-10T15:15:03Z</time></rtept><rtept lat="38.317105" lon="-106.512189"><ele>3468.4</ele><time>2026-04-10T15:15:03Z</time></rtept><rtept lat="38.317005" lon="-106.512269"><ele>3468.6</ele><time>2026-04-10T15:15:03Z</time></rtept><rtept lat="38.316616" lon="-106.512636"><ele>3466.2</ele><time>2026-04-10T15:15:03Z</time></rtept><rtept lat="38.316616" lon="-106.512636"><ele>3466.2</ele><time>2026-04-10T15:15:03Z</time></rtept><rtept lat="38.316599" lon="-106.512652"><ele>3466.2</ele><time>2026-04-10T15:15:03Z</time></rtept><rtept lat="38.316365" lon="-106.512948"><ele>3463.2</ele><time>2026-04-10T15:15:03Z</time></rtept><rtept lat="38.315939" lon="-106.513161"><ele>3458.8</ele><time>2026-04-10T15:15:03Z</time></rtept><rtept lat="38.315738" lon="-106.513343"><ele>3455.6</ele><time>2026-04-10T15:15:03Z</time></rtept><rtept lat="38.315353" lon="-106.513549"><ele>3450.8</ele><time>2026-04-10T15:15:03Z</time></rtept><rtept lat="38.314843" lon="-106.513569"><ele>3446.0</ele><time>2026-04-10T15:15:03Z</time></rtept><rtept lat="38.314595" lon="-106.51366"><ele>3443.6</ele><time>2026-04-10T15:15:03Z</time></rtept><rtept lat="38.31414" lon="-106.513937"><ele>3437.6</ele><time>2026-04-10T15:15:03Z</time></rtept><rtept lat="38.313771" lon="-106.514265"><ele>3432.4</ele><time>2026-04-10T15:15:03Z</time></rtept><rtept lat="38.313532" lon="-106.514598"><ele>3428.8</ele><time>2026-04-10T15:15:03Z</time></rtept><rtept lat="38.31314" lon="-106.515335"><ele>3421.6</ele><time>2026-04-10T15:15:03Z</time></rtept><rtept lat="38.31294" lon="-106.515807"><ele>3417.2</ele><time>2026-04-10T15:15:03Z</time></rtept><rtept lat="38.312709" lon="-106.516583"><ele>3412.8</ele><time>2026-04-10T15:15:03Z</time></rtept><rtept lat="38.312607" lon="-106.516792"><ele>3411.0</ele><time>2026-04-10T15:15:03Z</time></rtept><rtept lat="38.312466" lon="-106.516925"><ele>3408.6</ele><time>2026-04-10T15:15:03Z</time></rtept><rtept lat="38.310841" lon="-106.517159"><ele>3381.8</ele><time>2026-04-10T15:15:03Z</time></rtept><rtept lat="38.310623" lon="-106.517241"><ele>3378.6</ele><time>2026-04-10T15:15:03Z</time></rtept><rtept lat="38.310066" lon="-106.517871"><ele>3371.8</ele><time>2026-04-10T15:15:03Z</time></rtept><rtept lat="38.309605" lon="-106.518265"><ele>3362.0</ele><time>2026-04-10T15:15:03Z</time></rtept><rtept lat="38.309353" lon="-106.518612"><ele>3357.4</ele><time>2026-04-10T15:15:03Z</time></rtept><rtept lat="38.309199" lon="-106.518677"><ele>3352.6</ele><time>2026-04-10T15:15:03Z</time></rtept><rtept lat="38.309005" lon="-106.518689"><ele>3349.8</ele><time>2026-04-10T15:15:03Z</time></rtept><rtept lat="38.308717" lon="-106.51829"><ele>3341.0</ele><time>2026-04-10T15:15:03Z</time></rtept><rtept lat="38.308378" lon="-106.518043"><ele>3330.4</ele><time>2026-04-10T15:15:03Z</time></rtept><rtept lat="38.307999" lon="-106.518095"><ele>3326.6</ele><time>2026-04-10T15:15:03Z</time></rtept><rtept lat="38.307658" lon="-106.518001"><ele>3322.8</ele><time>2026-04-10T15:15:03Z</time></rtept><rtept lat="38.306419" lon="-106.517953"><ele>3311.6</ele><time>2026-04-10T15:15:03Z</time></rtept><rtept lat="38.30586" lon="-106.51781"><ele>3305.6</ele><time>2026-04-10T15:15:03Z</time></rtept><rtept lat="38.30586" lon="-106.51781"><ele>3305.6</ele><time>2026-04-10T15:15:03Z</time></rtept><rtept lat="38.305702" lon="-106.51777"><ele>3304.0</ele><time>2026-04-10T15:15:03Z</time></rtept><rtept lat="38.305682" lon="-106.517134"><ele>3303.2</ele><time>2026-04-10T15:15:03Z</time></rtept><rtept lat="38.305621" lon="-106.516969"><ele>3304.6</ele><time>2026-04-10T15:15:03Z</time></rtept><rtept lat="38.305605" lon="-106.516834"><ele>3305.8</ele><time>2026-04-10T15:15:03Z</time></rtept><rtept lat="38.305656" lon="-106.516698"><ele>3310.6</ele><time>2026-04-10T15:15:03Z</time></rtept><rtept lat="38.305505" lon="-106.516194"><ele>3317.8</ele><time>2026-04-10T15:15:03Z</time></rtept><rtept lat="38.305423" lon="-106.515544"><ele>3322.2</ele><time>2026-04-10T15:15:03Z</time></rtept><rtept lat="38.305348" lon="-106.515409"><ele>3322.8</ele><time>2026-04-10T15:15:03Z</time></rtept><rtept lat="38.304673" lon="-106.515376"><ele>3312.2</ele><time>2026-04-10T15:15:03Z</time></rtept><rtept lat="38.304334" lon="-106.51511"><ele>3310.6</ele><time>2026-04-10T15:15:03Z</time></rtept><rtept lat="38.30425" lon="-106.514987"><ele>3310.4</ele><time>2026-04-10T15:15:03Z</time></rtept><rtept lat="38.304038" lon="-106.514987"><ele>3308.4</ele><time>2026-04-10T15:15:03Z</time></rtept><rtept lat="38.303859" lon="-106.51485"><ele>3307.8</ele><time>2026-04-10T15:15:03Z</time></rtept><rtept lat="38.30355" lon="-106.514789"><ele>3305.4</ele><time>2026-04-10T15:15:03Z</time></rtept><rtept lat="38.30299" lon="-106.514479"><ele>3302.4</ele><time>2026-04-10T15:15:03Z</time></rtept><rtept lat="38.30263" lon="-106.514423"><ele>3300.2</ele><time>2026-04-10T15:15:03Z</time></rtept><rtept lat="38.302144" lon="-106.514429"><ele>3296.8</ele><time>2026-04-10T15:15:03Z</time></rtept><rtept lat="38.302042" lon="-106.514468"><ele>3296.2</ele><time>2026-04-10T15:15:03Z</time></rtept><rtept lat="38.301939" lon="-106.514459"><ele>3295.8</ele><time>2026-04-10T15:15:03Z</time></rtept><rtept lat="38.301941" lon="-106.514454"><ele>3295.8</ele><time>2026-04-10T15:15:03Z</time></rtept><rtept lat="38.301784" lon="-106.514344"><ele>3295.2</ele><time>2026-04-10T15:15:03Z</time></rtept><rtept lat="38.301564" lon="-106.51434"><ele>3294.2</ele><time>2026-04-10T15:15:03Z</time></rtept><rtept lat="38.301512" lon="-106.514313"><ele>3294.0</ele><time>2026-04-10T15:15:03Z</time></rtept><rtept lat="38.301429" lon="-106.514199"><ele>3294.0</ele><time>2026-04-10T15:15:03Z</time></rtept><rtept lat="38.301349" lon="-106.514148"><ele>3293.8</ele><time>2026-04-10T15:15:03Z</time></rtept><rtept lat="38.301279" lon="-106.514084"><ele>3293.4</ele><time>2026-04-10T15:15:03Z</time></rtept><rtept lat="38.301108" lon="-106.514046"><ele>3292.6</ele><time>2026-04-10T15:15:03Z</time></rtept><rtept lat="38.300946" lon="-106.514046"><ele>3292.0</ele><time>2026-04-10T15:15:03Z</time></rtept><rtept lat="38.300704" lon="-106.513923"><ele>3291.0</ele><time>2026-04-10T15:15:03Z</time></rtept><rtept lat="38.300533" lon="-106.513897"><ele>3290.8</ele><time>2026-04-10T15:15:03Z</time></rtept><rtept lat="38.30037" lon="-106.513944"><ele>3290.8</ele><time>2026-04-10T15:15:03Z</time></rtept><rtept lat="38.300217" lon="-106.513947"><ele>3291.2</ele><time>2026-04-10T15:15:03Z</time></rtept><rtept lat="38.300179" lon="-106.513928"><ele>3291.2</ele><time>2026-04-10T15:15:03Z</time></rtept><rtept lat="38.300132" lon="-106.513874"><ele>3291.2</ele><time>2026-04-10T15:15:03Z</time></rtept><rtept lat="38.300077" lon="-106.51387"><ele>3291.6</ele><time>2026-04-10T15:15:03Z</time></rtept><rtept lat="38.300019" lon="-106.513886"><ele>3291.8</ele><time>2026-04-10T15:15:03Z</time></rtept><rtept lat="38.299956" lon="-106.513843"><ele>3292.0</ele><time>2026-04-10T15:15:03Z</time></rtept><rtept lat="38.299696" lon="-106.513781"><ele>3292.8</ele><time>2026-04-10T15:15:03Z</time></rtept><rtept lat="38.299641" lon="-106.513794"><ele>3292.8</ele><time>2026-04-10T15:15:03Z</time></rtept><rtept lat="38.299589" lon="-106.513823"><ele>3293.2</ele><time>2026-04-10T15:15:03Z</time></rtept><rtept lat="38.299551" lon="-106.513815"><ele>3293.8</ele><time>2026-04-10T15:15:03Z</time></rtept><rtept lat="38.299477" lon="-106.513837"><ele>3294.6</ele><time>2026-04-10T15:15:03Z</time></rtept><rtept lat="38.299394" lon="-106.513845"><ele>3295.0</ele><time>2026-04-10T15:15:03Z</time></rtept><rtept lat="38.299357" lon="-106.513841"><ele>3295.2</ele><time>2026-04-10T15:15:03Z</time></rtept><rtept lat="38.299281" lon="-106.513795"><ele>3295.2</ele><time>2026-04-10T15:15:03Z</time></rtept><rtept lat="38.299209" lon="-106.513774"><ele>3295.4</ele><time>2026-04-10T15:15:03Z</time></rtept><rtept lat="38.298973" lon="-106.51367"><ele>3295.8</ele><time>2026-04-10T15:15:03Z</time></rtept><rtept lat="38.298746" lon="-106.513733"><ele>3296.4</ele><time>2026-04-10T15:15:03Z</time></rtept><rtept lat="38.298624" lon="-106.513712"><ele>3296.8</ele><time>2026-04-10T15:15:03Z</time></rtept><rtept lat="38.298525" lon="-106.513736"><ele>3297.0</ele><time>2026-04-10T15:15:03Z</time></rtept><rtept lat="38.298479" lon="-106.513835"><ele>3298.2</ele><time>2026-04-10T15:15:03Z</time></rtept><rtept lat="38.298394" lon="-106.513921"><ele>3298.6</ele><time>2026-04-10T15:15:03Z</time></rtept><rtept lat="38.298368" lon="-106.513962"><ele>3298.6</ele><time>2026-04-10T15:15:03Z</time></rtept><rtept lat="38.298305" lon="-106.514023"><ele>3299.0</ele><time>2026-04-10T15:15:03Z</time></rtept><rtept lat="38.298243" lon="-106.514047"><ele>3299.2</ele><time>2026-04-10T15:15:03Z</time></rtept><rtept lat="38.298175" lon="-106.514055"><ele>3299.2</ele><time>2026-04-10T15:15:03Z</time></rtept><rtept lat="38.298175" lon="-106.514055"><ele>3299.2</ele><time>2026-04-10T15:15:03Z</time></rtept><rtept lat="38.298175" lon="-106.514055"><ele>3299.2</ele><time>2026-04-10T15:15:03Z</time></rtept><rtept lat="38.298061" lon="-106.514098"><ele>3299.2</ele><time>2026-04-10T15:15:03Z</time></rtept><rtept lat="38.298005" lon="-106.514213"><ele>3299.4</ele><time>2026-04-10T15:15:03Z</time></rtept><rtept lat="38.297955" lon="-106.514303"><ele>3299.2</ele><time>2026-04-10T15:15:03Z</time></rtept><rtept lat="38.297936" lon="-106.514352"><ele>3299.2</ele><time>2026-04-10T15:15:03Z</time></rtept><rtept lat="38.297922" lon="-106.514411"><ele>3299.2</ele><time>2026-04-10T15:15:03Z</time></rtept><rtept lat="38.297903" lon="-106.514463"><ele>3299.2</ele><time>2026-04-10T15:15:03Z</time></rtept><rtept lat="38.297889" lon="-106.514512"><ele>3299.2</ele><time>2026-04-10T15:15:03Z</time></rtept><rtept lat="38.297884" lon="-106.514568"><ele>3299.0</ele><time>2026-04-10T15:15:03Z</time></rtept><rtept lat="38.297874" lon="-106.514623"><ele>3299.0</ele><time>2026-04-10T15:15:03Z</time></rtept><rtept lat="38.297864" lon="-106.514673"><ele>3299.0</ele><time>2026-04-10T15:15:03Z</time></rtept><rtept lat="38.29785" lon="-106.514725"><ele>3298.8</ele><time>2026-04-10T15:15:03Z</time></rtept><rtept lat="38.297841" lon="-106.514774"><ele>3298.6</ele><time>2026-04-10T15:15:03Z</time></rtept><rtept lat="38.297831" lon="-106.514825"><ele>3298.6</ele><time>2026-04-10T15:15:03Z</time></rtept><rtept lat="38.297808" lon="-106.514888"><ele>3298.4</ele><time>2026-04-10T15:15:03Z</time></rtept><rtept lat="38.297789" lon="-106.51494"><ele>3298.4</ele><time>2026-04-10T15:15:03Z</time></rtept><rtept lat="38.29777" lon="-106.514988"><ele>3298.2</ele><time>2026-04-10T15:15:03Z</time></rtept><rtept lat="38.297752" lon="-106.515039"><ele>3298.0</ele><time>2026-04-10T15:15:03Z</time></rtept><rtept lat="38.297706" lon="-106.515107"><ele>3298.0</ele><time>2026-04-10T15:15:03Z</time></rtept><rtept lat="38.297683" lon="-106.515129"><ele>3297.8</ele><time>2026-04-10T15:15:03Z</time></rtept><rtept lat="38.297651" lon="-106.515165"><ele>3297.8</ele><time>2026-04-10T15:15:03Z</time></rtept><rtept lat="38.29761" lon="-106.515194"><ele>3297.8</ele><time>2026-04-10T15:15:03Z</time></rtept><rtept lat="38.297578" lon="-106.515224"><ele>3297.6</ele><time>2026-04-10T15:15:03Z</time></rtept><rtept lat="38.297546" lon="-106.515265"><ele>3297.8</ele><time>2026-04-10T15:15:03Z</time></rtept><rtept lat="38.297514" lon="-106.515298"><ele>3297.6</ele><time>2026-04-10T15:15:03Z</time></rtept><rtept lat="38.297495" lon="-106.515349"><ele>3297.6</ele><time>2026-04-10T15:15:03Z</time></rtept><rtept lat="38.297468" lon="-106.515381"><ele>3297.4</ele><time>2026-04-10T15:15:03Z</time></rtept><rtept lat="38.297427" lon="-106.515389"><ele>3297.4</ele><time>2026-04-10T15:15:03Z</time></rtept><rtept lat="38.297414" lon="-106.515396"><ele>3297.4</ele><time>2026-04-10T15:15:03Z</time></rtept><rtept lat="38.297391" lon="-106.515413"><ele>3297.6</ele><time>2026-04-10T15:15:03Z</time></rtept><rtept lat="38.297381" lon="-106.515438"><ele>3297.6</ele><time>2026-04-10T15:15:03Z</time></rtept><rtept lat="38.29739" lon="-106.515478"><ele>3297.4</ele><time>2026-04-10T15:15:03Z</time></rtept><rtept lat="38.297417" lon="-106.515511"><ele>3297.4</ele><time>2026-04-10T15:15:03Z</time></rtept><rtept lat="38.29742" lon="-106.515559"><ele>3297.2</ele><time>2026-04-10T15:15:03Z</time></rtept><rtept lat="38.297429" lon="-106.515609"><ele>3297.2</ele><time>2026-04-10T15:15:03Z</time></rtept><rtept lat="38.297428" lon="-106.515649"><ele>3296.8</ele><time>2026-04-10T15:15:03Z</time></rtept><rtept lat="38.29741" lon="-106.515673"><ele>3297.0</ele><time>2026-04-10T15:15:03Z</time></rtept><rtept lat="38.297382" lon="-106.515717"><ele>3296.8</ele><time>2026-04-10T15:15:03Z</time></rtept><rtept lat="38.297355" lon="-106.515757"><ele>3296.8</ele><time>2026-04-10T15:15:03Z</time></rtept><rtept lat="38.297323" lon="-106.515803"><ele>3296.6</ele><time>2026-04-10T15:15:03Z</time></rtept><rtept lat="38.297295" lon="-106.515844"><ele>3296.6</ele><time>2026-04-10T15:15:03Z</time></rtept><rtept lat="38.297254" lon="-106.515867"><ele>3296.6</ele><time>2026-04-10T15:15:03Z</time></rtept><rtept lat="38.297245" lon="-106.51588"><ele>3296.6</ele><time>2026-04-10T15:15:03Z</time></rtept><rtept lat="38.297213" lon="-106.51593"><ele>3296.2</ele><time>2026-04-10T15:15:03Z</time></rtept><rtept lat="38.297158" lon="-106.515987"><ele>3296.0</ele><time>2026-04-10T15:15:03Z</time></rtept><rtept lat="38.297103" lon="-106.516029"><ele>3296.0</ele><time>2026-04-10T15:15:03Z</time></rtept><rtept lat="38.297062" lon="-106.516056"><ele>3295.8</ele><time>2026-04-10T15:15:03Z</time></rtept><rtept lat="38.297035" lon="-106.516072"><ele>3295.4</ele><time>2026-04-10T15:15:03Z</time></rtept><rtept lat="38.296994" lon="-106.516092"><ele>3295.0</ele><time>2026-04-10T15:15:03Z</time></rtept><rtept lat="38.296958" lon="-106.516129"><ele>3295.0</ele><time>2026-04-10T15:15:03Z</time></rtept><rtept lat="38.296922" lon="-106.516158"><ele>3294.2</ele><time>2026-04-10T15:15:03Z</time></rtept><rtept lat="38.296894" lon="-106.516197"><ele>3294.2</ele><time>2026-04-10T15:15:03Z</time></rtept><rtept lat="38.296875" lon="-106.516243"><ele>3293.4</ele><time>2026-04-10T15:15:03Z</time></rtept><rtept lat="38.29687" lon="-106.516292"><ele>3293.4</ele><time>2026-04-10T15:15:03Z</time></rtept><rtept lat="38.296869" lon="-106.516341"><ele>3293.0</ele><time>2026-04-10T15:15:03Z</time></rtept><rtept lat="38.296869" lon="-106.516393"><ele>3293.0</ele><time>2026-04-10T15:15:03Z</time></rtept><rtept lat="38.296891" lon="-106.516436"><ele>3292.6</ele><time>2026-04-10T15:15:03Z</time></rtept><rtept lat="38.296895" lon="-106.51649"><ele>3292.0</ele><time>2026-04-10T15:15:03Z</time></rtept><rtept lat="38.296894" lon="-106.516537"><ele>3292.0</ele><time>2026-04-10T15:15:03Z</time></rtept><rtept lat="38.296893" lon="-106.516593"><ele>3291.0</ele><time>2026-04-10T15:15:03Z</time></rtept><rtept lat="38.296866" lon="-106.516637"><ele>3290.6</ele><time>2026-04-10T15:15:03Z</time></rtept><rtept lat="38.296814" lon="-106.516772"><ele>3288.6</ele><time>2026-04-10T15:15:03Z</time></rtept><rtept lat="38.296759" lon="-106.516877"><ele>3287.8</ele><time>2026-04-10T15:15:03Z</time></rtept><rtept lat="38.296736" lon="-106.516935"><ele>3287.6</ele><time>2026-04-10T15:15:03Z</time></rtept><rtept lat="38.296708" lon="-106.516986"><ele>3287.6</ele><time>2026-04-10T15:15:03Z</time></rtept><rtept lat="38.296685" lon="-106.51703"><ele>3287.2</ele><time>2026-04-10T15:15:03Z</time></rtept><rtept lat="38.296648" lon="-106.517085"><ele>3287.6</ele><time>2026-04-10T15:15:03Z</time></rtept><rtept lat="38.296639" lon="-106.517107"><ele>3287.4</ele><time>2026-04-10T15:15:03Z</time></rtept><rtept lat="38.296607" lon="-106.517143"><ele>3287.4</ele><time>2026-04-10T15:15:03Z</time></rtept><rtept lat="38.296584" lon="-106.517188"><ele>3288.2</ele><time>2026-04-10T15:15:03Z</time></rtept><rtept lat="38.29657" lon="-106.517241"><ele>3288.2</ele><time>2026-04-10T15:15:03Z</time></rtept><rtept lat="38.296556" lon="-106.51728"><ele>3288.2</ele><time>2026-04-10T15:15:03Z</time></rtept><rtept lat="38.296546" lon="-106.517326"><ele>3288.2</ele><time>2026-04-10T15:15:03Z</time></rtept><rtept lat="38.296523" lon="-106.517366"><ele>3289.6</ele><time>2026-04-10T15:15:03Z</time></rtept><rtept lat="38.296491" lon="-106.517401"><ele>3289.6</ele><time>2026-04-10T15:15:03Z</time></rtept><rtept lat="38.29645" lon="-106.517429"><ele>3290.8</ele><time>2026-04-10T15:15:03Z</time></rtept><rtept lat="38.296409" lon="-106.517456"><ele>3290.8</ele><time>2026-04-10T15:15:03Z</time></rtept><rtept lat="38.296359" lon="-106.517472"><ele>3292.0</ele><time>2026-04-10T15:15:03Z</time></rtept><rtept lat="38.296328" lon="-106.51745"><ele>3293.0</ele><time>2026-04-10T15:15:03Z</time></rtept><rtept lat="38.296292" lon="-106.517454"><ele>3293.0</ele><time>2026-04-10T15:15:03Z</time></rtept><rtept lat="38.296251" lon="-106.517467"><ele>3294.0</ele><time>2026-04-10T15:15:03Z</time></rtept><rtept lat="38.296215" lon="-106.517485"><ele>3294.0</ele><time>2026-04-10T15:15:03Z</time></rtept><rtept lat="38.296179" lon="-106.51751"><ele>3294.6</ele><time>2026-04-10T15:15:03Z</time></rtept><rtept lat="38.296147" lon="-106.517542"><ele>3295.0</ele><time>2026-04-10T15:15:03Z</time></rtept><rtept lat="38.296128" lon="-106.517587"><ele>3295.4</ele><time>2026-04-10T15:15:03Z</time></rtept><rtept lat="38.296114" lon="-106.517638"><ele>3295.8</ele><time>2026-04-10T15:15:03Z</time></rtept><rtept lat="38.296082" lon="-106.517696"><ele>3296.2</ele><time>2026-04-10T15:15:03Z</time></rtept><rtept lat="38.296032" lon="-106.517733"><ele>3296.8</ele><time>2026-04-10T15:15:03Z</time></rtept><rtept lat="38.296013" lon="-106.517734"><ele>3296.8</ele><time>2026-04-10T15:15:03Z</time></rtept><rtept lat="38.295973" lon="-106.517747"><ele>3297.4</ele><time>2026-04-10T15:15:03Z</time></rtept><rtept lat="38.295932" lon="-106.517768"><ele>3298.0</ele><time>2026-04-10T15:15:03Z</time></rtept><rtept lat="38.295896" lon="-106.517785"><ele>3298.6</ele><time>2026-04-10T15:15:03Z</time></rtept><rtept lat="38.295855" lon="-106.51779"><ele>3299.2</ele><time>2026-04-10T15:15:03Z</time></rtept><rtept lat="38.295841" lon="-106.517798"><ele>3299.2</ele><time>2026-04-10T15:15:03Z</time></rtept><rtept lat="38.295814" lon="-106.51784"><ele>3299.2</ele><time>2026-04-10T15:15:03Z</time></rtept><rtept lat="38.295782" lon="-106.517875"><ele>3300.4</ele><time>2026-04-10T15:15:03Z</time></rtept><rtept lat="38.295732" lon="-106.517912"><ele>3300.4</ele><time>2026-04-10T15:15:03Z</time></rtept><rtept lat="38.2957" lon="-106.517946"><ele>3301.6</ele><time>2026-04-10T15:15:03Z</time></rtept><rtept lat="38.295677" lon="-106.517986"><ele>3301.6</ele><time>2026-04-10T15:15:03Z</time></rtept><rtept lat="38.295654" lon="-106.518029"><ele>3302.4</ele><time>2026-04-10T15:15:03Z</time></rtept><rtept lat="38.29563" lon="-106.518074"><ele>3302.8</ele><time>2026-04-10T15:15:03Z</time></rtept><rtept lat="38.295635" lon="-106.518098"><ele>3302.8</ele><time>2026-04-10T15:15:03Z</time></rtept><rtept lat="38.295607" lon="-106.518132"><ele>3303.2</ele><time>2026-04-10T15:15:03Z</time></rtept><rtept lat="38.29558" lon="-106.518156"><ele>3304.2</ele><time>2026-04-10T15:15:03Z</time></rtept><rtept lat="38.295525" lon="-106.51821"><ele>3305.4</ele><time>2026-04-10T15:15:03Z</time></rtept><rtept lat="38.295507" lon="-106.518237"><ele>3305.4</ele><time>2026-04-10T15:15:03Z</time></rtept><rtept lat="38.295488" lon="-106.518272"><ele>3305.4</ele><time>2026-04-10T15:15:03Z</time></rtept><rtept lat="38.295461" lon="-106.51831"><ele>3305.6</ele><time>2026-04-10T15:15:03Z</time></rtept><rtept lat="38.29542" lon="-106.518323"><ele>3306.4</ele><time>2026-04-10T15:15:03Z</time></rtept><rtept lat="38.295388" lon="-106.518339"><ele>3307.0</ele><time>2026-04-10T15:15:03Z</time></rtept><rtept lat="38.295347" lon="-106.51836"><ele>3307.0</ele><time>2026-04-10T15:15:03Z</time></rtept><rtept lat="38.295302" lon="-106.518366"><ele>3307.6</ele><time>2026-04-10T15:15:03Z</time></rtept><rtept lat="38.295262" lon="-106.518375"><ele>3307.6</ele><time>2026-04-10T15:15:03Z</time></rtept><rtept lat="38.295221" lon="-106.518381"><ele>3308.0</ele><time>2026-04-10T15:15:03Z</time></rtept><rtept lat="38.295181" lon="-106.518381"><ele>3308.6</ele><time>2026-04-10T15:15:03Z</time></rtept><rtept lat="38.295163" lon="-106.518363"><ele>3308.4</ele><time>2026-04-10T15:15:03Z</time></rtept><rtept lat="38.295118" lon="-106.518359"><ele>3308.8</ele><time>2026-04-10T15:15:03Z</time></rtept><rtept lat="38.295082" lon="-106.518344"><ele>3308.8</ele><time>2026-04-10T15:15:03Z</time></rtept><rtept lat="38.295041" lon="-106.518332"><ele>3309.4</ele><time>2026-04-10T15:15:03Z</time></rtept><rtept lat="38.295001" lon="-106.518313"><ele>3309.4</ele><time>2026-04-10T15:15:03Z</time></rtept><rtept lat="38.29497" lon="-106.518294"><ele>3309.8</ele><time>2026-04-10T15:15:03Z</time></rtept><rtept lat="38.294929" lon="-106.518287"><ele>3309.6</ele><time>2026-04-10T15:15:03Z</time></rtept><rtept lat="38.294893" lon="-106.51828"><ele>3310.0</ele><time>2026-04-10T15:15:03Z</time></rtept><rtept lat="38.294871" lon="-106.518256"><ele>3310.0</ele><time>2026-04-10T15:15:03Z</time></rtept><rtept lat="38.294826" lon="-106.518249"><ele>3310.4</ele><time>2026-04-10T15:15:03Z</time></rtept><rtept lat="38.294781" lon="-106.518245"><ele>3310.8</ele><time>2026-04-10T15:15:03Z</time></rtept><rtept lat="38.294718" lon="-106.518263"><ele>3311.2</ele><time>2026-04-10T15:15:03Z</time></rtept><rtept lat="38.294704" lon="-106.51827"><ele>3311.2</ele><time>2026-04-10T15:15:03Z</time></rtept><rtept lat="38.294664" lon="-106.518287"><ele>3311.2</ele><time>2026-04-10T15:15:03Z</time></rtept><rtept lat="38.294614" lon="-106.518302"><ele>3312.0</ele><time>2026-04-10T15:15:03Z</time></rtept><rtept lat="38.294573" lon="-106.518307"><ele>3312.4</ele><time>2026-04-10T15:15:03Z</time></rtept><rtept lat="38.294514" lon="-106.518327"><ele>3313.0</ele><time>2026-04-10T15:15:03Z</time></rtept><rtept lat="38.29446" lon="-106.518337"><ele>3313.0</ele><time>2026-04-10T15:15:03Z</time></rtept><rtept lat="38.294446" lon="-106.51835"><ele>3313.6</ele><time>2026-04-10T15:15:03Z</time></rtept><rtept lat="38.294406" lon="-106.518341"><ele>3313.6</ele><time>2026-04-10T15:15:03Z</time></rtept><rtept lat="38.29437" lon="-106.518337"><ele>3314.2</ele><time>2026-04-10T15:15:03Z</time></rtept><rtept lat="38.294343" lon="-106.518363"><ele>3314.2</ele><time>2026-04-10T15:15:03Z</time></rtept><rtept lat="38.294306" lon="-106.51838"><ele>3314.8</ele><time>2026-04-10T15:15:03Z</time></rtept><rtept lat="38.294265" lon="-106.518401"><ele>3314.8</ele><time>2026-04-10T15:15:03Z</time></rtept><rtept lat="38.294216" lon="-106.518424"><ele>3315.6</ele><time>2026-04-10T15:15:03Z</time></rtept><rtept lat="38.294175" lon="-106.518436"><ele>3316.0</ele><time>2026-04-10T15:15:03Z</time></rtept><rtept lat="38.294148" lon="-106.518426"><ele>3316.0</ele><time>2026-04-10T15:15:03Z</time></rtept><rtept lat="38.294112" lon="-106.518408"><ele>3316.6</ele><time>2026-04-10T15:15:03Z</time></rtept><rtept lat="38.294085" lon="-106.518395"><ele>3316.6</ele><time>2026-04-10T15:15:03Z</time></rtept><rtept lat="38.294049" lon="-106.518392"><ele>3316.6</ele><time>2026-04-10T15:15:03Z</time></rtept><rtept lat="38.294027" lon="-106.518396"><ele>3317.2</ele><time>2026-04-10T15:15:03Z</time></rtept><rtept lat="38.293999" lon="-106.518428"><ele>3317.2</ele><time>2026-04-10T15:15:03Z</time></rtept><rtept lat="38.293981" lon="-106.518458"><ele>3317.2</ele><time>2026-04-10T15:15:03Z</time></rtept><rtept lat="38.293954" lon="-106.518475"><ele>3317.8</ele><time>2026-04-10T15:15:03Z</time></rtept><rtept lat="38.293917" lon="-106.518491"><ele>3317.8</ele><time>2026-04-10T15:15:03Z</time></rtept><rtept lat="38.293872" lon="-106.51852"><ele>3318.4</ele><time>2026-04-10T15:15:03Z</time></rtept><rtept lat="38.29384" lon="-106.518547"><ele>3318.6</ele><time>2026-04-10T15:15:03Z</time></rtept><rtept lat="38.293799" lon="-106.518558"><ele>3318.6</ele><time>2026-04-10T15:15:03Z</time></rtept><rtept lat="38.293759" lon="-106.518547"><ele>3319.2</ele><time>2026-04-10T15:15:03Z</time></rtept><rtept lat="38.293714" lon="-106.518539"><ele>3319.4</ele><time>2026-04-10T15:15:03Z</time></rtept><rtept lat="38.293678" lon="-106.518522"><ele>3319.8</ele><time>2026-04-10T15:15:03Z</time></rtept><rtept lat="38.293611" lon="-106.518462"><ele>3320.4</ele><time>2026-04-10T15:15:03Z</time></rtept><rtept lat="38.293567" lon="-106.518447"><ele>3321.0</ele><time>2026-04-10T15:15:03Z</time></rtept><rtept lat="38.293522" lon="-106.518443"><ele>3321.0</ele><time>2026-04-10T15:15:03Z</time></rtept><rtept lat="38.293476" lon="-106.518448"><ele>3321.2</ele><time>2026-04-10T15:15:03Z</time></rtept><rtept lat="38.29344" lon="-106.518448"><ele>3321.2</ele><time>2026-04-10T15:15:03Z</time></rtept><rtept lat="38.2934" lon="-106.518438"><ele>3321.6</ele><time>2026-04-10T15:15:03Z</time></rtept><rtept lat="38.29336" lon="-106.518425"><ele>3322.0</ele><time>2026-04-10T15:15:03Z</time></rtept><rtept lat="38.293323" lon="-106.518425"><ele>3322.0</ele><time>2026-04-10T15:15:03Z</time></rtept><rtept lat="38.293278" lon="-106.518432"><ele>3322.4</ele><time>2026-04-10T15:15:03Z</time></rtept><rtept lat="38.293242" lon="-106.518429"><ele>3322.4</ele><time>2026-04-10T15:15:03Z</time></rtept><rtept lat="38.293197" lon="-106.518443"><ele>3322.6</ele><time>2026-04-10T15:15:03Z</time></rtept><rtept lat="38.293152" lon="-106.518441"><ele>3322.8</ele><time>2026-04-10T15:15:03Z</time></rtept><rtept lat="38.293121" lon="-106.518437"><ele>3322.8</ele><time>2026-04-10T15:15:03Z</time></rtept><rtept lat="38.293071" lon="-106.518435"><ele>3323.0</ele><time>2026-04-10T15:15:03Z</time></rtept><rtept lat="38.29304" lon="-106.518423"><ele>3323.0</ele><time>2026-04-10T15:15:03Z</time></rtept><rtept lat="38.293004" lon="-106.51843"><ele>3323.4</ele><time>2026-04-10T15:15:03Z</time></rtept><rtept lat="38.292976" lon="-106.518457"><ele>3323.4</ele><time>2026-04-10T15:15:03Z</time></rtept><rtept lat="38.292949" lon="-106.51849"><ele>3323.6</ele><time>2026-04-10T15:15:03Z</time></rtept><rtept lat="38.292917" lon="-106.518526"><ele>3323.6</ele><time>2026-04-10T15:15:03Z</time></rtept><rtept lat="38.292885" lon="-106.518557"><ele>3323.6</ele><time>2026-04-10T15:15:03Z</time></rtept><rtept lat="38.292844" lon="-106.518585"><ele>3323.6</ele><time>2026-04-10T15:15:03Z</time></rtept><rtept lat="38.292803" lon="-106.518607"><ele>3323.8</ele><time>2026-04-10T15:15:03Z</time></rtept><rtept lat="38.292753" lon="-106.51863"><ele>3324.2</ele><time>2026-04-10T15:15:03Z</time></rtept><rtept lat="38.292744" lon="-106.518637"><ele>3324.0</ele><time>2026-04-10T15:15:03Z</time></rtept><rtept lat="38.292708" lon="-106.518655"><ele>3324.0</ele><time>2026-04-10T15:15:03Z</time></rtept><rtept lat="38.292645" lon="-106.518649"><ele>3324.2</ele><time>2026-04-10T15:15:03Z</time></rtept><rtept lat="38.292618" lon="-106.518643"><ele>3324.4</ele><time>2026-04-10T15:15:03Z</time></rtept><rtept lat="38.292582" lon="-106.518625"><ele>3324.6</ele><time>2026-04-10T15:15:03Z</time></rtept><rtept lat="38.292546" lon="-106.518633"><ele>3324.8</ele><time>2026-04-10T15:15:03Z</time></rtept><rtept lat="38.2925" lon="-106.518649"><ele>3324.8</ele><time>2026-04-10T15:15:03Z</time></rtept><rtept lat="38.292464" lon="-106.518669"><ele>3325.0</ele><time>2026-04-10T15:15:03Z</time></rtept><rtept lat="38.292432" lon="-106.518679"><ele>3325.0</ele><time>2026-04-10T15:15:03Z</time></rtept><rtept lat="38.292405" lon="-106.518688"><ele>3325.2</ele><time>2026-04-10T15:15:03Z</time></rtept><rtept lat="38.292356" lon="-106.518709"><ele>3325.2</ele><time>2026-04-10T15:15:03Z</time></rtept><rtept lat="38.292319" lon="-106.518731"><ele>3325.0</ele><time>2026-04-10T15:15:03Z</time></rtept><rtept lat="38.292265" lon="-106.518755"><ele>3325.2</ele><time>2026-04-10T15:15:03Z</time></rtept><rtept lat="38.292202" lon="-106.51875"><ele>3325.4</ele><time>2026-04-10T15:15:03Z</time></rtept><rtept lat="38.292179" lon="-106.51878"><ele>3325.4</ele><time>2026-04-10T15:15:03Z</time></rtept><rtept lat="38.292143" lon="-106.518803"><ele>3325.4</ele><time>2026-04-10T15:15:03Z</time></rtept><rtept lat="38.292102" lon="-106.518831"><ele>3325.4</ele><time>2026-04-10T15:15:03Z</time></rtept><rtept lat="38.292066" lon="-106.518841"><ele>3325.6</ele><time>2026-04-10T15:15:03Z</time></rtept><rtept lat="38.292043" lon="-106.51887"><ele>3325.6</ele><time>2026-04-10T15:15:03Z</time></rtept><rtept lat="38.292019" lon="-106.518916"><ele>3325.6</ele><time>2026-04-10T15:15:03Z</time></rtept><rtept lat="38.292005" lon="-106.518963"><ele>3325.6</ele><time>2026-04-10T15:15:03Z</time></rtept><rtept lat="38.291982" lon="-106.519019"><ele>3325.4</ele><time>2026-04-10T15:15:03Z</time></rtept><rtept lat="38.291959" lon="-106.519067"><ele>3325.2</ele><time>2026-04-10T15:15:03Z</time></rtept><rtept lat="38.291931" lon="-106.519096"><ele>3325.4</ele><time>2026-04-10T15:15:03Z</time></rtept><rtept lat="38.291895" lon="-106.519125"><ele>3325.4</ele><time>2026-04-10T15:15:03Z</time></rtept><rtept lat="38.291868" lon="-106.519156"><ele>3325.4</ele><time>2026-04-10T15:15:03Z</time></rtept><rtept lat="38.291835" lon="-106.519198"><ele>3325.4</ele><time>2026-04-10T15:15:03Z</time></rtept><rtept lat="38.291799" lon="-106.51923"><ele>3325.4</ele><time>2026-04-10T15:15:03Z</time></rtept><rtept lat="38.291767" lon="-106.519243"><ele>3325.2</ele><time>2026-04-10T15:15:03Z</time></rtept><rtept lat="38.291722" lon="-106.519241"><ele>3325.4</ele><time>2026-04-10T15:15:03Z</time></rtept><rtept lat="38.291682" lon="-106.519242"><ele>3325.6</ele><time>2026-04-10T15:15:03Z</time></rtept><rtept lat="38.291641" lon="-106.51926"><ele>3325.6</ele><time>2026-04-10T15:15:03Z</time></rtept><rtept lat="38.291609" lon="-106.519283"><ele>3325.8</ele><time>2026-04-10T15:15:03Z</time></rtept><rtept lat="38.291568" lon="-106.519296"><ele>3325.8</ele><time>2026-04-10T15:15:03Z</time></rtept><rtept lat="38.291523" lon="-106.519324"><ele>3326.2</ele><time>2026-04-10T15:15:03Z</time></rtept><rtept lat="38.291482" lon="-106.519354"><ele>3326.4</ele><time>2026-04-10T15:15:03Z</time></rtept><rtept lat="38.291432" lon="-106.519379"><ele>3326.4</ele><time>2026-04-10T15:15:03Z</time></rtept><rtept lat="38.291391" lon="-106.519395"><ele>3326.4</ele><time>2026-04-10T15:15:03Z</time></rtept><rtept lat="38.291305" lon="-106.519435"><ele>3326.8</ele><time>2026-04-10T15:15:03Z</time></rtept><rtept lat="38.291287" lon="-106.519439"><ele>3326.8</ele><time>2026-04-10T15:15:03Z</time></rtept><rtept lat="38.291259" lon="-106.519485"><ele>3327.2</ele><time>2026-04-10T15:15:03Z</time></rtept><rtept lat="38.291237" lon="-106.519532"><ele>3327.4</ele><time>2026-04-10T15:15:03Z</time></rtept><rtept lat="38.291209" lon="-106.519576"><ele>3327.8</ele><time>2026-04-10T15:15:03Z</time></rtept><rtept lat="38.291177" lon="-106.519622"><ele>3327.8</ele><time>2026-04-10T15:15:03Z</time></rtept><rtept lat="38.291149" lon="-106.519664"><ele>3327.8</ele><time>2026-04-10T15:15:03Z</time></rtept><rtept lat="38.291117" lon="-106.519705"><ele>3327.8</ele><time>2026-04-10T15:15:03Z</time></rtept><rtept lat="38.29108" lon="-106.519738"><ele>3328.2</ele><time>2026-04-10T15:15:03Z</time></rtept><rtept lat="38.291053" lon="-106.51978"><ele>3327.8</ele><time>2026-04-10T15:15:03Z</time></rtept><rtept lat="38.29103" lon="-106.51982"><ele>3327.8</ele><time>2026-04-10T15:15:03Z</time></rtept><rtept lat="38.291002" lon="-106.519855"><ele>3328.0</ele><time>2026-04-10T15:15:03Z</time></rtept><rtept lat="38.29097" lon="-106.519879"><ele>3328.0</ele><time>2026-04-10T15:15:03Z</time></rtept><rtept lat="38.29093" lon="-106.519905"><ele>3328.6</ele><time>2026-04-10T15:15:03Z</time></rtept><rtept lat="38.290903" lon="-106.519896"><ele>3328.6</ele><time>2026-04-10T15:15:03Z</time></rtept><rtept lat="38.290862" lon="-106.519892"><ele>3329.2</ele><time>2026-04-10T15:15:03Z</time></rtept><rtept lat="38.290826" lon="-106.519882"><ele>3329.2</ele><time>2026-04-10T15:15:03Z</time></rtept><rtept lat="38.290795" lon="-106.519859"><ele>3329.8</ele><time>2026-04-10T15:15:03Z</time></rtept><rtept lat="38.290773" lon="-106.519856"><ele>3329.8</ele><time>2026-04-10T15:15:03Z</time></rtept><rtept lat="38.290745" lon="-106.519864"><ele>3330.6</ele><time>2026-04-10T15:15:03Z</time></rtept><rtept lat="38.290709" lon="-106.519884"><ele>3330.6</ele><time>2026-04-10T15:15:03Z</time></rtept><rtept lat="38.290686" lon="-106.51989"><ele>3330.6</ele><time>2026-04-10T15:15:03Z</time></rtept><rtept lat="38.290641" lon="-106.519891"><ele>3331.2</ele><time>2026-04-10T15:15:03Z</time></rtept><rtept lat="38.29061" lon="-106.51988"><ele>3331.8</ele><time>2026-04-10T15:15:03Z</time></rtept><rtept lat="38.290574" lon="-106.519872"><ele>3331.8</ele><time>2026-04-10T15:15:03Z</time></rtept><rtept lat="38.290542" lon="-106.519874"><ele>3332.4</ele><time>2026-04-10T15:15:03Z</time></rtept><rtept lat="38.290511" lon="-106.519884"><ele>3332.4</ele><time>2026-04-10T15:15:03Z</time></rtept><rtept lat="38.29047" lon="-106.519888"><ele>3333.2</ele><time>2026-04-10T15:15:03Z</time></rtept><rtept lat="38.29043" lon="-106.519888"><ele>3333.2</ele><time>2026-04-10T15:15:03Z</time></rtept><rtept lat="38.290398" lon="-106.519901"><ele>3334.0</ele><time>2026-04-10T15:15:03Z</time></rtept><rtept lat="38.290362" lon="-106.519918"><ele>3334.0</ele><time>2026-04-10T15:15:03Z</time></rtept><rtept lat="38.290294" lon="-106.51989"><ele>3334.6</ele><time>2026-04-10T15:15:03Z</time></rtept><rtept lat="38.290263" lon="-106.519889"><ele>3335.4</ele><time>2026-04-10T15:15:03Z</time></rtept><rtept lat="38.290231" lon="-106.519903"><ele>3335.4</ele><time>2026-04-10T15:15:03Z</time></rtept><rtept lat="38.290195" lon="-106.519916"><ele>3336.4</ele><time>2026-04-10T15:15:03Z</time></rtept><rtept lat="38.290168" lon="-106.519919"><ele>3336.2</ele><time>2026-04-10T15:15:03Z</time></rtept><rtept lat="38.290069" lon="-106.519898"><ele>3338.6</ele><time>2026-04-10T15:15:03Z</time></rtept><rtept lat="38.290033" lon="-106.519897"><ele>3338.6</ele><time>2026-04-10T15:15:03Z</time></rtept><rtept lat="38.289992" lon="-106.519902"><ele>3339.6</ele><time>2026-04-10T15:15:03Z</time></rtept><rtept lat="38.28997" lon="-106.519912"><ele>3339.6</ele><time>2026-04-10T15:15:03Z</time></rtept><rtept lat="38.289907" lon="-106.519906"><ele>3340.6</ele><time>2026-04-10T15:15:03Z</time></rtept><rtept lat="38.289875" lon="-106.519901"><ele>3340.6</ele><time>2026-04-10T15:15:03Z</time></rtept><rtept lat="38.289835" lon="-106.519891"><ele>3341.8</ele><time>2026-04-10T15:15:03Z</time></rtept><rtept lat="38.289799" lon="-106.51987"><ele>3342.8</ele><time>2026-04-10T15:15:03Z</time></rtept><rtept lat="38.289763" lon="-106.519854"><ele>3342.8</ele><time>2026-04-10T15:15:03Z</time></rtept><rtept lat="38.289723" lon="-106.519854"><ele>3343.6</ele><time>2026-04-10T15:15:03Z</time></rtept><rtept lat="38.289691" lon="-106.519856"><ele>3343.6</ele><time>2026-04-10T15:15:03Z</time></rtept><rtept lat="38.289651" lon="-106.519857"><ele>3344.2</ele><time>2026-04-10T15:15:03Z</time></rtept><rtept lat="38.289561" lon="-106.519841"><ele>3344.8</ele><time>2026-04-10T15:15:03Z</time></rtept><rtept lat="38.289516" lon="-106.519846"><ele>3345.4</ele><time>2026-04-10T15:15:03Z</time></rtept><rtept lat="38.28948" lon="-106.519842"><ele>3345.4</ele><time>2026-04-10T15:15:03Z</time></rtept><rtept lat="38.289439" lon="-106.519847"><ele>3345.8</ele><time>2026-04-10T15:15:03Z</time></rtept><rtept lat="38.289394" lon="-106.519859"><ele>3346.2</ele><time>2026-04-10T15:15:03Z</time></rtept><rtept lat="38.289358" lon="-106.519857"><ele>3346.2</ele><time>2026-04-10T15:15:03Z</time></rtept><rtept lat="38.289313" lon="-106.519849"><ele>3346.6</ele><time>2026-04-10T15:15:03Z</time></rtept><rtept lat="38.289277" lon="-106.519853"><ele>3346.6</ele><time>2026-04-10T15:15:03Z</time></rtept><rtept lat="38.289236" lon="-106.51985"><ele>3347.0</ele><time>2026-04-10T15:15:03Z</time></rtept><rtept lat="38.289196" lon="-106.519835"><ele>3347.0</ele><time>2026-04-10T15:15:03Z</time></rtept><rtept lat="38.289165" lon="-106.51981"><ele>3347.0</ele><time>2026-04-10T15:15:03Z</time></rtept><rtept lat="38.289124" lon="-106.519795"><ele>3347.4</ele><time>2026-04-10T15:15:03Z</time></rtept><rtept lat="38.289088" lon="-106.51978"><ele>3347.4</ele><time>2026-04-10T15:15:03Z</time></rtept><rtept lat="38.289057" lon="-106.519796"><ele>3347.8</ele><time>2026-04-10T15:15:03Z</time></rtept><rtept lat="38.289016" lon="-106.519827"><ele>3347.8</ele><time>2026-04-10T15:15:03Z</time></rtept><rtept lat="38.288975" lon="-106.519845"><ele>3349.0</ele><time>2026-04-10T15:15:03Z</time></rtept><rtept lat="38.288894" lon="-106.519811"><ele>3349.4</ele><time>2026-04-10T15:15:03Z</time></rtept><rtept lat="38.288854" lon="-106.519815"><ele>3350.4</ele><time>2026-04-10T15:15:03Z</time></rtept><rtept lat="38.288809" lon="-106.519811"><ele>3350.4</ele><time>2026-04-10T15:15:03Z</time></rtept><rtept lat="38.288763" lon="-106.519816"><ele>3351.2</ele><time>2026-04-10T15:15:03Z</time></rtept><rtept lat="38.288723" lon="-106.519821"><ele>3352.0</ele><time>2026-04-10T15:15:03Z</time></rtept><rtept lat="38.288682" lon="-106.51982"><ele>3352.0</ele><time>2026-04-10T15:15:03Z</time></rtept><rtept lat="38.288673" lon="-106.519816"><ele>3352.0</ele><time>2026-04-10T15:15:03Z</time></rtept><rtept lat="38.288655" lon="-106.519814"><ele>3352.8</ele><time>2026-04-10T15:15:03Z</time></rtept><rtept lat="38.288583" lon="-106.519845"><ele>3354.0</ele><time>2026-04-10T15:15:03Z</time></rtept><rtept lat="38.288547" lon="-106.519859"><ele>3354.0</ele><time>2026-04-10T15:15:03Z</time></rtept><rtept lat="38.288515" lon="-106.519854"><ele>3355.2</ele><time>2026-04-10T15:15:03Z</time></rtept><rtept lat="38.288479" lon="-106.519841"><ele>3355.2</ele><time>2026-04-10T15:15:03Z</time></rtept><rtept lat="38.288443" lon="-106.519826"><ele>3355.8</ele><time>2026-04-10T15:15:03Z</time></rtept><rtept lat="38.288417" lon="-106.519795"><ele>3355.8</ele><time>2026-04-10T15:15:03Z</time></rtept><rtept lat="38.288372" lon="-106.519793"><ele>3356.4</ele><time>2026-04-10T15:15:03Z</time></rtept><rtept lat="38.288327" lon="-106.519793"><ele>3356.4</ele><time>2026-04-10T15:15:03Z</time></rtept><rtept lat="38.288281" lon="-106.519803"><ele>3357.2</ele><time>2026-04-10T15:15:03Z</time></rtept><rtept lat="38.288245" lon="-106.519804"><ele>3357.8</ele><time>2026-04-10T15:15:03Z</time></rtept><rtept lat="38.288205" lon="-106.519815"><ele>3357.8</ele><time>2026-04-10T15:15:03Z</time></rtept><rtept lat="38.288173" lon="-106.519831"><ele>3358.4</ele><time>2026-04-10T15:15:03Z</time></rtept><rtept lat="38.288132" lon="-106.519842"><ele>3358.6</ele><time>2026-04-10T15:15:03Z</time></rtept><rtept lat="38.288101" lon="-106.51985"><ele>3359.4</ele><time>2026-04-10T15:15:03Z</time></rtept><rtept lat="38.288033" lon="-106.519875"><ele>3360.4</ele><time>2026-04-10T15:15:03Z</time></rtept><rtept lat="38.287992" lon="-106.519876"><ele>3360.4</ele><time>2026-04-10T15:15:03Z</time></rtept><rtept lat="38.287947" lon="-106.519878"><ele>3361.6</ele><time>2026-04-10T15:15:03Z</time></rtept><rtept lat="38.287902" lon="-106.519891"><ele>3363.0</ele><time>2026-04-10T15:15:03Z</time></rtept><rtept lat="38.28787" lon="-106.519894"><ele>3363.0</ele><time>2026-04-10T15:15:03Z</time></rtept><rtept lat="38.287834" lon="-106.519884"><ele>3364.2</ele><time>2026-04-10T15:15:03Z</time></rtept><rtept lat="38.287771" lon="-106.519882"><ele>3365.4</ele><time>2026-04-10T15:15:03Z</time></rtept><rtept lat="38.287726" lon="-106.519879"><ele>3365.4</ele><time>2026-04-10T15:15:03Z</time></rtept><rtept lat="38.28769" lon="-106.519867"><ele>3366.6</ele><time>2026-04-10T15:15:03Z</time></rtept><rtept lat="38.287645" lon="-106.519858"><ele>3367.6</ele><time>2026-04-10T15:15:03Z</time></rtept><rtept lat="38.287614" lon="-106.519831"><ele>3367.4</ele><time>2026-04-10T15:15:03Z</time></rtept><rtept lat="38.287579" lon="-106.519801"><ele>3367.4</ele><time>2026-04-10T15:15:03Z</time></rtept><rtept lat="38.287547" lon="-106.519772"><ele>3368.2</ele><time>2026-04-10T15:15:03Z</time></rtept><rtept lat="38.287516" lon="-106.519752"><ele>3368.2</ele><time>2026-04-10T15:15:03Z</time></rtept><rtept lat="38.287476" lon="-106.519735"><ele>3368.2</ele><time>2026-04-10T15:15:03Z</time></rtept><rtept lat="38.287413" lon="-106.519734"><ele>3368.6</ele><time>2026-04-10T15:15:03Z</time></rtept><rtept lat="38.28739" lon="-106.519723"><ele>3368.6</ele><time>2026-04-10T15:15:03Z</time></rtept><rtept lat="38.287355" lon="-106.519699"><ele>3369.2</ele><time>2026-04-10T15:15:03Z</time></rtept><rtept lat="38.287319" lon="-106.519672"><ele>3369.2</ele><time>2026-04-10T15:15:03Z</time></rtept><rtept lat="38.287248" lon="-106.519612"><ele>3369.4</ele><time>2026-04-10T15:15:03Z</time></rtept><rtept lat="38.287207" lon="-106.519593"><ele>3370.0</ele><time>2026-04-10T15:15:03Z</time></rtept><rtept lat="38.287167" lon="-106.51958"><ele>3370.4</ele><time>2026-04-10T15:15:03Z</time></rtept><rtept lat="38.287127" lon="-106.519566"><ele>3370.0</ele><time>2026-04-10T15:15:03Z</time></rtept><rtept lat="38.287086" lon="-106.519563"><ele>3370.4</ele><time>2026-04-10T15:15:03Z</time></rtept><rtept lat="38.287045" lon="-106.51957"><ele>3370.4</ele><time>2026-04-10T15:15:03Z</time></rtept><rtept lat="38.287005" lon="-106.519583"><ele>3371.6</ele><time>2026-04-10T15:15:03Z</time></rtept><rtept lat="38.286959" lon="-106.51959"><ele>3372.4</ele><time>2026-04-10T15:15:03Z</time></rtept><rtept lat="38.286914" lon="-106.519603"><ele>3372.4</ele><time>2026-04-10T15:15:03Z</time></rtept><rtept lat="38.286874" lon="-106.519611"><ele>3373.2</ele><time>2026-04-10T15:15:03Z</time></rtept><rtept lat="38.286855" lon="-106.519626"><ele>3373.2</ele><time>2026-04-10T15:15:03Z</time></rtept><rtept lat="38.286833" lon="-106.519661"><ele>3374.8</ele><time>2026-04-10T15:15:03Z</time></rtept><rtept lat="38.286814" lon="-106.519709"><ele>3374.8</ele><time>2026-04-10T15:15:03Z</time></rtept><rtept lat="38.286795" lon="-106.519749"><ele>3375.2</ele><time>2026-04-10T15:15:03Z</time></rtept><rtept lat="38.286767" lon="-106.519853"><ele>3376.2</ele><time>2026-04-10T15:15:03Z</time></rtept><rtept lat="38.286967" lon="-106.519851"><ele>3373.2</ele><time>2026-04-10T15:15:03Z</time></rtept><rtept lat="38.287064" lon="-106.51987"><ele>3371.8</ele><time>2026-04-10T15:15:03Z</time></rtept><rtept lat="38.287207" lon="-106.519888"><ele>3370.6</ele><time>2026-04-10T15:15:03Z</time></rtept><rtept lat="38.287265" lon="-106.519969"><ele>3370.0</ele><time>2026-04-10T15:15:03Z</time></rtept><rtept lat="38.287328" lon="-106.520043"><ele>3369.2</ele><time>2026-04-10T15:15:03Z</time></rtept><rtept lat="38.287328" lon="-106.520043"><ele>3369.2</ele><time>2026-04-10T15:15:03Z</time></rtept><rtept lat="38.287411" lon="-106.520139"><ele>3368.0</ele><time>2026-04-10T15:15:03Z</time></rtept><rtept lat="38.287553" lon="-106.520233"><ele>3365.6</ele><time>2026-04-10T15:15:03Z</time></rtept><rtept lat="38.287671" lon="-106.520251"><ele>3363.8</ele><time>2026-04-10T15:15:03Z</time></rtept><rtept lat="38.2877" lon="-106.520279"><ele>3362.6</ele><time>2026-04-10T15:15:03Z</time></rtept><rtept lat="38.287716" lon="-106.520343"><ele>3361.8</ele><time>2026-04-10T15:15:03Z</time></rtept><rtept lat="38.287743" lon="-106.52052"><ele>3358.0</ele><time>2026-04-10T15:15:03Z</time></rtept><rtept lat="38.287804" lon="-106.520661"><ele>3356.0</ele><time>2026-04-10T15:15:03Z</time></rtept><rtept lat="38.287836" lon="-106.520801"><ele>3353.6</ele><time>2026-04-10T15:15:03Z</time></rtept><rtept lat="38.287878" lon="-106.520876"><ele>3351.8</ele><time>2026-04-10T15:15:03Z</time></rtept><rtept lat="38.28805" lon="-106.520923"><ele>3350.4</ele><time>2026-04-10T15:15:03Z</time></rtept><rtept lat="38.288299" lon="-106.520869"><ele>3347.8</ele><time>2026-04-10T15:15:03Z</time></rtept><rtept lat="38.288455" lon="-106.52092"><ele>3345.6</ele><time>2026-04-10T15:15:03Z</time></rtept><rtept lat="38.28872" lon="-106.520979"><ele>3342.2</ele><time>2026-04-10T15:15:03Z</time></rtept><rtept lat="38.28882" lon="-106.521024"><ele>3340.6</ele><time>2026-04-10T15:15:03Z</time></rtept><rtept lat="38.288886" lon="-106.521138"><ele>3337.0</ele><time>2026-04-10T15:15:03Z</time></rtept><rtept lat="38.289012" lon="-106.52121"><ele>3333.8</ele><time>2026-04-10T15:15:03Z</time></rtept><rtept lat="38.289125" lon="-106.521282"><ele>3333.0</ele><time>2026-04-10T15:15:03Z</time></rtept><rtept lat="38.289225" lon="-106.521359"><ele>3329.8</ele><time>2026-04-10T15:15:03Z</time></rtept><rtept lat="38.289363" lon="-106.521421"><ele>3326.8</ele><time>2026-04-10T15:15:03Z</time></rtept><rtept lat="38.289388" lon="-106.521486"><ele>3325.4</ele><time>2026-04-10T15:15:03Z</time></rtept><rtept lat="38.289361" lon="-106.521565"><ele>3323.8</ele><time>2026-04-10T15:15:03Z</time></rtept><rtept lat="38.289317" lon="-106.521698"><ele>3323.2</ele><time>2026-04-10T15:15:03Z</time></rtept><rtept lat="38.289219" lon="-106.521787"><ele>3322.6</ele><time>2026-04-10T15:15:03Z</time></rtept><rtept lat="38.289121" lon="-106.521887"><ele>3322.6</ele><time>2026-04-10T15:15:03Z</time></rtept><rtept lat="38.289094" lon="-106.521993"><ele>3319.4</ele><time>2026-04-10T15:15:03Z</time></rtept><rtept lat="38.289055" lon="-106.522094"><ele>3318.6</ele><time>2026-04-10T15:15:03Z</time></rtept><rtept lat="38.288969" lon="-106.522204"><ele>3318.0</ele><time>2026-04-10T15:15:03Z</time></rtept><rtept lat="38.288828" lon="-106.522367"><ele>3316.6</ele><time>2026-04-10T15:15:03Z</time></rtept><rtept lat="38.288725" lon="-106.522499"><ele>3314.2</ele><time>2026-04-10T15:15:03Z</time></rtept><rtept lat="38.288664" lon="-106.522631"><ele>3313.4</ele><time>2026-04-10T15:15:03Z</time></rtept><rtept lat="38.288633" lon="-106.522754"><ele>3311.2</ele><time>2026-04-10T15:15:03Z</time></rtept><rtept lat="38.288623" lon="-106.522877"><ele>3309.6</ele><time>2026-04-10T15:15:03Z</time></rtept><rtept lat="38.288737" lon="-106.522906"><ele>3307.0</ele><time>2026-04-10T15:15:03Z</time></rtept><rtept lat="38.288846" lon="-106.522903"><ele>3306.0</ele><time>2026-04-10T15:15:03Z</time></rtept><rtept lat="38.289007" lon="-106.522885"><ele>3302.6</ele><time>2026-04-10T15:15:03Z</time></rtept><rtept lat="38.289192" lon="-106.522905"><ele>3300.6</ele><time>2026-04-10T15:15:03Z</time></rtept><rtept lat="38.289289" lon="-106.52288"><ele>3298.4</ele><time>2026-04-10T15:15:03Z</time></rtept><rtept lat="38.289408" lon="-106.522861"><ele>3296.4</ele><time>2026-04-10T15:15:03Z</time></rtept><rtept lat="38.289504" lon="-106.522943"><ele>3294.0</ele><time>2026-04-10T15:15:03Z</time></rtept><rtept lat="38.289626" lon="-106.52294"><ele>3292.4</ele><time>2026-04-10T15:15:03Z</time></rtept><rtept lat="38.28982" lon="-106.522966"><ele>3290.4</ele><time>2026-04-10T15:15:03Z</time></rtept><rtept lat="38.290089" lon="-106.523041"><ele>3286.8</ele><time>2026-04-10T15:15:03Z</time></rtept><rtept lat="38.290252" lon="-106.523103"><ele>3284.4</ele><time>2026-04-10T15:15:03Z</time></rtept><rtept lat="38.290358" lon="-106.523079"><ele>3284.6</ele><time>2026-04-10T15:15:03Z</time></rtept><rtept lat="38.290464" lon="-106.523044"><ele>3284.0</ele><time>2026-04-10T15:15:03Z</time></rtept><rtept lat="38.290564" lon="-106.523131"><ele>3281.8</ele><time>2026-04-10T15:15:03Z</time></rtept><rtept lat="38.290728" lon="-106.523161"><ele>3280.8</ele><time>2026-04-10T15:15:03Z</time></rtept><rtept lat="38.290837" lon="-106.523228"><ele>3278.0</ele><time>2026-04-10T15:15:03Z</time></rtept><rtept lat="38.290996" lon="-106.523279"><ele>3275.4</ele><time>2026-04-10T15:15:03Z</time></rtept><rtept lat="38.291185" lon="-106.523337"><ele>3273.6</ele><time>2026-04-10T15:15:03Z</time></rtept><rtept lat="38.291331" lon="-106.523436"><ele>3271.0</ele><time>2026-04-10T15:15:03Z</time></rtept><rtept lat="38.291466" lon="-106.523498"><ele>3268.6</ele><time>2026-04-10T15:15:03Z</time></rtept><rtept lat="38.291588" lon="-106.523516"><ele>3267.6</ele><time>2026-04-10T15:15:03Z</time></rtept><rtept lat="38.291692" lon="-106.523578"><ele>3265.8</ele><time>2026-04-10T15:15:03Z</time></rtept><rtept lat="38.291881" lon="-106.523656"><ele>3264.0</ele><time>2026-04-10T15:15:03Z</time></rtept><rtept lat="38.291965" lon="-106.523696"><ele>3262.2</ele><time>2026-04-10T15:15:03Z</time></rtept><rtept lat="38.291984" lon="-106.523824"><ele>3261.0</ele><time>2026-04-10T15:15:03Z</time></rtept><rtept lat="38.292033" lon="-106.52397"><ele>3258.4</ele><time>2026-04-10T15:15:03Z</time></rtept><rtept lat="38.292076" lon="-106.524212"><ele>3254.8</ele><time>2026-04-10T15:15:03Z</time></rtept><rtept lat="38.292126" lon="-106.524277"><ele>3254.6</ele><time>2026-04-10T15:15:03Z</time></rtept><rtept lat="38.292247" lon="-106.524386"><ele>3251.6</ele><time>2026-04-10T15:15:03Z</time></rtept><rtept lat="38.292311" lon="-106.524429"><ele>3251.4</ele><time>2026-04-10T15:15:03Z</time></rtept><rtept lat="38.292393" lon="-106.524502"><ele>3250.0</ele><time>2026-04-10T15:15:03Z</time></rtept><rtept lat="38.292714" lon="-106.524749"><ele>3246.2</ele><time>2026-04-10T15:15:03Z</time></rtept><rtept lat="38.293124" lon="-106.525052"><ele>3242.8</ele><time>2026-04-10T15:15:03Z</time></rtept><rtept lat="38.293202" lon="-106.525102"><ele>3242.2</ele><time>2026-04-10T15:15:03Z</time></rtept></rte></gpx>