<?xml version="1.0" ?><gpx xmlns="http://www.topografix.com/GPX/1/1" creator="GaiaGPS" version="1.1" xmlns:xsi="http://www.w3.org/2001/XMLSchema-instance" xsi:schemaLocation="http://www.topografix.com/GPX/1/1 http://www.topografix.com/GPX/1/1/gpx.xsd"><rte><name>TD09:S2:D4 Razor Cr to CO 114</name><desc>Trail day 9, segment 2, day 4. Town night in Gunnison.</desc><extensions><line xmlns="http://www.topografix.com/GPX/gpx_style/0/2"><color>FFEF00</color></line></extensions><rtept lat="38.293509" lon="-106.525554"><ele>3245.0</ele><time>2026-04-10T15:17:15Z</time></rtept><rtept lat="38.293588" lon="-106.525422"><ele>3245.0</ele><time>2026-04-10T15:17:15Z</time></rtept><rtept lat="38.293525" lon="-106.52536"><ele>3244.2</ele><time>2026-04-10T15:17:15Z</time></rtept><rtept lat="38.293437" lon="-106.525251"><ele>3242.8</ele><time>2026-04-10T15:17:15Z</time></rtept><rtept lat="38.293124" lon="-106.525052"><ele>3242.8</ele><time>2026-04-10T15:17:15Z</time></rtept><rtept lat="38.292714" lon="-106.524749"><ele>3246.2</ele><time>2026-04-10T15:17:15Z</time></rtept><rtept lat="38.292393" lon="-106.524502"><ele>3250.0</ele><time>2026-04-10T15:17:15Z</time></rtept><rtept lat="38.292311" lon="-106.524429"><ele>3251.4</ele><time>2026-04-10T15:17:15Z</time></rtept><rtept lat="38.292247" lon="-106.524386"><ele>3251.6</ele><time>2026-04-10T15:17:15Z</time></rtept><rtept lat="38.292126" lon="-106.524277"><ele>3254.6</ele><time>2026-04-10T15:17:15Z</time></rtept><rtept lat="38.292076" lon="-106.524212"><ele>3254.8</ele><time>2026-04-10T15:17:15Z</time></rtept><rtept lat="38.292033" lon="-106.52397"><ele>3258.4</ele><time>2026-04-10T15:17:15Z</time></rtept><rtept lat="38.291984" lon="-106.523824"><ele>3261.0</ele><time>2026-04-10T15:17:15Z</time></rtept><rtept lat="38.291965" lon="-106.523696"><ele>3262.2</ele><time>2026-04-10T15:17:15Z</time></rtept><rtept lat="38.291881" lon="-106.523656"><ele>3264.0</ele><time>2026-04-10T15:17:15Z</time></rtept><rtept lat="38.291692" lon="-106.523578"><ele>3265.8</ele><time>2026-04-10T15:17:15Z</time></rtept><rtept lat="38.291588" lon="-106.523516"><ele>3267.6</ele><time>2026-04-10T15:17:15Z</time></rtept><rtept lat="38.291466" lon="-106.523498"><ele>3268.6</ele><time>2026-04-10T15:17:15Z</time></rtept><rtept lat="38.291331" lon="-106.523436"><ele>3271.0</ele><time>2026-04-10T15:17:15Z</time></rtept><rtept lat="38.291185" lon="-106.523337"><ele>3273.6</ele><time>2026-04-10T15:17:15Z</time></rtept><rtept lat="38.290996" lon="-106.523279"><ele>3275.4</ele><time>2026-04-10T15:17:15Z</time></rtept><rtept lat="38.290837" lon="-106.523228"><ele>3278.0</ele><time>2026-04-10T15:17:15Z</time></rtept><rtept lat="38.290728" lon="-106.523161"><ele>3280.8</ele><time>2026-04-10T15:17:15Z</time></rtept><rtept lat="38.290564" lon="-106.523131"><ele>3281.8</ele><time>2026-04-10T15:17:15Z</time></rtept><rtept lat="38.290464" lon="-106.523044"><ele>3284.0</ele><time>2026-04-10T15:17:15Z</time></rtept><rtept lat="38.290358" lon="-106.523079"><ele>3284.6</ele><time>2026-04-10T15:17:15Z</time></rtept><rtept lat="38.290252" lon="-106.523103"><ele>3284.4</ele><time>2026-04-10T15:17:15Z</time></rtept><rtept lat="38.290089" lon="-106.523041"><ele>3286.8</ele><time>2026-04-10T15:17:15Z</time></rtept><rtept lat="38.28982" lon="-106.522966"><ele>3290.4</ele><time>2026-04-10T15:17:15Z</time></rtept><rtept lat="38.289626" lon="-106.52294"><ele>3292.4</ele><time>2026-04-10T15:17:15Z</time></rtept><rtept lat="38.289504" lon="-106.522943"><ele>3294.0</ele><time>2026-04-10T15:17:15Z</time></rtept><rtept lat="38.289408" lon="-106.522861"><ele>3296.4</ele><time>2026-04-10T15:17:15Z</time></rtept><rtept lat="38.289289" lon="-106.52288"><ele>3298.4</ele><time>2026-04-10T15:17:15Z</time></rtept><rtept lat="38.289192" lon="-106.522905"><ele>3300.6</ele><time>2026-04-10T15:17:15Z</time></rtept><rtept lat="38.289007" lon="-106.522885"><ele>3302.6</ele><time>2026-04-10T15:17:15Z</time></rtept><rtept lat="38.288846" lon="-106.522903"><ele>3306.0</ele><time>2026-04-10T15:17:15Z</time></rtept><rtept lat="38.288737" lon="-106.522906"><ele>3307.0</ele><time>2026-04-10T15:17:15Z</time></rtept><rtept lat="38.288623" lon="-106.522877"><ele>3309.6</ele><time>2026-04-10T15:17:15Z</time></rtept><rtept lat="38.288633" lon="-106.522754"><ele>3311.2</ele><time>2026-04-10T15:17:15Z</time></rtept><rtept lat="38.288664" lon="-106.522631"><ele>3313.4</ele><time>2026-04-10T15:17:15Z</time></rtept><rtept lat="38.288725" lon="-106.522499"><ele>3314.2</ele><time>2026-04-10T15:17:15Z</time></rtept><rtept lat="38.288828" lon="-106.522367"><ele>3316.6</ele><time>2026-04-10T15:17:15Z</time></rtept><rtept lat="38.288969" lon="-106.522204"><ele>3318.0</ele><time>2026-04-10T15:17:15Z</time></rtept><rtept lat="38.289055" lon="-106.522094"><ele>3318.6</ele><time>2026-04-10T15:17:15Z</time></rtept><rtept lat="38.289094" lon="-106.521993"><ele>3319.4</ele><time>2026-04-10T15:17:15Z</time></rtept><rtept lat="38.289121" lon="-106.521887"><ele>3322.6</ele><time>2026-04-10T15:17:15Z</time></rtept><rtept lat="38.289219" lon="-106.521787"><ele>3322.6</ele><time>2026-04-10T15:17:15Z</time></rtept><rtept lat="38.289317" lon="-106.521698"><ele>3323.2</ele><time>2026-04-10T15:17:15Z</time></rtept><rtept lat="38.289361" lon="-106.521565"><ele>3323.8</ele><time>2026-04-10T15:17:15Z</time></rtept><rtept lat="38.289388" lon="-106.521486"><ele>3325.4</ele><time>2026-04-10T15:17:15Z</time></rtept><rtept lat="38.289363" lon="-106.521421"><ele>3326.8</ele><time>2026-04-10T15:17:15Z</time></rtept><rtept lat="38.289225" lon="-106.521359"><ele>3329.8</ele><time>2026-04-10T15:17:15Z</time></rtept><rtept lat="38.289125" lon="-106.521282"><ele>3333.0</ele><time>2026-04-10T15:17:15Z</time></rtept><rtept lat="38.289012" lon="-106.52121"><ele>3333.8</ele><time>2026-04-10T15:17:15Z</time></rtept><rtept lat="38.288886" lon="-106.521138"><ele>3337.0</ele><time>2026-04-10T15:17:15Z</time></rtept><rtept lat="38.28882" lon="-106.521024"><ele>3340.6</ele><time>2026-04-10T15:17:15Z</time></rtept><rtept lat="38.28872" lon="-106.520979"><ele>3342.2</ele><time>2026-04-10T15:17:15Z</time></rtept><rtept lat="38.288455" lon="-106.52092"><ele>3345.6</ele><time>2026-04-10T15:17:15Z</time></rtept><rtept lat="38.288299" lon="-106.520869"><ele>3347.8</ele><time>2026-04-10T15:17:15Z</time></rtept><rtept lat="38.28805" lon="-106.520923"><ele>3350.4</ele><time>2026-04-10T15:17:15Z</time></rtept><rtept lat="38.287878" lon="-106.520876"><ele>3351.8</ele><time>2026-04-10T15:17:15Z</time></rtept><rtept lat="38.287836" lon="-106.520801"><ele>3353.6</ele><time>2026-04-10T15:17:15Z</time></rtept><rtept lat="38.287804" lon="-106.520661"><ele>3356.0</ele><time>2026-04-10T15:17:15Z</time></rtept><rtept lat="38.287743" lon="-106.52052"><ele>3358.0</ele><time>2026-04-10T15:17:15Z</time></rtept><rtept lat="38.287716" lon="-106.520343"><ele>3361.8</ele><time>2026-04-10T15:17:15Z</time></rtept><rtept lat="38.2877" lon="-106.520279"><ele>3362.6</ele><time>2026-04-10T15:17:15Z</time></rtept><rtept lat="38.287671" lon="-106.520251"><ele>3363.8</ele><time>2026-04-10T15:17:15Z</time></rtept><rtept lat="38.287553" lon="-106.520233"><ele>3365.6</ele><time>2026-04-10T15:17:15Z</time></rtept><rtept lat="38.287411" lon="-106.520139"><ele>3368.0</ele><time>2026-04-10T15:17:15Z</time></rtept><rtept lat="38.287351" lon="-106.520069"><ele>3369.2</ele><time>2026-04-10T15:17:15Z</time></rtept><rtept lat="38.287351" lon="-106.520069"><ele>3369.2</ele><time>2026-04-10T15:17:15Z</time></rtept><rtept lat="38.287265" lon="-106.519969"><ele>3370.0</ele><time>2026-04-10T15:17:15Z</time></rtept><rtept lat="38.287207" lon="-106.519888"><ele>3370.6</ele><time>2026-04-10T15:17:15Z</time></rtept><rtept lat="38.287064" lon="-106.51987"><ele>3371.8</ele><time>2026-04-10T15:17:15Z</time></rtept><rtept lat="38.286967" lon="-106.519851"><ele>3373.2</ele><time>2026-04-10T15:17:15Z</time></rtept><rtept lat="38.286767" lon="-106.519853"><ele>3376.2</ele><time>2026-04-10T15:17:15Z</time></rtept><rtept lat="38.286671" lon="-106.519917"><ele>3377.0</ele><time>2026-04-10T15:17:15Z</time></rtept><rtept lat="38.28656" lon="-106.519853"><ele>3378.8</ele><time>2026-04-10T15:17:15Z</time></rtept><rtept lat="38.286519" lon="-106.519845"><ele>3378.8</ele><time>2026-04-10T15:17:15Z</time></rtept><rtept lat="38.286474" lon="-106.519831"><ele>3378.8</ele><time>2026-04-10T15:17:15Z</time></rtept><rtept lat="38.286438" lon="-106.519825"><ele>3378.8</ele><time>2026-04-10T15:17:15Z</time></rtept><rtept lat="38.286362" lon="-106.519832"><ele>3379.8</ele><time>2026-04-10T15:17:15Z</time></rtept><rtept lat="38.286348" lon="-106.519835"><ele>3380.4</ele><time>2026-04-10T15:17:15Z</time></rtept><rtept lat="38.286317" lon="-106.519821"><ele>3379.8</ele><time>2026-04-10T15:17:15Z</time></rtept><rtept lat="38.286267" lon="-106.519844"><ele>3380.6</ele><time>2026-04-10T15:17:15Z</time></rtept><rtept lat="38.28623" lon="-106.519864"><ele>3381.0</ele><time>2026-04-10T15:17:15Z</time></rtept><rtept lat="38.28619" lon="-106.519881"><ele>3381.0</ele><time>2026-04-10T15:17:15Z</time></rtept><rtept lat="38.286149" lon="-106.519898"><ele>3381.2</ele><time>2026-04-10T15:17:15Z</time></rtept><rtept lat="38.286068" lon="-106.519922"><ele>3381.8</ele><time>2026-04-10T15:17:15Z</time></rtept><rtept lat="38.286054" lon="-106.519929"><ele>3381.8</ele><time>2026-04-10T15:17:15Z</time></rtept><rtept lat="38.286009" lon="-106.519955"><ele>3382.0</ele><time>2026-04-10T15:17:15Z</time></rtept><rtept lat="38.285964" lon="-106.519953"><ele>3382.0</ele><time>2026-04-10T15:17:15Z</time></rtept><rtept lat="38.285918" lon="-106.51996"><ele>3382.2</ele><time>2026-04-10T15:17:15Z</time></rtept><rtept lat="38.285873" lon="-106.519975"><ele>3382.4</ele><time>2026-04-10T15:17:15Z</time></rtept><rtept lat="38.285833" lon="-106.519973"><ele>3382.4</ele><time>2026-04-10T15:17:15Z</time></rtept><rtept lat="38.285787" lon="-106.519991"><ele>3382.8</ele><time>2026-04-10T15:17:15Z</time></rtept><rtept lat="38.285747" lon="-106.519997"><ele>3383.0</ele><time>2026-04-10T15:17:15Z</time></rtept><rtept lat="38.285692" lon="-106.520009"><ele>3383.4</ele><time>2026-04-10T15:17:15Z</time></rtept><rtept lat="38.285661" lon="-106.520026"><ele>3383.4</ele><time>2026-04-10T15:17:15Z</time></rtept><rtept lat="38.28562" lon="-106.52002"><ele>3383.8</ele><time>2026-04-10T15:17:15Z</time></rtept><rtept lat="38.28558" lon="-106.520001"><ele>3383.4</ele><time>2026-04-10T15:17:15Z</time></rtept><rtept lat="38.285535" lon="-106.519995"><ele>3383.8</ele><time>2026-04-10T15:17:15Z</time></rtept><rtept lat="38.285499" lon="-106.519989"><ele>3383.8</ele><time>2026-04-10T15:17:15Z</time></rtept><rtept lat="38.285463" lon="-106.519994"><ele>3384.0</ele><time>2026-04-10T15:17:15Z</time></rtept><rtept lat="38.285427" lon="-106.520026"><ele>3384.4</ele><time>2026-04-10T15:17:15Z</time></rtept><rtept lat="38.285399" lon="-106.520065"><ele>3384.8</ele><time>2026-04-10T15:17:15Z</time></rtept><rtept lat="38.285362" lon="-106.520111"><ele>3385.2</ele><time>2026-04-10T15:17:15Z</time></rtept><rtept lat="38.28533" lon="-106.520137"><ele>3385.8</ele><time>2026-04-10T15:17:15Z</time></rtept><rtept lat="38.285294" lon="-106.520134"><ele>3385.8</ele><time>2026-04-10T15:17:15Z</time></rtept><rtept lat="38.285263" lon="-106.520115"><ele>3386.2</ele><time>2026-04-10T15:17:15Z</time></rtept><rtept lat="38.285227" lon="-106.520103"><ele>3386.2</ele><time>2026-04-10T15:17:15Z</time></rtept><rtept lat="38.285187" lon="-106.520103"><ele>3386.6</ele><time>2026-04-10T15:17:15Z</time></rtept><rtept lat="38.285151" lon="-106.520102"><ele>3387.0</ele><time>2026-04-10T15:17:15Z</time></rtept><rtept lat="38.285114" lon="-106.520126"><ele>3387.0</ele><time>2026-04-10T15:17:15Z</time></rtept><rtept lat="38.285082" lon="-106.520145"><ele>3387.4</ele><time>2026-04-10T15:17:15Z</time></rtept><rtept lat="38.285059" lon="-106.52017"><ele>3387.4</ele><time>2026-04-10T15:17:15Z</time></rtept><rtept lat="38.285041" lon="-106.520223"><ele>3387.8</ele><time>2026-04-10T15:17:15Z</time></rtept><rtept lat="38.285022" lon="-106.520263"><ele>3388.2</ele><time>2026-04-10T15:17:15Z</time></rtept><rtept lat="38.285008" lon="-106.520305"><ele>3388.6</ele><time>2026-04-10T15:17:15Z</time></rtept><rtept lat="38.285021" lon="-106.520354"><ele>3388.6</ele><time>2026-04-10T15:17:15Z</time></rtept><rtept lat="38.285025" lon="-106.520407"><ele>3388.6</ele><time>2026-04-10T15:17:15Z</time></rtept><rtept lat="38.285015" lon="-106.520458"><ele>3389.4</ele><time>2026-04-10T15:17:15Z</time></rtept><rtept lat="38.285005" lon="-106.520509"><ele>3389.4</ele><time>2026-04-10T15:17:15Z</time></rtept><rtept lat="38.284996" lon="-106.520554"><ele>3389.6</ele><time>2026-04-10T15:17:15Z</time></rtept><rtept lat="38.285004" lon="-106.520624"><ele>3389.8</ele><time>2026-04-10T15:17:15Z</time></rtept><rtept lat="38.285004" lon="-106.520661"><ele>3389.8</ele><time>2026-04-10T15:17:15Z</time></rtept><rtept lat="38.284989" lon="-106.520705"><ele>3390.0</ele><time>2026-04-10T15:17:15Z</time></rtept><rtept lat="38.284971" lon="-106.520756"><ele>3390.0</ele><time>2026-04-10T15:17:15Z</time></rtept><rtept lat="38.284952" lon="-106.520802"><ele>3390.0</ele><time>2026-04-10T15:17:15Z</time></rtept><rtept lat="38.284947" lon="-106.520857"><ele>3391.0</ele><time>2026-04-10T15:17:15Z</time></rtept><rtept lat="38.284937" lon="-106.520912"><ele>3390.8</ele><time>2026-04-10T15:17:15Z</time></rtept><rtept lat="38.284914" lon="-106.520955"><ele>3390.6</ele><time>2026-04-10T15:17:15Z</time></rtept><rtept lat="38.284896" lon="-106.520998"><ele>3390.6</ele><time>2026-04-10T15:17:15Z</time></rtept><rtept lat="38.284881" lon="-106.521049"><ele>3391.4</ele><time>2026-04-10T15:17:15Z</time></rtept><rtept lat="38.284872" lon="-106.521103"><ele>3391.4</ele><time>2026-04-10T15:17:15Z</time></rtept><rtept lat="38.284862" lon="-106.521154"><ele>3391.2</ele><time>2026-04-10T15:17:15Z</time></rtept><rtept lat="38.284848" lon="-106.521192"><ele>3391.2</ele><time>2026-04-10T15:17:15Z</time></rtept><rtept lat="38.284843" lon="-106.521264"><ele>3390.8</ele><time>2026-04-10T15:17:15Z</time></rtept><rtept lat="38.284837" lon="-106.521316"><ele>3390.2</ele><time>2026-04-10T15:17:15Z</time></rtept><rtept lat="38.284823" lon="-106.521385"><ele>3389.4</ele><time>2026-04-10T15:17:15Z</time></rtept><rtept lat="38.284818" lon="-106.521436"><ele>3389.4</ele><time>2026-04-10T15:17:15Z</time></rtept><rtept lat="38.284813" lon="-106.52147"><ele>3390.0</ele><time>2026-04-10T15:17:15Z</time></rtept><rtept lat="38.284808" lon="-106.521523"><ele>3390.0</ele><time>2026-04-10T15:17:15Z</time></rtept><rtept lat="38.284807" lon="-106.521579"><ele>3389.4</ele><time>2026-04-10T15:17:15Z</time></rtept><rtept lat="38.284793" lon="-106.521629"><ele>3389.4</ele><time>2026-04-10T15:17:15Z</time></rtept><rtept lat="38.284779" lon="-106.521656"><ele>3388.8</ele><time>2026-04-10T15:17:15Z</time></rtept><rtept lat="38.284769" lon="-106.521714"><ele>3388.8</ele><time>2026-04-10T15:17:15Z</time></rtept><rtept lat="38.284764" lon="-106.521734"><ele>3388.4</ele><time>2026-04-10T15:17:15Z</time></rtept><rtept lat="38.284759" lon="-106.52177"><ele>3388.4</ele><time>2026-04-10T15:17:15Z</time></rtept><rtept lat="38.284745" lon="-106.521824"><ele>3389.0</ele><time>2026-04-10T15:17:15Z</time></rtept><rtept lat="38.284731" lon="-106.521896"><ele>3388.4</ele><time>2026-04-10T15:17:15Z</time></rtept><rtept lat="38.284712" lon="-106.521919"><ele>3388.4</ele><time>2026-04-10T15:17:15Z</time></rtept><rtept lat="38.284685" lon="-106.521975"><ele>3388.4</ele><time>2026-04-10T15:17:15Z</time></rtept><rtept lat="38.284657" lon="-106.522016"><ele>3389.0</ele><time>2026-04-10T15:17:15Z</time></rtept><rtept lat="38.284634" lon="-106.522057"><ele>3389.0</ele><time>2026-04-10T15:17:15Z</time></rtept><rtept lat="38.284629" lon="-106.52211"><ele>3388.6</ele><time>2026-04-10T15:17:15Z</time></rtept><rtept lat="38.284615" lon="-106.522161"><ele>3388.2</ele><time>2026-04-10T15:17:15Z</time></rtept><rtept lat="38.284596" lon="-106.522208"><ele>3389.2</ele><time>2026-04-10T15:17:15Z</time></rtept><rtept lat="38.284569" lon="-106.522244"><ele>3388.8</ele><time>2026-04-10T15:17:15Z</time></rtept><rtept lat="38.284532" lon="-106.52228"><ele>3389.8</ele><time>2026-04-10T15:17:15Z</time></rtept><rtept lat="38.284505" lon="-106.522312"><ele>3389.8</ele><time>2026-04-10T15:17:15Z</time></rtept><rtept lat="38.284482" lon="-106.522345"><ele>3389.4</ele><time>2026-04-10T15:17:15Z</time></rtept><rtept lat="38.284458" lon="-106.522396"><ele>3390.4</ele><time>2026-04-10T15:17:15Z</time></rtept><rtept lat="38.28444" lon="-106.522438"><ele>3390.0</ele><time>2026-04-10T15:17:15Z</time></rtept><rtept lat="38.284421" lon="-106.522486"><ele>3390.0</ele><time>2026-04-10T15:17:15Z</time></rtept><rtept lat="38.284407" lon="-106.522537"><ele>3390.6</ele><time>2026-04-10T15:17:15Z</time></rtept><rtept lat="38.284369" lon="-106.522658"><ele>3390.2</ele><time>2026-04-10T15:17:15Z</time></rtept><rtept lat="38.284356" lon="-106.522682"><ele>3390.0</ele><time>2026-04-10T15:17:15Z</time></rtept><rtept lat="38.284324" lon="-106.522717"><ele>3391.0</ele><time>2026-04-10T15:17:15Z</time></rtept><rtept lat="38.284287" lon="-106.522747"><ele>3391.0</ele><time>2026-04-10T15:17:15Z</time></rtept><rtept lat="38.284246" lon="-106.522771"><ele>3391.6</ele><time>2026-04-10T15:17:15Z</time></rtept><rtept lat="38.284205" lon="-106.522808"><ele>3392.4</ele><time>2026-04-10T15:17:15Z</time></rtept><rtept lat="38.284169" lon="-106.522831"><ele>3392.4</ele><time>2026-04-10T15:17:15Z</time></rtept><rtept lat="38.284133" lon="-106.52286"><ele>3393.2</ele><time>2026-04-10T15:17:15Z</time></rtept><rtept lat="38.2841" lon="-106.522894"><ele>3393.2</ele><time>2026-04-10T15:17:15Z</time></rtept><rtept lat="38.284073" lon="-106.522944"><ele>3393.8</ele><time>2026-04-10T15:17:15Z</time></rtept><rtept lat="38.284045" lon="-106.522972"><ele>3393.8</ele><time>2026-04-10T15:17:15Z</time></rtept><rtept lat="38.284013" lon="-106.523022"><ele>3393.6</ele><time>2026-04-10T15:17:15Z</time></rtept><rtept lat="38.283986" lon="-106.523055"><ele>3394.6</ele><time>2026-04-10T15:17:15Z</time></rtept><rtept lat="38.283963" lon="-106.523101"><ele>3394.6</ele><time>2026-04-10T15:17:15Z</time></rtept><rtept lat="38.28394" lon="-106.523148"><ele>3395.8</ele><time>2026-04-10T15:17:15Z</time></rtept><rtept lat="38.283916" lon="-106.523211"><ele>3395.8</ele><time>2026-04-10T15:17:15Z</time></rtept><rtept lat="38.283897" lon="-106.523254"><ele>3395.8</ele><time>2026-04-10T15:17:15Z</time></rtept><rtept lat="38.283879" lon="-106.523312"><ele>3395.6</ele><time>2026-04-10T15:17:15Z</time></rtept><rtept lat="38.28386" lon="-106.523357"><ele>3397.0</ele><time>2026-04-10T15:17:15Z</time></rtept><rtept lat="38.283837" lon="-106.523389"><ele>3397.0</ele><time>2026-04-10T15:17:15Z</time></rtept><rtept lat="38.28381" lon="-106.523428"><ele>3397.0</ele><time>2026-04-10T15:17:15Z</time></rtept><rtept lat="38.283773" lon="-106.523465"><ele>3398.6</ele><time>2026-04-10T15:17:15Z</time></rtept><rtept lat="38.283737" lon="-106.523488"><ele>3399.8</ele><time>2026-04-10T15:17:15Z</time></rtept><rtept lat="38.283701" lon="-106.523503"><ele>3399.8</ele><time>2026-04-10T15:17:15Z</time></rtept><rtept lat="38.28366" lon="-106.523524"><ele>3401.2</ele><time>2026-04-10T15:17:15Z</time></rtept><rtept lat="38.283633" lon="-106.52354"><ele>3401.2</ele><time>2026-04-10T15:17:15Z</time></rtept><rtept lat="38.283601" lon="-106.523559"><ele>3402.0</ele><time>2026-04-10T15:17:15Z</time></rtept><rtept lat="38.283582" lon="-106.523583"><ele>3402.0</ele><time>2026-04-10T15:17:15Z</time></rtept><rtept lat="38.283582" lon="-106.523617"><ele>3402.6</ele><time>2026-04-10T15:17:15Z</time></rtept><rtept lat="38.283577" lon="-106.523665"><ele>3402.6</ele><time>2026-04-10T15:17:15Z</time></rtept><rtept lat="38.283567" lon="-106.52371"><ele>3403.4</ele><time>2026-04-10T15:17:15Z</time></rtept><rtept lat="38.283544" lon="-106.523764"><ele>3403.4</ele><time>2026-04-10T15:17:15Z</time></rtept><rtept lat="38.283526" lon="-106.523787"><ele>3405.0</ele><time>2026-04-10T15:17:15Z</time></rtept><rtept lat="38.283498" lon="-106.523826"><ele>3405.0</ele><time>2026-04-10T15:17:15Z</time></rtept><rtept lat="38.283416" lon="-106.523903"><ele>3406.8</ele><time>2026-04-10T15:17:15Z</time></rtept><rtept lat="38.283402" lon="-106.523926"><ele>3406.8</ele><time>2026-04-10T15:17:15Z</time></rtept><rtept lat="38.283366" lon="-106.523954"><ele>3408.6</ele><time>2026-04-10T15:17:15Z</time></rtept><rtept lat="38.283325" lon="-106.523978"><ele>3409.8</ele><time>2026-04-10T15:17:15Z</time></rtept><rtept lat="38.283284" lon="-106.524001"><ele>3409.8</ele><time>2026-04-10T15:17:15Z</time></rtept><rtept lat="38.283248" lon="-106.524027"><ele>3411.0</ele><time>2026-04-10T15:17:15Z</time></rtept><rtept lat="38.283216" lon="-106.524054"><ele>3412.0</ele><time>2026-04-10T15:17:15Z</time></rtept><rtept lat="38.283193" lon="-106.524095"><ele>3413.2</ele><time>2026-04-10T15:17:15Z</time></rtept><rtept lat="38.283188" lon="-106.524145"><ele>3414.2</ele><time>2026-04-10T15:17:15Z</time></rtept><rtept lat="38.283173" lon="-106.524195"><ele>3414.2</ele><time>2026-04-10T15:17:15Z</time></rtept><rtept lat="38.283142" lon="-106.524212"><ele>3415.2</ele><time>2026-04-10T15:17:15Z</time></rtept><rtept lat="38.283101" lon="-106.524223"><ele>3416.2</ele><time>2026-04-10T15:17:15Z</time></rtept><rtept lat="38.28306" lon="-106.524236"><ele>3417.0</ele><time>2026-04-10T15:17:15Z</time></rtept><rtept lat="38.283019" lon="-106.52426"><ele>3417.0</ele><time>2026-04-10T15:17:15Z</time></rtept><rtept lat="38.282983" lon="-106.524282"><ele>3417.4</ele><time>2026-04-10T15:17:15Z</time></rtept><rtept lat="38.282942" lon="-106.524302"><ele>3418.4</ele><time>2026-04-10T15:17:15Z</time></rtept><rtept lat="38.28291" lon="-106.524335"><ele>3418.8</ele><time>2026-04-10T15:17:15Z</time></rtept><rtept lat="38.282874" lon="-106.524358"><ele>3418.8</ele><time>2026-04-10T15:17:15Z</time></rtept><rtept lat="38.282846" lon="-106.5244"><ele>3419.4</ele><time>2026-04-10T15:17:15Z</time></rtept><rtept lat="38.282819" lon="-106.524437"><ele>3419.4</ele><time>2026-04-10T15:17:15Z</time></rtept><rtept lat="38.282805" lon="-106.52449"><ele>3419.6</ele><time>2026-04-10T15:17:15Z</time></rtept><rtept lat="38.282786" lon="-106.524535"><ele>3419.8</ele><time>2026-04-10T15:17:15Z</time></rtept><rtept lat="38.282754" lon="-106.52457"><ele>3419.8</ele><time>2026-04-10T15:17:15Z</time></rtept><rtept lat="38.282727" lon="-106.52459"><ele>3419.8</ele><time>2026-04-10T15:17:15Z</time></rtept><rtept lat="38.282668" lon="-106.524597"><ele>3419.8</ele><time>2026-04-10T15:17:15Z</time></rtept><rtept lat="38.282632" lon="-106.524609"><ele>3419.6</ele><time>2026-04-10T15:17:15Z</time></rtept><rtept lat="38.282595" lon="-106.524648"><ele>3419.6</ele><time>2026-04-10T15:17:15Z</time></rtept><rtept lat="38.282568" lon="-106.524671"><ele>3419.4</ele><time>2026-04-10T15:17:15Z</time></rtept><rtept lat="38.282536" lon="-106.524699"><ele>3419.4</ele><time>2026-04-10T15:17:15Z</time></rtept><rtept lat="38.282513" lon="-106.524706"><ele>3418.8</ele><time>2026-04-10T15:17:15Z</time></rtept><rtept lat="38.282482" lon="-106.524691"><ele>3418.8</ele><time>2026-04-10T15:17:15Z</time></rtept><rtept lat="38.282451" lon="-106.524677"><ele>3418.4</ele><time>2026-04-10T15:17:15Z</time></rtept><rtept lat="38.28237" lon="-106.52466"><ele>3418.0</ele><time>2026-04-10T15:17:15Z</time></rtept><rtept lat="38.282338" lon="-106.524668"><ele>3418.0</ele><time>2026-04-10T15:17:15Z</time></rtept><rtept lat="38.282298" lon="-106.524661"><ele>3417.8</ele><time>2026-04-10T15:17:15Z</time></rtept><rtept lat="38.282257" lon="-106.524645"><ele>3417.8</ele><time>2026-04-10T15:17:15Z</time></rtept><rtept lat="38.282212" lon="-106.524637"><ele>3417.8</ele><time>2026-04-10T15:17:15Z</time></rtept><rtept lat="38.282172" lon="-106.524635"><ele>3418.0</ele><time>2026-04-10T15:17:15Z</time></rtept><rtept lat="38.282131" lon="-106.524617"><ele>3418.0</ele><time>2026-04-10T15:17:15Z</time></rtept><rtept lat="38.282091" lon="-106.524605"><ele>3418.4</ele><time>2026-04-10T15:17:15Z</time></rtept><rtept lat="38.281988" lon="-106.524574"><ele>3419.0</ele><time>2026-04-10T15:17:15Z</time></rtept><rtept lat="38.281952" lon="-106.524569"><ele>3419.8</ele><time>2026-04-10T15:17:15Z</time></rtept><rtept lat="38.281916" lon="-106.52457"><ele>3420.4</ele><time>2026-04-10T15:17:15Z</time></rtept><rtept lat="38.281884" lon="-106.524577"><ele>3420.4</ele><time>2026-04-10T15:17:15Z</time></rtept><rtept lat="38.281848" lon="-106.524577"><ele>3420.4</ele><time>2026-04-10T15:17:15Z</time></rtept><rtept lat="38.281821" lon="-106.524589"><ele>3420.4</ele><time>2026-04-10T15:17:15Z</time></rtept><rtept lat="38.281749" lon="-106.524592"><ele>3420.4</ele><time>2026-04-10T15:17:15Z</time></rtept><rtept lat="38.281704" lon="-106.524598"><ele>3420.4</ele><time>2026-04-10T15:17:15Z</time></rtept><rtept lat="38.281668" lon="-106.524602"><ele>3420.4</ele><time>2026-04-10T15:17:15Z</time></rtept><rtept lat="38.281622" lon="-106.524609"><ele>3420.2</ele><time>2026-04-10T15:17:15Z</time></rtept><rtept lat="38.281582" lon="-106.524606"><ele>3419.4</ele><time>2026-04-10T15:17:15Z</time></rtept><rtept lat="38.281537" lon="-106.524599"><ele>3419.4</ele><time>2026-04-10T15:17:15Z</time></rtept><rtept lat="38.281501" lon="-106.524601"><ele>3418.6</ele><time>2026-04-10T15:17:15Z</time></rtept><rtept lat="38.28146" lon="-106.524601"><ele>3418.6</ele><time>2026-04-10T15:17:15Z</time></rtept><rtept lat="38.28142" lon="-106.524596"><ele>3417.8</ele><time>2026-04-10T15:17:15Z</time></rtept><rtept lat="38.281379" lon="-106.52459"><ele>3417.0</ele><time>2026-04-10T15:17:15Z</time></rtept><rtept lat="38.281339" lon="-106.524591"><ele>3417.0</ele><time>2026-04-10T15:17:15Z</time></rtept><rtept lat="38.281298" lon="-106.524591"><ele>3415.8</ele><time>2026-04-10T15:17:15Z</time></rtept><rtept lat="38.281258" lon="-106.524597"><ele>3415.8</ele><time>2026-04-10T15:17:15Z</time></rtept><rtept lat="38.281217" lon="-106.524593"><ele>3414.6</ele><time>2026-04-10T15:17:15Z</time></rtept><rtept lat="38.281177" lon="-106.52458"><ele>3413.4</ele><time>2026-04-10T15:17:15Z</time></rtept><rtept lat="38.281136" lon="-106.524576"><ele>3413.4</ele><time>2026-04-10T15:17:15Z</time></rtept><rtept lat="38.281105" lon="-106.524569"><ele>3412.6</ele><time>2026-04-10T15:17:15Z</time></rtept><rtept lat="38.281069" lon="-106.524571"><ele>3412.6</ele><time>2026-04-10T15:17:15Z</time></rtept><rtept lat="38.281032" lon="-106.524579"><ele>3411.8</ele><time>2026-04-10T15:17:15Z</time></rtept><rtept lat="38.280992" lon="-106.524588"><ele>3411.8</ele><time>2026-04-10T15:17:15Z</time></rtept><rtept lat="38.28096" lon="-106.524605"><ele>3411.0</ele><time>2026-04-10T15:17:15Z</time></rtept><rtept lat="38.280928" lon="-106.524627"><ele>3411.0</ele><time>2026-04-10T15:17:15Z</time></rtept><rtept lat="38.280901" lon="-106.524663"><ele>3409.2</ele><time>2026-04-10T15:17:15Z</time></rtept><rtept lat="38.280882" lon="-106.524702"><ele>3409.2</ele><time>2026-04-10T15:17:15Z</time></rtept><rtept lat="38.280855" lon="-106.524723"><ele>3409.2</ele><time>2026-04-10T15:17:15Z</time></rtept><rtept lat="38.280823" lon="-106.524754"><ele>3407.2</ele><time>2026-04-10T15:17:15Z</time></rtept><rtept lat="38.280783" lon="-106.524747"><ele>3407.2</ele><time>2026-04-10T15:17:15Z</time></rtept><rtept lat="38.280746" lon="-106.524763"><ele>3407.0</ele><time>2026-04-10T15:17:15Z</time></rtept><rtept lat="38.280706" lon="-106.524774"><ele>3406.8</ele><time>2026-04-10T15:17:15Z</time></rtept><rtept lat="38.280665" lon="-106.524776"><ele>3406.8</ele><time>2026-04-10T15:17:15Z</time></rtept><rtept lat="38.280633" lon="-106.524796"><ele>3406.6</ele><time>2026-04-10T15:17:15Z</time></rtept><rtept lat="38.280601" lon="-106.524824"><ele>3404.8</ele><time>2026-04-10T15:17:15Z</time></rtept><rtept lat="38.280565" lon="-106.524845"><ele>3404.8</ele><time>2026-04-10T15:17:15Z</time></rtept><rtept lat="38.280533" lon="-106.524872"><ele>3404.8</ele><time>2026-04-10T15:17:15Z</time></rtept><rtept lat="38.280501" lon="-106.524892"><ele>3404.6</ele><time>2026-04-10T15:17:15Z</time></rtept><rtept lat="38.28047" lon="-106.524912"><ele>3402.6</ele><time>2026-04-10T15:17:15Z</time></rtept><rtept lat="38.280419" lon="-106.524969"><ele>3402.6</ele><time>2026-04-10T15:17:15Z</time></rtept><rtept lat="38.280406" lon="-106.524976"><ele>3402.6</ele><time>2026-04-10T15:17:15Z</time></rtept><rtept lat="38.280369" lon="-106.524984"><ele>3400.6</ele><time>2026-04-10T15:17:15Z</time></rtept><rtept lat="38.280325" lon="-106.524965"><ele>3402.6</ele><time>2026-04-10T15:17:15Z</time></rtept><rtept lat="38.280298" lon="-106.52497"><ele>3402.8</ele><time>2026-04-10T15:17:15Z</time></rtept><rtept lat="38.280261" lon="-106.524984"><ele>3401.0</ele><time>2026-04-10T15:17:15Z</time></rtept><rtept lat="38.280203" lon="-106.52499"><ele>3401.0</ele><time>2026-04-10T15:17:15Z</time></rtept><rtept lat="38.280166" lon="-106.525016"><ele>3401.0</ele><time>2026-04-10T15:17:15Z</time></rtept><rtept lat="38.280134" lon="-106.525047"><ele>3401.0</ele><time>2026-04-10T15:17:15Z</time></rtept><rtept lat="38.280098" lon="-106.525061"><ele>3400.6</ele><time>2026-04-10T15:17:15Z</time></rtept><rtept lat="38.280066" lon="-106.52508"><ele>3399.2</ele><time>2026-04-10T15:17:15Z</time></rtept><rtept lat="38.28003" lon="-106.525101"><ele>3399.0</ele><time>2026-04-10T15:17:15Z</time></rtept><rtept lat="38.279994" lon="-106.525123"><ele>3399.0</ele><time>2026-04-10T15:17:15Z</time></rtept><rtept lat="38.279962" lon="-106.525145"><ele>3398.6</ele><time>2026-04-10T15:17:15Z</time></rtept><rtept lat="38.27993" lon="-106.52517"><ele>3397.6</ele><time>2026-04-10T15:17:15Z</time></rtept><rtept lat="38.279898" lon="-106.525185"><ele>3397.6</ele><time>2026-04-10T15:17:15Z</time></rtept><rtept lat="38.279866" lon="-106.525199"><ele>3397.6</ele><time>2026-04-10T15:17:15Z</time></rtept><rtept lat="38.279844" lon="-106.52521"><ele>3397.6</ele><time>2026-04-10T15:17:15Z</time></rtept><rtept lat="38.279817" lon="-106.525212"><ele>3397.2</ele><time>2026-04-10T15:17:15Z</time></rtept><rtept lat="38.279767" lon="-106.52524"><ele>3396.6</ele><time>2026-04-10T15:17:15Z</time></rtept><rtept lat="38.279735" lon="-106.52527"><ele>3396.4</ele><time>2026-04-10T15:17:15Z</time></rtept><rtept lat="38.279708" lon="-106.525297"><ele>3396.4</ele><time>2026-04-10T15:17:15Z</time></rtept><rtept lat="38.279694" lon="-106.525324"><ele>3396.2</ele><time>2026-04-10T15:17:15Z</time></rtept><rtept lat="38.279625" lon="-106.525363"><ele>3395.0</ele><time>2026-04-10T15:17:15Z</time></rtept><rtept lat="38.279621" lon="-106.525372"><ele>3395.0</ele><time>2026-04-10T15:17:15Z</time></rtept><rtept lat="38.279602" lon="-106.525412"><ele>3394.0</ele><time>2026-04-10T15:17:15Z</time></rtept><rtept lat="38.279593" lon="-106.525432"><ele>3394.0</ele><time>2026-04-10T15:17:15Z</time></rtept><rtept lat="38.279579" lon="-106.525464"><ele>3394.0</ele><time>2026-04-10T15:17:15Z</time></rtept><rtept lat="38.279552" lon="-106.525486"><ele>3393.8</ele><time>2026-04-10T15:17:15Z</time></rtept><rtept lat="38.279529" lon="-106.525503"><ele>3392.8</ele><time>2026-04-10T15:17:15Z</time></rtept><rtept lat="38.279501" lon="-106.525551"><ele>3392.8</ele><time>2026-04-10T15:17:15Z</time></rtept><rtept lat="38.279492" lon="-106.525577"><ele>3392.2</ele><time>2026-04-10T15:17:15Z</time></rtept><rtept lat="38.279487" lon="-106.525623"><ele>3391.0</ele><time>2026-04-10T15:17:15Z</time></rtept><rtept lat="38.279491" lon="-106.525671"><ele>3389.4</ele><time>2026-04-10T15:17:15Z</time></rtept><rtept lat="38.279472" lon="-106.52571"><ele>3389.4</ele><time>2026-04-10T15:17:15Z</time></rtept><rtept lat="38.279458" lon="-106.525756"><ele>3387.4</ele><time>2026-04-10T15:17:15Z</time></rtept><rtept lat="38.279453" lon="-106.525805"><ele>3387.4</ele><time>2026-04-10T15:17:15Z</time></rtept><rtept lat="38.279452" lon="-106.525846"><ele>3385.2</ele><time>2026-04-10T15:17:15Z</time></rtept><rtept lat="38.279461" lon="-106.525884"><ele>3385.2</ele><time>2026-04-10T15:17:15Z</time></rtept><rtept lat="38.279479" lon="-106.525916"><ele>3385.2</ele><time>2026-04-10T15:17:15Z</time></rtept><rtept lat="38.279501" lon="-106.52594"><ele>3382.4</ele><time>2026-04-10T15:17:15Z</time></rtept><rtept lat="38.279523" lon="-106.525968"><ele>3382.4</ele><time>2026-04-10T15:17:15Z</time></rtept><rtept lat="38.279491" lon="-106.525986"><ele>3382.6</ele><time>2026-04-10T15:17:15Z</time></rtept><rtept lat="38.279473" lon="-106.525994"><ele>3382.6</ele><time>2026-04-10T15:17:15Z</time></rtept><rtept lat="38.27945" lon="-106.526006"><ele>3382.6</ele><time>2026-04-10T15:17:15Z</time></rtept><rtept lat="38.27941" lon="-106.526016"><ele>3381.0</ele><time>2026-04-10T15:17:15Z</time></rtept><rtept lat="38.279387" lon="-106.526024"><ele>3381.0</ele><time>2026-04-10T15:17:15Z</time></rtept><rtept lat="38.279355" lon="-106.526038"><ele>3381.0</ele><time>2026-04-10T15:17:15Z</time></rtept><rtept lat="38.279328" lon="-106.526052"><ele>3381.0</ele><time>2026-04-10T15:17:15Z</time></rtept><rtept lat="38.279292" lon="-106.526052"><ele>3381.0</ele><time>2026-04-10T15:17:15Z</time></rtept><rtept lat="38.279252" lon="-106.526051"><ele>3381.2</ele><time>2026-04-10T15:17:15Z</time></rtept><rtept lat="38.27922" lon="-106.526063"><ele>3381.0</ele><time>2026-04-10T15:17:15Z</time></rtept><rtept lat="38.279179" lon="-106.526089"><ele>3381.0</ele><time>2026-04-10T15:17:15Z</time></rtept><rtept lat="38.279143" lon="-106.526107"><ele>3379.2</ele><time>2026-04-10T15:17:15Z</time></rtept><rtept lat="38.279115" lon="-106.526135"><ele>3379.2</ele><time>2026-04-10T15:17:15Z</time></rtept><rtept lat="38.279088" lon="-106.526167"><ele>3378.8</ele><time>2026-04-10T15:17:15Z</time></rtept><rtept lat="38.27906" lon="-106.526197"><ele>3377.2</ele><time>2026-04-10T15:17:15Z</time></rtept><rtept lat="38.279023" lon="-106.526264"><ele>3377.2</ele><time>2026-04-10T15:17:15Z</time></rtept><rtept lat="38.279005" lon="-106.526291"><ele>3375.6</ele><time>2026-04-10T15:17:15Z</time></rtept><rtept lat="38.278978" lon="-106.526323"><ele>3375.6</ele><time>2026-04-10T15:17:15Z</time></rtept><rtept lat="38.278964" lon="-106.526342"><ele>3375.6</ele><time>2026-04-10T15:17:15Z</time></rtept><rtept lat="38.27895" lon="-106.526369"><ele>3373.8</ele><time>2026-04-10T15:17:15Z</time></rtept><rtept lat="38.278936" lon="-106.526398"><ele>3373.8</ele><time>2026-04-10T15:17:15Z</time></rtept><rtept lat="38.278922" lon="-106.526422"><ele>3373.8</ele><time>2026-04-10T15:17:15Z</time></rtept><rtept lat="38.278913" lon="-106.526454"><ele>3372.2</ele><time>2026-04-10T15:17:15Z</time></rtept><rtept lat="38.278903" lon="-106.526488"><ele>3372.2</ele><time>2026-04-10T15:17:15Z</time></rtept><rtept lat="38.278903" lon="-106.526519"><ele>3372.2</ele><time>2026-04-10T15:17:15Z</time></rtept><rtept lat="38.278879" lon="-106.526592"><ele>3370.8</ele><time>2026-04-10T15:17:15Z</time></rtept><rtept lat="38.278875" lon="-106.526637"><ele>3369.4</ele><time>2026-04-10T15:17:15Z</time></rtept><rtept lat="38.278865" lon="-106.526681"><ele>3369.4</ele><time>2026-04-10T15:17:15Z</time></rtept><rtept lat="38.278846" lon="-106.526717"><ele>3368.2</ele><time>2026-04-10T15:17:15Z</time></rtept><rtept lat="38.278819" lon="-106.526752"><ele>3368.4</ele><time>2026-04-10T15:17:15Z</time></rtept><rtept lat="38.278787" lon="-106.526769"><ele>3368.4</ele><time>2026-04-10T15:17:15Z</time></rtept><rtept lat="38.278751" lon="-106.526791"><ele>3367.4</ele><time>2026-04-10T15:17:15Z</time></rtept><rtept lat="38.278715" lon="-106.526809"><ele>3367.4</ele><time>2026-04-10T15:17:15Z</time></rtept><rtept lat="38.278692" lon="-106.526839"><ele>3367.4</ele><time>2026-04-10T15:17:15Z</time></rtept><rtept lat="38.278669" lon="-106.526867"><ele>3367.4</ele><time>2026-04-10T15:17:15Z</time></rtept><rtept lat="38.278637" lon="-106.526904"><ele>3365.8</ele><time>2026-04-10T15:17:15Z</time></rtept><rtept lat="38.278609" lon="-106.526938"><ele>3365.8</ele><time>2026-04-10T15:17:15Z</time></rtept><rtept lat="38.278577" lon="-106.526956"><ele>3365.8</ele><time>2026-04-10T15:17:15Z</time></rtept><rtept lat="38.278546" lon="-106.526981"><ele>3363.8</ele><time>2026-04-10T15:17:15Z</time></rtept><rtept lat="38.278518" lon="-106.527012"><ele>3363.8</ele><time>2026-04-10T15:17:15Z</time></rtept><rtept lat="38.278491" lon="-106.527048"><ele>3362.0</ele><time>2026-04-10T15:17:15Z</time></rtept><rtept lat="38.278463" lon="-106.527084"><ele>3361.6</ele><time>2026-04-10T15:17:15Z</time></rtept><rtept lat="38.278431" lon="-106.527115"><ele>3361.6</ele><time>2026-04-10T15:17:15Z</time></rtept><rtept lat="38.278399" lon="-106.527144"><ele>3359.4</ele><time>2026-04-10T15:17:15Z</time></rtept><rtept lat="38.278368" lon="-106.527168"><ele>3359.4</ele><time>2026-04-10T15:17:15Z</time></rtept><rtept lat="38.27834" lon="-106.527188"><ele>3358.8</ele><time>2026-04-10T15:17:15Z</time></rtept><rtept lat="38.278294" lon="-106.527235"><ele>3357.4</ele><time>2026-04-10T15:17:15Z</time></rtept><rtept lat="38.278272" lon="-106.527249"><ele>3356.8</ele><time>2026-04-10T15:17:15Z</time></rtept><rtept lat="38.278244" lon="-106.527274"><ele>3356.8</ele><time>2026-04-10T15:17:15Z</time></rtept><rtept lat="38.278217" lon="-106.527298"><ele>3356.8</ele><time>2026-04-10T15:17:15Z</time></rtept><rtept lat="38.278185" lon="-106.527311"><ele>3355.0</ele><time>2026-04-10T15:17:15Z</time></rtept><rtept lat="38.278136" lon="-106.527306"><ele>3354.4</ele><time>2026-04-10T15:17:15Z</time></rtept><rtept lat="38.278109" lon="-106.52728"><ele>3355.4</ele><time>2026-04-10T15:17:15Z</time></rtept><rtept lat="38.278091" lon="-106.527263"><ele>3355.4</ele><time>2026-04-10T15:17:15Z</time></rtept><rtept lat="38.278064" lon="-106.527269"><ele>3354.6</ele><time>2026-04-10T15:17:15Z</time></rtept><rtept lat="38.278055" lon="-106.527276"><ele>3354.6</ele><time>2026-04-10T15:17:15Z</time></rtept><rtept lat="38.278037" lon="-106.527302"><ele>3353.8</ele><time>2026-04-10T15:17:15Z</time></rtept><rtept lat="38.278014" lon="-106.527339"><ele>3353.8</ele><time>2026-04-10T15:17:15Z</time></rtept><rtept lat="38.277995" lon="-106.527379"><ele>3353.2</ele><time>2026-04-10T15:17:15Z</time></rtept><rtept lat="38.277977" lon="-106.527421"><ele>3352.8</ele><time>2026-04-10T15:17:15Z</time></rtept><rtept lat="38.277949" lon="-106.527474"><ele>3352.4</ele><time>2026-04-10T15:17:15Z</time></rtept><rtept lat="38.277944" lon="-106.527485"><ele>3352.2</ele><time>2026-04-10T15:17:15Z</time></rtept><rtept lat="38.277926" lon="-106.527524"><ele>3352.2</ele><time>2026-04-10T15:17:15Z</time></rtept><rtept lat="38.277912" lon="-106.527569"><ele>3351.8</ele><time>2026-04-10T15:17:15Z</time></rtept><rtept lat="38.277902" lon="-106.52761"><ele>3351.8</ele><time>2026-04-10T15:17:15Z</time></rtept><rtept lat="38.277893" lon="-106.527652"><ele>3351.2</ele><time>2026-04-10T15:17:15Z</time></rtept><rtept lat="38.277874" lon="-106.527719"><ele>3351.0</ele><time>2026-04-10T15:17:15Z</time></rtept><rtept lat="38.277855" lon="-106.527754"><ele>3350.6</ele><time>2026-04-10T15:17:15Z</time></rtept><rtept lat="38.277841" lon="-106.527795"><ele>3350.6</ele><time>2026-04-10T15:17:15Z</time></rtept><rtept lat="38.277823" lon="-106.527838"><ele>3350.0</ele><time>2026-04-10T15:17:15Z</time></rtept><rtept lat="38.277808" lon="-106.527877"><ele>3350.0</ele><time>2026-04-10T15:17:15Z</time></rtept><rtept lat="38.277808" lon="-106.527916"><ele>3349.6</ele><time>2026-04-10T15:17:15Z</time></rtept><rtept lat="38.277789" lon="-106.527954"><ele>3349.6</ele><time>2026-04-10T15:17:15Z</time></rtept><rtept lat="38.277767" lon="-106.52798"><ele>3349.6</ele><time>2026-04-10T15:17:15Z</time></rtept><rtept lat="38.277726" lon="-106.527992"><ele>3349.2</ele><time>2026-04-10T15:17:15Z</time></rtept><rtept lat="38.27769" lon="-106.528007"><ele>3349.2</ele><time>2026-04-10T15:17:15Z</time></rtept><rtept lat="38.277653" lon="-106.528019"><ele>3349.2</ele><time>2026-04-10T15:17:15Z</time></rtept><rtept lat="38.277622" lon="-106.528042"><ele>3349.2</ele><time>2026-04-10T15:17:15Z</time></rtept><rtept lat="38.27759" lon="-106.52807"><ele>3349.0</ele><time>2026-04-10T15:17:15Z</time></rtept><rtept lat="38.277553" lon="-106.528082"><ele>3348.6</ele><time>2026-04-10T15:17:15Z</time></rtept><rtept lat="38.277526" lon="-106.528099"><ele>3348.4</ele><time>2026-04-10T15:17:15Z</time></rtept><rtept lat="38.277508" lon="-106.528132"><ele>3348.4</ele><time>2026-04-10T15:17:15Z</time></rtept><rtept lat="38.277498" lon="-106.52817"><ele>3347.8</ele><time>2026-04-10T15:17:15Z</time></rtept><rtept lat="38.27748" lon="-106.52821"><ele>3347.8</ele><time>2026-04-10T15:17:15Z</time></rtept><rtept lat="38.277461" lon="-106.528244"><ele>3347.6</ele><time>2026-04-10T15:17:15Z</time></rtept><rtept lat="38.277443" lon="-106.528277"><ele>3347.2</ele><time>2026-04-10T15:17:15Z</time></rtept><rtept lat="38.277415" lon="-106.528295"><ele>3347.2</ele><time>2026-04-10T15:17:15Z</time></rtept><rtept lat="38.277379" lon="-106.528304"><ele>3347.0</ele><time>2026-04-10T15:17:15Z</time></rtept><rtept lat="38.277357" lon="-106.528323"><ele>3347.0</ele><time>2026-04-10T15:17:15Z</time></rtept><rtept lat="38.277338" lon="-106.528353"><ele>3346.6</ele><time>2026-04-10T15:17:15Z</time></rtept><rtept lat="38.277329" lon="-106.528379"><ele>3346.4</ele><time>2026-04-10T15:17:15Z</time></rtept><rtept lat="38.27731" lon="-106.528423"><ele>3346.0</ele><time>2026-04-10T15:17:15Z</time></rtept><rtept lat="38.277296" lon="-106.528465"><ele>3346.0</ele><time>2026-04-10T15:17:15Z</time></rtept><rtept lat="38.277273" lon="-106.528501"><ele>3346.0</ele><time>2026-04-10T15:17:15Z</time></rtept><rtept lat="38.277268" lon="-106.528545"><ele>3345.4</ele><time>2026-04-10T15:17:15Z</time></rtept><rtept lat="38.277236" lon="-106.528612"><ele>3344.8</ele><time>2026-04-10T15:17:15Z</time></rtept><rtept lat="38.277231" lon="-106.528627"><ele>3344.8</ele><time>2026-04-10T15:17:15Z</time></rtept><rtept lat="38.277212" lon="-106.528664"><ele>3344.8</ele><time>2026-04-10T15:17:15Z</time></rtept><rtept lat="38.277185" lon="-106.528697"><ele>3344.2</ele><time>2026-04-10T15:17:15Z</time></rtept><rtept lat="38.277167" lon="-106.528716"><ele>3344.2</ele><time>2026-04-10T15:17:15Z</time></rtept><rtept lat="38.277135" lon="-106.528744"><ele>3344.2</ele><time>2026-04-10T15:17:15Z</time></rtept><rtept lat="38.277112" lon="-106.528777"><ele>3343.4</ele><time>2026-04-10T15:17:15Z</time></rtept><rtept lat="38.277093" lon="-106.528826"><ele>3343.4</ele><time>2026-04-10T15:17:15Z</time></rtept><rtept lat="38.277084" lon="-106.528865"><ele>3342.4</ele><time>2026-04-10T15:17:15Z</time></rtept><rtept lat="38.277061" lon="-106.528893"><ele>3342.4</ele><time>2026-04-10T15:17:15Z</time></rtept><rtept lat="38.277029" lon="-106.528925"><ele>3342.4</ele><time>2026-04-10T15:17:15Z</time></rtept><rtept lat="38.276997" lon="-106.528932"><ele>3341.0</ele><time>2026-04-10T15:17:15Z</time></rtept><rtept lat="38.276965" lon="-106.528953"><ele>3341.0</ele><time>2026-04-10T15:17:15Z</time></rtept><rtept lat="38.276938" lon="-106.528967"><ele>3341.0</ele><time>2026-04-10T15:17:15Z</time></rtept><rtept lat="38.276893" lon="-106.528992"><ele>3340.8</ele><time>2026-04-10T15:17:15Z</time></rtept><rtept lat="38.276884" lon="-106.528995"><ele>3340.8</ele><time>2026-04-10T15:17:15Z</time></rtept><rtept lat="38.276852" lon="-106.52899"><ele>3340.4</ele><time>2026-04-10T15:17:15Z</time></rtept><rtept lat="38.276812" lon="-106.528983"><ele>3340.4</ele><time>2026-04-10T15:17:15Z</time></rtept><rtept lat="38.276776" lon="-106.528971"><ele>3340.0</ele><time>2026-04-10T15:17:15Z</time></rtept><rtept lat="38.27674" lon="-106.528963"><ele>3340.0</ele><time>2026-04-10T15:17:15Z</time></rtept><rtept lat="38.2767" lon="-106.528951"><ele>3339.4</ele><time>2026-04-10T15:17:15Z</time></rtept><rtept lat="38.276663" lon="-106.528951"><ele>3338.6</ele><time>2026-04-10T15:17:15Z</time></rtept><rtept lat="38.276627" lon="-106.528953"><ele>3338.6</ele><time>2026-04-10T15:17:15Z</time></rtept><rtept lat="38.276591" lon="-106.528952"><ele>3337.6</ele><time>2026-04-10T15:17:15Z</time></rtept><rtept lat="38.276533" lon="-106.528956"><ele>3337.6</ele><time>2026-04-10T15:17:15Z</time></rtept><rtept lat="38.276506" lon="-106.528959"><ele>3336.6</ele><time>2026-04-10T15:17:15Z</time></rtept><rtept lat="38.27647" lon="-106.52896"><ele>3336.6</ele><time>2026-04-10T15:17:15Z</time></rtept><rtept lat="38.276433" lon="-106.528967"><ele>3335.6</ele><time>2026-04-10T15:17:15Z</time></rtept><rtept lat="38.276397" lon="-106.528974"><ele>3335.6</ele><time>2026-04-10T15:17:15Z</time></rtept><rtept lat="38.276361" lon="-106.528981"><ele>3335.0</ele><time>2026-04-10T15:17:15Z</time></rtept><rtept lat="38.276334" lon="-106.528982"><ele>3335.0</ele><time>2026-04-10T15:17:15Z</time></rtept><rtept lat="38.276285" lon="-106.528987"><ele>3334.2</ele><time>2026-04-10T15:17:15Z</time></rtept><rtept lat="38.276271" lon="-106.52899"><ele>3334.2</ele><time>2026-04-10T15:17:15Z</time></rtept><rtept lat="38.27623" lon="-106.52899"><ele>3333.6</ele><time>2026-04-10T15:17:15Z</time></rtept><rtept lat="38.276203" lon="-106.529005"><ele>3333.6</ele><time>2026-04-10T15:17:15Z</time></rtept><rtept lat="38.276167" lon="-106.529018"><ele>3332.6</ele><time>2026-04-10T15:17:15Z</time></rtept><rtept lat="38.276135" lon="-106.529027"><ele>3332.6</ele><time>2026-04-10T15:17:15Z</time></rtept><rtept lat="38.276081" lon="-106.529038"><ele>3332.2</ele><time>2026-04-10T15:17:15Z</time></rtept><rtept lat="38.276045" lon="-106.529052"><ele>3331.6</ele><time>2026-04-10T15:17:15Z</time></rtept><rtept lat="38.276004" lon="-106.529051"><ele>3331.6</ele><time>2026-04-10T15:17:15Z</time></rtept><rtept lat="38.275964" lon="-106.529056"><ele>3331.0</ele><time>2026-04-10T15:17:15Z</time></rtept><rtept lat="38.275932" lon="-106.529067"><ele>3331.0</ele><time>2026-04-10T15:17:15Z</time></rtept><rtept lat="38.275896" lon="-106.529076"><ele>3330.2</ele><time>2026-04-10T15:17:15Z</time></rtept><rtept lat="38.275855" lon="-106.529082"><ele>3329.4</ele><time>2026-04-10T15:17:15Z</time></rtept><rtept lat="38.275815" lon="-106.529076"><ele>3329.4</ele><time>2026-04-10T15:17:15Z</time></rtept><rtept lat="38.275774" lon="-106.529064"><ele>3328.6</ele><time>2026-04-10T15:17:15Z</time></rtept><rtept lat="38.275734" lon="-106.529056"><ele>3328.6</ele><time>2026-04-10T15:17:15Z</time></rtept><rtept lat="38.275698" lon="-106.529044"><ele>3327.8</ele><time>2026-04-10T15:17:15Z</time></rtept><rtept lat="38.275657" lon="-106.529042"><ele>3327.8</ele><time>2026-04-10T15:17:15Z</time></rtept><rtept lat="38.275617" lon="-106.52904"><ele>3327.6</ele><time>2026-04-10T15:17:15Z</time></rtept><rtept lat="38.275576" lon="-106.529043"><ele>3326.6</ele><time>2026-04-10T15:17:15Z</time></rtept><rtept lat="38.275536" lon="-106.529045"><ele>3326.6</ele><time>2026-04-10T15:17:15Z</time></rtept><rtept lat="38.275495" lon="-106.529049"><ele>3325.6</ele><time>2026-04-10T15:17:15Z</time></rtept><rtept lat="38.275459" lon="-106.529052"><ele>3325.6</ele><time>2026-04-10T15:17:15Z</time></rtept><rtept lat="38.275401" lon="-106.529047"><ele>3324.6</ele><time>2026-04-10T15:17:15Z</time></rtept><rtept lat="38.275373" lon="-106.529054"><ele>3324.2</ele><time>2026-04-10T15:17:15Z</time></rtept><rtept lat="38.275333" lon="-106.529052"><ele>3324.2</ele><time>2026-04-10T15:17:15Z</time></rtept><rtept lat="38.275292" lon="-106.52905"><ele>3324.0</ele><time>2026-04-10T15:17:15Z</time></rtept><rtept lat="38.275252" lon="-106.529059"><ele>3324.0</ele><time>2026-04-10T15:17:15Z</time></rtept><rtept lat="38.275211" lon="-106.529068"><ele>3323.8</ele><time>2026-04-10T15:17:15Z</time></rtept><rtept lat="38.27517" lon="-106.529078"><ele>3323.8</ele><time>2026-04-10T15:17:15Z</time></rtept><rtept lat="38.27513" lon="-106.52909"><ele>3323.8</ele><time>2026-04-10T15:17:15Z</time></rtept><rtept lat="38.275089" lon="-106.529109"><ele>3323.2</ele><time>2026-04-10T15:17:15Z</time></rtept><rtept lat="38.275057" lon="-106.529132"><ele>3323.2</ele><time>2026-04-10T15:17:15Z</time></rtept><rtept lat="38.275021" lon="-106.529152"><ele>3323.6</ele><time>2026-04-10T15:17:15Z</time></rtept><rtept lat="38.27498" lon="-106.529172"><ele>3323.6</ele><time>2026-04-10T15:17:15Z</time></rtept><rtept lat="38.274944" lon="-106.529195"><ele>3323.2</ele><time>2026-04-10T15:17:15Z</time></rtept><rtept lat="38.274903" lon="-106.529215"><ele>3323.6</ele><time>2026-04-10T15:17:15Z</time></rtept><rtept lat="38.274862" lon="-106.529234"><ele>3323.6</ele><time>2026-04-10T15:17:15Z</time></rtept><rtept lat="38.27483" lon="-106.529251"><ele>3324.0</ele><time>2026-04-10T15:17:15Z</time></rtept><rtept lat="38.274744" lon="-106.529275"><ele>3323.8</ele><time>2026-04-10T15:17:15Z</time></rtept><rtept lat="38.274699" lon="-106.529317"><ele>3324.2</ele><time>2026-04-10T15:17:15Z</time></rtept><rtept lat="38.274662" lon="-106.52934"><ele>3324.2</ele><time>2026-04-10T15:17:15Z</time></rtept><rtept lat="38.274626" lon="-106.529356"><ele>3324.4</ele><time>2026-04-10T15:17:15Z</time></rtept><rtept lat="38.274586" lon="-106.529351"><ele>3324.4</ele><time>2026-04-10T15:17:15Z</time></rtept><rtept lat="38.27455" lon="-106.529343"><ele>3324.4</ele><time>2026-04-10T15:17:15Z</time></rtept><rtept lat="38.274523" lon="-106.529337"><ele>3324.4</ele><time>2026-04-10T15:17:15Z</time></rtept><rtept lat="38.274478" lon="-106.529325"><ele>3324.4</ele><time>2026-04-10T15:17:15Z</time></rtept><rtept lat="38.274442" lon="-106.529322"><ele>3324.4</ele><time>2026-04-10T15:17:15Z</time></rtept><rtept lat="38.274401" lon="-106.529348"><ele>3324.6</ele><time>2026-04-10T15:17:15Z</time></rtept><rtept lat="38.274378" lon="-106.529387"><ele>3324.4</ele><time>2026-04-10T15:17:15Z</time></rtept><rtept lat="38.274328" lon="-106.529401"><ele>3324.4</ele><time>2026-04-10T15:17:15Z</time></rtept><rtept lat="38.274314" lon="-106.529452"><ele>3323.6</ele><time>2026-04-10T15:17:15Z</time></rtept><rtept lat="38.274282" lon="-106.529479"><ele>3323.8</ele><time>2026-04-10T15:17:15Z</time></rtept><rtept lat="38.274254" lon="-106.529508"><ele>3323.8</ele><time>2026-04-10T15:17:15Z</time></rtept><rtept lat="38.274227" lon="-106.529538"><ele>3323.2</ele><time>2026-04-10T15:17:15Z</time></rtept><rtept lat="38.274195" lon="-106.529562"><ele>3323.2</ele><time>2026-04-10T15:17:15Z</time></rtept><rtept lat="38.274168" lon="-106.529591"><ele>3323.6</ele><time>2026-04-10T15:17:15Z</time></rtept><rtept lat="38.27414" lon="-106.529625"><ele>3322.6</ele><time>2026-04-10T15:17:15Z</time></rtept><rtept lat="38.274108" lon="-106.529662"><ele>3322.6</ele><time>2026-04-10T15:17:15Z</time></rtept><rtept lat="38.274027" lon="-106.529706"><ele>3322.6</ele><time>2026-04-10T15:17:15Z</time></rtept><rtept lat="38.274" lon="-106.529705"><ele>3322.6</ele><time>2026-04-10T15:17:15Z</time></rtept><rtept lat="38.273932" lon="-106.52971"><ele>3323.2</ele><time>2026-04-10T15:17:15Z</time></rtept><rtept lat="38.273919" lon="-106.529711"><ele>3323.2</ele><time>2026-04-10T15:17:15Z</time></rtept><rtept lat="38.273878" lon="-106.529722"><ele>3324.0</ele><time>2026-04-10T15:17:15Z</time></rtept><rtept lat="38.273833" lon="-106.529727"><ele>3324.8</ele><time>2026-04-10T15:17:15Z</time></rtept><rtept lat="38.273792" lon="-106.52973"><ele>3324.8</ele><time>2026-04-10T15:17:15Z</time></rtept><rtept lat="38.273679" lon="-106.529747"><ele>3326.2</ele><time>2026-04-10T15:17:15Z</time></rtept><rtept lat="38.273593" lon="-106.529804"><ele>3326.4</ele><time>2026-04-10T15:17:15Z</time></rtept><rtept lat="38.273579" lon="-106.529793"><ele>3326.4</ele><time>2026-04-10T15:17:15Z</time></rtept><rtept lat="38.273553" lon="-106.529775"><ele>3327.6</ele><time>2026-04-10T15:17:15Z</time></rtept><rtept lat="38.273526" lon="-106.529775"><ele>3327.6</ele><time>2026-04-10T15:17:15Z</time></rtept><rtept lat="38.273485" lon="-106.529777"><ele>3328.2</ele><time>2026-04-10T15:17:15Z</time></rtept><rtept lat="38.273458" lon="-106.529779"><ele>3328.2</ele><time>2026-04-10T15:17:15Z</time></rtept><rtept lat="38.273422" lon="-106.529792"><ele>3328.8</ele><time>2026-04-10T15:17:15Z</time></rtept><rtept lat="38.27339" lon="-106.529801"><ele>3328.8</ele><time>2026-04-10T15:17:15Z</time></rtept><rtept lat="38.273345" lon="-106.529795"><ele>3329.8</ele><time>2026-04-10T15:17:15Z</time></rtept><rtept lat="38.273314" lon="-106.529787"><ele>3330.0</ele><time>2026-04-10T15:17:15Z</time></rtept><rtept lat="38.273264" lon="-106.529766"><ele>3330.8</ele><time>2026-04-10T15:17:15Z</time></rtept><rtept lat="38.273215" lon="-106.529757"><ele>3331.4</ele><time>2026-04-10T15:17:15Z</time></rtept><rtept lat="38.273169" lon="-106.529785"><ele>3331.4</ele><time>2026-04-10T15:17:15Z</time></rtept><rtept lat="38.273142" lon="-106.529795"><ele>3331.8</ele><time>2026-04-10T15:17:15Z</time></rtept><rtept lat="38.273088" lon="-106.52982"><ele>3332.2</ele><time>2026-04-10T15:17:15Z</time></rtept><rtept lat="38.273065" lon="-106.529842"><ele>3332.2</ele><time>2026-04-10T15:17:15Z</time></rtept><rtept lat="38.273029" lon="-106.529859"><ele>3332.2</ele><time>2026-04-10T15:17:15Z</time></rtept><rtept lat="38.272988" lon="-106.52987"><ele>3332.4</ele><time>2026-04-10T15:17:15Z</time></rtept><rtept lat="38.272961" lon="-106.529901"><ele>3332.4</ele><time>2026-04-10T15:17:15Z</time></rtept><rtept lat="38.272929" lon="-106.529933"><ele>3332.6</ele><time>2026-04-10T15:17:15Z</time></rtept><rtept lat="38.272901" lon="-106.529967"><ele>3332.2</ele><time>2026-04-10T15:17:15Z</time></rtept><rtept lat="38.272874" lon="-106.529999"><ele>3332.2</ele><time>2026-04-10T15:17:15Z</time></rtept><rtept lat="38.272837" lon="-106.530019"><ele>3332.2</ele><time>2026-04-10T15:17:15Z</time></rtept><rtept lat="38.272806" lon="-106.530028"><ele>3332.4</ele><time>2026-04-10T15:17:15Z</time></rtept><rtept lat="38.272774" lon="-106.530035"><ele>3332.4</ele><time>2026-04-10T15:17:15Z</time></rtept><rtept lat="38.272747" lon="-106.530071"><ele>3332.2</ele><time>2026-04-10T15:17:15Z</time></rtept><rtept lat="38.272724" lon="-106.530107"><ele>3332.2</ele><time>2026-04-10T15:17:15Z</time></rtept><rtept lat="38.27266" lon="-106.530137"><ele>3332.0</ele><time>2026-04-10T15:17:15Z</time></rtept><rtept lat="38.272638" lon="-106.530157"><ele>3332.0</ele><time>2026-04-10T15:17:15Z</time></rtept><rtept lat="38.272606" lon="-106.530176"><ele>3332.2</ele><time>2026-04-10T15:17:15Z</time></rtept><rtept lat="38.272574" lon="-106.530203"><ele>3332.2</ele><time>2026-04-10T15:17:15Z</time></rtept><rtept lat="38.272542" lon="-106.53023"><ele>3331.8</ele><time>2026-04-10T15:17:15Z</time></rtept><rtept lat="38.27251" lon="-106.530258"><ele>3331.8</ele><time>2026-04-10T15:17:15Z</time></rtept><rtept lat="38.272483" lon="-106.530287"><ele>3331.8</ele><time>2026-04-10T15:17:15Z</time></rtept><rtept lat="38.272455" lon="-106.530309"><ele>3331.0</ele><time>2026-04-10T15:17:15Z</time></rtept><rtept lat="38.272419" lon="-106.530325"><ele>3330.8</ele><time>2026-04-10T15:17:15Z</time></rtept><rtept lat="38.272374" lon="-106.530336"><ele>3330.8</ele><time>2026-04-10T15:17:15Z</time></rtept><rtept lat="38.272351" lon="-106.530343"><ele>3330.2</ele><time>2026-04-10T15:17:15Z</time></rtept><rtept lat="38.272319" lon="-106.530375"><ele>3330.2</ele><time>2026-04-10T15:17:15Z</time></rtept><rtept lat="38.272296" lon="-106.530412"><ele>3329.4</ele><time>2026-04-10T15:17:15Z</time></rtept><rtept lat="38.272278" lon="-106.530452"><ele>3329.0</ele><time>2026-04-10T15:17:15Z</time></rtept><rtept lat="38.27225" lon="-106.530491"><ele>3328.2</ele><time>2026-04-10T15:17:15Z</time></rtept><rtept lat="38.272209" lon="-106.530508"><ele>3328.0</ele><time>2026-04-10T15:17:15Z</time></rtept><rtept lat="38.272173" lon="-106.530519"><ele>3328.0</ele><time>2026-04-10T15:17:15Z</time></rtept><rtept lat="38.272091" lon="-106.530572"><ele>3327.0</ele><time>2026-04-10T15:17:15Z</time></rtept><rtept lat="38.272064" lon="-106.530586"><ele>3327.0</ele><time>2026-04-10T15:17:15Z</time></rtept><rtept lat="38.272032" lon="-106.530618"><ele>3327.0</ele><time>2026-04-10T15:17:15Z</time></rtept><rtept lat="38.272" lon="-106.530644"><ele>3326.8</ele><time>2026-04-10T15:17:15Z</time></rtept><rtept lat="38.271986" lon="-106.530691"><ele>3325.8</ele><time>2026-04-10T15:17:15Z</time></rtept><rtept lat="38.271968" lon="-106.530726"><ele>3325.8</ele><time>2026-04-10T15:17:15Z</time></rtept><rtept lat="38.27194" lon="-106.530768"><ele>3325.0</ele><time>2026-04-10T15:17:15Z</time></rtept><rtept lat="38.271908" lon="-106.530789"><ele>3325.0</ele><time>2026-04-10T15:17:15Z</time></rtept><rtept lat="38.271863" lon="-106.530793"><ele>3325.0</ele><time>2026-04-10T15:17:15Z</time></rtept><rtept lat="38.271822" lon="-106.530806"><ele>3325.0</ele><time>2026-04-10T15:17:15Z</time></rtept><rtept lat="38.271786" lon="-106.530828"><ele>3324.4</ele><time>2026-04-10T15:17:15Z</time></rtept><rtept lat="38.27175" lon="-106.530853"><ele>3324.4</ele><time>2026-04-10T15:17:15Z</time></rtept><rtept lat="38.271718" lon="-106.530883"><ele>3324.8</ele><time>2026-04-10T15:17:15Z</time></rtept><rtept lat="38.27169" lon="-106.530921"><ele>3324.0</ele><time>2026-04-10T15:17:15Z</time></rtept><rtept lat="38.271663" lon="-106.530961"><ele>3324.4</ele><time>2026-04-10T15:17:15Z</time></rtept><rtept lat="38.271626" lon="-106.530993"><ele>3323.6</ele><time>2026-04-10T15:17:15Z</time></rtept><rtept lat="38.271599" lon="-106.531004"><ele>3323.8</ele><time>2026-04-10T15:17:15Z</time></rtept><rtept lat="38.271563" lon="-106.531024"><ele>3323.8</ele><time>2026-04-10T15:17:15Z</time></rtept><rtept lat="38.271522" lon="-106.531038"><ele>3324.0</ele><time>2026-04-10T15:17:15Z</time></rtept><rtept lat="38.271477" lon="-106.531035"><ele>3324.0</ele><time>2026-04-10T15:17:15Z</time></rtept><rtept lat="38.271428" lon="-106.531013"><ele>3324.0</ele><time>2026-04-10T15:17:15Z</time></rtept><rtept lat="38.271396" lon="-106.531006"><ele>3324.2</ele><time>2026-04-10T15:17:15Z</time></rtept><rtept lat="38.271356" lon="-106.531005"><ele>3324.2</ele><time>2026-04-10T15:17:15Z</time></rtept><rtept lat="38.271315" lon="-106.531016"><ele>3324.2</ele><time>2026-04-10T15:17:15Z</time></rtept><rtept lat="38.271279" lon="-106.531022"><ele>3324.2</ele><time>2026-04-10T15:17:15Z</time></rtept><rtept lat="38.271234" lon="-106.531032"><ele>3324.2</ele><time>2026-04-10T15:17:15Z</time></rtept><rtept lat="38.271193" lon="-106.531046"><ele>3324.0</ele><time>2026-04-10T15:17:15Z</time></rtept><rtept lat="38.271148" lon="-106.531055"><ele>3324.0</ele><time>2026-04-10T15:17:15Z</time></rtept><rtept lat="38.271116" lon="-106.531076"><ele>3323.8</ele><time>2026-04-10T15:17:15Z</time></rtept><rtept lat="38.271075" lon="-106.531098"><ele>3323.4</ele><time>2026-04-10T15:17:15Z</time></rtept><rtept lat="38.271039" lon="-106.531122"><ele>3323.2</ele><time>2026-04-10T15:17:15Z</time></rtept><rtept lat="38.271002" lon="-106.531149"><ele>3323.0</ele><time>2026-04-10T15:17:15Z</time></rtept><rtept lat="38.270971" lon="-106.531179"><ele>3322.4</ele><time>2026-04-10T15:17:15Z</time></rtept><rtept lat="38.270934" lon="-106.531203"><ele>3322.2</ele><time>2026-04-10T15:17:15Z</time></rtept><rtept lat="38.270898" lon="-106.531228"><ele>3322.2</ele><time>2026-04-10T15:17:15Z</time></rtept><rtept lat="38.270862" lon="-106.53124"><ele>3322.0</ele><time>2026-04-10T15:17:15Z</time></rtept><rtept lat="38.270821" lon="-106.531247"><ele>3322.0</ele><time>2026-04-10T15:17:15Z</time></rtept><rtept lat="38.270785" lon="-106.531248"><ele>3321.8</ele><time>2026-04-10T15:17:15Z</time></rtept><rtept lat="38.270744" lon="-106.531239"><ele>3321.8</ele><time>2026-04-10T15:17:15Z</time></rtept><rtept lat="38.270708" lon="-106.531225"><ele>3321.6</ele><time>2026-04-10T15:17:15Z</time></rtept><rtept lat="38.270673" lon="-106.531206"><ele>3321.6</ele><time>2026-04-10T15:17:15Z</time></rtept><rtept lat="38.270632" lon="-106.531195"><ele>3321.4</ele><time>2026-04-10T15:17:15Z</time></rtept><rtept lat="38.270601" lon="-106.53121"><ele>3321.4</ele><time>2026-04-10T15:17:15Z</time></rtept><rtept lat="38.270564" lon="-106.531236"><ele>3321.0</ele><time>2026-04-10T15:17:15Z</time></rtept><rtept lat="38.270532" lon="-106.531253"><ele>3320.0</ele><time>2026-04-10T15:17:15Z</time></rtept><rtept lat="38.270497" lon="-106.531235"><ele>3320.6</ele><time>2026-04-10T15:17:15Z</time></rtept><rtept lat="38.270461" lon="-106.531232"><ele>3319.8</ele><time>2026-04-10T15:17:15Z</time></rtept><rtept lat="38.27042" lon="-106.531238"><ele>3319.8</ele><time>2026-04-10T15:17:15Z</time></rtept><rtept lat="38.270384" lon="-106.531254"><ele>3318.6</ele><time>2026-04-10T15:17:15Z</time></rtept><rtept lat="38.270347" lon="-106.531278"><ele>3318.6</ele><time>2026-04-10T15:17:15Z</time></rtept><rtept lat="38.270311" lon="-106.53129"><ele>3317.8</ele><time>2026-04-10T15:17:15Z</time></rtept><rtept lat="38.270271" lon="-106.531291"><ele>3317.8</ele><time>2026-04-10T15:17:15Z</time></rtept><rtept lat="38.270235" lon="-106.531285"><ele>3316.8</ele><time>2026-04-10T15:17:15Z</time></rtept><rtept lat="38.270203" lon="-106.531272"><ele>3316.8</ele><time>2026-04-10T15:17:15Z</time></rtept><rtept lat="38.270163" lon="-106.531256"><ele>3316.0</ele><time>2026-04-10T15:17:15Z</time></rtept><rtept lat="38.270122" lon="-106.531245"><ele>3315.4</ele><time>2026-04-10T15:17:15Z</time></rtept><rtept lat="38.270082" lon="-106.53124"><ele>3315.4</ele><time>2026-04-10T15:17:15Z</time></rtept><rtept lat="38.270041" lon="-106.531253"><ele>3314.4</ele><time>2026-04-10T15:17:15Z</time></rtept><rtept lat="38.269992" lon="-106.531248"><ele>3313.6</ele><time>2026-04-10T15:17:15Z</time></rtept><rtept lat="38.269956" lon="-106.531259"><ele>3313.6</ele><time>2026-04-10T15:17:15Z</time></rtept><rtept lat="38.269919" lon="-106.53128"><ele>3312.2</ele><time>2026-04-10T15:17:15Z</time></rtept><rtept lat="38.269892" lon="-106.531304"><ele>3312.2</ele><time>2026-04-10T15:17:15Z</time></rtept><rtept lat="38.26986" lon="-106.531335"><ele>3311.8</ele><time>2026-04-10T15:17:15Z</time></rtept><rtept lat="38.269842" lon="-106.531365"><ele>3311.0</ele><time>2026-04-10T15:17:15Z</time></rtept><rtept lat="38.269819" lon="-106.531384"><ele>3311.0</ele><time>2026-04-10T15:17:15Z</time></rtept><rtept lat="38.269805" lon="-106.531391"><ele>3311.0</ele><time>2026-04-10T15:17:15Z</time></rtept><rtept lat="38.269778" lon="-106.531384"><ele>3310.4</ele><time>2026-04-10T15:17:15Z</time></rtept><rtept lat="38.269742" lon="-106.531373"><ele>3310.4</ele><time>2026-04-10T15:17:15Z</time></rtept><rtept lat="38.269715" lon="-106.531377"><ele>3310.0</ele><time>2026-04-10T15:17:15Z</time></rtept><rtept lat="38.269679" lon="-106.531384"><ele>3310.0</ele><time>2026-04-10T15:17:15Z</time></rtept><rtept lat="38.269638" lon="-106.531397"><ele>3309.8</ele><time>2026-04-10T15:17:15Z</time></rtept><rtept lat="38.269602" lon="-106.531399"><ele>3309.8</ele><time>2026-04-10T15:17:15Z</time></rtept><rtept lat="38.269557" lon="-106.531397"><ele>3309.6</ele><time>2026-04-10T15:17:15Z</time></rtept><rtept lat="38.269521" lon="-106.531408"><ele>3309.2</ele><time>2026-04-10T15:17:15Z</time></rtept><rtept lat="38.269485" lon="-106.531427"><ele>3308.6</ele><time>2026-04-10T15:17:15Z</time></rtept><rtept lat="38.269453" lon="-106.531463"><ele>3308.4</ele><time>2026-04-10T15:17:15Z</time></rtept><rtept lat="38.269421" lon="-106.531482"><ele>3308.4</ele><time>2026-04-10T15:17:15Z</time></rtept><rtept lat="38.269385" lon="-106.531491"><ele>3308.0</ele><time>2026-04-10T15:17:15Z</time></rtept><rtept lat="38.26934" lon="-106.531491"><ele>3308.0</ele><time>2026-04-10T15:17:15Z</time></rtept><rtept lat="38.26929" lon="-106.531508"><ele>3307.0</ele><time>2026-04-10T15:17:15Z</time></rtept><rtept lat="38.269267" lon="-106.531506"><ele>3307.0</ele><time>2026-04-10T15:17:15Z</time></rtept><rtept lat="38.269236" lon="-106.531513"><ele>3306.6</ele><time>2026-04-10T15:17:15Z</time></rtept><rtept lat="38.2692" lon="-106.531521"><ele>3306.6</ele><time>2026-04-10T15:17:15Z</time></rtept><rtept lat="38.269172" lon="-106.531535"><ele>3306.0</ele><time>2026-04-10T15:17:15Z</time></rtept><rtept lat="38.269109" lon="-106.531545"><ele>3305.4</ele><time>2026-04-10T15:17:15Z</time></rtept><rtept lat="38.269073" lon="-106.531559"><ele>3305.4</ele><time>2026-04-10T15:17:15Z</time></rtept><rtept lat="38.269046" lon="-106.531585"><ele>3304.6</ele><time>2026-04-10T15:17:15Z</time></rtept><rtept lat="38.269009" lon="-106.531604"><ele>3303.8</ele><time>2026-04-10T15:17:15Z</time></rtept><rtept lat="38.268973" lon="-106.531619"><ele>3303.2</ele><time>2026-04-10T15:17:15Z</time></rtept><rtept lat="38.268923" lon="-106.531638"><ele>3303.2</ele><time>2026-04-10T15:17:15Z</time></rtept><rtept lat="38.268896" lon="-106.531646"><ele>3302.4</ele><time>2026-04-10T15:17:15Z</time></rtept><rtept lat="38.26886" lon="-106.531654"><ele>3302.4</ele><time>2026-04-10T15:17:15Z</time></rtept><rtept lat="38.268824" lon="-106.531662"><ele>3301.8</ele><time>2026-04-10T15:17:15Z</time></rtept><rtept lat="38.268783" lon="-106.531677"><ele>3301.8</ele><time>2026-04-10T15:17:15Z</time></rtept><rtept lat="38.268756" lon="-106.531693"><ele>3300.0</ele><time>2026-04-10T15:17:15Z</time></rtept><rtept lat="38.268697" lon="-106.531714"><ele>3299.4</ele><time>2026-04-10T15:17:15Z</time></rtept><rtept lat="38.268661" lon="-106.531722"><ele>3299.4</ele><time>2026-04-10T15:17:15Z</time></rtept><rtept lat="38.26862" lon="-106.531724"><ele>3298.8</ele><time>2026-04-10T15:17:15Z</time></rtept><rtept lat="38.268597" lon="-106.531749"><ele>3298.8</ele><time>2026-04-10T15:17:15Z</time></rtept><rtept lat="38.268566" lon="-106.531766"><ele>3297.6</ele><time>2026-04-10T15:17:15Z</time></rtept><rtept lat="38.268538" lon="-106.53179"><ele>3297.6</ele><time>2026-04-10T15:17:15Z</time></rtept><rtept lat="38.268516" lon="-106.531805"><ele>3297.6</ele><time>2026-04-10T15:17:15Z</time></rtept><rtept lat="38.268484" lon="-106.531824"><ele>3297.0</ele><time>2026-04-10T15:17:15Z</time></rtept><rtept lat="38.268434" lon="-106.531816"><ele>3296.4</ele><time>2026-04-10T15:17:15Z</time></rtept><rtept lat="38.268398" lon="-106.531856"><ele>3295.6</ele><time>2026-04-10T15:17:15Z</time></rtept><rtept lat="38.26837" lon="-106.531882"><ele>3295.0</ele><time>2026-04-10T15:17:15Z</time></rtept><rtept lat="38.26832" lon="-106.531926"><ele>3295.0</ele><time>2026-04-10T15:17:15Z</time></rtept><rtept lat="38.268293" lon="-106.531937"><ele>3293.4</ele><time>2026-04-10T15:17:15Z</time></rtept><rtept lat="38.268257" lon="-106.531947"><ele>3293.4</ele><time>2026-04-10T15:17:15Z</time></rtept><rtept lat="38.26823" lon="-106.531968"><ele>3292.8</ele><time>2026-04-10T15:17:15Z</time></rtept><rtept lat="38.268198" lon="-106.531989"><ele>3292.8</ele><time>2026-04-10T15:17:15Z</time></rtept><rtept lat="38.268152" lon="-106.532001"><ele>3292.0</ele><time>2026-04-10T15:17:15Z</time></rtept><rtept lat="38.268143" lon="-106.532006"><ele>3292.0</ele><time>2026-04-10T15:17:15Z</time></rtept><rtept lat="38.268116" lon="-106.532038"><ele>3291.2</ele><time>2026-04-10T15:17:15Z</time></rtept><rtept lat="38.268106" lon="-106.532073"><ele>3290.4</ele><time>2026-04-10T15:17:15Z</time></rtept><rtept lat="38.268088" lon="-106.532104"><ele>3290.4</ele><time>2026-04-10T15:17:15Z</time></rtept><rtept lat="38.268061" lon="-106.532125"><ele>3289.4</ele><time>2026-04-10T15:17:15Z</time></rtept><rtept lat="38.268038" lon="-106.532152"><ele>3288.6</ele><time>2026-04-10T15:17:15Z</time></rtept><rtept lat="38.267965" lon="-106.532221"><ele>3286.6</ele><time>2026-04-10T15:17:15Z</time></rtept><rtept lat="38.267933" lon="-106.532251"><ele>3286.6</ele><time>2026-04-10T15:17:15Z</time></rtept><rtept lat="38.26791" lon="-106.532286"><ele>3285.8</ele><time>2026-04-10T15:17:15Z</time></rtept><rtept lat="38.267882" lon="-106.532323"><ele>3285.0</ele><time>2026-04-10T15:17:15Z</time></rtept><rtept lat="38.267855" lon="-106.532349"><ele>3285.0</ele><time>2026-04-10T15:17:15Z</time></rtept><rtept lat="38.267823" lon="-106.532372"><ele>3283.4</ele><time>2026-04-10T15:17:15Z</time></rtept><rtept lat="38.267787" lon="-106.53239"><ele>3283.4</ele><time>2026-04-10T15:17:15Z</time></rtept><rtept lat="38.267751" lon="-106.532405"><ele>3282.8</ele><time>2026-04-10T15:17:15Z</time></rtept><rtept lat="38.267723" lon="-106.532419"><ele>3282.8</ele><time>2026-04-10T15:17:15Z</time></rtept><rtept lat="38.267683" lon="-106.532439"><ele>3282.2</ele><time>2026-04-10T15:17:15Z</time></rtept><rtept lat="38.267651" lon="-106.532448"><ele>3282.2</ele><time>2026-04-10T15:17:15Z</time></rtept><rtept lat="38.267611" lon="-106.532438"><ele>3281.6</ele><time>2026-04-10T15:17:15Z</time></rtept><rtept lat="38.267556" lon="-106.53245"><ele>3280.2</ele><time>2026-04-10T15:17:15Z</time></rtept><rtept lat="38.267543" lon="-106.532466"><ele>3280.2</ele><time>2026-04-10T15:17:15Z</time></rtept><rtept lat="38.267515" lon="-106.532489"><ele>3280.2</ele><time>2026-04-10T15:17:15Z</time></rtept><rtept lat="38.267497" lon="-106.532523"><ele>3279.8</ele><time>2026-04-10T15:17:15Z</time></rtept><rtept lat="38.267483" lon="-106.532569"><ele>3279.2</ele><time>2026-04-10T15:17:15Z</time></rtept><rtept lat="38.267478" lon="-106.532609"><ele>3279.2</ele><time>2026-04-10T15:17:15Z</time></rtept><rtept lat="38.267432" lon="-106.532634"><ele>3278.2</ele><time>2026-04-10T15:17:15Z</time></rtept><rtept lat="38.267414" lon="-106.532678"><ele>3278.2</ele><time>2026-04-10T15:17:15Z</time></rtept><rtept lat="38.267391" lon="-106.532708"><ele>3277.4</ele><time>2026-04-10T15:17:15Z</time></rtept><rtept lat="38.267363" lon="-106.532739"><ele>3277.2</ele><time>2026-04-10T15:17:15Z</time></rtept><rtept lat="38.267323" lon="-106.532761"><ele>3277.2</ele><time>2026-04-10T15:17:15Z</time></rtept><rtept lat="38.267286" lon="-106.532776"><ele>3277.2</ele><time>2026-04-10T15:17:15Z</time></rtept><rtept lat="38.267246" lon="-106.53279"><ele>3277.2</ele><time>2026-04-10T15:17:15Z</time></rtept><rtept lat="38.267214" lon="-106.53281"><ele>3276.6</ele><time>2026-04-10T15:17:15Z</time></rtept><rtept lat="38.267177" lon="-106.532836"><ele>3276.6</ele><time>2026-04-10T15:17:15Z</time></rtept><rtept lat="38.267159" lon="-106.532838"><ele>3276.4</ele><time>2026-04-10T15:17:15Z</time></rtept><rtept lat="38.267123" lon="-106.53286"><ele>3276.4</ele><time>2026-04-10T15:17:15Z</time></rtept><rtept lat="38.267082" lon="-106.532902"><ele>3275.6</ele><time>2026-04-10T15:17:15Z</time></rtept><rtept lat="38.26705" lon="-106.532917"><ele>3275.6</ele><time>2026-04-10T15:17:15Z</time></rtept><rtept lat="38.266973" lon="-106.53296"><ele>3275.6</ele><time>2026-04-10T15:17:15Z</time></rtept><rtept lat="38.26695" lon="-106.532973"><ele>3275.0</ele><time>2026-04-10T15:17:15Z</time></rtept><rtept lat="38.2669" lon="-106.53298"><ele>3275.0</ele><time>2026-04-10T15:17:15Z</time></rtept><rtept lat="38.266855" lon="-106.532996"><ele>3275.0</ele><time>2026-04-10T15:17:15Z</time></rtept><rtept lat="38.266814" lon="-106.533025"><ele>3275.0</ele><time>2026-04-10T15:17:15Z</time></rtept><rtept lat="38.266782" lon="-106.533058"><ele>3274.4</ele><time>2026-04-10T15:17:15Z</time></rtept><rtept lat="38.266742" lon="-106.533077"><ele>3274.6</ele><time>2026-04-10T15:17:15Z</time></rtept><rtept lat="38.266701" lon="-106.533099"><ele>3274.6</ele><time>2026-04-10T15:17:15Z</time></rtept><rtept lat="38.266669" lon="-106.533147"><ele>3274.2</ele><time>2026-04-10T15:17:15Z</time></rtept><rtept lat="38.266637" lon="-106.533187"><ele>3274.2</ele><time>2026-04-10T15:17:15Z</time></rtept><rtept lat="38.266605" lon="-106.533222"><ele>3274.4</ele><time>2026-04-10T15:17:15Z</time></rtept><rtept lat="38.266586" lon="-106.533261"><ele>3273.8</ele><time>2026-04-10T15:17:15Z</time></rtept><rtept lat="38.26654" lon="-106.533302"><ele>3274.2</ele><time>2026-04-10T15:17:15Z</time></rtept><rtept lat="38.266513" lon="-106.533345"><ele>3273.4</ele><time>2026-04-10T15:17:15Z</time></rtept><rtept lat="38.26649" lon="-106.533392"><ele>3273.4</ele><time>2026-04-10T15:17:15Z</time></rtept><rtept lat="38.266467" lon="-106.533443"><ele>3273.0</ele><time>2026-04-10T15:17:15Z</time></rtept><rtept lat="38.266435" lon="-106.533477"><ele>3273.0</ele><time>2026-04-10T15:17:15Z</time></rtept><rtept lat="38.266394" lon="-106.533489"><ele>3272.8</ele><time>2026-04-10T15:17:15Z</time></rtept><rtept lat="38.266353" lon="-106.533509"><ele>3273.4</ele><time>2026-04-10T15:17:15Z</time></rtept><rtept lat="38.266316" lon="-106.53354"><ele>3273.4</ele><time>2026-04-10T15:17:15Z</time></rtept><rtept lat="38.266271" lon="-106.533567"><ele>3273.6</ele><time>2026-04-10T15:17:15Z</time></rtept><rtept lat="38.266235" lon="-106.533573"><ele>3273.6</ele><time>2026-04-10T15:17:15Z</time></rtept><rtept lat="38.266199" lon="-106.533565"><ele>3274.8</ele><time>2026-04-10T15:17:15Z</time></rtept><rtept lat="38.266163" lon="-106.533547"><ele>3274.8</ele><time>2026-04-10T15:17:15Z</time></rtept><rtept lat="38.266132" lon="-106.533521"><ele>3275.4</ele><time>2026-04-10T15:17:15Z</time></rtept><rtept lat="38.266096" lon="-106.533525"><ele>3275.4</ele><time>2026-04-10T15:17:15Z</time></rtept><rtept lat="38.266051" lon="-106.533542"><ele>3276.2</ele><time>2026-04-10T15:17:15Z</time></rtept><rtept lat="38.266005" lon="-106.533549"><ele>3277.0</ele><time>2026-04-10T15:17:15Z</time></rtept><rtept lat="38.265978" lon="-106.533587"><ele>3276.8</ele><time>2026-04-10T15:17:15Z</time></rtept><rtept lat="38.265955" lon="-106.533629"><ele>3276.8</ele><time>2026-04-10T15:17:15Z</time></rtept><rtept lat="38.265927" lon="-106.53367"><ele>3277.6</ele><time>2026-04-10T15:17:15Z</time></rtept><rtept lat="38.265918" lon="-106.533685"><ele>3277.6</ele><time>2026-04-10T15:17:15Z</time></rtept><rtept lat="38.265882" lon="-106.533709"><ele>3278.6</ele><time>2026-04-10T15:17:15Z</time></rtept><rtept lat="38.265841" lon="-106.533723"><ele>3278.6</ele><time>2026-04-10T15:17:15Z</time></rtept><rtept lat="38.265791" lon="-106.533781"><ele>3279.6</ele><time>2026-04-10T15:17:15Z</time></rtept><rtept lat="38.265782" lon="-106.533787"><ele>3279.6</ele><time>2026-04-10T15:17:15Z</time></rtept><rtept lat="38.265705" lon="-106.533818"><ele>3280.6</ele><time>2026-04-10T15:17:15Z</time></rtept><rtept lat="38.265682" lon="-106.533845"><ele>3280.8</ele><time>2026-04-10T15:17:15Z</time></rtept><rtept lat="38.265637" lon="-106.533856"><ele>3282.0</ele><time>2026-04-10T15:17:15Z</time></rtept><rtept lat="38.265596" lon="-106.533884"><ele>3282.8</ele><time>2026-04-10T15:17:15Z</time></rtept><rtept lat="38.265555" lon="-106.533909"><ele>3283.2</ele><time>2026-04-10T15:17:15Z</time></rtept><rtept lat="38.265527" lon="-106.533942"><ele>3284.4</ele><time>2026-04-10T15:17:15Z</time></rtept><rtept lat="38.265477" lon="-106.533959"><ele>3285.4</ele><time>2026-04-10T15:17:15Z</time></rtept><rtept lat="38.265437" lon="-106.533982"><ele>3285.4</ele><time>2026-04-10T15:17:15Z</time></rtept><rtept lat="38.265405" lon="-106.534005"><ele>3287.0</ele><time>2026-04-10T15:17:15Z</time></rtept><rtept lat="38.265364" lon="-106.534033"><ele>3287.0</ele><time>2026-04-10T15:17:15Z</time></rtept><rtept lat="38.265327" lon="-106.534067"><ele>3288.4</ele><time>2026-04-10T15:17:15Z</time></rtept><rtept lat="38.2653" lon="-106.534115"><ele>3289.0</ele><time>2026-04-10T15:17:15Z</time></rtept><rtept lat="38.265268" lon="-106.534152"><ele>3290.6</ele><time>2026-04-10T15:17:15Z</time></rtept><rtept lat="38.265231" lon="-106.534165"><ele>3290.6</ele><time>2026-04-10T15:17:15Z</time></rtept><rtept lat="38.265191" lon="-106.534167"><ele>3292.6</ele><time>2026-04-10T15:17:15Z</time></rtept><rtept lat="38.265155" lon="-106.534185"><ele>3292.6</ele><time>2026-04-10T15:17:15Z</time></rtept><rtept lat="38.265118" lon="-106.534209"><ele>3293.8</ele><time>2026-04-10T15:17:15Z</time></rtept><rtept lat="38.265068" lon="-106.53423"><ele>3295.0</ele><time>2026-04-10T15:17:15Z</time></rtept><rtept lat="38.265037" lon="-106.534249"><ele>3295.0</ele><time>2026-04-10T15:17:15Z</time></rtept><rtept lat="38.264983" lon="-106.534245"><ele>3296.0</ele><time>2026-04-10T15:17:15Z</time></rtept><rtept lat="38.264941" lon="-106.534321"><ele>3296.8</ele><time>2026-04-10T15:17:15Z</time></rtept><rtept lat="38.264918" lon="-106.53435"><ele>3298.2</ele><time>2026-04-10T15:17:15Z</time></rtept><rtept lat="38.264882" lon="-106.53439"><ele>3298.2</ele><time>2026-04-10T15:17:15Z</time></rtept><rtept lat="38.26485" lon="-106.534426"><ele>3299.8</ele><time>2026-04-10T15:17:15Z</time></rtept><rtept lat="38.264809" lon="-106.534452"><ele>3299.8</ele><time>2026-04-10T15:17:15Z</time></rtept><rtept lat="38.264764" lon="-106.534457"><ele>3301.6</ele><time>2026-04-10T15:17:15Z</time></rtept><rtept lat="38.264718" lon="-106.534479"><ele>3303.2</ele><time>2026-04-10T15:17:15Z</time></rtept><rtept lat="38.264677" lon="-106.534506"><ele>3303.2</ele><time>2026-04-10T15:17:15Z</time></rtept><rtept lat="38.264622" lon="-106.534559"><ele>3304.6</ele><time>2026-04-10T15:17:15Z</time></rtept><rtept lat="38.2646" lon="-106.534597"><ele>3305.4</ele><time>2026-04-10T15:17:15Z</time></rtept><rtept lat="38.264567" lon="-106.534636"><ele>3305.4</ele><time>2026-04-10T15:17:15Z</time></rtept><rtept lat="38.26454" lon="-106.534674"><ele>3305.4</ele><time>2026-04-10T15:17:15Z</time></rtept><rtept lat="38.264485" lon="-106.534709"><ele>3306.0</ele><time>2026-04-10T15:17:15Z</time></rtept><rtept lat="38.264449" lon="-106.534749"><ele>3307.2</ele><time>2026-04-10T15:17:15Z</time></rtept><rtept lat="38.264426" lon="-106.534762"><ele>3307.2</ele><time>2026-04-10T15:17:15Z</time></rtept><rtept lat="38.264385" lon="-106.534785"><ele>3307.8</ele><time>2026-04-10T15:17:15Z</time></rtept><rtept lat="38.264353" lon="-106.534817"><ele>3307.8</ele><time>2026-04-10T15:17:15Z</time></rtept><rtept lat="38.264236" lon="-106.534852"><ele>3310.6</ele><time>2026-04-10T15:17:15Z</time></rtept><rtept lat="38.264186" lon="-106.534855"><ele>3311.6</ele><time>2026-04-10T15:17:15Z</time></rtept><rtept lat="38.264123" lon="-106.534857"><ele>3313.8</ele><time>2026-04-10T15:17:15Z</time></rtept><rtept lat="38.264082" lon="-106.534858"><ele>3313.8</ele><time>2026-04-10T15:17:15Z</time></rtept><rtept lat="38.264042" lon="-106.534862"><ele>3315.8</ele><time>2026-04-10T15:17:15Z</time></rtept><rtept lat="38.264006" lon="-106.534864"><ele>3315.8</ele><time>2026-04-10T15:17:15Z</time></rtept><rtept lat="38.263965" lon="-106.534898"><ele>3317.4</ele><time>2026-04-10T15:17:15Z</time></rtept><rtept lat="38.263946" lon="-106.53493"><ele>3317.4</ele><time>2026-04-10T15:17:15Z</time></rtept><rtept lat="38.263905" lon="-106.534957"><ele>3318.8</ele><time>2026-04-10T15:17:15Z</time></rtept><rtept lat="38.263864" lon="-106.534977"><ele>3318.8</ele><time>2026-04-10T15:17:15Z</time></rtept><rtept lat="38.263833" lon="-106.535004"><ele>3320.2</ele><time>2026-04-10T15:17:15Z</time></rtept><rtept lat="38.263801" lon="-106.535032"><ele>3320.0</ele><time>2026-04-10T15:17:15Z</time></rtept><rtept lat="38.26376" lon="-106.535058"><ele>3321.0</ele><time>2026-04-10T15:17:15Z</time></rtept><rtept lat="38.263728" lon="-106.535085"><ele>3321.0</ele><time>2026-04-10T15:17:15Z</time></rtept><rtept lat="38.263701" lon="-106.535108"><ele>3322.2</ele><time>2026-04-10T15:17:15Z</time></rtept><rtept lat="38.263601" lon="-106.535178"><ele>3323.8</ele><time>2026-04-10T15:17:15Z</time></rtept><rtept lat="38.26356" lon="-106.535188"><ele>3325.6</ele><time>2026-04-10T15:17:15Z</time></rtept><rtept lat="38.263515" lon="-106.535203"><ele>3327.6</ele><time>2026-04-10T15:17:15Z</time></rtept><rtept lat="38.263483" lon="-106.535192"><ele>3327.2</ele><time>2026-04-10T15:17:15Z</time></rtept><rtept lat="38.263438" lon="-106.535205"><ele>3329.0</ele><time>2026-04-10T15:17:15Z</time></rtept><rtept lat="38.263429" lon="-106.535219"><ele>3329.0</ele><time>2026-04-10T15:17:15Z</time></rtept><rtept lat="38.263428" lon="-106.53527"><ele>3329.0</ele><time>2026-04-10T15:17:15Z</time></rtept><rtept lat="38.263383" lon="-106.53532"><ele>3331.0</ele><time>2026-04-10T15:17:15Z</time></rtept><rtept lat="38.263359" lon="-106.535362"><ele>3331.0</ele><time>2026-04-10T15:17:15Z</time></rtept><rtept lat="38.263318" lon="-106.535392"><ele>3332.0</ele><time>2026-04-10T15:17:15Z</time></rtept><rtept lat="38.263282" lon="-106.535424"><ele>3332.0</ele><time>2026-04-10T15:17:15Z</time></rtept><rtept lat="38.263218" lon="-106.535467"><ele>3332.8</ele><time>2026-04-10T15:17:15Z</time></rtept><rtept lat="38.263205" lon="-106.535475"><ele>3332.8</ele><time>2026-04-10T15:17:15Z</time></rtept><rtept lat="38.263177" lon="-106.535499"><ele>3334.0</ele><time>2026-04-10T15:17:15Z</time></rtept><rtept lat="38.263136" lon="-106.53553"><ele>3334.0</ele><time>2026-04-10T15:17:15Z</time></rtept><rtept lat="38.263095" lon="-106.535565"><ele>3335.2</ele><time>2026-04-10T15:17:15Z</time></rtept><rtept lat="38.263072" lon="-106.535597"><ele>3335.2</ele><time>2026-04-10T15:17:15Z</time></rtept><rtept lat="38.263054" lon="-106.535638"><ele>3334.8</ele><time>2026-04-10T15:17:15Z</time></rtept><rtept lat="38.263026" lon="-106.535673"><ele>3337.2</ele><time>2026-04-10T15:17:15Z</time></rtept><rtept lat="38.262985" lon="-106.535718"><ele>3336.2</ele><time>2026-04-10T15:17:15Z</time></rtept><rtept lat="38.262962" lon="-106.535747"><ele>3338.8</ele><time>2026-04-10T15:17:15Z</time></rtept><rtept lat="38.262926" lon="-106.535761"><ele>3338.8</ele><time>2026-04-10T15:17:15Z</time></rtept><rtept lat="38.262885" lon="-106.535777"><ele>3341.2</ele><time>2026-04-10T15:17:15Z</time></rtept><rtept lat="38.262844" lon="-106.535801"><ele>3342.4</ele><time>2026-04-10T15:17:15Z</time></rtept><rtept lat="38.262808" lon="-106.535828"><ele>3342.4</ele><time>2026-04-10T15:17:15Z</time></rtept><rtept lat="38.262772" lon="-106.535851"><ele>3344.2</ele><time>2026-04-10T15:17:15Z</time></rtept><rtept lat="38.26274" lon="-106.53588"><ele>3344.2</ele><time>2026-04-10T15:17:15Z</time></rtept><rtept lat="38.262721" lon="-106.535919"><ele>3343.2</ele><time>2026-04-10T15:17:15Z</time></rtept><rtept lat="38.262703" lon="-106.535967"><ele>3344.6</ele><time>2026-04-10T15:17:15Z</time></rtept><rtept lat="38.262675" lon="-106.536021"><ele>3343.4</ele><time>2026-04-10T15:17:15Z</time></rtept><rtept lat="38.262652" lon="-106.536069"><ele>3341.8</ele><time>2026-04-10T15:17:15Z</time></rtept><rtept lat="38.262624" lon="-106.536112"><ele>3343.6</ele><time>2026-04-10T15:17:15Z</time></rtept><rtept lat="38.262578" lon="-106.536207"><ele>3343.8</ele><time>2026-04-10T15:17:15Z</time></rtept><rtept lat="38.262564" lon="-106.536215"><ele>3343.8</ele><time>2026-04-10T15:17:15Z</time></rtept><rtept lat="38.262532" lon="-106.536253"><ele>3342.2</ele><time>2026-04-10T15:17:15Z</time></rtept><rtept lat="38.262496" lon="-106.536288"><ele>3344.0</ele><time>2026-04-10T15:17:15Z</time></rtept><rtept lat="38.26245" lon="-106.536325"><ele>3342.4</ele><time>2026-04-10T15:17:15Z</time></rtept><rtept lat="38.262431" lon="-106.536366"><ele>3344.4</ele><time>2026-04-10T15:17:15Z</time></rtept><rtept lat="38.262385" lon="-106.536433"><ele>3342.6</ele><time>2026-04-10T15:17:15Z</time></rtept><rtept lat="38.262349" lon="-106.536469"><ele>3345.0</ele><time>2026-04-10T15:17:15Z</time></rtept><rtept lat="38.262317" lon="-106.536498"><ele>3343.4</ele><time>2026-04-10T15:17:15Z</time></rtept><rtept lat="38.262281" lon="-106.536525"><ele>3346.0</ele><time>2026-04-10T15:17:15Z</time></rtept><rtept lat="38.26224" lon="-106.536546"><ele>3349.0</ele><time>2026-04-10T15:17:15Z</time></rtept><rtept lat="38.262199" lon="-106.536569"><ele>3349.0</ele><time>2026-04-10T15:17:15Z</time></rtept><rtept lat="38.262163" lon="-106.536597"><ele>3349.8</ele><time>2026-04-10T15:17:15Z</time></rtept><rtept lat="38.262126" lon="-106.536624"><ele>3349.8</ele><time>2026-04-10T15:17:15Z</time></rtept><rtept lat="38.262081" lon="-106.536637"><ele>3352.4</ele><time>2026-04-10T15:17:15Z</time></rtept><rtept lat="38.262045" lon="-106.536665"><ele>3350.2</ele><time>2026-04-10T15:17:15Z</time></rtept><rtept lat="38.262008" lon="-106.536692"><ele>3352.0</ele><time>2026-04-10T15:17:15Z</time></rtept><rtept lat="38.261944" lon="-106.536807"><ele>3350.8</ele><time>2026-04-10T15:17:15Z</time></rtept><rtept lat="38.26193" lon="-106.536834"><ele>3348.8</ele><time>2026-04-10T15:17:15Z</time></rtept><rtept lat="38.261916" lon="-106.536857"><ele>3348.8</ele><time>2026-04-10T15:17:15Z</time></rtept><rtept lat="38.261898" lon="-106.536884"><ele>3349.6</ele><time>2026-04-10T15:17:15Z</time></rtept><rtept lat="38.261888" lon="-106.536913"><ele>3347.8</ele><time>2026-04-10T15:17:15Z</time></rtept><rtept lat="38.261879" lon="-106.536943"><ele>3347.8</ele><time>2026-04-10T15:17:15Z</time></rtept><rtept lat="38.26186" lon="-106.536969"><ele>3347.8</ele><time>2026-04-10T15:17:15Z</time></rtept><rtept lat="38.26181" lon="-106.537"><ele>3346.6</ele><time>2026-04-10T15:17:15Z</time></rtept><rtept lat="38.261797" lon="-106.536998"><ele>3348.0</ele><time>2026-04-10T15:17:15Z</time></rtept><rtept lat="38.26177" lon="-106.536996"><ele>3347.2</ele><time>2026-04-10T15:17:15Z</time></rtept><rtept lat="38.261738" lon="-106.536989"><ele>3347.2</ele><time>2026-04-10T15:17:15Z</time></rtept><rtept lat="38.261711" lon="-106.536979"><ele>3347.2</ele><time>2026-04-10T15:17:15Z</time></rtept><rtept lat="38.261689" lon="-106.536977"><ele>3345.8</ele><time>2026-04-10T15:17:15Z</time></rtept><rtept lat="38.261684" lon="-106.536996"><ele>3345.8</ele><time>2026-04-10T15:17:15Z</time></rtept><rtept lat="38.261688" lon="-106.537022"><ele>3344.8</ele><time>2026-04-10T15:17:15Z</time></rtept><rtept lat="38.261697" lon="-106.53706"><ele>3344.8</ele><time>2026-04-10T15:17:15Z</time></rtept><rtept lat="38.261701" lon="-106.5371"><ele>3343.6</ele><time>2026-04-10T15:17:15Z</time></rtept><rtept lat="38.261714" lon="-106.537138"><ele>3344.6</ele><time>2026-04-10T15:17:15Z</time></rtept><rtept lat="38.261731" lon="-106.537175"><ele>3343.2</ele><time>2026-04-10T15:17:15Z</time></rtept><rtept lat="38.261736" lon="-106.537189"><ele>3343.2</ele><time>2026-04-10T15:17:15Z</time></rtept><rtept lat="38.261749" lon="-106.537214"><ele>3343.2</ele><time>2026-04-10T15:17:15Z</time></rtept><rtept lat="38.261766" lon="-106.537252"><ele>3343.2</ele><time>2026-04-10T15:17:15Z</time></rtept><rtept lat="38.261748" lon="-106.537288"><ele>3341.6</ele><time>2026-04-10T15:17:15Z</time></rtept><rtept lat="38.26173" lon="-106.537321"><ele>3341.6</ele><time>2026-04-10T15:17:15Z</time></rtept><rtept lat="38.261716" lon="-106.53735"><ele>3340.0</ele><time>2026-04-10T15:17:15Z</time></rtept><rtept lat="38.261711" lon="-106.53739"><ele>3340.0</ele><time>2026-04-10T15:17:15Z</time></rtept><rtept lat="38.261719" lon="-106.537436"><ele>3338.2</ele><time>2026-04-10T15:17:15Z</time></rtept><rtept lat="38.261723" lon="-106.53748"><ele>3338.2</ele><time>2026-04-10T15:17:15Z</time></rtept><rtept lat="38.26174" lon="-106.537521"><ele>3336.0</ele><time>2026-04-10T15:17:15Z</time></rtept><rtept lat="38.261744" lon="-106.537563"><ele>3336.0</ele><time>2026-04-10T15:17:15Z</time></rtept><rtept lat="38.261748" lon="-106.5376"><ele>3334.0</ele><time>2026-04-10T15:17:15Z</time></rtept><rtept lat="38.261757" lon="-106.53764"><ele>3334.0</ele><time>2026-04-10T15:17:15Z</time></rtept><rtept lat="38.26177" lon="-106.537676"><ele>3334.0</ele><time>2026-04-10T15:17:15Z</time></rtept><rtept lat="38.261801" lon="-106.537718"><ele>3331.8</ele><time>2026-04-10T15:17:15Z</time></rtept><rtept lat="38.261823" lon="-106.537754"><ele>3331.8</ele><time>2026-04-10T15:17:15Z</time></rtept><rtept lat="38.261831" lon="-106.537801"><ele>3330.0</ele><time>2026-04-10T15:17:15Z</time></rtept><rtept lat="38.26184" lon="-106.537841"><ele>3328.6</ele><time>2026-04-10T15:17:15Z</time></rtept><rtept lat="38.261839" lon="-106.537889"><ele>3328.2</ele><time>2026-04-10T15:17:15Z</time></rtept><rtept lat="38.261857" lon="-106.537923"><ele>3326.8</ele><time>2026-04-10T15:17:15Z</time></rtept><rtept lat="38.261879" lon="-106.537962"><ele>3325.0</ele><time>2026-04-10T15:17:15Z</time></rtept><rtept lat="38.261901" lon="-106.538011"><ele>3325.0</ele><time>2026-04-10T15:17:15Z</time></rtept><rtept lat="38.261905" lon="-106.538026"><ele>3325.0</ele><time>2026-04-10T15:17:15Z</time></rtept><rtept lat="38.261935" lon="-106.538106"><ele>3321.8</ele><time>2026-04-10T15:17:15Z</time></rtept><rtept lat="38.261971" lon="-106.538159"><ele>3320.2</ele><time>2026-04-10T15:17:15Z</time></rtept><rtept lat="38.26197" lon="-106.538199"><ele>3320.2</ele><time>2026-04-10T15:17:15Z</time></rtept><rtept lat="38.261988" lon="-106.538253"><ele>3317.2</ele><time>2026-04-10T15:17:15Z</time></rtept><rtept lat="38.261969" lon="-106.53831"><ele>3317.4</ele><time>2026-04-10T15:17:15Z</time></rtept><rtept lat="38.261955" lon="-106.538337"><ele>3317.4</ele><time>2026-04-10T15:17:15Z</time></rtept><rtept lat="38.261954" lon="-106.538387"><ele>3316.2</ele><time>2026-04-10T15:17:15Z</time></rtept><rtept lat="38.261931" lon="-106.538443"><ele>3316.2</ele><time>2026-04-10T15:17:15Z</time></rtept><rtept lat="38.261926" lon="-106.538492"><ele>3314.8</ele><time>2026-04-10T15:17:15Z</time></rtept><rtept lat="38.261894" lon="-106.538534"><ele>3316.2</ele><time>2026-04-10T15:17:15Z</time></rtept><rtept lat="38.261857" lon="-106.538595"><ele>3315.0</ele><time>2026-04-10T15:17:15Z</time></rtept><rtept lat="38.261839" lon="-106.538627"><ele>3316.6</ele><time>2026-04-10T15:17:15Z</time></rtept><rtept lat="38.26182" lon="-106.538671"><ele>3315.2</ele><time>2026-04-10T15:17:15Z</time></rtept><rtept lat="38.261801" lon="-106.538718"><ele>3313.8</ele><time>2026-04-10T15:17:15Z</time></rtept><rtept lat="38.261778" lon="-106.53876"><ele>3313.8</ele><time>2026-04-10T15:17:15Z</time></rtept><rtept lat="38.261764" lon="-106.538802"><ele>3313.8</ele><time>2026-04-10T15:17:15Z</time></rtept><rtept lat="38.261746" lon="-106.53885"><ele>3313.8</ele><time>2026-04-10T15:17:15Z</time></rtept><rtept lat="38.261741" lon="-106.538889"><ele>3312.4</ele><time>2026-04-10T15:17:15Z</time></rtept><rtept lat="38.261731" lon="-106.538937"><ele>3312.4</ele><time>2026-04-10T15:17:15Z</time></rtept><rtept lat="38.261712" lon="-106.538988"><ele>3311.2</ele><time>2026-04-10T15:17:15Z</time></rtept><rtept lat="38.261689" lon="-106.539015"><ele>3312.2</ele><time>2026-04-10T15:17:15Z</time></rtept><rtept lat="38.261671" lon="-106.539053"><ele>3312.2</ele><time>2026-04-10T15:17:15Z</time></rtept><rtept lat="38.261661" lon="-106.539089"><ele>3311.0</ele><time>2026-04-10T15:17:15Z</time></rtept><rtept lat="38.261634" lon="-106.53912"><ele>3312.0</ele><time>2026-04-10T15:17:15Z</time></rtept><rtept lat="38.261607" lon="-106.539147"><ele>3310.6</ele><time>2026-04-10T15:17:15Z</time></rtept><rtept lat="38.26157" lon="-106.539201"><ele>3310.6</ele><time>2026-04-10T15:17:15Z</time></rtept><rtept lat="38.261556" lon="-106.539218"><ele>3311.6</ele><time>2026-04-10T15:17:15Z</time></rtept><rtept lat="38.261528" lon="-106.539255"><ele>3310.4</ele><time>2026-04-10T15:17:15Z</time></rtept><rtept lat="38.261506" lon="-106.539259"><ele>3310.4</ele><time>2026-04-10T15:17:15Z</time></rtept><rtept lat="38.261447" lon="-106.539279"><ele>3311.2</ele><time>2026-04-10T15:17:15Z</time></rtept><rtept lat="38.261429" lon="-106.539297"><ele>3311.8</ele><time>2026-04-10T15:17:15Z</time></rtept><rtept lat="38.261406" lon="-106.539327"><ele>3310.6</ele><time>2026-04-10T15:17:15Z</time></rtept><rtept lat="38.261365" lon="-106.539332"><ele>3311.0</ele><time>2026-04-10T15:17:15Z</time></rtept><rtept lat="38.26136" lon="-106.539385"><ele>3311.0</ele><time>2026-04-10T15:17:15Z</time></rtept><rtept lat="38.261346" lon="-106.539414"><ele>3310.0</ele><time>2026-04-10T15:17:15Z</time></rtept><rtept lat="38.261337" lon="-106.539447"><ele>3310.0</ele><time>2026-04-10T15:17:15Z</time></rtept><rtept lat="38.261336" lon="-106.539496"><ele>3309.0</ele><time>2026-04-10T15:17:15Z</time></rtept><rtept lat="38.261344" lon="-106.53954"><ele>3309.0</ele><time>2026-04-10T15:17:15Z</time></rtept><rtept lat="38.261348" lon="-106.539587"><ele>3307.8</ele><time>2026-04-10T15:17:15Z</time></rtept><rtept lat="38.261352" lon="-106.539623"><ele>3307.8</ele><time>2026-04-10T15:17:15Z</time></rtept><rtept lat="38.261352" lon="-106.53966"><ele>3306.8</ele><time>2026-04-10T15:17:15Z</time></rtept><rtept lat="38.261342" lon="-106.539694"><ele>3306.8</ele><time>2026-04-10T15:17:15Z</time></rtept><rtept lat="38.261328" lon="-106.53973"><ele>3306.8</ele><time>2026-04-10T15:17:15Z</time></rtept><rtept lat="38.261319" lon="-106.539763"><ele>3305.2</ele><time>2026-04-10T15:17:15Z</time></rtept><rtept lat="38.261305" lon="-106.539799"><ele>3305.2</ele><time>2026-04-10T15:17:15Z</time></rtept><rtept lat="38.261282" lon="-106.539823"><ele>3305.4</ele><time>2026-04-10T15:17:15Z</time></rtept><rtept lat="38.261232" lon="-106.539849"><ele>3303.6</ele><time>2026-04-10T15:17:15Z</time></rtept><rtept lat="38.261219" lon="-106.539855"><ele>3303.6</ele><time>2026-04-10T15:17:15Z</time></rtept><rtept lat="38.261191" lon="-106.539868"><ele>3303.6</ele><time>2026-04-10T15:17:15Z</time></rtept><rtept lat="38.261151" lon="-106.539883"><ele>3303.4</ele><time>2026-04-10T15:17:15Z</time></rtept><rtept lat="38.261137" lon="-106.539875"><ele>3303.4</ele><time>2026-04-10T15:17:15Z</time></rtept><rtept lat="38.261106" lon="-106.539891"><ele>3303.4</ele><time>2026-04-10T15:17:15Z</time></rtept><rtept lat="38.261096" lon="-106.53992"><ele>3301.2</ele><time>2026-04-10T15:17:15Z</time></rtept><rtept lat="38.261096" lon="-106.539949"><ele>3301.2</ele><time>2026-04-10T15:17:15Z</time></rtept><rtept lat="38.261104" lon="-106.539992"><ele>3301.8</ele><time>2026-04-10T15:17:15Z</time></rtept><rtept lat="38.261113" lon="-106.540037"><ele>3300.0</ele><time>2026-04-10T15:17:15Z</time></rtept><rtept lat="38.261126" lon="-106.540064"><ele>3300.0</ele><time>2026-04-10T15:17:15Z</time></rtept><rtept lat="38.261121" lon="-106.540103"><ele>3298.2</ele><time>2026-04-10T15:17:15Z</time></rtept><rtept lat="38.261093" lon="-106.540141"><ele>3297.8</ele><time>2026-04-10T15:17:15Z</time></rtept><rtept lat="38.261093" lon="-106.540171"><ele>3297.8</ele><time>2026-04-10T15:17:15Z</time></rtept><rtept lat="38.261079" lon="-106.540213"><ele>3296.0</ele><time>2026-04-10T15:17:15Z</time></rtept><rtept lat="38.261082" lon="-106.540277"><ele>3294.4</ele><time>2026-04-10T15:17:15Z</time></rtept><rtept lat="38.261082" lon="-106.54029"><ele>3294.4</ele><time>2026-04-10T15:17:15Z</time></rtept><rtept lat="38.261086" lon="-106.540336"><ele>3294.4</ele><time>2026-04-10T15:17:15Z</time></rtept><rtept lat="38.261086" lon="-106.540381"><ele>3292.4</ele><time>2026-04-10T15:17:15Z</time></rtept><rtept lat="38.26108" lon="-106.540426"><ele>3292.4</ele><time>2026-04-10T15:17:15Z</time></rtept><rtept lat="38.261089" lon="-106.540449"><ele>3290.4</ele><time>2026-04-10T15:17:15Z</time></rtept><rtept lat="38.261093" lon="-106.540486"><ele>3290.4</ele><time>2026-04-10T15:17:15Z</time></rtept><rtept lat="38.261106" lon="-106.540524"><ele>3288.2</ele><time>2026-04-10T15:17:15Z</time></rtept><rtept lat="38.261133" lon="-106.540562"><ele>3288.2</ele><time>2026-04-10T15:17:15Z</time></rtept><rtept lat="38.261141" lon="-106.540601"><ele>3288.2</ele><time>2026-04-10T15:17:15Z</time></rtept><rtept lat="38.261132" lon="-106.540645"><ele>3285.8</ele><time>2026-04-10T15:17:15Z</time></rtept><rtept lat="38.261109" lon="-106.540673"><ele>3285.8</ele><time>2026-04-10T15:17:15Z</time></rtept><rtept lat="38.261081" lon="-106.540703"><ele>3284.0</ele><time>2026-04-10T15:17:15Z</time></rtept><rtept lat="38.261049" lon="-106.540727"><ele>3284.0</ele><time>2026-04-10T15:17:15Z</time></rtept><rtept lat="38.261027" lon="-106.540753"><ele>3283.8</ele><time>2026-04-10T15:17:15Z</time></rtept><rtept lat="38.261013" lon="-106.540796"><ele>3281.8</ele><time>2026-04-10T15:17:15Z</time></rtept><rtept lat="38.261008" lon="-106.540809"><ele>3281.8</ele><time>2026-04-10T15:17:15Z</time></rtept><rtept lat="38.261003" lon="-106.540851"><ele>3281.8</ele><time>2026-04-10T15:17:15Z</time></rtept><rtept lat="38.260984" lon="-106.540907"><ele>3279.8</ele><time>2026-04-10T15:17:15Z</time></rtept><rtept lat="38.260975" lon="-106.540928"><ele>3279.8</ele><time>2026-04-10T15:17:15Z</time></rtept><rtept lat="38.260956" lon="-106.540968"><ele>3277.6</ele><time>2026-04-10T15:17:15Z</time></rtept><rtept lat="38.260942" lon="-106.540997"><ele>3277.6</ele><time>2026-04-10T15:17:15Z</time></rtept><rtept lat="38.260915" lon="-106.541026"><ele>3277.6</ele><time>2026-04-10T15:17:15Z</time></rtept><rtept lat="38.260896" lon="-106.541068"><ele>3275.6</ele><time>2026-04-10T15:17:15Z</time></rtept><rtept lat="38.260878" lon="-106.541098"><ele>3275.6</ele><time>2026-04-10T15:17:15Z</time></rtept><rtept lat="38.260859" lon="-106.541126"><ele>3273.6</ele><time>2026-04-10T15:17:15Z</time></rtept><rtept lat="38.260832" lon="-106.541152"><ele>3273.6</ele><time>2026-04-10T15:17:15Z</time></rtept><rtept lat="38.260805" lon="-106.541173"><ele>3273.4</ele><time>2026-04-10T15:17:15Z</time></rtept><rtept lat="38.260773" lon="-106.541195"><ele>3273.4</ele><time>2026-04-10T15:17:15Z</time></rtept><rtept lat="38.260719" lon="-106.541194"><ele>3273.2</ele><time>2026-04-10T15:17:15Z</time></rtept><rtept lat="38.260687" lon="-106.541204"><ele>3273.0</ele><time>2026-04-10T15:17:15Z</time></rtept><rtept lat="38.26066" lon="-106.541244"><ele>3271.2</ele><time>2026-04-10T15:17:15Z</time></rtept><rtept lat="38.260632" lon="-106.541278"><ele>3271.2</ele><time>2026-04-10T15:17:15Z</time></rtept><rtept lat="38.260618" lon="-106.541323"><ele>3269.2</ele><time>2026-04-10T15:17:15Z</time></rtept><rtept lat="38.260609" lon="-106.541337"><ele>3269.2</ele><time>2026-04-10T15:17:15Z</time></rtept><rtept lat="38.260595" lon="-106.541371"><ele>3269.2</ele><time>2026-04-10T15:17:15Z</time></rtept><rtept lat="38.260572" lon="-106.541433"><ele>3267.4</ele><time>2026-04-10T15:17:15Z</time></rtept><rtept lat="38.260589" lon="-106.541475"><ele>3265.4</ele><time>2026-04-10T15:17:15Z</time></rtept><rtept lat="38.26058" lon="-106.541514"><ele>3265.4</ele><time>2026-04-10T15:17:15Z</time></rtept><rtept lat="38.260561" lon="-106.541549"><ele>3263.4</ele><time>2026-04-10T15:17:15Z</time></rtept><rtept lat="38.260543" lon="-106.541571"><ele>3263.0</ele><time>2026-04-10T15:17:15Z</time></rtept><rtept lat="38.260506" lon="-106.541587"><ele>3263.0</ele><time>2026-04-10T15:17:15Z</time></rtept><rtept lat="38.260484" lon="-106.541585"><ele>3262.6</ele><time>2026-04-10T15:17:15Z</time></rtept><rtept lat="38.26047" lon="-106.541601"><ele>3262.6</ele><time>2026-04-10T15:17:15Z</time></rtept><rtept lat="38.260416" lon="-106.541607"><ele>3262.0</ele><time>2026-04-10T15:17:15Z</time></rtept><rtept lat="38.26038" lon="-106.541605"><ele>3262.0</ele><time>2026-04-10T15:17:15Z</time></rtept><rtept lat="38.260353" lon="-106.541621"><ele>3261.2</ele><time>2026-04-10T15:17:15Z</time></rtept><rtept lat="38.260317" lon="-106.54163"><ele>3261.2</ele><time>2026-04-10T15:17:15Z</time></rtept><rtept lat="38.260276" lon="-106.541627"><ele>3260.2</ele><time>2026-04-10T15:17:15Z</time></rtept><rtept lat="38.260249" lon="-106.541656"><ele>3258.4</ele><time>2026-04-10T15:17:15Z</time></rtept><rtept lat="38.260212" lon="-106.541673"><ele>3257.4</ele><time>2026-04-10T15:17:15Z</time></rtept><rtept lat="38.260176" lon="-106.541705"><ele>3257.4</ele><time>2026-04-10T15:17:15Z</time></rtept><rtept lat="38.260081" lon="-106.541711"><ele>3255.2</ele><time>2026-04-10T15:17:15Z</time></rtept><rtept lat="38.260054" lon="-106.541704"><ele>3255.2</ele><time>2026-04-10T15:17:15Z</time></rtept><rtept lat="38.260023" lon="-106.541716"><ele>3255.2</ele><time>2026-04-10T15:17:15Z</time></rtept><rtept lat="38.259982" lon="-106.541709"><ele>3254.2</ele><time>2026-04-10T15:17:15Z</time></rtept><rtept lat="38.259955" lon="-106.541732"><ele>3253.0</ele><time>2026-04-10T15:17:15Z</time></rtept><rtept lat="38.259928" lon="-106.541756"><ele>3252.0</ele><time>2026-04-10T15:17:15Z</time></rtept><rtept lat="38.2599" lon="-106.541781"><ele>3252.0</ele><time>2026-04-10T15:17:15Z</time></rtept><rtept lat="38.259868" lon="-106.541804"><ele>3251.2</ele><time>2026-04-10T15:17:15Z</time></rtept><rtept lat="38.259836" lon="-106.541832"><ele>3250.0</ele><time>2026-04-10T15:17:15Z</time></rtept><rtept lat="38.259805" lon="-106.541844"><ele>3249.2</ele><time>2026-04-10T15:17:15Z</time></rtept><rtept lat="38.259768" lon="-106.541862"><ele>3249.2</ele><time>2026-04-10T15:17:15Z</time></rtept><rtept lat="38.259737" lon="-106.54186"><ele>3248.4</ele><time>2026-04-10T15:17:15Z</time></rtept><rtept lat="38.259705" lon="-106.541848"><ele>3248.4</ele><time>2026-04-10T15:17:15Z</time></rtept><rtept lat="38.259651" lon="-106.541844"><ele>3247.6</ele><time>2026-04-10T15:17:15Z</time></rtept><rtept lat="38.25962" lon="-106.541853"><ele>3247.6</ele><time>2026-04-10T15:17:15Z</time></rtept><rtept lat="38.259593" lon="-106.541878"><ele>3246.8</ele><time>2026-04-10T15:17:15Z</time></rtept><rtept lat="38.259557" lon="-106.541867"><ele>3246.8</ele><time>2026-04-10T15:17:15Z</time></rtept><rtept lat="38.259525" lon="-106.541889"><ele>3245.8</ele><time>2026-04-10T15:17:15Z</time></rtept><rtept lat="38.259493" lon="-106.541906"><ele>3245.0</ele><time>2026-04-10T15:17:15Z</time></rtept><rtept lat="38.25947" lon="-106.541922"><ele>3244.0</ele><time>2026-04-10T15:17:15Z</time></rtept><rtept lat="38.259434" lon="-106.541938"><ele>3244.0</ele><time>2026-04-10T15:17:15Z</time></rtept><rtept lat="38.259402" lon="-106.54197"><ele>3243.0</ele><time>2026-04-10T15:17:15Z</time></rtept><rtept lat="38.259347" lon="-106.542022"><ele>3242.6</ele><time>2026-04-10T15:17:15Z</time></rtept><rtept lat="38.259334" lon="-106.542036"><ele>3241.6</ele><time>2026-04-10T15:17:15Z</time></rtept><rtept lat="38.259315" lon="-106.542044"><ele>3241.6</ele><time>2026-04-10T15:17:15Z</time></rtept><rtept lat="38.259288" lon="-106.542045"><ele>3241.6</ele><time>2026-04-10T15:17:15Z</time></rtept><rtept lat="38.259248" lon="-106.542036"><ele>3240.6</ele><time>2026-04-10T15:17:15Z</time></rtept><rtept lat="38.259212" lon="-106.542053"><ele>3240.6</ele><time>2026-04-10T15:17:15Z</time></rtept><rtept lat="38.259175" lon="-106.542088"><ele>3239.4</ele><time>2026-04-10T15:17:15Z</time></rtept><rtept lat="38.259134" lon="-106.542108"><ele>3238.6</ele><time>2026-04-10T15:17:15Z</time></rtept><rtept lat="38.259098" lon="-106.542132"><ele>3238.6</ele><time>2026-04-10T15:17:15Z</time></rtept><rtept lat="38.259012" lon="-106.542171"><ele>3237.4</ele><time>2026-04-10T15:17:15Z</time></rtept><rtept lat="38.258971" lon="-106.542184"><ele>3237.0</ele><time>2026-04-10T15:17:15Z</time></rtept><rtept lat="38.25894" lon="-106.542187"><ele>3236.6</ele><time>2026-04-10T15:17:15Z</time></rtept><rtept lat="38.258885" lon="-106.542215"><ele>3236.6</ele><time>2026-04-10T15:17:15Z</time></rtept><rtept lat="38.258844" lon="-106.542233"><ele>3236.4</ele><time>2026-04-10T15:17:15Z</time></rtept><rtept lat="38.258804" lon="-106.54225"><ele>3235.4</ele><time>2026-04-10T15:17:15Z</time></rtept><rtept lat="38.258763" lon="-106.542265"><ele>3235.4</ele><time>2026-04-10T15:17:15Z</time></rtept><rtept lat="38.258726" lon="-106.542287"><ele>3234.8</ele><time>2026-04-10T15:17:15Z</time></rtept><rtept lat="38.258672" lon="-106.542301"><ele>3234.8</ele><time>2026-04-10T15:17:15Z</time></rtept><rtept lat="38.258627" lon="-106.542322"><ele>3233.8</ele><time>2026-04-10T15:17:15Z</time></rtept><rtept lat="38.258581" lon="-106.542366"><ele>3233.2</ele><time>2026-04-10T15:17:15Z</time></rtept><rtept lat="38.258549" lon="-106.542386"><ele>3233.2</ele><time>2026-04-10T15:17:15Z</time></rtept><rtept lat="38.258504" lon="-106.542407"><ele>3232.4</ele><time>2026-04-10T15:17:15Z</time></rtept><rtept lat="38.258467" lon="-106.54245"><ele>3232.0</ele><time>2026-04-10T15:17:15Z</time></rtept><rtept lat="38.258435" lon="-106.542484"><ele>3232.0</ele><time>2026-04-10T15:17:15Z</time></rtept><rtept lat="38.258426" lon="-106.542512"><ele>3231.6</ele><time>2026-04-10T15:17:15Z</time></rtept><rtept lat="38.258403" lon="-106.542565"><ele>3231.6</ele><time>2026-04-10T15:17:15Z</time></rtept><rtept lat="38.25838" lon="-106.542614"><ele>3231.0</ele><time>2026-04-10T15:17:15Z</time></rtept><rtept lat="38.258365" lon="-106.542671"><ele>3230.8</ele><time>2026-04-10T15:17:15Z</time></rtept><rtept lat="38.258351" lon="-106.54273"><ele>3230.8</ele><time>2026-04-10T15:17:15Z</time></rtept><rtept lat="38.258337" lon="-106.542804"><ele>3230.4</ele><time>2026-04-10T15:17:15Z</time></rtept><rtept lat="38.258313" lon="-106.542852"><ele>3229.8</ele><time>2026-04-10T15:17:15Z</time></rtept><rtept lat="38.258326" lon="-106.542902"><ele>3229.8</ele><time>2026-04-10T15:17:15Z</time></rtept><rtept lat="38.25829" lon="-106.542957"><ele>3229.0</ele><time>2026-04-10T15:17:15Z</time></rtept><rtept lat="38.258271" lon="-106.543024"><ele>3228.4</ele><time>2026-04-10T15:17:15Z</time></rtept><rtept lat="38.258243" lon="-106.543054"><ele>3229.0</ele><time>2026-04-10T15:17:15Z</time></rtept><rtept lat="38.258216" lon="-106.543093"><ele>3228.2</ele><time>2026-04-10T15:17:15Z</time></rtept><rtept lat="38.258197" lon="-106.543163"><ele>3228.8</ele><time>2026-04-10T15:17:15Z</time></rtept><rtept lat="38.258192" lon="-106.543201"><ele>3228.0</ele><time>2026-04-10T15:17:15Z</time></rtept><rtept lat="38.258163" lon="-106.543346"><ele>3226.8</ele><time>2026-04-10T15:17:15Z</time></rtept><rtept lat="38.258149" lon="-106.543387"><ele>3225.6</ele><time>2026-04-10T15:17:15Z</time></rtept><rtept lat="38.258153" lon="-106.54343"><ele>3225.6</ele><time>2026-04-10T15:17:15Z</time></rtept><rtept lat="38.258148" lon="-106.543482"><ele>3224.4</ele><time>2026-04-10T15:17:15Z</time></rtept><rtept lat="38.258147" lon="-106.543527"><ele>3223.2</ele><time>2026-04-10T15:17:15Z</time></rtept><rtept lat="38.258146" lon="-106.543574"><ele>3223.2</ele><time>2026-04-10T15:17:15Z</time></rtept><rtept lat="38.258141" lon="-106.543613"><ele>3222.0</ele><time>2026-04-10T15:17:15Z</time></rtept><rtept lat="38.258136" lon="-106.543639"><ele>3222.0</ele><time>2026-04-10T15:17:15Z</time></rtept><rtept lat="38.258048" lon="-106.543877"><ele>3219.8</ele><time>2026-04-10T15:17:15Z</time></rtept><rtept lat="38.258047" lon="-106.543911"><ele>3219.8</ele><time>2026-04-10T15:17:15Z</time></rtept><rtept lat="38.258042" lon="-106.543941"><ele>3219.8</ele><time>2026-04-10T15:17:15Z</time></rtept><rtept lat="38.258024" lon="-106.543993"><ele>3218.6</ele><time>2026-04-10T15:17:15Z</time></rtept><rtept lat="38.257973" lon="-106.544072"><ele>3218.2</ele><time>2026-04-10T15:17:15Z</time></rtept><rtept lat="38.257913" lon="-106.544195"><ele>3217.8</ele><time>2026-04-10T15:17:15Z</time></rtept><rtept lat="38.257904" lon="-106.544216"><ele>3216.4</ele><time>2026-04-10T15:17:15Z</time></rtept><rtept lat="38.257876" lon="-106.544264"><ele>3216.4</ele><time>2026-04-10T15:17:15Z</time></rtept><rtept lat="38.257862" lon="-106.544299"><ele>3216.0</ele><time>2026-04-10T15:17:15Z</time></rtept><rtept lat="38.25783" lon="-106.544337"><ele>3216.0</ele><time>2026-04-10T15:17:15Z</time></rtept><rtept lat="38.257807" lon="-106.54438"><ele>3216.0</ele><time>2026-04-10T15:17:15Z</time></rtept><rtept lat="38.257724" lon="-106.544489"><ele>3215.0</ele><time>2026-04-10T15:17:15Z</time></rtept><rtept lat="38.257706" lon="-106.544509"><ele>3215.0</ele><time>2026-04-10T15:17:15Z</time></rtept><rtept lat="38.257674" lon="-106.544545"><ele>3215.0</ele><time>2026-04-10T15:17:15Z</time></rtept><rtept lat="38.257642" lon="-106.544582"><ele>3214.4</ele><time>2026-04-10T15:17:15Z</time></rtept><rtept lat="38.257551" lon="-106.544629"><ele>3215.2</ele><time>2026-04-10T15:17:15Z</time></rtept><rtept lat="38.257479" lon="-106.544639"><ele>3214.6</ele><time>2026-04-10T15:17:15Z</time></rtept><rtept lat="38.257434" lon="-106.544641"><ele>3215.2</ele><time>2026-04-10T15:17:15Z</time></rtept><rtept lat="38.257375" lon="-106.544666"><ele>3215.8</ele><time>2026-04-10T15:17:15Z</time></rtept><rtept lat="38.25733" lon="-106.54468"><ele>3215.8</ele><time>2026-04-10T15:17:15Z</time></rtept><rtept lat="38.257257" lon="-106.544701"><ele>3216.0</ele><time>2026-04-10T15:17:15Z</time></rtept><rtept lat="38.257203" lon="-106.544707"><ele>3216.6</ele><time>2026-04-10T15:17:15Z</time></rtept><rtept lat="38.257145" lon="-106.544701"><ele>3217.0</ele><time>2026-04-10T15:17:15Z</time></rtept><rtept lat="38.257091" lon="-106.544675"><ele>3217.4</ele><time>2026-04-10T15:17:15Z</time></rtept><rtept lat="38.256988" lon="-106.544656"><ele>3217.8</ele><time>2026-04-10T15:17:15Z</time></rtept><rtept lat="38.256956" lon="-106.544643"><ele>3218.2</ele><time>2026-04-10T15:17:15Z</time></rtept><rtept lat="38.256902" lon="-106.544651"><ele>3218.6</ele><time>2026-04-10T15:17:15Z</time></rtept><rtept lat="38.256834" lon="-106.544661"><ele>3218.8</ele><time>2026-04-10T15:17:15Z</time></rtept><rtept lat="38.256789" lon="-106.544656"><ele>3218.8</ele><time>2026-04-10T15:17:15Z</time></rtept><rtept lat="38.256749" lon="-106.544652"><ele>3219.2</ele><time>2026-04-10T15:17:15Z</time></rtept><rtept lat="38.256681" lon="-106.544671"><ele>3219.4</ele><time>2026-04-10T15:17:15Z</time></rtept><rtept lat="38.256627" lon="-106.544666"><ele>3219.6</ele><time>2026-04-10T15:17:15Z</time></rtept><rtept lat="38.256586" lon="-106.544681"><ele>3219.6</ele><time>2026-04-10T15:17:15Z</time></rtept><rtept lat="38.256559" lon="-106.544679"><ele>3219.6</ele><time>2026-04-10T15:17:15Z</time></rtept><rtept lat="38.256419" lon="-106.544702"><ele>3219.8</ele><time>2026-04-10T15:17:15Z</time></rtept><rtept lat="38.256383" lon="-106.544715"><ele>3219.8</ele><time>2026-04-10T15:17:15Z</time></rtept><rtept lat="38.256333" lon="-106.54474"><ele>3218.8</ele><time>2026-04-10T15:17:15Z</time></rtept><rtept lat="38.256297" lon="-106.544767"><ele>3218.8</ele><time>2026-04-10T15:17:15Z</time></rtept><rtept lat="38.256247" lon="-106.544792"><ele>3218.8</ele><time>2026-04-10T15:17:15Z</time></rtept><rtept lat="38.256202" lon="-106.544794"><ele>3218.6</ele><time>2026-04-10T15:17:15Z</time></rtept><rtept lat="38.256165" lon="-106.544819"><ele>3217.4</ele><time>2026-04-10T15:17:15Z</time></rtept><rtept lat="38.256138" lon="-106.544863"><ele>3217.4</ele><time>2026-04-10T15:17:15Z</time></rtept><rtept lat="38.256115" lon="-106.544907"><ele>3216.6</ele><time>2026-04-10T15:17:15Z</time></rtept><rtept lat="38.256109" lon="-106.544954"><ele>3216.2</ele><time>2026-04-10T15:17:15Z</time></rtept><rtept lat="38.256086" lon="-106.545019"><ele>3216.0</ele><time>2026-04-10T15:17:15Z</time></rtept><rtept lat="38.256045" lon="-106.545082"><ele>3215.8</ele><time>2026-04-10T15:17:15Z</time></rtept><rtept lat="38.256031" lon="-106.545129"><ele>3215.8</ele><time>2026-04-10T15:17:15Z</time></rtept><rtept lat="38.256003" lon="-106.545181"><ele>3215.8</ele><time>2026-04-10T15:17:15Z</time></rtept><rtept lat="38.255975" lon="-106.545215"><ele>3215.8</ele><time>2026-04-10T15:17:15Z</time></rtept><rtept lat="38.255966" lon="-106.545263"><ele>3216.2</ele><time>2026-04-10T15:17:15Z</time></rtept><rtept lat="38.255974" lon="-106.5453"><ele>3216.2</ele><time>2026-04-10T15:17:15Z</time></rtept><rtept lat="38.25596" lon="-106.545383"><ele>3216.4</ele><time>2026-04-10T15:17:15Z</time></rtept><rtept lat="38.25595" lon="-106.5454"><ele>3216.4</ele><time>2026-04-10T15:17:15Z</time></rtept><rtept lat="38.255945" lon="-106.545478"><ele>3216.8</ele><time>2026-04-10T15:17:15Z</time></rtept><rtept lat="38.255958" lon="-106.545508"><ele>3217.2</ele><time>2026-04-10T15:17:15Z</time></rtept><rtept lat="38.255939" lon="-106.545573"><ele>3217.2</ele><time>2026-04-10T15:17:15Z</time></rtept><rtept lat="38.25593" lon="-106.545599"><ele>3217.8</ele><time>2026-04-10T15:17:15Z</time></rtept><rtept lat="38.255907" lon="-106.545652"><ele>3218.0</ele><time>2026-04-10T15:17:15Z</time></rtept><rtept lat="38.255829" lon="-106.545706"><ele>3219.0</ele><time>2026-04-10T15:17:15Z</time></rtept><rtept lat="38.255793" lon="-106.545744"><ele>3219.0</ele><time>2026-04-10T15:17:15Z</time></rtept><rtept lat="38.255783" lon="-106.545777"><ele>3219.8</ele><time>2026-04-10T15:17:15Z</time></rtept><rtept lat="38.255751" lon="-106.545808"><ele>3220.2</ele><time>2026-04-10T15:17:15Z</time></rtept><rtept lat="38.255706" lon="-106.545858"><ele>3221.2</ele><time>2026-04-10T15:17:15Z</time></rtept><rtept lat="38.255692" lon="-106.545878"><ele>3221.8</ele><time>2026-04-10T15:17:15Z</time></rtept><rtept lat="38.255678" lon="-106.545911"><ele>3221.8</ele><time>2026-04-10T15:17:15Z</time></rtept><rtept lat="38.255704" lon="-106.545984"><ele>3223.2</ele><time>2026-04-10T15:17:15Z</time></rtept><rtept lat="38.255735" lon="-106.546051"><ele>3224.0</ele><time>2026-04-10T15:17:15Z</time></rtept><rtept lat="38.255734" lon="-106.546084"><ele>3224.0</ele><time>2026-04-10T15:17:15Z</time></rtept><rtept lat="38.25572" lon="-106.546142"><ele>3225.4</ele><time>2026-04-10T15:17:15Z</time></rtept><rtept lat="38.255732" lon="-106.546212"><ele>3227.0</ele><time>2026-04-10T15:17:15Z</time></rtept><rtept lat="38.255741" lon="-106.546264"><ele>3227.0</ele><time>2026-04-10T15:17:15Z</time></rtept><rtept lat="38.255758" lon="-106.546312"><ele>3228.4</ele><time>2026-04-10T15:17:15Z</time></rtept><rtept lat="38.255757" lon="-106.546364"><ele>3229.8</ele><time>2026-04-10T15:17:15Z</time></rtept><rtept lat="38.255775" lon="-106.546414"><ele>3228.8</ele><time>2026-04-10T15:17:15Z</time></rtept><rtept lat="38.255792" lon="-106.546492"><ele>3230.0</ele><time>2026-04-10T15:17:15Z</time></rtept><rtept lat="38.2558" lon="-106.546551"><ele>3231.2</ele><time>2026-04-10T15:17:15Z</time></rtept><rtept lat="38.255809" lon="-106.546586"><ele>3231.2</ele><time>2026-04-10T15:17:15Z</time></rtept><rtept lat="38.255817" lon="-106.546642"><ele>3232.6</ele><time>2026-04-10T15:17:15Z</time></rtept><rtept lat="38.255848" lon="-106.546681"><ele>3231.2</ele><time>2026-04-10T15:17:15Z</time></rtept><rtept lat="38.255847" lon="-106.546745"><ele>3232.6</ele><time>2026-04-10T15:17:15Z</time></rtept><rtept lat="38.255765" lon="-106.546789"><ele>3237.2</ele><time>2026-04-10T15:17:15Z</time></rtept><rtept lat="38.255712" lon="-106.546732"><ele>3235.6</ele><time>2026-04-10T15:17:15Z</time></rtept><rtept lat="38.255663" lon="-106.546718"><ele>3237.2</ele><time>2026-04-10T15:17:15Z</time></rtept><rtept lat="38.255541" lon="-106.546691"><ele>3238.6</ele><time>2026-04-10T15:17:15Z</time></rtept><rtept lat="38.255514" lon="-106.546703"><ele>3240.8</ele><time>2026-04-10T15:17:15Z</time></rtept><rtept lat="38.255501" lon="-106.546696"><ele>3240.0</ele><time>2026-04-10T15:17:15Z</time></rtept><rtept lat="38.255433" lon="-106.54673"><ele>3243.6</ele><time>2026-04-10T15:17:15Z</time></rtept><rtept lat="38.25536" lon="-106.546746"><ele>3244.6</ele><time>2026-04-10T15:17:15Z</time></rtept><rtept lat="38.25532" lon="-106.546751"><ele>3244.6</ele><time>2026-04-10T15:17:15Z</time></rtept><rtept lat="38.255284" lon="-106.546759"><ele>3245.6</ele><time>2026-04-10T15:17:15Z</time></rtept><rtept lat="38.255239" lon="-106.546752"><ele>3245.6</ele><time>2026-04-10T15:17:15Z</time></rtept><rtept lat="38.255184" lon="-106.546771"><ele>3246.4</ele><time>2026-04-10T15:17:15Z</time></rtept><rtept lat="38.255063" lon="-106.546737"><ele>3248.2</ele><time>2026-04-10T15:17:15Z</time></rtept><rtept lat="38.254964" lon="-106.546725"><ele>3250.0</ele><time>2026-04-10T15:17:15Z</time></rtept><rtept lat="38.254955" lon="-106.546727"><ele>3250.0</ele><time>2026-04-10T15:17:15Z</time></rtept><rtept lat="38.254946" lon="-106.546742"><ele>3250.0</ele><time>2026-04-10T15:17:15Z</time></rtept><rtept lat="38.254977" lon="-106.546754"><ele>3249.2</ele><time>2026-04-10T15:17:15Z</time></rtept><rtept lat="38.25499" lon="-106.546773"><ele>3249.2</ele><time>2026-04-10T15:17:15Z</time></rtept><rtept lat="38.255035" lon="-106.546809"><ele>3250.6</ele><time>2026-04-10T15:17:15Z</time></rtept><rtept lat="38.25507" lon="-106.546859"><ele>3250.6</ele><time>2026-04-10T15:17:15Z</time></rtept><rtept lat="38.255097" lon="-106.546881"><ele>3253.0</ele><time>2026-04-10T15:17:15Z</time></rtept><rtept lat="38.255133" lon="-106.546937"><ele>3252.2</ele><time>2026-04-10T15:17:15Z</time></rtept><rtept lat="38.25515" lon="-106.54697"><ele>3254.6</ele><time>2026-04-10T15:17:15Z</time></rtept><rtept lat="38.255168" lon="-106.547026"><ele>3253.6</ele><time>2026-04-10T15:17:15Z</time></rtept><rtept lat="38.255185" lon="-106.547045"><ele>3256.0</ele><time>2026-04-10T15:17:15Z</time></rtept><rtept lat="38.255221" lon="-106.547088"><ele>3256.0</ele><time>2026-04-10T15:17:15Z</time></rtept><rtept lat="38.255243" lon="-106.547135"><ele>3257.4</ele><time>2026-04-10T15:17:15Z</time></rtept><rtept lat="38.255255" lon="-106.547223"><ele>3259.8</ele><time>2026-04-10T15:17:15Z</time></rtept><rtept lat="38.255281" lon="-106.547262"><ele>3259.8</ele><time>2026-04-10T15:17:15Z</time></rtept><rtept lat="38.255385" lon="-106.547305"><ele>3259.4</ele><time>2026-04-10T15:17:15Z</time></rtept><rtept lat="38.255351" lon="-106.547417"><ele>3263.2</ele><time>2026-04-10T15:17:15Z</time></rtept><rtept lat="38.255302" lon="-106.547422"><ele>3263.2</ele><time>2026-04-10T15:17:15Z</time></rtept><rtept lat="38.255288" lon="-106.547419"><ele>3264.8</ele><time>2026-04-10T15:17:15Z</time></rtept><rtept lat="38.255257" lon="-106.547385"><ele>3264.8</ele><time>2026-04-10T15:17:15Z</time></rtept><rtept lat="38.255222" lon="-106.547359"><ele>3264.0</ele><time>2026-04-10T15:17:15Z</time></rtept><rtept lat="38.255186" lon="-106.547329"><ele>3264.0</ele><time>2026-04-10T15:17:15Z</time></rtept><rtept lat="38.255132" lon="-106.547317"><ele>3265.4</ele><time>2026-04-10T15:17:15Z</time></rtept><rtept lat="38.25506" lon="-106.547282"><ele>3263.8</ele><time>2026-04-10T15:17:15Z</time></rtept><rtept lat="38.25502" lon="-106.547274"><ele>3264.8</ele><time>2026-04-10T15:17:15Z</time></rtept><rtept lat="38.25498" lon="-106.547267"><ele>3264.8</ele><time>2026-04-10T15:17:15Z</time></rtept><rtept lat="38.254935" lon="-106.547257"><ele>3265.8</ele><time>2026-04-10T15:17:15Z</time></rtept><rtept lat="38.254849" lon="-106.547258"><ele>3266.8</ele><time>2026-04-10T15:17:15Z</time></rtept><rtept lat="38.254804" lon="-106.547263"><ele>3267.8</ele><time>2026-04-10T15:17:15Z</time></rtept><rtept lat="38.254763" lon="-106.547284"><ele>3267.8</ele><time>2026-04-10T15:17:15Z</time></rtept><rtept lat="38.254799" lon="-106.547302"><ele>3270.4</ele><time>2026-04-10T15:17:15Z</time></rtept><rtept lat="38.254839" lon="-106.547326"><ele>3269.6</ele><time>2026-04-10T15:17:15Z</time></rtept><rtept lat="38.254879" lon="-106.547359"><ele>3269.6</ele><time>2026-04-10T15:17:15Z</time></rtept><rtept lat="38.254906" lon="-106.547398"><ele>3271.4</ele><time>2026-04-10T15:17:15Z</time></rtept><rtept lat="38.254928" lon="-106.547444"><ele>3271.4</ele><time>2026-04-10T15:17:15Z</time></rtept><rtept lat="38.254959" lon="-106.547488"><ele>3273.8</ele><time>2026-04-10T15:17:15Z</time></rtept><rtept lat="38.254989" lon="-106.547591"><ele>3274.8</ele><time>2026-04-10T15:17:15Z</time></rtept><rtept lat="38.254993" lon="-106.547605"><ele>3274.8</ele><time>2026-04-10T15:17:15Z</time></rtept><rtept lat="38.255011" lon="-106.547654"><ele>3276.8</ele><time>2026-04-10T15:17:15Z</time></rtept><rtept lat="38.255028" lon="-106.547702"><ele>3276.8</ele><time>2026-04-10T15:17:15Z</time></rtept><rtept lat="38.254964" lon="-106.547744"><ele>3280.2</ele><time>2026-04-10T15:17:15Z</time></rtept><rtept lat="38.254951" lon="-106.547731"><ele>3280.2</ele><time>2026-04-10T15:17:15Z</time></rtept><rtept lat="38.254915" lon="-106.547692"><ele>3278.0</ele><time>2026-04-10T15:17:15Z</time></rtept><rtept lat="38.254889" lon="-106.547655"><ele>3279.2</ele><time>2026-04-10T15:17:15Z</time></rtept><rtept lat="38.25484" lon="-106.547626"><ele>3277.0</ele><time>2026-04-10T15:17:15Z</time></rtept><rtept lat="38.254804" lon="-106.547613"><ele>3278.2</ele><time>2026-04-10T15:17:15Z</time></rtept><rtept lat="38.254777" lon="-106.547601"><ele>3278.2</ele><time>2026-04-10T15:17:15Z</time></rtept><rtept lat="38.254745" lon="-106.547639"><ele>3279.2</ele><time>2026-04-10T15:17:15Z</time></rtept><rtept lat="38.254754" lon="-106.547647"><ele>3281.6</ele><time>2026-04-10T15:17:15Z</time></rtept><rtept lat="38.254766" lon="-106.547703"><ele>3280.4</ele><time>2026-04-10T15:17:15Z</time></rtept><rtept lat="38.254829" lon="-106.547782"><ele>3282.8</ele><time>2026-04-10T15:17:15Z</time></rtept><rtept lat="38.254832" lon="-106.547822"><ele>3283.6</ele><time>2026-04-10T15:17:15Z</time></rtept><rtept lat="38.254845" lon="-106.547872"><ele>3283.6</ele><time>2026-04-10T15:17:15Z</time></rtept><rtept lat="38.254849" lon="-106.547946"><ele>3286.0</ele><time>2026-04-10T15:17:15Z</time></rtept><rtept lat="38.254848" lon="-106.548006"><ele>3288.2</ele><time>2026-04-10T15:17:15Z</time></rtept><rtept lat="38.254847" lon="-106.548065"><ele>3288.2</ele><time>2026-04-10T15:17:15Z</time></rtept><rtept lat="38.254851" lon="-106.548125"><ele>3290.4</ele><time>2026-04-10T15:17:15Z</time></rtept><rtept lat="38.25485" lon="-106.548183"><ele>3292.2</ele><time>2026-04-10T15:17:15Z</time></rtept><rtept lat="38.254854" lon="-106.548227"><ele>3292.2</ele><time>2026-04-10T15:17:15Z</time></rtept><rtept lat="38.254853" lon="-106.548283"><ele>3294.2</ele><time>2026-04-10T15:17:15Z</time></rtept><rtept lat="38.254844" lon="-106.548339"><ele>3295.6</ele><time>2026-04-10T15:17:15Z</time></rtept><rtept lat="38.254731" lon="-106.548353"><ele>3299.2</ele><time>2026-04-10T15:17:15Z</time></rtept><rtept lat="38.254704" lon="-106.548337"><ele>3299.2</ele><time>2026-04-10T15:17:15Z</time></rtept><rtept lat="38.25465" lon="-106.548321"><ele>3299.0</ele><time>2026-04-10T15:17:15Z</time></rtept><rtept lat="38.254605" lon="-106.54831"><ele>3300.4</ele><time>2026-04-10T15:17:15Z</time></rtept><rtept lat="38.25456" lon="-106.548318"><ele>3301.2</ele><time>2026-04-10T15:17:15Z</time></rtept><rtept lat="38.254524" lon="-106.548345"><ele>3303.2</ele><time>2026-04-10T15:17:15Z</time></rtept><rtept lat="38.254545" lon="-106.54844"><ele>3305.2</ele><time>2026-04-10T15:17:15Z</time></rtept><rtept lat="38.254549" lon="-106.54849"><ele>3305.2</ele><time>2026-04-10T15:17:15Z</time></rtept><rtept lat="38.254557" lon="-106.548559"><ele>3307.2</ele><time>2026-04-10T15:17:15Z</time></rtept><rtept lat="38.254556" lon="-106.548627"><ele>3308.8</ele><time>2026-04-10T15:17:15Z</time></rtept><rtept lat="38.254573" lon="-106.548682"><ele>3309.0</ele><time>2026-04-10T15:17:15Z</time></rtept><rtept lat="38.254586" lon="-106.548714"><ele>3309.0</ele><time>2026-04-10T15:17:15Z</time></rtept><rtept lat="38.254554" lon="-106.548766"><ele>3312.2</ele><time>2026-04-10T15:17:15Z</time></rtept><rtept lat="38.254518" lon="-106.548789"><ele>3312.2</ele><time>2026-04-10T15:17:15Z</time></rtept><rtept lat="38.254464" lon="-106.548807"><ele>3313.6</ele><time>2026-04-10T15:17:15Z</time></rtept><rtept lat="38.254395" lon="-106.548864"><ele>3316.8</ele><time>2026-04-10T15:17:15Z</time></rtept><rtept lat="38.254377" lon="-106.548876"><ele>3316.8</ele><time>2026-04-10T15:17:15Z</time></rtept><rtept lat="38.254336" lon="-106.548917"><ele>3317.8</ele><time>2026-04-10T15:17:15Z</time></rtept><rtept lat="38.2543" lon="-106.548945"><ele>3319.6</ele><time>2026-04-10T15:17:15Z</time></rtept><rtept lat="38.254276" lon="-106.549"><ele>3320.4</ele><time>2026-04-10T15:17:15Z</time></rtept><rtept lat="38.254257" lon="-106.54905"><ele>3322.0</ele><time>2026-04-10T15:17:15Z</time></rtept><rtept lat="38.254248" lon="-106.549106"><ele>3323.6</ele><time>2026-04-10T15:17:15Z</time></rtept><rtept lat="38.254247" lon="-106.549152"><ele>3323.6</ele><time>2026-04-10T15:17:15Z</time></rtept><rtept lat="38.254251" lon="-106.549198"><ele>3325.0</ele><time>2026-04-10T15:17:15Z</time></rtept><rtept lat="38.254246" lon="-106.549258"><ele>3325.0</ele><time>2026-04-10T15:17:15Z</time></rtept><rtept lat="38.254236" lon="-106.549311"><ele>3326.2</ele><time>2026-04-10T15:17:15Z</time></rtept><rtept lat="38.254226" lon="-106.549365"><ele>3327.4</ele><time>2026-04-10T15:17:15Z</time></rtept><rtept lat="38.254203" lon="-106.549409"><ele>3328.4</ele><time>2026-04-10T15:17:15Z</time></rtept><rtept lat="38.254176" lon="-106.549458"><ele>3329.6</ele><time>2026-04-10T15:17:15Z</time></rtept><rtept lat="38.254134" lon="-106.549507"><ele>3330.6</ele><time>2026-04-10T15:17:15Z</time></rtept><rtept lat="38.254111" lon="-106.549556"><ele>3331.8</ele><time>2026-04-10T15:17:15Z</time></rtept><rtept lat="38.254102" lon="-106.549605"><ele>3331.8</ele><time>2026-04-10T15:17:15Z</time></rtept><rtept lat="38.254087" lon="-106.549664"><ele>3333.8</ele><time>2026-04-10T15:17:15Z</time></rtept><rtept lat="38.254069" lon="-106.549678"><ele>3333.8</ele><time>2026-04-10T15:17:15Z</time></rtept><rtept lat="38.254032" lon="-106.54974"><ele>3335.0</ele><time>2026-04-10T15:17:15Z</time></rtept><rtept lat="38.254018" lon="-106.549768"><ele>3336.0</ele><time>2026-04-10T15:17:15Z</time></rtept><rtept lat="38.253982" lon="-106.549791"><ele>3337.0</ele><time>2026-04-10T15:17:15Z</time></rtept><rtept lat="38.253963" lon="-106.549834"><ele>3337.0</ele><time>2026-04-10T15:17:15Z</time></rtept><rtept lat="38.253949" lon="-106.549886"><ele>3339.2</ele><time>2026-04-10T15:17:15Z</time></rtept><rtept lat="38.253926" lon="-106.54992"><ele>3339.2</ele><time>2026-04-10T15:17:15Z</time></rtept><rtept lat="38.25388" lon="-106.550025"><ele>3341.4</ele><time>2026-04-10T15:17:15Z</time></rtept><rtept lat="38.253875" lon="-106.550033"><ele>3341.4</ele><time>2026-04-10T15:17:15Z</time></rtept><rtept lat="38.253856" lon="-106.550084"><ele>3342.2</ele><time>2026-04-10T15:17:15Z</time></rtept><rtept lat="38.253829" lon="-106.550137"><ele>3343.0</ele><time>2026-04-10T15:17:15Z</time></rtept><rtept lat="38.25381" lon="-106.550185"><ele>3344.6</ele><time>2026-04-10T15:17:15Z</time></rtept><rtept lat="38.253778" lon="-106.550228"><ele>3345.4</ele><time>2026-04-10T15:17:15Z</time></rtept><rtept lat="38.253741" lon="-106.550259"><ele>3347.2</ele><time>2026-04-10T15:17:15Z</time></rtept><rtept lat="38.253691" lon="-106.550294"><ele>3347.2</ele><time>2026-04-10T15:17:15Z</time></rtept><rtept lat="38.253673" lon="-106.550337"><ele>3350.0</ele><time>2026-04-10T15:17:15Z</time></rtept><rtept lat="38.253641" lon="-106.55038"><ele>3350.0</ele><time>2026-04-10T15:17:15Z</time></rtept><rtept lat="38.2536" lon="-106.550392"><ele>3352.8</ele><time>2026-04-10T15:17:15Z</time></rtept><rtept lat="38.253559" lon="-106.550418"><ele>3352.8</ele><time>2026-04-10T15:17:15Z</time></rtept><rtept lat="38.253523" lon="-106.550421"><ele>3354.2</ele><time>2026-04-10T15:17:15Z</time></rtept><rtept lat="38.253473" lon="-106.550424"><ele>3355.2</ele><time>2026-04-10T15:17:15Z</time></rtept><rtept lat="38.253455" lon="-106.550421"><ele>3355.2</ele><time>2026-04-10T15:17:15Z</time></rtept><rtept lat="38.253406" lon="-106.550422"><ele>3355.6</ele><time>2026-04-10T15:17:15Z</time></rtept><rtept lat="38.253333" lon="-106.550448"><ele>3355.8</ele><time>2026-04-10T15:17:15Z</time></rtept><rtept lat="38.253311" lon="-106.55046"><ele>3355.8</ele><time>2026-04-10T15:17:15Z</time></rtept><rtept lat="38.253261" lon="-106.550499"><ele>3355.8</ele><time>2026-04-10T15:17:15Z</time></rtept><rtept lat="38.253233" lon="-106.550519"><ele>3355.8</ele><time>2026-04-10T15:17:15Z</time></rtept><rtept lat="38.253197" lon="-106.550532"><ele>3355.8</ele><time>2026-04-10T15:17:15Z</time></rtept><rtept lat="38.253197" lon="-106.550553"><ele>3355.8</ele><time>2026-04-10T15:17:15Z</time></rtept><rtept lat="38.253169" lon="-106.550614"><ele>3356.0</ele><time>2026-04-10T15:17:15Z</time></rtept><rtept lat="38.253173" lon="-106.550649"><ele>3356.4</ele><time>2026-04-10T15:17:15Z</time></rtept><rtept lat="38.253177" lon="-106.550697"><ele>3356.4</ele><time>2026-04-10T15:17:15Z</time></rtept><rtept lat="38.253163" lon="-106.550754"><ele>3356.8</ele><time>2026-04-10T15:17:15Z</time></rtept><rtept lat="38.253157" lon="-106.550813"><ele>3356.8</ele><time>2026-04-10T15:17:15Z</time></rtept><rtept lat="38.253152" lon="-106.550878"><ele>3357.0</ele><time>2026-04-10T15:17:15Z</time></rtept><rtept lat="38.253142" lon="-106.550917"><ele>3357.2</ele><time>2026-04-10T15:17:15Z</time></rtept><rtept lat="38.253151" lon="-106.550977"><ele>3357.4</ele><time>2026-04-10T15:17:15Z</time></rtept><rtept lat="38.253177" lon="-106.551013"><ele>3357.8</ele><time>2026-04-10T15:17:15Z</time></rtept><rtept lat="38.253167" lon="-106.551073"><ele>3357.8</ele><time>2026-04-10T15:17:15Z</time></rtept><rtept lat="38.253157" lon="-106.551151"><ele>3358.0</ele><time>2026-04-10T15:17:15Z</time></rtept><rtept lat="38.253179" lon="-106.551181"><ele>3358.4</ele><time>2026-04-10T15:17:15Z</time></rtept><rtept lat="38.25317" lon="-106.551244"><ele>3358.4</ele><time>2026-04-10T15:17:15Z</time></rtept><rtept lat="38.253169" lon="-106.551287"><ele>3358.8</ele><time>2026-04-10T15:17:15Z</time></rtept><rtept lat="38.253177" lon="-106.551348"><ele>3359.0</ele><time>2026-04-10T15:17:15Z</time></rtept><rtept lat="38.253186" lon="-106.551401"><ele>3359.0</ele><time>2026-04-10T15:17:15Z</time></rtept><rtept lat="38.253189" lon="-106.5515"><ele>3359.2</ele><time>2026-04-10T15:17:15Z</time></rtept><rtept lat="38.253184" lon="-106.55156"><ele>3359.6</ele><time>2026-04-10T15:17:15Z</time></rtept><rtept lat="38.253192" lon="-106.551612"><ele>3359.8</ele><time>2026-04-10T15:17:15Z</time></rtept><rtept lat="38.253209" lon="-106.551665"><ele>3359.8</ele><time>2026-04-10T15:17:15Z</time></rtept><rtept lat="38.253217" lon="-106.55173"><ele>3360.4</ele><time>2026-04-10T15:17:15Z</time></rtept><rtept lat="38.253235" lon="-106.551788"><ele>3360.8</ele><time>2026-04-10T15:17:15Z</time></rtept><rtept lat="38.253216" lon="-106.551853"><ele>3361.0</ele><time>2026-04-10T15:17:15Z</time></rtept><rtept lat="38.253211" lon="-106.551884"><ele>3360.4</ele><time>2026-04-10T15:17:15Z</time></rtept><rtept lat="38.253183" lon="-106.551966"><ele>3360.4</ele><time>2026-04-10T15:17:15Z</time></rtept><rtept lat="38.253169" lon="-106.552005"><ele>3360.4</ele><time>2026-04-10T15:17:15Z</time></rtept><rtept lat="38.253163" lon="-106.552069"><ele>3360.4</ele><time>2026-04-10T15:17:15Z</time></rtept><rtept lat="38.253162" lon="-106.552132"><ele>3360.2</ele><time>2026-04-10T15:17:15Z</time></rtept><rtept lat="38.253144" lon="-106.552198"><ele>3358.8</ele><time>2026-04-10T15:17:15Z</time></rtept><rtept lat="38.253138" lon="-106.552256"><ele>3358.8</ele><time>2026-04-10T15:17:15Z</time></rtept><rtept lat="38.253138" lon="-106.552303"><ele>3358.6</ele><time>2026-04-10T15:17:15Z</time></rtept><rtept lat="38.253105" lon="-106.552379"><ele>3358.2</ele><time>2026-04-10T15:17:15Z</time></rtept><rtept lat="38.253082" lon="-106.552412"><ele>3358.2</ele><time>2026-04-10T15:17:15Z</time></rtept><rtept lat="38.253068" lon="-106.552441"><ele>3357.2</ele><time>2026-04-10T15:17:15Z</time></rtept><rtept lat="38.253036" lon="-106.552469"><ele>3356.8</ele><time>2026-04-10T15:17:15Z</time></rtept><rtept lat="38.252986" lon="-106.552505"><ele>3355.8</ele><time>2026-04-10T15:17:15Z</time></rtept><rtept lat="38.25299" lon="-106.552555"><ele>3355.2</ele><time>2026-04-10T15:17:15Z</time></rtept><rtept lat="38.252985" lon="-106.552614"><ele>3355.2</ele><time>2026-04-10T15:17:15Z</time></rtept><rtept lat="38.253002" lon="-106.552672"><ele>3354.6</ele><time>2026-04-10T15:17:15Z</time></rtept><rtept lat="38.253011" lon="-106.552701"><ele>3355.8</ele><time>2026-04-10T15:17:15Z</time></rtept><rtept lat="38.253024" lon="-106.552732"><ele>3355.2</ele><time>2026-04-10T15:17:15Z</time></rtept><rtept lat="38.253014" lon="-106.552799"><ele>3354.6</ele><time>2026-04-10T15:17:15Z</time></rtept><rtept lat="38.252991" lon="-106.552857"><ele>3353.2</ele><time>2026-04-10T15:17:15Z</time></rtept><rtept lat="38.252994" lon="-106.552915"><ele>3352.4</ele><time>2026-04-10T15:17:15Z</time></rtept><rtept lat="38.253021" lon="-106.552966"><ele>3353.2</ele><time>2026-04-10T15:17:15Z</time></rtept><rtept lat="38.253029" lon="-106.553029"><ele>3353.2</ele><time>2026-04-10T15:17:15Z</time></rtept><rtept lat="38.253033" lon="-106.553087"><ele>3352.4</ele><time>2026-04-10T15:17:15Z</time></rtept><rtept lat="38.253045" lon="-106.553147"><ele>3351.6</ele><time>2026-04-10T15:17:15Z</time></rtept><rtept lat="38.253103" lon="-106.553225"><ele>3352.4</ele><time>2026-04-10T15:17:15Z</time></rtept><rtept lat="38.253147" lon="-106.553268"><ele>3353.8</ele><time>2026-04-10T15:17:15Z</time></rtept><rtept lat="38.253169" lon="-106.553322"><ele>3353.2</ele><time>2026-04-10T15:17:15Z</time></rtept><rtept lat="38.253196" lon="-106.553374"><ele>3353.2</ele><time>2026-04-10T15:17:15Z</time></rtept><rtept lat="38.253217" lon="-106.553432"><ele>3354.0</ele><time>2026-04-10T15:17:15Z</time></rtept><rtept lat="38.253221" lon="-106.553499"><ele>3353.6</ele><time>2026-04-10T15:17:15Z</time></rtept><rtept lat="38.253238" lon="-106.55355"><ele>3353.6</ele><time>2026-04-10T15:17:15Z</time></rtept><rtept lat="38.253255" lon="-106.553613"><ele>3353.2</ele><time>2026-04-10T15:17:15Z</time></rtept><rtept lat="38.253287" lon="-106.553661"><ele>3354.2</ele><time>2026-04-10T15:17:15Z</time></rtept><rtept lat="38.253304" lon="-106.553719"><ele>3354.2</ele><time>2026-04-10T15:17:15Z</time></rtept><rtept lat="38.25333" lon="-106.553766"><ele>3353.8</ele><time>2026-04-10T15:17:15Z</time></rtept><rtept lat="38.253343" lon="-106.553823"><ele>3353.6</ele><time>2026-04-10T15:17:15Z</time></rtept><rtept lat="38.253356" lon="-106.553881"><ele>3354.8</ele><time>2026-04-10T15:17:15Z</time></rtept><rtept lat="38.253364" lon="-106.553943"><ele>3354.4</ele><time>2026-04-10T15:17:15Z</time></rtept><rtept lat="38.253376" lon="-106.554008"><ele>3354.0</ele><time>2026-04-10T15:17:15Z</time></rtept><rtept lat="38.25338" lon="-106.554076"><ele>3354.0</ele><time>2026-04-10T15:17:15Z</time></rtept><rtept lat="38.253393" lon="-106.554141"><ele>3353.8</ele><time>2026-04-10T15:17:15Z</time></rtept><rtept lat="38.253428" lon="-106.554182"><ele>3354.6</ele><time>2026-04-10T15:17:15Z</time></rtept><rtept lat="38.253455" lon="-106.554238"><ele>3354.6</ele><time>2026-04-10T15:17:15Z</time></rtept><rtept lat="38.253463" lon="-106.554295"><ele>3354.2</ele><time>2026-04-10T15:17:15Z</time></rtept><rtept lat="38.253489" lon="-106.554357"><ele>3354.6</ele><time>2026-04-10T15:17:15Z</time></rtept><rtept lat="38.253515" lon="-106.554401"><ele>3354.6</ele><time>2026-04-10T15:17:15Z</time></rtept><rtept lat="38.253542" lon="-106.55445"><ele>3354.0</ele><time>2026-04-10T15:17:15Z</time></rtept><rtept lat="38.253543" lon="-106.554701"><ele>3352.2</ele><time>2026-04-10T15:17:15Z</time></rtept><rtept lat="38.253538" lon="-106.554719"><ele>3352.2</ele><time>2026-04-10T15:17:15Z</time></rtept><rtept lat="38.253506" lon="-106.554785"><ele>3351.6</ele><time>2026-04-10T15:17:15Z</time></rtept><rtept lat="38.253514" lon="-106.554846"><ele>3351.6</ele><time>2026-04-10T15:17:15Z</time></rtept><rtept lat="38.253509" lon="-106.554885"><ele>3351.0</ele><time>2026-04-10T15:17:15Z</time></rtept><rtept lat="38.25349" lon="-106.554954"><ele>3350.8</ele><time>2026-04-10T15:17:15Z</time></rtept><rtept lat="38.253503" lon="-106.555003"><ele>3350.8</ele><time>2026-04-10T15:17:15Z</time></rtept><rtept lat="38.253489" lon="-106.555063"><ele>3350.6</ele><time>2026-04-10T15:17:15Z</time></rtept><rtept lat="38.253493" lon="-106.555078"><ele>3350.6</ele><time>2026-04-10T15:17:15Z</time></rtept><rtept lat="38.253491" lon="-106.55519"><ele>3350.4</ele><time>2026-04-10T15:17:15Z</time></rtept><rtept lat="38.253504" lon="-106.555251"><ele>3350.0</ele><time>2026-04-10T15:17:15Z</time></rtept><rtept lat="38.253508" lon="-106.555325"><ele>3349.6</ele><time>2026-04-10T15:17:15Z</time></rtept><rtept lat="38.253512" lon="-106.555368"><ele>3349.0</ele><time>2026-04-10T15:17:15Z</time></rtept><rtept lat="38.25352" lon="-106.555427"><ele>3349.0</ele><time>2026-04-10T15:17:15Z</time></rtept><rtept lat="38.253528" lon="-106.555478"><ele>3348.6</ele><time>2026-04-10T15:17:15Z</time></rtept><rtept lat="38.253559" lon="-106.555527"><ele>3349.2</ele><time>2026-04-10T15:17:15Z</time></rtept><rtept lat="38.253572" lon="-106.555582"><ele>3349.0</ele><time>2026-04-10T15:17:15Z</time></rtept><rtept lat="38.253544" lon="-106.555668"><ele>3348.2</ele><time>2026-04-10T15:17:15Z</time></rtept><rtept lat="38.253484" lon="-106.555742"><ele>3348.0</ele><time>2026-04-10T15:17:15Z</time></rtept><rtept lat="38.253451" lon="-106.555862"><ele>3347.2</ele><time>2026-04-10T15:17:15Z</time></rtept><rtept lat="38.253442" lon="-106.555891"><ele>3347.0</ele><time>2026-04-10T15:17:15Z</time></rtept><rtept lat="38.253423" lon="-106.555951"><ele>3347.0</ele><time>2026-04-10T15:17:15Z</time></rtept><rtept lat="38.25339" lon="-106.556008"><ele>3346.2</ele><time>2026-04-10T15:17:15Z</time></rtept><rtept lat="38.253354" lon="-106.556058"><ele>3346.4</ele><time>2026-04-10T15:17:15Z</time></rtept><rtept lat="38.253326" lon="-106.55611"><ele>3345.6</ele><time>2026-04-10T15:17:15Z</time></rtept><rtept lat="38.253294" lon="-106.556162"><ele>3346.2</ele><time>2026-04-10T15:17:15Z</time></rtept><rtept lat="38.253244" lon="-106.556202"><ele>3345.4</ele><time>2026-04-10T15:17:15Z</time></rtept><rtept lat="38.253193" lon="-106.556281"><ele>3345.8</ele><time>2026-04-10T15:17:15Z</time></rtept><rtept lat="38.253184" lon="-106.556297"><ele>3345.8</ele><time>2026-04-10T15:17:15Z</time></rtept><rtept lat="38.253115" lon="-106.556366"><ele>3346.6</ele><time>2026-04-10T15:17:15Z</time></rtept><rtept lat="38.253092" lon="-106.556421"><ele>3347.0</ele><time>2026-04-10T15:17:15Z</time></rtept><rtept lat="38.253069" lon="-106.556464"><ele>3346.6</ele><time>2026-04-10T15:17:15Z</time></rtept><rtept lat="38.253023" lon="-106.556518"><ele>3346.6</ele><time>2026-04-10T15:17:15Z</time></rtept><rtept lat="38.252973" lon="-106.556563"><ele>3346.2</ele><time>2026-04-10T15:17:15Z</time></rtept><rtept lat="38.252959" lon="-106.556588"><ele>3346.6</ele><time>2026-04-10T15:17:15Z</time></rtept><rtept lat="38.252927" lon="-106.556641"><ele>3346.2</ele><time>2026-04-10T15:17:15Z</time></rtept><rtept lat="38.252899" lon="-106.556696"><ele>3346.6</ele><time>2026-04-10T15:17:15Z</time></rtept><rtept lat="38.252894" lon="-106.556741"><ele>3346.6</ele><time>2026-04-10T15:17:15Z</time></rtept><rtept lat="38.252839" lon="-106.556817"><ele>3346.6</ele><time>2026-04-10T15:17:15Z</time></rtept><rtept lat="38.252802" lon="-106.55687"><ele>3346.8</ele><time>2026-04-10T15:17:15Z</time></rtept><rtept lat="38.25277" lon="-106.556909"><ele>3346.8</ele><time>2026-04-10T15:17:15Z</time></rtept><rtept lat="38.252725" lon="-106.556924"><ele>3346.8</ele><time>2026-04-10T15:17:15Z</time></rtept><rtept lat="38.252643" lon="-106.556989"><ele>3346.6</ele><time>2026-04-10T15:17:15Z</time></rtept><rtept lat="38.252629" lon="-106.557023"><ele>3347.0</ele><time>2026-04-10T15:17:15Z</time></rtept><rtept lat="38.252584" lon="-106.557032"><ele>3346.8</ele><time>2026-04-10T15:17:15Z</time></rtept><rtept lat="38.252543" lon="-106.557061"><ele>3346.8</ele><time>2026-04-10T15:17:15Z</time></rtept><rtept lat="38.252489" lon="-106.557084"><ele>3347.2</ele><time>2026-04-10T15:17:15Z</time></rtept><rtept lat="38.252448" lon="-106.557101"><ele>3347.0</ele><time>2026-04-10T15:17:15Z</time></rtept><rtept lat="38.252402" lon="-106.557134"><ele>3347.0</ele><time>2026-04-10T15:17:15Z</time></rtept><rtept lat="38.252366" lon="-106.557163"><ele>3347.0</ele><time>2026-04-10T15:17:15Z</time></rtept><rtept lat="38.252338" lon="-106.557199"><ele>3347.8</ele><time>2026-04-10T15:17:15Z</time></rtept><rtept lat="38.252302" lon="-106.557236"><ele>3347.6</ele><time>2026-04-10T15:17:15Z</time></rtept><rtept lat="38.252265" lon="-106.557271"><ele>3348.4</ele><time>2026-04-10T15:17:15Z</time></rtept><rtept lat="38.252224" lon="-106.557296"><ele>3348.4</ele><time>2026-04-10T15:17:15Z</time></rtept><rtept lat="38.252147" lon="-106.557343"><ele>3349.4</ele><time>2026-04-10T15:17:15Z</time></rtept><rtept lat="38.252111" lon="-106.557362"><ele>3349.4</ele><time>2026-04-10T15:17:15Z</time></rtept><rtept lat="38.252069" lon="-106.557425"><ele>3349.4</ele><time>2026-04-10T15:17:15Z</time></rtept><rtept lat="38.252055" lon="-106.557477"><ele>3350.2</ele><time>2026-04-10T15:17:15Z</time></rtept><rtept lat="38.252041" lon="-106.557534"><ele>3351.0</ele><time>2026-04-10T15:17:15Z</time></rtept><rtept lat="38.25204" lon="-106.557578"><ele>3351.0</ele><time>2026-04-10T15:17:15Z</time></rtept><rtept lat="38.251985" lon="-106.557679"><ele>3351.8</ele><time>2026-04-10T15:17:15Z</time></rtept><rtept lat="38.251958" lon="-106.557687"><ele>3352.8</ele><time>2026-04-10T15:17:15Z</time></rtept><rtept lat="38.251913" lon="-106.557705"><ele>3352.8</ele><time>2026-04-10T15:17:15Z</time></rtept><rtept lat="38.251853" lon="-106.55778"><ele>3353.8</ele><time>2026-04-10T15:17:15Z</time></rtept><rtept lat="38.251839" lon="-106.55784"><ele>3353.8</ele><time>2026-04-10T15:17:15Z</time></rtept><rtept lat="38.251784" lon="-106.557902"><ele>3355.4</ele><time>2026-04-10T15:17:15Z</time></rtept><rtept lat="38.25177" lon="-106.55795"><ele>3357.0</ele><time>2026-04-10T15:17:15Z</time></rtept><rtept lat="38.251769" lon="-106.557985"><ele>3357.0</ele><time>2026-04-10T15:17:15Z</time></rtept><rtept lat="38.251733" lon="-106.558021"><ele>3357.0</ele><time>2026-04-10T15:17:15Z</time></rtept><rtept lat="38.251692" lon="-106.558059"><ele>3359.4</ele><time>2026-04-10T15:17:15Z</time></rtept><rtept lat="38.251659" lon="-106.5581"><ele>3359.8</ele><time>2026-04-10T15:17:15Z</time></rtept><rtept lat="38.251632" lon="-106.558153"><ele>3362.0</ele><time>2026-04-10T15:17:15Z</time></rtept><rtept lat="38.251627" lon="-106.558196"><ele>3362.0</ele><time>2026-04-10T15:17:15Z</time></rtept><rtept lat="38.251599" lon="-106.558256"><ele>3364.2</ele><time>2026-04-10T15:17:15Z</time></rtept><rtept lat="38.251594" lon="-106.558311"><ele>3366.8</ele><time>2026-04-10T15:17:15Z</time></rtept><rtept lat="38.251598" lon="-106.558355"><ele>3366.4</ele><time>2026-04-10T15:17:15Z</time></rtept><rtept lat="38.251597" lon="-106.558401"><ele>3368.4</ele><time>2026-04-10T15:17:15Z</time></rtept><rtept lat="38.251565" lon="-106.558427"><ele>3369.0</ele><time>2026-04-10T15:17:15Z</time></rtept><rtept lat="38.251529" lon="-106.558458"><ele>3371.0</ele><time>2026-04-10T15:17:15Z</time></rtept><rtept lat="38.251492" lon="-106.558484"><ele>3371.6</ele><time>2026-04-10T15:17:15Z</time></rtept><rtept lat="38.251388" lon="-106.558539"><ele>3372.2</ele><time>2026-04-10T15:17:15Z</time></rtept><rtept lat="38.251374" lon="-106.55855"><ele>3374.4</ele><time>2026-04-10T15:17:15Z</time></rtept><rtept lat="38.251338" lon="-106.558585"><ele>3374.4</ele><time>2026-04-10T15:17:15Z</time></rtept><rtept lat="38.251297" lon="-106.558606"><ele>3374.6</ele><time>2026-04-10T15:17:15Z</time></rtept><rtept lat="38.251265" lon="-106.558636"><ele>3377.0</ele><time>2026-04-10T15:17:15Z</time></rtept><rtept lat="38.251224" lon="-106.55867"><ele>3377.0</ele><time>2026-04-10T15:17:15Z</time></rtept><rtept lat="38.251128" lon="-106.558743"><ele>3379.4</ele><time>2026-04-10T15:17:15Z</time></rtept><rtept lat="38.251119" lon="-106.558752"><ele>3379.4</ele><time>2026-04-10T15:17:15Z</time></rtept><rtept lat="38.251083" lon="-106.55878"><ele>3379.4</ele><time>2026-04-10T15:17:15Z</time></rtept><rtept lat="38.251046" lon="-106.558811"><ele>3381.2</ele><time>2026-04-10T15:17:15Z</time></rtept><rtept lat="38.25101" lon="-106.558835"><ele>3381.2</ele><time>2026-04-10T15:17:15Z</time></rtept><rtept lat="38.250937" lon="-106.558878"><ele>3381.2</ele><time>2026-04-10T15:17:15Z</time></rtept><rtept lat="38.25091" lon="-106.558894"><ele>3382.6</ele><time>2026-04-10T15:17:15Z</time></rtept><rtept lat="38.250774" lon="-106.558957"><ele>3381.8</ele><time>2026-04-10T15:17:15Z</time></rtept><rtept lat="38.250647" lon="-106.559024"><ele>3382.4</ele><time>2026-04-10T15:17:15Z</time></rtept><rtept lat="38.250606" lon="-106.559055"><ele>3382.4</ele><time>2026-04-10T15:17:15Z</time></rtept><rtept lat="38.250565" lon="-106.559088"><ele>3382.8</ele><time>2026-04-10T15:17:15Z</time></rtept><rtept lat="38.250537" lon="-106.559124"><ele>3382.8</ele><time>2026-04-10T15:17:15Z</time></rtept><rtept lat="38.250505" lon="-106.559172"><ele>3383.0</ele><time>2026-04-10T15:17:15Z</time></rtept><rtept lat="38.250482" lon="-106.55922"><ele>3383.0</ele><time>2026-04-10T15:17:15Z</time></rtept><rtept lat="38.250459" lon="-106.559277"><ele>3383.4</ele><time>2026-04-10T15:17:15Z</time></rtept><rtept lat="38.250467" lon="-106.559324"><ele>3383.2</ele><time>2026-04-10T15:17:15Z</time></rtept><rtept lat="38.250457" lon="-106.559373"><ele>3383.2</ele><time>2026-04-10T15:17:15Z</time></rtept><rtept lat="38.250461" lon="-106.559423"><ele>3382.6</ele><time>2026-04-10T15:17:15Z</time></rtept><rtept lat="38.250438" lon="-106.559462"><ele>3382.6</ele><time>2026-04-10T15:17:15Z</time></rtept><rtept lat="38.250384" lon="-106.559493"><ele>3382.2</ele><time>2026-04-10T15:17:15Z</time></rtept><rtept lat="38.250352" lon="-106.559497"><ele>3382.2</ele><time>2026-04-10T15:17:15Z</time></rtept><rtept lat="38.250311" lon="-106.559525"><ele>3382.2</ele><time>2026-04-10T15:17:15Z</time></rtept><rtept lat="38.250271" lon="-106.559543"><ele>3382.2</ele><time>2026-04-10T15:17:15Z</time></rtept><rtept lat="38.250229" lon="-106.559575"><ele>3381.4</ele><time>2026-04-10T15:17:15Z</time></rtept><rtept lat="38.25018" lon="-106.559592"><ele>3381.4</ele><time>2026-04-10T15:17:15Z</time></rtept><rtept lat="38.25013" lon="-106.559598"><ele>3381.2</ele><time>2026-04-10T15:17:15Z</time></rtept><rtept lat="38.250099" lon="-106.559598"><ele>3380.6</ele><time>2026-04-10T15:17:15Z</time></rtept><rtept lat="38.250067" lon="-106.559616"><ele>3380.6</ele><time>2026-04-10T15:17:15Z</time></rtept><rtept lat="38.250039" lon="-106.559635"><ele>3380.0</ele><time>2026-04-10T15:17:15Z</time></rtept><rtept lat="38.249999" lon="-106.559649"><ele>3380.0</ele><time>2026-04-10T15:17:15Z</time></rtept><rtept lat="38.249976" lon="-106.559645"><ele>3379.2</ele><time>2026-04-10T15:17:15Z</time></rtept><rtept lat="38.249913" lon="-106.559651"><ele>3379.2</ele><time>2026-04-10T15:17:15Z</time></rtept><rtept lat="38.249791" lon="-106.559652"><ele>3377.2</ele><time>2026-04-10T15:17:15Z</time></rtept><rtept lat="38.24971" lon="-106.559689"><ele>3375.4</ele><time>2026-04-10T15:17:15Z</time></rtept><rtept lat="38.249674" lon="-106.559685"><ele>3374.0</ele><time>2026-04-10T15:17:15Z</time></rtept><rtept lat="38.249629" lon="-106.559683"><ele>3372.4</ele><time>2026-04-10T15:17:15Z</time></rtept><rtept lat="38.249588" lon="-106.559682"><ele>3372.4</ele><time>2026-04-10T15:17:15Z</time></rtept><rtept lat="38.249529" lon="-106.559694"><ele>3371.2</ele><time>2026-04-10T15:17:15Z</time></rtept><rtept lat="38.249476" lon="-106.559682"><ele>3370.4</ele><time>2026-04-10T15:17:15Z</time></rtept><rtept lat="38.249422" lon="-106.559666"><ele>3369.8</ele><time>2026-04-10T15:17:15Z</time></rtept><rtept lat="38.249372" lon="-106.559662"><ele>3369.8</ele><time>2026-04-10T15:17:15Z</time></rtept><rtept lat="38.249327" lon="-106.559659"><ele>3369.0</ele><time>2026-04-10T15:17:15Z</time></rtept><rtept lat="38.249282" lon="-106.559656"><ele>3367.8</ele><time>2026-04-10T15:17:15Z</time></rtept><rtept lat="38.249228" lon="-106.559673"><ele>3367.2</ele><time>2026-04-10T15:17:15Z</time></rtept><rtept lat="38.249196" lon="-106.559675"><ele>3367.2</ele><time>2026-04-10T15:17:15Z</time></rtept><rtept lat="38.249129" lon="-106.559673"><ele>3366.0</ele><time>2026-04-10T15:17:15Z</time></rtept><rtept lat="38.249098" lon="-106.55964"><ele>3364.2</ele><time>2026-04-10T15:17:15Z</time></rtept><rtept lat="38.249048" lon="-106.559627"><ele>3364.2</ele><time>2026-04-10T15:17:15Z</time></rtept><rtept lat="38.249022" lon="-106.559592"><ele>3362.8</ele><time>2026-04-10T15:17:15Z</time></rtept><rtept lat="38.248968" lon="-106.559569"><ele>3361.2</ele><time>2026-04-10T15:17:15Z</time></rtept><rtept lat="38.248932" lon="-106.559576"><ele>3361.2</ele><time>2026-04-10T15:17:15Z</time></rtept><rtept lat="38.248887" lon="-106.559593"><ele>3359.8</ele><time>2026-04-10T15:17:15Z</time></rtept><rtept lat="38.248846" lon="-106.559591"><ele>3359.8</ele><time>2026-04-10T15:17:15Z</time></rtept><rtept lat="38.24881" lon="-106.559588"><ele>3359.2</ele><time>2026-04-10T15:17:15Z</time></rtept><rtept lat="38.248765" lon="-106.559562"><ele>3358.4</ele><time>2026-04-10T15:17:15Z</time></rtept><rtept lat="38.24873" lon="-106.559538"><ele>3358.2</ele><time>2026-04-10T15:17:15Z</time></rtept><rtept lat="38.248699" lon="-106.559492"><ele>3358.2</ele><time>2026-04-10T15:17:15Z</time></rtept><rtept lat="38.248681" lon="-106.559455"><ele>3357.2</ele><time>2026-04-10T15:17:15Z</time></rtept><rtept lat="38.248659" lon="-106.559434"><ele>3357.2</ele><time>2026-04-10T15:17:15Z</time></rtept><rtept lat="38.248623" lon="-106.559396"><ele>3356.4</ele><time>2026-04-10T15:17:15Z</time></rtept><rtept lat="38.248583" lon="-106.559383"><ele>3356.4</ele><time>2026-04-10T15:17:15Z</time></rtept><rtept lat="38.248515" lon="-106.559369"><ele>3356.6</ele><time>2026-04-10T15:17:15Z</time></rtept><rtept lat="38.248475" lon="-106.559344"><ele>3356.8</ele><time>2026-04-10T15:17:15Z</time></rtept><rtept lat="38.248444" lon="-106.559304"><ele>3355.4</ele><time>2026-04-10T15:17:15Z</time></rtept><rtept lat="38.248404" lon="-106.559292"><ele>3355.6</ele><time>2026-04-10T15:17:15Z</time></rtept><rtept lat="38.248386" lon="-106.5593"><ele>3355.6</ele><time>2026-04-10T15:17:15Z</time></rtept><rtept lat="38.248363" lon="-106.559336"><ele>3357.0</ele><time>2026-04-10T15:17:15Z</time></rtept><rtept lat="38.248344" lon="-106.559358"><ele>3357.0</ele><time>2026-04-10T15:17:15Z</time></rtept><rtept lat="38.248277" lon="-106.55937"><ele>3357.0</ele><time>2026-04-10T15:17:15Z</time></rtept><rtept lat="38.248268" lon="-106.559379"><ele>3357.0</ele><time>2026-04-10T15:17:15Z</time></rtept><rtept lat="38.248232" lon="-106.559381"><ele>3357.0</ele><time>2026-04-10T15:17:15Z</time></rtept><rtept lat="38.248205" lon="-106.559353"><ele>3356.8</ele><time>2026-04-10T15:17:15Z</time></rtept><rtept lat="38.248192" lon="-106.559315"><ele>3356.8</ele><time>2026-04-10T15:17:15Z</time></rtept><rtept lat="38.248174" lon="-106.559289"><ele>3356.2</ele><time>2026-04-10T15:17:15Z</time></rtept><rtept lat="38.248156" lon="-106.559272"><ele>3355.8</ele><time>2026-04-10T15:17:15Z</time></rtept><rtept lat="38.248112" lon="-106.559241"><ele>3355.8</ele><time>2026-04-10T15:17:15Z</time></rtept><rtept lat="38.248094" lon="-106.559203"><ele>3354.6</ele><time>2026-04-10T15:17:15Z</time></rtept><rtept lat="38.248072" lon="-106.559166"><ele>3354.2</ele><time>2026-04-10T15:17:15Z</time></rtept><rtept lat="38.248082" lon="-106.559124"><ele>3352.2</ele><time>2026-04-10T15:17:15Z</time></rtept><rtept lat="38.248064" lon="-106.559105"><ele>3352.2</ele><time>2026-04-10T15:17:15Z</time></rtept><rtept lat="38.248042" lon="-106.559091"><ele>3352.2</ele><time>2026-04-10T15:17:15Z</time></rtept><rtept lat="38.248006" lon="-106.559082"><ele>3351.6</ele><time>2026-04-10T15:17:15Z</time></rtept><rtept lat="38.247969" lon="-106.559098"><ele>3351.6</ele><time>2026-04-10T15:17:15Z</time></rtept><rtept lat="38.247865" lon="-106.559121"><ele>3349.4</ele><time>2026-04-10T15:17:15Z</time></rtept><rtept lat="38.247843" lon="-106.559127"><ele>3349.4</ele><time>2026-04-10T15:17:15Z</time></rtept><rtept lat="38.247807" lon="-106.559128"><ele>3348.0</ele><time>2026-04-10T15:17:15Z</time></rtept><rtept lat="38.24778" lon="-106.559117"><ele>3348.0</ele><time>2026-04-10T15:17:15Z</time></rtept><rtept lat="38.247744" lon="-106.559119"><ele>3346.6</ele><time>2026-04-10T15:17:15Z</time></rtept><rtept lat="38.247708" lon="-106.559123"><ele>3346.6</ele><time>2026-04-10T15:17:15Z</time></rtept><rtept lat="38.247676" lon="-106.559108"><ele>3345.4</ele><time>2026-04-10T15:17:15Z</time></rtept><rtept lat="38.247645" lon="-106.559091"><ele>3345.4</ele><time>2026-04-10T15:17:15Z</time></rtept><rtept lat="38.247605" lon="-106.559077"><ele>3344.6</ele><time>2026-04-10T15:17:15Z</time></rtept><rtept lat="38.247578" lon="-106.559031"><ele>3344.2</ele><time>2026-04-10T15:17:15Z</time></rtept><rtept lat="38.247561" lon="-106.558979"><ele>3344.2</ele><time>2026-04-10T15:17:15Z</time></rtept><rtept lat="38.247525" lon="-106.558938"><ele>3343.0</ele><time>2026-04-10T15:17:15Z</time></rtept><rtept lat="38.247485" lon="-106.558901"><ele>3343.0</ele><time>2026-04-10T15:17:15Z</time></rtept><rtept lat="38.247459" lon="-106.558853"><ele>3341.8</ele><time>2026-04-10T15:17:15Z</time></rtept><rtept lat="38.247433" lon="-106.558802"><ele>3341.8</ele><time>2026-04-10T15:17:15Z</time></rtept><rtept lat="38.247402" lon="-106.558762"><ele>3341.0</ele><time>2026-04-10T15:17:15Z</time></rtept><rtept lat="38.24737" lon="-106.558722"><ele>3341.0</ele><time>2026-04-10T15:17:15Z</time></rtept><rtept lat="38.247335" lon="-106.558681"><ele>3339.8</ele><time>2026-04-10T15:17:15Z</time></rtept><rtept lat="38.247295" lon="-106.558644"><ele>3339.8</ele><time>2026-04-10T15:17:15Z</time></rtept><rtept lat="38.247255" lon="-106.558607"><ele>3338.6</ele><time>2026-04-10T15:17:15Z</time></rtept><rtept lat="38.24721" lon="-106.558582"><ele>3337.8</ele><time>2026-04-10T15:17:15Z</time></rtept><rtept lat="38.24717" lon="-106.558547"><ele>3337.8</ele><time>2026-04-10T15:17:15Z</time></rtept><rtept lat="38.247153" lon="-106.558486"><ele>3337.6</ele><time>2026-04-10T15:17:15Z</time></rtept><rtept lat="38.247131" lon="-106.558423"><ele>3336.8</ele><time>2026-04-10T15:17:15Z</time></rtept><rtept lat="38.247086" lon="-106.558397"><ele>3336.8</ele><time>2026-04-10T15:17:15Z</time></rtept><rtept lat="38.247051" lon="-106.558355"><ele>3336.2</ele><time>2026-04-10T15:17:15Z</time></rtept><rtept lat="38.247016" lon="-106.558311"><ele>3336.2</ele><time>2026-04-10T15:17:15Z</time></rtept><rtept lat="38.246985" lon="-106.558258"><ele>3335.8</ele><time>2026-04-10T15:17:15Z</time></rtept><rtept lat="38.246954" lon="-106.558213"><ele>3335.8</ele><time>2026-04-10T15:17:15Z</time></rtept><rtept lat="38.246932" lon="-106.558159"><ele>3335.6</ele><time>2026-04-10T15:17:15Z</time></rtept><rtept lat="38.246924" lon="-106.558098"><ele>3335.8</ele><time>2026-04-10T15:17:15Z</time></rtept><rtept lat="38.246888" lon="-106.558062"><ele>3335.8</ele><time>2026-04-10T15:17:15Z</time></rtept><rtept lat="38.246839" lon="-106.558023"><ele>3335.4</ele><time>2026-04-10T15:17:15Z</time></rtept><rtept lat="38.246817" lon="-106.557999"><ele>3335.4</ele><time>2026-04-10T15:17:15Z</time></rtept><rtept lat="38.246773" lon="-106.557922"><ele>3335.0</ele><time>2026-04-10T15:17:15Z</time></rtept><rtept lat="38.246747" lon="-106.557871"><ele>3335.0</ele><time>2026-04-10T15:17:15Z</time></rtept><rtept lat="38.246734" lon="-106.557811"><ele>3334.6</ele><time>2026-04-10T15:17:15Z</time></rtept><rtept lat="38.246707" lon="-106.557759"><ele>3334.8</ele><time>2026-04-10T15:17:15Z</time></rtept><rtept lat="38.246708" lon="-106.557697"><ele>3334.8</ele><time>2026-04-10T15:17:15Z</time></rtept><rtept lat="38.246709" lon="-106.557627"><ele>3334.8</ele><time>2026-04-10T15:17:15Z</time></rtept><rtept lat="38.246714" lon="-106.557566"><ele>3334.8</ele><time>2026-04-10T15:17:15Z</time></rtept><rtept lat="38.246706" lon="-106.557511"><ele>3335.0</ele><time>2026-04-10T15:17:15Z</time></rtept><rtept lat="38.246689" lon="-106.557457"><ele>3335.0</ele><time>2026-04-10T15:17:15Z</time></rtept><rtept lat="38.246681" lon="-106.557399"><ele>3335.0</ele><time>2026-04-10T15:17:15Z</time></rtept><rtept lat="38.24665" lon="-106.557346"><ele>3334.4</ele><time>2026-04-10T15:17:15Z</time></rtept><rtept lat="38.246642" lon="-106.557286"><ele>3334.6</ele><time>2026-04-10T15:17:15Z</time></rtept><rtept lat="38.246629" lon="-106.55722"><ele>3334.6</ele><time>2026-04-10T15:17:15Z</time></rtept><rtept lat="38.246612" lon="-106.557179"><ele>3334.6</ele><time>2026-04-10T15:17:15Z</time></rtept><rtept lat="38.246581" lon="-106.557103"><ele>3334.2</ele><time>2026-04-10T15:17:15Z</time></rtept><rtept lat="38.246559" lon="-106.557068"><ele>3334.0</ele><time>2026-04-10T15:17:15Z</time></rtept><rtept lat="38.246524" lon="-106.557009"><ele>3333.8</ele><time>2026-04-10T15:17:15Z</time></rtept><rtept lat="38.246506" lon="-106.556989"><ele>3333.6</ele><time>2026-04-10T15:17:15Z</time></rtept><rtept lat="38.246475" lon="-106.556909"><ele>3333.4</ele><time>2026-04-10T15:17:15Z</time></rtept><rtept lat="38.246435" lon="-106.556866"><ele>3333.0</ele><time>2026-04-10T15:17:15Z</time></rtept><rtept lat="38.246391" lon="-106.556827"><ele>3332.2</ele><time>2026-04-10T15:17:15Z</time></rtept><rtept lat="38.246351" lon="-106.55679"><ele>3332.2</ele><time>2026-04-10T15:17:15Z</time></rtept><rtept lat="38.246311" lon="-106.556759"><ele>3331.2</ele><time>2026-04-10T15:17:15Z</time></rtept><rtept lat="38.24628" lon="-106.556713"><ele>3331.2</ele><time>2026-04-10T15:17:15Z</time></rtept><rtept lat="38.246205" lon="-106.556609"><ele>3330.2</ele><time>2026-04-10T15:17:15Z</time></rtept><rtept lat="38.246182" lon="-106.55659"><ele>3329.2</ele><time>2026-04-10T15:17:15Z</time></rtept><rtept lat="38.246156" lon="-106.556547"><ele>3329.4</ele><time>2026-04-10T15:17:15Z</time></rtept><rtept lat="38.246129" lon="-106.556517"><ele>3328.4</ele><time>2026-04-10T15:17:15Z</time></rtept><rtept lat="38.246098" lon="-106.55648"><ele>3328.4</ele><time>2026-04-10T15:17:15Z</time></rtept><rtept lat="38.246012" lon="-106.556484"><ele>3327.4</ele><time>2026-04-10T15:17:15Z</time></rtept><rtept lat="38.245999" lon="-106.556501"><ele>3326.4</ele><time>2026-04-10T15:17:15Z</time></rtept><rtept lat="38.245985" lon="-106.556531"><ele>3326.4</ele><time>2026-04-10T15:17:15Z</time></rtept><rtept lat="38.245965" lon="-106.556637"><ele>3326.0</ele><time>2026-04-10T15:17:15Z</time></rtept><rtept lat="38.245969" lon="-106.556681"><ele>3325.8</ele><time>2026-04-10T15:17:15Z</time></rtept><rtept lat="38.245968" lon="-106.556748"><ele>3325.4</ele><time>2026-04-10T15:17:15Z</time></rtept><rtept lat="38.245959" lon="-106.556809"><ele>3325.4</ele><time>2026-04-10T15:17:15Z</time></rtept><rtept lat="38.245958" lon="-106.556863"><ele>3325.0</ele><time>2026-04-10T15:17:15Z</time></rtept><rtept lat="38.245935" lon="-106.556922"><ele>3324.6</ele><time>2026-04-10T15:17:15Z</time></rtept><rtept lat="38.245925" lon="-106.556987"><ele>3323.0</ele><time>2026-04-10T15:17:15Z</time></rtept><rtept lat="38.245919" lon="-106.557035"><ele>3322.6</ele><time>2026-04-10T15:17:15Z</time></rtept><rtept lat="38.245941" lon="-106.557098"><ele>3323.8</ele><time>2026-04-10T15:17:15Z</time></rtept><rtept lat="38.245963" lon="-106.557157"><ele>3323.8</ele><time>2026-04-10T15:17:15Z</time></rtept><rtept lat="38.245966" lon="-106.557293"><ele>3322.8</ele><time>2026-04-10T15:17:15Z</time></rtept><rtept lat="38.245973" lon="-106.557391"><ele>3322.4</ele><time>2026-04-10T15:17:15Z</time></rtept><rtept lat="38.245973" lon="-106.557443"><ele>3321.8</ele><time>2026-04-10T15:17:15Z</time></rtept><rtept lat="38.245972" lon="-106.5575"><ele>3321.8</ele><time>2026-04-10T15:17:15Z</time></rtept><rtept lat="38.24593" lon="-106.557567"><ele>3319.2</ele><time>2026-04-10T15:17:15Z</time></rtept><rtept lat="38.245917" lon="-106.557553"><ele>3319.2</ele><time>2026-04-10T15:17:15Z</time></rtept><rtept lat="38.245891" lon="-106.557511"><ele>3319.8</ele><time>2026-04-10T15:17:15Z</time></rtept><rtept lat="38.245833" lon="-106.557444"><ele>3318.0</ele><time>2026-04-10T15:17:15Z</time></rtept><rtept lat="38.245806" lon="-106.557406"><ele>3318.6</ele><time>2026-04-10T15:17:15Z</time></rtept><rtept lat="38.24578" lon="-106.557369"><ele>3316.8</ele><time>2026-04-10T15:17:15Z</time></rtept><rtept lat="38.245695" lon="-106.557309"><ele>3315.6</ele><time>2026-04-10T15:17:15Z</time></rtept><rtept lat="38.245647" lon="-106.557217"><ele>3314.4</ele><time>2026-04-10T15:17:15Z</time></rtept><rtept lat="38.245629" lon="-106.557189"><ele>3314.4</ele><time>2026-04-10T15:17:15Z</time></rtept><rtept lat="38.245584" lon="-106.557159"><ele>3313.4</ele><time>2026-04-10T15:17:15Z</time></rtept><rtept lat="38.245563" lon="-106.55711"><ele>3313.4</ele><time>2026-04-10T15:17:15Z</time></rtept><rtept lat="38.24551" lon="-106.557025"><ele>3312.2</ele><time>2026-04-10T15:17:15Z</time></rtept><rtept lat="38.245492" lon="-106.557002"><ele>3312.2</ele><time>2026-04-10T15:17:15Z</time></rtept><rtept lat="38.24547" lon="-106.556958"><ele>3313.0</ele><time>2026-04-10T15:17:15Z</time></rtept><rtept lat="38.245453" lon="-106.556905"><ele>3312.0</ele><time>2026-04-10T15:17:15Z</time></rtept><rtept lat="38.245444" lon="-106.55685"><ele>3312.0</ele><time>2026-04-10T15:17:15Z</time></rtept><rtept lat="38.245374" lon="-106.556758"><ele>3311.0</ele><time>2026-04-10T15:17:15Z</time></rtept><rtept lat="38.245315" lon="-106.556739"><ele>3310.0</ele><time>2026-04-10T15:17:15Z</time></rtept><rtept lat="38.245262" lon="-106.55665"><ele>3311.0</ele><time>2026-04-10T15:17:15Z</time></rtept><rtept lat="38.245218" lon="-106.556619"><ele>3309.0</ele><time>2026-04-10T15:17:15Z</time></rtept><rtept lat="38.245174" lon="-106.55653"><ele>3308.2</ele><time>2026-04-10T15:17:15Z</time></rtept><rtept lat="38.245156" lon="-106.556481"><ele>3309.4</ele><time>2026-04-10T15:17:15Z</time></rtept><rtept lat="38.245134" lon="-106.55645"><ele>3309.4</ele><time>2026-04-10T15:17:15Z</time></rtept><rtept lat="38.245071" lon="-106.556437"><ele>3307.4</ele><time>2026-04-10T15:17:15Z</time></rtept><rtept lat="38.24504" lon="-106.556386"><ele>3306.6</ele><time>2026-04-10T15:17:15Z</time></rtept><rtept lat="38.245019" lon="-106.556338"><ele>3306.6</ele><time>2026-04-10T15:17:15Z</time></rtept><rtept lat="38.244934" lon="-106.556251"><ele>3305.8</ele><time>2026-04-10T15:17:15Z</time></rtept><rtept lat="38.244907" lon="-106.55622"><ele>3305.0</ele><time>2026-04-10T15:17:15Z</time></rtept><rtept lat="38.244867" lon="-106.556191"><ele>3305.0</ele><time>2026-04-10T15:17:15Z</time></rtept><rtept lat="38.244819" lon="-106.55609"><ele>3304.4</ele><time>2026-04-10T15:17:15Z</time></rtept><rtept lat="38.24477" lon="-106.55608"><ele>3302.4</ele><time>2026-04-10T15:17:15Z</time></rtept><rtept lat="38.244738" lon="-106.556054"><ele>3302.4</ele><time>2026-04-10T15:17:15Z</time></rtept><rtept lat="38.244716" lon="-106.556044"><ele>3301.4</ele><time>2026-04-10T15:17:15Z</time></rtept><rtept lat="38.244685" lon="-106.556037"><ele>3301.4</ele><time>2026-04-10T15:17:15Z</time></rtept><rtept lat="38.244658" lon="-106.555989"><ele>3301.4</ele><time>2026-04-10T15:17:15Z</time></rtept><rtept lat="38.244613" lon="-106.555959"><ele>3300.4</ele><time>2026-04-10T15:17:15Z</time></rtept><rtept lat="38.244587" lon="-106.555913"><ele>3300.4</ele><time>2026-04-10T15:17:15Z</time></rtept><rtept lat="38.244552" lon="-106.555873"><ele>3299.2</ele><time>2026-04-10T15:17:15Z</time></rtept><rtept lat="38.244494" lon="-106.555779"><ele>3297.8</ele><time>2026-04-10T15:17:15Z</time></rtept><rtept lat="38.244473" lon="-106.555723"><ele>3297.8</ele><time>2026-04-10T15:17:15Z</time></rtept><rtept lat="38.244455" lon="-106.555692"><ele>3298.6</ele><time>2026-04-10T15:17:15Z</time></rtept><rtept lat="38.244438" lon="-106.555628"><ele>3296.2</ele><time>2026-04-10T15:17:15Z</time></rtept><rtept lat="38.244403" lon="-106.555516"><ele>3297.6</ele><time>2026-04-10T15:17:15Z</time></rtept><rtept lat="38.244377" lon="-106.555467"><ele>3295.4</ele><time>2026-04-10T15:17:15Z</time></rtept><rtept lat="38.244355" lon="-106.555414"><ele>3296.0</ele><time>2026-04-10T15:17:15Z</time></rtept><rtept lat="38.244351" lon="-106.55535"><ele>3296.4</ele><time>2026-04-10T15:17:15Z</time></rtept><rtept lat="38.244317" lon="-106.555231"><ele>3296.8</ele><time>2026-04-10T15:17:15Z</time></rtept><rtept lat="38.244232" lon="-106.55513"><ele>3293.0</ele><time>2026-04-10T15:17:15Z</time></rtept><rtept lat="38.244171" lon="-106.555005"><ele>3291.0</ele><time>2026-04-10T15:17:15Z</time></rtept><rtept lat="38.244064" lon="-106.554911"><ele>3288.6</ele><time>2026-04-10T15:17:15Z</time></rtept><rtept lat="38.243954" lon="-106.554736"><ele>3283.2</ele><time>2026-04-10T15:17:15Z</time></rtept><rtept lat="38.243914" lon="-106.554702"><ele>3283.2</ele><time>2026-04-10T15:17:15Z</time></rtept><rtept lat="38.243905" lon="-106.554702"><ele>3281.0</ele><time>2026-04-10T15:17:15Z</time></rtept><rtept lat="38.243896" lon="-106.554728"><ele>3281.0</ele><time>2026-04-10T15:17:15Z</time></rtept><rtept lat="38.243899" lon="-106.554773"><ele>3281.4</ele><time>2026-04-10T15:17:15Z</time></rtept><rtept lat="38.243889" lon="-106.554832"><ele>3281.4</ele><time>2026-04-10T15:17:15Z</time></rtept><rtept lat="38.24388" lon="-106.554883"><ele>3282.0</ele><time>2026-04-10T15:17:15Z</time></rtept><rtept lat="38.24387" lon="-106.554932"><ele>3282.0</ele><time>2026-04-10T15:17:15Z</time></rtept><rtept lat="38.243852" lon="-106.554979"><ele>3282.4</ele><time>2026-04-10T15:17:15Z</time></rtept><rtept lat="38.243833" lon="-106.555033"><ele>3280.6</ele><time>2026-04-10T15:17:15Z</time></rtept><rtept lat="38.243823" lon="-106.55509"><ele>3280.6</ele><time>2026-04-10T15:17:15Z</time></rtept><rtept lat="38.243813" lon="-106.555146"><ele>3281.0</ele><time>2026-04-10T15:17:15Z</time></rtept><rtept lat="38.243803" lon="-106.555199"><ele>3281.2</ele><time>2026-04-10T15:17:15Z</time></rtept><rtept lat="38.24382" lon="-106.555322"><ele>3281.0</ele><time>2026-04-10T15:17:15Z</time></rtept><rtept lat="38.243837" lon="-106.555389"><ele>3280.8</ele><time>2026-04-10T15:17:15Z</time></rtept><rtept lat="38.243832" lon="-106.55544"><ele>3280.8</ele><time>2026-04-10T15:17:15Z</time></rtept><rtept lat="38.243822" lon="-106.5555"><ele>3280.6</ele><time>2026-04-10T15:17:15Z</time></rtept><rtept lat="38.243812" lon="-106.555586"><ele>3280.4</ele><time>2026-04-10T15:17:15Z</time></rtept><rtept lat="38.243829" lon="-106.55568"><ele>3280.0</ele><time>2026-04-10T15:17:15Z</time></rtept><rtept lat="38.243837" lon="-106.555721"><ele>3279.2</ele><time>2026-04-10T15:17:15Z</time></rtept><rtept lat="38.243837" lon="-106.555753"><ele>3279.2</ele><time>2026-04-10T15:17:15Z</time></rtept><rtept lat="38.243832" lon="-106.555814"><ele>3278.4</ele><time>2026-04-10T15:17:15Z</time></rtept><rtept lat="38.24384" lon="-106.555871"><ele>3278.4</ele><time>2026-04-10T15:17:15Z</time></rtept><rtept lat="38.243857" lon="-106.555922"><ele>3279.6</ele><time>2026-04-10T15:17:15Z</time></rtept><rtept lat="38.2439" lon="-106.556061"><ele>3277.8</ele><time>2026-04-10T15:17:15Z</time></rtept><rtept lat="38.243904" lon="-106.5561"><ele>3277.8</ele><time>2026-04-10T15:17:15Z</time></rtept><rtept lat="38.24393" lon="-106.556195"><ele>3279.0</ele><time>2026-04-10T15:17:15Z</time></rtept><rtept lat="38.243943" lon="-106.556247"><ele>3278.0</ele><time>2026-04-10T15:17:15Z</time></rtept><rtept lat="38.24395" lon="-106.556349"><ele>3276.8</ele><time>2026-04-10T15:17:15Z</time></rtept><rtept lat="38.243941" lon="-106.556376"><ele>3276.8</ele><time>2026-04-10T15:17:15Z</time></rtept><rtept lat="38.243949" lon="-106.556495"><ele>3274.0</ele><time>2026-04-10T15:17:15Z</time></rtept><rtept lat="38.243934" lon="-106.556588"><ele>3272.6</ele><time>2026-04-10T15:17:15Z</time></rtept><rtept lat="38.243947" lon="-106.556643"><ele>3272.6</ele><time>2026-04-10T15:17:15Z</time></rtept><rtept lat="38.243964" lon="-106.556698"><ele>3271.0</ele><time>2026-04-10T15:17:15Z</time></rtept><rtept lat="38.243977" lon="-106.556758"><ele>3269.6</ele><time>2026-04-10T15:17:15Z</time></rtept><rtept lat="38.244029" lon="-106.556843"><ele>3270.4</ele><time>2026-04-10T15:17:15Z</time></rtept><rtept lat="38.244033" lon="-106.556899"><ele>3270.4</ele><time>2026-04-10T15:17:15Z</time></rtept><rtept lat="38.24405" lon="-106.557005"><ele>3269.8</ele><time>2026-04-10T15:17:15Z</time></rtept><rtept lat="38.244016" lon="-106.557167"><ele>3266.0</ele><time>2026-04-10T15:17:15Z</time></rtept><rtept lat="38.243994" lon="-106.557131"><ele>3266.0</ele><time>2026-04-10T15:17:15Z</time></rtept><rtept lat="38.243981" lon="-106.55712"><ele>3266.0</ele><time>2026-04-10T15:17:15Z</time></rtept><rtept lat="38.243932" lon="-106.557075"><ele>3265.0</ele><time>2026-04-10T15:17:15Z</time></rtept><rtept lat="38.243905" lon="-106.557049"><ele>3262.4</ele><time>2026-04-10T15:17:15Z</time></rtept><rtept lat="38.243874" lon="-106.557006"><ele>3262.4</ele><time>2026-04-10T15:17:15Z</time></rtept><rtept lat="38.243834" lon="-106.55696"><ele>3261.4</ele><time>2026-04-10T15:17:15Z</time></rtept><rtept lat="38.243777" lon="-106.556875"><ele>3263.0</ele><time>2026-04-10T15:17:15Z</time></rtept><rtept lat="38.243746" lon="-106.556847"><ele>3260.4</ele><time>2026-04-10T15:17:15Z</time></rtept><rtept lat="38.243666" lon="-106.556769"><ele>3259.4</ele><time>2026-04-10T15:17:15Z</time></rtept><rtept lat="38.243626" lon="-106.556726"><ele>3258.6</ele><time>2026-04-10T15:17:15Z</time></rtept><rtept lat="38.24359" lon="-106.556685"><ele>3258.6</ele><time>2026-04-10T15:17:15Z</time></rtept><rtept lat="38.243555" lon="-106.55664"><ele>3258.0</ele><time>2026-04-10T15:17:15Z</time></rtept><rtept lat="38.243515" lon="-106.556601"><ele>3258.0</ele><time>2026-04-10T15:17:15Z</time></rtept><rtept lat="38.243488" lon="-106.556547"><ele>3257.2</ele><time>2026-04-10T15:17:15Z</time></rtept><rtept lat="38.243403" lon="-106.556491"><ele>3254.8</ele><time>2026-04-10T15:17:15Z</time></rtept><rtept lat="38.243372" lon="-106.556456"><ele>3256.4</ele><time>2026-04-10T15:17:15Z</time></rtept><rtept lat="38.243332" lon="-106.556416"><ele>3254.2</ele><time>2026-04-10T15:17:15Z</time></rtept><rtept lat="38.243266" lon="-106.556342"><ele>3253.4</ele><time>2026-04-10T15:17:15Z</time></rtept><rtept lat="38.24323" lon="-106.556297"><ele>3252.8</ele><time>2026-04-10T15:17:15Z</time></rtept><rtept lat="38.243185" lon="-106.556269"><ele>3252.8</ele><time>2026-04-10T15:17:15Z</time></rtept><rtept lat="38.243159" lon="-106.556217"><ele>3251.8</ele><time>2026-04-10T15:17:15Z</time></rtept><rtept lat="38.243124" lon="-106.556178"><ele>3251.8</ele><time>2026-04-10T15:17:15Z</time></rtept><rtept lat="38.243093" lon="-106.556125"><ele>3251.0</ele><time>2026-04-10T15:17:15Z</time></rtept><rtept lat="38.243071" lon="-106.556065"><ele>3251.0</ele><time>2026-04-10T15:17:15Z</time></rtept><rtept lat="38.243054" lon="-106.556007"><ele>3252.8</ele><time>2026-04-10T15:17:15Z</time></rtept><rtept lat="38.243032" lon="-106.555949"><ele>3251.6</ele><time>2026-04-10T15:17:15Z</time></rtept><rtept lat="38.243006" lon="-106.555903"><ele>3251.6</ele><time>2026-04-10T15:17:15Z</time></rtept><rtept lat="38.242988" lon="-106.555839"><ele>3253.0</ele><time>2026-04-10T15:17:15Z</time></rtept><rtept lat="38.242948" lon="-106.5558"><ele>3249.8</ele><time>2026-04-10T15:17:15Z</time></rtept><rtept lat="38.242918" lon="-106.55575"><ele>3251.0</ele><time>2026-04-10T15:17:15Z</time></rtept><rtept lat="38.242887" lon="-106.555703"><ele>3249.2</ele><time>2026-04-10T15:17:15Z</time></rtept><rtept lat="38.24286" lon="-106.555664"><ele>3249.2</ele><time>2026-04-10T15:17:15Z</time></rtept><rtept lat="38.24282" lon="-106.555621"><ele>3247.4</ele><time>2026-04-10T15:17:15Z</time></rtept><rtept lat="38.242808" lon="-106.555549"><ele>3247.4</ele><time>2026-04-10T15:17:15Z</time></rtept><rtept lat="38.242768" lon="-106.555506"><ele>3248.2</ele><time>2026-04-10T15:17:15Z</time></rtept><rtept lat="38.242746" lon="-106.555457"><ele>3245.6</ele><time>2026-04-10T15:17:15Z</time></rtept><rtept lat="38.242738" lon="-106.555385"><ele>3246.4</ele><time>2026-04-10T15:17:15Z</time></rtept><rtept lat="38.242693" lon="-106.555346"><ele>3243.6</ele><time>2026-04-10T15:17:15Z</time></rtept><rtept lat="38.242676" lon="-106.555292"><ele>3243.6</ele><time>2026-04-10T15:17:15Z</time></rtept><rtept lat="38.242649" lon="-106.555241"><ele>3243.4</ele><time>2026-04-10T15:17:15Z</time></rtept><rtept lat="38.242623" lon="-106.555179"><ele>3239.2</ele><time>2026-04-10T15:17:15Z</time></rtept><rtept lat="38.242606" lon="-106.55512"><ele>3239.2</ele><time>2026-04-10T15:17:15Z</time></rtept><rtept lat="38.242584" lon="-106.555059"><ele>3238.4</ele><time>2026-04-10T15:17:15Z</time></rtept><rtept lat="38.242562" lon="-106.554997"><ele>3237.4</ele><time>2026-04-10T15:17:15Z</time></rtept><rtept lat="38.242559" lon="-106.55492"><ele>3232.8</ele><time>2026-04-10T15:17:15Z</time></rtept><rtept lat="38.242555" lon="-106.55488"><ele>3232.8</ele><time>2026-04-10T15:17:15Z</time></rtept><rtept lat="38.242533" lon="-106.554821"><ele>3231.4</ele><time>2026-04-10T15:17:15Z</time></rtept><rtept lat="38.242534" lon="-106.554754"><ele>3229.6</ele><time>2026-04-10T15:17:15Z</time></rtept><rtept lat="38.24254" lon="-106.554696"><ele>3229.6</ele><time>2026-04-10T15:17:15Z</time></rtept><rtept lat="38.242563" lon="-106.554639"><ele>3229.8</ele><time>2026-04-10T15:17:15Z</time></rtept><rtept lat="38.242609" lon="-106.554576"><ele>3227.8</ele><time>2026-04-10T15:17:15Z</time></rtept><rtept lat="38.242636" lon="-106.554523"><ele>3230.0</ele><time>2026-04-10T15:17:15Z</time></rtept><rtept lat="38.24266" lon="-106.55448"><ele>3227.8</ele><time>2026-04-10T15:17:15Z</time></rtept><rtept lat="38.242692" lon="-106.554427"><ele>3227.8</ele><time>2026-04-10T15:17:15Z</time></rtept><rtept lat="38.242724" lon="-106.554355"><ele>3228.0</ele><time>2026-04-10T15:17:15Z</time></rtept><rtept lat="38.242757" lon="-106.554302"><ele>3225.8</ele><time>2026-04-10T15:17:15Z</time></rtept><rtept lat="38.242789" lon="-106.554244"><ele>3226.0</ele><time>2026-04-10T15:17:15Z</time></rtept><rtept lat="38.242817" lon="-106.554193"><ele>3226.0</ele><time>2026-04-10T15:17:15Z</time></rtept><rtept lat="38.242831" lon="-106.55414"><ele>3223.8</ele><time>2026-04-10T15:17:15Z</time></rtept><rtept lat="38.242859" lon="-106.554081"><ele>3226.0</ele><time>2026-04-10T15:17:15Z</time></rtept><rtept lat="38.242873" lon="-106.554025"><ele>3223.8</ele><time>2026-04-10T15:17:15Z</time></rtept><rtept lat="38.242896" lon="-106.553968"><ele>3221.6</ele><time>2026-04-10T15:17:15Z</time></rtept><rtept lat="38.242915" lon="-106.553897"><ele>3221.6</ele><time>2026-04-10T15:17:15Z</time></rtept><rtept lat="38.242883" lon="-106.553913"><ele>3221.6</ele><time>2026-04-10T15:17:15Z</time></rtept><rtept lat="38.242856" lon="-106.553946"><ele>3221.6</ele><time>2026-04-10T15:17:15Z</time></rtept><rtept lat="38.242819" lon="-106.553983"><ele>3219.6</ele><time>2026-04-10T15:17:15Z</time></rtept><rtept lat="38.242787" lon="-106.554017"><ele>3221.6</ele><time>2026-04-10T15:17:15Z</time></rtept><rtept lat="38.242746" lon="-106.554059"><ele>3219.6</ele><time>2026-04-10T15:17:15Z</time></rtept><rtept lat="38.242714" lon="-106.554088"><ele>3221.6</ele><time>2026-04-10T15:17:15Z</time></rtept><rtept lat="38.242687" lon="-106.554103"><ele>3219.8</ele><time>2026-04-10T15:17:15Z</time></rtept><rtept lat="38.242633" lon="-106.554139"><ele>3219.8</ele><time>2026-04-10T15:17:15Z</time></rtept><rtept lat="38.242555" lon="-106.55418"><ele>3218.0</ele><time>2026-04-10T15:17:15Z</time></rtept><rtept lat="38.24251" lon="-106.554218"><ele>3218.0</ele><time>2026-04-10T15:17:15Z</time></rtept><rtept lat="38.242478" lon="-106.554244"><ele>3216.2</ele><time>2026-04-10T15:17:15Z</time></rtept><rtept lat="38.242437" lon="-106.554273"><ele>3218.0</ele><time>2026-04-10T15:17:15Z</time></rtept><rtept lat="38.242355" lon="-106.554336"><ele>3214.2</ele><time>2026-04-10T15:17:15Z</time></rtept><rtept lat="38.242314" lon="-106.554349"><ele>3216.0</ele><time>2026-04-10T15:17:15Z</time></rtept><rtept lat="38.242265" lon="-106.554371"><ele>3214.0</ele><time>2026-04-10T15:17:15Z</time></rtept><rtept lat="38.24221" lon="-106.554392"><ele>3211.8</ele><time>2026-04-10T15:17:15Z</time></rtept><rtept lat="38.242169" lon="-106.554416"><ele>3211.8</ele><time>2026-04-10T15:17:15Z</time></rtept><rtept lat="38.242129" lon="-106.554425"><ele>3211.4</ele><time>2026-04-10T15:17:15Z</time></rtept><rtept lat="38.242074" lon="-106.554445"><ele>3209.0</ele><time>2026-04-10T15:17:15Z</time></rtept><rtept lat="38.24202" lon="-106.55447"><ele>3206.8</ele><time>2026-04-10T15:17:15Z</time></rtept><rtept lat="38.241974" lon="-106.554513"><ele>3208.2</ele><time>2026-04-10T15:17:15Z</time></rtept><rtept lat="38.241933" lon="-106.554552"><ele>3205.4</ele><time>2026-04-10T15:17:15Z</time></rtept><rtept lat="38.241887" lon="-106.554596"><ele>3203.6</ele><time>2026-04-10T15:17:15Z</time></rtept><rtept lat="38.241847" lon="-106.554621"><ele>3203.6</ele><time>2026-04-10T15:17:15Z</time></rtept><rtept lat="38.241797" lon="-106.554651"><ele>3200.8</ele><time>2026-04-10T15:17:15Z</time></rtept><rtept lat="38.241756" lon="-106.55469"><ele>3201.6</ele><time>2026-04-10T15:17:15Z</time></rtept><rtept lat="38.241746" lon="-106.554738"><ele>3198.6</ele><time>2026-04-10T15:17:15Z</time></rtept><rtept lat="38.241718" lon="-106.554794"><ele>3199.2</ele><time>2026-04-10T15:17:15Z</time></rtept><rtept lat="38.241704" lon="-106.554845"><ele>3199.2</ele><time>2026-04-10T15:17:15Z</time></rtept><rtept lat="38.241712" lon="-106.554901"><ele>3199.6</ele><time>2026-04-10T15:17:15Z</time></rtept><rtept lat="38.24172" lon="-106.554971"><ele>3199.6</ele><time>2026-04-10T15:17:15Z</time></rtept><rtept lat="38.241733" lon="-106.555024"><ele>3199.6</ele><time>2026-04-10T15:17:15Z</time></rtept><rtept lat="38.241719" lon="-106.555069"><ele>3199.6</ele><time>2026-04-10T15:17:15Z</time></rtept><rtept lat="38.241718" lon="-106.55511"><ele>3199.4</ele><time>2026-04-10T15:17:15Z</time></rtept><rtept lat="38.241727" lon="-106.555169"><ele>3199.4</ele><time>2026-04-10T15:17:15Z</time></rtept><rtept lat="38.241735" lon="-106.555229"><ele>3199.0</ele><time>2026-04-10T15:17:15Z</time></rtept><rtept lat="38.241766" lon="-106.555269"><ele>3201.4</ele><time>2026-04-10T15:17:15Z</time></rtept><rtept lat="38.241779" lon="-106.555326"><ele>3200.8</ele><time>2026-04-10T15:17:15Z</time></rtept><rtept lat="38.241782" lon="-106.555395"><ele>3200.0</ele><time>2026-04-10T15:17:15Z</time></rtept><rtept lat="38.241777" lon="-106.555445"><ele>3200.0</ele><time>2026-04-10T15:17:15Z</time></rtept><rtept lat="38.241785" lon="-106.555498"><ele>3199.4</ele><time>2026-04-10T15:17:15Z</time></rtept><rtept lat="38.241806" lon="-106.555606"><ele>3198.6</ele><time>2026-04-10T15:17:15Z</time></rtept><rtept lat="38.241833" lon="-106.555637"><ele>3200.0</ele><time>2026-04-10T15:17:15Z</time></rtept><rtept lat="38.241832" lon="-106.555708"><ele>3200.0</ele><time>2026-04-10T15:17:15Z</time></rtept><rtept lat="38.241831" lon="-106.555769"><ele>3199.2</ele><time>2026-04-10T15:17:15Z</time></rtept><rtept lat="38.241812" lon="-106.555858"><ele>3196.4</ele><time>2026-04-10T15:17:15Z</time></rtept><rtept lat="38.241807" lon="-106.555922"><ele>3195.8</ele><time>2026-04-10T15:17:15Z</time></rtept><rtept lat="38.241806" lon="-106.555974"><ele>3195.0</ele><time>2026-04-10T15:17:15Z</time></rtept><rtept lat="38.24181" lon="-106.556038"><ele>3195.0</ele><time>2026-04-10T15:17:15Z</time></rtept><rtept lat="38.241826" lon="-106.556198"><ele>3195.6</ele><time>2026-04-10T15:17:15Z</time></rtept><rtept lat="38.241807" lon="-106.556284"><ele>3193.2</ele><time>2026-04-10T15:17:15Z</time></rtept><rtept lat="38.241801" lon="-106.556334"><ele>3192.8</ele><time>2026-04-10T15:17:15Z</time></rtept><rtept lat="38.241792" lon="-106.556402"><ele>3192.4</ele><time>2026-04-10T15:17:15Z</time></rtept><rtept lat="38.241795" lon="-106.556459"><ele>3192.4</ele><time>2026-04-10T15:17:15Z</time></rtept><rtept lat="38.241776" lon="-106.556528"><ele>3192.2</ele><time>2026-04-10T15:17:15Z</time></rtept><rtept lat="38.241766" lon="-106.55659"><ele>3191.8</ele><time>2026-04-10T15:17:15Z</time></rtept><rtept lat="38.241761" lon="-106.556655"><ele>3191.4</ele><time>2026-04-10T15:17:15Z</time></rtept><rtept lat="38.241756" lon="-106.556718"><ele>3191.4</ele><time>2026-04-10T15:17:15Z</time></rtept><rtept lat="38.241768" lon="-106.556777"><ele>3191.0</ele><time>2026-04-10T15:17:15Z</time></rtept><rtept lat="38.241777" lon="-106.556821"><ele>3191.0</ele><time>2026-04-10T15:17:15Z</time></rtept><rtept lat="38.241767" lon="-106.556881"><ele>3190.8</ele><time>2026-04-10T15:17:15Z</time></rtept><rtept lat="38.241753" lon="-106.556892"><ele>3189.0</ele><time>2026-04-10T15:17:15Z</time></rtept><rtept lat="38.241731" lon="-106.556883"><ele>3189.0</ele><time>2026-04-10T15:17:15Z</time></rtept><rtept lat="38.241705" lon="-106.556842"><ele>3189.0</ele><time>2026-04-10T15:17:15Z</time></rtept><rtept lat="38.2417" lon="-106.556822"><ele>3189.4</ele><time>2026-04-10T15:17:15Z</time></rtept><rtept lat="38.241683" lon="-106.556762"><ele>3187.8</ele><time>2026-04-10T15:17:15Z</time></rtept><rtept lat="38.24167" lon="-106.556722"><ele>3188.2</ele><time>2026-04-10T15:17:15Z</time></rtept><rtept lat="38.241639" lon="-106.556679"><ele>3188.2</ele><time>2026-04-10T15:17:15Z</time></rtept><rtept lat="38.241529" lon="-106.556485"><ele>3186.2</ele><time>2026-04-10T15:17:15Z</time></rtept><rtept lat="38.241493" lon="-106.556447"><ele>3186.6</ele><time>2026-04-10T15:17:15Z</time></rtept><rtept lat="38.241431" lon="-106.556407"><ele>3185.4</ele><time>2026-04-10T15:17:15Z</time></rtept><rtept lat="38.241418" lon="-106.556372"><ele>3185.8</ele><time>2026-04-10T15:17:15Z</time></rtept><rtept lat="38.241387" lon="-106.55632"><ele>3184.0</ele><time>2026-04-10T15:17:15Z</time></rtept><rtept lat="38.241374" lon="-106.556255"><ele>3184.6</ele><time>2026-04-10T15:17:15Z</time></rtept><rtept lat="38.241362" lon="-106.556194"><ele>3185.2</ele><time>2026-04-10T15:17:15Z</time></rtept><rtept lat="38.241362" lon="-106.556152"><ele>3185.2</ele><time>2026-04-10T15:17:15Z</time></rtept><rtept lat="38.241331" lon="-106.556146"><ele>3183.2</ele><time>2026-04-10T15:17:15Z</time></rtept><rtept lat="38.241308" lon="-106.556179"><ele>3183.2</ele><time>2026-04-10T15:17:15Z</time></rtept><rtept lat="38.241275" lon="-106.556253"><ele>3179.6</ele><time>2026-04-10T15:17:15Z</time></rtept><rtept lat="38.241234" lon="-106.556314"><ele>3178.6</ele><time>2026-04-10T15:17:15Z</time></rtept><rtept lat="38.241224" lon="-106.556355"><ele>3178.6</ele><time>2026-04-10T15:17:15Z</time></rtept><rtept lat="38.241197" lon="-106.556403"><ele>3174.0</ele><time>2026-04-10T15:17:15Z</time></rtept><rtept lat="38.24116" lon="-106.55647"><ele>3174.0</ele><time>2026-04-10T15:17:15Z</time></rtept><rtept lat="38.241128" lon="-106.55652"><ele>3170.6</ele><time>2026-04-10T15:17:15Z</time></rtept><rtept lat="38.241113" lon="-106.55656"><ele>3170.6</ele><time>2026-04-10T15:17:15Z</time></rtept><rtept lat="38.241091" lon="-106.556572"><ele>3170.2</ele><time>2026-04-10T15:17:15Z</time></rtept><rtept lat="38.241054" lon="-106.556583"><ele>3168.0</ele><time>2026-04-10T15:17:15Z</time></rtept><rtept lat="38.240969" lon="-106.556569"><ele>3166.0</ele><time>2026-04-10T15:17:15Z</time></rtept><rtept lat="38.240942" lon="-106.556561"><ele>3164.4</ele><time>2026-04-10T15:17:15Z</time></rtept><rtept lat="38.240906" lon="-106.556571"><ele>3164.0</ele><time>2026-04-10T15:17:15Z</time></rtept><rtept lat="38.240874" lon="-106.556591"><ele>3162.2</ele><time>2026-04-10T15:17:15Z</time></rtept><rtept lat="38.240793" lon="-106.556594"><ele>3160.4</ele><time>2026-04-10T15:17:15Z</time></rtept><rtept lat="38.240743" lon="-106.556605"><ele>3160.4</ele><time>2026-04-10T15:17:15Z</time></rtept><rtept lat="38.24068" lon="-106.556648"><ele>3159.0</ele><time>2026-04-10T15:17:15Z</time></rtept><rtept lat="38.240657" lon="-106.556666"><ele>3158.0</ele><time>2026-04-10T15:17:15Z</time></rtept><rtept lat="38.240625" lon="-106.5567"><ele>3158.0</ele><time>2026-04-10T15:17:15Z</time></rtept><rtept lat="38.240579" lon="-106.556761"><ele>3157.2</ele><time>2026-04-10T15:17:15Z</time></rtept><rtept lat="38.240511" lon="-106.556814"><ele>3156.4</ele><time>2026-04-10T15:17:15Z</time></rtept><rtept lat="38.240493" lon="-106.556821"><ele>3156.4</ele><time>2026-04-10T15:17:15Z</time></rtept><rtept lat="38.240461" lon="-106.55686"><ele>3155.8</ele><time>2026-04-10T15:17:15Z</time></rtept><rtept lat="38.240433" lon="-106.556885"><ele>3155.8</ele><time>2026-04-10T15:17:15Z</time></rtept><rtept lat="38.240369" lon="-106.556964"><ele>3155.0</ele><time>2026-04-10T15:17:15Z</time></rtept><rtept lat="38.24036" lon="-106.556996"><ele>3155.0</ele><time>2026-04-10T15:17:15Z</time></rtept><rtept lat="38.240314" lon="-106.557036"><ele>3154.4</ele><time>2026-04-10T15:17:15Z</time></rtept><rtept lat="38.240273" lon="-106.557082"><ele>3154.4</ele><time>2026-04-10T15:17:15Z</time></rtept><rtept lat="38.240241" lon="-106.557134"><ele>3153.8</ele><time>2026-04-10T15:17:15Z</time></rtept><rtept lat="38.240195" lon="-106.557198"><ele>3153.2</ele><time>2026-04-10T15:17:15Z</time></rtept><rtept lat="38.240176" lon="-106.557228"><ele>3153.2</ele><time>2026-04-10T15:17:15Z</time></rtept><rtept lat="38.240153" lon="-106.557268"><ele>3153.2</ele><time>2026-04-10T15:17:15Z</time></rtept><rtept lat="38.240135" lon="-106.557312"><ele>3152.6</ele><time>2026-04-10T15:17:15Z</time></rtept><rtept lat="38.24012" lon="-106.557375"><ele>3152.8</ele><time>2026-04-10T15:17:15Z</time></rtept><rtept lat="38.240102" lon="-106.55743"><ele>3153.2</ele><time>2026-04-10T15:17:15Z</time></rtept><rtept lat="38.240069" lon="-106.557483"><ele>3153.2</ele><time>2026-04-10T15:17:15Z</time></rtept><rtept lat="38.240028" lon="-106.557553"><ele>3152.8</ele><time>2026-04-10T15:17:15Z</time></rtept><rtept lat="38.239973" lon="-106.557641"><ele>3152.4</ele><time>2026-04-10T15:17:15Z</time></rtept><rtept lat="38.239946" lon="-106.557703"><ele>3152.6</ele><time>2026-04-10T15:17:15Z</time></rtept><rtept lat="38.23994" lon="-106.557731"><ele>3152.6</ele><time>2026-04-10T15:17:15Z</time></rtept><rtept lat="38.239962" lon="-106.558043"><ele>3153.2</ele><time>2026-04-10T15:17:15Z</time></rtept><rtept lat="38.239962" lon="-106.558043"><ele>3153.2</ele><time>2026-04-10T15:17:15Z</time></rtept><rtept lat="38.239992" lon="-106.558465"><ele>3154.2</ele><time>2026-04-10T15:17:15Z</time></rtept><rtept lat="38.239862" lon="-106.559043"><ele>3154.0</ele><time>2026-04-10T15:17:15Z</time></rtept><rtept lat="38.239806" lon="-106.559272"><ele>3153.8</ele><time>2026-04-10T15:17:15Z</time></rtept><rtept lat="38.239771" lon="-106.559416"><ele>3153.2</ele><time>2026-04-10T15:17:15Z</time></rtept><rtept lat="38.239831" lon="-106.559595"><ele>3153.2</ele><time>2026-04-10T15:17:15Z</time></rtept><rtept lat="38.240162" lon="-106.559807"><ele>3153.8</ele><time>2026-04-10T15:17:15Z</time></rtept><rtept lat="38.240295" lon="-106.559911"><ele>3153.4</ele><time>2026-04-10T15:17:15Z</time></rtept><rtept lat="38.240908" lon="-106.560391"><ele>3151.4</ele><time>2026-04-10T15:17:15Z</time></rtept><rtept lat="38.241117" lon="-106.560578"><ele>3150.6</ele><time>2026-04-10T15:17:15Z</time></rtept><rtept lat="38.241005" lon="-106.560729"><ele>3147.2</ele><time>2026-04-10T15:17:15Z</time></rtept><rtept lat="38.240738" lon="-106.560821"><ele>3145.0</ele><time>2026-04-10T15:17:15Z</time></rtept><rtept lat="38.240472" lon="-106.561004"><ele>3142.0</ele><time>2026-04-10T15:17:15Z</time></rtept><rtept lat="38.239772" lon="-106.561959"><ele>3131.4</ele><time>2026-04-10T15:17:15Z</time></rtept><rtept lat="38.239409" lon="-106.562722"><ele>3125.2</ele><time>2026-04-10T15:17:15Z</time></rtept><rtept lat="38.239027" lon="-106.564049"><ele>3114.0</ele><time>2026-04-10T15:17:15Z</time></rtept><rtept lat="38.238824" lon="-106.565176"><ele>3105.6</ele><time>2026-04-10T15:17:15Z</time></rtept><rtept lat="38.238832" lon="-106.565615"><ele>3100.6</ele><time>2026-04-10T15:17:15Z</time></rtept><rtept lat="38.238979" lon="-106.565923"><ele>3097.4</ele><time>2026-04-10T15:17:15Z</time></rtept><rtept lat="38.239152" lon="-106.566221"><ele>3095.2</ele><time>2026-04-10T15:17:15Z</time></rtept><rtept lat="38.239282" lon="-106.566419"><ele>3096.8</ele><time>2026-04-10T15:17:15Z</time></rtept><rtept lat="38.239313" lon="-106.566647"><ele>3096.2</ele><time>2026-04-10T15:17:15Z</time></rtept><rtept lat="38.239331" lon="-106.566829"><ele>3096.4</ele><time>2026-04-10T15:17:15Z</time></rtept><rtept lat="38.239304" lon="-106.567076"><ele>3094.4</ele><time>2026-04-10T15:17:15Z</time></rtept><rtept lat="38.239292" lon="-106.567391"><ele>3093.4</ele><time>2026-04-10T15:17:15Z</time></rtept><rtept lat="38.239263" lon="-106.56756"><ele>3093.6</ele><time>2026-04-10T15:17:15Z</time></rtept><rtept lat="38.239003" lon="-106.56761"><ele>3091.2</ele><time>2026-04-10T15:17:15Z</time></rtept><rtept lat="38.238861" lon="-106.567639"><ele>3090.2</ele><time>2026-04-10T15:17:15Z</time></rtept><rtept lat="38.23855" lon="-106.568132"><ele>3090.4</ele><time>2026-04-10T15:17:15Z</time></rtept><rtept lat="38.238365" lon="-106.568342"><ele>3090.2</ele><time>2026-04-10T15:17:15Z</time></rtept><rtept lat="38.238161" lon="-106.568747"><ele>3089.4</ele><time>2026-04-10T15:17:15Z</time></rtept><rtept lat="38.237914" lon="-106.568902"><ele>3086.0</ele><time>2026-04-10T15:17:15Z</time></rtept><rtept lat="38.237607" lon="-106.569266"><ele>3080.6</ele><time>2026-04-10T15:17:15Z</time></rtept><rtept lat="38.237429" lon="-106.569654"><ele>3081.2</ele><time>2026-04-10T15:17:15Z</time></rtept><rtept lat="38.237063" lon="-106.570017"><ele>3076.0</ele><time>2026-04-10T15:17:15Z</time></rtept><rtept lat="38.236871" lon="-106.570258"><ele>3073.6</ele><time>2026-04-10T15:17:15Z</time></rtept><rtept lat="38.236638" lon="-106.570469"><ele>3072.0</ele><time>2026-04-10T15:17:15Z</time></rtept><rtept lat="38.236375" lon="-106.570606"><ele>3070.6</ele><time>2026-04-10T15:17:15Z</time></rtept><rtept lat="38.236155" lon="-106.570757"><ele>3068.2</ele><time>2026-04-10T15:17:15Z</time></rtept><rtept lat="38.236016" lon="-106.570924"><ele>3066.8</ele><time>2026-04-10T15:17:15Z</time></rtept><rtept lat="38.23592" lon="-106.571179"><ele>3066.4</ele><time>2026-04-10T15:17:15Z</time></rtept><rtept lat="38.235474" lon="-106.571883"><ele>3057.8</ele><time>2026-04-10T15:17:15Z</time></rtept><rtept lat="38.23542" lon="-106.572221"><ele>3057.4</ele><time>2026-04-10T15:17:15Z</time></rtept><rtept lat="38.235233" lon="-106.572437"><ele>3052.0</ele><time>2026-04-10T15:17:15Z</time></rtept><rtept lat="38.234815" lon="-106.573022"><ele>3043.8</ele><time>2026-04-10T15:17:15Z</time></rtept><rtept lat="38.234603" lon="-106.573397"><ele>3038.8</ele><time>2026-04-10T15:17:15Z</time></rtept><rtept lat="38.234293" lon="-106.574198"><ele>3030.0</ele><time>2026-04-10T15:17:15Z</time></rtept><rtept lat="38.234261" lon="-106.574553"><ele>3026.0</ele><time>2026-04-10T15:17:15Z</time></rtept><rtept lat="38.234316" lon="-106.574748"><ele>3026.4</ele><time>2026-04-10T15:17:15Z</time></rtept><rtept lat="38.234252" lon="-106.574928"><ele>3024.4</ele><time>2026-04-10T15:17:15Z</time></rtept><rtept lat="38.234196" lon="-106.574956"><ele>3024.6</ele><time>2026-04-10T15:17:15Z</time></rtept><rtept lat="38.234112" lon="-106.574954"><ele>3024.4</ele><time>2026-04-10T15:17:15Z</time></rtept><rtept lat="38.233992" lon="-106.57491"><ele>3023.0</ele><time>2026-04-10T15:17:15Z</time></rtept><rtept lat="38.23366" lon="-106.574789"><ele>3018.8</ele><time>2026-04-10T15:17:15Z</time></rtept><rtept lat="38.233537" lon="-106.574842"><ele>3018.0</ele><time>2026-04-10T15:17:15Z</time></rtept><rtept lat="38.233282" lon="-106.57505"><ele>3015.8</ele><time>2026-04-10T15:17:15Z</time></rtept><rtept lat="38.233003" lon="-106.575144"><ele>3011.2</ele><time>2026-04-10T15:17:15Z</time></rtept><rtept lat="38.232792" lon="-106.575268"><ele>3008.6</ele><time>2026-04-10T15:17:15Z</time></rtept><rtept lat="38.232446" lon="-106.575929"><ele>3002.4</ele><time>2026-04-10T15:17:15Z</time></rtept><rtept lat="38.232183" lon="-106.576618"><ele>2998.8</ele><time>2026-04-10T15:17:15Z</time></rtept><rtept lat="38.232115" lon="-106.577178"><ele>2996.2</ele><time>2026-04-10T15:17:15Z</time></rtept><rtept lat="38.232118" lon="-106.5777"><ele>2997.2</ele><time>2026-04-10T15:17:15Z</time></rtept><rtept lat="38.231874" lon="-106.578378"><ele>2993.2</ele><time>2026-04-10T15:17:15Z</time></rtept><rtept lat="38.231155" lon="-106.579446"><ele>2984.6</ele><time>2026-04-10T15:17:15Z</time></rtept><rtept lat="38.230998" lon="-106.579902"><ele>2983.8</ele><time>2026-04-10T15:17:15Z</time></rtept><rtept lat="38.230965" lon="-106.580171"><ele>2982.6</ele><time>2026-04-10T15:17:15Z</time></rtept><rtept lat="38.231009" lon="-106.580299"><ele>2983.2</ele><time>2026-04-10T15:17:15Z</time></rtept><rtept lat="38.231224" lon="-106.580441"><ele>2985.8</ele><time>2026-04-10T15:17:15Z</time></rtept><rtept lat="38.231248" lon="-106.580596"><ele>2987.0</ele><time>2026-04-10T15:17:15Z</time></rtept><rtept lat="38.231174" lon="-106.580909"><ele>2987.4</ele><time>2026-04-10T15:17:15Z</time></rtept><rtept lat="38.231174" lon="-106.580909"><ele>2987.4</ele><time>2026-04-10T15:17:15Z</time></rtept><rtept lat="38.231087" lon="-106.581275"><ele>2986.0</ele><time>2026-04-10T15:17:15Z</time></rtept><rtept lat="38.23092" lon="-106.581335"><ele>2987.0</ele><time>2026-04-10T15:17:15Z</time></rtept><rtept lat="38.231047" lon="-106.581471"><ele>2987.8</ele><time>2026-04-10T15:17:15Z</time></rtept><rtept lat="38.231392" lon="-106.581599"><ele>2992.4</ele><time>2026-04-10T15:17:15Z</time></rtept><rtept lat="38.231952" lon="-106.581992"><ele>3004.8</ele><time>2026-04-10T15:17:15Z</time></rtept><rtept lat="38.232088" lon="-106.582531"><ele>3007.6</ele><time>2026-04-10T15:17:15Z</time></rtept><rtept lat="38.232375" lon="-106.582833"><ele>3012.4</ele><time>2026-04-10T15:17:15Z</time></rtept><rtept lat="38.232576" lon="-106.582933"><ele>3015.4</ele><time>2026-04-10T15:17:15Z</time></rtept><rtept lat="38.232576" lon="-106.583162"><ele>3015.4</ele><time>2026-04-10T15:17:15Z</time></rtept><rtept lat="38.232748" lon="-106.58371"><ele>3022.2</ele><time>2026-04-10T15:17:15Z</time></rtept><rtept lat="38.232612" lon="-106.584048"><ele>3021.2</ele><time>2026-04-10T15:17:15Z</time></rtept><rtept lat="38.232174" lon="-106.584688"><ele>3013.6</ele><time>2026-04-10T15:17:15Z</time></rtept><rtept lat="38.231822" lon="-106.585026"><ele>3011.8</ele><time>2026-04-10T15:17:15Z</time></rtept><rtept lat="38.23155" lon="-106.585126"><ele>3009.8</ele><time>2026-04-10T15:17:15Z</time></rtept><rtept lat="38.231061" lon="-106.585939"><ele>2998.8</ele><time>2026-04-10T15:17:15Z</time></rtept><rtept lat="38.230997" lon="-106.586561"><ele>2996.6</ele><time>2026-04-10T15:17:15Z</time></rtept><rtept lat="38.230939" lon="-106.587118"><ele>2994.6</ele><time>2026-04-10T15:17:15Z</time></rtept><rtept lat="38.230459" lon="-106.587721"><ele>2988.0</ele><time>2026-04-10T15:17:15Z</time></rtept><rtept lat="38.230394" lon="-106.587913"><ele>2987.2</ele><time>2026-04-10T15:17:15Z</time></rtept><rtept lat="38.230444" lon="-106.588151"><ele>2988.0</ele><time>2026-04-10T15:17:15Z</time></rtept><rtept lat="38.23071" lon="-106.588662"><ele>2991.8</ele><time>2026-04-10T15:17:15Z</time></rtept><rtept lat="38.230789" lon="-106.589074"><ele>2992.6</ele><time>2026-04-10T15:17:15Z</time></rtept><rtept lat="38.230731" lon="-106.589841"><ele>2992.4</ele><time>2026-04-10T15:17:15Z</time></rtept><rtept lat="38.230767" lon="-106.590472"><ele>2994.6</ele><time>2026-04-10T15:17:15Z</time></rtept><rtept lat="38.230595" lon="-106.59123"><ele>2992.4</ele><time>2026-04-10T15:17:15Z</time></rtept><rtept lat="38.230473" lon="-106.592418"><ele>2987.4</ele><time>2026-04-10T15:17:15Z</time></rtept><rtept lat="38.230279" lon="-106.593057"><ele>2981.6</ele><time>2026-04-10T15:17:15Z</time></rtept><rtept lat="38.229805" lon="-106.593377"><ele>2975.6</ele><time>2026-04-10T15:17:15Z</time></rtept><rtept lat="38.229497" lon="-106.593487"><ele>2971.8</ele><time>2026-04-10T15:17:15Z</time></rtept><rtept lat="38.22903" lon="-106.593432"><ele>2966.0</ele><time>2026-04-10T15:17:15Z</time></rtept><rtept lat="38.228585" lon="-106.593505"><ele>2960.6</ele><time>2026-04-10T15:17:15Z</time></rtept><rtept lat="38.22837" lon="-106.593688"><ele>2958.0</ele><time>2026-04-10T15:17:15Z</time></rtept><rtept lat="38.228097" lon="-106.593989"><ele>2953.4</ele><time>2026-04-10T15:17:15Z</time></rtept><rtept lat="38.227783" lon="-106.594161"><ele>2948.4</ele><time>2026-04-10T15:17:15Z</time></rtept><rtept lat="38.227269" lon="-106.594279"><ele>2940.8</ele><time>2026-04-10T15:17:15Z</time></rtept><rtept lat="38.227611" lon="-106.594427"><ele>2943.6</ele><time>2026-04-10T15:17:15Z</time></rtept><rtept lat="38.227836" lon="-106.594513"><ele>2946.2</ele><time>2026-04-10T15:17:15Z</time></rtept><rtept lat="38.227955" lon="-106.594658"><ele>2947.8</ele><time>2026-04-10T15:17:15Z</time></rtept><rtept lat="38.227955" lon="-106.594658"><ele>2947.8</ele><time>2026-04-10T15:17:15Z</time></rtept><rtept lat="38.227836" lon="-106.594513"><ele>2946.2</ele><time>2026-04-10T15:17:15Z</time></rtept><rtept lat="38.227611" lon="-106.594427"><ele>2943.6</ele><time>2026-04-10T15:17:15Z</time></rtept><rtept lat="38.227269" lon="-106.594279"><ele>2940.8</ele><time>2026-04-10T15:17:15Z</time></rtept><rtept lat="38.226646" lon="-106.593885"><ele>2937.0</ele><time>2026-04-10T15:17:15Z</time></rtept><rtept lat="38.226369" lon="-106.59378"><ele>2934.0</ele><time>2026-04-10T15:17:15Z</time></rtept><rtept lat="38.2261" lon="-106.593494"><ele>2932.6</ele><time>2026-04-10T15:17:15Z</time></rtept><rtept lat="38.225733" lon="-106.592818"><ele>2931.2</ele><time>2026-04-10T15:17:15Z</time></rtept><rtept lat="38.225621" lon="-106.592427"><ele>2930.4</ele><time>2026-04-10T15:17:15Z</time></rtept><rtept lat="38.225688" lon="-106.592199"><ele>2931.4</ele><time>2026-04-10T15:17:15Z</time></rtept><rtept lat="38.225696" lon="-106.592037"><ele>2931.8</ele><time>2026-04-10T15:17:15Z</time></rtept><rtept lat="38.225636" lon="-106.591913"><ele>2932.8</ele><time>2026-04-10T15:17:15Z</time></rtept><rtept lat="38.225531" lon="-106.591894"><ele>2933.0</ele><time>2026-04-10T15:17:15Z</time></rtept><rtept lat="38.225352" lon="-106.591961"><ele>2932.6</ele><time>2026-04-10T15:17:15Z</time></rtept><rtept lat="38.225157" lon="-106.591989"><ele>2933.2</ele><time>2026-04-10T15:17:15Z</time></rtept><rtept lat="38.224738" lon="-106.591808"><ele>2935.8</ele><time>2026-04-10T15:17:15Z</time></rtept><rtept lat="38.224379" lon="-106.591627"><ele>2937.0</ele><time>2026-04-10T15:17:15Z</time></rtept><rtept lat="38.224077" lon="-106.59169"><ele>2933.4</ele><time>2026-04-10T15:17:15Z</time></rtept><rtept lat="38.224053" lon="-106.591705"><ele>2933.4</ele><time>2026-04-10T15:17:15Z</time></rtept><rtept lat="38.223938" lon="-106.591395"><ele>2936.0</ele><time>2026-04-10T15:17:15Z</time></rtept><rtept lat="38.223858" lon="-106.591181"><ele>2937.0</ele><time>2026-04-10T15:17:15Z</time></rtept></rte></gpx>