<?xml version="1.0" ?><gpx xmlns="http://www.topografix.com/GPX/1/1" creator="GaiaGPS" version="1.1" xmlns:xsi="http://www.w3.org/2001/XMLSchema-instance" xsi:schemaLocation="http://www.topografix.com/GPX/1/1 http://www.topografix.com/GPX/1/1/gpx.xsd"><rte><name>TD12:S3:D3 La Garita Wilderness to Willow Cr Headwaters</name><desc></desc><extensions><line xmlns="http://www.topografix.com/GPX/gpx_style/0/2"><color>0479FF</color></line></extensions><rtept lat="37.974482" lon="-106.899747"><ele>3537.6</ele><time>2026-04-10T15:30:11Z</time></rtept><rtept lat="37.974315" lon="-106.899738"><ele>3536.0</ele><time>2026-04-10T15:30:11Z</time></rtept><rtept lat="37.97431" lon="-106.899898"><ele>3536.0</ele><time>2026-04-10T15:30:11Z</time></rtept><rtept lat="37.974414" lon="-106.900085"><ele>3538.2</ele><time>2026-04-10T15:30:11Z</time></rtept><rtept lat="37.974449" lon="-106.900135"><ele>3539.0</ele><time>2026-04-10T15:30:11Z</time></rtept><rtept lat="37.974499" lon="-106.900162"><ele>3539.0</ele><time>2026-04-10T15:30:11Z</time></rtept><rtept lat="37.974599" lon="-106.900354"><ele>3540.6</ele><time>2026-04-10T15:30:11Z</time></rtept><rtept lat="37.974843" lon="-106.900575"><ele>3543.0</ele><time>2026-04-10T15:30:11Z</time></rtept><rtept lat="37.975019" lon="-106.900964"><ele>3547.2</ele><time>2026-04-10T15:30:11Z</time></rtept><rtept lat="37.97503" lon="-106.901314"><ele>3550.0</ele><time>2026-04-10T15:30:11Z</time></rtept><rtept lat="37.975111" lon="-106.901742"><ele>3554.4</ele><time>2026-04-10T15:30:11Z</time></rtept><rtept lat="37.975247" lon="-106.902141"><ele>3560.6</ele><time>2026-04-10T15:30:11Z</time></rtept><rtept lat="37.975479" lon="-106.902665"><ele>3568.8</ele><time>2026-04-10T15:30:11Z</time></rtept><rtept lat="37.975633" lon="-106.902776"><ele>3572.6</ele><time>2026-04-10T15:30:11Z</time></rtept><rtept lat="37.975592" lon="-106.903033"><ele>3572.4</ele><time>2026-04-10T15:30:11Z</time></rtept><rtept lat="37.975622" lon="-106.903304"><ele>3575.4</ele><time>2026-04-10T15:30:11Z</time></rtept><rtept lat="37.975665" lon="-106.903828"><ele>3576.2</ele><time>2026-04-10T15:30:11Z</time></rtept><rtept lat="37.975676" lon="-106.904322"><ele>3582.6</ele><time>2026-04-10T15:30:11Z</time></rtept><rtept lat="37.975615" lon="-106.904771"><ele>3582.0</ele><time>2026-04-10T15:30:11Z</time></rtept><rtept lat="37.975631" lon="-106.904915"><ele>3582.6</ele><time>2026-04-10T15:30:11Z</time></rtept><rtept lat="37.975603" lon="-106.905274"><ele>3583.6</ele><time>2026-04-10T15:30:11Z</time></rtept><rtept lat="37.97562" lon="-106.905588"><ele>3582.4</ele><time>2026-04-10T15:30:11Z</time></rtept><rtept lat="37.975698" lon="-106.90588"><ele>3581.4</ele><time>2026-04-10T15:30:11Z</time></rtept><rtept lat="37.975682" lon="-106.905948"><ele>3580.6</ele><time>2026-04-10T15:30:11Z</time></rtept><rtept lat="37.975635" lon="-106.906153"><ele>3580.4</ele><time>2026-04-10T15:30:11Z</time></rtept><rtept lat="37.975685" lon="-106.906505"><ele>3587.4</ele><time>2026-04-10T15:30:11Z</time></rtept><rtept lat="37.975727" lon="-106.907222"><ele>3591.4</ele><time>2026-04-10T15:30:11Z</time></rtept><rtept lat="37.975796" lon="-106.908226"><ele>3602.4</ele><time>2026-04-10T15:30:11Z</time></rtept><rtept lat="37.975782" lon="-106.909085"><ele>3612.8</ele><time>2026-04-10T15:30:11Z</time></rtept><rtept lat="37.975826" lon="-106.909981"><ele>3623.8</ele><time>2026-04-10T15:30:11Z</time></rtept><rtept lat="37.97584" lon="-106.910805"><ele>3634.8</ele><time>2026-04-10T15:30:11Z</time></rtept><rtept lat="37.975895" lon="-106.911666"><ele>3645.8</ele><time>2026-04-10T15:30:11Z</time></rtept><rtept lat="37.975974" lon="-106.912294"><ele>3653.0</ele><time>2026-04-10T15:30:11Z</time></rtept><rtept lat="37.976046" lon="-106.912725"><ele>3661.0</ele><time>2026-04-10T15:30:11Z</time></rtept><rtept lat="37.976171" lon="-106.913162"><ele>3667.4</ele><time>2026-04-10T15:30:11Z</time></rtept><rtept lat="37.976175" lon="-106.913392"><ele>3668.2</ele><time>2026-04-10T15:30:11Z</time></rtept><rtept lat="37.976303" lon="-106.913631"><ele>3672.4</ele><time>2026-04-10T15:30:11Z</time></rtept><rtept lat="37.976581" lon="-106.913997"><ele>3681.2</ele><time>2026-04-10T15:30:11Z</time></rtept><rtept lat="37.976866" lon="-106.914651"><ele>3692.8</ele><time>2026-04-10T15:30:11Z</time></rtept><rtept lat="37.976801" lon="-106.914806"><ele>3694.0</ele><time>2026-04-10T15:30:11Z</time></rtept><rtept lat="37.976753" lon="-106.914851"><ele>3695.4</ele><time>2026-04-10T15:30:11Z</time></rtept><rtept lat="37.97666" lon="-106.914983"><ele>3697.0</ele><time>2026-04-10T15:30:11Z</time></rtept><rtept lat="37.976623" lon="-106.915036"><ele>3697.8</ele><time>2026-04-10T15:30:11Z</time></rtept><rtept lat="37.976472" lon="-106.915462"><ele>3700.6</ele><time>2026-04-10T15:30:11Z</time></rtept><rtept lat="37.97617" lon="-106.915947"><ele>3705.4</ele><time>2026-04-10T15:30:11Z</time></rtept><rtept lat="37.976008" lon="-106.916422"><ele>3712.6</ele><time>2026-04-10T15:30:11Z</time></rtept><rtept lat="37.975545" lon="-106.916726"><ele>3717.4</ele><time>2026-04-10T15:30:11Z</time></rtept><rtept lat="37.975375" lon="-106.916791"><ele>3715.8</ele><time>2026-04-10T15:30:11Z</time></rtept><rtept lat="37.975042" lon="-106.916965"><ele>3716.0</ele><time>2026-04-10T15:30:11Z</time></rtept><rtept lat="37.974915" lon="-106.917046"><ele>3716.0</ele><time>2026-04-10T15:30:11Z</time></rtept><rtept lat="37.974849" lon="-106.917194"><ele>3718.4</ele><time>2026-04-10T15:30:11Z</time></rtept><rtept lat="37.974547" lon="-106.917638"><ele>3727.6</ele><time>2026-04-10T15:30:11Z</time></rtept><rtept lat="37.974326" lon="-106.917937"><ele>3732.2</ele><time>2026-04-10T15:30:11Z</time></rtept><rtept lat="37.974091" lon="-106.918176"><ele>3732.6</ele><time>2026-04-10T15:30:11Z</time></rtept><rtept lat="37.973944" lon="-106.918515"><ele>3737.2</ele><time>2026-04-10T15:30:11Z</time></rtept><rtept lat="37.973754" lon="-106.9188"><ele>3742.4</ele><time>2026-04-10T15:30:11Z</time></rtept><rtept lat="37.973535" lon="-106.919002"><ele>3744.8</ele><time>2026-04-10T15:30:11Z</time></rtept><rtept lat="37.97349" lon="-106.919148"><ele>3748.6</ele><time>2026-04-10T15:30:11Z</time></rtept><rtept lat="37.973416" lon="-106.919385"><ele>3755.0</ele><time>2026-04-10T15:30:11Z</time></rtept><rtept lat="37.973384" lon="-106.919656"><ele>3761.0</ele><time>2026-04-10T15:30:11Z</time></rtept><rtept lat="37.97321" lon="-106.919817"><ele>3763.0</ele><time>2026-04-10T15:30:11Z</time></rtept><rtept lat="37.972971" lon="-106.920086"><ele>3766.8</ele><time>2026-04-10T15:30:11Z</time></rtept><rtept lat="37.972845" lon="-106.920312"><ele>3769.4</ele><time>2026-04-10T15:30:11Z</time></rtept><rtept lat="37.973203" lon="-106.920455"><ele>3775.8</ele><time>2026-04-10T15:30:11Z</time></rtept><rtept lat="37.973271" lon="-106.920536"><ele>3778.2</ele><time>2026-04-10T15:30:11Z</time></rtept><rtept lat="37.973526" lon="-106.920643"><ele>3784.0</ele><time>2026-04-10T15:30:11Z</time></rtept><rtept lat="37.973707" lon="-106.92061"><ele>3788.8</ele><time>2026-04-10T15:30:11Z</time></rtept><rtept lat="37.973455" lon="-106.921032"><ele>3794.2</ele><time>2026-04-10T15:30:11Z</time></rtept><rtept lat="37.973148" lon="-106.921339"><ele>3796.8</ele><time>2026-04-10T15:30:11Z</time></rtept><rtept lat="37.972803" lon="-106.921762"><ele>3803.2</ele><time>2026-04-10T15:30:11Z</time></rtept><rtept lat="37.972664" lon="-106.922085"><ele>3810.6</ele><time>2026-04-10T15:30:11Z</time></rtept><rtept lat="37.972563" lon="-106.92227"><ele>3815.0</ele><time>2026-04-10T15:30:11Z</time></rtept><rtept lat="37.97246" lon="-106.922352"><ele>3816.8</ele><time>2026-04-10T15:30:11Z</time></rtept><rtept lat="37.97234" lon="-106.9225"><ele>3820.4</ele><time>2026-04-10T15:30:11Z</time></rtept><rtept lat="37.972296" lon="-106.922648"><ele>3823.8</ele><time>2026-04-10T15:30:11Z</time></rtept><rtept lat="37.972262" lon="-106.923202"><ele>3831.8</ele><time>2026-04-10T15:30:11Z</time></rtept><rtept lat="37.972188" lon="-106.923577"><ele>3837.2</ele><time>2026-04-10T15:30:11Z</time></rtept><rtept lat="37.972086" lon="-106.923905"><ele>3842.4</ele><time>2026-04-10T15:30:11Z</time></rtept><rtept lat="37.972046" lon="-106.923979"><ele>3843.6</ele><time>2026-04-10T15:30:11Z</time></rtept><rtept lat="37.971966" lon="-106.924068"><ele>3844.6</ele><time>2026-04-10T15:30:11Z</time></rtept><rtept lat="37.971885" lon="-106.924114"><ele>3845.4</ele><time>2026-04-10T15:30:11Z</time></rtept><rtept lat="37.97172" lon="-106.924303"><ele>3846.0</ele><time>2026-04-10T15:30:11Z</time></rtept><rtept lat="37.971838" lon="-106.924447"><ele>3846.6</ele><time>2026-04-10T15:30:11Z</time></rtept><rtept lat="37.972003" lon="-106.924608"><ele>3848.0</ele><time>2026-04-10T15:30:11Z</time></rtept><rtept lat="37.972003" lon="-106.924608"><ele>3848.0</ele><time>2026-04-10T15:30:11Z</time></rtept><rtept lat="37.971838" lon="-106.924447"><ele>3846.6</ele><time>2026-04-10T15:30:11Z</time></rtept><rtept lat="37.97172" lon="-106.924303"><ele>3846.0</ele><time>2026-04-10T15:30:11Z</time></rtept><rtept lat="37.971586" lon="-106.924262"><ele>3846.0</ele><time>2026-04-10T15:30:11Z</time></rtept><rtept lat="37.971104" lon="-106.924108"><ele>3843.2</ele><time>2026-04-10T15:30:11Z</time></rtept><rtept lat="37.970764" lon="-106.924206"><ele>3837.0</ele><time>2026-04-10T15:30:11Z</time></rtept><rtept lat="37.970708" lon="-106.924062"><ele>3842.2</ele><time>2026-04-10T15:30:11Z</time></rtept><rtept lat="37.970459" lon="-106.923876"><ele>3840.8</ele><time>2026-04-10T15:30:11Z</time></rtept><rtept lat="37.970142" lon="-106.923975"><ele>3834.2</ele><time>2026-04-10T15:30:11Z</time></rtept><rtept lat="37.96998" lon="-106.924145"><ele>3823.4</ele><time>2026-04-10T15:30:11Z</time></rtept><rtept lat="37.969658" lon="-106.924106"><ele>3823.8</ele><time>2026-04-10T15:30:11Z</time></rtept><rtept lat="37.969336" lon="-106.924183"><ele>3820.0</ele><time>2026-04-10T15:30:11Z</time></rtept><rtept lat="37.969072" lon="-106.924184"><ele>3819.4</ele><time>2026-04-10T15:30:11Z</time></rtept><rtept lat="37.96875" lon="-106.92428"><ele>3814.6</ele><time>2026-04-10T15:30:11Z</time></rtept><rtept lat="37.968298" lon="-106.924402"><ele>3810.6</ele><time>2026-04-10T15:30:11Z</time></rtept><rtept lat="37.96785" lon="-106.92442"><ele>3807.8</ele><time>2026-04-10T15:30:11Z</time></rtept><rtept lat="37.96777" lon="-106.924428"><ele>3807.8</ele><time>2026-04-10T15:30:11Z</time></rtept><rtept lat="37.96749" lon="-106.92438"><ele>3805.2</ele><time>2026-04-10T15:30:11Z</time></rtept><rtept lat="37.967254" lon="-106.924301"><ele>3800.4</ele><time>2026-04-10T15:30:11Z</time></rtept><rtept lat="37.967131" lon="-106.924057"><ele>3806.0</ele><time>2026-04-10T15:30:11Z</time></rtept><rtept lat="37.96695" lon="-106.924173"><ele>3804.4</ele><time>2026-04-10T15:30:11Z</time></rtept><rtept lat="37.966771" lon="-106.924461"><ele>3801.0</ele><time>2026-04-10T15:30:11Z</time></rtept><rtept lat="37.966661" lon="-106.924705"><ele>3799.4</ele><time>2026-04-10T15:30:11Z</time></rtept><rtept lat="37.966528" lon="-106.925062"><ele>3797.6</ele><time>2026-04-10T15:30:11Z</time></rtept><rtept lat="37.966435" lon="-106.92522"><ele>3797.2</ele><time>2026-04-10T15:30:11Z</time></rtept><rtept lat="37.966376" lon="-106.92556"><ele>3794.4</ele><time>2026-04-10T15:30:11Z</time></rtept><rtept lat="37.966373" lon="-106.925816"><ele>3791.4</ele><time>2026-04-10T15:30:11Z</time></rtept><rtept lat="37.966387" lon="-106.926018"><ele>3790.2</ele><time>2026-04-10T15:30:11Z</time></rtept><rtept lat="37.966338" lon="-106.926203"><ele>3789.6</ele><time>2026-04-10T15:30:11Z</time></rtept><rtept lat="37.966269" lon="-106.926861"><ele>3786.2</ele><time>2026-04-10T15:30:11Z</time></rtept><rtept lat="37.966279" lon="-106.927156"><ele>3783.6</ele><time>2026-04-10T15:30:11Z</time></rtept><rtept lat="37.966313" lon="-106.927269"><ele>3783.4</ele><time>2026-04-10T15:30:11Z</time></rtept><rtept lat="37.966288" lon="-106.927416"><ele>3783.0</ele><time>2026-04-10T15:30:11Z</time></rtept><rtept lat="37.966344" lon="-106.927454"><ele>3780.2</ele><time>2026-04-10T15:30:11Z</time></rtept><rtept lat="37.966369" lon="-106.927603"><ele>3780.8</ele><time>2026-04-10T15:30:11Z</time></rtept><rtept lat="37.966425" lon="-106.928152"><ele>3779.8</ele><time>2026-04-10T15:30:11Z</time></rtept><rtept lat="37.966317" lon="-106.928505"><ele>3780.4</ele><time>2026-04-10T15:30:11Z</time></rtept><rtept lat="37.966226" lon="-106.928733"><ele>3777.0</ele><time>2026-04-10T15:30:11Z</time></rtept><rtept lat="37.966244" lon="-106.929"><ele>3768.6</ele><time>2026-04-10T15:30:11Z</time></rtept><rtept lat="37.966154" lon="-106.929236"><ele>3767.8</ele><time>2026-04-10T15:30:11Z</time></rtept><rtept lat="37.966053" lon="-106.929438"><ele>3768.8</ele><time>2026-04-10T15:30:11Z</time></rtept><rtept lat="37.965949" lon="-106.929507"><ele>3769.6</ele><time>2026-04-10T15:30:11Z</time></rtept><rtept lat="37.965846" lon="-106.929749"><ele>3771.0</ele><time>2026-04-10T15:30:11Z</time></rtept><rtept lat="37.965794" lon="-106.929768"><ele>3768.0</ele><time>2026-04-10T15:30:11Z</time></rtept><rtept lat="37.965682" lon="-106.930057"><ele>3769.4</ele><time>2026-04-10T15:30:11Z</time></rtept><rtept lat="37.965601" lon="-106.930365"><ele>3764.0</ele><time>2026-04-10T15:30:11Z</time></rtept><rtept lat="37.965605" lon="-106.930596"><ele>3761.2</ele><time>2026-04-10T15:30:11Z</time></rtept><rtept lat="37.96553" lon="-106.930809"><ele>3758.6</ele><time>2026-04-10T15:30:11Z</time></rtept><rtept lat="37.965397" lon="-106.930973"><ele>3761.0</ele><time>2026-04-10T15:30:11Z</time></rtept><rtept lat="37.965274" lon="-106.931181"><ele>3763.6</ele><time>2026-04-10T15:30:11Z</time></rtept><rtept lat="37.96514" lon="-106.931299"><ele>3769.4</ele><time>2026-04-10T15:30:11Z</time></rtept><rtept lat="37.964994" lon="-106.931611"><ele>3767.6</ele><time>2026-04-10T15:30:11Z</time></rtept><rtept lat="37.96494" lon="-106.932073"><ele>3764.2</ele><time>2026-04-10T15:30:11Z</time></rtept><rtept lat="37.964932" lon="-106.932574"><ele>3763.0</ele><time>2026-04-10T15:30:11Z</time></rtept><rtept lat="37.964979" lon="-106.932969"><ele>3761.4</ele><time>2026-04-10T15:30:11Z</time></rtept><rtept lat="37.965084" lon="-106.933437"><ele>3761.2</ele><time>2026-04-10T15:30:11Z</time></rtept><rtept lat="37.965248" lon="-106.933871"><ele>3759.2</ele><time>2026-04-10T15:30:11Z</time></rtept><rtept lat="37.965244" lon="-106.934121"><ele>3765.0</ele><time>2026-04-10T15:30:11Z</time></rtept><rtept lat="37.965236" lon="-106.934587"><ele>3766.2</ele><time>2026-04-10T15:30:11Z</time></rtept><rtept lat="37.965145" lon="-106.934942"><ele>3766.6</ele><time>2026-04-10T15:30:11Z</time></rtept><rtept lat="37.965138" lon="-106.935372"><ele>3767.2</ele><time>2026-04-10T15:30:11Z</time></rtept><rtept lat="37.965277" lon="-106.935662"><ele>3765.0</ele><time>2026-04-10T15:30:11Z</time></rtept><rtept lat="37.965412" lon="-106.935952"><ele>3765.6</ele><time>2026-04-10T15:30:11Z</time></rtept><rtept lat="37.965603" lon="-106.936394"><ele>3763.8</ele><time>2026-04-10T15:30:11Z</time></rtept><rtept lat="37.965733" lon="-106.937005"><ele>3755.0</ele><time>2026-04-10T15:30:11Z</time></rtept><rtept lat="37.965894" lon="-106.937618"><ele>3766.2</ele><time>2026-04-10T15:30:11Z</time></rtept><rtept lat="37.966198" lon="-106.938056"><ele>3767.4</ele><time>2026-04-10T15:30:11Z</time></rtept><rtept lat="37.966427" lon="-106.938432"><ele>3771.6</ele><time>2026-04-10T15:30:11Z</time></rtept><rtept lat="37.966378" lon="-106.938654"><ele>3772.4</ele><time>2026-04-10T15:30:11Z</time></rtept><rtept lat="37.96618" lon="-106.93881"><ele>3769.2</ele><time>2026-04-10T15:30:11Z</time></rtept><rtept lat="37.965954" lon="-106.938892"><ele>3765.6</ele><time>2026-04-10T15:30:11Z</time></rtept><rtept lat="37.965876" lon="-106.93892"><ele>3765.2</ele><time>2026-04-10T15:30:11Z</time></rtept><rtept lat="37.965929" lon="-106.939051"><ele>3760.2</ele><time>2026-04-10T15:30:11Z</time></rtept><rtept lat="37.966039" lon="-106.939233"><ele>3754.8</ele><time>2026-04-10T15:30:11Z</time></rtept><rtept lat="37.966175" lon="-106.939452"><ele>3750.8</ele><time>2026-04-10T15:30:11Z</time></rtept><rtept lat="37.966231" lon="-106.939535"><ele>3749.0</ele><time>2026-04-10T15:30:11Z</time></rtept><rtept lat="37.966169" lon="-106.939576"><ele>3745.8</ele><time>2026-04-10T15:30:11Z</time></rtept><rtept lat="37.965974" lon="-106.939625"><ele>3743.6</ele><time>2026-04-10T15:30:11Z</time></rtept><rtept lat="37.965712" lon="-106.939651"><ele>3737.6</ele><time>2026-04-10T15:30:11Z</time></rtept><rtept lat="37.965438" lon="-106.939611"><ele>3735.6</ele><time>2026-04-10T15:30:11Z</time></rtept><rtept lat="37.965155" lon="-106.939532"><ele>3733.2</ele><time>2026-04-10T15:30:11Z</time></rtept><rtept lat="37.964761" lon="-106.939414"><ele>3729.2</ele><time>2026-04-10T15:30:11Z</time></rtept><rtept lat="37.964337" lon="-106.939403"><ele>3723.4</ele><time>2026-04-10T15:30:11Z</time></rtept><rtept lat="37.963909" lon="-106.939392"><ele>3715.4</ele><time>2026-04-10T15:30:11Z</time></rtept><rtept lat="37.963643" lon="-106.93948"><ele>3710.0</ele><time>2026-04-10T15:30:11Z</time></rtept><rtept lat="37.963411" lon="-106.939418"><ele>3712.4</ele><time>2026-04-10T15:30:11Z</time></rtept><rtept lat="37.963057" lon="-106.939691"><ele>3704.0</ele><time>2026-04-10T15:30:11Z</time></rtept><rtept lat="37.96277" lon="-106.939899"><ele>3699.2</ele><time>2026-04-10T15:30:11Z</time></rtept><rtept lat="37.962511" lon="-106.940035"><ele>3698.2</ele><time>2026-04-10T15:30:11Z</time></rtept><rtept lat="37.962254" lon="-106.940064"><ele>3696.6</ele><time>2026-04-10T15:30:11Z</time></rtept><rtept lat="37.962054" lon="-106.940104"><ele>3697.0</ele><time>2026-04-10T15:30:11Z</time></rtept><rtept lat="37.961821" lon="-106.940208"><ele>3695.0</ele><time>2026-04-10T15:30:11Z</time></rtept><rtept lat="37.961614" lon="-106.940301"><ele>3693.6</ele><time>2026-04-10T15:30:11Z</time></rtept><rtept lat="37.961515" lon="-106.94036"><ele>3693.0</ele><time>2026-04-10T15:30:11Z</time></rtept><rtept lat="37.961458" lon="-106.940357"><ele>3693.0</ele><time>2026-04-10T15:30:11Z</time></rtept><rtept lat="37.961524" lon="-106.940563"><ele>3689.4</ele><time>2026-04-10T15:30:11Z</time></rtept><rtept lat="37.961561" lon="-106.940833"><ele>3686.6</ele><time>2026-04-10T15:30:11Z</time></rtept><rtept lat="37.961641" lon="-106.941158"><ele>3684.8</ele><time>2026-04-10T15:30:11Z</time></rtept><rtept lat="37.961636" lon="-106.941444"><ele>3685.8</ele><time>2026-04-10T15:30:11Z</time></rtept><rtept lat="37.961627" lon="-106.941981"><ele>3684.2</ele><time>2026-04-10T15:30:11Z</time></rtept><rtept lat="37.961573" lon="-106.942179"><ele>3684.4</ele><time>2026-04-10T15:30:11Z</time></rtept><rtept lat="37.961583" lon="-106.942482"><ele>3681.4</ele><time>2026-04-10T15:30:11Z</time></rtept><rtept lat="37.961637" lon="-106.942756"><ele>3678.4</ele><time>2026-04-10T15:30:11Z</time></rtept><rtept lat="37.96174" lon="-106.942952"><ele>3675.0</ele><time>2026-04-10T15:30:11Z</time></rtept><rtept lat="37.962005" lon="-106.943264"><ele>3672.4</ele><time>2026-04-10T15:30:11Z</time></rtept><rtept lat="37.96228" lon="-106.943711"><ele>3669.2</ele><time>2026-04-10T15:30:11Z</time></rtept><rtept lat="37.962469" lon="-106.944034"><ele>3670.0</ele><time>2026-04-10T15:30:11Z</time></rtept><rtept lat="37.962571" lon="-106.944126"><ele>3668.2</ele><time>2026-04-10T15:30:11Z</time></rtept><rtept lat="37.962653" lon="-106.944221"><ele>3667.2</ele><time>2026-04-10T15:30:11Z</time></rtept><rtept lat="37.962699" lon="-106.944368"><ele>3666.6</ele><time>2026-04-10T15:30:11Z</time></rtept><rtept lat="37.962776" lon="-106.944501"><ele>3664.6</ele><time>2026-04-10T15:30:11Z</time></rtept><rtept lat="37.962768" lon="-106.944719"><ele>3665.2</ele><time>2026-04-10T15:30:11Z</time></rtept><rtept lat="37.962805" lon="-106.944929"><ele>3665.2</ele><time>2026-04-10T15:30:11Z</time></rtept><rtept lat="37.962797" lon="-106.945217"><ele>3666.4</ele><time>2026-04-10T15:30:11Z</time></rtept><rtept lat="37.962802" lon="-106.945353"><ele>3666.6</ele><time>2026-04-10T15:30:11Z</time></rtept><rtept lat="37.962788" lon="-106.945441"><ele>3666.6</ele><time>2026-04-10T15:30:11Z</time></rtept><rtept lat="37.962737" lon="-106.945564"><ele>3669.0</ele><time>2026-04-10T15:30:11Z</time></rtept><rtept lat="37.96278" lon="-106.945824"><ele>3668.2</ele><time>2026-04-10T15:30:11Z</time></rtept><rtept lat="37.962841" lon="-106.946165"><ele>3668.4</ele><time>2026-04-10T15:30:11Z</time></rtept><rtept lat="37.962918" lon="-106.946475"><ele>3666.6</ele><time>2026-04-10T15:30:11Z</time></rtept><rtept lat="37.962865" lon="-106.946709"><ele>3668.8</ele><time>2026-04-10T15:30:11Z</time></rtept><rtept lat="37.962832" lon="-106.947074"><ele>3663.6</ele><time>2026-04-10T15:30:11Z</time></rtept><rtept lat="37.962694" lon="-106.947293"><ele>3664.6</ele><time>2026-04-10T15:30:11Z</time></rtept><rtept lat="37.962737" lon="-106.947391"><ele>3666.8</ele><time>2026-04-10T15:30:11Z</time></rtept><rtept lat="37.962796" lon="-106.94745"><ele>3667.6</ele><time>2026-04-10T15:30:11Z</time></rtept><rtept lat="37.963075" lon="-106.947713"><ele>3666.2</ele><time>2026-04-10T15:30:11Z</time></rtept><rtept lat="37.963373" lon="-106.948047"><ele>3663.4</ele><time>2026-04-10T15:30:11Z</time></rtept><rtept lat="37.963697" lon="-106.948417"><ele>3662.8</ele><time>2026-04-10T15:30:11Z</time></rtept><rtept lat="37.964116" lon="-106.948767"><ele>3661.8</ele><time>2026-04-10T15:30:11Z</time></rtept><rtept lat="37.964367" lon="-106.948878"><ele>3658.0</ele><time>2026-04-10T15:30:11Z</time></rtept><rtept lat="37.964487" lon="-106.949146"><ele>3659.8</ele><time>2026-04-10T15:30:11Z</time></rtept><rtept lat="37.964694" lon="-106.949453"><ele>3659.0</ele><time>2026-04-10T15:30:11Z</time></rtept><rtept lat="37.965239" lon="-106.949894"><ele>3654.2</ele><time>2026-04-10T15:30:11Z</time></rtept><rtept lat="37.965687" lon="-106.950156"><ele>3646.4</ele><time>2026-04-10T15:30:11Z</time></rtept><rtept lat="37.965908" lon="-106.950663"><ele>3648.2</ele><time>2026-04-10T15:30:11Z</time></rtept><rtept lat="37.966129" lon="-106.951016"><ele>3641.6</ele><time>2026-04-10T15:30:11Z</time></rtept><rtept lat="37.966324" lon="-106.951368"><ele>3640.2</ele><time>2026-04-10T15:30:11Z</time></rtept><rtept lat="37.966538" lon="-106.951849"><ele>3636.0</ele><time>2026-04-10T15:30:11Z</time></rtept><rtept lat="37.966697" lon="-106.952088"><ele>3638.0</ele><time>2026-04-10T15:30:11Z</time></rtept><rtept lat="37.966984" lon="-106.952374"><ele>3635.2</ele><time>2026-04-10T15:30:11Z</time></rtept><rtept lat="37.967174" lon="-106.952845"><ele>3635.4</ele><time>2026-04-10T15:30:11Z</time></rtept><rtept lat="37.967321" lon="-106.953328"><ele>3632.0</ele><time>2026-04-10T15:30:11Z</time></rtept><rtept lat="37.967358" lon="-106.953567"><ele>3632.8</ele><time>2026-04-10T15:30:11Z</time></rtept><rtept lat="37.967675" lon="-106.954078"><ele>3633.0</ele><time>2026-04-10T15:30:11Z</time></rtept><rtept lat="37.967699" lon="-106.954114"><ele>3633.8</ele><time>2026-04-10T15:30:11Z</time></rtept><rtept lat="37.967702" lon="-106.954261"><ele>3637.6</ele><time>2026-04-10T15:30:11Z</time></rtept><rtept lat="37.967755" lon="-106.954245"><ele>3641.2</ele><time>2026-04-10T15:30:11Z</time></rtept><rtept lat="37.967867" lon="-106.954072"><ele>3640.0</ele><time>2026-04-10T15:30:11Z</time></rtept><rtept lat="37.968" lon="-106.953846"><ele>3640.6</ele><time>2026-04-10T15:30:11Z</time></rtept><rtept lat="37.968123" lon="-106.953676"><ele>3643.0</ele><time>2026-04-10T15:30:11Z</time></rtept><rtept lat="37.968322" lon="-106.953522"><ele>3646.8</ele><time>2026-04-10T15:30:11Z</time></rtept><rtept lat="37.968405" lon="-106.953456"><ele>3649.6</ele><time>2026-04-10T15:30:11Z</time></rtept><rtept lat="37.968477" lon="-106.953379"><ele>3649.4</ele><time>2026-04-10T15:30:11Z</time></rtept><rtept lat="37.96853" lon="-106.953343"><ele>3648.8</ele><time>2026-04-10T15:30:11Z</time></rtept><rtept lat="37.968523" lon="-106.953433"><ele>3650.8</ele><time>2026-04-10T15:30:11Z</time></rtept><rtept lat="37.96849" lon="-106.953609"><ele>3655.0</ele><time>2026-04-10T15:30:11Z</time></rtept><rtept lat="37.968396" lon="-106.953904"><ele>3662.0</ele><time>2026-04-10T15:30:11Z</time></rtept><rtept lat="37.968281" lon="-106.954269"><ele>3666.4</ele><time>2026-04-10T15:30:11Z</time></rtept><rtept lat="37.968202" lon="-106.954459"><ele>3668.2</ele><time>2026-04-10T15:30:11Z</time></rtept><rtept lat="37.968188" lon="-106.954742"><ele>3673.2</ele><time>2026-04-10T15:30:11Z</time></rtept><rtept lat="37.968175" lon="-106.955103"><ele>3675.6</ele><time>2026-04-10T15:30:11Z</time></rtept><rtept lat="37.968278" lon="-106.955546"><ele>3678.4</ele><time>2026-04-10T15:30:11Z</time></rtept><rtept lat="37.968538" lon="-106.955716"><ele>3686.2</ele><time>2026-04-10T15:30:11Z</time></rtept><rtept lat="37.968754" lon="-106.955778"><ele>3692.6</ele><time>2026-04-10T15:30:11Z</time></rtept><rtept lat="37.968754" lon="-106.956038"><ele>3693.4</ele><time>2026-04-10T15:30:11Z</time></rtept><rtept lat="37.968647" lon="-106.956428"><ele>3698.0</ele><time>2026-04-10T15:30:11Z</time></rtept><rtept lat="37.968582" lon="-106.95682"><ele>3703.4</ele><time>2026-04-10T15:30:11Z</time></rtept><rtept lat="37.968515" lon="-106.95732"><ele>3709.4</ele><time>2026-04-10T15:30:11Z</time></rtept><rtept lat="37.968424" lon="-106.95789"><ele>3718.8</ele><time>2026-04-10T15:30:11Z</time></rtept><rtept lat="37.968327" lon="-106.958568"><ele>3729.0</ele><time>2026-04-10T15:30:11Z</time></rtept><rtept lat="37.968287" lon="-106.959103"><ele>3740.6</ele><time>2026-04-10T15:30:11Z</time></rtept><rtept lat="37.968345" lon="-106.959305"><ele>3741.2</ele><time>2026-04-10T15:30:11Z</time></rtept><rtept lat="37.968407" lon="-106.959519"><ele>3742.2</ele><time>2026-04-10T15:30:11Z</time></rtept><rtept lat="37.968407" lon="-106.959519"><ele>3742.2</ele><time>2026-04-10T15:30:11Z</time></rtept><rtept lat="37.968423" lon="-106.959573"><ele>3744.4</ele><time>2026-04-10T15:30:11Z</time></rtept><rtept lat="37.96875" lon="-106.960262"><ele>3753.8</ele><time>2026-04-10T15:30:11Z</time></rtept><rtept lat="37.969108" lon="-106.960915"><ele>3761.0</ele><time>2026-04-10T15:30:11Z</time></rtept><rtept lat="37.969591" lon="-106.96167"><ele>3764.8</ele><time>2026-04-10T15:30:11Z</time></rtept><rtept lat="37.969613" lon="-106.961702"><ele>3765.4</ele><time>2026-04-10T15:30:11Z</time></rtept><rtept lat="37.969653" lon="-106.961767"><ele>3764.8</ele><time>2026-04-10T15:30:11Z</time></rtept><rtept lat="37.969719" lon="-106.961872"><ele>3765.6</ele><time>2026-04-10T15:30:11Z</time></rtept><rtept lat="37.969749" lon="-106.961914"><ele>3765.6</ele><time>2026-04-10T15:30:11Z</time></rtept><rtept lat="37.969793" lon="-106.96198"><ele>3766.0</ele><time>2026-04-10T15:30:11Z</time></rtept><rtept lat="37.969807" lon="-106.962001"><ele>3766.0</ele><time>2026-04-10T15:30:11Z</time></rtept><rtept lat="37.969828" lon="-106.962034"><ele>3766.2</ele><time>2026-04-10T15:30:11Z</time></rtept><rtept lat="37.969855" lon="-106.962068"><ele>3766.2</ele><time>2026-04-10T15:30:11Z</time></rtept><rtept lat="37.969877" lon="-106.962101"><ele>3766.2</ele><time>2026-04-10T15:30:11Z</time></rtept><rtept lat="37.969899" lon="-106.962132"><ele>3766.4</ele><time>2026-04-10T15:30:11Z</time></rtept><rtept lat="37.969921" lon="-106.962164"><ele>3766.6</ele><time>2026-04-10T15:30:11Z</time></rtept><rtept lat="37.969947" lon="-106.962196"><ele>3766.6</ele><time>2026-04-10T15:30:11Z</time></rtept><rtept lat="37.969969" lon="-106.962228"><ele>3766.6</ele><time>2026-04-10T15:30:11Z</time></rtept><rtept lat="37.969991" lon="-106.962257"><ele>3767.2</ele><time>2026-04-10T15:30:11Z</time></rtept><rtept lat="37.970018" lon="-106.962285"><ele>3767.2</ele><time>2026-04-10T15:30:11Z</time></rtept><rtept lat="37.970044" lon="-106.962325"><ele>3767.2</ele><time>2026-04-10T15:30:11Z</time></rtept><rtept lat="37.970105" lon="-106.962412"><ele>3767.6</ele><time>2026-04-10T15:30:11Z</time></rtept><rtept lat="37.970186" lon="-106.962513"><ele>3769.2</ele><time>2026-04-10T15:30:11Z</time></rtept><rtept lat="37.970208" lon="-106.962548"><ele>3768.8</ele><time>2026-04-10T15:30:11Z</time></rtept><rtept lat="37.970229" lon="-106.962584"><ele>3768.8</ele><time>2026-04-10T15:30:11Z</time></rtept><rtept lat="37.970251" lon="-106.962616"><ele>3768.8</ele><time>2026-04-10T15:30:11Z</time></rtept><rtept lat="37.970278" lon="-106.962649"><ele>3769.6</ele><time>2026-04-10T15:30:11Z</time></rtept><rtept lat="37.9703" lon="-106.962684"><ele>3769.6</ele><time>2026-04-10T15:30:11Z</time></rtept><rtept lat="37.970322" lon="-106.96272"><ele>3770.2</ele><time>2026-04-10T15:30:11Z</time></rtept><rtept lat="37.970344" lon="-106.962756"><ele>3770.2</ele><time>2026-04-10T15:30:11Z</time></rtept><rtept lat="37.97037" lon="-106.96279"><ele>3770.2</ele><time>2026-04-10T15:30:11Z</time></rtept><rtept lat="37.970392" lon="-106.962824"><ele>3770.4</ele><time>2026-04-10T15:30:11Z</time></rtept><rtept lat="37.970418" lon="-106.962859"><ele>3770.4</ele><time>2026-04-10T15:30:11Z</time></rtept><rtept lat="37.97044" lon="-106.962894"><ele>3769.6</ele><time>2026-04-10T15:30:11Z</time></rtept><rtept lat="37.970462" lon="-106.96293"><ele>3770.4</ele><time>2026-04-10T15:30:11Z</time></rtept><rtept lat="37.970498" lon="-106.962984"><ele>3769.6</ele><time>2026-04-10T15:30:11Z</time></rtept><rtept lat="37.970511" lon="-106.963008"><ele>3769.6</ele><time>2026-04-10T15:30:11Z</time></rtept><rtept lat="37.970532" lon="-106.963042"><ele>3770.6</ele><time>2026-04-10T15:30:11Z</time></rtept><rtept lat="37.970555" lon="-106.963077"><ele>3769.6</ele><time>2026-04-10T15:30:11Z</time></rtept><rtept lat="37.970576" lon="-106.963111"><ele>3769.6</ele><time>2026-04-10T15:30:11Z</time></rtept><rtept lat="37.970598" lon="-106.963145"><ele>3770.4</ele><time>2026-04-10T15:30:11Z</time></rtept><rtept lat="37.970616" lon="-106.963183"><ele>3769.4</ele><time>2026-04-10T15:30:11Z</time></rtept><rtept lat="37.970638" lon="-106.963217"><ele>3769.4</ele><time>2026-04-10T15:30:11Z</time></rtept><rtept lat="37.97066" lon="-106.963251"><ele>3769.0</ele><time>2026-04-10T15:30:11Z</time></rtept><rtept lat="37.970682" lon="-106.963286"><ele>3769.0</ele><time>2026-04-10T15:30:11Z</time></rtept><rtept lat="37.970699" lon="-106.96332"><ele>3768.0</ele><time>2026-04-10T15:30:11Z</time></rtept><rtept lat="37.970721" lon="-106.963356"><ele>3768.0</ele><time>2026-04-10T15:30:11Z</time></rtept><rtept lat="37.970747" lon="-106.963401"><ele>3768.8</ele><time>2026-04-10T15:30:11Z</time></rtept><rtept lat="37.970778" lon="-106.963449"><ele>3767.8</ele><time>2026-04-10T15:30:11Z</time></rtept><rtept lat="37.970796" lon="-106.963479"><ele>3768.6</ele><time>2026-04-10T15:30:11Z</time></rtept><rtept lat="37.970835" lon="-106.963546"><ele>3767.6</ele><time>2026-04-10T15:30:11Z</time></rtept><rtept lat="37.970853" lon="-106.963571"><ele>3767.6</ele><time>2026-04-10T15:30:11Z</time></rtept><rtept lat="37.970879" lon="-106.963607"><ele>3767.8</ele><time>2026-04-10T15:30:11Z</time></rtept><rtept lat="37.970896" lon="-106.963646"><ele>3767.8</ele><time>2026-04-10T15:30:11Z</time></rtept><rtept lat="37.970918" lon="-106.963683"><ele>3767.0</ele><time>2026-04-10T15:30:11Z</time></rtept><rtept lat="37.97094" lon="-106.963721"><ele>3767.8</ele><time>2026-04-10T15:30:11Z</time></rtept><rtept lat="37.970962" lon="-106.963757"><ele>3767.0</ele><time>2026-04-10T15:30:11Z</time></rtept><rtept lat="37.970984" lon="-106.963792"><ele>3767.0</ele><time>2026-04-10T15:30:11Z</time></rtept><rtept lat="37.971002" lon="-106.963828"><ele>3767.8</ele><time>2026-04-10T15:30:11Z</time></rtept><rtept lat="37.971024" lon="-106.963861"><ele>3767.0</ele><time>2026-04-10T15:30:11Z</time></rtept><rtept lat="37.971045" lon="-106.963894"><ele>3767.0</ele><time>2026-04-10T15:30:11Z</time></rtept><rtept lat="37.971076" lon="-106.963945"><ele>3766.8</ele><time>2026-04-10T15:30:11Z</time></rtept><rtept lat="37.971098" lon="-106.96398"><ele>3766.8</ele><time>2026-04-10T15:30:11Z</time></rtept><rtept lat="37.971116" lon="-106.964015"><ele>3765.6</ele><time>2026-04-10T15:30:11Z</time></rtept><rtept lat="37.971142" lon="-106.964046"><ele>3766.4</ele><time>2026-04-10T15:30:11Z</time></rtept><rtept lat="37.971164" lon="-106.964078"><ele>3766.4</ele><time>2026-04-10T15:30:11Z</time></rtept><rtept lat="37.971186" lon="-106.964111"><ele>3765.0</ele><time>2026-04-10T15:30:11Z</time></rtept><rtept lat="37.971208" lon="-106.964143"><ele>3765.8</ele><time>2026-04-10T15:30:11Z</time></rtept><rtept lat="37.97123" lon="-106.964173"><ele>3765.8</ele><time>2026-04-10T15:30:11Z</time></rtept><rtept lat="37.971261" lon="-106.964214"><ele>3764.2</ele><time>2026-04-10T15:30:11Z</time></rtept><rtept lat="37.971287" lon="-106.964249"><ele>3764.6</ele><time>2026-04-10T15:30:11Z</time></rtept><rtept lat="37.971314" lon="-106.96428"><ele>3763.0</ele><time>2026-04-10T15:30:11Z</time></rtept><rtept lat="37.971331" lon="-106.964315"><ele>3763.0</ele><time>2026-04-10T15:30:11Z</time></rtept><rtept lat="37.971358" lon="-106.964346"><ele>3763.4</ele><time>2026-04-10T15:30:11Z</time></rtept><rtept lat="37.971375" lon="-106.964377"><ele>3761.6</ele><time>2026-04-10T15:30:11Z</time></rtept><rtept lat="37.971402" lon="-106.964408"><ele>3761.6</ele><time>2026-04-10T15:30:11Z</time></rtept><rtept lat="37.971424" lon="-106.96444"><ele>3760.0</ele><time>2026-04-10T15:30:11Z</time></rtept><rtept lat="37.971446" lon="-106.964471"><ele>3760.0</ele><time>2026-04-10T15:30:11Z</time></rtept><rtept lat="37.971468" lon="-106.964506"><ele>3760.0</ele><time>2026-04-10T15:30:11Z</time></rtept><rtept lat="37.971477" lon="-106.964518"><ele>3760.0</ele><time>2026-04-10T15:30:11Z</time></rtept><rtept lat="37.971499" lon="-106.964551"><ele>3758.2</ele><time>2026-04-10T15:30:11Z</time></rtept><rtept lat="37.971521" lon="-106.964581"><ele>3758.2</ele><time>2026-04-10T15:30:11Z</time></rtept><rtept lat="37.971551" lon="-106.964629"><ele>3756.4</ele><time>2026-04-10T15:30:11Z</time></rtept><rtept lat="37.971556" lon="-106.964641"><ele>3756.4</ele><time>2026-04-10T15:30:11Z</time></rtept><rtept lat="37.971573" lon="-106.964678"><ele>3756.4</ele><time>2026-04-10T15:30:11Z</time></rtept><rtept lat="37.971591" lon="-106.964713"><ele>3755.0</ele><time>2026-04-10T15:30:11Z</time></rtept><rtept lat="37.971608" lon="-106.964751"><ele>3755.0</ele><time>2026-04-10T15:30:11Z</time></rtept><rtept lat="37.971625" lon="-106.964783"><ele>3753.6</ele><time>2026-04-10T15:30:11Z</time></rtept><rtept lat="37.971643" lon="-106.964821"><ele>3753.6</ele><time>2026-04-10T15:30:11Z</time></rtept><rtept lat="37.97166" lon="-106.964858"><ele>3753.6</ele><time>2026-04-10T15:30:11Z</time></rtept><rtept lat="37.971678" lon="-106.96489"><ele>3752.2</ele><time>2026-04-10T15:30:11Z</time></rtept><rtept lat="37.971699" lon="-106.964945"><ele>3752.2</ele><time>2026-04-10T15:30:11Z</time></rtept><rtept lat="37.971708" lon="-106.964957"><ele>3750.8</ele><time>2026-04-10T15:30:11Z</time></rtept><rtept lat="37.971725" lon="-106.964995"><ele>3750.8</ele><time>2026-04-10T15:30:11Z</time></rtept><rtept lat="37.971748" lon="-106.96503"><ele>3751.0</ele><time>2026-04-10T15:30:11Z</time></rtept><rtept lat="37.97176" lon="-106.965064"><ele>3749.6</ele><time>2026-04-10T15:30:11Z</time></rtept><rtept lat="37.971778" lon="-106.965098"><ele>3749.6</ele><time>2026-04-10T15:30:11Z</time></rtept><rtept lat="37.971795" lon="-106.965133"><ele>3748.2</ele><time>2026-04-10T15:30:11Z</time></rtept><rtept lat="37.971817" lon="-106.965193"><ele>3748.6</ele><time>2026-04-10T15:30:11Z</time></rtept><rtept lat="37.971826" lon="-106.965204"><ele>3748.6</ele><time>2026-04-10T15:30:11Z</time></rtept><rtept lat="37.971843" lon="-106.965237"><ele>3747.2</ele><time>2026-04-10T15:30:11Z</time></rtept><rtept lat="37.971861" lon="-106.965274"><ele>3747.2</ele><time>2026-04-10T15:30:11Z</time></rtept><rtept lat="37.971874" lon="-106.96531"><ele>3745.8</ele><time>2026-04-10T15:30:11Z</time></rtept><rtept lat="37.971891" lon="-106.965344"><ele>3746.0</ele><time>2026-04-10T15:30:11Z</time></rtept><rtept lat="37.971908" lon="-106.965375"><ele>3746.0</ele><time>2026-04-10T15:30:11Z</time></rtept><rtept lat="37.971926" lon="-106.96541"><ele>3744.4</ele><time>2026-04-10T15:30:11Z</time></rtept><rtept lat="37.971939" lon="-106.965445"><ele>3744.4</ele><time>2026-04-10T15:30:11Z</time></rtept><rtept lat="37.971952" lon="-106.96548"><ele>3743.0</ele><time>2026-04-10T15:30:11Z</time></rtept><rtept lat="37.971969" lon="-106.965519"><ele>3743.0</ele><time>2026-04-10T15:30:11Z</time></rtept><rtept lat="37.971987" lon="-106.965554"><ele>3741.0</ele><time>2026-04-10T15:30:11Z</time></rtept><rtept lat="37.971999" lon="-106.965587"><ele>3741.0</ele><time>2026-04-10T15:30:11Z</time></rtept><rtept lat="37.972012" lon="-106.965629"><ele>3741.4</ele><time>2026-04-10T15:30:11Z</time></rtept><rtept lat="37.97203" lon="-106.965669"><ele>3739.2</ele><time>2026-04-10T15:30:11Z</time></rtept><rtept lat="37.972047" lon="-106.965705"><ele>3739.2</ele><time>2026-04-10T15:30:11Z</time></rtept><rtept lat="37.972069" lon="-106.965734"><ele>3737.0</ele><time>2026-04-10T15:30:11Z</time></rtept><rtept lat="37.972091" lon="-106.965766"><ele>3737.4</ele><time>2026-04-10T15:30:11Z</time></rtept><rtept lat="37.972113" lon="-106.965796"><ele>3737.4</ele><time>2026-04-10T15:30:11Z</time></rtept><rtept lat="37.972131" lon="-106.965831"><ele>3735.2</ele><time>2026-04-10T15:30:11Z</time></rtept><rtept lat="37.972148" lon="-106.965862"><ele>3735.6</ele><time>2026-04-10T15:30:11Z</time></rtept><rtept lat="37.972165" lon="-106.965903"><ele>3733.4</ele><time>2026-04-10T15:30:11Z</time></rtept><rtept lat="37.972169" lon="-106.965929"><ele>3733.4</ele><time>2026-04-10T15:30:11Z</time></rtept><rtept lat="37.972182" lon="-106.965963"><ele>3733.4</ele><time>2026-04-10T15:30:11Z</time></rtept><rtept lat="37.972209" lon="-106.966011"><ele>3731.6</ele><time>2026-04-10T15:30:11Z</time></rtept><rtept lat="37.972213" lon="-106.966023"><ele>3731.6</ele><time>2026-04-10T15:30:11Z</time></rtept><rtept lat="37.97223" lon="-106.966057"><ele>3731.8</ele><time>2026-04-10T15:30:11Z</time></rtept><rtept lat="37.972248" lon="-106.96609"><ele>3730.0</ele><time>2026-04-10T15:30:11Z</time></rtept><rtept lat="37.972265" lon="-106.966129"><ele>3730.0</ele><time>2026-04-10T15:30:11Z</time></rtept><rtept lat="37.972278" lon="-106.966164"><ele>3728.2</ele><time>2026-04-10T15:30:11Z</time></rtept><rtept lat="37.972296" lon="-106.9662"><ele>3728.4</ele><time>2026-04-10T15:30:11Z</time></rtept><rtept lat="37.972313" lon="-106.966232"><ele>3728.4</ele><time>2026-04-10T15:30:11Z</time></rtept><rtept lat="37.972326" lon="-106.966268"><ele>3726.8</ele><time>2026-04-10T15:30:11Z</time></rtept><rtept lat="37.972343" lon="-106.966319"><ele>3726.8</ele><time>2026-04-10T15:30:11Z</time></rtept><rtept lat="37.972356" lon="-106.966359"><ele>3725.4</ele><time>2026-04-10T15:30:11Z</time></rtept><rtept lat="37.972369" lon="-106.966395"><ele>3725.4</ele><time>2026-04-10T15:30:11Z</time></rtept><rtept lat="37.972382" lon="-106.966432"><ele>3723.6</ele><time>2026-04-10T15:30:11Z</time></rtept><rtept lat="37.972395" lon="-106.966472"><ele>3723.6</ele><time>2026-04-10T15:30:11Z</time></rtept><rtept lat="37.972399" lon="-106.966511"><ele>3722.0</ele><time>2026-04-10T15:30:11Z</time></rtept><rtept lat="37.972411" lon="-106.966549"><ele>3722.0</ele><time>2026-04-10T15:30:11Z</time></rtept><rtept lat="37.97242" lon="-106.966589"><ele>3720.6</ele><time>2026-04-10T15:30:11Z</time></rtept><rtept lat="37.972433" lon="-106.966627"><ele>3720.6</ele><time>2026-04-10T15:30:11Z</time></rtept><rtept lat="37.972441" lon="-106.966666"><ele>3720.6</ele><time>2026-04-10T15:30:11Z</time></rtept><rtept lat="37.972449" lon="-106.966701"><ele>3719.0</ele><time>2026-04-10T15:30:11Z</time></rtept><rtept lat="37.972458" lon="-106.96674"><ele>3719.0</ele><time>2026-04-10T15:30:11Z</time></rtept><rtept lat="37.972466" lon="-106.966776"><ele>3717.4</ele><time>2026-04-10T15:30:11Z</time></rtept><rtept lat="37.97247" lon="-106.966819"><ele>3717.4</ele><time>2026-04-10T15:30:11Z</time></rtept><rtept lat="37.97247" lon="-106.966834"><ele>3717.4</ele><time>2026-04-10T15:30:11Z</time></rtept><rtept lat="37.972469" lon="-106.966873"><ele>3715.6</ele><time>2026-04-10T15:30:11Z</time></rtept><rtept lat="37.972469" lon="-106.966913"><ele>3715.6</ele><time>2026-04-10T15:30:11Z</time></rtept><rtept lat="37.972472" lon="-106.966952"><ele>3714.0</ele><time>2026-04-10T15:30:11Z</time></rtept><rtept lat="37.972481" lon="-106.966991"><ele>3714.0</ele><time>2026-04-10T15:30:11Z</time></rtept><rtept lat="37.972484" lon="-106.967031"><ele>3712.2</ele><time>2026-04-10T15:30:11Z</time></rtept><rtept lat="37.972484" lon="-106.967072"><ele>3712.2</ele><time>2026-04-10T15:30:11Z</time></rtept><rtept lat="37.972483" lon="-106.967112"><ele>3710.6</ele><time>2026-04-10T15:30:11Z</time></rtept><rtept lat="37.972487" lon="-106.967151"><ele>3711.2</ele><time>2026-04-10T15:30:11Z</time></rtept><rtept lat="37.972491" lon="-106.967205"><ele>3709.6</ele><time>2026-04-10T15:30:11Z</time></rtept><rtept lat="37.97249" lon="-106.967219"><ele>3709.6</ele><time>2026-04-10T15:30:11Z</time></rtept><rtept lat="37.972494" lon="-106.96726"><ele>3709.6</ele><time>2026-04-10T15:30:11Z</time></rtept><rtept lat="37.972498" lon="-106.967301"><ele>3708.2</ele><time>2026-04-10T15:30:11Z</time></rtept><rtept lat="37.972497" lon="-106.967343"><ele>3708.2</ele><time>2026-04-10T15:30:11Z</time></rtept><rtept lat="37.972501" lon="-106.967385"><ele>3707.0</ele><time>2026-04-10T15:30:11Z</time></rtept><rtept lat="37.972505" lon="-106.967428"><ele>3707.0</ele><time>2026-04-10T15:30:11Z</time></rtept><rtept lat="37.972504" lon="-106.967467"><ele>3706.0</ele><time>2026-04-10T15:30:11Z</time></rtept><rtept lat="37.972508" lon="-106.96751"><ele>3706.0</ele><time>2026-04-10T15:30:11Z</time></rtept><rtept lat="37.972511" lon="-106.967602"><ele>3705.0</ele><time>2026-04-10T15:30:11Z</time></rtept><rtept lat="37.972515" lon="-106.967631"><ele>3704.0</ele><time>2026-04-10T15:30:11Z</time></rtept><rtept lat="37.972519" lon="-106.967673"><ele>3704.0</ele><time>2026-04-10T15:30:11Z</time></rtept><rtept lat="37.972518" lon="-106.967715"><ele>3703.2</ele><time>2026-04-10T15:30:11Z</time></rtept><rtept lat="37.972517" lon="-106.967758"><ele>3703.2</ele><time>2026-04-10T15:30:11Z</time></rtept><rtept lat="37.972517" lon="-106.9678"><ele>3702.2</ele><time>2026-04-10T15:30:11Z</time></rtept><rtept lat="37.972521" lon="-106.96784"><ele>3702.2</ele><time>2026-04-10T15:30:11Z</time></rtept><rtept lat="37.972516" lon="-106.967877"><ele>3701.2</ele><time>2026-04-10T15:30:11Z</time></rtept><rtept lat="37.972515" lon="-106.96792"><ele>3701.2</ele><time>2026-04-10T15:30:11Z</time></rtept><rtept lat="37.97251" lon="-106.967961"><ele>3700.4</ele><time>2026-04-10T15:30:11Z</time></rtept><rtept lat="37.972504" lon="-106.968001"><ele>3700.4</ele><time>2026-04-10T15:30:11Z</time></rtept><rtept lat="37.972504" lon="-106.96804"><ele>3700.4</ele><time>2026-04-10T15:30:11Z</time></rtept><rtept lat="37.972499" lon="-106.96808"><ele>3699.6</ele><time>2026-04-10T15:30:11Z</time></rtept><rtept lat="37.972493" lon="-106.968123"><ele>3699.6</ele><time>2026-04-10T15:30:11Z</time></rtept><rtept lat="37.972489" lon="-106.968135"><ele>3698.8</ele><time>2026-04-10T15:30:11Z</time></rtept><rtept lat="37.972475" lon="-106.968166"><ele>3698.2</ele><time>2026-04-10T15:30:11Z</time></rtept><rtept lat="37.972461" lon="-106.968192"><ele>3698.2</ele><time>2026-04-10T15:30:11Z</time></rtept><rtept lat="37.972451" lon="-106.968225"><ele>3697.4</ele><time>2026-04-10T15:30:11Z</time></rtept><rtept lat="37.972437" lon="-106.96827"><ele>3697.4</ele><time>2026-04-10T15:30:11Z</time></rtept><rtept lat="37.972427" lon="-106.968292"><ele>3697.4</ele><time>2026-04-10T15:30:11Z</time></rtept><rtept lat="37.972413" lon="-106.96833"><ele>3695.8</ele><time>2026-04-10T15:30:11Z</time></rtept><rtept lat="37.972385" lon="-106.968397"><ele>3694.8</ele><time>2026-04-10T15:30:11Z</time></rtept><rtept lat="37.97238" lon="-106.968407"><ele>3694.8</ele><time>2026-04-10T15:30:11Z</time></rtept><rtept lat="37.972362" lon="-106.968435"><ele>3694.8</ele><time>2026-04-10T15:30:11Z</time></rtept><rtept lat="37.972348" lon="-106.968465"><ele>3693.6</ele><time>2026-04-10T15:30:11Z</time></rtept><rtept lat="37.972329" lon="-106.968494"><ele>3692.6</ele><time>2026-04-10T15:30:11Z</time></rtept><rtept lat="37.972311" lon="-106.968517"><ele>3692.6</ele><time>2026-04-10T15:30:11Z</time></rtept><rtept lat="37.972302" lon="-106.968544"><ele>3692.6</ele><time>2026-04-10T15:30:11Z</time></rtept><rtept lat="37.972287" lon="-106.968571"><ele>3691.2</ele><time>2026-04-10T15:30:11Z</time></rtept><rtept lat="37.972269" lon="-106.968595"><ele>3689.8</ele><time>2026-04-10T15:30:11Z</time></rtept><rtept lat="37.972251" lon="-106.968614"><ele>3689.8</ele><time>2026-04-10T15:30:11Z</time></rtept><rtept lat="37.972232" lon="-106.968635"><ele>3689.8</ele><time>2026-04-10T15:30:11Z</time></rtept><rtept lat="37.972219" lon="-106.96866"><ele>3688.2</ele><time>2026-04-10T15:30:11Z</time></rtept><rtept lat="37.972196" lon="-106.968686"><ele>3686.6</ele><time>2026-04-10T15:30:11Z</time></rtept><rtept lat="37.972173" lon="-106.968702"><ele>3686.6</ele><time>2026-04-10T15:30:11Z</time></rtept><rtept lat="37.97215" lon="-106.968722"><ele>3686.6</ele><time>2026-04-10T15:30:11Z</time></rtept><rtept lat="37.972131" lon="-106.968741"><ele>3684.2</ele><time>2026-04-10T15:30:11Z</time></rtept><rtept lat="37.972122" lon="-106.968772"><ele>3684.2</ele><time>2026-04-10T15:30:11Z</time></rtept><rtept lat="37.972126" lon="-106.968797"><ele>3684.2</ele><time>2026-04-10T15:30:11Z</time></rtept><rtept lat="37.972125" lon="-106.968836"><ele>3682.8</ele><time>2026-04-10T15:30:11Z</time></rtept><rtept lat="37.972125" lon="-106.968871"><ele>3682.8</ele><time>2026-04-10T15:30:11Z</time></rtept><rtept lat="37.972124" lon="-106.968929"><ele>3681.8</ele><time>2026-04-10T15:30:11Z</time></rtept><rtept lat="37.972119" lon="-106.968941"><ele>3681.8</ele><time>2026-04-10T15:30:11Z</time></rtept><rtept lat="37.972114" lon="-106.968976"><ele>3681.8</ele><time>2026-04-10T15:30:11Z</time></rtept><rtept lat="37.972109" lon="-106.969012"><ele>3680.8</ele><time>2026-04-10T15:30:11Z</time></rtept><rtept lat="37.9721" lon="-106.969042"><ele>3680.8</ele><time>2026-04-10T15:30:11Z</time></rtept><rtept lat="37.972099" lon="-106.969079"><ele>3679.6</ele><time>2026-04-10T15:30:11Z</time></rtept><rtept lat="37.972098" lon="-106.969118"><ele>3679.6</ele><time>2026-04-10T15:30:11Z</time></rtept><rtept lat="37.972089" lon="-106.969152"><ele>3679.6</ele><time>2026-04-10T15:30:11Z</time></rtept><rtept lat="37.972088" lon="-106.969182"><ele>3678.6</ele><time>2026-04-10T15:30:11Z</time></rtept><rtept lat="37.972092" lon="-106.969219"><ele>3678.6</ele><time>2026-04-10T15:30:11Z</time></rtept><rtept lat="37.972087" lon="-106.969258"><ele>3677.4</ele><time>2026-04-10T15:30:11Z</time></rtept><rtept lat="37.972082" lon="-106.969297"><ele>3677.4</ele><time>2026-04-10T15:30:11Z</time></rtept><rtept lat="37.972077" lon="-106.969336"><ele>3675.2</ele><time>2026-04-10T15:30:11Z</time></rtept><rtept lat="37.97208" lon="-106.969378"><ele>3676.0</ele><time>2026-04-10T15:30:11Z</time></rtept><rtept lat="37.972084" lon="-106.969415"><ele>3674.6</ele><time>2026-04-10T15:30:11Z</time></rtept><rtept lat="37.972079" lon="-106.969452"><ele>3673.8</ele><time>2026-04-10T15:30:11Z</time></rtept><rtept lat="37.972083" lon="-106.969486"><ele>3674.6</ele><time>2026-04-10T15:30:11Z</time></rtept><rtept lat="37.972078" lon="-106.969522"><ele>3672.4</ele><time>2026-04-10T15:30:11Z</time></rtept><rtept lat="37.972077" lon="-106.969557"><ele>3672.4</ele><time>2026-04-10T15:30:11Z</time></rtept><rtept lat="37.972081" lon="-106.969592"><ele>3671.8</ele><time>2026-04-10T15:30:11Z</time></rtept><rtept lat="37.972081" lon="-106.969626"><ele>3671.8</ele><time>2026-04-10T15:30:11Z</time></rtept><rtept lat="37.972084" lon="-106.969664"><ele>3671.8</ele><time>2026-04-10T15:30:11Z</time></rtept><rtept lat="37.972084" lon="-106.969676"><ele>3670.6</ele><time>2026-04-10T15:30:11Z</time></rtept><rtept lat="37.972084" lon="-106.969718"><ele>3670.6</ele><time>2026-04-10T15:30:11Z</time></rtept><rtept lat="37.972101" lon="-106.969775"><ele>3669.2</ele><time>2026-04-10T15:30:11Z</time></rtept><rtept lat="37.972105" lon="-106.969801"><ele>3669.2</ele><time>2026-04-10T15:30:11Z</time></rtept><rtept lat="37.972121" lon="-106.969881"><ele>3667.8</ele><time>2026-04-10T15:30:11Z</time></rtept><rtept lat="37.972125" lon="-106.969916"><ele>3667.8</ele><time>2026-04-10T15:30:11Z</time></rtept><rtept lat="37.972138" lon="-106.969975"><ele>3666.2</ele><time>2026-04-10T15:30:11Z</time></rtept><rtept lat="37.972142" lon="-106.970004"><ele>3666.2</ele><time>2026-04-10T15:30:11Z</time></rtept><rtept lat="37.97215" lon="-106.970045"><ele>3665.8</ele><time>2026-04-10T15:30:11Z</time></rtept><rtept lat="37.972154" lon="-106.970082"><ele>3665.8</ele><time>2026-04-10T15:30:11Z</time></rtept><rtept lat="37.972162" lon="-106.970137"><ele>3664.0</ele><time>2026-04-10T15:30:11Z</time></rtept><rtept lat="37.972162" lon="-106.970149"><ele>3664.0</ele><time>2026-04-10T15:30:11Z</time></rtept><rtept lat="37.972175" lon="-106.970187"><ele>3662.2</ele><time>2026-04-10T15:30:11Z</time></rtept><rtept lat="37.972179" lon="-106.970224"><ele>3662.2</ele><time>2026-04-10T15:30:11Z</time></rtept><rtept lat="37.972183" lon="-106.970263"><ele>3662.2</ele><time>2026-04-10T15:30:11Z</time></rtept><rtept lat="37.972191" lon="-106.970302"><ele>3660.4</ele><time>2026-04-10T15:30:11Z</time></rtept><rtept lat="37.972195" lon="-106.970341"><ele>3660.4</ele><time>2026-04-10T15:30:11Z</time></rtept><rtept lat="37.972199" lon="-106.970374"><ele>3659.0</ele><time>2026-04-10T15:30:11Z</time></rtept><rtept lat="37.972207" lon="-106.970407"><ele>3659.0</ele><time>2026-04-10T15:30:11Z</time></rtept><rtept lat="37.972211" lon="-106.97044"><ele>3659.0</ele><time>2026-04-10T15:30:11Z</time></rtept><rtept lat="37.972219" lon="-106.970491"><ele>3658.4</ele><time>2026-04-10T15:30:11Z</time></rtept><rtept lat="37.972224" lon="-106.970503"><ele>3658.4</ele><time>2026-04-10T15:30:11Z</time></rtept><rtept lat="37.972232" lon="-106.97054"><ele>3657.2</ele><time>2026-04-10T15:30:11Z</time></rtept><rtept lat="37.972236" lon="-106.970568"><ele>3657.2</ele><time>2026-04-10T15:30:11Z</time></rtept><rtept lat="37.972245" lon="-106.970601"><ele>3657.2</ele><time>2026-04-10T15:30:11Z</time></rtept><rtept lat="37.972258" lon="-106.970715"><ele>3655.2</ele><time>2026-04-10T15:30:11Z</time></rtept><rtept lat="37.972264" lon="-106.970819"><ele>3654.2</ele><time>2026-04-10T15:30:11Z</time></rtept><rtept lat="37.972263" lon="-106.970857"><ele>3654.2</ele><time>2026-04-10T15:30:11Z</time></rtept><rtept lat="37.972253" lon="-106.970891"><ele>3653.2</ele><time>2026-04-10T15:30:11Z</time></rtept><rtept lat="37.972244" lon="-106.970926"><ele>3653.2</ele><time>2026-04-10T15:30:11Z</time></rtept><rtept lat="37.97222" lon="-106.970985"><ele>3652.2</ele><time>2026-04-10T15:30:11Z</time></rtept><rtept lat="37.972215" lon="-106.970998"><ele>3652.2</ele><time>2026-04-10T15:30:11Z</time></rtept><rtept lat="37.972206" lon="-106.971032"><ele>3652.0</ele><time>2026-04-10T15:30:11Z</time></rtept><rtept lat="37.972192" lon="-106.971063"><ele>3651.0</ele><time>2026-04-10T15:30:11Z</time></rtept><rtept lat="37.972173" lon="-106.971098"><ele>3651.0</ele><time>2026-04-10T15:30:11Z</time></rtept><rtept lat="37.972168" lon="-106.971108"><ele>3651.0</ele><time>2026-04-10T15:30:11Z</time></rtept><rtept lat="37.972145" lon="-106.971141"><ele>3650.0</ele><time>2026-04-10T15:30:11Z</time></rtept><rtept lat="37.972131" lon="-106.971173"><ele>3650.0</ele><time>2026-04-10T15:30:11Z</time></rtept><rtept lat="37.972113" lon="-106.971207"><ele>3650.0</ele><time>2026-04-10T15:30:11Z</time></rtept><rtept lat="37.972094" lon="-106.971241"><ele>3649.2</ele><time>2026-04-10T15:30:11Z</time></rtept><rtept lat="37.97208" lon="-106.971273"><ele>3649.2</ele><time>2026-04-10T15:30:11Z</time></rtept><rtept lat="37.972061" lon="-106.97131"><ele>3648.2</ele><time>2026-04-10T15:30:11Z</time></rtept><rtept lat="37.972047" lon="-106.971343"><ele>3648.2</ele><time>2026-04-10T15:30:11Z</time></rtept><rtept lat="37.972033" lon="-106.971371"><ele>3648.2</ele><time>2026-04-10T15:30:11Z</time></rtept><rtept lat="37.972024" lon="-106.971393"><ele>3647.2</ele><time>2026-04-10T15:30:11Z</time></rtept><rtept lat="37.97201" lon="-106.971427"><ele>3646.8</ele><time>2026-04-10T15:30:11Z</time></rtept><rtept lat="37.971991" lon="-106.971462"><ele>3646.8</ele><time>2026-04-10T15:30:11Z</time></rtept><rtept lat="37.971973" lon="-106.971495"><ele>3645.8</ele><time>2026-04-10T15:30:11Z</time></rtept><rtept lat="37.971954" lon="-106.971529"><ele>3645.8</ele><time>2026-04-10T15:30:11Z</time></rtept><rtept lat="37.97194" lon="-106.971564"><ele>3644.2</ele><time>2026-04-10T15:30:11Z</time></rtept><rtept lat="37.971921" lon="-106.9716"><ele>3644.2</ele><time>2026-04-10T15:30:11Z</time></rtept><rtept lat="37.971903" lon="-106.971635"><ele>3644.2</ele><time>2026-04-10T15:30:11Z</time></rtept><rtept lat="37.971889" lon="-106.971672"><ele>3642.8</ele><time>2026-04-10T15:30:11Z</time></rtept><rtept lat="37.971842" lon="-106.971769"><ele>3641.4</ele><time>2026-04-10T15:30:11Z</time></rtept><rtept lat="37.971786" lon="-106.971883"><ele>3640.4</ele><time>2026-04-10T15:30:11Z</time></rtept><rtept lat="37.971767" lon="-106.971919"><ele>3639.6</ele><time>2026-04-10T15:30:11Z</time></rtept><rtept lat="37.971753" lon="-106.971958"><ele>3639.6</ele><time>2026-04-10T15:30:11Z</time></rtept><rtept lat="37.971739" lon="-106.971995"><ele>3638.8</ele><time>2026-04-10T15:30:11Z</time></rtept><rtept lat="37.971659" lon="-106.972209"><ele>3638.0</ele><time>2026-04-10T15:30:11Z</time></rtept><rtept lat="37.971645" lon="-106.9722"><ele>3638.0</ele><time>2026-04-10T15:30:11Z</time></rtept><rtept lat="37.971594" lon="-106.97231"><ele>3637.6</ele><time>2026-04-10T15:30:11Z</time></rtept><rtept lat="37.971589" lon="-106.972335"><ele>3637.4</ele><time>2026-04-10T15:30:11Z</time></rtept><rtept lat="37.971584" lon="-106.972373"><ele>3637.4</ele><time>2026-04-10T15:30:11Z</time></rtept><rtept lat="37.97157" lon="-106.972405"><ele>3637.4</ele><time>2026-04-10T15:30:11Z</time></rtept><rtept lat="37.971556" lon="-106.972436"><ele>3637.2</ele><time>2026-04-10T15:30:11Z</time></rtept><rtept lat="37.971542" lon="-106.972471"><ele>3637.2</ele><time>2026-04-10T15:30:11Z</time></rtept><rtept lat="37.971532" lon="-106.972509"><ele>3637.4</ele><time>2026-04-10T15:30:11Z</time></rtept><rtept lat="37.971527" lon="-106.972551"><ele>3637.4</ele><time>2026-04-10T15:30:11Z</time></rtept><rtept lat="37.971522" lon="-106.972592"><ele>3637.4</ele><time>2026-04-10T15:30:11Z</time></rtept><rtept lat="37.971517" lon="-106.972631"><ele>3637.4</ele><time>2026-04-10T15:30:11Z</time></rtept><rtept lat="37.971516" lon="-106.972656"><ele>3637.4</ele><time>2026-04-10T15:30:11Z</time></rtept><rtept lat="37.971511" lon="-106.972677"><ele>3637.6</ele><time>2026-04-10T15:30:11Z</time></rtept><rtept lat="37.971502" lon="-106.97271"><ele>3637.6</ele><time>2026-04-10T15:30:11Z</time></rtept><rtept lat="37.971488" lon="-106.972746"><ele>3637.6</ele><time>2026-04-10T15:30:11Z</time></rtept><rtept lat="37.971454" lon="-106.972865"><ele>3638.4</ele><time>2026-04-10T15:30:11Z</time></rtept><rtept lat="37.97143" lon="-106.972987"><ele>3638.8</ele><time>2026-04-10T15:30:11Z</time></rtept><rtept lat="37.971424" lon="-106.973031"><ele>3639.2</ele><time>2026-04-10T15:30:11Z</time></rtept><rtept lat="37.971419" lon="-106.973075"><ele>3639.2</ele><time>2026-04-10T15:30:11Z</time></rtept><rtept lat="37.971414" lon="-106.973115"><ele>3639.8</ele><time>2026-04-10T15:30:11Z</time></rtept><rtept lat="37.971409" lon="-106.973154"><ele>3639.8</ele><time>2026-04-10T15:30:11Z</time></rtept><rtept lat="37.971404" lon="-106.97319"><ele>3639.8</ele><time>2026-04-10T15:30:11Z</time></rtept><rtept lat="37.971407" lon="-106.973229"><ele>3640.2</ele><time>2026-04-10T15:30:11Z</time></rtept><rtept lat="37.971402" lon="-106.97327"><ele>3640.6</ele><time>2026-04-10T15:30:11Z</time></rtept><rtept lat="37.971397" lon="-106.97331"><ele>3641.2</ele><time>2026-04-10T15:30:11Z</time></rtept><rtept lat="37.971392" lon="-106.973349"><ele>3641.2</ele><time>2026-04-10T15:30:11Z</time></rtept><rtept lat="37.971387" lon="-106.973387"><ele>3642.0</ele><time>2026-04-10T15:30:11Z</time></rtept><rtept lat="37.971358" lon="-106.973497"><ele>3642.8</ele><time>2026-04-10T15:30:11Z</time></rtept><rtept lat="37.971338" lon="-106.9736"><ele>3643.4</ele><time>2026-04-10T15:30:11Z</time></rtept><rtept lat="37.971337" lon="-106.973642"><ele>3644.2</ele><time>2026-04-10T15:30:11Z</time></rtept><rtept lat="37.971337" lon="-106.973657"><ele>3644.2</ele><time>2026-04-10T15:30:11Z</time></rtept><rtept lat="37.971336" lon="-106.973696"><ele>3644.2</ele><time>2026-04-10T15:30:11Z</time></rtept><rtept lat="37.971336" lon="-106.973728"><ele>3645.0</ele><time>2026-04-10T15:30:11Z</time></rtept><rtept lat="37.971335" lon="-106.973762"><ele>3645.0</ele><time>2026-04-10T15:30:11Z</time></rtept><rtept lat="37.97133" lon="-106.973795"><ele>3646.6</ele><time>2026-04-10T15:30:11Z</time></rtept><rtept lat="37.971339" lon="-106.973829"><ele>3645.8</ele><time>2026-04-10T15:30:11Z</time></rtept><rtept lat="37.971341" lon="-106.973945"><ele>3646.4</ele><time>2026-04-10T15:30:11Z</time></rtept><rtept lat="37.971333" lon="-106.973969"><ele>3648.2</ele><time>2026-04-10T15:30:11Z</time></rtept><rtept lat="37.971223" lon="-106.973987"><ele>3649.2</ele><time>2026-04-10T15:30:11Z</time></rtept><rtept lat="37.971205" lon="-106.974003"><ele>3649.2</ele><time>2026-04-10T15:30:11Z</time></rtept><rtept lat="37.971196" lon="-106.974028"><ele>3650.2</ele><time>2026-04-10T15:30:11Z</time></rtept><rtept lat="37.971154" lon="-106.974124"><ele>3651.2</ele><time>2026-04-10T15:30:11Z</time></rtept><rtept lat="37.97105" lon="-106.974133"><ele>3653.2</ele><time>2026-04-10T15:30:11Z</time></rtept><rtept lat="37.971018" lon="-106.974127"><ele>3653.2</ele><time>2026-04-10T15:30:11Z</time></rtept><rtept lat="37.970987" lon="-106.974127"><ele>3654.0</ele><time>2026-04-10T15:30:11Z</time></rtept><rtept lat="37.970955" lon="-106.974131"><ele>3654.0</ele><time>2026-04-10T15:30:11Z</time></rtept><rtept lat="37.970932" lon="-106.974141"><ele>3655.6</ele><time>2026-04-10T15:30:11Z</time></rtept><rtept lat="37.97091" lon="-106.974131"><ele>3655.0</ele><time>2026-04-10T15:30:11Z</time></rtept><rtept lat="37.970843" lon="-106.974123"><ele>3655.8</ele><time>2026-04-10T15:30:11Z</time></rtept><rtept lat="37.970829" lon="-106.97412"><ele>3655.8</ele><time>2026-04-10T15:30:11Z</time></rtept><rtept lat="37.970798" lon="-106.974109"><ele>3655.8</ele><time>2026-04-10T15:30:11Z</time></rtept><rtept lat="37.970767" lon="-106.974105"><ele>3656.4</ele><time>2026-04-10T15:30:11Z</time></rtept><rtept lat="37.970735" lon="-106.974107"><ele>3656.4</ele><time>2026-04-10T15:30:11Z</time></rtept><rtept lat="37.970703" lon="-106.974105"><ele>3657.0</ele><time>2026-04-10T15:30:11Z</time></rtept><rtept lat="37.970672" lon="-106.974105"><ele>3657.0</ele><time>2026-04-10T15:30:11Z</time></rtept><rtept lat="37.970645" lon="-106.974105"><ele>3657.4</ele><time>2026-04-10T15:30:11Z</time></rtept><rtept lat="37.970622" lon="-106.974109"><ele>3657.4</ele><time>2026-04-10T15:30:11Z</time></rtept><rtept lat="37.970595" lon="-106.97412"><ele>3657.4</ele><time>2026-04-10T15:30:11Z</time></rtept><rtept lat="37.970572" lon="-106.974124"><ele>3658.0</ele><time>2026-04-10T15:30:11Z</time></rtept><rtept lat="37.970545" lon="-106.97413"><ele>3658.0</ele><time>2026-04-10T15:30:11Z</time></rtept><rtept lat="37.970532" lon="-106.974138"><ele>3659.8</ele><time>2026-04-10T15:30:11Z</time></rtept><rtept lat="37.970513" lon="-106.974143"><ele>3660.4</ele><time>2026-04-10T15:30:11Z</time></rtept><rtept lat="37.970486" lon="-106.974143"><ele>3660.4</ele><time>2026-04-10T15:30:11Z</time></rtept><rtept lat="37.970455" lon="-106.974143"><ele>3661.2</ele><time>2026-04-10T15:30:11Z</time></rtept><rtept lat="37.970428" lon="-106.97413"><ele>3659.0</ele><time>2026-04-10T15:30:11Z</time></rtept><rtept lat="37.970406" lon="-106.974102"><ele>3659.0</ele><time>2026-04-10T15:30:11Z</time></rtept><rtept lat="37.970393" lon="-106.97407"><ele>3659.0</ele><time>2026-04-10T15:30:11Z</time></rtept><rtept lat="37.970375" lon="-106.974043"><ele>3657.8</ele><time>2026-04-10T15:30:11Z</time></rtept><rtept lat="37.970353" lon="-106.974029"><ele>3657.8</ele><time>2026-04-10T15:30:11Z</time></rtept><rtept lat="37.970326" lon="-106.974029"><ele>3657.8</ele><time>2026-04-10T15:30:11Z</time></rtept><rtept lat="37.970299" lon="-106.974034"><ele>3658.4</ele><time>2026-04-10T15:30:11Z</time></rtept><rtept lat="37.970276" lon="-106.974042"><ele>3658.4</ele><time>2026-04-10T15:30:11Z</time></rtept><rtept lat="37.97024" lon="-106.974043"><ele>3659.4</ele><time>2026-04-10T15:30:11Z</time></rtept><rtept lat="37.970227" lon="-106.974042"><ele>3659.4</ele><time>2026-04-10T15:30:11Z</time></rtept><rtept lat="37.9702" lon="-106.974035"><ele>3659.4</ele><time>2026-04-10T15:30:11Z</time></rtept><rtept lat="37.970146" lon="-106.974015"><ele>3660.8</ele><time>2026-04-10T15:30:11Z</time></rtept><rtept lat="37.970128" lon="-106.974"><ele>3660.8</ele><time>2026-04-10T15:30:11Z</time></rtept><rtept lat="37.970097" lon="-106.973974"><ele>3662.8</ele><time>2026-04-10T15:30:11Z</time></rtept><rtept lat="37.970075" lon="-106.973948"><ele>3660.8</ele><time>2026-04-10T15:30:11Z</time></rtept><rtept lat="37.970053" lon="-106.973928"><ele>3660.8</ele><time>2026-04-10T15:30:11Z</time></rtept><rtept lat="37.970026" lon="-106.973915"><ele>3662.6</ele><time>2026-04-10T15:30:11Z</time></rtept><rtept lat="37.97" lon="-106.973892"><ele>3662.6</ele><time>2026-04-10T15:30:11Z</time></rtept><rtept lat="37.969973" lon="-106.973874"><ele>3662.6</ele><time>2026-04-10T15:30:11Z</time></rtept><rtept lat="37.969924" lon="-106.973833"><ele>3662.6</ele><time>2026-04-10T15:30:11Z</time></rtept><rtept lat="37.969906" lon="-106.973826"><ele>3665.0</ele><time>2026-04-10T15:30:11Z</time></rtept><rtept lat="37.969875" lon="-106.973813"><ele>3665.0</ele><time>2026-04-10T15:30:11Z</time></rtept><rtept lat="37.969852" lon="-106.973812"><ele>3665.0</ele><time>2026-04-10T15:30:11Z</time></rtept><rtept lat="37.969825" lon="-106.973795"><ele>3667.4</ele><time>2026-04-10T15:30:11Z</time></rtept><rtept lat="37.969799" lon="-106.973776"><ele>3665.0</ele><time>2026-04-10T15:30:11Z</time></rtept><rtept lat="37.969772" lon="-106.973767"><ele>3667.6</ele><time>2026-04-10T15:30:11Z</time></rtept><rtept lat="37.969754" lon="-106.973753"><ele>3667.6</ele><time>2026-04-10T15:30:11Z</time></rtept><rtept lat="37.969709" lon="-106.973727"><ele>3670.4</ele><time>2026-04-10T15:30:11Z</time></rtept><rtept lat="37.9697" lon="-106.97372"><ele>3670.4</ele><time>2026-04-10T15:30:11Z</time></rtept><rtept lat="37.969678" lon="-106.973708"><ele>3670.4</ele><time>2026-04-10T15:30:11Z</time></rtept><rtept lat="37.969651" lon="-106.97369"><ele>3667.8</ele><time>2026-04-10T15:30:11Z</time></rtept><rtept lat="37.969625" lon="-106.97367"><ele>3670.8</ele><time>2026-04-10T15:30:11Z</time></rtept><rtept lat="37.969602" lon="-106.973655"><ele>3670.8</ele><time>2026-04-10T15:30:11Z</time></rtept><rtept lat="37.96958" lon="-106.973633"><ele>3670.8</ele><time>2026-04-10T15:30:11Z</time></rtept><rtept lat="37.969558" lon="-106.973612"><ele>3671.2</ele><time>2026-04-10T15:30:11Z</time></rtept><rtept lat="37.969536" lon="-106.973594"><ele>3671.2</ele><time>2026-04-10T15:30:11Z</time></rtept><rtept lat="37.969518" lon="-106.97357"><ele>3671.2</ele><time>2026-04-10T15:30:11Z</time></rtept><rtept lat="37.969487" lon="-106.973546"><ele>3674.2</ele><time>2026-04-10T15:30:11Z</time></rtept><rtept lat="37.969474" lon="-106.973535"><ele>3674.2</ele><time>2026-04-10T15:30:11Z</time></rtept><rtept lat="37.969452" lon="-106.973518"><ele>3671.6</ele><time>2026-04-10T15:30:11Z</time></rtept><rtept lat="37.96942" lon="-106.973498"><ele>3674.6</ele><time>2026-04-10T15:30:11Z</time></rtept><rtept lat="37.969393" lon="-106.973487"><ele>3674.6</ele><time>2026-04-10T15:30:11Z</time></rtept><rtept lat="37.969371" lon="-106.97347"><ele>3677.6</ele><time>2026-04-10T15:30:11Z</time></rtept><rtept lat="37.969354" lon="-106.973444"><ele>3675.0</ele><time>2026-04-10T15:30:11Z</time></rtept><rtept lat="37.969327" lon="-106.97343"><ele>3675.0</ele><time>2026-04-10T15:30:11Z</time></rtept><rtept lat="37.969309" lon="-106.973407"><ele>3675.0</ele><time>2026-04-10T15:30:11Z</time></rtept><rtept lat="37.969251" lon="-106.973366"><ele>3677.8</ele><time>2026-04-10T15:30:11Z</time></rtept><rtept lat="37.969229" lon="-106.973347"><ele>3678.2</ele><time>2026-04-10T15:30:11Z</time></rtept><rtept lat="37.969207" lon="-106.973319"><ele>3678.2</ele><time>2026-04-10T15:30:11Z</time></rtept><rtept lat="37.969185" lon="-106.973297"><ele>3678.2</ele><time>2026-04-10T15:30:11Z</time></rtept><rtept lat="37.969158" lon="-106.973278"><ele>3680.8</ele><time>2026-04-10T15:30:11Z</time></rtept><rtept lat="37.969141" lon="-106.973257"><ele>3678.4</ele><time>2026-04-10T15:30:11Z</time></rtept><rtept lat="37.969123" lon="-106.973237"><ele>3678.4</ele><time>2026-04-10T15:30:11Z</time></rtept><rtept lat="37.969101" lon="-106.973217"><ele>3681.0</ele><time>2026-04-10T15:30:11Z</time></rtept><rtept lat="37.969083" lon="-106.973194"><ele>3681.0</ele><time>2026-04-10T15:30:11Z</time></rtept><rtept lat="37.969061" lon="-106.973173"><ele>3678.8</ele><time>2026-04-10T15:30:11Z</time></rtept><rtept lat="37.969034" lon="-106.973137"><ele>3681.2</ele><time>2026-04-10T15:30:11Z</time></rtept><rtept lat="37.96903" lon="-106.973126"><ele>3681.2</ele><time>2026-04-10T15:30:11Z</time></rtept><rtept lat="37.969012" lon="-106.973101"><ele>3679.0</ele><time>2026-04-10T15:30:11Z</time></rtept><rtept lat="37.968995" lon="-106.973076"><ele>3679.0</ele><time>2026-04-10T15:30:11Z</time></rtept><rtept lat="37.968973" lon="-106.973049"><ele>3679.0</ele><time>2026-04-10T15:30:11Z</time></rtept><rtept lat="37.968951" lon="-106.973024"><ele>3681.4</ele><time>2026-04-10T15:30:11Z</time></rtept><rtept lat="37.968933" lon="-106.973002"><ele>3679.2</ele><time>2026-04-10T15:30:11Z</time></rtept><rtept lat="37.968911" lon="-106.972965"><ele>3679.2</ele><time>2026-04-10T15:30:11Z</time></rtept><rtept lat="37.968867" lon="-106.972938"><ele>3681.6</ele><time>2026-04-10T15:30:11Z</time></rtept><rtept lat="37.96884" lon="-106.972922"><ele>3679.2</ele><time>2026-04-10T15:30:11Z</time></rtept><rtept lat="37.968817" lon="-106.97291"><ele>3681.6</ele><time>2026-04-10T15:30:11Z</time></rtept><rtept lat="37.968791" lon="-106.972893"><ele>3681.6</ele><time>2026-04-10T15:30:11Z</time></rtept><rtept lat="37.968769" lon="-106.972867"><ele>3681.6</ele><time>2026-04-10T15:30:11Z</time></rtept><rtept lat="37.968746" lon="-106.972865"><ele>3684.2</ele><time>2026-04-10T15:30:11Z</time></rtept><rtept lat="37.968711" lon="-106.972842"><ele>3681.8</ele><time>2026-04-10T15:30:11Z</time></rtept><rtept lat="37.968684" lon="-106.972825"><ele>3684.2</ele><time>2026-04-10T15:30:11Z</time></rtept><rtept lat="37.968661" lon="-106.972807"><ele>3684.2</ele><time>2026-04-10T15:30:11Z</time></rtept><rtept lat="37.968635" lon="-106.972789"><ele>3684.2</ele><time>2026-04-10T15:30:11Z</time></rtept><rtept lat="37.968608" lon="-106.972766"><ele>3686.8</ele><time>2026-04-10T15:30:11Z</time></rtept><rtept lat="37.968581" lon="-106.97275"><ele>3684.2</ele><time>2026-04-10T15:30:11Z</time></rtept><rtept lat="37.96855" lon="-106.972736"><ele>3686.4</ele><time>2026-04-10T15:30:11Z</time></rtept><rtept lat="37.968523" lon="-106.972719"><ele>3686.4</ele><time>2026-04-10T15:30:11Z</time></rtept><rtept lat="37.968497" lon="-106.972702"><ele>3686.4</ele><time>2026-04-10T15:30:11Z</time></rtept><rtept lat="37.96847" lon="-106.97269"><ele>3688.6</ele><time>2026-04-10T15:30:11Z</time></rtept><rtept lat="37.968403" lon="-106.972655"><ele>3687.2</ele><time>2026-04-10T15:30:11Z</time></rtept><rtept lat="37.968376" lon="-106.972639"><ele>3687.2</ele><time>2026-04-10T15:30:11Z</time></rtept><rtept lat="37.968349" lon="-106.972628"><ele>3688.8</ele><time>2026-04-10T15:30:11Z</time></rtept><rtept lat="37.968322" lon="-106.972619"><ele>3688.8</ele><time>2026-04-10T15:30:11Z</time></rtept><rtept lat="37.968295" lon="-106.972606"><ele>3688.8</ele><time>2026-04-10T15:30:11Z</time></rtept><rtept lat="37.968269" lon="-106.972594"><ele>3689.8</ele><time>2026-04-10T15:30:11Z</time></rtept><rtept lat="37.968242" lon="-106.972586"><ele>3687.0</ele><time>2026-04-10T15:30:11Z</time></rtept><rtept lat="37.968215" lon="-106.972572"><ele>3687.8</ele><time>2026-04-10T15:30:11Z</time></rtept><rtept lat="37.968188" lon="-106.972565"><ele>3687.8</ele><time>2026-04-10T15:30:11Z</time></rtept><rtept lat="37.968165" lon="-106.972577"><ele>3687.8</ele><time>2026-04-10T15:30:11Z</time></rtept><rtept lat="37.968147" lon="-106.97259"><ele>3691.2</ele><time>2026-04-10T15:30:11Z</time></rtept><rtept lat="37.968129" lon="-106.972595"><ele>3691.2</ele><time>2026-04-10T15:30:11Z</time></rtept><rtept lat="37.968088" lon="-106.972605"><ele>3691.2</ele><time>2026-04-10T15:30:11Z</time></rtept><rtept lat="37.968056" lon="-106.972626"><ele>3691.6</ele><time>2026-04-10T15:30:11Z</time></rtept><rtept lat="37.968034" lon="-106.972634"><ele>3691.6</ele><time>2026-04-10T15:30:11Z</time></rtept><rtept lat="37.968002" lon="-106.972638"><ele>3691.8</ele><time>2026-04-10T15:30:11Z</time></rtept><rtept lat="37.967984" lon="-106.972645"><ele>3691.8</ele><time>2026-04-10T15:30:11Z</time></rtept><rtept lat="37.967961" lon="-106.972653"><ele>3691.8</ele><time>2026-04-10T15:30:11Z</time></rtept><rtept lat="37.967925" lon="-106.972668"><ele>3691.6</ele><time>2026-04-10T15:30:11Z</time></rtept><rtept lat="37.967911" lon="-106.972681"><ele>3694.2</ele><time>2026-04-10T15:30:11Z</time></rtept><rtept lat="37.967888" lon="-106.972692"><ele>3694.2</ele><time>2026-04-10T15:30:11Z</time></rtept><rtept lat="37.967861" lon="-106.972736"><ele>3693.4</ele><time>2026-04-10T15:30:11Z</time></rtept><rtept lat="37.967865" lon="-106.972746"><ele>3693.4</ele><time>2026-04-10T15:30:11Z</time></rtept><rtept lat="37.96786" lon="-106.972774"><ele>3695.6</ele><time>2026-04-10T15:30:11Z</time></rtept><rtept lat="37.96786" lon="-106.972801"><ele>3695.6</ele><time>2026-04-10T15:30:11Z</time></rtept><rtept lat="37.967859" lon="-106.972831"><ele>3695.6</ele><time>2026-04-10T15:30:11Z</time></rtept><rtept lat="37.967854" lon="-106.972863"><ele>3697.4</ele><time>2026-04-10T15:30:11Z</time></rtept><rtept lat="37.967853" lon="-106.972894"><ele>3697.4</ele><time>2026-04-10T15:30:11Z</time></rtept><rtept lat="37.967844" lon="-106.972925"><ele>3697.4</ele><time>2026-04-10T15:30:11Z</time></rtept><rtept lat="37.967844" lon="-106.972954"><ele>3698.8</ele><time>2026-04-10T15:30:11Z</time></rtept><rtept lat="37.967847" lon="-106.973004"><ele>3698.8</ele><time>2026-04-10T15:30:11Z</time></rtept><rtept lat="37.967847" lon="-106.973014"><ele>3698.8</ele><time>2026-04-10T15:30:11Z</time></rtept><rtept lat="37.967851" lon="-106.973041"><ele>3700.4</ele><time>2026-04-10T15:30:11Z</time></rtept><rtept lat="37.967855" lon="-106.973073"><ele>3700.4</ele><time>2026-04-10T15:30:11Z</time></rtept><rtept lat="37.967863" lon="-106.973103"><ele>3700.4</ele><time>2026-04-10T15:30:11Z</time></rtept><rtept lat="37.967868" lon="-106.973131"><ele>3702.0</ele><time>2026-04-10T15:30:11Z</time></rtept><rtept lat="37.967872" lon="-106.973156"><ele>3702.0</ele><time>2026-04-10T15:30:11Z</time></rtept><rtept lat="37.967871" lon="-106.973184"><ele>3702.0</ele><time>2026-04-10T15:30:11Z</time></rtept><rtept lat="37.967871" lon="-106.973205"><ele>3703.6</ele><time>2026-04-10T15:30:11Z</time></rtept><rtept lat="37.967875" lon="-106.973221"><ele>3703.6</ele><time>2026-04-10T15:30:11Z</time></rtept><rtept lat="37.967875" lon="-106.973246"><ele>3703.6</ele><time>2026-04-10T15:30:11Z</time></rtept><rtept lat="37.967883" lon="-106.973278"><ele>3705.4</ele><time>2026-04-10T15:30:11Z</time></rtept><rtept lat="37.967891" lon="-106.973311"><ele>3706.4</ele><time>2026-04-10T15:30:11Z</time></rtept><rtept lat="37.967896" lon="-106.973341"><ele>3706.4</ele><time>2026-04-10T15:30:11Z</time></rtept><rtept lat="37.967904" lon="-106.973372"><ele>3708.0</ele><time>2026-04-10T15:30:11Z</time></rtept><rtept lat="37.967913" lon="-106.973404"><ele>3708.0</ele><time>2026-04-10T15:30:11Z</time></rtept><rtept lat="37.967917" lon="-106.973434"><ele>3708.0</ele><time>2026-04-10T15:30:11Z</time></rtept><rtept lat="37.967916" lon="-106.973466"><ele>3709.4</ele><time>2026-04-10T15:30:11Z</time></rtept><rtept lat="37.967915" lon="-106.973497"><ele>3709.4</ele><time>2026-04-10T15:30:11Z</time></rtept><rtept lat="37.967919" lon="-106.973526"><ele>3709.4</ele><time>2026-04-10T15:30:11Z</time></rtept><rtept lat="37.967919" lon="-106.973555"><ele>3710.6</ele><time>2026-04-10T15:30:11Z</time></rtept><rtept lat="37.967919" lon="-106.97358"><ele>3710.6</ele><time>2026-04-10T15:30:11Z</time></rtept><rtept lat="37.967923" lon="-106.973603"><ele>3710.6</ele><time>2026-04-10T15:30:11Z</time></rtept><rtept lat="37.967931" lon="-106.973628"><ele>3712.0</ele><time>2026-04-10T15:30:11Z</time></rtept><rtept lat="37.967935" lon="-106.973654"><ele>3712.0</ele><time>2026-04-10T15:30:11Z</time></rtept><rtept lat="37.967935" lon="-106.97368"><ele>3712.0</ele><time>2026-04-10T15:30:11Z</time></rtept><rtept lat="37.967939" lon="-106.973708"><ele>3713.4</ele><time>2026-04-10T15:30:11Z</time></rtept><rtept lat="37.967943" lon="-106.973753"><ele>3713.4</ele><time>2026-04-10T15:30:11Z</time></rtept><rtept lat="37.967942" lon="-106.973769"><ele>3713.4</ele><time>2026-04-10T15:30:11Z</time></rtept><rtept lat="37.967946" lon="-106.973815"><ele>3714.8</ele><time>2026-04-10T15:30:11Z</time></rtept><rtept lat="37.967954" lon="-106.973864"><ele>3716.0</ele><time>2026-04-10T15:30:11Z</time></rtept><rtept lat="37.967963" lon="-106.973914"><ele>3717.6</ele><time>2026-04-10T15:30:11Z</time></rtept><rtept lat="37.967962" lon="-106.973963"><ele>3719.0</ele><time>2026-04-10T15:30:11Z</time></rtept><rtept lat="37.967965" lon="-106.97401"><ele>3719.0</ele><time>2026-04-10T15:30:11Z</time></rtept><rtept lat="37.967978" lon="-106.974055"><ele>3720.0</ele><time>2026-04-10T15:30:11Z</time></rtept><rtept lat="37.967991" lon="-106.974103"><ele>3720.0</ele><time>2026-04-10T15:30:11Z</time></rtept><rtept lat="37.967999" lon="-106.974148"><ele>3720.8</ele><time>2026-04-10T15:30:11Z</time></rtept><rtept lat="37.968008" lon="-106.974194"><ele>3720.8</ele><time>2026-04-10T15:30:11Z</time></rtept><rtept lat="37.96802" lon="-106.97424"><ele>3722.4</ele><time>2026-04-10T15:30:11Z</time></rtept><rtept lat="37.968033" lon="-106.974285"><ele>3722.4</ele><time>2026-04-10T15:30:11Z</time></rtept><rtept lat="37.96805" lon="-106.974327"><ele>3723.0</ele><time>2026-04-10T15:30:11Z</time></rtept><rtept lat="37.968062" lon="-106.974405"><ele>3723.6</ele><time>2026-04-10T15:30:11Z</time></rtept><rtept lat="37.968067" lon="-106.974423"><ele>3723.6</ele><time>2026-04-10T15:30:11Z</time></rtept><rtept lat="37.96807" lon="-106.974473"><ele>3723.6</ele><time>2026-04-10T15:30:11Z</time></rtept><rtept lat="37.96807" lon="-106.974521"><ele>3724.4</ele><time>2026-04-10T15:30:11Z</time></rtept><rtept lat="37.968073" lon="-106.974567"><ele>3725.6</ele><time>2026-04-10T15:30:11Z</time></rtept><rtept lat="37.96809" lon="-106.97461"><ele>3726.4</ele><time>2026-04-10T15:30:11Z</time></rtept><rtept lat="37.96809" lon="-106.974659"><ele>3727.6</ele><time>2026-04-10T15:30:11Z</time></rtept><rtept lat="37.968098" lon="-106.974709"><ele>3727.6</ele><time>2026-04-10T15:30:11Z</time></rtept><rtept lat="37.968111" lon="-106.974757"><ele>3729.0</ele><time>2026-04-10T15:30:11Z</time></rtept><rtept lat="37.968128" lon="-106.9748"><ele>3729.0</ele><time>2026-04-10T15:30:11Z</time></rtept><rtept lat="37.968132" lon="-106.974845"><ele>3730.2</ele><time>2026-04-10T15:30:11Z</time></rtept><rtept lat="37.968126" lon="-106.974885"><ele>3730.2</ele><time>2026-04-10T15:30:11Z</time></rtept><rtept lat="37.96813" lon="-106.974933"><ele>3731.6</ele><time>2026-04-10T15:30:11Z</time></rtept><rtept lat="37.968138" lon="-106.974981"><ele>3731.6</ele><time>2026-04-10T15:30:11Z</time></rtept><rtept lat="37.968142" lon="-106.975028"><ele>3733.0</ele><time>2026-04-10T15:30:11Z</time></rtept><rtept lat="37.968155" lon="-106.975078"><ele>3733.4</ele><time>2026-04-10T15:30:11Z</time></rtept><rtept lat="37.968171" lon="-106.97517"><ele>3736.6</ele><time>2026-04-10T15:30:11Z</time></rtept><rtept lat="37.96817" lon="-106.975217"><ele>3736.6</ele><time>2026-04-10T15:30:11Z</time></rtept><rtept lat="37.968179" lon="-106.975264"><ele>3738.4</ele><time>2026-04-10T15:30:11Z</time></rtept><rtept lat="37.968182" lon="-106.975312"><ele>3738.4</ele><time>2026-04-10T15:30:11Z</time></rtept><rtept lat="37.968182" lon="-106.975359"><ele>3740.2</ele><time>2026-04-10T15:30:11Z</time></rtept><rtept lat="37.968185" lon="-106.975399"><ele>3740.2</ele><time>2026-04-10T15:30:11Z</time></rtept><rtept lat="37.968203" lon="-106.97544"><ele>3742.0</ele><time>2026-04-10T15:30:11Z</time></rtept><rtept lat="37.96822" lon="-106.975479"><ele>3742.0</ele><time>2026-04-10T15:30:11Z</time></rtept><rtept lat="37.968246" lon="-106.97552"><ele>3744.4</ele><time>2026-04-10T15:30:11Z</time></rtept><rtept lat="37.968264" lon="-106.975563"><ele>3744.4</ele><time>2026-04-10T15:30:11Z</time></rtept><rtept lat="37.968263" lon="-106.975611"><ele>3745.8</ele><time>2026-04-10T15:30:11Z</time></rtept><rtept lat="37.968271" lon="-106.975656"><ele>3745.8</ele><time>2026-04-10T15:30:11Z</time></rtept><rtept lat="37.968279" lon="-106.975756"><ele>3747.2</ele><time>2026-04-10T15:30:11Z</time></rtept><rtept lat="37.968283" lon="-106.975771"><ele>3748.6</ele><time>2026-04-10T15:30:11Z</time></rtept><rtept lat="37.968296" lon="-106.975821"><ele>3749.2</ele><time>2026-04-10T15:30:11Z</time></rtept><rtept lat="37.968295" lon="-106.975871"><ele>3750.6</ele><time>2026-04-10T15:30:11Z</time></rtept><rtept lat="37.968257" lon="-106.975981"><ele>3751.2</ele><time>2026-04-10T15:30:11Z</time></rtept><rtept lat="37.968243" lon="-106.976012"><ele>3751.2</ele><time>2026-04-10T15:30:11Z</time></rtept><rtept lat="37.968228" lon="-106.97606"><ele>3752.6</ele><time>2026-04-10T15:30:11Z</time></rtept><rtept lat="37.968223" lon="-106.976114"><ele>3754.0</ele><time>2026-04-10T15:30:11Z</time></rtept><rtept lat="37.968213" lon="-106.976164"><ele>3752.8</ele><time>2026-04-10T15:30:11Z</time></rtept><rtept lat="37.968199" lon="-106.976212"><ele>3754.0</ele><time>2026-04-10T15:30:11Z</time></rtept><rtept lat="37.968179" lon="-106.976298"><ele>3755.0</ele><time>2026-04-10T15:30:11Z</time></rtept><rtept lat="37.968183" lon="-106.976345"><ele>3755.0</ele><time>2026-04-10T15:30:11Z</time></rtept><rtept lat="37.968191" lon="-106.976391"><ele>3756.0</ele><time>2026-04-10T15:30:11Z</time></rtept><rtept lat="37.9682" lon="-106.976439"><ele>3756.0</ele><time>2026-04-10T15:30:11Z</time></rtept><rtept lat="37.968203" lon="-106.976486"><ele>3756.8</ele><time>2026-04-10T15:30:11Z</time></rtept><rtept lat="37.968202" lon="-106.976532"><ele>3756.8</ele><time>2026-04-10T15:30:11Z</time></rtept><rtept lat="37.968201" lon="-106.976584"><ele>3757.6</ele><time>2026-04-10T15:30:11Z</time></rtept><rtept lat="37.968205" lon="-106.976631"><ele>3758.6</ele><time>2026-04-10T15:30:11Z</time></rtept><rtept lat="37.968209" lon="-106.97668"><ele>3758.6</ele><time>2026-04-10T15:30:11Z</time></rtept><rtept lat="37.968212" lon="-106.976783"><ele>3759.6</ele><time>2026-04-10T15:30:11Z</time></rtept><rtept lat="37.968211" lon="-106.976798"><ele>3760.6</ele><time>2026-04-10T15:30:11Z</time></rtept><rtept lat="37.968215" lon="-106.976847"><ele>3760.6</ele><time>2026-04-10T15:30:11Z</time></rtept><rtept lat="37.968223" lon="-106.976892"><ele>3763.6</ele><time>2026-04-10T15:30:11Z</time></rtept><rtept lat="37.968231" lon="-106.976946"><ele>3763.6</ele><time>2026-04-10T15:30:11Z</time></rtept><rtept lat="37.96824" lon="-106.976994"><ele>3764.8</ele><time>2026-04-10T15:30:11Z</time></rtept><rtept lat="37.968239" lon="-106.977045"><ele>3764.8</ele><time>2026-04-10T15:30:11Z</time></rtept><rtept lat="37.968238" lon="-106.977096"><ele>3765.8</ele><time>2026-04-10T15:30:11Z</time></rtept><rtept lat="37.968242" lon="-106.977144"><ele>3766.8</ele><time>2026-04-10T15:30:11Z</time></rtept><rtept lat="37.968245" lon="-106.977183"><ele>3766.8</ele><time>2026-04-10T15:30:11Z</time></rtept><rtept lat="37.968254" lon="-106.977232"><ele>3768.0</ele><time>2026-04-10T15:30:11Z</time></rtept><rtept lat="37.968257" lon="-106.977282"><ele>3768.0</ele><time>2026-04-10T15:30:11Z</time></rtept><rtept lat="37.968266" lon="-106.977337"><ele>3769.4</ele><time>2026-04-10T15:30:11Z</time></rtept><rtept lat="37.968269" lon="-106.977393"><ele>3769.4</ele><time>2026-04-10T15:30:11Z</time></rtept><rtept lat="37.968268" lon="-106.977444"><ele>3770.8</ele><time>2026-04-10T15:30:11Z</time></rtept><rtept lat="37.968266" lon="-106.97756"><ele>3772.4</ele><time>2026-04-10T15:30:11Z</time></rtept><rtept lat="37.968266" lon="-106.977609"><ele>3774.2</ele><time>2026-04-10T15:30:11Z</time></rtept><rtept lat="37.968269" lon="-106.977661"><ele>3775.8</ele><time>2026-04-10T15:30:11Z</time></rtept><rtept lat="37.968273" lon="-106.977709"><ele>3775.8</ele><time>2026-04-10T15:30:11Z</time></rtept><rtept lat="37.968276" lon="-106.977754"><ele>3777.2</ele><time>2026-04-10T15:30:11Z</time></rtept><rtept lat="37.968276" lon="-106.977807"><ele>3777.2</ele><time>2026-04-10T15:30:11Z</time></rtept><rtept lat="37.968279" lon="-106.97785"><ele>3778.4</ele><time>2026-04-10T15:30:11Z</time></rtept><rtept lat="37.968283" lon="-106.977898"><ele>3778.4</ele><time>2026-04-10T15:30:11Z</time></rtept><rtept lat="37.968296" lon="-106.977941"><ele>3781.4</ele><time>2026-04-10T15:30:11Z</time></rtept><rtept lat="37.968313" lon="-106.977983"><ele>3781.4</ele><time>2026-04-10T15:30:11Z</time></rtept><rtept lat="37.968317" lon="-106.97802"><ele>3782.2</ele><time>2026-04-10T15:30:11Z</time></rtept><rtept lat="37.968321" lon="-106.978061"><ele>3782.2</ele><time>2026-04-10T15:30:11Z</time></rtept><rtept lat="37.968325" lon="-106.97811"><ele>3782.8</ele><time>2026-04-10T15:30:11Z</time></rtept><rtept lat="37.968324" lon="-106.978141"><ele>3782.8</ele><time>2026-04-10T15:30:11Z</time></rtept><rtept lat="37.968328" lon="-106.978152"><ele>3782.8</ele><time>2026-04-10T15:30:11Z</time></rtept><rtept lat="37.968355" lon="-106.978173"><ele>3783.6</ele><time>2026-04-10T15:30:11Z</time></rtept><rtept lat="37.968377" lon="-106.978203"><ele>3785.4</ele><time>2026-04-10T15:30:11Z</time></rtept><rtept lat="37.968376" lon="-106.978242"><ele>3785.4</ele><time>2026-04-10T15:30:11Z</time></rtept><rtept lat="37.968389" lon="-106.97829"><ele>3786.2</ele><time>2026-04-10T15:30:11Z</time></rtept><rtept lat="37.968402" lon="-106.978337"><ele>3786.2</ele><time>2026-04-10T15:30:11Z</time></rtept><rtept lat="37.968406" lon="-106.978384"><ele>3787.2</ele><time>2026-04-10T15:30:11Z</time></rtept><rtept lat="37.968418" lon="-106.978429"><ele>3788.2</ele><time>2026-04-10T15:30:11Z</time></rtept><rtept lat="37.968418" lon="-106.978473"><ele>3788.2</ele><time>2026-04-10T15:30:11Z</time></rtept><rtept lat="37.968417" lon="-106.978518"><ele>3789.2</ele><time>2026-04-10T15:30:11Z</time></rtept><rtept lat="37.968412" lon="-106.978539"><ele>3789.2</ele><time>2026-04-10T15:30:11Z</time></rtept><rtept lat="37.968407" lon="-106.97857"><ele>3789.2</ele><time>2026-04-10T15:30:11Z</time></rtept><rtept lat="37.968407" lon="-106.978601"><ele>3790.2</ele><time>2026-04-10T15:30:11Z</time></rtept><rtept lat="37.968406" lon="-106.978618"><ele>3790.2</ele><time>2026-04-10T15:30:11Z</time></rtept><rtept lat="37.968396" lon="-106.978661"><ele>3790.2</ele><time>2026-04-10T15:30:11Z</time></rtept><rtept lat="37.968387" lon="-106.978705"><ele>3791.0</ele><time>2026-04-10T15:30:11Z</time></rtept><rtept lat="37.968381" lon="-106.978749"><ele>3791.0</ele><time>2026-04-10T15:30:11Z</time></rtept><rtept lat="37.968372" lon="-106.978798"><ele>3792.0</ele><time>2026-04-10T15:30:11Z</time></rtept><rtept lat="37.968371" lon="-106.978843"><ele>3792.0</ele><time>2026-04-10T15:30:11Z</time></rtept><rtept lat="37.968383" lon="-106.978947"><ele>3794.0</ele><time>2026-04-10T15:30:11Z</time></rtept><rtept lat="37.968382" lon="-106.978961"><ele>3794.0</ele><time>2026-04-10T15:30:11Z</time></rtept><rtept lat="37.968386" lon="-106.979006"><ele>3794.0</ele><time>2026-04-10T15:30:11Z</time></rtept><rtept lat="37.96839" lon="-106.979056"><ele>3795.2</ele><time>2026-04-10T15:30:11Z</time></rtept><rtept lat="37.968398" lon="-106.97911"><ele>3795.2</ele><time>2026-04-10T15:30:11Z</time></rtept><rtept lat="37.968406" lon="-106.979156"><ele>3796.2</ele><time>2026-04-10T15:30:11Z</time></rtept><rtept lat="37.96841" lon="-106.979195"><ele>3796.2</ele><time>2026-04-10T15:30:11Z</time></rtept><rtept lat="37.968409" lon="-106.97923"><ele>3797.4</ele><time>2026-04-10T15:30:11Z</time></rtept><rtept lat="37.968409" lon="-106.979276"><ele>3797.4</ele><time>2026-04-10T15:30:11Z</time></rtept><rtept lat="37.968412" lon="-106.979325"><ele>3798.4</ele><time>2026-04-10T15:30:11Z</time></rtept><rtept lat="37.968425" lon="-106.979405"><ele>3799.6</ele><time>2026-04-10T15:30:11Z</time></rtept><rtept lat="37.968429" lon="-106.97942"><ele>3801.8</ele><time>2026-04-10T15:30:11Z</time></rtept><rtept lat="37.968437" lon="-106.979469"><ele>3803.0</ele><time>2026-04-10T15:30:11Z</time></rtept><rtept lat="37.968441" lon="-106.979518"><ele>3803.0</ele><time>2026-04-10T15:30:11Z</time></rtept><rtept lat="37.968449" lon="-106.979565"><ele>3804.2</ele><time>2026-04-10T15:30:11Z</time></rtept><rtept lat="37.968448" lon="-106.979615"><ele>3804.2</ele><time>2026-04-10T15:30:11Z</time></rtept><rtept lat="37.968452" lon="-106.979664"><ele>3805.4</ele><time>2026-04-10T15:30:11Z</time></rtept><rtept lat="37.96846" lon="-106.97971"><ele>3805.4</ele><time>2026-04-10T15:30:11Z</time></rtept><rtept lat="37.968464" lon="-106.979757"><ele>3806.6</ele><time>2026-04-10T15:30:11Z</time></rtept><rtept lat="37.968467" lon="-106.979805"><ele>3807.6</ele><time>2026-04-10T15:30:11Z</time></rtept><rtept lat="37.96848" lon="-106.979884"><ele>3807.6</ele><time>2026-04-10T15:30:11Z</time></rtept><rtept lat="37.968483" lon="-106.979915"><ele>3808.8</ele><time>2026-04-10T15:30:11Z</time></rtept><rtept lat="37.968505" lon="-106.979955"><ele>3811.2</ele><time>2026-04-10T15:30:11Z</time></rtept><rtept lat="37.968509" lon="-106.980006"><ele>3812.6</ele><time>2026-04-10T15:30:11Z</time></rtept><rtept lat="37.968522" lon="-106.980054"><ele>3812.6</ele><time>2026-04-10T15:30:11Z</time></rtept><rtept lat="37.968543" lon="-106.980098"><ele>3813.8</ele><time>2026-04-10T15:30:11Z</time></rtept><rtept lat="37.96857" lon="-106.980134"><ele>3816.2</ele><time>2026-04-10T15:30:11Z</time></rtept><rtept lat="37.968583" lon="-106.980182"><ele>3817.6</ele><time>2026-04-10T15:30:11Z</time></rtept><rtept lat="37.968586" lon="-106.98023"><ele>3819.0</ele><time>2026-04-10T15:30:11Z</time></rtept><rtept lat="37.968594" lon="-106.980281"><ele>3819.0</ele><time>2026-04-10T15:30:11Z</time></rtept><rtept lat="37.968603" lon="-106.980323"><ele>3820.6</ele><time>2026-04-10T15:30:11Z</time></rtept><rtept lat="37.968602" lon="-106.980369"><ele>3820.6</ele><time>2026-04-10T15:30:11Z</time></rtept><rtept lat="37.968606" lon="-106.980414"><ele>3822.4</ele><time>2026-04-10T15:30:11Z</time></rtept><rtept lat="37.96861" lon="-106.980459"><ele>3822.4</ele><time>2026-04-10T15:30:11Z</time></rtept><rtept lat="37.968608" lon="-106.980546"><ele>3824.2</ele><time>2026-04-10T15:30:11Z</time></rtept><rtept lat="37.968603" lon="-106.980563"><ele>3824.2</ele><time>2026-04-10T15:30:11Z</time></rtept><rtept lat="37.968602" lon="-106.98061"><ele>3826.2</ele><time>2026-04-10T15:30:11Z</time></rtept><rtept lat="37.968602" lon="-106.98066"><ele>3827.8</ele><time>2026-04-10T15:30:11Z</time></rtept><rtept lat="37.968596" lon="-106.980711"><ele>3827.8</ele><time>2026-04-10T15:30:11Z</time></rtept><rtept lat="37.968586" lon="-106.980758"><ele>3829.6</ele><time>2026-04-10T15:30:11Z</time></rtept><rtept lat="37.968577" lon="-106.980809"><ele>3829.6</ele><time>2026-04-10T15:30:11Z</time></rtept><rtept lat="37.968589" lon="-106.980853"><ele>3831.0</ele><time>2026-04-10T15:30:11Z</time></rtept><rtept lat="37.968598" lon="-106.980903"><ele>3831.0</ele><time>2026-04-10T15:30:11Z</time></rtept><rtept lat="37.968601" lon="-106.98094"><ele>3832.4</ele><time>2026-04-10T15:30:11Z</time></rtept><rtept lat="37.968605" lon="-106.980985"><ele>3832.4</ele><time>2026-04-10T15:30:11Z</time></rtept><rtept lat="37.968609" lon="-106.981031"><ele>3834.0</ele><time>2026-04-10T15:30:11Z</time></rtept><rtept lat="37.968608" lon="-106.981076"><ele>3834.0</ele><time>2026-04-10T15:30:11Z</time></rtept><rtept lat="37.968603" lon="-106.98112"><ele>3835.8</ele><time>2026-04-10T15:30:11Z</time></rtept><rtept lat="37.968606" lon="-106.981203"><ele>3837.4</ele><time>2026-04-10T15:30:11Z</time></rtept><rtept lat="37.968606" lon="-106.981216"><ele>3837.4</ele><time>2026-04-10T15:30:11Z</time></rtept><rtept lat="37.968608" lon="-106.981323"><ele>3839.2</ele><time>2026-04-10T15:30:11Z</time></rtept><rtept lat="37.968613" lon="-106.981341"><ele>3839.2</ele><time>2026-04-10T15:30:11Z</time></rtept><rtept lat="37.968616" lon="-106.981391"><ele>3841.0</ele><time>2026-04-10T15:30:11Z</time></rtept><rtept lat="37.968624" lon="-106.981441"><ele>3842.6</ele><time>2026-04-10T15:30:11Z</time></rtept><rtept lat="37.968633" lon="-106.981491"><ele>3844.4</ele><time>2026-04-10T15:30:11Z</time></rtept><rtept lat="37.968632" lon="-106.98154"><ele>3845.6</ele><time>2026-04-10T15:30:11Z</time></rtept><rtept lat="37.968635" lon="-106.981594"><ele>3845.6</ele><time>2026-04-10T15:30:11Z</time></rtept><rtept lat="37.968639" lon="-106.981638"><ele>3847.0</ele><time>2026-04-10T15:30:11Z</time></rtept><rtept lat="37.968639" lon="-106.981686"><ele>3847.0</ele><time>2026-04-10T15:30:11Z</time></rtept><rtept lat="37.968642" lon="-106.981734"><ele>3848.4</ele><time>2026-04-10T15:30:11Z</time></rtept><rtept lat="37.968641" lon="-106.981782"><ele>3849.6</ele><time>2026-04-10T15:30:11Z</time></rtept><rtept lat="37.968645" lon="-106.981833"><ele>3849.6</ele><time>2026-04-10T15:30:11Z</time></rtept><rtept lat="37.968644" lon="-106.981884"><ele>3851.2</ele><time>2026-04-10T15:30:11Z</time></rtept><rtept lat="37.968648" lon="-106.981933"><ele>3851.2</ele><time>2026-04-10T15:30:11Z</time></rtept><rtept lat="37.968647" lon="-106.981983"><ele>3852.8</ele><time>2026-04-10T15:30:11Z</time></rtept><rtept lat="37.968646" lon="-106.98203"><ele>3852.8</ele><time>2026-04-10T15:30:11Z</time></rtept><rtept lat="37.968641" lon="-106.98208"><ele>3854.2</ele><time>2026-04-10T15:30:11Z</time></rtept><rtept lat="37.96864" lon="-106.982129"><ele>3855.6</ele><time>2026-04-10T15:30:11Z</time></rtept><rtept lat="37.968648" lon="-106.982172"><ele>3855.6</ele><time>2026-04-10T15:30:11Z</time></rtept><rtept lat="37.968647" lon="-106.982217"><ele>3857.2</ele><time>2026-04-10T15:30:11Z</time></rtept><rtept lat="37.968651" lon="-106.982264"><ele>3857.2</ele><time>2026-04-10T15:30:11Z</time></rtept><rtept lat="37.968642" lon="-106.982302"><ele>3858.8</ele><time>2026-04-10T15:30:11Z</time></rtept><rtept lat="37.968649" lon="-106.982386"><ele>3860.2</ele><time>2026-04-10T15:30:11Z</time></rtept><rtept lat="37.968658" lon="-106.98242"><ele>3860.2</ele><time>2026-04-10T15:30:11Z</time></rtept><rtept lat="37.968666" lon="-106.982472"><ele>3861.8</ele><time>2026-04-10T15:30:11Z</time></rtept><rtept lat="37.968678" lon="-106.98252"><ele>3861.8</ele><time>2026-04-10T15:30:11Z</time></rtept><rtept lat="37.968691" lon="-106.982567"><ele>3863.2</ele><time>2026-04-10T15:30:11Z</time></rtept><rtept lat="37.968695" lon="-106.982615"><ele>3863.2</ele><time>2026-04-10T15:30:11Z</time></rtept><rtept lat="37.968699" lon="-106.982659"><ele>3865.6</ele><time>2026-04-10T15:30:11Z</time></rtept><rtept lat="37.968693" lon="-106.982708"><ele>3864.6</ele><time>2026-04-10T15:30:11Z</time></rtept><rtept lat="37.968697" lon="-106.982755"><ele>3867.2</ele><time>2026-04-10T15:30:11Z</time></rtept><rtept lat="37.968701" lon="-106.9828"><ele>3867.2</ele><time>2026-04-10T15:30:11Z</time></rtept><rtept lat="37.968709" lon="-106.982848"><ele>3868.8</ele><time>2026-04-10T15:30:11Z</time></rtept><rtept lat="37.968713" lon="-106.982892"><ele>3870.6</ele><time>2026-04-10T15:30:11Z</time></rtept><rtept lat="37.968717" lon="-106.982932"><ele>3870.6</ele><time>2026-04-10T15:30:11Z</time></rtept><rtept lat="37.968773" lon="-106.983063"><ele>3875.4</ele><time>2026-04-10T15:30:11Z</time></rtept><rtept lat="37.968786" lon="-106.983095"><ele>3875.4</ele><time>2026-04-10T15:30:11Z</time></rtept><rtept lat="37.968803" lon="-106.983142"><ele>3875.4</ele><time>2026-04-10T15:30:11Z</time></rtept><rtept lat="37.96882" lon="-106.98319"><ele>3877.2</ele><time>2026-04-10T15:30:11Z</time></rtept><rtept lat="37.968842" lon="-106.983235"><ele>3879.4</ele><time>2026-04-10T15:30:11Z</time></rtept><rtept lat="37.968869" lon="-106.983278"><ele>3879.4</ele><time>2026-04-10T15:30:11Z</time></rtept><rtept lat="37.96889" lon="-106.98332"><ele>3880.6</ele><time>2026-04-10T15:30:11Z</time></rtept><rtept lat="37.968908" lon="-106.983366"><ele>3881.0</ele><time>2026-04-10T15:30:11Z</time></rtept><rtept lat="37.968929" lon="-106.98341"><ele>3882.2</ele><time>2026-04-10T15:30:11Z</time></rtept><rtept lat="37.968947" lon="-106.983455"><ele>3882.2</ele><time>2026-04-10T15:30:11Z</time></rtept><rtept lat="37.968959" lon="-106.983501"><ele>3883.6</ele><time>2026-04-10T15:30:11Z</time></rtept><rtept lat="37.968981" lon="-106.983542"><ele>3883.6</ele><time>2026-04-10T15:30:11Z</time></rtept><rtept lat="37.969054" lon="-106.983656"><ele>3884.6</ele><time>2026-04-10T15:30:11Z</time></rtept><rtept lat="37.969099" lon="-106.983787"><ele>3888.0</ele><time>2026-04-10T15:30:11Z</time></rtept><rtept lat="37.969119" lon="-106.983882"><ele>3889.0</ele><time>2026-04-10T15:30:11Z</time></rtept><rtept lat="37.969141" lon="-106.983924"><ele>3890.6</ele><time>2026-04-10T15:30:11Z</time></rtept><rtept lat="37.969163" lon="-106.983966"><ele>3890.6</ele><time>2026-04-10T15:30:11Z</time></rtept><rtept lat="37.969207" lon="-106.98405"><ele>3891.2</ele><time>2026-04-10T15:30:11Z</time></rtept><rtept lat="37.969229" lon="-106.984094"><ele>3892.6</ele><time>2026-04-10T15:30:11Z</time></rtept><rtept lat="37.96925" lon="-106.984139"><ele>3891.4</ele><time>2026-04-10T15:30:11Z</time></rtept><rtept lat="37.969272" lon="-106.984177"><ele>3893.0</ele><time>2026-04-10T15:30:11Z</time></rtept><rtept lat="37.969299" lon="-106.984213"><ele>3893.0</ele><time>2026-04-10T15:30:11Z</time></rtept><rtept lat="37.96933" lon="-106.984251"><ele>3891.8</ele><time>2026-04-10T15:30:11Z</time></rtept><rtept lat="37.969361" lon="-106.984288"><ele>3893.4</ele><time>2026-04-10T15:30:11Z</time></rtept><rtept lat="37.969382" lon="-106.984332"><ele>3892.2</ele><time>2026-04-10T15:30:11Z</time></rtept><rtept lat="37.969404" lon="-106.984375"><ele>3894.0</ele><time>2026-04-10T15:30:11Z</time></rtept><rtept lat="37.969421" lon="-106.984415"><ele>3894.0</ele><time>2026-04-10T15:30:11Z</time></rtept><rtept lat="37.969443" lon="-106.984453"><ele>3894.6</ele><time>2026-04-10T15:30:11Z</time></rtept><rtept lat="37.969465" lon="-106.984492"><ele>3894.6</ele><time>2026-04-10T15:30:11Z</time></rtept><rtept lat="37.969492" lon="-106.98453"><ele>3896.6</ele><time>2026-04-10T15:30:11Z</time></rtept><rtept lat="37.969518" lon="-106.984564"><ele>3895.2</ele><time>2026-04-10T15:30:11Z</time></rtept><rtept lat="37.969562" lon="-106.984631"><ele>3897.2</ele><time>2026-04-10T15:30:11Z</time></rtept><rtept lat="37.969579" lon="-106.984671"><ele>3896.0</ele><time>2026-04-10T15:30:11Z</time></rtept><rtept lat="37.969606" lon="-106.984697"><ele>3898.0</ele><time>2026-04-10T15:30:11Z</time></rtept><rtept lat="37.969637" lon="-106.984713"><ele>3898.0</ele><time>2026-04-10T15:30:11Z</time></rtept><rtept lat="37.969668" lon="-106.984746"><ele>3896.8</ele><time>2026-04-10T15:30:11Z</time></rtept><rtept lat="37.96969" lon="-106.984782"><ele>3899.0</ele><time>2026-04-10T15:30:11Z</time></rtept><rtept lat="37.969717" lon="-106.984812"><ele>3897.4</ele><time>2026-04-10T15:30:11Z</time></rtept><rtept lat="37.969743" lon="-106.98485"><ele>3897.4</ele><time>2026-04-10T15:30:11Z</time></rtept><rtept lat="37.969796" lon="-106.984933"><ele>3898.2</ele><time>2026-04-10T15:30:11Z</time></rtept><rtept lat="37.969817" lon="-106.984974"><ele>3900.4</ele><time>2026-04-10T15:30:11Z</time></rtept><rtept lat="37.969839" lon="-106.985021"><ele>3900.4</ele><time>2026-04-10T15:30:11Z</time></rtept><rtept lat="37.969861" lon="-106.985058"><ele>3901.2</ele><time>2026-04-10T15:30:11Z</time></rtept><rtept lat="37.969888" lon="-106.985102"><ele>3901.2</ele><time>2026-04-10T15:30:11Z</time></rtept><rtept lat="37.969909" lon="-106.985138"><ele>3903.4</ele><time>2026-04-10T15:30:11Z</time></rtept><rtept lat="37.969949" lon="-106.985171"><ele>3901.6</ele><time>2026-04-10T15:30:11Z</time></rtept><rtept lat="37.96998" lon="-106.98521"><ele>3903.8</ele><time>2026-04-10T15:30:11Z</time></rtept><rtept lat="37.970002" lon="-106.985249"><ele>3902.0</ele><time>2026-04-10T15:30:11Z</time></rtept><rtept lat="37.970033" lon="-106.985287"><ele>3902.0</ele><time>2026-04-10T15:30:11Z</time></rtept><rtept lat="37.970059" lon="-106.985322"><ele>3902.2</ele><time>2026-04-10T15:30:11Z</time></rtept><rtept lat="37.970091" lon="-106.985357"><ele>3902.2</ele><time>2026-04-10T15:30:11Z</time></rtept><rtept lat="37.970125" lon="-106.985412"><ele>3902.6</ele><time>2026-04-10T15:30:11Z</time></rtept><rtept lat="37.970134" lon="-106.985423"><ele>3902.6</ele><time>2026-04-10T15:30:11Z</time></rtept><rtept lat="37.97017" lon="-106.985465"><ele>3905.0</ele><time>2026-04-10T15:30:11Z</time></rtept><rtept lat="37.970192" lon="-106.985501"><ele>3903.0</ele><time>2026-04-10T15:30:11Z</time></rtept><rtept lat="37.970218" lon="-106.985538"><ele>3903.0</ele><time>2026-04-10T15:30:11Z</time></rtept><rtept lat="37.970244" lon="-106.985571"><ele>3905.6</ele><time>2026-04-10T15:30:11Z</time></rtept><rtept lat="37.970266" lon="-106.985608"><ele>3903.6</ele><time>2026-04-10T15:30:11Z</time></rtept><rtept lat="37.970297" lon="-106.985647"><ele>3906.2</ele><time>2026-04-10T15:30:11Z</time></rtept><rtept lat="37.970319" lon="-106.985685"><ele>3906.2</ele><time>2026-04-10T15:30:11Z</time></rtept><rtept lat="37.97035" lon="-106.985723"><ele>3906.6</ele><time>2026-04-10T15:30:11Z</time></rtept><rtept lat="37.970372" lon="-106.985761"><ele>3906.6</ele><time>2026-04-10T15:30:11Z</time></rtept><rtept lat="37.970403" lon="-106.985797"><ele>3904.2</ele><time>2026-04-10T15:30:11Z</time></rtept><rtept lat="37.970434" lon="-106.98583"><ele>3906.6</ele><time>2026-04-10T15:30:11Z</time></rtept><rtept lat="37.970465" lon="-106.985866"><ele>3904.2</ele><time>2026-04-10T15:30:11Z</time></rtept><rtept lat="37.970496" lon="-106.985902"><ele>3906.6</ele><time>2026-04-10T15:30:11Z</time></rtept><rtept lat="37.970527" lon="-106.985943"><ele>3904.2</ele><time>2026-04-10T15:30:11Z</time></rtept><rtept lat="37.970548" lon="-106.985981"><ele>3906.4</ele><time>2026-04-10T15:30:11Z</time></rtept><rtept lat="37.97058" lon="-106.986018"><ele>3906.4</ele><time>2026-04-10T15:30:11Z</time></rtept><rtept lat="37.970597" lon="-106.986062"><ele>3904.2</ele><time>2026-04-10T15:30:11Z</time></rtept><rtept lat="37.970619" lon="-106.986104"><ele>3906.4</ele><time>2026-04-10T15:30:11Z</time></rtept><rtept lat="37.970653" lon="-106.986182"><ele>3908.8</ele><time>2026-04-10T15:30:11Z</time></rtept><rtept lat="37.970671" lon="-106.986226"><ele>3906.2</ele><time>2026-04-10T15:30:11Z</time></rtept><rtept lat="37.970697" lon="-106.986268"><ele>3908.6</ele><time>2026-04-10T15:30:11Z</time></rtept><rtept lat="37.970719" lon="-106.98631"><ele>3908.6</ele><time>2026-04-10T15:30:11Z</time></rtept><rtept lat="37.970736" lon="-106.986355"><ele>3908.4</ele><time>2026-04-10T15:30:11Z</time></rtept><rtept lat="37.970749" lon="-106.986406"><ele>3908.4</ele><time>2026-04-10T15:30:11Z</time></rtept><rtept lat="37.970757" lon="-106.986454"><ele>3910.4</ele><time>2026-04-10T15:30:11Z</time></rtept><rtept lat="37.97077" lon="-106.986501"><ele>3912.4</ele><time>2026-04-10T15:30:11Z</time></rtept><rtept lat="37.970778" lon="-106.986548"><ele>3912.4</ele><time>2026-04-10T15:30:11Z</time></rtept><rtept lat="37.970795" lon="-106.986594"><ele>3911.8</ele><time>2026-04-10T15:30:11Z</time></rtept><rtept lat="37.970812" lon="-106.986638"><ele>3911.8</ele><time>2026-04-10T15:30:11Z</time></rtept><rtept lat="37.970834" lon="-106.986685"><ele>3913.4</ele><time>2026-04-10T15:30:11Z</time></rtept><rtept lat="37.970851" lon="-106.986734"><ele>3913.4</ele><time>2026-04-10T15:30:11Z</time></rtept><rtept lat="37.970868" lon="-106.986798"><ele>3912.8</ele><time>2026-04-10T15:30:11Z</time></rtept><rtept lat="37.970872" lon="-106.986813"><ele>3912.8</ele><time>2026-04-10T15:30:11Z</time></rtept><rtept lat="37.97089" lon="-106.98686"><ele>3914.6</ele><time>2026-04-10T15:30:11Z</time></rtept><rtept lat="37.970907" lon="-106.986907"><ele>3914.6</ele><time>2026-04-10T15:30:11Z</time></rtept><rtept lat="37.97092" lon="-106.986952"><ele>3916.6</ele><time>2026-04-10T15:30:11Z</time></rtept><rtept lat="37.970941" lon="-106.986996"><ele>3914.2</ele><time>2026-04-10T15:30:11Z</time></rtept><rtept lat="37.970959" lon="-106.98704"><ele>3916.2</ele><time>2026-04-10T15:30:11Z</time></rtept><rtept lat="37.970976" lon="-106.987092"><ele>3916.2</ele><time>2026-04-10T15:30:11Z</time></rtept><rtept lat="37.970993" lon="-106.98714"><ele>3918.0</ele><time>2026-04-10T15:30:11Z</time></rtept><rtept lat="37.97101" lon="-106.987186"><ele>3917.4</ele><time>2026-04-10T15:30:11Z</time></rtept><rtept lat="37.971032" lon="-106.987235"><ele>3917.4</ele><time>2026-04-10T15:30:11Z</time></rtept><rtept lat="37.971049" lon="-106.987285"><ele>3919.0</ele><time>2026-04-10T15:30:11Z</time></rtept><rtept lat="37.971066" lon="-106.987335"><ele>3917.2</ele><time>2026-04-10T15:30:11Z</time></rtept><rtept lat="37.971083" lon="-106.987386"><ele>3918.8</ele><time>2026-04-10T15:30:11Z</time></rtept><rtept lat="37.971096" lon="-106.987437"><ele>3918.8</ele><time>2026-04-10T15:30:11Z</time></rtept><rtept lat="37.971114" lon="-106.98748"><ele>3920.2</ele><time>2026-04-10T15:30:11Z</time></rtept><rtept lat="37.971144" lon="-106.987554"><ele>3920.4</ele><time>2026-04-10T15:30:11Z</time></rtept><rtept lat="37.971152" lon="-106.98759"><ele>3920.4</ele><time>2026-04-10T15:30:11Z</time></rtept><rtept lat="37.971169" lon="-106.987641"><ele>3921.8</ele><time>2026-04-10T15:30:11Z</time></rtept><rtept lat="37.971177" lon="-106.987692"><ele>3921.8</ele><time>2026-04-10T15:30:11Z</time></rtept><rtept lat="37.971181" lon="-106.987745"><ele>3923.0</ele><time>2026-04-10T15:30:11Z</time></rtept><rtept lat="37.97117" lon="-106.987849"><ele>3923.8</ele><time>2026-04-10T15:30:11Z</time></rtept><rtept lat="37.971156" lon="-106.987893"><ele>3924.4</ele><time>2026-04-10T15:30:11Z</time></rtept><rtept lat="37.971137" lon="-106.987937"><ele>3924.4</ele><time>2026-04-10T15:30:11Z</time></rtept><rtept lat="37.971118" lon="-106.987981"><ele>3925.6</ele><time>2026-04-10T15:30:11Z</time></rtept><rtept lat="37.971066" lon="-106.98814"><ele>3925.4</ele><time>2026-04-10T15:30:11Z</time></rtept><rtept lat="37.971061" lon="-106.988152"><ele>3926.0</ele><time>2026-04-10T15:30:11Z</time></rtept><rtept lat="37.971048" lon="-106.988182"><ele>3926.0</ele><time>2026-04-10T15:30:11Z</time></rtept><rtept lat="37.971033" lon="-106.988211"><ele>3925.4</ele><time>2026-04-10T15:30:11Z</time></rtept><rtept lat="37.97102" lon="-106.988241"><ele>3925.4</ele><time>2026-04-10T15:30:11Z</time></rtept><rtept lat="37.971001" lon="-106.988266"><ele>3925.4</ele><time>2026-04-10T15:30:11Z</time></rtept><rtept lat="37.970973" lon="-106.988309"><ele>3925.0</ele><time>2026-04-10T15:30:11Z</time></rtept><rtept lat="37.970959" lon="-106.988326"><ele>3925.0</ele><time>2026-04-10T15:30:11Z</time></rtept><rtept lat="37.970941" lon="-106.988353"><ele>3925.0</ele><time>2026-04-10T15:30:11Z</time></rtept><rtept lat="37.970923" lon="-106.988381"><ele>3925.2</ele><time>2026-04-10T15:30:11Z</time></rtept><rtept lat="37.970904" lon="-106.988408"><ele>3924.0</ele><time>2026-04-10T15:30:11Z</time></rtept><rtept lat="37.970885" lon="-106.988441"><ele>3924.0</ele><time>2026-04-10T15:30:11Z</time></rtept><rtept lat="37.970881" lon="-106.98845"><ele>3924.0</ele><time>2026-04-10T15:30:11Z</time></rtept><rtept lat="37.970867" lon="-106.988484"><ele>3922.6</ele><time>2026-04-10T15:30:11Z</time></rtept><rtept lat="37.970843" lon="-106.988526"><ele>3922.6</ele><time>2026-04-10T15:30:11Z</time></rtept><rtept lat="37.970839" lon="-106.988537"><ele>3922.6</ele><time>2026-04-10T15:30:11Z</time></rtept><rtept lat="37.970825" lon="-106.988563"><ele>3921.0</ele><time>2026-04-10T15:30:11Z</time></rtept><rtept lat="37.970806" lon="-106.988595"><ele>3921.0</ele><time>2026-04-10T15:30:11Z</time></rtept><rtept lat="37.970792" lon="-106.988628"><ele>3920.8</ele><time>2026-04-10T15:30:11Z</time></rtept><rtept lat="37.970774" lon="-106.988656"><ele>3919.2</ele><time>2026-04-10T15:30:11Z</time></rtept><rtept lat="37.970764" lon="-106.988684"><ele>3919.2</ele><time>2026-04-10T15:30:11Z</time></rtept><rtept lat="37.970741" lon="-106.988709"><ele>3919.2</ele><time>2026-04-10T15:30:11Z</time></rtept><rtept lat="37.970727" lon="-106.98874"><ele>3917.4</ele><time>2026-04-10T15:30:11Z</time></rtept><rtept lat="37.970709" lon="-106.988767"><ele>3917.0</ele><time>2026-04-10T15:30:11Z</time></rtept><rtept lat="37.970699" lon="-106.988801"><ele>3917.0</ele><time>2026-04-10T15:30:11Z</time></rtept><rtept lat="37.970684" lon="-106.988868"><ele>3915.4</ele><time>2026-04-10T15:30:11Z</time></rtept><rtept lat="37.97068" lon="-106.988879"><ele>3915.4</ele><time>2026-04-10T15:30:11Z</time></rtept><rtept lat="37.970675" lon="-106.98891"><ele>3914.0</ele><time>2026-04-10T15:30:11Z</time></rtept><rtept lat="37.97067" lon="-106.988938"><ele>3914.0</ele><time>2026-04-10T15:30:11Z</time></rtept><rtept lat="37.970669" lon="-106.988968"><ele>3914.0</ele><time>2026-04-10T15:30:11Z</time></rtept><rtept lat="37.97066" lon="-106.988995"><ele>3912.4</ele><time>2026-04-10T15:30:11Z</time></rtept><rtept lat="37.970655" lon="-106.989021"><ele>3911.8</ele><time>2026-04-10T15:30:11Z</time></rtept><rtept lat="37.97065" lon="-106.989049"><ele>3911.8</ele><time>2026-04-10T15:30:11Z</time></rtept><rtept lat="37.970636" lon="-106.989069"><ele>3910.0</ele><time>2026-04-10T15:30:11Z</time></rtept><rtept lat="37.970636" lon="-106.989094"><ele>3910.0</ele><time>2026-04-10T15:30:11Z</time></rtept><rtept lat="37.970631" lon="-106.989124"><ele>3910.0</ele><time>2026-04-10T15:30:11Z</time></rtept><rtept lat="37.97063" lon="-106.989158"><ele>3907.8</ele><time>2026-04-10T15:30:11Z</time></rtept><rtept lat="37.970625" lon="-106.989188"><ele>3907.8</ele><time>2026-04-10T15:30:11Z</time></rtept><rtept lat="37.97062" lon="-106.989219"><ele>3907.8</ele><time>2026-04-10T15:30:11Z</time></rtept><rtept lat="37.970615" lon="-106.989244"><ele>3905.8</ele><time>2026-04-10T15:30:11Z</time></rtept><rtept lat="37.97061" lon="-106.989284"><ele>3905.8</ele><time>2026-04-10T15:30:11Z</time></rtept><rtept lat="37.97061" lon="-106.989294"><ele>3905.8</ele><time>2026-04-10T15:30:11Z</time></rtept><rtept lat="37.970609" lon="-106.989327"><ele>3904.0</ele><time>2026-04-10T15:30:11Z</time></rtept><rtept lat="37.970609" lon="-106.989359"><ele>3904.0</ele><time>2026-04-10T15:30:11Z</time></rtept><rtept lat="37.970603" lon="-106.989388"><ele>3904.0</ele><time>2026-04-10T15:30:11Z</time></rtept><rtept lat="37.970603" lon="-106.989419"><ele>3902.4</ele><time>2026-04-10T15:30:11Z</time></rtept><rtept lat="37.970598" lon="-106.989448"><ele>3902.4</ele><time>2026-04-10T15:30:11Z</time></rtept><rtept lat="37.970598" lon="-106.989478"><ele>3902.4</ele><time>2026-04-10T15:30:11Z</time></rtept><rtept lat="37.970597" lon="-106.98951"><ele>3901.0</ele><time>2026-04-10T15:30:11Z</time></rtept><rtept lat="37.970592" lon="-106.98954"><ele>3901.0</ele><time>2026-04-10T15:30:11Z</time></rtept><rtept lat="37.970596" lon="-106.989572"><ele>3901.0</ele><time>2026-04-10T15:30:11Z</time></rtept><rtept lat="37.970595" lon="-106.989602"><ele>3899.4</ele><time>2026-04-10T15:30:11Z</time></rtept><rtept lat="37.970599" lon="-106.989631"><ele>3899.4</ele><time>2026-04-10T15:30:11Z</time></rtept><rtept lat="37.970599" lon="-106.98966"><ele>3899.4</ele><time>2026-04-10T15:30:11Z</time></rtept><rtept lat="37.970594" lon="-106.989686"><ele>3897.6</ele><time>2026-04-10T15:30:11Z</time></rtept><rtept lat="37.970589" lon="-106.989714"><ele>3896.2</ele><time>2026-04-10T15:30:11Z</time></rtept><rtept lat="37.970593" lon="-106.989745"><ele>3897.6</ele><time>2026-04-10T15:30:11Z</time></rtept><rtept lat="37.970592" lon="-106.989776"><ele>3895.6</ele><time>2026-04-10T15:30:11Z</time></rtept><rtept lat="37.970583" lon="-106.989804"><ele>3894.2</ele><time>2026-04-10T15:30:11Z</time></rtept><rtept lat="37.970578" lon="-106.989831"><ele>3894.2</ele><time>2026-04-10T15:30:11Z</time></rtept><rtept lat="37.970569" lon="-106.989858"><ele>3892.2</ele><time>2026-04-10T15:30:11Z</time></rtept><rtept lat="37.970568" lon="-106.989886"><ele>3892.2</ele><time>2026-04-10T15:30:11Z</time></rtept><rtept lat="37.970563" lon="-106.989914"><ele>3892.2</ele><time>2026-04-10T15:30:11Z</time></rtept><rtept lat="37.970558" lon="-106.989945"><ele>3890.2</ele><time>2026-04-10T15:30:11Z</time></rtept><rtept lat="37.970558" lon="-106.989978"><ele>3890.2</ele><time>2026-04-10T15:30:11Z</time></rtept><rtept lat="37.970553" lon="-106.99001"><ele>3890.2</ele><time>2026-04-10T15:30:11Z</time></rtept><rtept lat="37.970552" lon="-106.990041"><ele>3888.6</ele><time>2026-04-10T15:30:11Z</time></rtept><rtept lat="37.970547" lon="-106.990068"><ele>3888.6</ele><time>2026-04-10T15:30:11Z</time></rtept><rtept lat="37.970542" lon="-106.990123"><ele>3887.0</ele><time>2026-04-10T15:30:11Z</time></rtept><rtept lat="37.970541" lon="-106.990158"><ele>3887.0</ele><time>2026-04-10T15:30:11Z</time></rtept><rtept lat="37.970531" lon="-106.990191"><ele>3885.4</ele><time>2026-04-10T15:30:11Z</time></rtept><rtept lat="37.970522" lon="-106.990213"><ele>3884.2</ele><time>2026-04-10T15:30:11Z</time></rtept><rtept lat="37.970517" lon="-106.990236"><ele>3884.2</ele><time>2026-04-10T15:30:11Z</time></rtept><rtept lat="37.970517" lon="-106.990261"><ele>3884.2</ele><time>2026-04-10T15:30:11Z</time></rtept><rtept lat="37.970503" lon="-106.99028"><ele>3882.8</ele><time>2026-04-10T15:30:11Z</time></rtept><rtept lat="37.970494" lon="-106.990287"><ele>3882.8</ele><time>2026-04-10T15:30:11Z</time></rtept><rtept lat="37.970493" lon="-106.990307"><ele>3882.8</ele><time>2026-04-10T15:30:11Z</time></rtept><rtept lat="37.970493" lon="-106.99033"><ele>3882.8</ele><time>2026-04-10T15:30:11Z</time></rtept><rtept lat="37.970488" lon="-106.990352"><ele>3882.8</ele><time>2026-04-10T15:30:11Z</time></rtept><rtept lat="37.970488" lon="-106.990377"><ele>3881.2</ele><time>2026-04-10T15:30:11Z</time></rtept><rtept lat="37.970483" lon="-106.990406"><ele>3881.2</ele><time>2026-04-10T15:30:11Z</time></rtept><rtept lat="37.970482" lon="-106.990439"><ele>3881.2</ele><time>2026-04-10T15:30:11Z</time></rtept><rtept lat="37.970473" lon="-106.990466"><ele>3879.4</ele><time>2026-04-10T15:30:11Z</time></rtept><rtept lat="37.970462" lon="-106.99055"><ele>3877.8</ele><time>2026-04-10T15:30:11Z</time></rtept><rtept lat="37.970462" lon="-106.990562"><ele>3877.8</ele><time>2026-04-10T15:30:11Z</time></rtept><rtept lat="37.970457" lon="-106.990594"><ele>3877.8</ele><time>2026-04-10T15:30:11Z</time></rtept><rtept lat="37.970456" lon="-106.990629"><ele>3876.2</ele><time>2026-04-10T15:30:11Z</time></rtept><rtept lat="37.970456" lon="-106.990666"><ele>3876.2</ele><time>2026-04-10T15:30:11Z</time></rtept><rtept lat="37.970446" lon="-106.990703"><ele>3873.4</ele><time>2026-04-10T15:30:11Z</time></rtept><rtept lat="37.970441" lon="-106.99074"><ele>3873.4</ele><time>2026-04-10T15:30:11Z</time></rtept><rtept lat="37.97044" lon="-106.990777"><ele>3873.4</ele><time>2026-04-10T15:30:11Z</time></rtept><rtept lat="37.97044" lon="-106.990817"><ele>3872.0</ele><time>2026-04-10T15:30:11Z</time></rtept><rtept lat="37.970444" lon="-106.990851"><ele>3872.0</ele><time>2026-04-10T15:30:11Z</time></rtept><rtept lat="37.970438" lon="-106.99089"><ele>3870.6</ele><time>2026-04-10T15:30:11Z</time></rtept><rtept lat="37.970433" lon="-106.990927"><ele>3870.6</ele><time>2026-04-10T15:30:11Z</time></rtept><rtept lat="37.970428" lon="-106.990966"><ele>3869.2</ele><time>2026-04-10T15:30:11Z</time></rtept><rtept lat="37.970423" lon="-106.991001"><ele>3869.2</ele><time>2026-04-10T15:30:11Z</time></rtept><rtept lat="37.970418" lon="-106.991036"><ele>3869.2</ele><time>2026-04-10T15:30:11Z</time></rtept><rtept lat="37.970408" lon="-106.991071"><ele>3867.8</ele><time>2026-04-10T15:30:11Z</time></rtept><rtept lat="37.970399" lon="-106.991104"><ele>3867.8</ele><time>2026-04-10T15:30:11Z</time></rtept><rtept lat="37.970385" lon="-106.991135"><ele>3865.2</ele><time>2026-04-10T15:30:11Z</time></rtept><rtept lat="37.97038" lon="-106.991169"><ele>3865.2</ele><time>2026-04-10T15:30:11Z</time></rtept><rtept lat="37.970374" lon="-106.991205"><ele>3865.2</ele><time>2026-04-10T15:30:11Z</time></rtept><rtept lat="37.970365" lon="-106.991241"><ele>3863.6</ele><time>2026-04-10T15:30:11Z</time></rtept><rtept lat="37.97036" lon="-106.991274"><ele>3863.6</ele><time>2026-04-10T15:30:11Z</time></rtept><rtept lat="37.970346" lon="-106.991301"><ele>3861.8</ele><time>2026-04-10T15:30:11Z</time></rtept><rtept lat="37.970341" lon="-106.99133"><ele>3861.8</ele><time>2026-04-10T15:30:11Z</time></rtept><rtept lat="37.970327" lon="-106.991359"><ele>3861.8</ele><time>2026-04-10T15:30:11Z</time></rtept><rtept lat="37.970322" lon="-106.991392"><ele>3860.2</ele><time>2026-04-10T15:30:11Z</time></rtept><rtept lat="37.970312" lon="-106.991421"><ele>3859.4</ele><time>2026-04-10T15:30:11Z</time></rtept><rtept lat="37.970294" lon="-106.991476"><ele>3858.0</ele><time>2026-04-10T15:30:11Z</time></rtept><rtept lat="37.970288" lon="-106.991511"><ele>3858.0</ele><time>2026-04-10T15:30:11Z</time></rtept><rtept lat="37.970274" lon="-106.991542"><ele>3858.0</ele><time>2026-04-10T15:30:11Z</time></rtept><rtept lat="37.970256" lon="-106.991568"><ele>3856.8</ele><time>2026-04-10T15:30:11Z</time></rtept><rtept lat="37.970242" lon="-106.991597"><ele>3856.0</ele><time>2026-04-10T15:30:11Z</time></rtept><rtept lat="37.970237" lon="-106.991625"><ele>3856.0</ele><time>2026-04-10T15:30:11Z</time></rtept><rtept lat="37.970223" lon="-106.991653"><ele>3854.4</ele><time>2026-04-10T15:30:11Z</time></rtept><rtept lat="37.970213" lon="-106.99168"><ele>3854.4</ele><time>2026-04-10T15:30:11Z</time></rtept><rtept lat="37.970204" lon="-106.991705"><ele>3854.4</ele><time>2026-04-10T15:30:11Z</time></rtept><rtept lat="37.97019" lon="-106.991731"><ele>3852.4</ele><time>2026-04-10T15:30:11Z</time></rtept><rtept lat="37.970181" lon="-106.991755"><ele>3851.2</ele><time>2026-04-10T15:30:11Z</time></rtept><rtept lat="37.970157" lon="-106.991797"><ele>3851.2</ele><time>2026-04-10T15:30:11Z</time></rtept><rtept lat="37.970148" lon="-106.991824"><ele>3848.8</ele><time>2026-04-10T15:30:11Z</time></rtept><rtept lat="37.970134" lon="-106.991853"><ele>3848.8</ele><time>2026-04-10T15:30:11Z</time></rtept><rtept lat="37.970124" lon="-106.991879"><ele>3848.8</ele><time>2026-04-10T15:30:11Z</time></rtept><rtept lat="37.97011" lon="-106.991904"><ele>3845.4</ele><time>2026-04-10T15:30:11Z</time></rtept><rtept lat="37.970105" lon="-106.99193"><ele>3845.4</ele><time>2026-04-10T15:30:11Z</time></rtept><rtept lat="37.970082" lon="-106.99197"><ele>3845.4</ele><time>2026-04-10T15:30:11Z</time></rtept><rtept lat="37.970036" lon="-106.992042"><ele>3842.4</ele><time>2026-04-10T15:30:11Z</time></rtept><rtept lat="37.970027" lon="-106.992064"><ele>3842.4</ele><time>2026-04-10T15:30:11Z</time></rtept><rtept lat="37.970008" lon="-106.992085"><ele>3840.2</ele><time>2026-04-10T15:30:11Z</time></rtept><rtept lat="37.969999" lon="-106.992108"><ele>3840.2</ele><time>2026-04-10T15:30:11Z</time></rtept><rtept lat="37.969985" lon="-106.992138"><ele>3840.2</ele><time>2026-04-10T15:30:11Z</time></rtept><rtept lat="37.969966" lon="-106.99216"><ele>3837.2</ele><time>2026-04-10T15:30:11Z</time></rtept><rtept lat="37.969952" lon="-106.992184"><ele>3837.2</ele><time>2026-04-10T15:30:11Z</time></rtept><rtept lat="37.969934" lon="-106.992208"><ele>3837.2</ele><time>2026-04-10T15:30:11Z</time></rtept><rtept lat="37.96992" lon="-106.992233"><ele>3837.2</ele><time>2026-04-10T15:30:11Z</time></rtept><rtept lat="37.969906" lon="-106.992258"><ele>3834.8</ele><time>2026-04-10T15:30:11Z</time></rtept><rtept lat="37.969892" lon="-106.992285"><ele>3834.8</ele><time>2026-04-10T15:30:11Z</time></rtept><rtept lat="37.969878" lon="-106.992314"><ele>3834.8</ele><time>2026-04-10T15:30:11Z</time></rtept><rtept lat="37.969855" lon="-106.992362"><ele>3833.0</ele><time>2026-04-10T15:30:11Z</time></rtept><rtept lat="37.969845" lon="-106.992384"><ele>3833.6</ele><time>2026-04-10T15:30:11Z</time></rtept><rtept lat="37.969827" lon="-106.992414"><ele>3833.6</ele><time>2026-04-10T15:30:11Z</time></rtept><rtept lat="37.969804" lon="-106.992438"><ele>3832.2</ele><time>2026-04-10T15:30:11Z</time></rtept><rtept lat="37.96979" lon="-106.992464"><ele>3832.2</ele><time>2026-04-10T15:30:11Z</time></rtept><rtept lat="37.96978" lon="-106.992497"><ele>3832.2</ele><time>2026-04-10T15:30:11Z</time></rtept><rtept lat="37.969762" lon="-106.992525"><ele>3831.2</ele><time>2026-04-10T15:30:11Z</time></rtept><rtept lat="37.969743" lon="-106.992554"><ele>3831.2</ele><time>2026-04-10T15:30:11Z</time></rtept><rtept lat="37.96973" lon="-106.992581"><ele>3831.2</ele><time>2026-04-10T15:30:11Z</time></rtept><rtept lat="37.969715" lon="-106.992607"><ele>3829.4</ele><time>2026-04-10T15:30:11Z</time></rtept><rtept lat="37.969697" lon="-106.992634"><ele>3829.8</ele><time>2026-04-10T15:30:11Z</time></rtept><rtept lat="37.969683" lon="-106.992662"><ele>3829.8</ele><time>2026-04-10T15:30:11Z</time></rtept><rtept lat="37.96966" lon="-106.992718"><ele>3827.8</ele><time>2026-04-10T15:30:11Z</time></rtept><rtept lat="37.969646" lon="-106.992744"><ele>3827.8</ele><time>2026-04-10T15:30:11Z</time></rtept><rtept lat="37.969632" lon="-106.992764"><ele>3825.0</ele><time>2026-04-10T15:30:11Z</time></rtept><rtept lat="37.969618" lon="-106.992779"><ele>3825.0</ele><time>2026-04-10T15:30:11Z</time></rtept><rtept lat="37.969591" lon="-106.992794"><ele>3825.0</ele><time>2026-04-10T15:30:11Z</time></rtept><rtept lat="37.969582" lon="-106.992798"><ele>3825.0</ele><time>2026-04-10T15:30:11Z</time></rtept><rtept lat="37.969555" lon="-106.992801"><ele>3824.2</ele><time>2026-04-10T15:30:11Z</time></rtept><rtept lat="37.969528" lon="-106.992801"><ele>3824.2</ele><time>2026-04-10T15:30:11Z</time></rtept><rtept lat="37.9695" lon="-106.992806"><ele>3823.2</ele><time>2026-04-10T15:30:11Z</time></rtept><rtept lat="37.969469" lon="-106.992813"><ele>3823.2</ele><time>2026-04-10T15:30:11Z</time></rtept><rtept lat="37.969442" lon="-106.99282"><ele>3823.2</ele><time>2026-04-10T15:30:11Z</time></rtept><rtept lat="37.969415" lon="-106.992817"><ele>3821.6</ele><time>2026-04-10T15:30:11Z</time></rtept><rtept lat="37.969388" lon="-106.99282"><ele>3821.6</ele><time>2026-04-10T15:30:11Z</time></rtept><rtept lat="37.969365" lon="-106.992828"><ele>3820.0</ele><time>2026-04-10T15:30:11Z</time></rtept><rtept lat="37.969337" lon="-106.992839"><ele>3820.0</ele><time>2026-04-10T15:30:11Z</time></rtept><rtept lat="37.969319" lon="-106.992851"><ele>3819.2</ele><time>2026-04-10T15:30:11Z</time></rtept><rtept lat="37.969292" lon="-106.992852"><ele>3817.8</ele><time>2026-04-10T15:30:11Z</time></rtept><rtept lat="37.969274" lon="-106.992853"><ele>3817.8</ele><time>2026-04-10T15:30:11Z</time></rtept><rtept lat="37.969247" lon="-106.992851"><ele>3817.8</ele><time>2026-04-10T15:30:11Z</time></rtept><rtept lat="37.969202" lon="-106.992856"><ele>3816.4</ele><time>2026-04-10T15:30:11Z</time></rtept><rtept lat="37.969193" lon="-106.992856"><ele>3816.4</ele><time>2026-04-10T15:30:11Z</time></rtept><rtept lat="37.969162" lon="-106.992855"><ele>3815.0</ele><time>2026-04-10T15:30:11Z</time></rtept><rtept lat="37.96913" lon="-106.992854"><ele>3815.0</ele><time>2026-04-10T15:30:11Z</time></rtept><rtept lat="37.969099" lon="-106.992854"><ele>3813.6</ele><time>2026-04-10T15:30:11Z</time></rtept><rtept lat="37.969072" lon="-106.992859"><ele>3813.6</ele><time>2026-04-10T15:30:11Z</time></rtept><rtept lat="37.96904" lon="-106.992855"><ele>3813.6</ele><time>2026-04-10T15:30:11Z</time></rtept><rtept lat="37.969013" lon="-106.992864"><ele>3812.4</ele><time>2026-04-10T15:30:11Z</time></rtept><rtept lat="37.968986" lon="-106.992871"><ele>3812.4</ele><time>2026-04-10T15:30:11Z</time></rtept><rtept lat="37.968959" lon="-106.992865"><ele>3811.0</ele><time>2026-04-10T15:30:11Z</time></rtept><rtept lat="37.968927" lon="-106.99286"><ele>3811.0</ele><time>2026-04-10T15:30:11Z</time></rtept><rtept lat="37.9689" lon="-106.992864"><ele>3811.0</ele><time>2026-04-10T15:30:11Z</time></rtept><rtept lat="37.968873" lon="-106.992863"><ele>3809.8</ele><time>2026-04-10T15:30:11Z</time></rtept><rtept lat="37.968846" lon="-106.992866"><ele>3809.8</ele><time>2026-04-10T15:30:11Z</time></rtept><rtept lat="37.968819" lon="-106.992865"><ele>3808.4</ele><time>2026-04-10T15:30:11Z</time></rtept><rtept lat="37.968787" lon="-106.99286"><ele>3808.4</ele><time>2026-04-10T15:30:11Z</time></rtept><rtept lat="37.96876" lon="-106.992861"><ele>3806.8</ele><time>2026-04-10T15:30:11Z</time></rtept><rtept lat="37.968742" lon="-106.992866"><ele>3806.8</ele><time>2026-04-10T15:30:11Z</time></rtept><rtept lat="37.968715" lon="-106.992866"><ele>3806.8</ele><time>2026-04-10T15:30:11Z</time></rtept><rtept lat="37.968693" lon="-106.992853"><ele>3805.4</ele><time>2026-04-10T15:30:11Z</time></rtept><rtept lat="37.968671" lon="-106.992842"><ele>3805.0</ele><time>2026-04-10T15:30:11Z</time></rtept><rtept lat="37.968644" lon="-106.992836"><ele>3805.0</ele><time>2026-04-10T15:30:11Z</time></rtept><rtept lat="37.968617" lon="-106.992825"><ele>3803.2</ele><time>2026-04-10T15:30:11Z</time></rtept><rtept lat="37.968595" lon="-106.992809"><ele>3803.2</ele><time>2026-04-10T15:30:11Z</time></rtept><rtept lat="37.968572" lon="-106.992802"><ele>3803.2</ele><time>2026-04-10T15:30:11Z</time></rtept><rtept lat="37.968545" lon="-106.992804"><ele>3801.2</ele><time>2026-04-10T15:30:11Z</time></rtept><rtept lat="37.968518" lon="-106.992797"><ele>3801.2</ele><time>2026-04-10T15:30:11Z</time></rtept><rtept lat="37.968496" lon="-106.99279"><ele>3801.2</ele><time>2026-04-10T15:30:11Z</time></rtept><rtept lat="37.968464" lon="-106.992785"><ele>3799.0</ele><time>2026-04-10T15:30:11Z</time></rtept><rtept lat="37.968442" lon="-106.992776"><ele>3799.0</ele><time>2026-04-10T15:30:11Z</time></rtept><rtept lat="37.968415" lon="-106.992773"><ele>3796.6</ele><time>2026-04-10T15:30:11Z</time></rtept><rtept lat="37.968388" lon="-106.992771"><ele>3796.6</ele><time>2026-04-10T15:30:11Z</time></rtept><rtept lat="37.968361" lon="-106.992764"><ele>3796.6</ele><time>2026-04-10T15:30:11Z</time></rtept><rtept lat="37.968334" lon="-106.992757"><ele>3794.8</ele><time>2026-04-10T15:30:11Z</time></rtept><rtept lat="37.968303" lon="-106.992753"><ele>3794.8</ele><time>2026-04-10T15:30:11Z</time></rtept><rtept lat="37.96828" lon="-106.992748"><ele>3793.0</ele><time>2026-04-10T15:30:11Z</time></rtept><rtept lat="37.968226" lon="-106.992753"><ele>3793.0</ele><time>2026-04-10T15:30:11Z</time></rtept><rtept lat="37.968208" lon="-106.992752"><ele>3791.2</ele><time>2026-04-10T15:30:11Z</time></rtept><rtept lat="37.968181" lon="-106.992749"><ele>3791.2</ele><time>2026-04-10T15:30:11Z</time></rtept><rtept lat="37.968159" lon="-106.992743"><ele>3791.2</ele><time>2026-04-10T15:30:11Z</time></rtept><rtept lat="37.968132" lon="-106.992737"><ele>3789.8</ele><time>2026-04-10T15:30:11Z</time></rtept><rtept lat="37.9681" lon="-106.992729"><ele>3789.8</ele><time>2026-04-10T15:30:11Z</time></rtept><rtept lat="37.968073" lon="-106.99272"><ele>3788.0</ele><time>2026-04-10T15:30:11Z</time></rtept><rtept lat="37.968042" lon="-106.992717"><ele>3788.0</ele><time>2026-04-10T15:30:11Z</time></rtept><rtept lat="37.96801" lon="-106.992721"><ele>3786.2</ele><time>2026-04-10T15:30:11Z</time></rtept><rtept lat="37.967988" lon="-106.992722"><ele>3786.2</ele><time>2026-04-10T15:30:11Z</time></rtept><rtept lat="37.967961" lon="-106.992727"><ele>3786.2</ele><time>2026-04-10T15:30:11Z</time></rtept><rtept lat="37.967938" lon="-106.992723"><ele>3784.2</ele><time>2026-04-10T15:30:11Z</time></rtept><rtept lat="37.967902" lon="-106.992715"><ele>3784.2</ele><time>2026-04-10T15:30:11Z</time></rtept><rtept lat="37.967889" lon="-106.992715"><ele>3784.2</ele><time>2026-04-10T15:30:11Z</time></rtept><rtept lat="37.967857" lon="-106.992706"><ele>3782.4</ele><time>2026-04-10T15:30:11Z</time></rtept><rtept lat="37.96784" lon="-106.992699"><ele>3782.4</ele><time>2026-04-10T15:30:11Z</time></rtept><rtept lat="37.967812" lon="-106.992697"><ele>3780.6</ele><time>2026-04-10T15:30:11Z</time></rtept><rtept lat="37.967705" lon="-106.99268"><ele>3779.0</ele><time>2026-04-10T15:30:11Z</time></rtept><rtept lat="37.967673" lon="-106.992678"><ele>3777.2</ele><time>2026-04-10T15:30:11Z</time></rtept><rtept lat="37.967615" lon="-106.992663"><ele>3778.2</ele><time>2026-04-10T15:30:11Z</time></rtept><rtept lat="37.967597" lon="-106.992659"><ele>3776.8</ele><time>2026-04-10T15:30:11Z</time></rtept><rtept lat="37.967565" lon="-106.99266"><ele>3776.8</ele><time>2026-04-10T15:30:11Z</time></rtept><rtept lat="37.967538" lon="-106.992662"><ele>3775.2</ele><time>2026-04-10T15:30:11Z</time></rtept><rtept lat="37.967511" lon="-106.992658"><ele>3775.2</ele><time>2026-04-10T15:30:11Z</time></rtept><rtept lat="37.967457" lon="-106.992659"><ele>3773.6</ele><time>2026-04-10T15:30:11Z</time></rtept><rtept lat="37.967444" lon="-106.992659"><ele>3773.6</ele><time>2026-04-10T15:30:11Z</time></rtept><rtept lat="37.967417" lon="-106.992662"><ele>3773.6</ele><time>2026-04-10T15:30:11Z</time></rtept><rtept lat="37.96739" lon="-106.99266"><ele>3772.2</ele><time>2026-04-10T15:30:11Z</time></rtept><rtept lat="37.967363" lon="-106.99266"><ele>3772.2</ele><time>2026-04-10T15:30:11Z</time></rtept><rtept lat="37.967313" lon="-106.992653"><ele>3770.6</ele><time>2026-04-10T15:30:11Z</time></rtept><rtept lat="37.967304" lon="-106.992652"><ele>3770.6</ele><time>2026-04-10T15:30:11Z</time></rtept><rtept lat="37.967282" lon="-106.99265"><ele>3770.6</ele><time>2026-04-10T15:30:11Z</time></rtept><rtept lat="37.967255" lon="-106.992647"><ele>3769.2</ele><time>2026-04-10T15:30:11Z</time></rtept><rtept lat="37.967228" lon="-106.992641"><ele>3769.2</ele><time>2026-04-10T15:30:11Z</time></rtept><rtept lat="37.967205" lon="-106.992632"><ele>3767.8</ele><time>2026-04-10T15:30:11Z</time></rtept><rtept lat="37.967174" lon="-106.992619"><ele>3767.8</ele><time>2026-04-10T15:30:11Z</time></rtept><rtept lat="37.967152" lon="-106.992609"><ele>3767.8</ele><time>2026-04-10T15:30:11Z</time></rtept><rtept lat="37.967129" lon="-106.9926"><ele>3766.2</ele><time>2026-04-10T15:30:11Z</time></rtept><rtept lat="37.967071" lon="-106.992577"><ele>3765.4</ele><time>2026-04-10T15:30:11Z</time></rtept><rtept lat="37.967062" lon="-106.99257"><ele>3765.4</ele><time>2026-04-10T15:30:11Z</time></rtept><rtept lat="37.967035" lon="-106.992555"><ele>3765.4</ele><time>2026-04-10T15:30:11Z</time></rtept><rtept lat="37.967018" lon="-106.99254"><ele>3765.4</ele><time>2026-04-10T15:30:11Z</time></rtept><rtept lat="37.966977" lon="-106.992535"><ele>3763.4</ele><time>2026-04-10T15:30:11Z</time></rtept><rtept lat="37.96695" lon="-106.99252"><ele>3763.4</ele><time>2026-04-10T15:30:11Z</time></rtept><rtept lat="37.966919" lon="-106.992507"><ele>3761.6</ele><time>2026-04-10T15:30:11Z</time></rtept><rtept lat="37.966897" lon="-106.992486"><ele>3762.8</ele><time>2026-04-10T15:30:11Z</time></rtept><rtept lat="37.966874" lon="-106.992477"><ele>3762.8</ele><time>2026-04-10T15:30:11Z</time></rtept><rtept lat="37.966843" lon="-106.992468"><ele>3760.8</ele><time>2026-04-10T15:30:11Z</time></rtept><rtept lat="37.966834" lon="-106.992464"><ele>3760.8</ele><time>2026-04-10T15:30:11Z</time></rtept><rtept lat="37.966803" lon="-106.992454"><ele>3760.8</ele><time>2026-04-10T15:30:11Z</time></rtept><rtept lat="37.966776" lon="-106.99244"><ele>3759.0</ele><time>2026-04-10T15:30:11Z</time></rtept><rtept lat="37.966745" lon="-106.992429"><ele>3759.0</ele><time>2026-04-10T15:30:11Z</time></rtept><rtept lat="37.966718" lon="-106.992417"><ele>3757.0</ele><time>2026-04-10T15:30:11Z</time></rtept><rtept lat="37.966687" lon="-106.992406"><ele>3758.8</ele><time>2026-04-10T15:30:11Z</time></rtept><rtept lat="37.96666" lon="-106.99239"><ele>3756.8</ele><time>2026-04-10T15:30:11Z</time></rtept><rtept lat="37.966624" lon="-106.992368"><ele>3756.8</ele><time>2026-04-10T15:30:11Z</time></rtept><rtept lat="37.966611" lon="-106.992353"><ele>3756.8</ele><time>2026-04-10T15:30:11Z</time></rtept><rtept lat="37.966584" lon="-106.992328"><ele>3756.8</ele><time>2026-04-10T15:30:11Z</time></rtept><rtept lat="37.966558" lon="-106.992307"><ele>3756.8</ele><time>2026-04-10T15:30:11Z</time></rtept><rtept lat="37.966531" lon="-106.992291"><ele>3756.8</ele><time>2026-04-10T15:30:11Z</time></rtept><rtept lat="37.966508" lon="-106.992275"><ele>3754.8</ele><time>2026-04-10T15:30:11Z</time></rtept><rtept lat="37.966477" lon="-106.992267"><ele>3754.8</ele><time>2026-04-10T15:30:11Z</time></rtept><rtept lat="37.966446" lon="-106.992254"><ele>3752.6</ele><time>2026-04-10T15:30:11Z</time></rtept><rtept lat="37.966419" lon="-106.992234"><ele>3754.8</ele><time>2026-04-10T15:30:11Z</time></rtept><rtept lat="37.966397" lon="-106.992214"><ele>3754.8</ele><time>2026-04-10T15:30:11Z</time></rtept><rtept lat="37.966366" lon="-106.992199"><ele>3752.2</ele><time>2026-04-10T15:30:11Z</time></rtept><rtept lat="37.966343" lon="-106.992184"><ele>3752.2</ele><time>2026-04-10T15:30:11Z</time></rtept><rtept lat="37.966326" lon="-106.992172"><ele>3749.4</ele><time>2026-04-10T15:30:11Z</time></rtept><rtept lat="37.966303" lon="-106.992173"><ele>3749.4</ele><time>2026-04-10T15:30:11Z</time></rtept><rtept lat="37.966285" lon="-106.992175"><ele>3749.4</ele><time>2026-04-10T15:30:11Z</time></rtept><rtept lat="37.966249" lon="-106.99217"><ele>3746.4</ele><time>2026-04-10T15:30:11Z</time></rtept><rtept lat="37.966235" lon="-106.992183"><ele>3746.4</ele><time>2026-04-10T15:30:11Z</time></rtept><rtept lat="37.966212" lon="-106.992198"><ele>3746.4</ele><time>2026-04-10T15:30:11Z</time></rtept><rtept lat="37.966185" lon="-106.992202"><ele>3743.2</ele><time>2026-04-10T15:30:11Z</time></rtept><rtept lat="37.966159" lon="-106.992176"><ele>3743.2</ele><time>2026-04-10T15:30:11Z</time></rtept><rtept lat="37.966145" lon="-106.992159"><ele>3743.2</ele><time>2026-04-10T15:30:11Z</time></rtept><rtept lat="37.966123" lon="-106.992138"><ele>3742.2</ele><time>2026-04-10T15:30:11Z</time></rtept><rtept lat="37.966101" lon="-106.992118"><ele>3742.2</ele><time>2026-04-10T15:30:11Z</time></rtept><rtept lat="37.966083" lon="-106.992099"><ele>3742.2</ele><time>2026-04-10T15:30:11Z</time></rtept><rtept lat="37.966066" lon="-106.992078"><ele>3742.2</ele><time>2026-04-10T15:30:11Z</time></rtept><rtept lat="37.966044" lon="-106.992059"><ele>3741.2</ele><time>2026-04-10T15:30:11Z</time></rtept><rtept lat="37.966026" lon="-106.992031"><ele>3741.2</ele><time>2026-04-10T15:30:11Z</time></rtept><rtept lat="37.966013" lon="-106.992016"><ele>3741.2</ele><time>2026-04-10T15:30:11Z</time></rtept><rtept lat="37.965999" lon="-106.992008"><ele>3741.2</ele><time>2026-04-10T15:30:11Z</time></rtept><rtept lat="37.965982" lon="-106.991992"><ele>3738.4</ele><time>2026-04-10T15:30:11Z</time></rtept><rtept lat="37.965959" lon="-106.991972"><ele>3740.2</ele><time>2026-04-10T15:30:11Z</time></rtept><rtept lat="37.965942" lon="-106.991946"><ele>3740.2</ele><time>2026-04-10T15:30:11Z</time></rtept><rtept lat="37.965924" lon="-106.991916"><ele>3740.2</ele><time>2026-04-10T15:30:11Z</time></rtept><rtept lat="37.965911" lon="-106.991883"><ele>3739.8</ele><time>2026-04-10T15:30:11Z</time></rtept><rtept lat="37.965894" lon="-106.991853"><ele>3739.8</ele><time>2026-04-10T15:30:11Z</time></rtept><rtept lat="37.965872" lon="-106.991815"><ele>3742.2</ele><time>2026-04-10T15:30:11Z</time></rtept><rtept lat="37.965863" lon="-106.991805"><ele>3742.2</ele><time>2026-04-10T15:30:11Z</time></rtept><rtept lat="37.965836" lon="-106.991786"><ele>3740.0</ele><time>2026-04-10T15:30:11Z</time></rtept><rtept lat="37.96581" lon="-106.991774"><ele>3740.0</ele><time>2026-04-10T15:30:11Z</time></rtept><rtept lat="37.965783" lon="-106.991757"><ele>3737.4</ele><time>2026-04-10T15:30:11Z</time></rtept><rtept lat="37.965756" lon="-106.991745"><ele>3737.4</ele><time>2026-04-10T15:30:11Z</time></rtept><rtept lat="37.965729" lon="-106.991732"><ele>3737.4</ele><time>2026-04-10T15:30:11Z</time></rtept><rtept lat="37.965698" lon="-106.991718"><ele>3737.0</ele><time>2026-04-10T15:30:11Z</time></rtept><rtept lat="37.965671" lon="-106.991699"><ele>3737.0</ele><time>2026-04-10T15:30:11Z</time></rtept><rtept lat="37.965645" lon="-106.991675"><ele>3733.6</ele><time>2026-04-10T15:30:11Z</time></rtept><rtept lat="37.965622" lon="-106.991651"><ele>3733.6</ele><time>2026-04-10T15:30:11Z</time></rtept><rtept lat="37.965605" lon="-106.991629"><ele>3736.2</ele><time>2026-04-10T15:30:11Z</time></rtept><rtept lat="37.965583" lon="-106.991607"><ele>3733.4</ele><time>2026-04-10T15:30:11Z</time></rtept><rtept lat="37.965556" lon="-106.991588"><ele>3733.4</ele><time>2026-04-10T15:30:11Z</time></rtept><rtept lat="37.965516" lon="-106.991565"><ele>3733.4</ele><time>2026-04-10T15:30:11Z</time></rtept><rtept lat="37.965507" lon="-106.991563"><ele>3731.4</ele><time>2026-04-10T15:30:11Z</time></rtept><rtept lat="37.96548" lon="-106.991572"><ele>3731.4</ele><time>2026-04-10T15:30:11Z</time></rtept><rtept lat="37.965448" lon="-106.991585"><ele>3730.4</ele><time>2026-04-10T15:30:11Z</time></rtept><rtept lat="37.965412" lon="-106.991585"><ele>3730.4</ele><time>2026-04-10T15:30:11Z</time></rtept><rtept lat="37.96538" lon="-106.991581"><ele>3729.4</ele><time>2026-04-10T15:30:11Z</time></rtept><rtept lat="37.965353" lon="-106.991579"><ele>3729.4</ele><time>2026-04-10T15:30:11Z</time></rtept><rtept lat="37.965326" lon="-106.991574"><ele>3729.4</ele><time>2026-04-10T15:30:11Z</time></rtept><rtept lat="37.965295" lon="-106.991581"><ele>3728.4</ele><time>2026-04-10T15:30:11Z</time></rtept><rtept lat="37.965263" lon="-106.991583"><ele>3728.4</ele><time>2026-04-10T15:30:11Z</time></rtept><rtept lat="37.965236" lon="-106.991586"><ele>3727.4</ele><time>2026-04-10T15:30:11Z</time></rtept><rtept lat="37.965218" lon="-106.991582"><ele>3727.4</ele><time>2026-04-10T15:30:11Z</time></rtept><rtept lat="37.965191" lon="-106.991582"><ele>3727.4</ele><time>2026-04-10T15:30:11Z</time></rtept><rtept lat="37.965168" lon="-106.991591"><ele>3726.0</ele><time>2026-04-10T15:30:11Z</time></rtept><rtept lat="37.965141" lon="-106.991603"><ele>3726.0</ele><time>2026-04-10T15:30:11Z</time></rtept><rtept lat="37.965114" lon="-106.991609"><ele>3726.0</ele><time>2026-04-10T15:30:11Z</time></rtept><rtept lat="37.965073" lon="-106.991631"><ele>3724.6</ele><time>2026-04-10T15:30:11Z</time></rtept><rtept lat="37.965064" lon="-106.991636"><ele>3724.6</ele><time>2026-04-10T15:30:11Z</time></rtept><rtept lat="37.965041" lon="-106.991657"><ele>3721.0</ele><time>2026-04-10T15:30:11Z</time></rtept><rtept lat="37.965018" lon="-106.991674"><ele>3721.0</ele><time>2026-04-10T15:30:11Z</time></rtept><rtept lat="37.964991" lon="-106.991691"><ele>3721.0</ele><time>2026-04-10T15:30:11Z</time></rtept><rtept lat="37.964968" lon="-106.991711"><ele>3720.4</ele><time>2026-04-10T15:30:11Z</time></rtept><rtept lat="37.964945" lon="-106.991731"><ele>3718.8</ele><time>2026-04-10T15:30:11Z</time></rtept><rtept lat="37.964927" lon="-106.991756"><ele>3718.8</ele><time>2026-04-10T15:30:11Z</time></rtept><rtept lat="37.964913" lon="-106.991781"><ele>3718.8</ele><time>2026-04-10T15:30:11Z</time></rtept><rtept lat="37.964903" lon="-106.991809"><ele>3718.6</ele><time>2026-04-10T15:30:11Z</time></rtept><rtept lat="37.964889" lon="-106.991852"><ele>3717.4</ele><time>2026-04-10T15:30:11Z</time></rtept><rtept lat="37.964879" lon="-106.991885"><ele>3717.4</ele><time>2026-04-10T15:30:11Z</time></rtept><rtept lat="37.964874" lon="-106.991916"><ele>3716.2</ele><time>2026-04-10T15:30:11Z</time></rtept><rtept lat="37.964864" lon="-106.992008"><ele>3715.0</ele><time>2026-04-10T15:30:11Z</time></rtept><rtept lat="37.964854" lon="-106.992045"><ele>3715.0</ele><time>2026-04-10T15:30:11Z</time></rtept><rtept lat="37.964845" lon="-106.992082"><ele>3713.6</ele><time>2026-04-10T15:30:11Z</time></rtept><rtept lat="37.964835" lon="-106.992118"><ele>3713.2</ele><time>2026-04-10T15:30:11Z</time></rtept><rtept lat="37.96483" lon="-106.992152"><ele>3713.2</ele><time>2026-04-10T15:30:11Z</time></rtept><rtept lat="37.96482" lon="-106.992188"><ele>3711.8</ele><time>2026-04-10T15:30:11Z</time></rtept><rtept lat="37.964806" lon="-106.992221"><ele>3711.8</ele><time>2026-04-10T15:30:11Z</time></rtept><rtept lat="37.964797" lon="-106.992253"><ele>3710.6</ele><time>2026-04-10T15:30:11Z</time></rtept><rtept lat="37.964791" lon="-106.992289"><ele>3710.6</ele><time>2026-04-10T15:30:11Z</time></rtept><rtept lat="37.964777" lon="-106.992372"><ele>3709.2</ele><time>2026-04-10T15:30:11Z</time></rtept><rtept lat="37.964776" lon="-106.992395"><ele>3709.2</ele><time>2026-04-10T15:30:11Z</time></rtept><rtept lat="37.964771" lon="-106.992431"><ele>3707.4</ele><time>2026-04-10T15:30:11Z</time></rtept><rtept lat="37.964766" lon="-106.992468"><ele>3707.4</ele><time>2026-04-10T15:30:11Z</time></rtept><rtept lat="37.964756" lon="-106.992505"><ele>3706.0</ele><time>2026-04-10T15:30:11Z</time></rtept><rtept lat="37.964751" lon="-106.992541"><ele>3706.0</ele><time>2026-04-10T15:30:11Z</time></rtept><rtept lat="37.964742" lon="-106.992579"><ele>3706.0</ele><time>2026-04-10T15:30:11Z</time></rtept><rtept lat="37.964737" lon="-106.992615"><ele>3704.8</ele><time>2026-04-10T15:30:11Z</time></rtept><rtept lat="37.964727" lon="-106.992652"><ele>3704.8</ele><time>2026-04-10T15:30:11Z</time></rtept><rtept lat="37.964722" lon="-106.99269"><ele>3703.6</ele><time>2026-04-10T15:30:11Z</time></rtept><rtept lat="37.964712" lon="-106.992729"><ele>3703.6</ele><time>2026-04-10T15:30:11Z</time></rtept><rtept lat="37.964698" lon="-106.992764"><ele>3702.0</ele><time>2026-04-10T15:30:11Z</time></rtept><rtept lat="37.964688" lon="-106.992802"><ele>3702.0</ele><time>2026-04-10T15:30:11Z</time></rtept><rtept lat="37.964688" lon="-106.992841"><ele>3702.0</ele><time>2026-04-10T15:30:11Z</time></rtept><rtept lat="37.964678" lon="-106.992878"><ele>3700.8</ele><time>2026-04-10T15:30:11Z</time></rtept><rtept lat="37.964664" lon="-106.992915"><ele>3700.8</ele><time>2026-04-10T15:30:11Z</time></rtept><rtept lat="37.964659" lon="-106.992954"><ele>3699.6</ele><time>2026-04-10T15:30:11Z</time></rtept><rtept lat="37.964653" lon="-106.992993"><ele>3699.6</ele><time>2026-04-10T15:30:11Z</time></rtept><rtept lat="37.964635" lon="-106.993025"><ele>3698.2</ele><time>2026-04-10T15:30:11Z</time></rtept><rtept lat="37.964601" lon="-106.993139"><ele>3697.0</ele><time>2026-04-10T15:30:11Z</time></rtept><rtept lat="37.964573" lon="-106.993249"><ele>3695.8</ele><time>2026-04-10T15:30:11Z</time></rtept><rtept lat="37.964563" lon="-106.993285"><ele>3694.0</ele><time>2026-04-10T15:30:11Z</time></rtept><rtept lat="37.964549" lon="-106.993321"><ele>3694.0</ele><time>2026-04-10T15:30:11Z</time></rtept><rtept lat="37.96453" lon="-106.993387"><ele>3692.4</ele><time>2026-04-10T15:30:11Z</time></rtept><rtept lat="37.964525" lon="-106.993399"><ele>3692.4</ele><time>2026-04-10T15:30:11Z</time></rtept><rtept lat="37.964506" lon="-106.993432"><ele>3692.4</ele><time>2026-04-10T15:30:11Z</time></rtept><rtept lat="37.964488" lon="-106.993463"><ele>3690.6</ele><time>2026-04-10T15:30:11Z</time></rtept><rtept lat="37.964474" lon="-106.993496"><ele>3690.6</ele><time>2026-04-10T15:30:11Z</time></rtept><rtept lat="37.96446" lon="-106.993532"><ele>3690.6</ele><time>2026-04-10T15:30:11Z</time></rtept><rtept lat="37.964445" lon="-106.993568"><ele>3689.6</ele><time>2026-04-10T15:30:11Z</time></rtept><rtept lat="37.964436" lon="-106.993601"><ele>3689.6</ele><time>2026-04-10T15:30:11Z</time></rtept><rtept lat="37.964444" lon="-106.993639"><ele>3689.0</ele><time>2026-04-10T15:30:11Z</time></rtept><rtept lat="37.964448" lon="-106.993677"><ele>3689.0</ele><time>2026-04-10T15:30:11Z</time></rtept><rtept lat="37.96446" lon="-106.993745"><ele>3688.8</ele><time>2026-04-10T15:30:11Z</time></rtept><rtept lat="37.964464" lon="-106.993782"><ele>3688.8</ele><time>2026-04-10T15:30:11Z</time></rtept><rtept lat="37.964473" lon="-106.993815"><ele>3688.6</ele><time>2026-04-10T15:30:11Z</time></rtept><rtept lat="37.964486" lon="-106.993852"><ele>3688.6</ele><time>2026-04-10T15:30:11Z</time></rtept><rtept lat="37.964494" lon="-106.993892"><ele>3688.4</ele><time>2026-04-10T15:30:11Z</time></rtept><rtept lat="37.964498" lon="-106.993929"><ele>3688.4</ele><time>2026-04-10T15:30:11Z</time></rtept><rtept lat="37.964502" lon="-106.993966"><ele>3686.6</ele><time>2026-04-10T15:30:11Z</time></rtept><rtept lat="37.964505" lon="-106.994024"><ele>3686.6</ele><time>2026-04-10T15:30:11Z</time></rtept><rtept lat="37.96451" lon="-106.994036"><ele>3686.6</ele><time>2026-04-10T15:30:11Z</time></rtept><rtept lat="37.964504" lon="-106.994072"><ele>3686.4</ele><time>2026-04-10T15:30:11Z</time></rtept><rtept lat="37.964486" lon="-106.994105"><ele>3688.2</ele><time>2026-04-10T15:30:11Z</time></rtept><rtept lat="37.964463" lon="-106.994136"><ele>3688.0</ele><time>2026-04-10T15:30:11Z</time></rtept><rtept lat="37.964444" lon="-106.994158"><ele>3688.0</ele><time>2026-04-10T15:30:11Z</time></rtept><rtept lat="37.964439" lon="-106.994193"><ele>3688.0</ele><time>2026-04-10T15:30:11Z</time></rtept><rtept lat="37.964448" lon="-106.99423"><ele>3687.8</ele><time>2026-04-10T15:30:11Z</time></rtept><rtept lat="37.964451" lon="-106.994307"><ele>3687.6</ele><time>2026-04-10T15:30:11Z</time></rtept><rtept lat="37.964451" lon="-106.994319"><ele>3687.6</ele><time>2026-04-10T15:30:11Z</time></rtept><rtept lat="37.964459" lon="-106.994357"><ele>3687.6</ele><time>2026-04-10T15:30:11Z</time></rtept><rtept lat="37.964463" lon="-106.994395"><ele>3687.2</ele><time>2026-04-10T15:30:11Z</time></rtept><rtept lat="37.964457" lon="-106.994461"><ele>3687.2</ele><time>2026-04-10T15:30:11Z</time></rtept><rtept lat="37.964452" lon="-106.99449"><ele>3686.6</ele><time>2026-04-10T15:30:11Z</time></rtept><rtept lat="37.964452" lon="-106.994533"><ele>3686.6</ele><time>2026-04-10T15:30:11Z</time></rtept><rtept lat="37.964455" lon="-106.994579"><ele>3686.2</ele><time>2026-04-10T15:30:11Z</time></rtept><rtept lat="37.964459" lon="-106.994626"><ele>3686.2</ele><time>2026-04-10T15:30:11Z</time></rtept><rtept lat="37.964463" lon="-106.99467"><ele>3685.8</ele><time>2026-04-10T15:30:11Z</time></rtept><rtept lat="37.964462" lon="-106.994715"><ele>3685.8</ele><time>2026-04-10T15:30:11Z</time></rtept><rtept lat="37.964448" lon="-106.994756"><ele>3685.6</ele><time>2026-04-10T15:30:11Z</time></rtept><rtept lat="37.964447" lon="-106.9948"><ele>3685.6</ele><time>2026-04-10T15:30:11Z</time></rtept><rtept lat="37.964455" lon="-106.994842"><ele>3685.6</ele><time>2026-04-10T15:30:11Z</time></rtept><rtept lat="37.964468" lon="-106.994882"><ele>3685.6</ele><time>2026-04-10T15:30:11Z</time></rtept><rtept lat="37.964458" lon="-106.994933"><ele>3685.8</ele><time>2026-04-10T15:30:11Z</time></rtept><rtept lat="37.964458" lon="-106.994951"><ele>3685.8</ele><time>2026-04-10T15:30:11Z</time></rtept><rtept lat="37.964466" lon="-106.994991"><ele>3685.8</ele><time>2026-04-10T15:30:11Z</time></rtept><rtept lat="37.96447" lon="-106.995031"><ele>3685.8</ele><time>2026-04-10T15:30:11Z</time></rtept><rtept lat="37.964469" lon="-106.995076"><ele>3685.8</ele><time>2026-04-10T15:30:11Z</time></rtept><rtept lat="37.964464" lon="-106.995121"><ele>3685.8</ele><time>2026-04-10T15:30:11Z</time></rtept><rtept lat="37.964468" lon="-106.995163"><ele>3685.8</ele><time>2026-04-10T15:30:11Z</time></rtept><rtept lat="37.964467" lon="-106.995206"><ele>3685.8</ele><time>2026-04-10T15:30:11Z</time></rtept><rtept lat="37.964467" lon="-106.995251"><ele>3685.8</ele><time>2026-04-10T15:30:11Z</time></rtept><rtept lat="37.96447" lon="-106.995294"><ele>3685.8</ele><time>2026-04-10T15:30:11Z</time></rtept><rtept lat="37.964474" lon="-106.995337"><ele>3685.8</ele><time>2026-04-10T15:30:11Z</time></rtept><rtept lat="37.964478" lon="-106.995382"><ele>3685.8</ele><time>2026-04-10T15:30:11Z</time></rtept><rtept lat="37.964481" lon="-106.995427"><ele>3685.8</ele><time>2026-04-10T15:30:11Z</time></rtept><rtept lat="37.964485" lon="-106.995473"><ele>3685.8</ele><time>2026-04-10T15:30:11Z</time></rtept><rtept lat="37.964489" lon="-106.99552"><ele>3685.6</ele><time>2026-04-10T15:30:11Z</time></rtept><rtept lat="37.964497" lon="-106.995564"><ele>3685.6</ele><time>2026-04-10T15:30:11Z</time></rtept><rtept lat="37.964505" lon="-106.995612"><ele>3683.8</ele><time>2026-04-10T15:30:11Z</time></rtept><rtept lat="37.964509" lon="-106.995656"><ele>3683.8</ele><time>2026-04-10T15:30:11Z</time></rtept><rtept lat="37.964513" lon="-106.995719"><ele>3683.6</ele><time>2026-04-10T15:30:11Z</time></rtept><rtept lat="37.964512" lon="-106.995749"><ele>3683.6</ele><time>2026-04-10T15:30:11Z</time></rtept><rtept lat="37.964511" lon="-106.995794"><ele>3683.4</ele><time>2026-04-10T15:30:11Z</time></rtept><rtept lat="37.964511" lon="-106.995837"><ele>3683.4</ele><time>2026-04-10T15:30:11Z</time></rtept><rtept lat="37.96451" lon="-106.995875"><ele>3682.8</ele><time>2026-04-10T15:30:11Z</time></rtept><rtept lat="37.964509" lon="-106.995953"><ele>3682.0</ele><time>2026-04-10T15:30:11Z</time></rtept><rtept lat="37.964508" lon="-106.995966"><ele>3682.0</ele><time>2026-04-10T15:30:11Z</time></rtept><rtept lat="37.964512" lon="-106.996007"><ele>3682.0</ele><time>2026-04-10T15:30:11Z</time></rtept><rtept lat="37.964516" lon="-106.996043"><ele>3680.8</ele><time>2026-04-10T15:30:11Z</time></rtept><rtept lat="37.964529" lon="-106.99607"><ele>3680.8</ele><time>2026-04-10T15:30:11Z</time></rtept><rtept lat="37.964533" lon="-106.996111"><ele>3679.4</ele><time>2026-04-10T15:30:11Z</time></rtept><rtept lat="37.964533" lon="-106.996122"><ele>3679.4</ele><time>2026-04-10T15:30:11Z</time></rtept><rtept lat="37.964537" lon="-106.996161"><ele>3679.4</ele><time>2026-04-10T15:30:11Z</time></rtept><rtept lat="37.964531" lon="-106.996197"><ele>3677.6</ele><time>2026-04-10T15:30:11Z</time></rtept><rtept lat="37.964526" lon="-106.996232"><ele>3677.6</ele><time>2026-04-10T15:30:11Z</time></rtept><rtept lat="37.964512" lon="-106.99631"><ele>3675.6</ele><time>2026-04-10T15:30:11Z</time></rtept><rtept lat="37.964507" lon="-106.996334"><ele>3675.6</ele><time>2026-04-10T15:30:11Z</time></rtept><rtept lat="37.964502" lon="-106.996369"><ele>3673.8</ele><time>2026-04-10T15:30:11Z</time></rtept><rtept lat="37.964492" lon="-106.996404"><ele>3674.8</ele><time>2026-04-10T15:30:11Z</time></rtept><rtept lat="37.964468" lon="-106.996468"><ele>3673.0</ele><time>2026-04-10T15:30:11Z</time></rtept><rtept lat="37.964463" lon="-106.996494"><ele>3673.0</ele><time>2026-04-10T15:30:11Z</time></rtept><rtept lat="37.964463" lon="-106.996534"><ele>3673.0</ele><time>2026-04-10T15:30:11Z</time></rtept><rtept lat="37.964458" lon="-106.996575"><ele>3671.2</ele><time>2026-04-10T15:30:11Z</time></rtept><rtept lat="37.964443" lon="-106.996637"><ele>3669.4</ele><time>2026-04-10T15:30:11Z</time></rtept><rtept lat="37.964447" lon="-106.996647"><ele>3669.4</ele><time>2026-04-10T15:30:11Z</time></rtept><rtept lat="37.964451" lon="-106.996678"><ele>3669.4</ele><time>2026-04-10T15:30:11Z</time></rtept><rtept lat="37.964464" lon="-106.99674"><ele>3667.8</ele><time>2026-04-10T15:30:11Z</time></rtept><rtept lat="37.964468" lon="-106.996775"><ele>3667.8</ele><time>2026-04-10T15:30:11Z</time></rtept><rtept lat="37.964476" lon="-106.996815"><ele>3666.2</ele><time>2026-04-10T15:30:11Z</time></rtept><rtept lat="37.964477" lon="-106.996998"><ele>3662.4</ele><time>2026-04-10T15:30:11Z</time></rtept><rtept lat="37.964468" lon="-106.997017"><ele>3662.4</ele><time>2026-04-10T15:30:11Z</time></rtept><rtept lat="37.964454" lon="-106.99704"><ele>3662.4</ele><time>2026-04-10T15:30:11Z</time></rtept><rtept lat="37.96444" lon="-106.997067"><ele>3660.4</ele><time>2026-04-10T15:30:11Z</time></rtept><rtept lat="37.964435" lon="-106.997101"><ele>3660.4</ele><time>2026-04-10T15:30:11Z</time></rtept><rtept lat="37.964434" lon="-106.997136"><ele>3660.4</ele><time>2026-04-10T15:30:11Z</time></rtept><rtept lat="37.964434" lon="-106.997172"><ele>3658.8</ele><time>2026-04-10T15:30:11Z</time></rtept><rtept lat="37.964442" lon="-106.997213"><ele>3658.8</ele><time>2026-04-10T15:30:11Z</time></rtept><rtept lat="37.964446" lon="-106.997254"><ele>3657.4</ele><time>2026-04-10T15:30:11Z</time></rtept><rtept lat="37.96445" lon="-106.997296"><ele>3657.4</ele><time>2026-04-10T15:30:11Z</time></rtept><rtept lat="37.964454" lon="-106.997337"><ele>3656.4</ele><time>2026-04-10T15:30:11Z</time></rtept><rtept lat="37.964462" lon="-106.997376"><ele>3656.4</ele><time>2026-04-10T15:30:11Z</time></rtept><rtept lat="37.96447" lon="-106.997415"><ele>3655.6</ele><time>2026-04-10T15:30:11Z</time></rtept><rtept lat="37.964479" lon="-106.997453"><ele>3655.6</ele><time>2026-04-10T15:30:11Z</time></rtept><rtept lat="37.964491" lon="-106.997493"><ele>3655.0</ele><time>2026-04-10T15:30:11Z</time></rtept><rtept lat="37.964495" lon="-106.997532"><ele>3655.0</ele><time>2026-04-10T15:30:11Z</time></rtept><rtept lat="37.964499" lon="-106.997571"><ele>3654.4</ele><time>2026-04-10T15:30:11Z</time></rtept><rtept lat="37.964508" lon="-106.997606"><ele>3652.2</ele><time>2026-04-10T15:30:11Z</time></rtept><rtept lat="37.964512" lon="-106.997643"><ele>3652.2</ele><time>2026-04-10T15:30:11Z</time></rtept><rtept lat="37.964515" lon="-106.997678"><ele>3651.6</ele><time>2026-04-10T15:30:11Z</time></rtept><rtept lat="37.964528" lon="-106.997715"><ele>3651.6</ele><time>2026-04-10T15:30:11Z</time></rtept><rtept lat="37.964532" lon="-106.997758"><ele>3651.2</ele><time>2026-04-10T15:30:11Z</time></rtept><rtept lat="37.964531" lon="-106.997799"><ele>3651.2</ele><time>2026-04-10T15:30:11Z</time></rtept><rtept lat="37.964535" lon="-106.997842"><ele>3651.0</ele><time>2026-04-10T15:30:11Z</time></rtept><rtept lat="37.964539" lon="-106.997888"><ele>3651.0</ele><time>2026-04-10T15:30:11Z</time></rtept><rtept lat="37.964547" lon="-106.997932"><ele>3650.8</ele><time>2026-04-10T15:30:11Z</time></rtept><rtept lat="37.96455" lon="-106.99802"><ele>3650.8</ele><time>2026-04-10T15:30:11Z</time></rtept><rtept lat="37.964541" lon="-106.998062"><ele>3650.8</ele><time>2026-04-10T15:30:11Z</time></rtept><rtept lat="37.964535" lon="-106.998108"><ele>3650.6</ele><time>2026-04-10T15:30:11Z</time></rtept><rtept lat="37.964534" lon="-106.998152"><ele>3650.6</ele><time>2026-04-10T15:30:11Z</time></rtept><rtept lat="37.96452" lon="-106.99819"><ele>3650.6</ele><time>2026-04-10T15:30:11Z</time></rtept><rtept lat="37.964511" lon="-106.998229"><ele>3650.6</ele><time>2026-04-10T15:30:11Z</time></rtept><rtept lat="37.964501" lon="-106.998268"><ele>3650.4</ele><time>2026-04-10T15:30:11Z</time></rtept><rtept lat="37.964491" lon="-106.998307"><ele>3652.2</ele><time>2026-04-10T15:30:11Z</time></rtept><rtept lat="37.964477" lon="-106.998344"><ele>3651.8</ele><time>2026-04-10T15:30:11Z</time></rtept><rtept lat="37.964462" lon="-106.998404"><ele>3651.8</ele><time>2026-04-10T15:30:11Z</time></rtept><rtept lat="37.964453" lon="-106.998429"><ele>3651.2</ele><time>2026-04-10T15:30:11Z</time></rtept><rtept lat="37.964443" lon="-106.99847"><ele>3651.2</ele><time>2026-04-10T15:30:11Z</time></rtept><rtept lat="37.964438" lon="-106.998511"><ele>3650.4</ele><time>2026-04-10T15:30:11Z</time></rtept><rtept lat="37.964429" lon="-106.998549"><ele>3651.4</ele><time>2026-04-10T15:30:11Z</time></rtept><rtept lat="37.964423" lon="-106.998589"><ele>3651.4</ele><time>2026-04-10T15:30:11Z</time></rtept><rtept lat="37.964418" lon="-106.998627"><ele>3650.0</ele><time>2026-04-10T15:30:11Z</time></rtept><rtept lat="37.964417" lon="-106.998666"><ele>3650.0</ele><time>2026-04-10T15:30:11Z</time></rtept><rtept lat="37.964412" lon="-106.99871"><ele>3648.4</ele><time>2026-04-10T15:30:11Z</time></rtept><rtept lat="37.964412" lon="-106.998724"><ele>3648.4</ele><time>2026-04-10T15:30:11Z</time></rtept><rtept lat="37.964393" lon="-106.998763"><ele>3648.4</ele><time>2026-04-10T15:30:11Z</time></rtept><rtept lat="37.964375" lon="-106.998798"><ele>3646.8</ele><time>2026-04-10T15:30:11Z</time></rtept><rtept lat="37.964361" lon="-106.998838"><ele>3647.4</ele><time>2026-04-10T15:30:11Z</time></rtept><rtept lat="37.964342" lon="-106.998878"><ele>3645.4</ele><time>2026-04-10T15:30:11Z</time></rtept><rtept lat="37.964323" lon="-106.998913"><ele>3645.4</ele><time>2026-04-10T15:30:11Z</time></rtept><rtept lat="37.9643" lon="-106.998948"><ele>3642.8</ele><time>2026-04-10T15:30:11Z</time></rtept><rtept lat="37.96429" lon="-106.998984"><ele>3644.0</ele><time>2026-04-10T15:30:11Z</time></rtept><rtept lat="37.964281" lon="-106.999014"><ele>3644.0</ele><time>2026-04-10T15:30:11Z</time></rtept><rtept lat="37.964276" lon="-106.999046"><ele>3641.0</ele><time>2026-04-10T15:30:11Z</time></rtept><rtept lat="37.964262" lon="-106.999071"><ele>3641.0</ele><time>2026-04-10T15:30:11Z</time></rtept><rtept lat="37.964243" lon="-106.999103"><ele>3641.0</ele><time>2026-04-10T15:30:11Z</time></rtept><rtept lat="37.964216" lon="-106.999122"><ele>3640.2</ele><time>2026-04-10T15:30:11Z</time></rtept><rtept lat="37.964207" lon="-106.999146"><ele>3640.2</ele><time>2026-04-10T15:30:11Z</time></rtept><rtept lat="37.964205" lon="-106.999229"><ele>3637.6</ele><time>2026-04-10T15:30:11Z</time></rtept><rtept lat="37.964196" lon="-106.999263"><ele>3637.6</ele><time>2026-04-10T15:30:11Z</time></rtept><rtept lat="37.964186" lon="-106.999289"><ele>3635.4</ele><time>2026-04-10T15:30:11Z</time></rtept><rtept lat="37.964172" lon="-106.999314"><ele>3635.4</ele><time>2026-04-10T15:30:11Z</time></rtept><rtept lat="37.964158" lon="-106.999344"><ele>3637.4</ele><time>2026-04-10T15:30:11Z</time></rtept><rtept lat="37.96414" lon="-106.999379"><ele>3635.0</ele><time>2026-04-10T15:30:11Z</time></rtept><rtept lat="37.964125" lon="-106.999412"><ele>3635.0</ele><time>2026-04-10T15:30:11Z</time></rtept><rtept lat="37.964102" lon="-106.999434"><ele>3635.0</ele><time>2026-04-10T15:30:11Z</time></rtept><rtept lat="37.964098" lon="-106.999461"><ele>3633.0</ele><time>2026-04-10T15:30:11Z</time></rtept><rtept lat="37.964084" lon="-106.999492"><ele>3634.6</ele><time>2026-04-10T15:30:11Z</time></rtept><rtept lat="37.964074" lon="-106.999515"><ele>3634.6</ele><time>2026-04-10T15:30:11Z</time></rtept><rtept lat="37.964069" lon="-106.999541"><ele>3632.2</ele><time>2026-04-10T15:30:11Z</time></rtept><rtept lat="37.964069" lon="-106.999571"><ele>3632.2</ele><time>2026-04-10T15:30:11Z</time></rtept><rtept lat="37.964068" lon="-106.999598"><ele>3632.2</ele><time>2026-04-10T15:30:11Z</time></rtept><rtept lat="37.964068" lon="-106.999622"><ele>3632.2</ele><time>2026-04-10T15:30:11Z</time></rtept><rtept lat="37.964068" lon="-106.999642"><ele>3629.4</ele><time>2026-04-10T15:30:11Z</time></rtept><rtept lat="37.964058" lon="-106.999661"><ele>3629.4</ele><time>2026-04-10T15:30:11Z</time></rtept><rtept lat="37.964058" lon="-106.999682"><ele>3629.4</ele><time>2026-04-10T15:30:11Z</time></rtept><rtept lat="37.964035" lon="-106.999723"><ele>3626.8</ele><time>2026-04-10T15:30:11Z</time></rtept><rtept lat="37.964021" lon="-106.999738"><ele>3628.8</ele><time>2026-04-10T15:30:11Z</time></rtept><rtept lat="37.964002" lon="-106.999765"><ele>3628.8</ele><time>2026-04-10T15:30:11Z</time></rtept><rtept lat="37.963975" lon="-106.999792"><ele>3628.8</ele><time>2026-04-10T15:30:11Z</time></rtept><rtept lat="37.963947" lon="-106.999815"><ele>3628.0</ele><time>2026-04-10T15:30:11Z</time></rtept><rtept lat="37.96392" lon="-106.999836"><ele>3628.0</ele><time>2026-04-10T15:30:11Z</time></rtept><rtept lat="37.963906" lon="-106.999853"><ele>3628.0</ele><time>2026-04-10T15:30:11Z</time></rtept><rtept lat="37.963888" lon="-106.999879"><ele>3629.6</ele><time>2026-04-10T15:30:11Z</time></rtept><rtept lat="37.963874" lon="-106.999908"><ele>3626.4</ele><time>2026-04-10T15:30:11Z</time></rtept><rtept lat="37.963855" lon="-106.999927"><ele>3626.4</ele><time>2026-04-10T15:30:11Z</time></rtept><rtept lat="37.96385" lon="-106.99995"><ele>3626.4</ele><time>2026-04-10T15:30:11Z</time></rtept><rtept lat="37.963827" lon="-106.999972"><ele>3623.4</ele><time>2026-04-10T15:30:11Z</time></rtept><rtept lat="37.9638" lon="-106.999994"><ele>3624.0</ele><time>2026-04-10T15:30:11Z</time></rtept><rtept lat="37.963773" lon="-107.000017"><ele>3624.0</ele><time>2026-04-10T15:30:11Z</time></rtept><rtept lat="37.963745" lon="-107.000037"><ele>3624.8</ele><time>2026-04-10T15:30:11Z</time></rtept><rtept lat="37.963714" lon="-107.000049"><ele>3624.8</ele><time>2026-04-10T15:30:11Z</time></rtept><rtept lat="37.963682" lon="-107.000062"><ele>3623.0</ele><time>2026-04-10T15:30:11Z</time></rtept><rtept lat="37.963654" lon="-107.000082"><ele>3623.0</ele><time>2026-04-10T15:30:11Z</time></rtept><rtept lat="37.963627" lon="-107.000101"><ele>3623.0</ele><time>2026-04-10T15:30:11Z</time></rtept><rtept lat="37.963591" lon="-107.00012"><ele>3625.0</ele><time>2026-04-10T15:30:11Z</time></rtept><rtept lat="37.963563" lon="-107.000142"><ele>3622.8</ele><time>2026-04-10T15:30:11Z</time></rtept><rtept lat="37.963545" lon="-107.00017"><ele>3625.0</ele><time>2026-04-10T15:30:11Z</time></rtept><rtept lat="37.963531" lon="-107.000204"><ele>3625.0</ele><time>2026-04-10T15:30:11Z</time></rtept><rtept lat="37.963526" lon="-107.000237"><ele>3623.0</ele><time>2026-04-10T15:30:11Z</time></rtept><rtept lat="37.96353" lon="-107.000267"><ele>3623.0</ele><time>2026-04-10T15:30:11Z</time></rtept><rtept lat="37.963507" lon="-107.000303"><ele>3623.0</ele><time>2026-04-10T15:30:11Z</time></rtept><rtept lat="37.963488" lon="-107.000342"><ele>3621.4</ele><time>2026-04-10T15:30:11Z</time></rtept><rtept lat="37.963469" lon="-107.000379"><ele>3623.2</ele><time>2026-04-10T15:30:11Z</time></rtept><rtept lat="37.963441" lon="-107.000415"><ele>3621.2</ele><time>2026-04-10T15:30:11Z</time></rtept><rtept lat="37.963389" lon="-107.000573"><ele>3619.6</ele><time>2026-04-10T15:30:11Z</time></rtept><rtept lat="37.963233" lon="-107.000762"><ele>3619.8</ele><time>2026-04-10T15:30:11Z</time></rtept><rtept lat="37.963219" lon="-107.000776"><ele>3619.8</ele><time>2026-04-10T15:30:11Z</time></rtept><rtept lat="37.963201" lon="-107.000785"><ele>3621.4</ele><time>2026-04-10T15:30:11Z</time></rtept><rtept lat="37.963187" lon="-107.000795"><ele>3621.4</ele><time>2026-04-10T15:30:11Z</time></rtept><rtept lat="37.963169" lon="-107.000814"><ele>3621.4</ele><time>2026-04-10T15:30:11Z</time></rtept><rtept lat="37.963146" lon="-107.000833"><ele>3621.8</ele><time>2026-04-10T15:30:11Z</time></rtept><rtept lat="37.963132" lon="-107.000852"><ele>3621.8</ele><time>2026-04-10T15:30:11Z</time></rtept><rtept lat="37.963113" lon="-107.000906"><ele>3621.8</ele><time>2026-04-10T15:30:11Z</time></rtept><rtept lat="37.963043" lon="-107.001058"><ele>3619.8</ele><time>2026-04-10T15:30:11Z</time></rtept><rtept lat="37.963001" lon="-107.00113"><ele>3619.0</ele><time>2026-04-10T15:30:11Z</time></rtept><rtept lat="37.962986" lon="-107.001225"><ele>3617.0</ele><time>2026-04-10T15:30:11Z</time></rtept><rtept lat="37.962981" lon="-107.001265"><ele>3615.2</ele><time>2026-04-10T15:30:11Z</time></rtept><rtept lat="37.962985" lon="-107.001303"><ele>3615.2</ele><time>2026-04-10T15:30:11Z</time></rtept><rtept lat="37.963012" lon="-107.001562"><ele>3609.2</ele><time>2026-04-10T15:30:11Z</time></rtept><rtept lat="37.963016" lon="-107.001829"><ele>3601.6</ele><time>2026-04-10T15:30:11Z</time></rtept><rtept lat="37.96293" lon="-107.002406"><ele>3594.6</ele><time>2026-04-10T15:30:11Z</time></rtept><rtept lat="37.96293" lon="-107.002418"><ele>3594.6</ele><time>2026-04-10T15:30:11Z</time></rtept><rtept lat="37.962915" lon="-107.002468"><ele>3593.6</ele><time>2026-04-10T15:30:11Z</time></rtept><rtept lat="37.96286" lon="-107.002573"><ele>3593.8</ele><time>2026-04-10T15:30:11Z</time></rtept><rtept lat="37.962859" lon="-107.002591"><ele>3593.8</ele><time>2026-04-10T15:30:11Z</time></rtept><rtept lat="37.962827" lon="-107.002644"><ele>3592.2</ele><time>2026-04-10T15:30:11Z</time></rtept><rtept lat="37.962818" lon="-107.002707"><ele>3592.2</ele><time>2026-04-10T15:30:11Z</time></rtept><rtept lat="37.962913" lon="-107.002773"><ele>3589.4</ele><time>2026-04-10T15:30:11Z</time></rtept><rtept lat="37.962984" lon="-107.002825"><ele>3587.0</ele><time>2026-04-10T15:30:11Z</time></rtept><rtept lat="37.963045" lon="-107.002894"><ele>3584.2</ele><time>2026-04-10T15:30:11Z</time></rtept><rtept lat="37.963108" lon="-107.002957"><ele>3583.0</ele><time>2026-04-10T15:30:11Z</time></rtept><rtept lat="37.963193" lon="-107.003002"><ele>3579.4</ele><time>2026-04-10T15:30:11Z</time></rtept><rtept lat="37.963307" lon="-107.003055"><ele>3575.6</ele><time>2026-04-10T15:30:11Z</time></rtept><rtept lat="37.963449" lon="-107.003135"><ele>3572.2</ele><time>2026-04-10T15:30:11Z</time></rtept><rtept lat="37.963513" lon="-107.003166"><ele>3570.4</ele><time>2026-04-10T15:30:11Z</time></rtept><rtept lat="37.963513" lon="-107.003166"><ele>3570.4</ele><time>2026-04-10T15:30:11Z</time></rtept><rtept lat="37.963449" lon="-107.003135"><ele>3572.2</ele><time>2026-04-10T15:30:11Z</time></rtept><rtept lat="37.963307" lon="-107.003055"><ele>3575.6</ele><time>2026-04-10T15:30:11Z</time></rtept><rtept lat="37.963193" lon="-107.003002"><ele>3579.4</ele><time>2026-04-10T15:30:11Z</time></rtept><rtept lat="37.963108" lon="-107.002957"><ele>3583.0</ele><time>2026-04-10T15:30:11Z</time></rtept><rtept lat="37.963045" lon="-107.002894"><ele>3584.2</ele><time>2026-04-10T15:30:11Z</time></rtept><rtept lat="37.962984" lon="-107.002825"><ele>3587.0</ele><time>2026-04-10T15:30:11Z</time></rtept><rtept lat="37.962913" lon="-107.002773"><ele>3589.4</ele><time>2026-04-10T15:30:11Z</time></rtept><rtept lat="37.962818" lon="-107.002707"><ele>3592.2</ele><time>2026-04-10T15:30:11Z</time></rtept><rtept lat="37.962818" lon="-107.002658"><ele>3592.2</ele><time>2026-04-10T15:30:11Z</time></rtept><rtept lat="37.962808" lon="-107.002678"><ele>3593.8</ele><time>2026-04-10T15:30:11Z</time></rtept><rtept lat="37.962785" lon="-107.002743"><ele>3592.0</ele><time>2026-04-10T15:30:11Z</time></rtept><rtept lat="37.962771" lon="-107.002768"><ele>3592.0</ele><time>2026-04-10T15:30:11Z</time></rtept><rtept lat="37.962761" lon="-107.00279"><ele>3592.0</ele><time>2026-04-10T15:30:11Z</time></rtept><rtept lat="37.962752" lon="-107.002818"><ele>3590.2</ele><time>2026-04-10T15:30:11Z</time></rtept><rtept lat="37.962733" lon="-107.002847"><ele>3591.8</ele><time>2026-04-10T15:30:11Z</time></rtept><rtept lat="37.962715" lon="-107.002871"><ele>3591.8</ele><time>2026-04-10T15:30:11Z</time></rtept><rtept lat="37.962705" lon="-107.002895"><ele>3590.4</ele><time>2026-04-10T15:30:11Z</time></rtept><rtept lat="37.962709" lon="-107.002953"><ele>3590.4</ele><time>2026-04-10T15:30:11Z</time></rtept><rtept lat="37.962713" lon="-107.002972"><ele>3590.4</ele><time>2026-04-10T15:30:11Z</time></rtept><rtept lat="37.962731" lon="-107.002998"><ele>3589.2</ele><time>2026-04-10T15:30:11Z</time></rtept><rtept lat="37.962804" lon="-107.003222"><ele>3586.8</ele><time>2026-04-10T15:30:11Z</time></rtept><rtept lat="37.962808" lon="-107.003247"><ele>3586.6</ele><time>2026-04-10T15:30:11Z</time></rtept><rtept lat="37.96282" lon="-107.003283"><ele>3584.8</ele><time>2026-04-10T15:30:11Z</time></rtept><rtept lat="37.962819" lon="-107.003339"><ele>3584.4</ele><time>2026-04-10T15:30:11Z</time></rtept><rtept lat="37.962845" lon="-107.003439"><ele>3584.0</ele><time>2026-04-10T15:30:11Z</time></rtept><rtept lat="37.962904" lon="-107.003657"><ele>3581.0</ele><time>2026-04-10T15:30:11Z</time></rtept><rtept lat="37.962909" lon="-107.003675"><ele>3580.0</ele><time>2026-04-10T15:30:11Z</time></rtept><rtept lat="37.962934" lon="-107.003755"><ele>3579.0</ele><time>2026-04-10T15:30:11Z</time></rtept><rtept lat="37.962938" lon="-107.00377"><ele>3579.0</ele><time>2026-04-10T15:30:11Z</time></rtept><rtept lat="37.962951" lon="-107.003793"><ele>3577.2</ele><time>2026-04-10T15:30:11Z</time></rtept><rtept lat="37.962964" lon="-107.003833"><ele>3575.8</ele><time>2026-04-10T15:30:11Z</time></rtept><rtept lat="37.96299" lon="-107.003934"><ele>3574.6</ele><time>2026-04-10T15:30:11Z</time></rtept><rtept lat="37.963006" lon="-107.004028"><ele>3573.8</ele><time>2026-04-10T15:30:11Z</time></rtept><rtept lat="37.963028" lon="-107.004086"><ele>3572.0</ele><time>2026-04-10T15:30:11Z</time></rtept><rtept lat="37.963137" lon="-107.004284"><ele>3568.8</ele><time>2026-04-10T15:30:11Z</time></rtept><rtept lat="37.963146" lon="-107.004301"><ele>3568.8</ele><time>2026-04-10T15:30:11Z</time></rtept><rtept lat="37.96315" lon="-107.004316"><ele>3566.0</ele><time>2026-04-10T15:30:11Z</time></rtept><rtept lat="37.963176" lon="-107.004345"><ele>3566.0</ele><time>2026-04-10T15:30:11Z</time></rtept><rtept lat="37.963226" lon="-107.004366"><ele>3563.0</ele><time>2026-04-10T15:30:11Z</time></rtept><rtept lat="37.963243" lon="-107.004373"><ele>3563.0</ele><time>2026-04-10T15:30:11Z</time></rtept><rtept lat="37.963252" lon="-107.004376"><ele>3563.0</ele><time>2026-04-10T15:30:11Z</time></rtept><rtept lat="37.963288" lon="-107.004401"><ele>3560.8</ele><time>2026-04-10T15:30:11Z</time></rtept><rtept lat="37.963302" lon="-107.004404"><ele>3560.8</ele><time>2026-04-10T15:30:11Z</time></rtept><rtept lat="37.963333" lon="-107.004416"><ele>3560.8</ele><time>2026-04-10T15:30:11Z</time></rtept><rtept lat="37.963355" lon="-107.004423"><ele>3559.0</ele><time>2026-04-10T15:30:11Z</time></rtept><rtept lat="37.963373" lon="-107.004424"><ele>3559.0</ele><time>2026-04-10T15:30:11Z</time></rtept><rtept lat="37.963391" lon="-107.004433"><ele>3560.8</ele><time>2026-04-10T15:30:11Z</time></rtept><rtept lat="37.9634" lon="-107.004451"><ele>3560.8</ele><time>2026-04-10T15:30:11Z</time></rtept><rtept lat="37.963475" lon="-107.004523"><ele>3561.8</ele><time>2026-04-10T15:30:11Z</time></rtept><rtept lat="37.963484" lon="-107.004532"><ele>3561.8</ele><time>2026-04-10T15:30:11Z</time></rtept><rtept lat="37.963502" lon="-107.004551"><ele>3560.0</ele><time>2026-04-10T15:30:11Z</time></rtept><rtept lat="37.963519" lon="-107.004576"><ele>3560.0</ele><time>2026-04-10T15:30:11Z</time></rtept><rtept lat="37.963532" lon="-107.004613"><ele>3561.8</ele><time>2026-04-10T15:30:11Z</time></rtept><rtept lat="37.963532" lon="-107.004647"><ele>3561.8</ele><time>2026-04-10T15:30:11Z</time></rtept><rtept lat="37.963522" lon="-107.00468"><ele>3561.8</ele><time>2026-04-10T15:30:11Z</time></rtept><rtept lat="37.963504" lon="-107.004704"><ele>3563.4</ele><time>2026-04-10T15:30:11Z</time></rtept><rtept lat="37.963485" lon="-107.004738"><ele>3565.4</ele><time>2026-04-10T15:30:11Z</time></rtept><rtept lat="37.96348" lon="-107.004755"><ele>3565.4</ele><time>2026-04-10T15:30:11Z</time></rtept><rtept lat="37.963475" lon="-107.004783"><ele>3567.0</ele><time>2026-04-10T15:30:11Z</time></rtept><rtept lat="37.963466" lon="-107.004811"><ele>3567.0</ele><time>2026-04-10T15:30:11Z</time></rtept><rtept lat="37.963456" lon="-107.004835"><ele>3567.0</ele><time>2026-04-10T15:30:11Z</time></rtept><rtept lat="37.963447" lon="-107.004866"><ele>3568.2</ele><time>2026-04-10T15:30:11Z</time></rtept><rtept lat="37.963433" lon="-107.004889"><ele>3568.2</ele><time>2026-04-10T15:30:11Z</time></rtept><rtept lat="37.963433" lon="-107.004909"><ele>3568.2</ele><time>2026-04-10T15:30:11Z</time></rtept><rtept lat="37.963446" lon="-107.004916"><ele>3568.2</ele><time>2026-04-10T15:30:11Z</time></rtept><rtept lat="37.963464" lon="-107.004926"><ele>3568.2</ele><time>2026-04-10T15:30:11Z</time></rtept><rtept lat="37.963499" lon="-107.004974"><ele>3566.4</ele><time>2026-04-10T15:30:11Z</time></rtept><rtept lat="37.963499" lon="-107.004987"><ele>3566.4</ele><time>2026-04-10T15:30:11Z</time></rtept><rtept lat="37.963512" lon="-107.00502"><ele>3566.4</ele><time>2026-04-10T15:30:11Z</time></rtept><rtept lat="37.963551" lon="-107.0051"><ele>3567.4</ele><time>2026-04-10T15:30:11Z</time></rtept><rtept lat="37.963564" lon="-107.005121"><ele>3565.4</ele><time>2026-04-10T15:30:11Z</time></rtept><rtept lat="37.963586" lon="-107.005152"><ele>3565.4</ele><time>2026-04-10T15:30:11Z</time></rtept><rtept lat="37.963604" lon="-107.005186"><ele>3565.4</ele><time>2026-04-10T15:30:11Z</time></rtept><rtept lat="37.963617" lon="-107.005222"><ele>3566.4</ele><time>2026-04-10T15:30:11Z</time></rtept><rtept lat="37.963629" lon="-107.005277"><ele>3563.4</ele><time>2026-04-10T15:30:11Z</time></rtept><rtept lat="37.963633" lon="-107.005304"><ele>3564.2</ele><time>2026-04-10T15:30:11Z</time></rtept><rtept lat="37.963628" lon="-107.005345"><ele>3564.2</ele><time>2026-04-10T15:30:11Z</time></rtept><rtept lat="37.963618" lon="-107.005384"><ele>3568.0</ele><time>2026-04-10T15:30:11Z</time></rtept><rtept lat="37.963604" lon="-107.005425"><ele>3568.0</ele><time>2026-04-10T15:30:11Z</time></rtept><rtept lat="37.963608" lon="-107.005466"><ele>3568.8</ele><time>2026-04-10T15:30:11Z</time></rtept><rtept lat="37.963598" lon="-107.005506"><ele>3568.8</ele><time>2026-04-10T15:30:11Z</time></rtept><rtept lat="37.963589" lon="-107.005547"><ele>3568.8</ele><time>2026-04-10T15:30:11Z</time></rtept><rtept lat="37.963583" lon="-107.005582"><ele>3569.2</ele><time>2026-04-10T15:30:11Z</time></rtept><rtept lat="37.963586" lon="-107.005687"><ele>3569.6</ele><time>2026-04-10T15:30:11Z</time></rtept><rtept lat="37.963586" lon="-107.005712"><ele>3569.6</ele><time>2026-04-10T15:30:11Z</time></rtept><rtept lat="37.963576" lon="-107.005749"><ele>3569.6</ele><time>2026-04-10T15:30:11Z</time></rtept><rtept lat="37.96358" lon="-107.005771"><ele>3569.6</ele><time>2026-04-10T15:30:11Z</time></rtept><rtept lat="37.96358" lon="-107.005796"><ele>3569.6</ele><time>2026-04-10T15:30:11Z</time></rtept><rtept lat="37.963575" lon="-107.005817"><ele>3569.4</ele><time>2026-04-10T15:30:11Z</time></rtept><rtept lat="37.96356" lon="-107.005901"><ele>3569.2</ele><time>2026-04-10T15:30:11Z</time></rtept><rtept lat="37.963537" lon="-107.005939"><ele>3571.4</ele><time>2026-04-10T15:30:11Z</time></rtept><rtept lat="37.963527" lon="-107.00596"><ele>3571.4</ele><time>2026-04-10T15:30:11Z</time></rtept><rtept lat="37.963509" lon="-107.005993"><ele>3570.8</ele><time>2026-04-10T15:30:11Z</time></rtept><rtept lat="37.96349" lon="-107.006023"><ele>3570.8</ele><time>2026-04-10T15:30:11Z</time></rtept><rtept lat="37.963472" lon="-107.006064"><ele>3571.8</ele><time>2026-04-10T15:30:11Z</time></rtept><rtept lat="37.963449" lon="-107.006096"><ele>3571.8</ele><time>2026-04-10T15:30:11Z</time></rtept><rtept lat="37.963412" lon="-107.006108"><ele>3573.2</ele><time>2026-04-10T15:30:11Z</time></rtept><rtept lat="37.963376" lon="-107.006113"><ele>3573.2</ele><time>2026-04-10T15:30:11Z</time></rtept><rtept lat="37.963344" lon="-107.006125"><ele>3574.6</ele><time>2026-04-10T15:30:11Z</time></rtept><rtept lat="37.963317" lon="-107.006149"><ele>3574.6</ele><time>2026-04-10T15:30:11Z</time></rtept><rtept lat="37.963298" lon="-107.006179"><ele>3573.6</ele><time>2026-04-10T15:30:11Z</time></rtept><rtept lat="37.963289" lon="-107.006222"><ele>3573.6</ele><time>2026-04-10T15:30:11Z</time></rtept><rtept lat="37.963279" lon="-107.006265"><ele>3574.8</ele><time>2026-04-10T15:30:11Z</time></rtept><rtept lat="37.96326" lon="-107.006304"><ele>3574.8</ele><time>2026-04-10T15:30:11Z</time></rtept><rtept lat="37.963219" lon="-107.006375"><ele>3575.2</ele><time>2026-04-10T15:30:11Z</time></rtept><rtept lat="37.963209" lon="-107.006404"><ele>3577.2</ele><time>2026-04-10T15:30:11Z</time></rtept><rtept lat="37.96319" lon="-107.006449"><ele>3577.8</ele><time>2026-04-10T15:30:11Z</time></rtept><rtept lat="37.96314" lon="-107.006494"><ele>3580.8</ele><time>2026-04-10T15:30:11Z</time></rtept><rtept lat="37.963121" lon="-107.006564"><ele>3580.8</ele><time>2026-04-10T15:30:11Z</time></rtept><rtept lat="37.963141" lon="-107.006696"><ele>3582.4</ele><time>2026-04-10T15:30:11Z</time></rtept><rtept lat="37.963158" lon="-107.006736"><ele>3580.4</ele><time>2026-04-10T15:30:11Z</time></rtept><rtept lat="37.963187" lon="-107.006919"><ele>3582.6</ele><time>2026-04-10T15:30:11Z</time></rtept><rtept lat="37.963181" lon="-107.006976"><ele>3584.4</ele><time>2026-04-10T15:30:11Z</time></rtept><rtept lat="37.963189" lon="-107.00704"><ele>3586.2</ele><time>2026-04-10T15:30:11Z</time></rtept><rtept lat="37.963168" lon="-107.007186"><ele>3589.4</ele><time>2026-04-10T15:30:11Z</time></rtept><rtept lat="37.963199" lon="-107.007239"><ele>3589.4</ele><time>2026-04-10T15:30:11Z</time></rtept><rtept lat="37.963327" lon="-107.007424"><ele>3588.6</ele><time>2026-04-10T15:30:11Z</time></rtept><rtept lat="37.963384" lon="-107.007506"><ele>3588.0</ele><time>2026-04-10T15:30:11Z</time></rtept><rtept lat="37.963441" lon="-107.007588"><ele>3587.2</ele><time>2026-04-10T15:30:11Z</time></rtept><rtept lat="37.963485" lon="-107.007674"><ele>3588.4</ele><time>2026-04-10T15:30:11Z</time></rtept><rtept lat="37.963493" lon="-107.007738"><ele>3587.4</ele><time>2026-04-10T15:30:11Z</time></rtept><rtept lat="37.963405" lon="-107.007833"><ele>3592.2</ele><time>2026-04-10T15:30:11Z</time></rtept><rtept lat="37.963269" lon="-107.007932"><ele>3597.0</ele><time>2026-04-10T15:30:11Z</time></rtept><rtept lat="37.963191" lon="-107.00799"><ele>3599.8</ele><time>2026-04-10T15:30:11Z</time></rtept><rtept lat="37.962825" lon="-107.008056"><ele>3611.2</ele><time>2026-04-10T15:30:11Z</time></rtept><rtept lat="37.962811" lon="-107.00805"><ele>3611.2</ele><time>2026-04-10T15:30:11Z</time></rtept><rtept lat="37.962775" lon="-107.008085"><ele>3613.0</ele><time>2026-04-10T15:30:11Z</time></rtept><rtept lat="37.962757" lon="-107.008096"><ele>3613.0</ele><time>2026-04-10T15:30:11Z</time></rtept><rtept lat="37.96272" lon="-107.008107"><ele>3614.8</ele><time>2026-04-10T15:30:11Z</time></rtept><rtept lat="37.962688" lon="-107.008123"><ele>3614.8</ele><time>2026-04-10T15:30:11Z</time></rtept><rtept lat="37.962648" lon="-107.008135"><ele>3618.4</ele><time>2026-04-10T15:30:11Z</time></rtept><rtept lat="37.962616" lon="-107.008158"><ele>3618.4</ele><time>2026-04-10T15:30:11Z</time></rtept><rtept lat="37.962584" lon="-107.008182"><ele>3619.8</ele><time>2026-04-10T15:30:11Z</time></rtept><rtept lat="37.962556" lon="-107.008208"><ele>3619.8</ele><time>2026-04-10T15:30:11Z</time></rtept><rtept lat="37.96252" lon="-107.008253"><ele>3622.8</ele><time>2026-04-10T15:30:11Z</time></rtept><rtept lat="37.96251" lon="-107.008284"><ele>3622.8</ele><time>2026-04-10T15:30:11Z</time></rtept><rtept lat="37.962491" lon="-107.008326"><ele>3624.2</ele><time>2026-04-10T15:30:11Z</time></rtept><rtept lat="37.962477" lon="-107.008369"><ele>3624.2</ele><time>2026-04-10T15:30:11Z</time></rtept><rtept lat="37.962458" lon="-107.008416"><ele>3626.4</ele><time>2026-04-10T15:30:11Z</time></rtept><rtept lat="37.962461" lon="-107.008487"><ele>3627.4</ele><time>2026-04-10T15:30:11Z</time></rtept><rtept lat="37.962465" lon="-107.00852"><ele>3627.4</ele><time>2026-04-10T15:30:11Z</time></rtept><rtept lat="37.962451" lon="-107.008565"><ele>3628.2</ele><time>2026-04-10T15:30:11Z</time></rtept><rtept lat="37.962495" lon="-107.008893"><ele>3630.2</ele><time>2026-04-10T15:30:11Z</time></rtept><rtept lat="37.962547" lon="-107.008997"><ele>3631.6</ele><time>2026-04-10T15:30:11Z</time></rtept><rtept lat="37.962572" lon="-107.009113"><ele>3633.2</ele><time>2026-04-10T15:30:11Z</time></rtept><rtept lat="37.96259" lon="-107.00913"><ele>3633.2</ele><time>2026-04-10T15:30:11Z</time></rtept><rtept lat="37.962641" lon="-107.009304"><ele>3637.6</ele><time>2026-04-10T15:30:11Z</time></rtept><rtept lat="37.962649" lon="-107.0094"><ele>3641.4</ele><time>2026-04-10T15:30:11Z</time></rtept><rtept lat="37.962639" lon="-107.009405"><ele>3641.4</ele><time>2026-04-10T15:30:11Z</time></rtept><rtept lat="37.962594" lon="-107.009421"><ele>3646.0</ele><time>2026-04-10T15:30:11Z</time></rtept><rtept lat="37.962571" lon="-107.009431"><ele>3646.0</ele><time>2026-04-10T15:30:11Z</time></rtept><rtept lat="37.962544" lon="-107.009442"><ele>3646.0</ele><time>2026-04-10T15:30:11Z</time></rtept><rtept lat="37.962517" lon="-107.009448"><ele>3646.4</ele><time>2026-04-10T15:30:11Z</time></rtept><rtept lat="37.962476" lon="-107.009454"><ele>3646.4</ele><time>2026-04-10T15:30:11Z</time></rtept><rtept lat="37.962404" lon="-107.009467"><ele>3646.8</ele><time>2026-04-10T15:30:11Z</time></rtept><rtept lat="37.962327" lon="-107.009479"><ele>3647.6</ele><time>2026-04-10T15:30:11Z</time></rtept><rtept lat="37.962291" lon="-107.009481"><ele>3647.6</ele><time>2026-04-10T15:30:11Z</time></rtept><rtept lat="37.96226" lon="-107.009491"><ele>3648.0</ele><time>2026-04-10T15:30:11Z</time></rtept><rtept lat="37.962223" lon="-107.009492"><ele>3648.0</ele><time>2026-04-10T15:30:11Z</time></rtept><rtept lat="37.962183" lon="-107.009501"><ele>3651.8</ele><time>2026-04-10T15:30:11Z</time></rtept><rtept lat="37.962151" lon="-107.009508"><ele>3651.8</ele><time>2026-04-10T15:30:11Z</time></rtept><rtept lat="37.962119" lon="-107.009532"><ele>3652.6</ele><time>2026-04-10T15:30:11Z</time></rtept><rtept lat="37.962074" lon="-107.009542"><ele>3652.6</ele><time>2026-04-10T15:30:11Z</time></rtept><rtept lat="37.962051" lon="-107.009561"><ele>3653.4</ele><time>2026-04-10T15:30:11Z</time></rtept><rtept lat="37.962015" lon="-107.009584"><ele>3656.0</ele><time>2026-04-10T15:30:11Z</time></rtept><rtept lat="37.961983" lon="-107.009612"><ele>3656.8</ele><time>2026-04-10T15:30:11Z</time></rtept><rtept lat="37.961951" lon="-107.009636"><ele>3656.8</ele><time>2026-04-10T15:30:11Z</time></rtept><rtept lat="37.961919" lon="-107.009661"><ele>3657.8</ele><time>2026-04-10T15:30:11Z</time></rtept><rtept lat="37.961887" lon="-107.009668"><ele>3657.8</ele><time>2026-04-10T15:30:11Z</time></rtept><rtept lat="37.961851" lon="-107.009673"><ele>3661.4</ele><time>2026-04-10T15:30:11Z</time></rtept><rtept lat="37.961815" lon="-107.00968"><ele>3661.4</ele><time>2026-04-10T15:30:11Z</time></rtept><rtept lat="37.961779" lon="-107.009689"><ele>3662.2</ele><time>2026-04-10T15:30:11Z</time></rtept><rtept lat="37.961742" lon="-107.009693"><ele>3662.2</ele><time>2026-04-10T15:30:11Z</time></rtept><rtept lat="37.961706" lon="-107.009698"><ele>3663.2</ele><time>2026-04-10T15:30:11Z</time></rtept><rtept lat="37.961638" lon="-107.009714"><ele>3664.0</ele><time>2026-04-10T15:30:11Z</time></rtept><rtept lat="37.96162" lon="-107.009722"><ele>3664.0</ele><time>2026-04-10T15:30:11Z</time></rtept><rtept lat="37.961602" lon="-107.009735"><ele>3664.0</ele><time>2026-04-10T15:30:11Z</time></rtept><rtept lat="37.961566" lon="-107.009748"><ele>3664.8</ele><time>2026-04-10T15:30:11Z</time></rtept><rtept lat="37.961525" lon="-107.009761"><ele>3668.2</ele><time>2026-04-10T15:30:11Z</time></rtept><rtept lat="37.961489" lon="-107.009778"><ele>3669.0</ele><time>2026-04-10T15:30:11Z</time></rtept><rtept lat="37.961457" lon="-107.009801"><ele>3669.0</ele><time>2026-04-10T15:30:11Z</time></rtept><rtept lat="37.96142" lon="-107.009824"><ele>3669.8</ele><time>2026-04-10T15:30:11Z</time></rtept><rtept lat="37.961388" lon="-107.009844"><ele>3673.8</ele><time>2026-04-10T15:30:11Z</time></rtept><rtept lat="37.961352" lon="-107.009868"><ele>3674.8</ele><time>2026-04-10T15:30:11Z</time></rtept><rtept lat="37.961316" lon="-107.009879"><ele>3675.8</ele><time>2026-04-10T15:30:11Z</time></rtept><rtept lat="37.961266" lon="-107.009888"><ele>3675.8</ele><time>2026-04-10T15:30:11Z</time></rtept><rtept lat="37.961257" lon="-107.009894"><ele>3675.8</ele><time>2026-04-10T15:30:11Z</time></rtept><rtept lat="37.961221" lon="-107.009912"><ele>3677.2</ele><time>2026-04-10T15:30:11Z</time></rtept><rtept lat="37.96118" lon="-107.009919"><ele>3678.6</ele><time>2026-04-10T15:30:11Z</time></rtept><rtept lat="37.961103" lon="-107.009928"><ele>3683.8</ele><time>2026-04-10T15:30:11Z</time></rtept><rtept lat="37.961076" lon="-107.009928"><ele>3683.8</ele><time>2026-04-10T15:30:11Z</time></rtept><rtept lat="37.96104" lon="-107.009925"><ele>3681.8</ele><time>2026-04-10T15:30:11Z</time></rtept><rtept lat="37.961" lon="-107.009923"><ele>3681.8</ele><time>2026-04-10T15:30:11Z</time></rtept><rtept lat="37.960937" lon="-107.0099"><ele>3683.4</ele><time>2026-04-10T15:30:11Z</time></rtept><rtept lat="37.960919" lon="-107.009887"><ele>3683.4</ele><time>2026-04-10T15:30:11Z</time></rtept><rtept lat="37.960892" lon="-107.009864"><ele>3685.0</ele><time>2026-04-10T15:30:11Z</time></rtept><rtept lat="37.960857" lon="-107.00985"><ele>3685.0</ele><time>2026-04-10T15:30:11Z</time></rtept><rtept lat="37.960843" lon="-107.009845"><ele>3687.0</ele><time>2026-04-10T15:30:11Z</time></rtept><rtept lat="37.960812" lon="-107.009826"><ele>3685.4</ele><time>2026-04-10T15:30:11Z</time></rtept><rtept lat="37.960785" lon="-107.009815"><ele>3685.4</ele><time>2026-04-10T15:30:11Z</time></rtept><rtept lat="37.960732" lon="-107.009784"><ele>3687.8</ele><time>2026-04-10T15:30:11Z</time></rtept><rtept lat="37.960674" lon="-107.009739"><ele>3689.2</ele><time>2026-04-10T15:30:11Z</time></rtept><rtept lat="37.960611" lon="-107.009718"><ele>3691.2</ele><time>2026-04-10T15:30:11Z</time></rtept><rtept lat="37.960593" lon="-107.009708"><ele>3691.2</ele><time>2026-04-10T15:30:11Z</time></rtept><rtept lat="37.960562" lon="-107.009685"><ele>3692.8</ele><time>2026-04-10T15:30:11Z</time></rtept><rtept lat="37.960531" lon="-107.009665"><ele>3692.4</ele><time>2026-04-10T15:30:11Z</time></rtept><rtept lat="37.960509" lon="-107.009638"><ele>3692.4</ele><time>2026-04-10T15:30:11Z</time></rtept><rtept lat="37.960473" lon="-107.009615"><ele>3694.2</ele><time>2026-04-10T15:30:11Z</time></rtept><rtept lat="37.960438" lon="-107.009587"><ele>3696.2</ele><time>2026-04-10T15:30:11Z</time></rtept><rtept lat="37.960406" lon="-107.009558"><ele>3696.2</ele><time>2026-04-10T15:30:11Z</time></rtept><rtept lat="37.960375" lon="-107.009546"><ele>3696.2</ele><time>2026-04-10T15:30:11Z</time></rtept><rtept lat="37.960339" lon="-107.009534"><ele>3698.4</ele><time>2026-04-10T15:30:11Z</time></rtept><rtept lat="37.960285" lon="-107.009526"><ele>3700.2</ele><time>2026-04-10T15:30:11Z</time></rtept><rtept lat="37.960249" lon="-107.009525"><ele>3700.2</ele><time>2026-04-10T15:30:11Z</time></rtept><rtept lat="37.960213" lon="-107.009539"><ele>3702.2</ele><time>2026-04-10T15:30:11Z</time></rtept><rtept lat="37.960173" lon="-107.009535"><ele>3702.2</ele><time>2026-04-10T15:30:11Z</time></rtept><rtept lat="37.960137" lon="-107.009531"><ele>3704.2</ele><time>2026-04-10T15:30:11Z</time></rtept><rtept lat="37.960087" lon="-107.009526"><ele>3706.2</ele><time>2026-04-10T15:30:11Z</time></rtept><rtept lat="37.960069" lon="-107.009535"><ele>3706.2</ele><time>2026-04-10T15:30:11Z</time></rtept><rtept lat="37.960042" lon="-107.009561"><ele>3706.2</ele><time>2026-04-10T15:30:11Z</time></rtept><rtept lat="37.960014" lon="-107.009593"><ele>3708.0</ele><time>2026-04-10T15:30:11Z</time></rtept><rtept lat="37.959995" lon="-107.009627"><ele>3708.0</ele><time>2026-04-10T15:30:11Z</time></rtept><rtept lat="37.959977" lon="-107.009668"><ele>3708.0</ele><time>2026-04-10T15:30:11Z</time></rtept><rtept lat="37.959958" lon="-107.00971"><ele>3709.8</ele><time>2026-04-10T15:30:11Z</time></rtept><rtept lat="37.959934" lon="-107.00977"><ele>3710.2</ele><time>2026-04-10T15:30:11Z</time></rtept><rtept lat="37.959925" lon="-107.009803"><ele>3710.2</ele><time>2026-04-10T15:30:11Z</time></rtept><rtept lat="37.959892" lon="-107.009867"><ele>3712.4</ele><time>2026-04-10T15:30:11Z</time></rtept><rtept lat="37.959887" lon="-107.00988"><ele>3712.4</ele><time>2026-04-10T15:30:11Z</time></rtept><rtept lat="37.959841" lon="-107.009949"><ele>3712.0</ele><time>2026-04-10T15:30:11Z</time></rtept><rtept lat="37.959823" lon="-107.009976"><ele>3713.2</ele><time>2026-04-10T15:30:11Z</time></rtept><rtept lat="37.959813" lon="-107.010002"><ele>3713.2</ele><time>2026-04-10T15:30:11Z</time></rtept><rtept lat="37.959804" lon="-107.010007"><ele>3713.2</ele><time>2026-04-10T15:30:11Z</time></rtept><rtept lat="37.959799" lon="-107.010022"><ele>3711.6</ele><time>2026-04-10T15:30:11Z</time></rtept><rtept lat="37.959785" lon="-107.010056"><ele>3711.6</ele><time>2026-04-10T15:30:11Z</time></rtept><rtept lat="37.959766" lon="-107.01011"><ele>3710.0</ele><time>2026-04-10T15:30:11Z</time></rtept><rtept lat="37.959762" lon="-107.01013"><ele>3710.2</ele><time>2026-04-10T15:30:11Z</time></rtept><rtept lat="37.959752" lon="-107.010166"><ele>3710.2</ele><time>2026-04-10T15:30:11Z</time></rtept><rtept lat="37.959742" lon="-107.0102"><ele>3708.6</ele><time>2026-04-10T15:30:11Z</time></rtept><rtept lat="37.959728" lon="-107.010231"><ele>3708.6</ele><time>2026-04-10T15:30:11Z</time></rtept><rtept lat="37.959723" lon="-107.010268"><ele>3708.6</ele><time>2026-04-10T15:30:11Z</time></rtept><rtept lat="37.959718" lon="-107.010303"><ele>3707.2</ele><time>2026-04-10T15:30:11Z</time></rtept><rtept lat="37.959708" lon="-107.010334"><ele>3707.2</ele><time>2026-04-10T15:30:11Z</time></rtept><rtept lat="37.959694" lon="-107.010364"><ele>3705.8</ele><time>2026-04-10T15:30:11Z</time></rtept><rtept lat="37.95968" lon="-107.010393"><ele>3705.8</ele><time>2026-04-10T15:30:11Z</time></rtept><rtept lat="37.959675" lon="-107.010421"><ele>3705.8</ele><time>2026-04-10T15:30:11Z</time></rtept><rtept lat="37.959675" lon="-107.010451"><ele>3703.4</ele><time>2026-04-10T15:30:11Z</time></rtept><rtept lat="37.95967" lon="-107.010484"><ele>3703.4</ele><time>2026-04-10T15:30:11Z</time></rtept><rtept lat="37.959656" lon="-107.010518"><ele>3703.4</ele><time>2026-04-10T15:30:11Z</time></rtept><rtept lat="37.959637" lon="-107.010543"><ele>3700.4</ele><time>2026-04-10T15:30:11Z</time></rtept><rtept lat="37.959628" lon="-107.010566"><ele>3700.2</ele><time>2026-04-10T15:30:11Z</time></rtept><rtept lat="37.959627" lon="-107.010605"><ele>3700.2</ele><time>2026-04-10T15:30:11Z</time></rtept><rtept lat="37.959631" lon="-107.010635"><ele>3697.8</ele><time>2026-04-10T15:30:11Z</time></rtept><rtept lat="37.959626" lon="-107.010669"><ele>3697.2</ele><time>2026-04-10T15:30:11Z</time></rtept><rtept lat="37.959616" lon="-107.010702"><ele>3695.0</ele><time>2026-04-10T15:30:11Z</time></rtept><rtept lat="37.959616" lon="-107.010738"><ele>3695.0</ele><time>2026-04-10T15:30:11Z</time></rtept><rtept lat="37.95962" lon="-107.010777"><ele>3695.0</ele><time>2026-04-10T15:30:11Z</time></rtept><rtept lat="37.959623" lon="-107.01083"><ele>3693.8</ele><time>2026-04-10T15:30:11Z</time></rtept><rtept lat="37.959627" lon="-107.010852"><ele>3693.8</ele><time>2026-04-10T15:30:11Z</time></rtept><rtept lat="37.959636" lon="-107.010892"><ele>3693.4</ele><time>2026-04-10T15:30:11Z</time></rtept><rtept lat="37.95964" lon="-107.010903"><ele>3693.4</ele><time>2026-04-10T15:30:11Z</time></rtept><rtept lat="37.959653" lon="-107.010932"><ele>3693.4</ele><time>2026-04-10T15:30:11Z</time></rtept><rtept lat="37.959666" lon="-107.010966"><ele>3692.2</ele><time>2026-04-10T15:30:11Z</time></rtept><rtept lat="37.959679" lon="-107.011024"><ele>3692.2</ele><time>2026-04-10T15:30:11Z</time></rtept><rtept lat="37.959687" lon="-107.011045"><ele>3690.6</ele><time>2026-04-10T15:30:11Z</time></rtept><rtept lat="37.959696" lon="-107.011081"><ele>3690.6</ele><time>2026-04-10T15:30:11Z</time></rtept><rtept lat="37.959704" lon="-107.011116"><ele>3692.2</ele><time>2026-04-10T15:30:11Z</time></rtept><rtept lat="37.959712" lon="-107.011154"><ele>3690.4</ele><time>2026-04-10T15:30:11Z</time></rtept><rtept lat="37.959716" lon="-107.011192"><ele>3690.4</ele><time>2026-04-10T15:30:11Z</time></rtept><rtept lat="37.95972" lon="-107.011228"><ele>3688.4</ele><time>2026-04-10T15:30:11Z</time></rtept><rtept lat="37.959724" lon="-107.011263"><ele>3688.4</ele><time>2026-04-10T15:30:11Z</time></rtept><rtept lat="37.959728" lon="-107.01131"><ele>3686.6</ele><time>2026-04-10T15:30:11Z</time></rtept><rtept lat="37.959723" lon="-107.011344"><ele>3686.6</ele><time>2026-04-10T15:30:11Z</time></rtept><rtept lat="37.959726" lon="-107.011398"><ele>3684.8</ele><time>2026-04-10T15:30:11Z</time></rtept><rtept lat="37.959726" lon="-107.011409"><ele>3684.8</ele><time>2026-04-10T15:30:11Z</time></rtept><rtept lat="37.959725" lon="-107.011456"><ele>3684.8</ele><time>2026-04-10T15:30:11Z</time></rtept><rtept lat="37.959729" lon="-107.011478"><ele>3683.0</ele><time>2026-04-10T15:30:11Z</time></rtept><rtept lat="37.959733" lon="-107.01151"><ele>3683.0</ele><time>2026-04-10T15:30:11Z</time></rtept><rtept lat="37.959737" lon="-107.011542"><ele>3683.0</ele><time>2026-04-10T15:30:11Z</time></rtept><rtept lat="37.959746" lon="-107.011572"><ele>3681.0</ele><time>2026-04-10T15:30:11Z</time></rtept><rtept lat="37.959745" lon="-107.011595"><ele>3681.0</ele><time>2026-04-10T15:30:11Z</time></rtept><rtept lat="37.959736" lon="-107.011614"><ele>3681.0</ele><time>2026-04-10T15:30:11Z</time></rtept><rtept lat="37.959718" lon="-107.011636"><ele>3681.0</ele><time>2026-04-10T15:30:11Z</time></rtept><rtept lat="37.959695" lon="-107.011648"><ele>3678.0</ele><time>2026-04-10T15:30:11Z</time></rtept><rtept lat="37.959677" lon="-107.011666"><ele>3678.0</ele><time>2026-04-10T15:30:11Z</time></rtept><rtept lat="37.959663" lon="-107.011689"><ele>3678.0</ele><time>2026-04-10T15:30:11Z</time></rtept><rtept lat="37.959649" lon="-107.011713"><ele>3678.0</ele><time>2026-04-10T15:30:11Z</time></rtept><rtept lat="37.959639" lon="-107.011759"><ele>3676.0</ele><time>2026-04-10T15:30:11Z</time></rtept><rtept lat="37.959638" lon="-107.01179"><ele>3676.0</ele><time>2026-04-10T15:30:11Z</time></rtept><rtept lat="37.959638" lon="-107.011825"><ele>3674.2</ele><time>2026-04-10T15:30:11Z</time></rtept><rtept lat="37.959637" lon="-107.011856"><ele>3674.2</ele><time>2026-04-10T15:30:11Z</time></rtept><rtept lat="37.959632" lon="-107.011886"><ele>3674.2</ele><time>2026-04-10T15:30:11Z</time></rtept><rtept lat="37.959632" lon="-107.011918"><ele>3672.2</ele><time>2026-04-10T15:30:11Z</time></rtept><rtept lat="37.959627" lon="-107.011953"><ele>3671.4</ele><time>2026-04-10T15:30:11Z</time></rtept><rtept lat="37.959617" lon="-107.011986"><ele>3669.4</ele><time>2026-04-10T15:30:11Z</time></rtept><rtept lat="37.959608" lon="-107.012017"><ele>3669.4</ele><time>2026-04-10T15:30:11Z</time></rtept><rtept lat="37.959607" lon="-107.012051"><ele>3669.4</ele><time>2026-04-10T15:30:11Z</time></rtept><rtept lat="37.959597" lon="-107.01208"><ele>3667.6</ele><time>2026-04-10T15:30:11Z</time></rtept><rtept lat="37.959593" lon="-107.012109"><ele>3667.6</ele><time>2026-04-10T15:30:11Z</time></rtept><rtept lat="37.959596" lon="-107.01214"><ele>3667.6</ele><time>2026-04-10T15:30:11Z</time></rtept><rtept lat="37.9596" lon="-107.012194"><ele>3665.6</ele><time>2026-04-10T15:30:11Z</time></rtept><rtept lat="37.959595" lon="-107.012205"><ele>3665.6</ele><time>2026-04-10T15:30:11Z</time></rtept><rtept lat="37.959599" lon="-107.012237"><ele>3665.6</ele><time>2026-04-10T15:30:11Z</time></rtept><rtept lat="37.959599" lon="-107.012271"><ele>3663.8</ele><time>2026-04-10T15:30:11Z</time></rtept><rtept lat="37.959594" lon="-107.012302"><ele>3663.8</ele><time>2026-04-10T15:30:11Z</time></rtept><rtept lat="37.959584" lon="-107.012333"><ele>3662.0</ele><time>2026-04-10T15:30:11Z</time></rtept><rtept lat="37.959584" lon="-107.012363"><ele>3662.0</ele><time>2026-04-10T15:30:11Z</time></rtept><rtept lat="37.959583" lon="-107.012394"><ele>3662.0</ele><time>2026-04-10T15:30:11Z</time></rtept><rtept lat="37.959582" lon="-107.012461"><ele>3660.0</ele><time>2026-04-10T15:30:11Z</time></rtept><rtept lat="37.959577" lon="-107.012495"><ele>3660.0</ele><time>2026-04-10T15:30:11Z</time></rtept><rtept lat="37.959567" lon="-107.012527"><ele>3657.8</ele><time>2026-04-10T15:30:11Z</time></rtept><rtept lat="37.959558" lon="-107.012555"><ele>3657.2</ele><time>2026-04-10T15:30:11Z</time></rtept><rtept lat="37.959544" lon="-107.012575"><ele>3657.2</ele><time>2026-04-10T15:30:11Z</time></rtept><rtept lat="37.959543" lon="-107.012598"><ele>3655.0</ele><time>2026-04-10T15:30:11Z</time></rtept><rtept lat="37.959548" lon="-107.012629"><ele>3655.0</ele><time>2026-04-10T15:30:11Z</time></rtept><rtept lat="37.959547" lon="-107.01266"><ele>3655.0</ele><time>2026-04-10T15:30:11Z</time></rtept><rtept lat="37.959542" lon="-107.012693"><ele>3653.0</ele><time>2026-04-10T15:30:11Z</time></rtept><rtept lat="37.959528" lon="-107.012724"><ele>3653.0</ele><time>2026-04-10T15:30:11Z</time></rtept><rtept lat="37.959514" lon="-107.012754"><ele>3653.0</ele><time>2026-04-10T15:30:11Z</time></rtept><rtept lat="37.959509" lon="-107.012787"><ele>3650.8</ele><time>2026-04-10T15:30:11Z</time></rtept><rtept lat="37.959504" lon="-107.012826"><ele>3650.8</ele><time>2026-04-10T15:30:11Z</time></rtept><rtept lat="37.959493" lon="-107.012896"><ele>3648.2</ele><time>2026-04-10T15:30:11Z</time></rtept><rtept lat="37.959493" lon="-107.012909"><ele>3648.2</ele><time>2026-04-10T15:30:11Z</time></rtept><rtept lat="37.959497" lon="-107.012948"><ele>3646.8</ele><time>2026-04-10T15:30:11Z</time></rtept><rtept lat="37.959492" lon="-107.012986"><ele>3646.2</ele><time>2026-04-10T15:30:11Z</time></rtept><rtept lat="37.959487" lon="-107.013023"><ele>3644.4</ele><time>2026-04-10T15:30:11Z</time></rtept><rtept lat="37.959482" lon="-107.013061"><ele>3644.4</ele><time>2026-04-10T15:30:11Z</time></rtept><rtept lat="37.959472" lon="-107.013095"><ele>3644.4</ele><time>2026-04-10T15:30:11Z</time></rtept><rtept lat="37.959462" lon="-107.01313"><ele>3642.8</ele><time>2026-04-10T15:30:11Z</time></rtept><rtept lat="37.959453" lon="-107.013164"><ele>3642.8</ele><time>2026-04-10T15:30:11Z</time></rtept><rtept lat="37.959452" lon="-107.013202"><ele>3641.4</ele><time>2026-04-10T15:30:11Z</time></rtept><rtept lat="37.959452" lon="-107.013237"><ele>3641.4</ele><time>2026-04-10T15:30:11Z</time></rtept><rtept lat="37.959446" lon="-107.013272"><ele>3641.4</ele><time>2026-04-10T15:30:11Z</time></rtept><rtept lat="37.959441" lon="-107.013305"><ele>3639.8</ele><time>2026-04-10T15:30:11Z</time></rtept><rtept lat="37.959432" lon="-107.01334"><ele>3639.8</ele><time>2026-04-10T15:30:11Z</time></rtept><rtept lat="37.959422" lon="-107.013373"><ele>3637.6</ele><time>2026-04-10T15:30:11Z</time></rtept><rtept lat="37.959421" lon="-107.013409"><ele>3637.6</ele><time>2026-04-10T15:30:11Z</time></rtept><rtept lat="37.959416" lon="-107.013443"><ele>3637.6</ele><time>2026-04-10T15:30:11Z</time></rtept><rtept lat="37.959411" lon="-107.013478"><ele>3636.0</ele><time>2026-04-10T15:30:11Z</time></rtept><rtept lat="37.959406" lon="-107.013508"><ele>3636.0</ele><time>2026-04-10T15:30:11Z</time></rtept><rtept lat="37.959401" lon="-107.013536"><ele>3634.4</ele><time>2026-04-10T15:30:11Z</time></rtept><rtept lat="37.959396" lon="-107.013566"><ele>3634.4</ele><time>2026-04-10T15:30:11Z</time></rtept><rtept lat="37.959391" lon="-107.0136"><ele>3634.4</ele><time>2026-04-10T15:30:11Z</time></rtept><rtept lat="37.959391" lon="-107.013637"><ele>3632.4</ele><time>2026-04-10T15:30:11Z</time></rtept><rtept lat="37.959385" lon="-107.013673"><ele>3632.4</ele><time>2026-04-10T15:30:11Z</time></rtept><rtept lat="37.95938" lon="-107.013708"><ele>3630.8</ele><time>2026-04-10T15:30:11Z</time></rtept><rtept lat="37.959371" lon="-107.013746"><ele>3630.8</ele><time>2026-04-10T15:30:11Z</time></rtept><rtept lat="37.959361" lon="-107.01378"><ele>3630.8</ele><time>2026-04-10T15:30:11Z</time></rtept><rtept lat="37.959351" lon="-107.013817"><ele>3628.2</ele><time>2026-04-10T15:30:11Z</time></rtept><rtept lat="37.959342" lon="-107.013852"><ele>3628.2</ele><time>2026-04-10T15:30:11Z</time></rtept><rtept lat="37.959337" lon="-107.013888"><ele>3626.6</ele><time>2026-04-10T15:30:11Z</time></rtept><rtept lat="37.959332" lon="-107.013924"><ele>3626.6</ele><time>2026-04-10T15:30:11Z</time></rtept><rtept lat="37.959331" lon="-107.013963"><ele>3625.0</ele><time>2026-04-10T15:30:11Z</time></rtept><rtept lat="37.959335" lon="-107.014001"><ele>3625.0</ele><time>2026-04-10T15:30:11Z</time></rtept><rtept lat="37.959334" lon="-107.01404"><ele>3625.0</ele><time>2026-04-10T15:30:11Z</time></rtept><rtept lat="37.959329" lon="-107.014077"><ele>3623.2</ele><time>2026-04-10T15:30:11Z</time></rtept><rtept lat="37.959324" lon="-107.014114"><ele>3623.2</ele><time>2026-04-10T15:30:11Z</time></rtept><rtept lat="37.959319" lon="-107.014148"><ele>3621.8</ele><time>2026-04-10T15:30:11Z</time></rtept><rtept lat="37.959314" lon="-107.014178"><ele>3621.8</ele><time>2026-04-10T15:30:11Z</time></rtept><rtept lat="37.959308" lon="-107.014223"><ele>3620.4</ele><time>2026-04-10T15:30:11Z</time></rtept><rtept lat="37.959303" lon="-107.014256"><ele>3620.4</ele><time>2026-04-10T15:30:11Z</time></rtept><rtept lat="37.959298" lon="-107.014287"><ele>3620.4</ele><time>2026-04-10T15:30:11Z</time></rtept><rtept lat="37.959293" lon="-107.014325"><ele>3619.0</ele><time>2026-04-10T15:30:11Z</time></rtept><rtept lat="37.959292" lon="-107.014363"><ele>3619.0</ele><time>2026-04-10T15:30:11Z</time></rtept><rtept lat="37.959287" lon="-107.014397"><ele>3617.4</ele><time>2026-04-10T15:30:11Z</time></rtept><rtept lat="37.959278" lon="-107.014432"><ele>3617.4</ele><time>2026-04-10T15:30:11Z</time></rtept><rtept lat="37.959277" lon="-107.014468"><ele>3617.4</ele><time>2026-04-10T15:30:11Z</time></rtept><rtept lat="37.959277" lon="-107.014505"><ele>3616.2</ele><time>2026-04-10T15:30:11Z</time></rtept><rtept lat="37.959272" lon="-107.014541"><ele>3616.2</ele><time>2026-04-10T15:30:11Z</time></rtept><rtept lat="37.959271" lon="-107.014574"><ele>3614.6</ele><time>2026-04-10T15:30:11Z</time></rtept><rtept lat="37.95927" lon="-107.014625"><ele>3614.6</ele><time>2026-04-10T15:30:11Z</time></rtept><rtept lat="37.959265" lon="-107.014636"><ele>3614.6</ele><time>2026-04-10T15:30:11Z</time></rtept><rtept lat="37.959264" lon="-107.014692"><ele>3613.2</ele><time>2026-04-10T15:30:11Z</time></rtept><rtept lat="37.959264" lon="-107.014719"><ele>3613.2</ele><time>2026-04-10T15:30:11Z</time></rtept><rtept lat="37.959272" lon="-107.01476"><ele>3611.6</ele><time>2026-04-10T15:30:11Z</time></rtept><rtept lat="37.959276" lon="-107.014802"><ele>3611.6</ele><time>2026-04-10T15:30:11Z</time></rtept><rtept lat="37.95928" lon="-107.01484"><ele>3609.8</ele><time>2026-04-10T15:30:11Z</time></rtept><rtept lat="37.95927" lon="-107.014877"><ele>3609.8</ele><time>2026-04-10T15:30:11Z</time></rtept><rtept lat="37.959252" lon="-107.014907"><ele>3608.2</ele><time>2026-04-10T15:30:11Z</time></rtept><rtept lat="37.959238" lon="-107.014933"><ele>3608.2</ele><time>2026-04-10T15:30:11Z</time></rtept><rtept lat="37.959214" lon="-107.014997"><ele>3605.8</ele><time>2026-04-10T15:30:11Z</time></rtept><rtept lat="37.959191" lon="-107.015013"><ele>3605.8</ele><time>2026-04-10T15:30:11Z</time></rtept><rtept lat="37.959164" lon="-107.015015"><ele>3605.8</ele><time>2026-04-10T15:30:11Z</time></rtept><rtept lat="37.959142" lon="-107.015017"><ele>3605.4</ele><time>2026-04-10T15:30:11Z</time></rtept><rtept lat="37.959119" lon="-107.015007"><ele>3605.4</ele><time>2026-04-10T15:30:11Z</time></rtept><rtept lat="37.959088" lon="-107.014991"><ele>3605.4</ele><time>2026-04-10T15:30:11Z</time></rtept><rtept lat="37.958955" lon="-107.015097"><ele>3602.2</ele><time>2026-04-10T15:30:11Z</time></rtept><rtept lat="37.958946" lon="-107.015104"><ele>3601.6</ele><time>2026-04-10T15:30:11Z</time></rtept><rtept lat="37.958928" lon="-107.015132"><ele>3601.6</ele><time>2026-04-10T15:30:11Z</time></rtept><rtept lat="37.958909" lon="-107.015157"><ele>3601.6</ele><time>2026-04-10T15:30:11Z</time></rtept><rtept lat="37.958863" lon="-107.015221"><ele>3599.0</ele><time>2026-04-10T15:30:11Z</time></rtept><rtept lat="37.958822" lon="-107.015266"><ele>3597.2</ele><time>2026-04-10T15:30:11Z</time></rtept><rtept lat="37.958813" lon="-107.015275"><ele>3596.8</ele><time>2026-04-10T15:30:11Z</time></rtept><rtept lat="37.958753" lon="-107.015324"><ele>3596.8</ele><time>2026-04-10T15:30:11Z</time></rtept><rtept lat="37.958698" lon="-107.015386"><ele>3595.0</ele><time>2026-04-10T15:30:11Z</time></rtept><rtept lat="37.958602" lon="-107.015479"><ele>3594.0</ele><time>2026-04-10T15:30:11Z</time></rtept><rtept lat="37.958077" lon="-107.015872"><ele>3588.4</ele><time>2026-04-10T15:30:11Z</time></rtept><rtept lat="37.957987" lon="-107.015886"><ele>3587.6</ele><time>2026-04-10T15:30:11Z</time></rtept><rtept lat="37.957553" lon="-107.01596"><ele>3581.8</ele><time>2026-04-10T15:30:11Z</time></rtept><rtept lat="37.95754" lon="-107.015959"><ele>3581.8</ele><time>2026-04-10T15:30:11Z</time></rtept><rtept lat="37.957481" lon="-107.015944"><ele>3581.2</ele><time>2026-04-10T15:30:11Z</time></rtept><rtept lat="37.957449" lon="-107.01597"><ele>3580.8</ele><time>2026-04-10T15:30:11Z</time></rtept><rtept lat="37.957426" lon="-107.015994"><ele>3580.8</ele><time>2026-04-10T15:30:11Z</time></rtept><rtept lat="37.957417" lon="-107.016001"><ele>3580.8</ele><time>2026-04-10T15:30:11Z</time></rtept><rtept lat="37.957403" lon="-107.016028"><ele>3578.6</ele><time>2026-04-10T15:30:11Z</time></rtept><rtept lat="37.957371" lon="-107.016079"><ele>3578.4</ele><time>2026-04-10T15:30:11Z</time></rtept><rtept lat="37.957361" lon="-107.016117"><ele>3576.6</ele><time>2026-04-10T15:30:11Z</time></rtept><rtept lat="37.957361" lon="-107.016127"><ele>3576.6</ele><time>2026-04-10T15:30:11Z</time></rtept><rtept lat="37.957356" lon="-107.016163"><ele>3576.6</ele><time>2026-04-10T15:30:11Z</time></rtept><rtept lat="37.957351" lon="-107.016199"><ele>3574.8</ele><time>2026-04-10T15:30:11Z</time></rtept><rtept lat="37.957359" lon="-107.016228"><ele>3574.8</ele><time>2026-04-10T15:30:11Z</time></rtept><rtept lat="37.957363" lon="-107.016264"><ele>3574.8</ele><time>2026-04-10T15:30:11Z</time></rtept><rtept lat="37.957371" lon="-107.016299"><ele>3573.0</ele><time>2026-04-10T15:30:11Z</time></rtept><rtept lat="37.957401" lon="-107.016398"><ele>3571.2</ele><time>2026-04-10T15:30:11Z</time></rtept><rtept lat="37.957426" lon="-107.016518"><ele>3569.6</ele><time>2026-04-10T15:30:11Z</time></rtept><rtept lat="37.957435" lon="-107.016547"><ele>3568.2</ele><time>2026-04-10T15:30:11Z</time></rtept><rtept lat="37.957443" lon="-107.016583"><ele>3568.2</ele><time>2026-04-10T15:30:11Z</time></rtept><rtept lat="37.957443" lon="-107.016611"><ele>3568.2</ele><time>2026-04-10T15:30:11Z</time></rtept><rtept lat="37.957438" lon="-107.016642"><ele>3566.8</ele><time>2026-04-10T15:30:11Z</time></rtept><rtept lat="37.957419" lon="-107.016667"><ele>3566.8</ele><time>2026-04-10T15:30:11Z</time></rtept><rtept lat="37.957405" lon="-107.01669"><ele>3566.8</ele><time>2026-04-10T15:30:11Z</time></rtept><rtept lat="37.957387" lon="-107.016714"><ele>3565.8</ele><time>2026-04-10T15:30:11Z</time></rtept><rtept lat="37.957373" lon="-107.016743"><ele>3565.8</ele><time>2026-04-10T15:30:11Z</time></rtept><rtept lat="37.957363" lon="-107.016772"><ele>3565.8</ele><time>2026-04-10T15:30:11Z</time></rtept><rtept lat="37.957363" lon="-107.016808"><ele>3564.6</ele><time>2026-04-10T15:30:11Z</time></rtept><rtept lat="37.957353" lon="-107.016841"><ele>3564.6</ele><time>2026-04-10T15:30:11Z</time></rtept><rtept lat="37.957348" lon="-107.016876"><ele>3564.6</ele><time>2026-04-10T15:30:11Z</time></rtept><rtept lat="37.957338" lon="-107.016911"><ele>3563.4</ele><time>2026-04-10T15:30:11Z</time></rtept><rtept lat="37.957329" lon="-107.016947"><ele>3563.4</ele><time>2026-04-10T15:30:11Z</time></rtept><rtept lat="37.957319" lon="-107.016984"><ele>3563.2</ele><time>2026-04-10T15:30:11Z</time></rtept><rtept lat="37.95731" lon="-107.017018"><ele>3563.2</ele><time>2026-04-10T15:30:11Z</time></rtept><rtept lat="37.957309" lon="-107.01707"><ele>3562.8</ele><time>2026-04-10T15:30:11Z</time></rtept><rtept lat="37.957317" lon="-107.01709"><ele>3562.8</ele><time>2026-04-10T15:30:11Z</time></rtept><rtept lat="37.957317" lon="-107.017124"><ele>3562.8</ele><time>2026-04-10T15:30:11Z</time></rtept><rtept lat="37.957312" lon="-107.017159"><ele>3561.8</ele><time>2026-04-10T15:30:11Z</time></rtept><rtept lat="37.957311" lon="-107.017188"><ele>3561.8</ele><time>2026-04-10T15:30:11Z</time></rtept><rtept lat="37.957311" lon="-107.017218"><ele>3561.8</ele><time>2026-04-10T15:30:11Z</time></rtept><rtept lat="37.957314" lon="-107.017252"><ele>3560.8</ele><time>2026-04-10T15:30:11Z</time></rtept><rtept lat="37.957319" lon="-107.017281"><ele>3560.8</ele><time>2026-04-10T15:30:11Z</time></rtept><rtept lat="37.957332" lon="-107.017311"><ele>3558.8</ele><time>2026-04-10T15:30:11Z</time></rtept><rtept lat="37.95734" lon="-107.017346"><ele>3558.8</ele><time>2026-04-10T15:30:11Z</time></rtept><rtept lat="37.957348" lon="-107.017383"><ele>3558.8</ele><time>2026-04-10T15:30:11Z</time></rtept><rtept lat="37.957357" lon="-107.017414"><ele>3557.6</ele><time>2026-04-10T15:30:11Z</time></rtept><rtept lat="37.957365" lon="-107.017444"><ele>3557.6</ele><time>2026-04-10T15:30:11Z</time></rtept><rtept lat="37.957374" lon="-107.017474"><ele>3557.6</ele><time>2026-04-10T15:30:11Z</time></rtept><rtept lat="37.957382" lon="-107.017526"><ele>3556.6</ele><time>2026-04-10T15:30:11Z</time></rtept><rtept lat="37.957367" lon="-107.017596"><ele>3555.6</ele><time>2026-04-10T15:30:11Z</time></rtept><rtept lat="37.957367" lon="-107.017633"><ele>3555.6</ele><time>2026-04-10T15:30:11Z</time></rtept><rtept lat="37.95737" lon="-107.017669"><ele>3555.0</ele><time>2026-04-10T15:30:11Z</time></rtept><rtept lat="37.957374" lon="-107.017744"><ele>3554.4</ele><time>2026-04-10T15:30:11Z</time></rtept><rtept lat="37.957387" lon="-107.017771"><ele>3554.4</ele><time>2026-04-10T15:30:11Z</time></rtept><rtept lat="37.9574" lon="-107.017792"><ele>3553.8</ele><time>2026-04-10T15:30:11Z</time></rtept><rtept lat="37.957413" lon="-107.017836"><ele>3553.4</ele><time>2026-04-10T15:30:11Z</time></rtept><rtept lat="37.957406" lon="-107.017979"><ele>3553.2</ele><time>2026-04-10T15:30:11Z</time></rtept><rtept lat="37.957427" lon="-107.01804"><ele>3552.8</ele><time>2026-04-10T15:30:11Z</time></rtept><rtept lat="37.957445" lon="-107.018063"><ele>3552.8</ele><time>2026-04-10T15:30:11Z</time></rtept><rtept lat="37.957462" lon="-107.018091"><ele>3552.4</ele><time>2026-04-10T15:30:11Z</time></rtept><rtept lat="37.957471" lon="-107.018109"><ele>3552.2</ele><time>2026-04-10T15:30:11Z</time></rtept><rtept lat="37.957489" lon="-107.018142"><ele>3552.2</ele><time>2026-04-10T15:30:11Z</time></rtept><rtept lat="37.957584" lon="-107.01833"><ele>3551.4</ele><time>2026-04-10T15:30:11Z</time></rtept><rtept lat="37.957677" lon="-107.018453"><ele>3550.6</ele><time>2026-04-10T15:30:11Z</time></rtept><rtept lat="37.957739" lon="-107.018501"><ele>3550.4</ele><time>2026-04-10T15:30:11Z</time></rtept><rtept lat="37.957753" lon="-107.018521"><ele>3549.6</ele><time>2026-04-10T15:30:11Z</time></rtept><rtept lat="37.957775" lon="-107.018539"><ele>3549.6</ele><time>2026-04-10T15:30:11Z</time></rtept><rtept lat="37.957841" lon="-107.018605"><ele>3547.6</ele><time>2026-04-10T15:30:11Z</time></rtept><rtept lat="37.957884" lon="-107.018703"><ele>3544.4</ele><time>2026-04-10T15:30:11Z</time></rtept><rtept lat="37.957889" lon="-107.018713"><ele>3544.4</ele><time>2026-04-10T15:30:11Z</time></rtept><rtept lat="37.957898" lon="-107.018726"><ele>3544.4</ele><time>2026-04-10T15:30:11Z</time></rtept><rtept lat="37.957937" lon="-107.0188"><ele>3542.0</ele><time>2026-04-10T15:30:11Z</time></rtept><rtept lat="37.957945" lon="-107.018822"><ele>3542.0</ele><time>2026-04-10T15:30:11Z</time></rtept><rtept lat="37.957968" lon="-107.018848"><ele>3542.0</ele><time>2026-04-10T15:30:11Z</time></rtept><rtept lat="37.95799" lon="-107.018873"><ele>3541.2</ele><time>2026-04-10T15:30:11Z</time></rtept><rtept lat="37.958007" lon="-107.018904"><ele>3540.2</ele><time>2026-04-10T15:30:11Z</time></rtept><rtept lat="37.95802" lon="-107.018928"><ele>3540.2</ele><time>2026-04-10T15:30:11Z</time></rtept><rtept lat="37.958034" lon="-107.018947"><ele>3540.0</ele><time>2026-04-10T15:30:11Z</time></rtept><rtept lat="37.958038" lon="-107.01897"><ele>3540.0</ele><time>2026-04-10T15:30:11Z</time></rtept><rtept lat="37.958037" lon="-107.018995"><ele>3540.0</ele><time>2026-04-10T15:30:11Z</time></rtept><rtept lat="37.958041" lon="-107.019018"><ele>3540.0</ele><time>2026-04-10T15:30:11Z</time></rtept><rtept lat="37.958055" lon="-107.019015"><ele>3540.0</ele><time>2026-04-10T15:30:11Z</time></rtept><rtept lat="37.958077" lon="-107.019016"><ele>3539.6</ele><time>2026-04-10T15:30:11Z</time></rtept><rtept lat="37.958095" lon="-107.019031"><ele>3540.6</ele><time>2026-04-10T15:30:11Z</time></rtept><rtept lat="37.958113" lon="-107.019051"><ele>3540.6</ele><time>2026-04-10T15:30:11Z</time></rtept><rtept lat="37.958117" lon="-107.019076"><ele>3540.6</ele><time>2026-04-10T15:30:11Z</time></rtept><rtept lat="37.958137" lon="-107.019221"><ele>3544.0</ele><time>2026-04-10T15:30:11Z</time></rtept><rtept lat="37.958154" lon="-107.01925"><ele>3546.8</ele><time>2026-04-10T15:30:11Z</time></rtept><rtept lat="37.958163" lon="-107.01928"><ele>3546.8</ele><time>2026-04-10T15:30:11Z</time></rtept><rtept lat="37.958238" lon="-107.019349"><ele>3549.6</ele><time>2026-04-10T15:30:11Z</time></rtept><rtept lat="37.958274" lon="-107.019382"><ele>3549.8</ele><time>2026-04-10T15:30:11Z</time></rtept><rtept lat="37.958287" lon="-107.019402"><ele>3550.8</ele><time>2026-04-10T15:30:11Z</time></rtept><rtept lat="37.958331" lon="-107.019445"><ele>3550.8</ele><time>2026-04-10T15:30:11Z</time></rtept><rtept lat="37.958362" lon="-107.019505"><ele>3550.8</ele><time>2026-04-10T15:30:11Z</time></rtept><rtept lat="37.958375" lon="-107.019519"><ele>3550.8</ele><time>2026-04-10T15:30:11Z</time></rtept><rtept lat="37.958393" lon="-107.019533"><ele>3550.8</ele><time>2026-04-10T15:30:11Z</time></rtept><rtept lat="37.958455" lon="-107.019608"><ele>3549.4</ele><time>2026-04-10T15:30:11Z</time></rtept><rtept lat="37.958477" lon="-107.019634"><ele>3549.4</ele><time>2026-04-10T15:30:11Z</time></rtept><rtept lat="37.958499" lon="-107.019652"><ele>3548.2</ele><time>2026-04-10T15:30:11Z</time></rtept><rtept lat="37.958625" lon="-107.019688"><ele>3544.6</ele><time>2026-04-10T15:30:11Z</time></rtept><rtept lat="37.958638" lon="-107.019705"><ele>3544.6</ele><time>2026-04-10T15:30:11Z</time></rtept><rtept lat="37.958955" lon="-107.019872"><ele>3534.2</ele><time>2026-04-10T15:30:11Z</time></rtept><rtept lat="37.95904" lon="-107.019906"><ele>3531.8</ele><time>2026-04-10T15:30:11Z</time></rtept><rtept lat="37.959157" lon="-107.019889"><ele>3528.2</ele><time>2026-04-10T15:30:11Z</time></rtept><rtept lat="37.959224" lon="-107.019907"><ele>3526.4</ele><time>2026-04-10T15:30:11Z</time></rtept><rtept lat="37.959256" lon="-107.019931"><ele>3526.4</ele><time>2026-04-10T15:30:11Z</time></rtept><rtept lat="37.959277" lon="-107.019994"><ele>3526.2</ele><time>2026-04-10T15:30:11Z</time></rtept><rtept lat="37.959258" lon="-107.020039"><ele>3526.2</ele><time>2026-04-10T15:30:11Z</time></rtept><rtept lat="37.959253" lon="-107.020065"><ele>3525.8</ele><time>2026-04-10T15:30:11Z</time></rtept><rtept lat="37.959474" lon="-107.020311"><ele>3522.8</ele><time>2026-04-10T15:30:11Z</time></rtept><rtept lat="37.959555" lon="-107.02032"><ele>3523.2</ele><time>2026-04-10T15:30:11Z</time></rtept><rtept lat="37.959713" lon="-107.0203"><ele>3517.8</ele><time>2026-04-10T15:30:11Z</time></rtept><rtept lat="37.959723" lon="-107.020299"><ele>3517.8</ele><time>2026-04-10T15:30:11Z</time></rtept><rtept lat="37.95975" lon="-107.020291"><ele>3517.8</ele><time>2026-04-10T15:30:11Z</time></rtept><rtept lat="37.959823" lon="-107.020241"><ele>3516.8</ele><time>2026-04-10T15:30:11Z</time></rtept><rtept lat="37.959823" lon="-107.020226"><ele>3516.8</ele><time>2026-04-10T15:30:11Z</time></rtept><rtept lat="37.959896" lon="-107.020162"><ele>3513.8</ele><time>2026-04-10T15:30:11Z</time></rtept><rtept lat="37.959919" lon="-107.020156"><ele>3512.8</ele><time>2026-04-10T15:30:11Z</time></rtept><rtept lat="37.959968" lon="-107.020155"><ele>3511.6</ele><time>2026-04-10T15:30:11Z</time></rtept><rtept lat="37.959986" lon="-107.020164"><ele>3511.6</ele><time>2026-04-10T15:30:11Z</time></rtept><rtept lat="37.960008" lon="-107.02018"><ele>3511.6</ele><time>2026-04-10T15:30:11Z</time></rtept><rtept lat="37.960031" lon="-107.020191"><ele>3511.6</ele><time>2026-04-10T15:30:11Z</time></rtept><rtept lat="37.960049" lon="-107.020203"><ele>3510.4</ele><time>2026-04-10T15:30:11Z</time></rtept><rtept lat="37.960071" lon="-107.020213"><ele>3510.4</ele><time>2026-04-10T15:30:11Z</time></rtept><rtept lat="37.960084" lon="-107.020229"><ele>3511.8</ele><time>2026-04-10T15:30:11Z</time></rtept><rtept lat="37.960106" lon="-107.020235"><ele>3510.4</ele><time>2026-04-10T15:30:11Z</time></rtept><rtept lat="37.960297" lon="-107.020157"><ele>3506.4</ele><time>2026-04-10T15:30:11Z</time></rtept><rtept lat="37.960386" lon="-107.02023"><ele>3505.2</ele><time>2026-04-10T15:30:11Z</time></rtept><rtept lat="37.960453" lon="-107.020283"><ele>3504.0</ele><time>2026-04-10T15:30:11Z</time></rtept><rtept lat="37.960484" lon="-107.020311"><ele>3504.0</ele><time>2026-04-10T15:30:11Z</time></rtept><rtept lat="37.960528" lon="-107.020365"><ele>3504.2</ele><time>2026-04-10T15:30:11Z</time></rtept><rtept lat="37.960643" lon="-107.020501"><ele>3505.8</ele><time>2026-04-10T15:30:11Z</time></rtept><rtept lat="37.960749" lon="-107.020581"><ele>3504.6</ele><time>2026-04-10T15:30:11Z</time></rtept><rtept lat="37.960891" lon="-107.020755"><ele>3505.4</ele><time>2026-04-10T15:30:11Z</time></rtept><rtept lat="37.960948" lon="-107.020827"><ele>3505.4</ele><time>2026-04-10T15:30:11Z</time></rtept><rtept lat="37.960984" lon="-107.020855"><ele>3503.2</ele><time>2026-04-10T15:30:11Z</time></rtept><rtept lat="37.961006" lon="-107.02087"><ele>3503.2</ele><time>2026-04-10T15:30:11Z</time></rtept><rtept lat="37.961037" lon="-107.02089"><ele>3503.2</ele><time>2026-04-10T15:30:11Z</time></rtept><rtept lat="37.961046" lon="-107.020915"><ele>3505.0</ele><time>2026-04-10T15:30:11Z</time></rtept><rtept lat="37.961063" lon="-107.020929"><ele>3502.6</ele><time>2026-04-10T15:30:11Z</time></rtept><rtept lat="37.961094" lon="-107.02096"><ele>3502.6</ele><time>2026-04-10T15:30:11Z</time></rtept><rtept lat="37.961099" lon="-107.02097"><ele>3502.6</ele><time>2026-04-10T15:30:11Z</time></rtept><rtept lat="37.961121" lon="-107.021011"><ele>3501.2</ele><time>2026-04-10T15:30:11Z</time></rtept><rtept lat="37.961129" lon="-107.021036"><ele>3501.2</ele><time>2026-04-10T15:30:11Z</time></rtept><rtept lat="37.961133" lon="-107.021073"><ele>3501.2</ele><time>2026-04-10T15:30:11Z</time></rtept><rtept lat="37.961136" lon="-107.021147"><ele>3502.2</ele><time>2026-04-10T15:30:11Z</time></rtept><rtept lat="37.961145" lon="-107.021184"><ele>3503.4</ele><time>2026-04-10T15:30:11Z</time></rtept><rtept lat="37.961166" lon="-107.021232"><ele>3503.4</ele><time>2026-04-10T15:30:11Z</time></rtept><rtept lat="37.961196" lon="-107.021311"><ele>3501.8</ele><time>2026-04-10T15:30:11Z</time></rtept><rtept lat="37.961192" lon="-107.021333"><ele>3501.8</ele><time>2026-04-10T15:30:11Z</time></rtept><rtept lat="37.961222" lon="-107.021384"><ele>3503.2</ele><time>2026-04-10T15:30:11Z</time></rtept><rtept lat="37.961244" lon="-107.021411"><ele>3503.2</ele><time>2026-04-10T15:30:11Z</time></rtept><rtept lat="37.961302" lon="-107.021442"><ele>3502.2</ele><time>2026-04-10T15:30:11Z</time></rtept><rtept lat="37.961383" lon="-107.021494"><ele>3500.0</ele><time>2026-04-10T15:30:11Z</time></rtept><rtept lat="37.961414" lon="-107.021522"><ele>3500.0</ele><time>2026-04-10T15:30:11Z</time></rtept><rtept lat="37.96144" lon="-107.021552"><ele>3500.0</ele><time>2026-04-10T15:30:11Z</time></rtept><rtept lat="37.961493" lon="-107.021649"><ele>3500.0</ele><time>2026-04-10T15:30:11Z</time></rtept><rtept lat="37.961519" lon="-107.021686"><ele>3501.4</ele><time>2026-04-10T15:30:11Z</time></rtept><rtept lat="37.961532" lon="-107.021705"><ele>3499.8</ele><time>2026-04-10T15:30:11Z</time></rtept><rtept lat="37.96155" lon="-107.021737"><ele>3499.8</ele><time>2026-04-10T15:30:11Z</time></rtept><rtept lat="37.961567" lon="-107.021763"><ele>3499.8</ele><time>2026-04-10T15:30:11Z</time></rtept><rtept lat="37.961585" lon="-107.021795"><ele>3501.0</ele><time>2026-04-10T15:30:11Z</time></rtept><rtept lat="37.961602" lon="-107.021821"><ele>3499.4</ele><time>2026-04-10T15:30:11Z</time></rtept><rtept lat="37.96162" lon="-107.021856"><ele>3499.4</ele><time>2026-04-10T15:30:11Z</time></rtept><rtept lat="37.961633" lon="-107.021888"><ele>3500.2</ele><time>2026-04-10T15:30:11Z</time></rtept><rtept lat="37.961646" lon="-107.021925"><ele>3500.2</ele><time>2026-04-10T15:30:11Z</time></rtept><rtept lat="37.961658" lon="-107.021966"><ele>3500.8</ele><time>2026-04-10T15:30:11Z</time></rtept><rtept lat="37.961671" lon="-107.022005"><ele>3499.0</ele><time>2026-04-10T15:30:11Z</time></rtept><rtept lat="37.961684" lon="-107.022044"><ele>3499.6</ele><time>2026-04-10T15:30:11Z</time></rtept><rtept lat="37.961697" lon="-107.022082"><ele>3499.6</ele><time>2026-04-10T15:30:11Z</time></rtept><rtept lat="37.961705" lon="-107.022123"><ele>3500.2</ele><time>2026-04-10T15:30:11Z</time></rtept><rtept lat="37.961718" lon="-107.022165"><ele>3500.2</ele><time>2026-04-10T15:30:11Z</time></rtept><rtept lat="37.961731" lon="-107.022201"><ele>3498.4</ele><time>2026-04-10T15:30:11Z</time></rtept><rtept lat="37.961739" lon="-107.022235"><ele>3498.4</ele><time>2026-04-10T15:30:11Z</time></rtept><rtept lat="37.961743" lon="-107.022267"><ele>3498.4</ele><time>2026-04-10T15:30:11Z</time></rtept><rtept lat="37.961738" lon="-107.022339"><ele>3498.8</ele><time>2026-04-10T15:30:11Z</time></rtept><rtept lat="37.961728" lon="-107.022367"><ele>3498.8</ele><time>2026-04-10T15:30:11Z</time></rtept><rtept lat="37.961723" lon="-107.022424"><ele>3502.8</ele><time>2026-04-10T15:30:11Z</time></rtept><rtept lat="37.961717" lon="-107.022462"><ele>3504.8</ele><time>2026-04-10T15:30:11Z</time></rtept><rtept lat="37.961726" lon="-107.022499"><ele>3504.8</ele><time>2026-04-10T15:30:11Z</time></rtept><rtept lat="37.961738" lon="-107.02255"><ele>3503.4</ele><time>2026-04-10T15:30:11Z</time></rtept><rtept lat="37.961746" lon="-107.022639"><ele>3506.2</ele><time>2026-04-10T15:30:11Z</time></rtept><rtept lat="37.961754" lon="-107.022671"><ele>3506.2</ele><time>2026-04-10T15:30:11Z</time></rtept><rtept lat="37.961815" lon="-107.022837"><ele>3508.0</ele><time>2026-04-10T15:30:11Z</time></rtept><rtept lat="37.961828" lon="-107.022873"><ele>3508.0</ele><time>2026-04-10T15:30:11Z</time></rtept><rtept lat="37.961867" lon="-107.022968"><ele>3506.2</ele><time>2026-04-10T15:30:11Z</time></rtept><rtept lat="37.961879" lon="-107.022999"><ele>3510.8</ele><time>2026-04-10T15:30:11Z</time></rtept><rtept lat="37.961897" lon="-107.023033"><ele>3510.8</ele><time>2026-04-10T15:30:11Z</time></rtept><rtept lat="37.961928" lon="-107.023074"><ele>3515.6</ele><time>2026-04-10T15:30:11Z</time></rtept><rtept lat="37.961949" lon="-107.02312"><ele>3510.2</ele><time>2026-04-10T15:30:11Z</time></rtept><rtept lat="37.961954" lon="-107.023143"><ele>3510.2</ele><time>2026-04-10T15:30:11Z</time></rtept><rtept lat="37.961998" lon="-107.023162"><ele>3509.6</ele><time>2026-04-10T15:30:11Z</time></rtept><rtept lat="37.962003" lon="-107.023172"><ele>3509.6</ele><time>2026-04-10T15:30:11Z</time></rtept><rtept lat="37.96197" lon="-107.023252"><ele>3520.0</ele><time>2026-04-10T15:30:11Z</time></rtept><rtept lat="37.961974" lon="-107.023286"><ele>3520.0</ele><time>2026-04-10T15:30:11Z</time></rtept><rtept lat="37.961982" lon="-107.023302"><ele>3520.0</ele><time>2026-04-10T15:30:11Z</time></rtept><rtept lat="37.961995" lon="-107.02333"><ele>3525.2</ele><time>2026-04-10T15:30:11Z</time></rtept><rtept lat="37.962013" lon="-107.023368"><ele>3519.2</ele><time>2026-04-10T15:30:11Z</time></rtept><rtept lat="37.962069" lon="-107.023518"><ele>3524.2</ele><time>2026-04-10T15:30:11Z</time></rtept><rtept lat="37.962086" lon="-107.023542"><ele>3524.2</ele><time>2026-04-10T15:30:11Z</time></rtept><rtept lat="37.962104" lon="-107.023571"><ele>3524.2</ele><time>2026-04-10T15:30:11Z</time></rtept><rtept lat="37.962121" lon="-107.023599"><ele>3528.8</ele><time>2026-04-10T15:30:11Z</time></rtept><rtept lat="37.962148" lon="-107.023618"><ele>3523.8</ele><time>2026-04-10T15:30:11Z</time></rtept><rtept lat="37.962166" lon="-107.023636"><ele>3523.8</ele><time>2026-04-10T15:30:11Z</time></rtept><rtept lat="37.962184" lon="-107.023652"><ele>3523.8</ele><time>2026-04-10T15:30:11Z</time></rtept><rtept lat="37.962192" lon="-107.023675"><ele>3528.2</ele><time>2026-04-10T15:30:11Z</time></rtept><rtept lat="37.962201" lon="-107.023696"><ele>3523.4</ele><time>2026-04-10T15:30:11Z</time></rtept><rtept lat="37.962191" lon="-107.023709"><ele>3528.2</ele><time>2026-04-10T15:30:11Z</time></rtept><rtept lat="37.962174" lon="-107.023698"><ele>3528.2</ele><time>2026-04-10T15:30:11Z</time></rtept><rtept lat="37.962151" lon="-107.023687"><ele>3528.2</ele><time>2026-04-10T15:30:11Z</time></rtept><rtept lat="37.962129" lon="-107.023679"><ele>3532.2</ele><time>2026-04-10T15:30:11Z</time></rtept><rtept lat="37.962084" lon="-107.023662"><ele>3532.2</ele><time>2026-04-10T15:30:11Z</time></rtept><rtept lat="37.962066" lon="-107.02365"><ele>3528.8</ele><time>2026-04-10T15:30:11Z</time></rtept><rtept lat="37.962057" lon="-107.023656"><ele>3533.0</ele><time>2026-04-10T15:30:11Z</time></rtept><rtept lat="37.962061" lon="-107.023682"><ele>3536.0</ele><time>2026-04-10T15:30:11Z</time></rtept><rtept lat="37.96207" lon="-107.023712"><ele>3532.2</ele><time>2026-04-10T15:30:11Z</time></rtept><rtept lat="37.962101" lon="-107.023755"><ele>3535.0</ele><time>2026-04-10T15:30:11Z</time></rtept><rtept lat="37.962118" lon="-107.023773"><ele>3535.0</ele><time>2026-04-10T15:30:11Z</time></rtept><rtept lat="37.962141" lon="-107.023794"><ele>3531.4</ele><time>2026-04-10T15:30:11Z</time></rtept><rtept lat="37.962154" lon="-107.023819"><ele>3531.4</ele><time>2026-04-10T15:30:11Z</time></rtept><rtept lat="37.962171" lon="-107.02384"><ele>3534.2</ele><time>2026-04-10T15:30:11Z</time></rtept><rtept lat="37.962197" lon="-107.023888"><ele>3534.2</ele><time>2026-04-10T15:30:11Z</time></rtept><rtept lat="37.962215" lon="-107.023914"><ele>3530.6</ele><time>2026-04-10T15:30:11Z</time></rtept><rtept lat="37.962228" lon="-107.023943"><ele>3533.2</ele><time>2026-04-10T15:30:11Z</time></rtept><rtept lat="37.962237" lon="-107.023973"><ele>3533.2</ele><time>2026-04-10T15:30:11Z</time></rtept><rtept lat="37.962245" lon="-107.024009"><ele>3535.8</ele><time>2026-04-10T15:30:11Z</time></rtept><rtept lat="37.962258" lon="-107.024043"><ele>3535.8</ele><time>2026-04-10T15:30:11Z</time></rtept><rtept lat="37.96227" lon="-107.024109"><ele>3534.8</ele><time>2026-04-10T15:30:11Z</time></rtept><rtept lat="37.962288" lon="-107.024123"><ele>3534.8</ele><time>2026-04-10T15:30:11Z</time></rtept><rtept lat="37.96231" lon="-107.024147"><ele>3534.8</ele><time>2026-04-10T15:30:11Z</time></rtept><rtept lat="37.962332" lon="-107.024177"><ele>3537.2</ele><time>2026-04-10T15:30:11Z</time></rtept><rtept lat="37.962354" lon="-107.024203"><ele>3534.0</ele><time>2026-04-10T15:30:11Z</time></rtept><rtept lat="37.962372" lon="-107.024225"><ele>3534.0</ele><time>2026-04-10T15:30:11Z</time></rtept><rtept lat="37.96239" lon="-107.024247"><ele>3534.0</ele><time>2026-04-10T15:30:11Z</time></rtept><rtept lat="37.962402" lon="-107.024284"><ele>3536.6</ele><time>2026-04-10T15:30:11Z</time></rtept><rtept lat="37.962416" lon="-107.024314"><ele>3533.6</ele><time>2026-04-10T15:30:11Z</time></rtept><rtept lat="37.962415" lon="-107.024338"><ele>3533.6</ele><time>2026-04-10T15:30:11Z</time></rtept><rtept lat="37.962397" lon="-107.024352"><ele>3539.2</ele><time>2026-04-10T15:30:11Z</time></rtept><rtept lat="37.962379" lon="-107.024325"><ele>3536.6</ele><time>2026-04-10T15:30:11Z</time></rtept><rtept lat="37.962366" lon="-107.024308"><ele>3536.6</ele><time>2026-04-10T15:30:11Z</time></rtept><rtept lat="37.962353" lon="-107.024303"><ele>3536.6</ele><time>2026-04-10T15:30:11Z</time></rtept><rtept lat="37.962344" lon="-107.024309"><ele>3536.6</ele><time>2026-04-10T15:30:11Z</time></rtept><rtept lat="37.962361" lon="-107.024361"><ele>3539.2</ele><time>2026-04-10T15:30:11Z</time></rtept><rtept lat="37.962365" lon="-107.024369"><ele>3539.2</ele><time>2026-04-10T15:30:11Z</time></rtept><rtept lat="37.962373" lon="-107.024403"><ele>3539.2</ele><time>2026-04-10T15:30:11Z</time></rtept><rtept lat="37.962404" lon="-107.024465"><ele>3539.0</ele><time>2026-04-10T15:30:11Z</time></rtept><rtept lat="37.962417" lon="-107.024482"><ele>3539.0</ele><time>2026-04-10T15:30:11Z</time></rtept><rtept lat="37.962435" lon="-107.024504"><ele>3539.0</ele><time>2026-04-10T15:30:11Z</time></rtept><rtept lat="37.962457" lon="-107.024532"><ele>3541.8</ele><time>2026-04-10T15:30:11Z</time></rtept><rtept lat="37.962474" lon="-107.024554"><ele>3538.8</ele><time>2026-04-10T15:30:11Z</time></rtept><rtept lat="37.962483" lon="-107.02458"><ele>3538.8</ele><time>2026-04-10T15:30:11Z</time></rtept><rtept lat="37.962496" lon="-107.024599"><ele>3538.8</ele><time>2026-04-10T15:30:11Z</time></rtept><rtept lat="37.962505" lon="-107.024627"><ele>3541.4</ele><time>2026-04-10T15:30:11Z</time></rtept><rtept lat="37.962513" lon="-107.024657"><ele>3541.4</ele><time>2026-04-10T15:30:11Z</time></rtept><rtept lat="37.962517" lon="-107.024687"><ele>3541.4</ele><time>2026-04-10T15:30:11Z</time></rtept><rtept lat="37.962526" lon="-107.024714"><ele>3543.4</ele><time>2026-04-10T15:30:11Z</time></rtept><rtept lat="37.96253" lon="-107.02474"><ele>3543.4</ele><time>2026-04-10T15:30:11Z</time></rtept><rtept lat="37.962538" lon="-107.024768"><ele>3543.4</ele><time>2026-04-10T15:30:11Z</time></rtept><rtept lat="37.962542" lon="-107.024798"><ele>3543.0</ele><time>2026-04-10T15:30:11Z</time></rtept><rtept lat="37.962542" lon="-107.024824"><ele>3543.0</ele><time>2026-04-10T15:30:11Z</time></rtept><rtept lat="37.962546" lon="-107.024851"><ele>3543.0</ele><time>2026-04-10T15:30:11Z</time></rtept><rtept lat="37.962555" lon="-107.024861"><ele>3545.0</ele><time>2026-04-10T15:30:11Z</time></rtept><rtept lat="37.9626" lon="-107.024869"><ele>3545.0</ele><time>2026-04-10T15:30:11Z</time></rtept><rtept lat="37.962609" lon="-107.02487"><ele>3543.2</ele><time>2026-04-10T15:30:11Z</time></rtept><rtept lat="37.962635" lon="-107.024883"><ele>3543.2</ele><time>2026-04-10T15:30:11Z</time></rtept><rtept lat="37.962662" lon="-107.024906"><ele>3543.2</ele><time>2026-04-10T15:30:11Z</time></rtept><rtept lat="37.962684" lon="-107.024942"><ele>3541.6</ele><time>2026-04-10T15:30:11Z</time></rtept><rtept lat="37.962701" lon="-107.024982"><ele>3544.2</ele><time>2026-04-10T15:30:11Z</time></rtept><rtept lat="37.962714" lon="-107.025017"><ele>3544.2</ele><time>2026-04-10T15:30:11Z</time></rtept><rtept lat="37.962727" lon="-107.025051"><ele>3546.8</ele><time>2026-04-10T15:30:11Z</time></rtept><rtept lat="37.96274" lon="-107.025091"><ele>3546.8</ele><time>2026-04-10T15:30:11Z</time></rtept><rtept lat="37.962753" lon="-107.02513"><ele>3547.2</ele><time>2026-04-10T15:30:11Z</time></rtept><rtept lat="37.962766" lon="-107.025165"><ele>3547.2</ele><time>2026-04-10T15:30:11Z</time></rtept><rtept lat="37.962779" lon="-107.025191"><ele>3547.2</ele><time>2026-04-10T15:30:11Z</time></rtept><rtept lat="37.962796" lon="-107.025237"><ele>3549.0</ele><time>2026-04-10T15:30:11Z</time></rtept><rtept lat="37.962809" lon="-107.025262"><ele>3549.0</ele><time>2026-04-10T15:30:11Z</time></rtept><rtept lat="37.962813" lon="-107.0253"><ele>3549.6</ele><time>2026-04-10T15:30:11Z</time></rtept><rtept lat="37.962817" lon="-107.025343"><ele>3549.6</ele><time>2026-04-10T15:30:11Z</time></rtept><rtept lat="37.962825" lon="-107.025382"><ele>3551.8</ele><time>2026-04-10T15:30:11Z</time></rtept><rtept lat="37.962825" lon="-107.025413"><ele>3551.8</ele><time>2026-04-10T15:30:11Z</time></rtept><rtept lat="37.962833" lon="-107.025446"><ele>3551.8</ele><time>2026-04-10T15:30:11Z</time></rtept><rtept lat="37.962855" lon="-107.025478"><ele>3554.4</ele><time>2026-04-10T15:30:11Z</time></rtept><rtept lat="37.962882" lon="-107.025497"><ele>3553.4</ele><time>2026-04-10T15:30:11Z</time></rtept><rtept lat="37.962913" lon="-107.025515"><ele>3553.4</ele><time>2026-04-10T15:30:11Z</time></rtept><rtept lat="37.962953" lon="-107.025528"><ele>3552.2</ele><time>2026-04-10T15:30:11Z</time></rtept><rtept lat="37.962989" lon="-107.02554"><ele>3552.2</ele><time>2026-04-10T15:30:11Z</time></rtept><rtept lat="37.963025" lon="-107.025559"><ele>3553.0</ele><time>2026-04-10T15:30:11Z</time></rtept><rtept lat="37.963061" lon="-107.025586"><ele>3553.0</ele><time>2026-04-10T15:30:11Z</time></rtept><rtept lat="37.963087" lon="-107.025614"><ele>3551.6</ele><time>2026-04-10T15:30:11Z</time></rtept><rtept lat="37.963127" lon="-107.025652"><ele>3554.0</ele><time>2026-04-10T15:30:11Z</time></rtept><rtept lat="37.963131" lon="-107.025663"><ele>3554.0</ele><time>2026-04-10T15:30:11Z</time></rtept><rtept lat="37.963158" lon="-107.025681"><ele>3552.8</ele><time>2026-04-10T15:30:11Z</time></rtept><rtept lat="37.96318" lon="-107.025714"><ele>3552.8</ele><time>2026-04-10T15:30:11Z</time></rtept><rtept lat="37.963202" lon="-107.025755"><ele>3556.0</ele><time>2026-04-10T15:30:11Z</time></rtept><rtept lat="37.963233" lon="-107.025793"><ele>3555.6</ele><time>2026-04-10T15:30:11Z</time></rtept><rtept lat="37.96325" lon="-107.025824"><ele>3558.8</ele><time>2026-04-10T15:30:11Z</time></rtept><rtept lat="37.963277" lon="-107.025857"><ele>3558.8</ele><time>2026-04-10T15:30:11Z</time></rtept><rtept lat="37.963308" lon="-107.025885"><ele>3558.4</ele><time>2026-04-10T15:30:11Z</time></rtept><rtept lat="37.963339" lon="-107.02592"><ele>3561.6</ele><time>2026-04-10T15:30:11Z</time></rtept><rtept lat="37.963348" lon="-107.025928"><ele>3561.6</ele><time>2026-04-10T15:30:11Z</time></rtept><rtept lat="37.963374" lon="-107.025957"><ele>3561.4</ele><time>2026-04-10T15:30:11Z</time></rtept><rtept lat="37.96341" lon="-107.025986"><ele>3564.8</ele><time>2026-04-10T15:30:11Z</time></rtept><rtept lat="37.963441" lon="-107.025997"><ele>3565.6</ele><time>2026-04-10T15:30:11Z</time></rtept><rtept lat="37.963481" lon="-107.026004"><ele>3565.6</ele><time>2026-04-10T15:30:11Z</time></rtept><rtept lat="37.963522" lon="-107.026007"><ele>3567.4</ele><time>2026-04-10T15:30:11Z</time></rtept><rtept lat="37.963553" lon="-107.026011"><ele>3567.4</ele><time>2026-04-10T15:30:11Z</time></rtept><rtept lat="37.963572" lon="-107.026001"><ele>3569.2</ele><time>2026-04-10T15:30:11Z</time></rtept><rtept lat="37.963608" lon="-107.025998"><ele>3569.2</ele><time>2026-04-10T15:30:11Z</time></rtept><rtept lat="37.96363" lon="-107.026023"><ele>3570.6</ele><time>2026-04-10T15:30:11Z</time></rtept><rtept lat="37.963611" lon="-107.026043"><ele>3569.2</ele><time>2026-04-10T15:30:11Z</time></rtept><rtept lat="37.963579" lon="-107.026061"><ele>3569.2</ele><time>2026-04-10T15:30:11Z</time></rtept><rtept lat="37.963547" lon="-107.026084"><ele>3571.4</ele><time>2026-04-10T15:30:11Z</time></rtept><rtept lat="37.96352" lon="-107.026108"><ele>3571.4</ele><time>2026-04-10T15:30:11Z</time></rtept><rtept lat="37.963447" lon="-107.026173"><ele>3573.0</ele><time>2026-04-10T15:30:11Z</time></rtept><rtept lat="37.963424" lon="-107.026194"><ele>3573.0</ele><time>2026-04-10T15:30:11Z</time></rtept><rtept lat="37.963392" lon="-107.026222"><ele>3571.8</ele><time>2026-04-10T15:30:11Z</time></rtept><rtept lat="37.963355" lon="-107.026245"><ele>3574.8</ele><time>2026-04-10T15:30:11Z</time></rtept><rtept lat="37.963319" lon="-107.026264"><ele>3573.6</ele><time>2026-04-10T15:30:11Z</time></rtept><rtept lat="37.963287" lon="-107.026287"><ele>3573.6</ele><time>2026-04-10T15:30:11Z</time></rtept><rtept lat="37.96326" lon="-107.026317"><ele>3572.6</ele><time>2026-04-10T15:30:11Z</time></rtept><rtept lat="37.963228" lon="-107.02635"><ele>3575.2</ele><time>2026-04-10T15:30:11Z</time></rtept><rtept lat="37.9632" lon="-107.026385"><ele>3574.0</ele><time>2026-04-10T15:30:11Z</time></rtept><rtept lat="37.963172" lon="-107.02642"><ele>3576.6</ele><time>2026-04-10T15:30:11Z</time></rtept><rtept lat="37.963117" lon="-107.026484"><ele>3575.0</ele><time>2026-04-10T15:30:11Z</time></rtept><rtept lat="37.963112" lon="-107.026496"><ele>3577.4</ele><time>2026-04-10T15:30:11Z</time></rtept><rtept lat="37.963107" lon="-107.026531"><ele>3577.4</ele><time>2026-04-10T15:30:11Z</time></rtept><rtept lat="37.963243" lon="-107.026506"><ele>3581.0</ele><time>2026-04-10T15:30:11Z</time></rtept><rtept lat="37.96327" lon="-107.026504"><ele>3581.0</ele><time>2026-04-10T15:30:11Z</time></rtept><rtept lat="37.963306" lon="-107.026499"><ele>3582.4</ele><time>2026-04-10T15:30:11Z</time></rtept><rtept lat="37.963342" lon="-107.026493"><ele>3582.4</ele><time>2026-04-10T15:30:11Z</time></rtept><rtept lat="37.963383" lon="-107.026488"><ele>3580.8</ele><time>2026-04-10T15:30:11Z</time></rtept><rtept lat="37.963424" lon="-107.026476"><ele>3582.2</ele><time>2026-04-10T15:30:11Z</time></rtept><rtept lat="37.963455" lon="-107.026471"><ele>3582.2</ele><time>2026-04-10T15:30:11Z</time></rtept><rtept lat="37.963482" lon="-107.026465"><ele>3582.2</ele><time>2026-04-10T15:30:11Z</time></rtept><rtept lat="37.963518" lon="-107.02646"><ele>3583.8</ele><time>2026-04-10T15:30:11Z</time></rtept><rtept lat="37.963555" lon="-107.026452"><ele>3585.8</ele><time>2026-04-10T15:30:11Z</time></rtept><rtept lat="37.963591" lon="-107.026443"><ele>3585.8</ele><time>2026-04-10T15:30:11Z</time></rtept><rtept lat="37.963632" lon="-107.026432"><ele>3588.4</ele><time>2026-04-10T15:30:11Z</time></rtept><rtept lat="37.963672" lon="-107.026419"><ele>3588.4</ele><time>2026-04-10T15:30:11Z</time></rtept><rtept lat="37.963704" lon="-107.026411"><ele>3591.2</ele><time>2026-04-10T15:30:11Z</time></rtept><rtept lat="37.963731" lon="-107.026409"><ele>3591.2</ele><time>2026-04-10T15:30:11Z</time></rtept><rtept lat="37.963749" lon="-107.026432"><ele>3591.2</ele><time>2026-04-10T15:30:11Z</time></rtept><rtept lat="37.963735" lon="-107.026449"><ele>3591.2</ele><time>2026-04-10T15:30:11Z</time></rtept><rtept lat="37.963703" lon="-107.026468"><ele>3591.2</ele><time>2026-04-10T15:30:11Z</time></rtept><rtept lat="37.963676" lon="-107.026496"><ele>3591.2</ele><time>2026-04-10T15:30:11Z</time></rtept><rtept lat="37.963643" lon="-107.026528"><ele>3591.2</ele><time>2026-04-10T15:30:11Z</time></rtept><rtept lat="37.963616" lon="-107.026563"><ele>3588.8</ele><time>2026-04-10T15:30:11Z</time></rtept><rtept lat="37.963588" lon="-107.0266"><ele>3592.4</ele><time>2026-04-10T15:30:11Z</time></rtept><rtept lat="37.963565" lon="-107.026636"><ele>3592.4</ele><time>2026-04-10T15:30:11Z</time></rtept><rtept lat="37.963505" lon="-107.026708"><ele>3594.6</ele><time>2026-04-10T15:30:11Z</time></rtept><rtept lat="37.963477" lon="-107.026748"><ele>3593.0</ele><time>2026-04-10T15:30:11Z</time></rtept><rtept lat="37.963454" lon="-107.026789"><ele>3597.0</ele><time>2026-04-10T15:30:11Z</time></rtept><rtept lat="37.963422" lon="-107.026822"><ele>3597.0</ele><time>2026-04-10T15:30:11Z</time></rtept><rtept lat="37.963399" lon="-107.026858"><ele>3597.6</ele><time>2026-04-10T15:30:11Z</time></rtept><rtept lat="37.963371" lon="-107.026896"><ele>3597.6</ele><time>2026-04-10T15:30:11Z</time></rtept><rtept lat="37.963348" lon="-107.026935"><ele>3596.4</ele><time>2026-04-10T15:30:11Z</time></rtept><rtept lat="37.963329" lon="-107.026977"><ele>3596.4</ele><time>2026-04-10T15:30:11Z</time></rtept><rtept lat="37.96331" lon="-107.027037"><ele>3597.8</ele><time>2026-04-10T15:30:11Z</time></rtept><rtept lat="37.963301" lon="-107.027082"><ele>3597.8</ele><time>2026-04-10T15:30:11Z</time></rtept><rtept lat="37.9633" lon="-107.027132"><ele>3599.0</ele><time>2026-04-10T15:30:11Z</time></rtept><rtept lat="37.963294" lon="-107.027181"><ele>3600.8</ele><time>2026-04-10T15:30:11Z</time></rtept><rtept lat="37.963289" lon="-107.027246"><ele>3600.8</ele><time>2026-04-10T15:30:11Z</time></rtept><rtept lat="37.963275" lon="-107.027276"><ele>3599.8</ele><time>2026-04-10T15:30:11Z</time></rtept><rtept lat="37.963265" lon="-107.027324"><ele>3599.8</ele><time>2026-04-10T15:30:11Z</time></rtept><rtept lat="37.963251" lon="-107.027367"><ele>3602.4</ele><time>2026-04-10T15:30:11Z</time></rtept><rtept lat="37.963227" lon="-107.027407"><ele>3602.4</ele><time>2026-04-10T15:30:11Z</time></rtept><rtept lat="37.963209" lon="-107.027448"><ele>3602.2</ele><time>2026-04-10T15:30:11Z</time></rtept><rtept lat="37.963194" lon="-107.02749"><ele>3602.2</ele><time>2026-04-10T15:30:11Z</time></rtept><rtept lat="37.96318" lon="-107.027534"><ele>3605.2</ele><time>2026-04-10T15:30:11Z</time></rtept><rtept lat="37.963162" lon="-107.027563"><ele>3605.2</ele><time>2026-04-10T15:30:11Z</time></rtept><rtept lat="37.963125" lon="-107.027578"><ele>3603.4</ele><time>2026-04-10T15:30:11Z</time></rtept><rtept lat="37.963098" lon="-107.027601"><ele>3603.4</ele><time>2026-04-10T15:30:11Z</time></rtept><rtept lat="37.963066" lon="-107.027635"><ele>3607.2</ele><time>2026-04-10T15:30:11Z</time></rtept><rtept lat="37.963034" lon="-107.027659"><ele>3607.2</ele><time>2026-04-10T15:30:11Z</time></rtept><rtept lat="37.962997" lon="-107.027681"><ele>3607.2</ele><time>2026-04-10T15:30:11Z</time></rtept><rtept lat="37.962957" lon="-107.02769"><ele>3607.2</ele><time>2026-04-10T15:30:11Z</time></rtept><rtept lat="37.962916" lon="-107.027687"><ele>3607.2</ele><time>2026-04-10T15:30:11Z</time></rtept><rtept lat="37.962876" lon="-107.027685"><ele>3607.4</ele><time>2026-04-10T15:30:11Z</time></rtept><rtept lat="37.96284" lon="-107.027687"><ele>3607.4</ele><time>2026-04-10T15:30:11Z</time></rtept><rtept lat="37.962804" lon="-107.027682"><ele>3607.4</ele><time>2026-04-10T15:30:11Z</time></rtept><rtept lat="37.962773" lon="-107.027647"><ele>3607.4</ele><time>2026-04-10T15:30:11Z</time></rtept><rtept lat="37.962746" lon="-107.027613"><ele>3607.4</ele><time>2026-04-10T15:30:11Z</time></rtept><rtept lat="37.962728" lon="-107.027611"><ele>3607.0</ele><time>2026-04-10T15:30:11Z</time></rtept><rtept lat="37.962705" lon="-107.027624"><ele>3607.0</ele><time>2026-04-10T15:30:11Z</time></rtept><rtept lat="37.962678" lon="-107.027655"><ele>3607.0</ele><time>2026-04-10T15:30:11Z</time></rtept><rtept lat="37.96265" lon="-107.027691"><ele>3606.4</ele><time>2026-04-10T15:30:11Z</time></rtept><rtept lat="37.962622" lon="-107.02773"><ele>3608.6</ele><time>2026-04-10T15:30:11Z</time></rtept><rtept lat="37.962563" lon="-107.027792"><ele>3609.6</ele><time>2026-04-10T15:30:11Z</time></rtept><rtept lat="37.962544" lon="-107.027816"><ele>3609.6</ele><time>2026-04-10T15:30:11Z</time></rtept><rtept lat="37.962517" lon="-107.027856"><ele>3609.2</ele><time>2026-04-10T15:30:11Z</time></rtept><rtept lat="37.962493" lon="-107.027898"><ele>3610.4</ele><time>2026-04-10T15:30:11Z</time></rtept><rtept lat="37.96247" lon="-107.027943"><ele>3610.0</ele><time>2026-04-10T15:30:11Z</time></rtept><rtept lat="37.962447" lon="-107.02799"><ele>3611.6</ele><time>2026-04-10T15:30:11Z</time></rtept><rtept lat="37.962428" lon="-107.028035"><ele>3611.6</ele><time>2026-04-10T15:30:11Z</time></rtept><rtept lat="37.962405" lon="-107.028079"><ele>3613.0</ele><time>2026-04-10T15:30:11Z</time></rtept><rtept lat="37.962377" lon="-107.028117"><ele>3612.8</ele><time>2026-04-10T15:30:11Z</time></rtept><rtept lat="37.962345" lon="-107.02815"><ele>3614.0</ele><time>2026-04-10T15:30:11Z</time></rtept><rtept lat="37.962317" lon="-107.028189"><ele>3614.0</ele><time>2026-04-10T15:30:11Z</time></rtept><rtept lat="37.96229" lon="-107.028227"><ele>3614.6</ele><time>2026-04-10T15:30:11Z</time></rtept><rtept lat="37.962252" lon="-107.028295"><ele>3614.8</ele><time>2026-04-10T15:30:11Z</time></rtept><rtept lat="37.962239" lon="-107.028312"><ele>3614.8</ele><time>2026-04-10T15:30:11Z</time></rtept><rtept lat="37.962215" lon="-107.028361"><ele>3614.8</ele><time>2026-04-10T15:30:11Z</time></rtept><rtept lat="37.962169" lon="-107.028444"><ele>3614.2</ele><time>2026-04-10T15:30:11Z</time></rtept><rtept lat="37.96215" lon="-107.028489"><ele>3613.8</ele><time>2026-04-10T15:30:11Z</time></rtept><rtept lat="37.962136" lon="-107.028534"><ele>3613.8</ele><time>2026-04-10T15:30:11Z</time></rtept><rtept lat="37.962121" lon="-107.028586"><ele>3612.4</ele><time>2026-04-10T15:30:11Z</time></rtept><rtept lat="37.962111" lon="-107.02863"><ele>3612.4</ele><time>2026-04-10T15:30:11Z</time></rtept><rtept lat="37.962084" lon="-107.028665"><ele>3612.0</ele><time>2026-04-10T15:30:11Z</time></rtept><rtept lat="37.962042" lon="-107.028739"><ele>3610.8</ele><time>2026-04-10T15:30:11Z</time></rtept><rtept lat="37.962037" lon="-107.028749"><ele>3610.8</ele><time>2026-04-10T15:30:11Z</time></rtept><rtept lat="37.962005" lon="-107.028792"><ele>3610.8</ele><time>2026-04-10T15:30:11Z</time></rtept><rtept lat="37.961977" lon="-107.028834"><ele>3609.6</ele><time>2026-04-10T15:30:11Z</time></rtept><rtept lat="37.961949" lon="-107.028874"><ele>3609.6</ele><time>2026-04-10T15:30:11Z</time></rtept><rtept lat="37.961926" lon="-107.028913"><ele>3608.6</ele><time>2026-04-10T15:30:11Z</time></rtept><rtept lat="37.96189" lon="-107.028939"><ele>3608.6</ele><time>2026-04-10T15:30:11Z</time></rtept><rtept lat="37.961835" lon="-107.028977"><ele>3608.2</ele><time>2026-04-10T15:30:11Z</time></rtept><rtept lat="37.961799" lon="-107.028964"><ele>3608.2</ele><time>2026-04-10T15:30:11Z</time></rtept><rtept lat="37.961758" lon="-107.028988"><ele>3607.2</ele><time>2026-04-10T15:30:11Z</time></rtept><rtept lat="37.961718" lon="-107.028987"><ele>3606.6</ele><time>2026-04-10T15:30:11Z</time></rtept><rtept lat="37.961663" lon="-107.029024"><ele>3606.6</ele><time>2026-04-10T15:30:11Z</time></rtept><rtept lat="37.961631" lon="-107.029037"><ele>3606.4</ele><time>2026-04-10T15:30:11Z</time></rtept><rtept lat="37.961591" lon="-107.029028"><ele>3606.4</ele><time>2026-04-10T15:30:11Z</time></rtept><rtept lat="37.9615" lon="-107.029065"><ele>3607.0</ele><time>2026-04-10T15:30:11Z</time></rtept><rtept lat="37.961463" lon="-107.029099"><ele>3605.2</ele><time>2026-04-10T15:30:11Z</time></rtept><rtept lat="37.961454" lon="-107.029097"><ele>3606.0</ele><time>2026-04-10T15:30:11Z</time></rtept><rtept lat="37.961404" lon="-107.029161"><ele>3604.2</ele><time>2026-04-10T15:30:11Z</time></rtept><rtept lat="37.961399" lon="-107.029176"><ele>3604.2</ele><time>2026-04-10T15:30:11Z</time></rtept><rtept lat="37.961362" lon="-107.029243"><ele>3602.8</ele><time>2026-04-10T15:30:11Z</time></rtept><rtept lat="37.961311" lon="-107.029311"><ele>3604.8</ele><time>2026-04-10T15:30:11Z</time></rtept><rtept lat="37.961288" lon="-107.029324"><ele>3603.0</ele><time>2026-04-10T15:30:11Z</time></rtept><rtept lat="37.961265" lon="-107.029348"><ele>3603.0</ele><time>2026-04-10T15:30:11Z</time></rtept><rtept lat="37.961248" lon="-107.029349"><ele>3605.8</ele><time>2026-04-10T15:30:11Z</time></rtept><rtept lat="37.961147" lon="-107.029457"><ele>3607.8</ele><time>2026-04-10T15:30:11Z</time></rtept><rtept lat="37.961133" lon="-107.029472"><ele>3607.8</ele><time>2026-04-10T15:30:11Z</time></rtept><rtept lat="37.961104" lon="-107.029554"><ele>3610.4</ele><time>2026-04-10T15:30:11Z</time></rtept><rtept lat="37.961054" lon="-107.029607"><ele>3609.4</ele><time>2026-04-10T15:30:11Z</time></rtept><rtept lat="37.961031" lon="-107.02963"><ele>3612.6</ele><time>2026-04-10T15:30:11Z</time></rtept><rtept lat="37.961026" lon="-107.029655"><ele>3612.6</ele><time>2026-04-10T15:30:11Z</time></rtept><rtept lat="37.960975" lon="-107.029731"><ele>3613.8</ele><time>2026-04-10T15:30:11Z</time></rtept><rtept lat="37.960928" lon="-107.029824"><ele>3612.0</ele><time>2026-04-10T15:30:11Z</time></rtept><rtept lat="37.960919" lon="-107.029855"><ele>3610.2</ele><time>2026-04-10T15:30:11Z</time></rtept><rtept lat="37.960864" lon="-107.029907"><ele>3612.2</ele><time>2026-04-10T15:30:11Z</time></rtept><rtept lat="37.9608" lon="-107.029936"><ele>3612.4</ele><time>2026-04-10T15:30:11Z</time></rtept><rtept lat="37.96075" lon="-107.029988"><ele>3614.0</ele><time>2026-04-10T15:30:11Z</time></rtept><rtept lat="37.960709" lon="-107.030012"><ele>3613.0</ele><time>2026-04-10T15:30:11Z</time></rtept><rtept lat="37.960681" lon="-107.030035"><ele>3613.0</ele><time>2026-04-10T15:30:11Z</time></rtept><rtept lat="37.960654" lon="-107.030057"><ele>3613.0</ele><time>2026-04-10T15:30:11Z</time></rtept><rtept lat="37.96043" lon="-107.030227"><ele>3612.4</ele><time>2026-04-10T15:30:11Z</time></rtept><rtept lat="37.960367" lon="-107.030254"><ele>3613.4</ele><time>2026-04-10T15:30:11Z</time></rtept><rtept lat="37.960335" lon="-107.030262"><ele>3613.4</ele><time>2026-04-10T15:30:11Z</time></rtept><rtept lat="37.960276" lon="-107.030273"><ele>3611.8</ele><time>2026-04-10T15:30:11Z</time></rtept><rtept lat="37.960204" lon="-107.030297"><ele>3612.8</ele><time>2026-04-10T15:30:11Z</time></rtept><rtept lat="37.960154" lon="-107.030313"><ele>3614.0</ele><time>2026-04-10T15:30:11Z</time></rtept><rtept lat="37.960099" lon="-107.030346"><ele>3615.4</ele><time>2026-04-10T15:30:11Z</time></rtept><rtept lat="37.960058" lon="-107.030352"><ele>3615.4</ele><time>2026-04-10T15:30:11Z</time></rtept><rtept lat="37.959991" lon="-107.03036"><ele>3614.2</ele><time>2026-04-10T15:30:11Z</time></rtept><rtept lat="37.959955" lon="-107.030366"><ele>3615.4</ele><time>2026-04-10T15:30:11Z</time></rtept><rtept lat="37.9599" lon="-107.030399"><ele>3615.4</ele><time>2026-04-10T15:30:11Z</time></rtept><rtept lat="37.959873" lon="-107.030414"><ele>3616.4</ele><time>2026-04-10T15:30:11Z</time></rtept><rtept lat="37.959828" lon="-107.030425"><ele>3617.6</ele><time>2026-04-10T15:30:11Z</time></rtept><rtept lat="37.959787" lon="-107.030445"><ele>3614.4</ele><time>2026-04-10T15:30:11Z</time></rtept><rtept lat="37.959746" lon="-107.03045"><ele>3615.4</ele><time>2026-04-10T15:30:11Z</time></rtept><rtept lat="37.95971" lon="-107.030462"><ele>3615.4</ele><time>2026-04-10T15:30:11Z</time></rtept><rtept lat="37.959628" lon="-107.030465"><ele>3617.4</ele><time>2026-04-10T15:30:11Z</time></rtept><rtept lat="37.959574" lon="-107.030466"><ele>3617.4</ele><time>2026-04-10T15:30:11Z</time></rtept><rtept lat="37.959506" lon="-107.030494"><ele>3618.4</ele><time>2026-04-10T15:30:11Z</time></rtept><rtept lat="37.959475" lon="-107.030489"><ele>3619.6</ele><time>2026-04-10T15:30:11Z</time></rtept><rtept lat="37.959448" lon="-107.030464"><ele>3619.6</ele><time>2026-04-10T15:30:11Z</time></rtept><rtept lat="37.959412" lon="-107.030464"><ele>3621.0</ele><time>2026-04-10T15:30:11Z</time></rtept><rtept lat="37.959367" lon="-107.030473"><ele>3621.0</ele><time>2026-04-10T15:30:11Z</time></rtept><rtept lat="37.959336" lon="-107.030463"><ele>3622.2</ele><time>2026-04-10T15:30:11Z</time></rtept><rtept lat="37.959156" lon="-107.030441"><ele>3624.8</ele><time>2026-04-10T15:30:11Z</time></rtept><rtept lat="37.959111" lon="-107.030439"><ele>3629.4</ele><time>2026-04-10T15:30:11Z</time></rtept><rtept lat="37.959056" lon="-107.030454"><ele>3627.4</ele><time>2026-04-10T15:30:11Z</time></rtept><rtept lat="37.959021" lon="-107.030442"><ele>3627.4</ele><time>2026-04-10T15:30:11Z</time></rtept><rtept lat="37.95889" lon="-107.030426"><ele>3633.0</ele><time>2026-04-10T15:30:11Z</time></rtept><rtept lat="37.95885" lon="-107.030409"><ele>3634.0</ele><time>2026-04-10T15:30:11Z</time></rtept><rtept lat="37.958823" lon="-107.030405"><ele>3634.0</ele><time>2026-04-10T15:30:11Z</time></rtept><rtept lat="37.958788" lon="-107.030382"><ele>3634.6</ele><time>2026-04-10T15:30:11Z</time></rtept><rtept lat="37.958743" lon="-107.030375"><ele>3634.8</ele><time>2026-04-10T15:30:11Z</time></rtept><rtept lat="37.958707" lon="-107.030357"><ele>3634.8</ele><time>2026-04-10T15:30:11Z</time></rtept><rtept lat="37.958671" lon="-107.030351"><ele>3638.0</ele><time>2026-04-10T15:30:11Z</time></rtept><rtept lat="37.95863" lon="-107.030349"><ele>3638.0</ele><time>2026-04-10T15:30:11Z</time></rtept><rtept lat="37.958594" lon="-107.030351"><ele>3638.8</ele><time>2026-04-10T15:30:11Z</time></rtept><rtept lat="37.95854" lon="-107.030338"><ele>3640.4</ele><time>2026-04-10T15:30:11Z</time></rtept><rtept lat="37.958513" lon="-107.030331"><ele>3640.4</ele><time>2026-04-10T15:30:11Z</time></rtept><rtept lat="37.958473" lon="-107.030324"><ele>3642.4</ele><time>2026-04-10T15:30:11Z</time></rtept><rtept lat="37.958433" lon="-107.030307"><ele>3642.4</ele><time>2026-04-10T15:30:11Z</time></rtept><rtept lat="37.958392" lon="-107.030289"><ele>3644.0</ele><time>2026-04-10T15:30:11Z</time></rtept><rtept lat="37.958366" lon="-107.03025"><ele>3645.6</ele><time>2026-04-10T15:30:11Z</time></rtept><rtept lat="37.958326" lon="-107.030242"><ele>3647.4</ele><time>2026-04-10T15:30:11Z</time></rtept><rtept lat="37.958304" lon="-107.030211"><ele>3647.4</ele><time>2026-04-10T15:30:11Z</time></rtept><rtept lat="37.95829" lon="-107.030206"><ele>3647.4</ele><time>2026-04-10T15:30:11Z</time></rtept><rtept lat="37.958281" lon="-107.030208"><ele>3647.4</ele><time>2026-04-10T15:30:11Z</time></rtept><rtept lat="37.958267" lon="-107.030228"><ele>3649.0</ele><time>2026-04-10T15:30:11Z</time></rtept><rtept lat="37.958267" lon="-107.030256"><ele>3649.0</ele><time>2026-04-10T15:30:11Z</time></rtept><rtept lat="37.958239" lon="-107.030319"><ele>3647.6</ele><time>2026-04-10T15:30:11Z</time></rtept><rtept lat="37.958165" lon="-107.030414"><ele>3647.2</ele><time>2026-04-10T15:30:11Z</time></rtept><rtept lat="37.95816" lon="-107.030425"><ele>3647.2</ele><time>2026-04-10T15:30:11Z</time></rtept><rtept lat="37.958124" lon="-107.030445"><ele>3646.4</ele><time>2026-04-10T15:30:11Z</time></rtept><rtept lat="37.958088" lon="-107.030458"><ele>3646.4</ele><time>2026-04-10T15:30:11Z</time></rtept><rtept lat="37.958047" lon="-107.030479"><ele>3647.6</ele><time>2026-04-10T15:30:11Z</time></rtept><rtept lat="37.958011" lon="-107.0305"><ele>3647.6</ele><time>2026-04-10T15:30:11Z</time></rtept><rtept lat="37.95797" lon="-107.030515"><ele>3648.4</ele><time>2026-04-10T15:30:11Z</time></rtept><rtept lat="37.957938" lon="-107.03053"><ele>3646.0</ele><time>2026-04-10T15:30:11Z</time></rtept><rtept lat="37.957906" lon="-107.030557"><ele>3646.6</ele><time>2026-04-10T15:30:11Z</time></rtept><rtept lat="37.957874" lon="-107.030591"><ele>3646.6</ele><time>2026-04-10T15:30:11Z</time></rtept><rtept lat="37.957846" lon="-107.030605"><ele>3647.2</ele><time>2026-04-10T15:30:11Z</time></rtept><rtept lat="37.957819" lon="-107.030604"><ele>3647.2</ele><time>2026-04-10T15:30:11Z</time></rtept><rtept lat="37.957806" lon="-107.030604"><ele>3647.2</ele><time>2026-04-10T15:30:11Z</time></rtept><rtept lat="37.95777" lon="-107.030591"><ele>3648.2</ele><time>2026-04-10T15:30:11Z</time></rtept><rtept lat="37.95773" lon="-107.030574"><ele>3649.6</ele><time>2026-04-10T15:30:11Z</time></rtept><rtept lat="37.957689" lon="-107.030571"><ele>3649.6</ele><time>2026-04-10T15:30:11Z</time></rtept><rtept lat="37.957658" lon="-107.030574"><ele>3651.6</ele><time>2026-04-10T15:30:11Z</time></rtept><rtept lat="37.957644" lon="-107.030591"><ele>3651.6</ele><time>2026-04-10T15:30:11Z</time></rtept><rtept lat="37.957648" lon="-107.030619"><ele>3652.0</ele><time>2026-04-10T15:30:11Z</time></rtept><rtept lat="37.957652" lon="-107.030642"><ele>3652.0</ele><time>2026-04-10T15:30:11Z</time></rtept><rtept lat="37.957656" lon="-107.030679"><ele>3652.0</ele><time>2026-04-10T15:30:11Z</time></rtept><rtept lat="37.957651" lon="-107.030692"><ele>3652.0</ele><time>2026-04-10T15:30:11Z</time></rtept><rtept lat="37.957641" lon="-107.030732"><ele>3653.2</ele><time>2026-04-10T15:30:11Z</time></rtept><rtept lat="37.957641" lon="-107.030785"><ele>3654.2</ele><time>2026-04-10T15:30:11Z</time></rtept><rtept lat="37.95764" lon="-107.030837"><ele>3654.2</ele><time>2026-04-10T15:30:11Z</time></rtept><rtept lat="37.957634" lon="-107.030889"><ele>3654.8</ele><time>2026-04-10T15:30:11Z</time></rtept><rtept lat="37.957624" lon="-107.030942"><ele>3654.8</ele><time>2026-04-10T15:30:11Z</time></rtept><rtept lat="37.957619" lon="-107.030996"><ele>3655.0</ele><time>2026-04-10T15:30:11Z</time></rtept><rtept lat="37.957618" lon="-107.031049"><ele>3655.0</ele><time>2026-04-10T15:30:11Z</time></rtept><rtept lat="37.957607" lon="-107.03115"><ele>3654.8</ele><time>2026-04-10T15:30:11Z</time></rtept><rtept lat="37.957597" lon="-107.031199"><ele>3657.6</ele><time>2026-04-10T15:30:11Z</time></rtept><rtept lat="37.957583" lon="-107.031249"><ele>3657.2</ele><time>2026-04-10T15:30:11Z</time></rtept><rtept lat="37.957564" lon="-107.031295"><ele>3657.2</ele><time>2026-04-10T15:30:11Z</time></rtept><rtept lat="37.957491" lon="-107.031372"><ele>3658.4</ele><time>2026-04-10T15:30:11Z</time></rtept><rtept lat="37.957472" lon="-107.031392"><ele>3656.6</ele><time>2026-04-10T15:30:11Z</time></rtept><rtept lat="37.957436" lon="-107.031418"><ele>3658.8</ele><time>2026-04-10T15:30:11Z</time></rtept><rtept lat="37.957395" lon="-107.031443"><ele>3660.2</ele><time>2026-04-10T15:30:11Z</time></rtept><rtept lat="37.957358" lon="-107.031466"><ele>3660.2</ele><time>2026-04-10T15:30:11Z</time></rtept><rtept lat="37.957322" lon="-107.031487"><ele>3659.0</ele><time>2026-04-10T15:30:11Z</time></rtept><rtept lat="37.957286" lon="-107.031509"><ele>3659.0</ele><time>2026-04-10T15:30:11Z</time></rtept><rtept lat="37.957249" lon="-107.031529"><ele>3661.2</ele><time>2026-04-10T15:30:11Z</time></rtept><rtept lat="37.957217" lon="-107.031548"><ele>3661.2</ele><time>2026-04-10T15:30:11Z</time></rtept><rtept lat="37.957181" lon="-107.031559"><ele>3664.8</ele><time>2026-04-10T15:30:11Z</time></rtept><rtept lat="37.957163" lon="-107.031581"><ele>3664.8</ele><time>2026-04-10T15:30:11Z</time></rtept><rtept lat="37.957162" lon="-107.031609"><ele>3664.8</ele><time>2026-04-10T15:30:11Z</time></rtept><rtept lat="37.95718" lon="-107.031639"><ele>3664.8</ele><time>2026-04-10T15:30:11Z</time></rtept><rtept lat="37.957206" lon="-107.031672"><ele>3663.6</ele><time>2026-04-10T15:30:11Z</time></rtept><rtept lat="37.957237" lon="-107.031704"><ele>3663.6</ele><time>2026-04-10T15:30:11Z</time></rtept><rtept lat="37.957272" lon="-107.031764"><ele>3662.8</ele><time>2026-04-10T15:30:11Z</time></rtept><rtept lat="37.957285" lon="-107.031795"><ele>3662.8</ele><time>2026-04-10T15:30:11Z</time></rtept><rtept lat="37.957293" lon="-107.031851"><ele>3665.4</ele><time>2026-04-10T15:30:11Z</time></rtept><rtept lat="37.957306" lon="-107.031898"><ele>3665.4</ele><time>2026-04-10T15:30:11Z</time></rtept><rtept lat="37.957323" lon="-107.031953"><ele>3667.8</ele><time>2026-04-10T15:30:11Z</time></rtept><rtept lat="37.957336" lon="-107.032006"><ele>3666.4</ele><time>2026-04-10T15:30:11Z</time></rtept><rtept lat="37.957348" lon="-107.032057"><ele>3666.4</ele><time>2026-04-10T15:30:11Z</time></rtept><rtept lat="37.957369" lon="-107.032156"><ele>3669.0</ele><time>2026-04-10T15:30:11Z</time></rtept><rtept lat="37.957373" lon="-107.032187"><ele>3669.0</ele><time>2026-04-10T15:30:11Z</time></rtept><rtept lat="37.95739" lon="-107.032244"><ele>3669.8</ele><time>2026-04-10T15:30:11Z</time></rtept><rtept lat="37.957394" lon="-107.032285"><ele>3669.8</ele><time>2026-04-10T15:30:11Z</time></rtept><rtept lat="37.957388" lon="-107.032335"><ele>3670.2</ele><time>2026-04-10T15:30:11Z</time></rtept><rtept lat="37.957401" lon="-107.032396"><ele>3668.8</ele><time>2026-04-10T15:30:11Z</time></rtept><rtept lat="37.957382" lon="-107.032446"><ele>3670.6</ele><time>2026-04-10T15:30:11Z</time></rtept><rtept lat="37.957363" lon="-107.032493"><ele>3670.6</ele><time>2026-04-10T15:30:11Z</time></rtept><rtept lat="37.957362" lon="-107.032535"><ele>3670.0</ele><time>2026-04-10T15:30:11Z</time></rtept><rtept lat="37.957366" lon="-107.032587"><ele>3667.8</ele><time>2026-04-10T15:30:11Z</time></rtept><rtept lat="37.957361" lon="-107.03264"><ele>3667.8</ele><time>2026-04-10T15:30:11Z</time></rtept><rtept lat="37.957355" lon="-107.032686"><ele>3664.2</ele><time>2026-04-10T15:30:11Z</time></rtept><rtept lat="37.957291" lon="-107.032783"><ele>3661.2</ele><time>2026-04-10T15:30:11Z</time></rtept><rtept lat="37.957263" lon="-107.032835"><ele>3661.2</ele><time>2026-04-10T15:30:11Z</time></rtept><rtept lat="37.957253" lon="-107.03284"><ele>3662.8</ele><time>2026-04-10T15:30:11Z</time></rtept><rtept lat="37.957226" lon="-107.032849"><ele>3657.4</ele><time>2026-04-10T15:30:11Z</time></rtept><rtept lat="37.957186" lon="-107.032855"><ele>3658.4</ele><time>2026-04-10T15:30:11Z</time></rtept><rtept lat="37.95715" lon="-107.032861"><ele>3658.4</ele><time>2026-04-10T15:30:11Z</time></rtept><rtept lat="37.957109" lon="-107.032863"><ele>3659.0</ele><time>2026-04-10T15:30:11Z</time></rtept><rtept lat="37.957068" lon="-107.032862"><ele>3659.0</ele><time>2026-04-10T15:30:11Z</time></rtept><rtept lat="37.957028" lon="-107.032862"><ele>3657.6</ele><time>2026-04-10T15:30:11Z</time></rtept><rtept lat="37.956956" lon="-107.032861"><ele>3655.6</ele><time>2026-04-10T15:30:11Z</time></rtept><rtept lat="37.95692" lon="-107.032874"><ele>3653.6</ele><time>2026-04-10T15:30:11Z</time></rtept><rtept lat="37.956883" lon="-107.032887"><ele>3653.6</ele><time>2026-04-10T15:30:11Z</time></rtept><rtept lat="37.956843" lon="-107.032891"><ele>3654.0</ele><time>2026-04-10T15:30:11Z</time></rtept><rtept lat="37.956811" lon="-107.032886"><ele>3654.0</ele><time>2026-04-10T15:30:11Z</time></rtept><rtept lat="37.956784" lon="-107.032893"><ele>3655.2</ele><time>2026-04-10T15:30:11Z</time></rtept><rtept lat="37.956752" lon="-107.032903"><ele>3655.2</ele><time>2026-04-10T15:30:11Z</time></rtept><rtept lat="37.956712" lon="-107.032909"><ele>3657.4</ele><time>2026-04-10T15:30:11Z</time></rtept><rtept lat="37.956676" lon="-107.032913"><ele>3657.4</ele><time>2026-04-10T15:30:11Z</time></rtept><rtept lat="37.956648" lon="-107.032936"><ele>3657.2</ele><time>2026-04-10T15:30:11Z</time></rtept><rtept lat="37.956611" lon="-107.032975"><ele>3657.2</ele><time>2026-04-10T15:30:11Z</time></rtept><rtept lat="37.956602" lon="-107.03298"><ele>3657.2</ele><time>2026-04-10T15:30:11Z</time></rtept><rtept lat="37.956575" lon="-107.032998"><ele>3660.8</ele><time>2026-04-10T15:30:11Z</time></rtept><rtept lat="37.956539" lon="-107.033003"><ele>3660.8</ele><time>2026-04-10T15:30:11Z</time></rtept><rtept lat="37.956512" lon="-107.033015"><ele>3663.0</ele><time>2026-04-10T15:30:11Z</time></rtept><rtept lat="37.956484" lon="-107.033033"><ele>3663.0</ele><time>2026-04-10T15:30:11Z</time></rtept><rtept lat="37.956452" lon="-107.033049"><ele>3663.0</ele><time>2026-04-10T15:30:11Z</time></rtept><rtept lat="37.956425" lon="-107.033068"><ele>3667.8</ele><time>2026-04-10T15:30:11Z</time></rtept><rtept lat="37.956398" lon="-107.033093"><ele>3667.8</ele><time>2026-04-10T15:30:11Z</time></rtept><rtept lat="37.956365" lon="-107.033128"><ele>3669.6</ele><time>2026-04-10T15:30:11Z</time></rtept><rtept lat="37.956338" lon="-107.033163"><ele>3669.6</ele><time>2026-04-10T15:30:11Z</time></rtept><rtept lat="37.95631" lon="-107.033196"><ele>3671.0</ele><time>2026-04-10T15:30:11Z</time></rtept><rtept lat="37.956287" lon="-107.033228"><ele>3671.0</ele><time>2026-04-10T15:30:11Z</time></rtept><rtept lat="37.956269" lon="-107.033248"><ele>3671.0</ele><time>2026-04-10T15:30:11Z</time></rtept><rtept lat="37.956246" lon="-107.033269"><ele>3671.0</ele><time>2026-04-10T15:30:11Z</time></rtept><rtept lat="37.956214" lon="-107.033276"><ele>3672.6</ele><time>2026-04-10T15:30:11Z</time></rtept><rtept lat="37.9562" lon="-107.033294"><ele>3672.6</ele><time>2026-04-10T15:30:11Z</time></rtept><rtept lat="37.956191" lon="-107.033333"><ele>3672.6</ele><time>2026-04-10T15:30:11Z</time></rtept><rtept lat="37.956168" lon="-107.033368"><ele>3675.0</ele><time>2026-04-10T15:30:11Z</time></rtept><rtept lat="37.956136" lon="-107.033386"><ele>3675.0</ele><time>2026-04-10T15:30:11Z</time></rtept><rtept lat="37.956113" lon="-107.033408"><ele>3675.0</ele><time>2026-04-10T15:30:11Z</time></rtept><rtept lat="37.956099" lon="-107.033444"><ele>3678.4</ele><time>2026-04-10T15:30:11Z</time></rtept><rtept lat="37.956071" lon="-107.033502"><ele>3678.4</ele><time>2026-04-10T15:30:11Z</time></rtept><rtept lat="37.956048" lon="-107.033527"><ele>3678.4</ele><time>2026-04-10T15:30:11Z</time></rtept><rtept lat="37.956025" lon="-107.03356"><ele>3681.2</ele><time>2026-04-10T15:30:11Z</time></rtept><rtept lat="37.956001" lon="-107.033592"><ele>3681.2</ele><time>2026-04-10T15:30:11Z</time></rtept><rtept lat="37.955974" lon="-107.03361"><ele>3685.0</ele><time>2026-04-10T15:30:11Z</time></rtept><rtept lat="37.955955" lon="-107.033643"><ele>3683.6</ele><time>2026-04-10T15:30:11Z</time></rtept><rtept lat="37.955928" lon="-107.033674"><ele>3683.6</ele><time>2026-04-10T15:30:11Z</time></rtept><rtept lat="37.955891" lon="-107.033707"><ele>3685.2</ele><time>2026-04-10T15:30:11Z</time></rtept><rtept lat="37.955868" lon="-107.033742"><ele>3685.2</ele><time>2026-04-10T15:30:11Z</time></rtept><rtept lat="37.955845" lon="-107.033775"><ele>3685.2</ele><time>2026-04-10T15:30:11Z</time></rtept><rtept lat="37.955827" lon="-107.033809"><ele>3685.8</ele><time>2026-04-10T15:30:11Z</time></rtept><rtept lat="37.955799" lon="-107.033844"><ele>3685.8</ele><time>2026-04-10T15:30:11Z</time></rtept><rtept lat="37.955767" lon="-107.033873"><ele>3686.6</ele><time>2026-04-10T15:30:11Z</time></rtept><rtept lat="37.955739" lon="-107.033902"><ele>3686.6</ele><time>2026-04-10T15:30:11Z</time></rtept><rtept lat="37.955703" lon="-107.033926"><ele>3690.0</ele><time>2026-04-10T15:30:11Z</time></rtept><rtept lat="37.955671" lon="-107.033955"><ele>3690.0</ele><time>2026-04-10T15:30:11Z</time></rtept><rtept lat="37.955643" lon="-107.03399"><ele>3688.0</ele><time>2026-04-10T15:30:11Z</time></rtept><rtept lat="37.955615" lon="-107.034023"><ele>3691.6</ele><time>2026-04-10T15:30:11Z</time></rtept><rtept lat="37.955584" lon="-107.034051"><ele>3689.8</ele><time>2026-04-10T15:30:11Z</time></rtept><rtept lat="37.955538" lon="-107.034085"><ele>3693.2</ele><time>2026-04-10T15:30:11Z</time></rtept><rtept lat="37.955529" lon="-107.034092"><ele>3693.2</ele><time>2026-04-10T15:30:11Z</time></rtept><rtept lat="37.955497" lon="-107.034114"><ele>3697.0</ele><time>2026-04-10T15:30:11Z</time></rtept><rtept lat="37.955469" lon="-107.034135"><ele>3694.6</ele><time>2026-04-10T15:30:11Z</time></rtept><rtept lat="37.955451" lon="-107.034172"><ele>3694.6</ele><time>2026-04-10T15:30:11Z</time></rtept><rtept lat="37.955427" lon="-107.034217"><ele>3695.6</ele><time>2026-04-10T15:30:11Z</time></rtept><rtept lat="37.9554" lon="-107.034254"><ele>3695.6</ele><time>2026-04-10T15:30:11Z</time></rtept><rtept lat="37.955377" lon="-107.034293"><ele>3695.6</ele><time>2026-04-10T15:30:11Z</time></rtept><rtept lat="37.955353" lon="-107.034329"><ele>3696.8</ele><time>2026-04-10T15:30:11Z</time></rtept><rtept lat="37.955326" lon="-107.034352"><ele>3696.8</ele><time>2026-04-10T15:30:11Z</time></rtept><rtept lat="37.955303" lon="-107.034374"><ele>3696.8</ele><time>2026-04-10T15:30:11Z</time></rtept><rtept lat="37.955271" lon="-107.034399"><ele>3698.2</ele><time>2026-04-10T15:30:11Z</time></rtept><rtept lat="37.955239" lon="-107.034416"><ele>3698.2</ele><time>2026-04-10T15:30:11Z</time></rtept><rtept lat="37.955216" lon="-107.034445"><ele>3702.0</ele><time>2026-04-10T15:30:11Z</time></rtept><rtept lat="37.955184" lon="-107.034473"><ele>3702.0</ele><time>2026-04-10T15:30:11Z</time></rtept><rtept lat="37.955152" lon="-107.034485"><ele>3701.8</ele><time>2026-04-10T15:30:11Z</time></rtept><rtept lat="37.95512" lon="-107.034508"><ele>3701.8</ele><time>2026-04-10T15:30:11Z</time></rtept><rtept lat="37.955093" lon="-107.034535"><ele>3705.0</ele><time>2026-04-10T15:30:11Z</time></rtept><rtept lat="37.955066" lon="-107.034558"><ele>3705.0</ele><time>2026-04-10T15:30:11Z</time></rtept><rtept lat="37.955029" lon="-107.034583"><ele>3701.0</ele><time>2026-04-10T15:30:11Z</time></rtept><rtept lat="37.955002" lon="-107.034602"><ele>3704.2</ele><time>2026-04-10T15:30:11Z</time></rtept><rtept lat="37.954974" lon="-107.034634"><ele>3704.2</ele><time>2026-04-10T15:30:11Z</time></rtept><rtept lat="37.954947" lon="-107.034667"><ele>3704.2</ele><time>2026-04-10T15:30:11Z</time></rtept><rtept lat="37.95491" lon="-107.034693"><ele>3704.2</ele><time>2026-04-10T15:30:11Z</time></rtept><rtept lat="37.954882" lon="-107.034727"><ele>3708.0</ele><time>2026-04-10T15:30:11Z</time></rtept><rtept lat="37.954864" lon="-107.034763"><ele>3706.2</ele><time>2026-04-10T15:30:11Z</time></rtept><rtept lat="37.954836" lon="-107.034805"><ele>3706.2</ele><time>2026-04-10T15:30:11Z</time></rtept><rtept lat="37.954809" lon="-107.034831"><ele>3707.2</ele><time>2026-04-10T15:30:11Z</time></rtept><rtept lat="37.954777" lon="-107.03484"><ele>3707.2</ele><time>2026-04-10T15:30:11Z</time></rtept><rtept lat="37.954741" lon="-107.034857"><ele>3710.2</ele><time>2026-04-10T15:30:11Z</time></rtept><rtept lat="37.9547" lon="-107.034867"><ele>3710.2</ele><time>2026-04-10T15:30:11Z</time></rtept><rtept lat="37.954668" lon="-107.034873"><ele>3712.8</ele><time>2026-04-10T15:30:11Z</time></rtept><rtept lat="37.954632" lon="-107.034868"><ele>3712.8</ele><time>2026-04-10T15:30:11Z</time></rtept><rtept lat="37.954596" lon="-107.034873"><ele>3715.2</ele><time>2026-04-10T15:30:11Z</time></rtept><rtept lat="37.954573" lon="-107.034904"><ele>3712.0</ele><time>2026-04-10T15:30:11Z</time></rtept><rtept lat="37.95455" lon="-107.034947"><ele>3714.8</ele><time>2026-04-10T15:30:11Z</time></rtept><rtept lat="37.954527" lon="-107.034981"><ele>3714.8</ele><time>2026-04-10T15:30:11Z</time></rtept><rtept lat="37.954494" lon="-107.035009"><ele>3712.2</ele><time>2026-04-10T15:30:11Z</time></rtept><rtept lat="37.954467" lon="-107.035025"><ele>3716.0</ele><time>2026-04-10T15:30:11Z</time></rtept><rtept lat="37.954445" lon="-107.035033"><ele>3716.0</ele><time>2026-04-10T15:30:11Z</time></rtept><rtept lat="37.954408" lon="-107.035045"><ele>3719.6</ele><time>2026-04-10T15:30:11Z</time></rtept><rtept lat="37.954372" lon="-107.035065"><ele>3719.6</ele><time>2026-04-10T15:30:11Z</time></rtept><rtept lat="37.954336" lon="-107.035068"><ele>3722.8</ele><time>2026-04-10T15:30:11Z</time></rtept><rtept lat="37.954304" lon="-107.035077"><ele>3721.6</ele><time>2026-04-10T15:30:11Z</time></rtept><rtept lat="37.954272" lon="-107.035102"><ele>3724.2</ele><time>2026-04-10T15:30:11Z</time></rtept><rtept lat="37.954236" lon="-107.035117"><ele>3724.2</ele><time>2026-04-10T15:30:11Z</time></rtept><rtept lat="37.954208" lon="-107.035131"><ele>3726.6</ele><time>2026-04-10T15:30:11Z</time></rtept><rtept lat="37.954172" lon="-107.035147"><ele>3726.6</ele><time>2026-04-10T15:30:11Z</time></rtept><rtept lat="37.95414" lon="-107.035159"><ele>3728.4</ele><time>2026-04-10T15:30:11Z</time></rtept><rtept lat="37.954118" lon="-107.035185"><ele>3727.0</ele><time>2026-04-10T15:30:11Z</time></rtept><rtept lat="37.954095" lon="-107.035217"><ele>3727.0</ele><time>2026-04-10T15:30:11Z</time></rtept><rtept lat="37.954063" lon="-107.035235"><ele>3728.6</ele><time>2026-04-10T15:30:11Z</time></rtept><rtept lat="37.954003" lon="-107.035292"><ele>3729.6</ele><time>2026-04-10T15:30:11Z</time></rtept><rtept lat="37.953989" lon="-107.035319"><ele>3729.6</ele><time>2026-04-10T15:30:11Z</time></rtept><rtept lat="37.95397" lon="-107.035369"><ele>3729.6</ele><time>2026-04-10T15:30:11Z</time></rtept><rtept lat="37.953956" lon="-107.035421"><ele>3729.6</ele><time>2026-04-10T15:30:11Z</time></rtept><rtept lat="37.953946" lon="-107.03547"><ele>3729.6</ele><time>2026-04-10T15:30:11Z</time></rtept><rtept lat="37.95394" lon="-107.03552"><ele>3733.2</ele><time>2026-04-10T15:30:11Z</time></rtept><rtept lat="37.953944" lon="-107.035571"><ele>3729.8</ele><time>2026-04-10T15:30:11Z</time></rtept><rtept lat="37.953948" lon="-107.035621"><ele>3730.0</ele><time>2026-04-10T15:30:11Z</time></rtept><rtept lat="37.953947" lon="-107.035672"><ele>3730.0</ele><time>2026-04-10T15:30:11Z</time></rtept><rtept lat="37.953946" lon="-107.035725"><ele>3730.4</ele><time>2026-04-10T15:30:11Z</time></rtept><rtept lat="37.953945" lon="-107.035776"><ele>3731.2</ele><time>2026-04-10T15:30:11Z</time></rtept><rtept lat="37.953944" lon="-107.035826"><ele>3731.2</ele><time>2026-04-10T15:30:11Z</time></rtept><rtept lat="37.953939" lon="-107.035875"><ele>3734.0</ele><time>2026-04-10T15:30:11Z</time></rtept><rtept lat="37.953929" lon="-107.035926"><ele>3734.0</ele><time>2026-04-10T15:30:11Z</time></rtept><rtept lat="37.953928" lon="-107.035981"><ele>3734.6</ele><time>2026-04-10T15:30:11Z</time></rtept><rtept lat="37.95376" lon="-107.03608"><ele>3734.8</ele><time>2026-04-10T15:30:11Z</time></rtept><rtept lat="37.953719" lon="-107.036081"><ele>3734.2</ele><time>2026-04-10T15:30:11Z</time></rtept><rtept lat="37.953674" lon="-107.036081"><ele>3734.2</ele><time>2026-04-10T15:30:11Z</time></rtept><rtept lat="37.953629" lon="-107.036081"><ele>3733.4</ele><time>2026-04-10T15:30:11Z</time></rtept><rtept lat="37.953584" lon="-107.036077"><ele>3732.0</ele><time>2026-04-10T15:30:11Z</time></rtept><rtept lat="37.953539" lon="-107.036077"><ele>3732.0</ele><time>2026-04-10T15:30:11Z</time></rtept><rtept lat="37.953498" lon="-107.036072"><ele>3731.4</ele><time>2026-04-10T15:30:11Z</time></rtept><rtept lat="37.953453" lon="-107.036065"><ele>3730.8</ele><time>2026-04-10T15:30:11Z</time></rtept><rtept lat="37.953408" lon="-107.036061"><ele>3730.8</ele><time>2026-04-10T15:30:11Z</time></rtept><rtept lat="37.953368" lon="-107.036067"><ele>3730.6</ele><time>2026-04-10T15:30:11Z</time></rtept><rtept lat="37.953327" lon="-107.036067"><ele>3730.4</ele><time>2026-04-10T15:30:11Z</time></rtept><rtept lat="37.953305" lon="-107.036064"><ele>3730.4</ele><time>2026-04-10T15:30:11Z</time></rtept><rtept lat="37.95326" lon="-107.036068"><ele>3730.2</ele><time>2026-04-10T15:30:11Z</time></rtept><rtept lat="37.953219" lon="-107.036066"><ele>3730.2</ele><time>2026-04-10T15:30:11Z</time></rtept><rtept lat="37.953174" lon="-107.036061"><ele>3730.2</ele><time>2026-04-10T15:30:11Z</time></rtept><rtept lat="37.953134" lon="-107.036059"><ele>3730.2</ele><time>2026-04-10T15:30:11Z</time></rtept><rtept lat="37.953066" lon="-107.036064"><ele>3730.4</ele><time>2026-04-10T15:30:11Z</time></rtept><rtept lat="37.953025" lon="-107.036074"><ele>3730.6</ele><time>2026-04-10T15:30:11Z</time></rtept><rtept lat="37.952985" lon="-107.036081"><ele>3731.0</ele><time>2026-04-10T15:30:11Z</time></rtept><rtept lat="37.95294" lon="-107.036083"><ele>3731.0</ele><time>2026-04-10T15:30:11Z</time></rtept><rtept lat="37.952899" lon="-107.036084"><ele>3731.6</ele><time>2026-04-10T15:30:11Z</time></rtept><rtept lat="37.952854" lon="-107.036093"><ele>3732.2</ele><time>2026-04-10T15:30:11Z</time></rtept><rtept lat="37.952813" lon="-107.036107"><ele>3729.6</ele><time>2026-04-10T15:30:11Z</time></rtept><rtept lat="37.952772" lon="-107.036124"><ele>3730.0</ele><time>2026-04-10T15:30:11Z</time></rtept><rtept lat="37.952732" lon="-107.036127"><ele>3730.0</ele><time>2026-04-10T15:30:11Z</time></rtept><rtept lat="37.95265" lon="-107.03614"><ele>3730.6</ele><time>2026-04-10T15:30:11Z</time></rtept><rtept lat="37.952623" lon="-107.036147"><ele>3730.6</ele><time>2026-04-10T15:30:11Z</time></rtept><rtept lat="37.952582" lon="-107.036152"><ele>3731.4</ele><time>2026-04-10T15:30:11Z</time></rtept><rtept lat="37.952542" lon="-107.03616"><ele>3731.4</ele><time>2026-04-10T15:30:11Z</time></rtept><rtept lat="37.952501" lon="-107.03616"><ele>3731.6</ele><time>2026-04-10T15:30:11Z</time></rtept><rtept lat="37.952465" lon="-107.036143"><ele>3731.6</ele><time>2026-04-10T15:30:11Z</time></rtept><rtept lat="37.95243" lon="-107.036118"><ele>3732.8</ele><time>2026-04-10T15:30:11Z</time></rtept><rtept lat="37.952399" lon="-107.036095"><ele>3735.4</ele><time>2026-04-10T15:30:11Z</time></rtept><rtept lat="37.952372" lon="-107.036092"><ele>3737.6</ele><time>2026-04-10T15:30:11Z</time></rtept><rtept lat="37.952362" lon="-107.036128"><ele>3735.2</ele><time>2026-04-10T15:30:11Z</time></rtept><rtept lat="37.952348" lon="-107.036169"><ele>3735.2</ele><time>2026-04-10T15:30:11Z</time></rtept><rtept lat="37.952333" lon="-107.036217"><ele>3734.0</ele><time>2026-04-10T15:30:11Z</time></rtept><rtept lat="37.952319" lon="-107.036266"><ele>3737.2</ele><time>2026-04-10T15:30:11Z</time></rtept><rtept lat="37.952286" lon="-107.036376"><ele>3735.2</ele><time>2026-04-10T15:30:11Z</time></rtept><rtept lat="37.952272" lon="-107.036404"><ele>3735.2</ele><time>2026-04-10T15:30:11Z</time></rtept><rtept lat="37.952253" lon="-107.036449"><ele>3734.0</ele><time>2026-04-10T15:30:11Z</time></rtept><rtept lat="37.952229" lon="-107.036497"><ele>3736.6</ele><time>2026-04-10T15:30:11Z</time></rtept><rtept lat="37.952202" lon="-107.03654"><ele>3735.2</ele><time>2026-04-10T15:30:11Z</time></rtept><rtept lat="37.952174" lon="-107.036584"><ele>3737.8</ele><time>2026-04-10T15:30:11Z</time></rtept><rtept lat="37.952151" lon="-107.036627"><ele>3736.2</ele><time>2026-04-10T15:30:11Z</time></rtept><rtept lat="37.952091" lon="-107.036704"><ele>3738.6</ele><time>2026-04-10T15:30:11Z</time></rtept><rtept lat="37.952086" lon="-107.036718"><ele>3737.0</ele><time>2026-04-10T15:30:11Z</time></rtept><rtept lat="37.952058" lon="-107.03676"><ele>3737.0</ele><time>2026-04-10T15:30:11Z</time></rtept><rtept lat="37.952035" lon="-107.036794"><ele>3737.0</ele><time>2026-04-10T15:30:11Z</time></rtept><rtept lat="37.952003" lon="-107.036825"><ele>3737.0</ele><time>2026-04-10T15:30:11Z</time></rtept><rtept lat="37.95198" lon="-107.036866"><ele>3739.2</ele><time>2026-04-10T15:30:11Z</time></rtept><rtept lat="37.951952" lon="-107.036903"><ele>3737.2</ele><time>2026-04-10T15:30:11Z</time></rtept><rtept lat="37.95192" lon="-107.036942"><ele>3737.2</ele><time>2026-04-10T15:30:11Z</time></rtept><rtept lat="37.951888" lon="-107.03697"><ele>3737.6</ele><time>2026-04-10T15:30:11Z</time></rtept><rtept lat="37.95186" lon="-107.037002"><ele>3737.6</ele><time>2026-04-10T15:30:11Z</time></rtept><rtept lat="37.951846" lon="-107.037055"><ele>3735.6</ele><time>2026-04-10T15:30:11Z</time></rtept><rtept lat="37.951818" lon="-107.037093"><ele>3739.4</ele><time>2026-04-10T15:30:11Z</time></rtept><rtept lat="37.951782" lon="-107.037106"><ele>3739.4</ele><time>2026-04-10T15:30:11Z</time></rtept><rtept lat="37.951745" lon="-107.037124"><ele>3743.4</ele><time>2026-04-10T15:30:11Z</time></rtept><rtept lat="37.951722" lon="-107.037163"><ele>3741.6</ele><time>2026-04-10T15:30:11Z</time></rtept><rtept lat="37.951708" lon="-107.037213"><ele>3745.4</ele><time>2026-04-10T15:30:11Z</time></rtept><rtept lat="37.951689" lon="-107.037263"><ele>3743.0</ele><time>2026-04-10T15:30:11Z</time></rtept><rtept lat="37.95167" lon="-107.037307"><ele>3740.8</ele><time>2026-04-10T15:30:11Z</time></rtept><rtept lat="37.951638" lon="-107.03734"><ele>3744.2</ele><time>2026-04-10T15:30:11Z</time></rtept><rtept lat="37.951602" lon="-107.037372"><ele>3744.2</ele><time>2026-04-10T15:30:11Z</time></rtept><rtept lat="37.951569" lon="-107.037398"><ele>3745.0</ele><time>2026-04-10T15:30:11Z</time></rtept><rtept lat="37.951546" lon="-107.037437"><ele>3745.0</ele><time>2026-04-10T15:30:11Z</time></rtept><rtept lat="37.951514" lon="-107.037471"><ele>3745.0</ele><time>2026-04-10T15:30:11Z</time></rtept><rtept lat="37.951478" lon="-107.03749"><ele>3746.6</ele><time>2026-04-10T15:30:11Z</time></rtept><rtept lat="37.951446" lon="-107.037521"><ele>3746.6</ele><time>2026-04-10T15:30:11Z</time></rtept><rtept lat="37.951412" lon="-107.037632"><ele>3748.4</ele><time>2026-04-10T15:30:11Z</time></rtept><rtept lat="37.951402" lon="-107.037676"><ele>3747.0</ele><time>2026-04-10T15:30:11Z</time></rtept><rtept lat="37.951397" lon="-107.037725"><ele>3747.0</ele><time>2026-04-10T15:30:11Z</time></rtept><rtept lat="37.951392" lon="-107.037765"><ele>3745.8</ele><time>2026-04-10T15:30:11Z</time></rtept><rtept lat="37.951387" lon="-107.037811"><ele>3745.8</ele><time>2026-04-10T15:30:11Z</time></rtept><rtept lat="37.951381" lon="-107.037856"><ele>3744.6</ele><time>2026-04-10T15:30:11Z</time></rtept><rtept lat="37.951372" lon="-107.037898"><ele>3744.6</ele><time>2026-04-10T15:30:11Z</time></rtept><rtept lat="37.951366" lon="-107.037938"><ele>3746.8</ele><time>2026-04-10T15:30:11Z</time></rtept><rtept lat="37.951366" lon="-107.037985"><ele>3746.8</ele><time>2026-04-10T15:30:11Z</time></rtept><rtept lat="37.951369" lon="-107.038032"><ele>3746.2</ele><time>2026-04-10T15:30:11Z</time></rtept><rtept lat="37.951369" lon="-107.038083"><ele>3745.8</ele><time>2026-04-10T15:30:11Z</time></rtept><rtept lat="37.951358" lon="-107.038135"><ele>3745.8</ele><time>2026-04-10T15:30:11Z</time></rtept><rtept lat="37.951348" lon="-107.03819"><ele>3745.4</ele><time>2026-04-10T15:30:11Z</time></rtept><rtept lat="37.951339" lon="-107.038241"><ele>3745.4</ele><time>2026-04-10T15:30:11Z</time></rtept><rtept lat="37.951325" lon="-107.038282"><ele>3745.2</ele><time>2026-04-10T15:30:11Z</time></rtept><rtept lat="37.951314" lon="-107.038332"><ele>3745.2</ele><time>2026-04-10T15:30:11Z</time></rtept><rtept lat="37.951309" lon="-107.038382"><ele>3745.2</ele><time>2026-04-10T15:30:11Z</time></rtept><rtept lat="37.951304" lon="-107.038429"><ele>3749.0</ele><time>2026-04-10T15:30:11Z</time></rtept><rtept lat="37.951298" lon="-107.038483"><ele>3749.0</ele><time>2026-04-10T15:30:11Z</time></rtept><rtept lat="37.951293" lon="-107.038537"><ele>3748.8</ele><time>2026-04-10T15:30:11Z</time></rtept><rtept lat="37.951283" lon="-107.038592"><ele>3748.8</ele><time>2026-04-10T15:30:11Z</time></rtept><rtept lat="37.951282" lon="-107.038642"><ele>3748.8</ele><time>2026-04-10T15:30:11Z</time></rtept><rtept lat="37.951286" lon="-107.038693"><ele>3748.4</ele><time>2026-04-10T15:30:11Z</time></rtept><rtept lat="37.951289" lon="-107.038747"><ele>3748.4</ele><time>2026-04-10T15:30:11Z</time></rtept><rtept lat="37.951293" lon="-107.038798"><ele>3748.2</ele><time>2026-04-10T15:30:11Z</time></rtept><rtept lat="37.951301" lon="-107.038852"><ele>3748.0</ele><time>2026-04-10T15:30:11Z</time></rtept><rtept lat="37.951304" lon="-107.038906"><ele>3748.0</ele><time>2026-04-10T15:30:11Z</time></rtept><rtept lat="37.951295" lon="-107.038954"><ele>3747.8</ele><time>2026-04-10T15:30:11Z</time></rtept><rtept lat="37.951285" lon="-107.038997"><ele>3747.8</ele><time>2026-04-10T15:30:11Z</time></rtept><rtept lat="37.95128" lon="-107.039013"><ele>3747.8</ele><time>2026-04-10T15:30:11Z</time></rtept><rtept lat="37.95127" lon="-107.039064"><ele>3747.4</ele><time>2026-04-10T15:30:11Z</time></rtept><rtept lat="37.951256" lon="-107.039117"><ele>3746.8</ele><time>2026-04-10T15:30:11Z</time></rtept><rtept lat="37.951246" lon="-107.039171"><ele>3746.8</ele><time>2026-04-10T15:30:11Z</time></rtept><rtept lat="37.951231" lon="-107.039222"><ele>3748.8</ele><time>2026-04-10T15:30:11Z</time></rtept><rtept lat="37.951217" lon="-107.039272"><ele>3748.8</ele><time>2026-04-10T15:30:11Z</time></rtept><rtept lat="37.951198" lon="-107.039324"><ele>3748.2</ele><time>2026-04-10T15:30:11Z</time></rtept><rtept lat="37.951188" lon="-107.039373"><ele>3747.8</ele><time>2026-04-10T15:30:11Z</time></rtept><rtept lat="37.951183" lon="-107.039427"><ele>3747.8</ele><time>2026-04-10T15:30:11Z</time></rtept><rtept lat="37.951186" lon="-107.039479"><ele>3747.6</ele><time>2026-04-10T15:30:11Z</time></rtept><rtept lat="37.951176" lon="-107.039535"><ele>3747.6</ele><time>2026-04-10T15:30:11Z</time></rtept><rtept lat="37.951162" lon="-107.039587"><ele>3749.4</ele><time>2026-04-10T15:30:11Z</time></rtept><rtept lat="37.951157" lon="-107.039637"><ele>3749.2</ele><time>2026-04-10T15:30:11Z</time></rtept><rtept lat="37.951142" lon="-107.039695"><ele>3749.2</ele><time>2026-04-10T15:30:11Z</time></rtept><rtept lat="37.951132" lon="-107.039745"><ele>3749.0</ele><time>2026-04-10T15:30:11Z</time></rtept><rtept lat="37.951131" lon="-107.039795"><ele>3748.6</ele><time>2026-04-10T15:30:11Z</time></rtept><rtept lat="37.951113" lon="-107.039838"><ele>3748.6</ele><time>2026-04-10T15:30:11Z</time></rtept><rtept lat="37.951098" lon="-107.039886"><ele>3749.8</ele><time>2026-04-10T15:30:11Z</time></rtept><rtept lat="37.951079" lon="-107.039932"><ele>3749.8</ele><time>2026-04-10T15:30:11Z</time></rtept><rtept lat="37.951061" lon="-107.039975"><ele>3749.4</ele><time>2026-04-10T15:30:11Z</time></rtept><rtept lat="37.951042" lon="-107.04002"><ele>3749.4</ele><time>2026-04-10T15:30:11Z</time></rtept><rtept lat="37.951019" lon="-107.040059"><ele>3750.2</ele><time>2026-04-10T15:30:11Z</time></rtept><rtept lat="37.950987" lon="-107.040096"><ele>3750.2</ele><time>2026-04-10T15:30:11Z</time></rtept><rtept lat="37.950959" lon="-107.040138"><ele>3751.4</ele><time>2026-04-10T15:30:11Z</time></rtept><rtept lat="37.950927" lon="-107.040167"><ele>3750.8</ele><time>2026-04-10T15:30:11Z</time></rtept><rtept lat="37.950899" lon="-107.04021"><ele>3750.8</ele><time>2026-04-10T15:30:11Z</time></rtept><rtept lat="37.95088" lon="-107.040252"><ele>3751.2</ele><time>2026-04-10T15:30:11Z</time></rtept><rtept lat="37.950844" lon="-107.040275"><ele>3751.2</ele><time>2026-04-10T15:30:11Z</time></rtept><rtept lat="37.95078" lon="-107.040313"><ele>3751.6</ele><time>2026-04-10T15:30:11Z</time></rtept><rtept lat="37.950762" lon="-107.040331"><ele>3752.6</ele><time>2026-04-10T15:30:11Z</time></rtept><rtept lat="37.950725" lon="-107.040357"><ele>3752.6</ele><time>2026-04-10T15:30:11Z</time></rtept><rtept lat="37.950689" lon="-107.040384"><ele>3753.8</ele><time>2026-04-10T15:30:11Z</time></rtept><rtept lat="37.950661" lon="-107.040412"><ele>3753.0</ele><time>2026-04-10T15:30:11Z</time></rtept><rtept lat="37.950629" lon="-107.040434"><ele>3753.0</ele><time>2026-04-10T15:30:11Z</time></rtept><rtept lat="37.950597" lon="-107.040462"><ele>3754.0</ele><time>2026-04-10T15:30:11Z</time></rtept><rtept lat="37.950561" lon="-107.040489"><ele>3753.2</ele><time>2026-04-10T15:30:11Z</time></rtept><rtept lat="37.950524" lon="-107.040511"><ele>3754.2</ele><time>2026-04-10T15:30:11Z</time></rtept><rtept lat="37.950492" lon="-107.040539"><ele>3755.2</ele><time>2026-04-10T15:30:11Z</time></rtept><rtept lat="37.95046" lon="-107.040576"><ele>3754.4</ele><time>2026-04-10T15:30:11Z</time></rtept><rtept lat="37.950428" lon="-107.040605"><ele>3754.4</ele><time>2026-04-10T15:30:11Z</time></rtept><rtept lat="37.950396" lon="-107.04064"><ele>3755.4</ele><time>2026-04-10T15:30:11Z</time></rtept><rtept lat="37.950364" lon="-107.040663"><ele>3754.8</ele><time>2026-04-10T15:30:11Z</time></rtept><rtept lat="37.950328" lon="-107.040685"><ele>3755.8</ele><time>2026-04-10T15:30:11Z</time></rtept><rtept lat="37.950291" lon="-107.040699"><ele>3755.8</ele><time>2026-04-10T15:30:11Z</time></rtept><rtept lat="37.950259" lon="-107.040714"><ele>3756.8</ele><time>2026-04-10T15:30:11Z</time></rtept><rtept lat="37.950223" lon="-107.040728"><ele>3756.8</ele><time>2026-04-10T15:30:11Z</time></rtept><rtept lat="37.950187" lon="-107.040746"><ele>3757.4</ele><time>2026-04-10T15:30:11Z</time></rtept><rtept lat="37.95015" lon="-107.040768"><ele>3758.6</ele><time>2026-04-10T15:30:11Z</time></rtept><rtept lat="37.950114" lon="-107.040788"><ele>3758.6</ele><time>2026-04-10T15:30:11Z</time></rtept><rtept lat="37.950077" lon="-107.04081"><ele>3759.8</ele><time>2026-04-10T15:30:11Z</time></rtept><rtept lat="37.950037" lon="-107.040822"><ele>3759.8</ele><time>2026-04-10T15:30:11Z</time></rtept><rtept lat="37.950005" lon="-107.040847"><ele>3760.2</ele><time>2026-04-10T15:30:11Z</time></rtept><rtept lat="37.949973" lon="-107.040878"><ele>3760.2</ele><time>2026-04-10T15:30:11Z</time></rtept><rtept lat="37.949945" lon="-107.040919"><ele>3760.8</ele><time>2026-04-10T15:30:11Z</time></rtept><rtept lat="37.949935" lon="-107.040948"><ele>3760.8</ele><time>2026-04-10T15:30:11Z</time></rtept><rtept lat="37.949917" lon="-107.040998"><ele>3760.0</ele><time>2026-04-10T15:30:11Z</time></rtept><rtept lat="37.949889" lon="-107.041038"><ele>3760.0</ele><time>2026-04-10T15:30:11Z</time></rtept><rtept lat="37.94987" lon="-107.041077"><ele>3761.2</ele><time>2026-04-10T15:30:11Z</time></rtept><rtept lat="37.949856" lon="-107.041131"><ele>3760.4</ele><time>2026-04-10T15:30:11Z</time></rtept><rtept lat="37.949856" lon="-107.041131"><ele>3760.4</ele><time>2026-04-10T15:30:11Z</time></rtept><rtept lat="37.949856" lon="-107.041131"><ele>3760.4</ele><time>2026-04-10T15:30:11Z</time></rtept><rtept lat="37.949823" lon="-107.041172"><ele>3759.6</ele><time>2026-04-10T15:30:11Z</time></rtept><rtept lat="37.949791" lon="-107.041204"><ele>3760.8</ele><time>2026-04-10T15:30:11Z</time></rtept><rtept lat="37.949764" lon="-107.04124"><ele>3760.8</ele><time>2026-04-10T15:30:11Z</time></rtept><rtept lat="37.949745" lon="-107.041275"><ele>3761.4</ele><time>2026-04-10T15:30:11Z</time></rtept><rtept lat="37.949735" lon="-107.04133"><ele>3761.4</ele><time>2026-04-10T15:30:11Z</time></rtept><rtept lat="37.949725" lon="-107.041377"><ele>3760.8</ele><time>2026-04-10T15:30:11Z</time></rtept><rtept lat="37.949702" lon="-107.041423"><ele>3760.8</ele><time>2026-04-10T15:30:11Z</time></rtept><rtept lat="37.949674" lon="-107.041448"><ele>3761.4</ele><time>2026-04-10T15:30:11Z</time></rtept><rtept lat="37.94966" lon="-107.041477"><ele>3761.4</ele><time>2026-04-10T15:30:11Z</time></rtept><rtept lat="37.949656" lon="-107.041492"><ele>3761.4</ele><time>2026-04-10T15:30:11Z</time></rtept><rtept lat="37.94965" lon="-107.041544"><ele>3760.8</ele><time>2026-04-10T15:30:11Z</time></rtept><rtept lat="37.949654" lon="-107.0416"><ele>3760.4</ele><time>2026-04-10T15:30:11Z</time></rtept><rtept lat="37.949657" lon="-107.041652"><ele>3760.4</ele><time>2026-04-10T15:30:11Z</time></rtept><rtept lat="37.949647" lon="-107.041704"><ele>3760.0</ele><time>2026-04-10T15:30:11Z</time></rtept><rtept lat="37.949633" lon="-107.041749"><ele>3760.0</ele><time>2026-04-10T15:30:11Z</time></rtept><rtept lat="37.949623" lon="-107.041792"><ele>3759.6</ele><time>2026-04-10T15:30:11Z</time></rtept><rtept lat="37.949622" lon="-107.041844"><ele>3759.6</ele><time>2026-04-10T15:30:11Z</time></rtept><rtept lat="37.949626" lon="-107.041903"><ele>3759.0</ele><time>2026-04-10T15:30:11Z</time></rtept><rtept lat="37.949612" lon="-107.041952"><ele>3759.4</ele><time>2026-04-10T15:30:11Z</time></rtept><rtept lat="37.949593" lon="-107.041995"><ele>3759.4</ele><time>2026-04-10T15:30:11Z</time></rtept><rtept lat="37.949583" lon="-107.042031"><ele>3759.0</ele><time>2026-04-10T15:30:11Z</time></rtept><rtept lat="37.949587" lon="-107.042059"><ele>3759.0</ele><time>2026-04-10T15:30:11Z</time></rtept><rtept lat="37.949596" lon="-107.042102"><ele>3759.0</ele><time>2026-04-10T15:30:11Z</time></rtept><rtept lat="37.949608" lon="-107.042151"><ele>3758.6</ele><time>2026-04-10T15:30:11Z</time></rtept><rtept lat="37.949602" lon="-107.042246"><ele>3758.2</ele><time>2026-04-10T15:30:11Z</time></rtept><rtept lat="37.949597" lon="-107.042261"><ele>3758.2</ele><time>2026-04-10T15:30:11Z</time></rtept><rtept lat="37.949597" lon="-107.042271"><ele>3758.2</ele><time>2026-04-10T15:30:11Z</time></rtept><rtept lat="37.949588" lon="-107.042276"><ele>3758.2</ele><time>2026-04-10T15:30:11Z</time></rtept><rtept lat="37.949579" lon="-107.042287"><ele>3758.0</ele><time>2026-04-10T15:30:11Z</time></rtept><rtept lat="37.949556" lon="-107.042325"><ele>3758.0</ele><time>2026-04-10T15:30:11Z</time></rtept><rtept lat="37.949533" lon="-107.042353"><ele>3759.0</ele><time>2026-04-10T15:30:11Z</time></rtept><rtept lat="37.949527" lon="-107.042385"><ele>3758.8</ele><time>2026-04-10T15:30:11Z</time></rtept><rtept lat="37.949518" lon="-107.042426"><ele>3758.8</ele><time>2026-04-10T15:30:11Z</time></rtept><rtept lat="37.949513" lon="-107.04246"><ele>3758.6</ele><time>2026-04-10T15:30:11Z</time></rtept><rtept lat="37.949503" lon="-107.042511"><ele>3758.6</ele><time>2026-04-10T15:30:11Z</time></rtept><rtept lat="37.949497" lon="-107.042563"><ele>3758.6</ele><time>2026-04-10T15:30:11Z</time></rtept><rtept lat="37.949478" lon="-107.042621"><ele>3758.6</ele><time>2026-04-10T15:30:11Z</time></rtept><rtept lat="37.949469" lon="-107.042659"><ele>3759.6</ele><time>2026-04-10T15:30:11Z</time></rtept><rtept lat="37.949464" lon="-107.042672"><ele>3759.6</ele><time>2026-04-10T15:30:11Z</time></rtept><rtept lat="37.949459" lon="-107.04271"><ele>3759.6</ele><time>2026-04-10T15:30:11Z</time></rtept><rtept lat="37.949454" lon="-107.04273"><ele>3759.4</ele><time>2026-04-10T15:30:11Z</time></rtept><rtept lat="37.949453" lon="-107.042769"><ele>3759.4</ele><time>2026-04-10T15:30:11Z</time></rtept><rtept lat="37.949448" lon="-107.042811"><ele>3759.4</ele><time>2026-04-10T15:30:11Z</time></rtept><rtept lat="37.949452" lon="-107.042855"><ele>3759.4</ele><time>2026-04-10T15:30:11Z</time></rtept><rtept lat="37.949451" lon="-107.042899"><ele>3759.4</ele><time>2026-04-10T15:30:11Z</time></rtept><rtept lat="37.94945" lon="-107.042942"><ele>3759.4</ele><time>2026-04-10T15:30:11Z</time></rtept><rtept lat="37.949445" lon="-107.042987"><ele>3759.4</ele><time>2026-04-10T15:30:11Z</time></rtept><rtept lat="37.949444" lon="-107.043029"><ele>3759.4</ele><time>2026-04-10T15:30:11Z</time></rtept><rtept lat="37.949448" lon="-107.043065"><ele>3759.2</ele><time>2026-04-10T15:30:11Z</time></rtept><rtept lat="37.949448" lon="-107.043084"><ele>3759.2</ele><time>2026-04-10T15:30:11Z</time></rtept><rtept lat="37.949447" lon="-107.043124"><ele>3759.2</ele><time>2026-04-10T15:30:11Z</time></rtept><rtept lat="37.949442" lon="-107.043165"><ele>3759.2</ele><time>2026-04-10T15:30:11Z</time></rtept><rtept lat="37.949432" lon="-107.043206"><ele>3759.2</ele><time>2026-04-10T15:30:11Z</time></rtept><rtept lat="37.949436" lon="-107.043248"><ele>3759.0</ele><time>2026-04-10T15:30:11Z</time></rtept><rtept lat="37.94944" lon="-107.043291"><ele>3759.0</ele><time>2026-04-10T15:30:11Z</time></rtept><rtept lat="37.949439" lon="-107.043334"><ele>3759.0</ele><time>2026-04-10T15:30:11Z</time></rtept><rtept lat="37.949434" lon="-107.043374"><ele>3759.0</ele><time>2026-04-10T15:30:11Z</time></rtept><rtept lat="37.949438" lon="-107.043395"><ele>3759.0</ele><time>2026-04-10T15:30:11Z</time></rtept><rtept lat="37.949437" lon="-107.043433"><ele>3759.0</ele><time>2026-04-10T15:30:11Z</time></rtept><rtept lat="37.949441" lon="-107.043472"><ele>3759.0</ele><time>2026-04-10T15:30:11Z</time></rtept><rtept lat="37.949445" lon="-107.043516"><ele>3759.0</ele><time>2026-04-10T15:30:11Z</time></rtept><rtept lat="37.949449" lon="-107.043558"><ele>3759.0</ele><time>2026-04-10T15:30:11Z</time></rtept><rtept lat="37.949461" lon="-107.043597"><ele>3759.0</ele><time>2026-04-10T15:30:11Z</time></rtept><rtept lat="37.949461" lon="-107.043637"><ele>3759.0</ele><time>2026-04-10T15:30:11Z</time></rtept><rtept lat="37.949469" lon="-107.043658"><ele>3759.2</ele><time>2026-04-10T15:30:11Z</time></rtept><rtept lat="37.949478" lon="-107.043697"><ele>3758.2</ele><time>2026-04-10T15:30:11Z</time></rtept><rtept lat="37.949481" lon="-107.04374"><ele>3758.2</ele><time>2026-04-10T15:30:11Z</time></rtept><rtept lat="37.94949" lon="-107.043782"><ele>3758.2</ele><time>2026-04-10T15:30:11Z</time></rtept><rtept lat="37.949503" lon="-107.043819"><ele>3758.2</ele><time>2026-04-10T15:30:11Z</time></rtept><rtept lat="37.949515" lon="-107.043859"><ele>3758.2</ele><time>2026-04-10T15:30:11Z</time></rtept><rtept lat="37.949524" lon="-107.043898"><ele>3758.2</ele><time>2026-04-10T15:30:11Z</time></rtept><rtept lat="37.949532" lon="-107.043939"><ele>3758.2</ele><time>2026-04-10T15:30:11Z</time></rtept><rtept lat="37.949541" lon="-107.043975"><ele>3758.2</ele><time>2026-04-10T15:30:11Z</time></rtept><rtept lat="37.949549" lon="-107.044007"><ele>3757.4</ele><time>2026-04-10T15:30:11Z</time></rtept><rtept lat="37.949562" lon="-107.044039"><ele>3757.4</ele><time>2026-04-10T15:30:11Z</time></rtept><rtept lat="37.94957" lon="-107.04407"><ele>3757.4</ele><time>2026-04-10T15:30:11Z</time></rtept><rtept lat="37.949579" lon="-107.044089"><ele>3757.2</ele><time>2026-04-10T15:30:11Z</time></rtept><rtept lat="37.949583" lon="-107.044126"><ele>3757.2</ele><time>2026-04-10T15:30:11Z</time></rtept><rtept lat="37.949591" lon="-107.044166"><ele>3757.2</ele><time>2026-04-10T15:30:11Z</time></rtept><rtept lat="37.949595" lon="-107.044208"><ele>3756.8</ele><time>2026-04-10T15:30:11Z</time></rtept><rtept lat="37.949599" lon="-107.044251"><ele>3756.8</ele><time>2026-04-10T15:30:11Z</time></rtept><rtept lat="37.949603" lon="-107.044293"><ele>3756.4</ele><time>2026-04-10T15:30:11Z</time></rtept><rtept lat="37.949602" lon="-107.044334"><ele>3756.4</ele><time>2026-04-10T15:30:11Z</time></rtept><rtept lat="37.949606" lon="-107.044373"><ele>3756.0</ele><time>2026-04-10T15:30:11Z</time></rtept><rtept lat="37.949614" lon="-107.044413"><ele>3755.0</ele><time>2026-04-10T15:30:11Z</time></rtept><rtept lat="37.949618" lon="-107.044453"><ele>3754.6</ele><time>2026-04-10T15:30:11Z</time></rtept><rtept lat="37.949621" lon="-107.044495"><ele>3754.6</ele><time>2026-04-10T15:30:11Z</time></rtept><rtept lat="37.949626" lon="-107.044513"><ele>3754.6</ele><time>2026-04-10T15:30:11Z</time></rtept><rtept lat="37.949634" lon="-107.044545"><ele>3754.2</ele><time>2026-04-10T15:30:11Z</time></rtept><rtept lat="37.949638" lon="-107.04458"><ele>3754.2</ele><time>2026-04-10T15:30:11Z</time></rtept><rtept lat="37.949651" lon="-107.044618"><ele>3753.4</ele><time>2026-04-10T15:30:11Z</time></rtept><rtept lat="37.949664" lon="-107.044658"><ele>3753.4</ele><time>2026-04-10T15:30:11Z</time></rtept><rtept lat="37.949681" lon="-107.044695"><ele>3752.0</ele><time>2026-04-10T15:30:11Z</time></rtept><rtept lat="37.949694" lon="-107.044733"><ele>3752.0</ele><time>2026-04-10T15:30:11Z</time></rtept><rtept lat="37.949707" lon="-107.044774"><ele>3751.6</ele><time>2026-04-10T15:30:11Z</time></rtept><rtept lat="37.94972" lon="-107.044811"><ele>3751.6</ele><time>2026-04-10T15:30:11Z</time></rtept><rtept lat="37.949737" lon="-107.044843"><ele>3751.6</ele><time>2026-04-10T15:30:11Z</time></rtept><rtept lat="37.949772" lon="-107.0449"><ele>3750.4</ele><time>2026-04-10T15:30:11Z</time></rtept><rtept lat="37.949785" lon="-107.044923"><ele>3750.4</ele><time>2026-04-10T15:30:11Z</time></rtept><rtept lat="37.949807" lon="-107.044956"><ele>3750.2</ele><time>2026-04-10T15:30:11Z</time></rtept><rtept lat="37.949825" lon="-107.04499"><ele>3749.6</ele><time>2026-04-10T15:30:11Z</time></rtept><rtept lat="37.949838" lon="-107.045027"><ele>3749.6</ele><time>2026-04-10T15:30:11Z</time></rtept><rtept lat="37.949846" lon="-107.045064"><ele>3749.4</ele><time>2026-04-10T15:30:11Z</time></rtept><rtept lat="37.949859" lon="-107.045102"><ele>3749.4</ele><time>2026-04-10T15:30:11Z</time></rtept><rtept lat="37.949867" lon="-107.045142"><ele>3749.2</ele><time>2026-04-10T15:30:11Z</time></rtept><rtept lat="37.949876" lon="-107.045179"><ele>3749.2</ele><time>2026-04-10T15:30:11Z</time></rtept><rtept lat="37.949884" lon="-107.045219"><ele>3748.6</ele><time>2026-04-10T15:30:11Z</time></rtept><rtept lat="37.949892" lon="-107.045258"><ele>3748.6</ele><time>2026-04-10T15:30:11Z</time></rtept><rtept lat="37.949905" lon="-107.0453"><ele>3748.6</ele><time>2026-04-10T15:30:11Z</time></rtept><rtept lat="37.949918" lon="-107.045335"><ele>3748.6</ele><time>2026-04-10T15:30:11Z</time></rtept><rtept lat="37.949931" lon="-107.045373"><ele>3748.6</ele><time>2026-04-10T15:30:11Z</time></rtept><rtept lat="37.949944" lon="-107.045411"><ele>3748.8</ele><time>2026-04-10T15:30:11Z</time></rtept><rtept lat="37.949956" lon="-107.045453"><ele>3748.2</ele><time>2026-04-10T15:30:11Z</time></rtept><rtept lat="37.949969" lon="-107.045491"><ele>3748.6</ele><time>2026-04-10T15:30:11Z</time></rtept><rtept lat="37.949987" lon="-107.045528"><ele>3748.6</ele><time>2026-04-10T15:30:11Z</time></rtept><rtept lat="37.949999" lon="-107.045563"><ele>3748.8</ele><time>2026-04-10T15:30:11Z</time></rtept><rtept lat="37.950057" lon="-107.045649"><ele>3748.8</ele><time>2026-04-10T15:30:11Z</time></rtept><rtept lat="37.950074" lon="-107.045667"><ele>3748.8</ele><time>2026-04-10T15:30:11Z</time></rtept><rtept lat="37.950101" lon="-107.045697"><ele>3748.4</ele><time>2026-04-10T15:30:11Z</time></rtept><rtept lat="37.950127" lon="-107.045731"><ele>3748.8</ele><time>2026-04-10T15:30:11Z</time></rtept><rtept lat="37.950154" lon="-107.045759"><ele>3748.4</ele><time>2026-04-10T15:30:11Z</time></rtept><rtept lat="37.950185" lon="-107.045786"><ele>3748.4</ele><time>2026-04-10T15:30:11Z</time></rtept><rtept lat="37.950211" lon="-107.045806"><ele>3748.8</ele><time>2026-04-10T15:30:11Z</time></rtept><rtept lat="37.950243" lon="-107.045829"><ele>3748.6</ele><time>2026-04-10T15:30:11Z</time></rtept><rtept lat="37.950269" lon="-107.04585"><ele>3748.6</ele><time>2026-04-10T15:30:11Z</time></rtept><rtept lat="37.950301" lon="-107.045875"><ele>3748.2</ele><time>2026-04-10T15:30:11Z</time></rtept><rtept lat="37.950318" lon="-107.045887"><ele>3748.2</ele><time>2026-04-10T15:30:11Z</time></rtept><rtept lat="37.950336" lon="-107.045899"><ele>3748.8</ele><time>2026-04-10T15:30:11Z</time></rtept><rtept lat="37.950363" lon="-107.045919"><ele>3748.6</ele><time>2026-04-10T15:30:11Z</time></rtept><rtept lat="37.950394" lon="-107.045941"><ele>3748.6</ele><time>2026-04-10T15:30:11Z</time></rtept><rtept lat="37.950421" lon="-107.045964"><ele>3748.6</ele><time>2026-04-10T15:30:11Z</time></rtept><rtept lat="37.950447" lon="-107.045994"><ele>3749.0</ele><time>2026-04-10T15:30:11Z</time></rtept><rtept lat="37.950474" lon="-107.046019"><ele>3749.0</ele><time>2026-04-10T15:30:11Z</time></rtept><rtept lat="37.950505" lon="-107.046041"><ele>3748.8</ele><time>2026-04-10T15:30:11Z</time></rtept><rtept lat="37.950532" lon="-107.046063"><ele>3749.6</ele><time>2026-04-10T15:30:11Z</time></rtept><rtept lat="37.95054" lon="-107.046073"><ele>3749.6</ele><time>2026-04-10T15:30:11Z</time></rtept><rtept lat="37.950571" lon="-107.046099"><ele>3749.4</ele><time>2026-04-10T15:30:11Z</time></rtept><rtept lat="37.950598" lon="-107.046129"><ele>3749.4</ele><time>2026-04-10T15:30:11Z</time></rtept><rtept lat="37.950624" lon="-107.04616"><ele>3750.0</ele><time>2026-04-10T15:30:11Z</time></rtept><rtept lat="37.950656" lon="-107.046191"><ele>3749.8</ele><time>2026-04-10T15:30:11Z</time></rtept><rtept lat="37.950686" lon="-107.046233"><ele>3750.6</ele><time>2026-04-10T15:30:11Z</time></rtept><rtept lat="37.950708" lon="-107.046255"><ele>3750.4</ele><time>2026-04-10T15:30:11Z</time></rtept><rtept lat="37.95073" lon="-107.04629"><ele>3750.4</ele><time>2026-04-10T15:30:11Z</time></rtept><rtept lat="37.950757" lon="-107.046324"><ele>3751.2</ele><time>2026-04-10T15:30:11Z</time></rtept><rtept lat="37.950774" lon="-107.046362"><ele>3751.0</ele><time>2026-04-10T15:30:11Z</time></rtept><rtept lat="37.950827" lon="-107.04643"><ele>3751.8</ele><time>2026-04-10T15:30:11Z</time></rtept><rtept lat="37.950849" lon="-107.04646"><ele>3751.6</ele><time>2026-04-10T15:30:11Z</time></rtept><rtept lat="37.950871" lon="-107.046504"><ele>3752.4</ele><time>2026-04-10T15:30:11Z</time></rtept><rtept lat="37.950906" lon="-107.046544"><ele>3752.2</ele><time>2026-04-10T15:30:11Z</time></rtept><rtept lat="37.950963" lon="-107.046628"><ele>3753.0</ele><time>2026-04-10T15:30:11Z</time></rtept><rtept lat="37.951015" lon="-107.046764"><ele>3755.0</ele><time>2026-04-10T15:30:11Z</time></rtept><rtept lat="37.951024" lon="-107.046781"><ele>3755.0</ele><time>2026-04-10T15:30:11Z</time></rtept><rtept lat="37.951045" lon="-107.046826"><ele>3754.8</ele><time>2026-04-10T15:30:11Z</time></rtept><rtept lat="37.951063" lon="-107.046875"><ele>3756.0</ele><time>2026-04-10T15:30:11Z</time></rtept><rtept lat="37.95108" lon="-107.046927"><ele>3757.2</ele><time>2026-04-10T15:30:11Z</time></rtept><rtept lat="37.951092" lon="-107.046979"><ele>3757.2</ele><time>2026-04-10T15:30:11Z</time></rtept><rtept lat="37.95111" lon="-107.04703"><ele>3758.2</ele><time>2026-04-10T15:30:11Z</time></rtept><rtept lat="37.951122" lon="-107.04708"><ele>3758.2</ele><time>2026-04-10T15:30:11Z</time></rtept><rtept lat="37.951139" lon="-107.047129"><ele>3759.0</ele><time>2026-04-10T15:30:11Z</time></rtept><rtept lat="37.951147" lon="-107.047177"><ele>3760.0</ele><time>2026-04-10T15:30:11Z</time></rtept><rtept lat="37.951175" lon="-107.047378"><ele>3761.6</ele><time>2026-04-10T15:30:11Z</time></rtept><rtept lat="37.951189" lon="-107.047409"><ele>3761.6</ele><time>2026-04-10T15:30:11Z</time></rtept><rtept lat="37.95121" lon="-107.047457"><ele>3762.4</ele><time>2026-04-10T15:30:11Z</time></rtept><rtept lat="37.951232" lon="-107.047506"><ele>3762.4</ele><time>2026-04-10T15:30:11Z</time></rtept><rtept lat="37.951253" lon="-107.047554"><ele>3763.4</ele><time>2026-04-10T15:30:11Z</time></rtept><rtept lat="37.951271" lon="-107.047603"><ele>3763.4</ele><time>2026-04-10T15:30:11Z</time></rtept><rtept lat="37.951288" lon="-107.047653"><ele>3764.6</ele><time>2026-04-10T15:30:11Z</time></rtept><rtept lat="37.951305" lon="-107.047703"><ele>3765.6</ele><time>2026-04-10T15:30:11Z</time></rtept><rtept lat="37.951327" lon="-107.047752"><ele>3765.6</ele><time>2026-04-10T15:30:11Z</time></rtept><rtept lat="37.951344" lon="-107.047802"><ele>3766.8</ele><time>2026-04-10T15:30:11Z</time></rtept><rtept lat="37.951361" lon="-107.04785"><ele>3766.8</ele><time>2026-04-10T15:30:11Z</time></rtept><rtept lat="37.951378" lon="-107.047901"><ele>3767.6</ele><time>2026-04-10T15:30:11Z</time></rtept><rtept lat="37.951386" lon="-107.047953"><ele>3768.8</ele><time>2026-04-10T15:30:11Z</time></rtept><rtept lat="37.951385" lon="-107.048008"><ele>3768.8</ele><time>2026-04-10T15:30:11Z</time></rtept><rtept lat="37.951389" lon="-107.048044"><ele>3769.8</ele><time>2026-04-10T15:30:11Z</time></rtept><rtept lat="37.951406" lon="-107.048109"><ele>3769.8</ele><time>2026-04-10T15:30:11Z</time></rtept><rtept lat="37.951415" lon="-107.048143"><ele>3770.8</ele><time>2026-04-10T15:30:11Z</time></rtept><rtept lat="37.951436" lon="-107.048194"><ele>3770.8</ele><time>2026-04-10T15:30:11Z</time></rtept><rtept lat="37.951453" lon="-107.048244"><ele>3771.8</ele><time>2026-04-10T15:30:11Z</time></rtept><rtept lat="37.951475" lon="-107.048292"><ele>3771.8</ele><time>2026-04-10T15:30:11Z</time></rtept><rtept lat="37.951497" lon="-107.048339"><ele>3772.8</ele><time>2026-04-10T15:30:11Z</time></rtept><rtept lat="37.951514" lon="-107.0484"><ele>3774.0</ele><time>2026-04-10T15:30:11Z</time></rtept><rtept lat="37.951522" lon="-107.048435"><ele>3774.0</ele><time>2026-04-10T15:30:11Z</time></rtept><rtept lat="37.951544" lon="-107.048483"><ele>3775.2</ele><time>2026-04-10T15:30:11Z</time></rtept><rtept lat="37.951561" lon="-107.048527"><ele>3775.2</ele><time>2026-04-10T15:30:11Z</time></rtept><rtept lat="37.951587" lon="-107.048568"><ele>3776.6</ele><time>2026-04-10T15:30:11Z</time></rtept><rtept lat="37.951614" lon="-107.04861"><ele>3776.6</ele><time>2026-04-10T15:30:11Z</time></rtept><rtept lat="37.951635" lon="-107.048658"><ele>3778.0</ele><time>2026-04-10T15:30:11Z</time></rtept><rtept lat="37.951648" lon="-107.048705"><ele>3778.0</ele><time>2026-04-10T15:30:11Z</time></rtept><rtept lat="37.951661" lon="-107.048756"><ele>3779.2</ele><time>2026-04-10T15:30:11Z</time></rtept><rtept lat="37.951678" lon="-107.048805"><ele>3779.2</ele><time>2026-04-10T15:30:11Z</time></rtept><rtept lat="37.951704" lon="-107.048865"><ele>3780.4</ele><time>2026-04-10T15:30:11Z</time></rtept><rtept lat="37.951721" lon="-107.048912"><ele>3781.8</ele><time>2026-04-10T15:30:11Z</time></rtept><rtept lat="37.951743" lon="-107.04896"><ele>3781.8</ele><time>2026-04-10T15:30:11Z</time></rtept><rtept lat="37.951764" lon="-107.049005"><ele>3783.0</ele><time>2026-04-10T15:30:11Z</time></rtept><rtept lat="37.951777" lon="-107.049056"><ele>3783.0</ele><time>2026-04-10T15:30:11Z</time></rtept><rtept lat="37.951799" lon="-107.049101"><ele>3784.6</ele><time>2026-04-10T15:30:11Z</time></rtept><rtept lat="37.951821" lon="-107.04915"><ele>3784.6</ele><time>2026-04-10T15:30:11Z</time></rtept><rtept lat="37.951838" lon="-107.049195"><ele>3785.8</ele><time>2026-04-10T15:30:11Z</time></rtept><rtept lat="37.95186" lon="-107.04924"><ele>3787.4</ele><time>2026-04-10T15:30:11Z</time></rtept><rtept lat="37.951886" lon="-107.049281"><ele>3787.4</ele><time>2026-04-10T15:30:11Z</time></rtept><rtept lat="37.951907" lon="-107.049325"><ele>3788.6</ele><time>2026-04-10T15:30:11Z</time></rtept><rtept lat="37.951942" lon="-107.049403"><ele>3789.0</ele><time>2026-04-10T15:30:11Z</time></rtept><rtept lat="37.951946" lon="-107.049421"><ele>3790.4</ele><time>2026-04-10T15:30:11Z</time></rtept><rtept lat="37.951964" lon="-107.04947"><ele>3790.4</ele><time>2026-04-10T15:30:11Z</time></rtept><rtept lat="37.951976" lon="-107.04952"><ele>3791.6</ele><time>2026-04-10T15:30:11Z</time></rtept><rtept lat="37.951989" lon="-107.049571"><ele>3792.0</ele><time>2026-04-10T15:30:11Z</time></rtept><rtept lat="37.952006" lon="-107.049626"><ele>3793.2</ele><time>2026-04-10T15:30:11Z</time></rtept><rtept lat="37.952023" lon="-107.049676"><ele>3794.2</ele><time>2026-04-10T15:30:11Z</time></rtept><rtept lat="37.952049" lon="-107.049718"><ele>3794.6</ele><time>2026-04-10T15:30:11Z</time></rtept><rtept lat="37.952071" lon="-107.049761"><ele>3795.6</ele><time>2026-04-10T15:30:11Z</time></rtept><rtept lat="37.952097" lon="-107.049804"><ele>3795.6</ele><time>2026-04-10T15:30:11Z</time></rtept><rtept lat="37.952119" lon="-107.049849"><ele>3796.8</ele><time>2026-04-10T15:30:11Z</time></rtept><rtept lat="37.952141" lon="-107.049894"><ele>3796.8</ele><time>2026-04-10T15:30:11Z</time></rtept><rtept lat="37.952163" lon="-107.04994"><ele>3798.0</ele><time>2026-04-10T15:30:11Z</time></rtept><rtept lat="37.952184" lon="-107.049981"><ele>3798.0</ele><time>2026-04-10T15:30:11Z</time></rtept><rtept lat="37.952211" lon="-107.050024"><ele>3799.2</ele><time>2026-04-10T15:30:11Z</time></rtept><rtept lat="37.952242" lon="-107.050061"><ele>3799.2</ele><time>2026-04-10T15:30:11Z</time></rtept><rtept lat="37.952268" lon="-107.050101"><ele>3800.4</ele><time>2026-04-10T15:30:11Z</time></rtept><rtept lat="37.95229" lon="-107.050144"><ele>3800.4</ele><time>2026-04-10T15:30:11Z</time></rtept><rtept lat="37.952316" lon="-107.050187"><ele>3801.8</ele><time>2026-04-10T15:30:11Z</time></rtept><rtept lat="37.952364" lon="-107.050277"><ele>3803.2</ele><time>2026-04-10T15:30:11Z</time></rtept><rtept lat="37.952386" lon="-107.050303"><ele>3803.2</ele><time>2026-04-10T15:30:11Z</time></rtept><rtept lat="37.952417" lon="-107.05034"><ele>3803.2</ele><time>2026-04-10T15:30:11Z</time></rtept><rtept lat="37.952443" lon="-107.050384"><ele>3804.4</ele><time>2026-04-10T15:30:11Z</time></rtept><rtept lat="37.952461" lon="-107.05043"><ele>3804.6</ele><time>2026-04-10T15:30:11Z</time></rtept><rtept lat="37.952478" lon="-107.050477"><ele>3805.8</ele><time>2026-04-10T15:30:11Z</time></rtept><rtept lat="37.9525" lon="-107.050521"><ele>3805.8</ele><time>2026-04-10T15:30:11Z</time></rtept><rtept lat="37.95253" lon="-107.050562"><ele>3807.0</ele><time>2026-04-10T15:30:11Z</time></rtept><rtept lat="37.952561" lon="-107.050597"><ele>3807.0</ele><time>2026-04-10T15:30:11Z</time></rtept><rtept lat="37.952592" lon="-107.050633"><ele>3808.0</ele><time>2026-04-10T15:30:11Z</time></rtept><rtept lat="37.952614" lon="-107.050682"><ele>3808.0</ele><time>2026-04-10T15:30:11Z</time></rtept><rtept lat="37.952639" lon="-107.050769"><ele>3809.0</ele><time>2026-04-10T15:30:11Z</time></rtept><rtept lat="37.952644" lon="-107.050784"><ele>3809.8</ele><time>2026-04-10T15:30:11Z</time></rtept><rtept lat="37.952661" lon="-107.050834"><ele>3809.6</ele><time>2026-04-10T15:30:11Z</time></rtept><rtept lat="37.952673" lon="-107.050885"><ele>3810.4</ele><time>2026-04-10T15:30:11Z</time></rtept><rtept lat="37.952681" lon="-107.050985"><ele>3811.2</ele><time>2026-04-10T15:30:11Z</time></rtept><rtept lat="37.952685" lon="-107.051016"><ele>3811.2</ele><time>2026-04-10T15:30:11Z</time></rtept><rtept lat="37.952693" lon="-107.051084"><ele>3812.0</ele><time>2026-04-10T15:30:11Z</time></rtept><rtept lat="37.952697" lon="-107.051102"><ele>3812.0</ele><time>2026-04-10T15:30:11Z</time></rtept><rtept lat="37.952691" lon="-107.051155"><ele>3812.8</ele><time>2026-04-10T15:30:11Z</time></rtept><rtept lat="37.952681" lon="-107.051206"><ele>3812.8</ele><time>2026-04-10T15:30:11Z</time></rtept><rtept lat="37.952671" lon="-107.051259"><ele>3813.6</ele><time>2026-04-10T15:30:11Z</time></rtept><rtept lat="37.952657" lon="-107.051311"><ele>3814.6</ele><time>2026-04-10T15:30:11Z</time></rtept><rtept lat="37.952642" lon="-107.051365"><ele>3814.6</ele><time>2026-04-10T15:30:11Z</time></rtept><rtept lat="37.952628" lon="-107.051415"><ele>3815.4</ele><time>2026-04-10T15:30:11Z</time></rtept><rtept lat="37.952609" lon="-107.051465"><ele>3815.4</ele><time>2026-04-10T15:30:11Z</time></rtept><rtept lat="37.952577" lon="-107.051492"><ele>3816.4</ele><time>2026-04-10T15:30:11Z</time></rtept><rtept lat="37.952536" lon="-107.051515"><ele>3816.4</ele><time>2026-04-10T15:30:11Z</time></rtept><rtept lat="37.952495" lon="-107.051533"><ele>3816.4</ele><time>2026-04-10T15:30:11Z</time></rtept><rtept lat="37.952459" lon="-107.051562"><ele>3817.4</ele><time>2026-04-10T15:30:11Z</time></rtept><rtept lat="37.952418" lon="-107.051576"><ele>3817.4</ele><time>2026-04-10T15:30:11Z</time></rtept><rtept lat="37.952373" lon="-107.051579"><ele>3817.6</ele><time>2026-04-10T15:30:11Z</time></rtept><rtept lat="37.952328" lon="-107.051582"><ele>3817.6</ele><time>2026-04-10T15:30:11Z</time></rtept><rtept lat="37.952251" lon="-107.051598"><ele>3818.0</ele><time>2026-04-10T15:30:11Z</time></rtept><rtept lat="37.952224" lon="-107.051615"><ele>3818.0</ele><time>2026-04-10T15:30:11Z</time></rtept><rtept lat="37.952187" lon="-107.051628"><ele>3818.0</ele><time>2026-04-10T15:30:11Z</time></rtept><rtept lat="37.952142" lon="-107.051644"><ele>3819.4</ele><time>2026-04-10T15:30:11Z</time></rtept><rtept lat="37.952101" lon="-107.051659"><ele>3819.8</ele><time>2026-04-10T15:30:11Z</time></rtept><rtept lat="37.952078" lon="-107.051698"><ele>3819.8</ele><time>2026-04-10T15:30:11Z</time></rtept><rtept lat="37.952046" lon="-107.05173"><ele>3821.6</ele><time>2026-04-10T15:30:11Z</time></rtept><rtept lat="37.95196" lon="-107.051771"><ele>3822.0</ele><time>2026-04-10T15:30:11Z</time></rtept><rtept lat="37.951919" lon="-107.051784"><ele>3822.0</ele><time>2026-04-10T15:30:11Z</time></rtept><rtept lat="37.951874" lon="-107.05179"><ele>3822.4</ele><time>2026-04-10T15:30:11Z</time></rtept><rtept lat="37.951837" lon="-107.051806"><ele>3822.8</ele><time>2026-04-10T15:30:11Z</time></rtept><rtept lat="37.951801" lon="-107.051835"><ele>3824.0</ele><time>2026-04-10T15:30:11Z</time></rtept><rtept lat="37.951769" lon="-107.051863"><ele>3824.4</ele><time>2026-04-10T15:30:11Z</time></rtept><rtept lat="37.9517" lon="-107.051907"><ele>3826.2</ele><time>2026-04-10T15:30:11Z</time></rtept><rtept lat="37.951677" lon="-107.051929"><ele>3826.2</ele><time>2026-04-10T15:30:11Z</time></rtept><rtept lat="37.951645" lon="-107.051962"><ele>3826.2</ele><time>2026-04-10T15:30:11Z</time></rtept><rtept lat="37.951613" lon="-107.051992"><ele>3828.0</ele><time>2026-04-10T15:30:11Z</time></rtept><rtept lat="37.951581" lon="-107.052021"><ele>3828.0</ele><time>2026-04-10T15:30:11Z</time></rtept><rtept lat="37.951477" lon="-107.052041"><ele>3829.4</ele><time>2026-04-10T15:30:11Z</time></rtept><rtept lat="37.951319" lon="-107.052058"><ele>3831.0</ele><time>2026-04-10T15:30:11Z</time></rtept><rtept lat="37.951306" lon="-107.052055"><ele>3831.0</ele><time>2026-04-10T15:30:11Z</time></rtept><rtept lat="37.951261" lon="-107.052047"><ele>3831.6</ele><time>2026-04-10T15:30:11Z</time></rtept><rtept lat="37.95122" lon="-107.05204"><ele>3832.2</ele><time>2026-04-10T15:30:11Z</time></rtept><rtept lat="37.951175" lon="-107.052032"><ele>3832.2</ele><time>2026-04-10T15:30:11Z</time></rtept><rtept lat="37.951135" lon="-107.052017"><ele>3832.6</ele><time>2026-04-10T15:30:11Z</time></rtept><rtept lat="37.951041" lon="-107.051991"><ele>3833.0</ele><time>2026-04-10T15:30:11Z</time></rtept><rtept lat="37.951001" lon="-107.051985"><ele>3833.6</ele><time>2026-04-10T15:30:11Z</time></rtept><rtept lat="37.95096" lon="-107.051987"><ele>3834.2</ele><time>2026-04-10T15:30:11Z</time></rtept><rtept lat="37.950919" lon="-107.051993"><ele>3834.2</ele><time>2026-04-10T15:30:11Z</time></rtept><rtept lat="37.950879" lon="-107.052"><ele>3835.2</ele><time>2026-04-10T15:30:11Z</time></rtept><rtept lat="37.950834" lon="-107.052"><ele>3835.2</ele><time>2026-04-10T15:30:11Z</time></rtept><rtept lat="37.950793" lon="-107.052003"><ele>3836.2</ele><time>2026-04-10T15:30:11Z</time></rtept><rtept lat="37.950707" lon="-107.052034"><ele>3837.4</ele><time>2026-04-10T15:30:11Z</time></rtept><rtept lat="37.95068" lon="-107.052039"><ele>3838.4</ele><time>2026-04-10T15:30:11Z</time></rtept><rtept lat="37.950639" lon="-107.05205"><ele>3838.4</ele><time>2026-04-10T15:30:11Z</time></rtept><rtept lat="37.950598" lon="-107.052056"><ele>3839.6</ele><time>2026-04-10T15:30:11Z</time></rtept><rtept lat="37.950553" lon="-107.052062"><ele>3840.8</ele><time>2026-04-10T15:30:11Z</time></rtept><rtept lat="37.950512" lon="-107.052073"><ele>3843.2</ele><time>2026-04-10T15:30:11Z</time></rtept><rtept lat="37.950436" lon="-107.052087"><ele>3843.8</ele><time>2026-04-10T15:30:11Z</time></rtept><rtept lat="37.950422" lon="-107.052091"><ele>3844.2</ele><time>2026-04-10T15:30:11Z</time></rtept><rtept lat="37.950381" lon="-107.052103"><ele>3844.2</ele><time>2026-04-10T15:30:11Z</time></rtept><rtept lat="37.950345" lon="-107.05212"><ele>3844.4</ele><time>2026-04-10T15:30:11Z</time></rtept><rtept lat="37.950308" lon="-107.05214"><ele>3844.4</ele><time>2026-04-10T15:30:11Z</time></rtept><rtept lat="37.950272" lon="-107.052165"><ele>3846.2</ele><time>2026-04-10T15:30:11Z</time></rtept><rtept lat="37.95024" lon="-107.052192"><ele>3846.2</ele><time>2026-04-10T15:30:11Z</time></rtept><rtept lat="37.950208" lon="-107.052224"><ele>3846.0</ele><time>2026-04-10T15:30:11Z</time></rtept><rtept lat="37.95018" lon="-107.052261"><ele>3848.0</ele><time>2026-04-10T15:30:11Z</time></rtept><rtept lat="37.950148" lon="-107.052296"><ele>3847.8</ele><time>2026-04-10T15:30:11Z</time></rtept><rtept lat="37.950116" lon="-107.052326"><ele>3847.8</ele><time>2026-04-10T15:30:11Z</time></rtept><rtept lat="37.95007" lon="-107.052382"><ele>3849.6</ele><time>2026-04-10T15:30:11Z</time></rtept><rtept lat="37.950047" lon="-107.052427"><ele>3851.6</ele><time>2026-04-10T15:30:11Z</time></rtept><rtept lat="37.950019" lon="-107.052466"><ele>3851.6</ele><time>2026-04-10T15:30:11Z</time></rtept><rtept lat="37.949972" lon="-107.052565"><ele>3853.0</ele><time>2026-04-10T15:30:11Z</time></rtept><rtept lat="37.949967" lon="-107.052581"><ele>3853.0</ele><time>2026-04-10T15:30:11Z</time></rtept><rtept lat="37.949948" lon="-107.052634"><ele>3854.0</ele><time>2026-04-10T15:30:11Z</time></rtept><rtept lat="37.94993" lon="-107.052685"><ele>3855.4</ele><time>2026-04-10T15:30:11Z</time></rtept><rtept lat="37.949915" lon="-107.052733"><ele>3855.4</ele><time>2026-04-10T15:30:11Z</time></rtept><rtept lat="37.949896" lon="-107.052781"><ele>3856.8</ele><time>2026-04-10T15:30:11Z</time></rtept><rtept lat="37.949869" lon="-107.052823"><ele>3855.8</ele><time>2026-04-10T15:30:11Z</time></rtept><rtept lat="37.949845" lon="-107.052868"><ele>3857.0</ele><time>2026-04-10T15:30:11Z</time></rtept><rtept lat="37.949826" lon="-107.052916"><ele>3857.0</ele><time>2026-04-10T15:30:11Z</time></rtept><rtept lat="37.949807" lon="-107.052965"><ele>3857.4</ele><time>2026-04-10T15:30:11Z</time></rtept><rtept lat="37.94978" lon="-107.053011"><ele>3857.4</ele><time>2026-04-10T15:30:11Z</time></rtept><rtept lat="37.949742" lon="-107.053109"><ele>3858.8</ele><time>2026-04-10T15:30:11Z</time></rtept><rtept lat="37.949742" lon="-107.053127"><ele>3858.8</ele><time>2026-04-10T15:30:11Z</time></rtept><rtept lat="37.949732" lon="-107.053177"><ele>3858.8</ele><time>2026-04-10T15:30:11Z</time></rtept><rtept lat="37.949717" lon="-107.053229"><ele>3860.4</ele><time>2026-04-10T15:30:11Z</time></rtept><rtept lat="37.949703" lon="-107.05328"><ele>3862.0</ele><time>2026-04-10T15:30:11Z</time></rtept><rtept lat="37.949689" lon="-107.053328"><ele>3862.0</ele><time>2026-04-10T15:30:11Z</time></rtept><rtept lat="37.949665" lon="-107.053372"><ele>3862.4</ele><time>2026-04-10T15:30:11Z</time></rtept><rtept lat="37.949637" lon="-107.053414"><ele>3862.4</ele><time>2026-04-10T15:30:11Z</time></rtept><rtept lat="37.949586" lon="-107.053503"><ele>3862.8</ele><time>2026-04-10T15:30:11Z</time></rtept><rtept lat="37.949577" lon="-107.053519"><ele>3862.8</ele><time>2026-04-10T15:30:11Z</time></rtept><rtept lat="37.949554" lon="-107.053565"><ele>3864.6</ele><time>2026-04-10T15:30:11Z</time></rtept><rtept lat="37.94953" lon="-107.053609"><ele>3863.2</ele><time>2026-04-10T15:30:11Z</time></rtept><rtept lat="37.949479" lon="-107.053738"><ele>3866.2</ele><time>2026-04-10T15:30:11Z</time></rtept><rtept lat="37.949464" lon="-107.053784"><ele>3864.4</ele><time>2026-04-10T15:30:11Z</time></rtept><rtept lat="37.94945" lon="-107.053821"><ele>3865.6</ele><time>2026-04-10T15:30:11Z</time></rtept><rtept lat="37.94944" lon="-107.05386"><ele>3865.6</ele><time>2026-04-10T15:30:11Z</time></rtept><rtept lat="37.949426" lon="-107.053897"><ele>3866.4</ele><time>2026-04-10T15:30:11Z</time></rtept><rtept lat="37.949421" lon="-107.05393"><ele>3866.4</ele><time>2026-04-10T15:30:11Z</time></rtept><rtept lat="37.949416" lon="-107.053944"><ele>3866.4</ele><time>2026-04-10T15:30:11Z</time></rtept><rtept lat="37.949416" lon="-107.053984"><ele>3866.8</ele><time>2026-04-10T15:30:11Z</time></rtept><rtept lat="37.949419" lon="-107.054024"><ele>3866.8</ele><time>2026-04-10T15:30:11Z</time></rtept><rtept lat="37.949423" lon="-107.054063"><ele>3867.0</ele><time>2026-04-10T15:30:11Z</time></rtept><rtept lat="37.949423" lon="-107.054097"><ele>3867.0</ele><time>2026-04-10T15:30:11Z</time></rtept><rtept lat="37.949427" lon="-107.054114"><ele>3867.0</ele><time>2026-04-10T15:30:11Z</time></rtept><rtept lat="37.949426" lon="-107.05415"><ele>3867.2</ele><time>2026-04-10T15:30:11Z</time></rtept><rtept lat="37.949435" lon="-107.05419"><ele>3867.2</ele><time>2026-04-10T15:30:11Z</time></rtept><rtept lat="37.949447" lon="-107.054238"><ele>3867.0</ele><time>2026-04-10T15:30:11Z</time></rtept><rtept lat="37.949456" lon="-107.054276"><ele>3867.0</ele><time>2026-04-10T15:30:11Z</time></rtept><rtept lat="37.949468" lon="-107.054315"><ele>3866.4</ele><time>2026-04-10T15:30:11Z</time></rtept><rtept lat="37.949481" lon="-107.054352"><ele>3869.2</ele><time>2026-04-10T15:30:11Z</time></rtept><rtept lat="37.949494" lon="-107.054385"><ele>3869.2</ele><time>2026-04-10T15:30:11Z</time></rtept><rtept lat="37.949512" lon="-107.054415"><ele>3868.6</ele><time>2026-04-10T15:30:11Z</time></rtept><rtept lat="37.949525" lon="-107.05445"><ele>3868.6</ele><time>2026-04-10T15:30:11Z</time></rtept><rtept lat="37.949529" lon="-107.05449"><ele>3868.2</ele><time>2026-04-10T15:30:11Z</time></rtept><rtept lat="37.949523" lon="-107.054533"><ele>3868.2</ele><time>2026-04-10T15:30:11Z</time></rtept><rtept lat="37.949518" lon="-107.054567"><ele>3867.8</ele><time>2026-04-10T15:30:11Z</time></rtept><rtept lat="37.949513" lon="-107.054605"><ele>3867.8</ele><time>2026-04-10T15:30:11Z</time></rtept><rtept lat="37.949513" lon="-107.054639"><ele>3867.8</ele><time>2026-04-10T15:30:11Z</time></rtept><rtept lat="37.949517" lon="-107.054655"><ele>3867.2</ele><time>2026-04-10T15:30:11Z</time></rtept><rtept lat="37.949525" lon="-107.054675"><ele>3867.2</ele><time>2026-04-10T15:30:11Z</time></rtept><rtept lat="37.949534" lon="-107.054707"><ele>3867.2</ele><time>2026-04-10T15:30:11Z</time></rtept><rtept lat="37.949547" lon="-107.054733"><ele>3870.0</ele><time>2026-04-10T15:30:11Z</time></rtept><rtept lat="37.949569" lon="-107.054755"><ele>3870.0</ele><time>2026-04-10T15:30:11Z</time></rtept><rtept lat="37.949587" lon="-107.054777"><ele>3870.0</ele><time>2026-04-10T15:30:11Z</time></rtept><rtept lat="37.949604" lon="-107.054796"><ele>3870.0</ele><time>2026-04-10T15:30:11Z</time></rtept><rtept lat="37.949622" lon="-107.05482"><ele>3872.4</ele><time>2026-04-10T15:30:11Z</time></rtept><rtept lat="37.949639" lon="-107.054851"><ele>3872.4</ele><time>2026-04-10T15:30:11Z</time></rtept><rtept lat="37.949648" lon="-107.054873"><ele>3872.4</ele><time>2026-04-10T15:30:11Z</time></rtept><rtept lat="37.949652" lon="-107.054916"><ele>3872.0</ele><time>2026-04-10T15:30:11Z</time></rtept><rtept lat="37.949669" lon="-107.054954"><ele>3872.0</ele><time>2026-04-10T15:30:11Z</time></rtept><rtept lat="37.949682" lon="-107.054991"><ele>3874.4</ele><time>2026-04-10T15:30:11Z</time></rtept><rtept lat="37.949704" lon="-107.055022"><ele>3874.4</ele><time>2026-04-10T15:30:11Z</time></rtept><rtept lat="37.949717" lon="-107.055052"><ele>3874.4</ele><time>2026-04-10T15:30:11Z</time></rtept><rtept lat="37.949734" lon="-107.055083"><ele>3874.2</ele><time>2026-04-10T15:30:11Z</time></rtept><rtept lat="37.949752" lon="-107.055114"><ele>3876.6</ele><time>2026-04-10T15:30:11Z</time></rtept><rtept lat="37.949773" lon="-107.055175"><ele>3876.2</ele><time>2026-04-10T15:30:11Z</time></rtept><rtept lat="37.949787" lon="-107.055196"><ele>3876.2</ele><time>2026-04-10T15:30:11Z</time></rtept><rtept lat="37.949795" lon="-107.055232"><ele>3876.2</ele><time>2026-04-10T15:30:11Z</time></rtept><rtept lat="37.949808" lon="-107.05527"><ele>3875.8</ele><time>2026-04-10T15:30:11Z</time></rtept><rtept lat="37.949825" lon="-107.055301"><ele>3878.2</ele><time>2026-04-10T15:30:11Z</time></rtept><rtept lat="37.949838" lon="-107.055335"><ele>3877.6</ele><time>2026-04-10T15:30:11Z</time></rtept><rtept lat="37.949851" lon="-107.055368"><ele>3877.6</ele><time>2026-04-10T15:30:11Z</time></rtept><rtept lat="37.949855" lon="-107.055386"><ele>3877.6</ele><time>2026-04-10T15:30:11Z</time></rtept><rtept lat="37.949882" lon="-107.055425"><ele>3876.8</ele><time>2026-04-10T15:30:11Z</time></rtept><rtept lat="37.949899" lon="-107.05546"><ele>3878.8</ele><time>2026-04-10T15:30:11Z</time></rtept><rtept lat="37.949912" lon="-107.055488"><ele>3878.8</ele><time>2026-04-10T15:30:11Z</time></rtept><rtept lat="37.949925" lon="-107.055519"><ele>3878.0</ele><time>2026-04-10T15:30:11Z</time></rtept><rtept lat="37.949947" lon="-107.055547"><ele>3878.0</ele><time>2026-04-10T15:30:11Z</time></rtept><rtept lat="37.949969" lon="-107.055569"><ele>3879.8</ele><time>2026-04-10T15:30:11Z</time></rtept><rtept lat="37.949991" lon="-107.055597"><ele>3879.0</ele><time>2026-04-10T15:30:11Z</time></rtept><rtept lat="37.950005" lon="-107.05561"><ele>3879.0</ele><time>2026-04-10T15:30:11Z</time></rtept><rtept lat="37.950027" lon="-107.05563"><ele>3880.8</ele><time>2026-04-10T15:30:11Z</time></rtept><rtept lat="37.950044" lon="-107.055652"><ele>3880.8</ele><time>2026-04-10T15:30:11Z</time></rtept><rtept lat="37.950062" lon="-107.055687"><ele>3879.8</ele><time>2026-04-10T15:30:11Z</time></rtept><rtept lat="37.950084" lon="-107.055717"><ele>3879.8</ele><time>2026-04-10T15:30:11Z</time></rtept><rtept lat="37.95011" lon="-107.055749"><ele>3881.0</ele><time>2026-04-10T15:30:11Z</time></rtept><rtept lat="37.950137" lon="-107.055777"><ele>3880.0</ele><time>2026-04-10T15:30:11Z</time></rtept><rtept lat="37.950163" lon="-107.055805"><ele>3881.4</ele><time>2026-04-10T15:30:11Z</time></rtept><rtept lat="37.950185" lon="-107.055835"><ele>3881.4</ele><time>2026-04-10T15:30:11Z</time></rtept><rtept lat="37.950212" lon="-107.05586"><ele>3880.2</ele><time>2026-04-10T15:30:11Z</time></rtept><rtept lat="37.950239" lon="-107.055886"><ele>3881.6</ele><time>2026-04-10T15:30:11Z</time></rtept><rtept lat="37.950261" lon="-107.055914"><ele>3881.6</ele><time>2026-04-10T15:30:11Z</time></rtept><rtept lat="37.950292" lon="-107.055945"><ele>3881.8</ele><time>2026-04-10T15:30:11Z</time></rtept><rtept lat="37.950301" lon="-107.055952"><ele>3881.8</ele><time>2026-04-10T15:30:11Z</time></rtept><rtept lat="37.950332" lon="-107.055979"><ele>3881.8</ele><time>2026-04-10T15:30:11Z</time></rtept><rtept lat="37.950363" lon="-107.056007"><ele>3883.4</ele><time>2026-04-10T15:30:11Z</time></rtept><rtept lat="37.950385" lon="-107.056035"><ele>3882.0</ele><time>2026-04-10T15:30:11Z</time></rtept><rtept lat="37.950411" lon="-107.056067"><ele>3882.0</ele><time>2026-04-10T15:30:11Z</time></rtept><rtept lat="37.950455" lon="-107.056114"><ele>3882.4</ele><time>2026-04-10T15:30:11Z</time></rtept><rtept lat="37.950478" lon="-107.05613"><ele>3882.4</ele><time>2026-04-10T15:30:11Z</time></rtept><rtept lat="37.950509" lon="-107.056151"><ele>3884.0</ele><time>2026-04-10T15:30:11Z</time></rtept><rtept lat="37.950531" lon="-107.056184"><ele>3884.0</ele><time>2026-04-10T15:30:11Z</time></rtept><rtept lat="37.950557" lon="-107.056215"><ele>3882.8</ele><time>2026-04-10T15:30:11Z</time></rtept><rtept lat="37.950579" lon="-107.05625"><ele>3884.4</ele><time>2026-04-10T15:30:11Z</time></rtept><rtept lat="37.950606" lon="-107.056281"><ele>3883.2</ele><time>2026-04-10T15:30:11Z</time></rtept><rtept lat="37.950632" lon="-107.056307"><ele>3884.8</ele><time>2026-04-10T15:30:11Z</time></rtept><rtept lat="37.950659" lon="-107.056335"><ele>3884.8</ele><time>2026-04-10T15:30:11Z</time></rtept><rtept lat="37.950694" lon="-107.056372"><ele>3883.6</ele><time>2026-04-10T15:30:11Z</time></rtept><rtept lat="37.950716" lon="-107.056398"><ele>3885.2</ele><time>2026-04-10T15:30:11Z</time></rtept><rtept lat="37.950743" lon="-107.056418"><ele>3885.2</ele><time>2026-04-10T15:30:11Z</time></rtept><rtept lat="37.950756" lon="-107.056429"><ele>3885.2</ele><time>2026-04-10T15:30:11Z</time></rtept><rtept lat="37.950765" lon="-107.056438"><ele>3886.6</ele><time>2026-04-10T15:30:11Z</time></rtept><rtept lat="37.950792" lon="-107.056463"><ele>3885.4</ele><time>2026-04-10T15:30:11Z</time></rtept><rtept lat="37.950814" lon="-107.056492"><ele>3885.4</ele><time>2026-04-10T15:30:11Z</time></rtept><rtept lat="37.950845" lon="-107.056515"><ele>3886.8</ele><time>2026-04-10T15:30:11Z</time></rtept><rtept lat="37.950871" lon="-107.056539"><ele>3885.8</ele><time>2026-04-10T15:30:11Z</time></rtept><rtept lat="37.95088" lon="-107.056551"><ele>3885.8</ele><time>2026-04-10T15:30:11Z</time></rtept><rtept lat="37.950902" lon="-107.05658"><ele>3887.0</ele><time>2026-04-10T15:30:11Z</time></rtept><rtept lat="37.950934" lon="-107.056601"><ele>3887.0</ele><time>2026-04-10T15:30:11Z</time></rtept><rtept lat="37.95096" lon="-107.056631"><ele>3886.0</ele><time>2026-04-10T15:30:11Z</time></rtept><rtept lat="37.950987" lon="-107.056663"><ele>3887.2</ele><time>2026-04-10T15:30:11Z</time></rtept><rtept lat="37.951013" lon="-107.056694"><ele>3887.2</ele><time>2026-04-10T15:30:11Z</time></rtept><rtept lat="37.95104" lon="-107.056726"><ele>3887.2</ele><time>2026-04-10T15:30:11Z</time></rtept><rtept lat="37.951066" lon="-107.056758"><ele>3887.2</ele><time>2026-04-10T15:30:11Z</time></rtept><rtept lat="37.951088" lon="-107.056794"><ele>3886.0</ele><time>2026-04-10T15:30:11Z</time></rtept><rtept lat="37.95111" lon="-107.056834"><ele>3887.0</ele><time>2026-04-10T15:30:11Z</time></rtept><rtept lat="37.951127" lon="-107.056866"><ele>3887.0</ele><time>2026-04-10T15:30:11Z</time></rtept><rtept lat="37.951154" lon="-107.0569"><ele>3886.0</ele><time>2026-04-10T15:30:11Z</time></rtept><rtept lat="37.951175" lon="-107.056934"><ele>3887.0</ele><time>2026-04-10T15:30:11Z</time></rtept><rtept lat="37.951202" lon="-107.056966"><ele>3886.0</ele><time>2026-04-10T15:30:11Z</time></rtept><rtept lat="37.951228" lon="-107.056998"><ele>3886.0</ele><time>2026-04-10T15:30:11Z</time></rtept><rtept lat="37.951255" lon="-107.057024"><ele>3887.2</ele><time>2026-04-10T15:30:11Z</time></rtept><rtept lat="37.951268" lon="-107.057038"><ele>3887.2</ele><time>2026-04-10T15:30:11Z</time></rtept><rtept lat="37.95129" lon="-107.057066"><ele>3886.2</ele><time>2026-04-10T15:30:11Z</time></rtept><rtept lat="37.951312" lon="-107.0571"><ele>3887.6</ele><time>2026-04-10T15:30:11Z</time></rtept><rtept lat="37.95133" lon="-107.057137"><ele>3886.6</ele><time>2026-04-10T15:30:11Z</time></rtept><rtept lat="37.951347" lon="-107.057175"><ele>3886.6</ele><time>2026-04-10T15:30:11Z</time></rtept><rtept lat="37.951364" lon="-107.057216"><ele>3886.6</ele><time>2026-04-10T15:30:11Z</time></rtept><rtept lat="37.951377" lon="-107.057257"><ele>3887.0</ele><time>2026-04-10T15:30:11Z</time></rtept><rtept lat="37.95139" lon="-107.057296"><ele>3887.0</ele><time>2026-04-10T15:30:11Z</time></rtept><rtept lat="37.951403" lon="-107.057327"><ele>3885.8</ele><time>2026-04-10T15:30:11Z</time></rtept><rtept lat="37.951416" lon="-107.057344"><ele>3885.8</ele><time>2026-04-10T15:30:11Z</time></rtept><rtept lat="37.951438" lon="-107.057377"><ele>3885.8</ele><time>2026-04-10T15:30:11Z</time></rtept><rtept lat="37.951465" lon="-107.057403"><ele>3886.2</ele><time>2026-04-10T15:30:11Z</time></rtept><rtept lat="37.951491" lon="-107.057464"><ele>3886.2</ele><time>2026-04-10T15:30:11Z</time></rtept><rtept lat="37.9515" lon="-107.057476"><ele>3886.2</ele><time>2026-04-10T15:30:11Z</time></rtept><rtept lat="37.951522" lon="-107.05751"><ele>3886.2</ele><time>2026-04-10T15:30:11Z</time></rtept><rtept lat="37.951543" lon="-107.057547"><ele>3886.2</ele><time>2026-04-10T15:30:11Z</time></rtept><rtept lat="37.951561" lon="-107.057583"><ele>3885.0</ele><time>2026-04-10T15:30:11Z</time></rtept><rtept lat="37.951587" lon="-107.05762"><ele>3886.4</ele><time>2026-04-10T15:30:11Z</time></rtept><rtept lat="37.951604" lon="-107.057658"><ele>3885.0</ele><time>2026-04-10T15:30:11Z</time></rtept><rtept lat="37.951622" lon="-107.05768"><ele>3885.0</ele><time>2026-04-10T15:30:11Z</time></rtept><rtept lat="37.951631" lon="-107.05769"><ele>3885.0</ele><time>2026-04-10T15:30:11Z</time></rtept><rtept lat="37.951648" lon="-107.057723"><ele>3886.2</ele><time>2026-04-10T15:30:11Z</time></rtept><rtept lat="37.95167" lon="-107.057759"><ele>3885.0</ele><time>2026-04-10T15:30:11Z</time></rtept><rtept lat="37.951692" lon="-107.057798"><ele>3885.0</ele><time>2026-04-10T15:30:11Z</time></rtept><rtept lat="37.951714" lon="-107.057834"><ele>3884.8</ele><time>2026-04-10T15:30:11Z</time></rtept><rtept lat="37.951736" lon="-107.057868"><ele>3884.8</ele><time>2026-04-10T15:30:11Z</time></rtept><rtept lat="37.951762" lon="-107.057902"><ele>3884.8</ele><time>2026-04-10T15:30:11Z</time></rtept><rtept lat="37.951784" lon="-107.057934"><ele>3884.6</ele><time>2026-04-10T15:30:11Z</time></rtept><rtept lat="37.951811" lon="-107.057963"><ele>3884.6</ele><time>2026-04-10T15:30:11Z</time></rtept><rtept lat="37.951842" lon="-107.057992"><ele>3883.6</ele><time>2026-04-10T15:30:11Z</time></rtept><rtept lat="37.951868" lon="-107.058022"><ele>3884.8</ele><time>2026-04-10T15:30:11Z</time></rtept><rtept lat="37.951895" lon="-107.058049"><ele>3884.8</ele><time>2026-04-10T15:30:11Z</time></rtept><rtept lat="37.951922" lon="-107.058081"><ele>3885.2</ele><time>2026-04-10T15:30:11Z</time></rtept><rtept lat="37.951939" lon="-107.058108"><ele>3885.2</ele><time>2026-04-10T15:30:11Z</time></rtept><rtept lat="37.951952" lon="-107.058126"><ele>3885.2</ele><time>2026-04-10T15:30:11Z</time></rtept><rtept lat="37.951974" lon="-107.058151"><ele>3885.2</ele><time>2026-04-10T15:30:11Z</time></rtept><rtept lat="37.951996" lon="-107.058181"><ele>3885.6</ele><time>2026-04-10T15:30:11Z</time></rtept><rtept lat="37.952023" lon="-107.05821"><ele>3885.6</ele><time>2026-04-10T15:30:11Z</time></rtept><rtept lat="37.952054" lon="-107.058236"><ele>3887.0</ele><time>2026-04-10T15:30:11Z</time></rtept><rtept lat="37.952089" lon="-107.058279"><ele>3886.4</ele><time>2026-04-10T15:30:11Z</time></rtept><rtept lat="37.952107" lon="-107.058294"><ele>3886.4</ele><time>2026-04-10T15:30:11Z</time></rtept><rtept lat="37.952133" lon="-107.058329"><ele>3887.6</ele><time>2026-04-10T15:30:11Z</time></rtept><rtept lat="37.952155" lon="-107.058365"><ele>3887.0</ele><time>2026-04-10T15:30:11Z</time></rtept><rtept lat="37.952177" lon="-107.058405"><ele>3887.0</ele><time>2026-04-10T15:30:11Z</time></rtept><rtept lat="37.952204" lon="-107.058437"><ele>3887.6</ele><time>2026-04-10T15:30:11Z</time></rtept><rtept lat="37.95223" lon="-107.058474"><ele>3887.6</ele><time>2026-04-10T15:30:11Z</time></rtept><rtept lat="37.952256" lon="-107.058513"><ele>3888.2</ele><time>2026-04-10T15:30:11Z</time></rtept><rtept lat="37.952278" lon="-107.058548"><ele>3888.2</ele><time>2026-04-10T15:30:11Z</time></rtept><rtept lat="37.952305" lon="-107.058586"><ele>3888.2</ele><time>2026-04-10T15:30:11Z</time></rtept><rtept lat="37.952327" lon="-107.058619"><ele>3888.6</ele><time>2026-04-10T15:30:11Z</time></rtept><rtept lat="37.952366" lon="-107.058673"><ele>3888.6</ele><time>2026-04-10T15:30:11Z</time></rtept><rtept lat="37.952371" lon="-107.058685"><ele>3887.8</ele><time>2026-04-10T15:30:11Z</time></rtept><rtept lat="37.95241" lon="-107.058741"><ele>3889.0</ele><time>2026-04-10T15:30:11Z</time></rtept><rtept lat="37.952445" lon="-107.058795"><ele>3888.2</ele><time>2026-04-10T15:30:11Z</time></rtept><rtept lat="37.952463" lon="-107.058826"><ele>3889.4</ele><time>2026-04-10T15:30:11Z</time></rtept><rtept lat="37.952498" lon="-107.058885"><ele>3888.6</ele><time>2026-04-10T15:30:11Z</time></rtept><rtept lat="37.952528" lon="-107.058947"><ele>3889.2</ele><time>2026-04-10T15:30:11Z</time></rtept><rtept lat="37.952563" lon="-107.059007"><ele>3889.2</ele><time>2026-04-10T15:30:11Z</time></rtept><rtept lat="37.952589" lon="-107.059043"><ele>3888.6</ele><time>2026-04-10T15:30:11Z</time></rtept><rtept lat="37.952611" lon="-107.059079"><ele>3890.0</ele><time>2026-04-10T15:30:11Z</time></rtept><rtept lat="37.952651" lon="-107.05913"><ele>3889.4</ele><time>2026-04-10T15:30:11Z</time></rtept><rtept lat="37.952695" lon="-107.059186"><ele>3890.8</ele><time>2026-04-10T15:30:11Z</time></rtept><rtept lat="37.95273" lon="-107.059244"><ele>3891.4</ele><time>2026-04-10T15:30:11Z</time></rtept><rtept lat="37.952765" lon="-107.059305"><ele>3890.8</ele><time>2026-04-10T15:30:11Z</time></rtept><rtept lat="37.952787" lon="-107.059366"><ele>3890.0</ele><time>2026-04-10T15:30:11Z</time></rtept><rtept lat="37.952808" lon="-107.05941"><ele>3891.2</ele><time>2026-04-10T15:30:11Z</time></rtept><rtept lat="37.952848" lon="-107.059469"><ele>3890.6</ele><time>2026-04-10T15:30:11Z</time></rtept><rtept lat="37.952878" lon="-107.059532"><ele>3891.8</ele><time>2026-04-10T15:30:11Z</time></rtept><rtept lat="37.952909" lon="-107.05959"><ele>3891.0</ele><time>2026-04-10T15:30:11Z</time></rtept><rtept lat="37.952953" lon="-107.059639"><ele>3891.6</ele><time>2026-04-10T15:30:11Z</time></rtept><rtept lat="37.952997" lon="-107.059682"><ele>3892.8</ele><time>2026-04-10T15:30:11Z</time></rtept><rtept lat="37.953037" lon="-107.05973"><ele>3892.2</ele><time>2026-04-10T15:30:11Z</time></rtept><rtept lat="37.953081" lon="-107.059779"><ele>3893.2</ele><time>2026-04-10T15:30:11Z</time></rtept><rtept lat="37.953112" lon="-107.059847"><ele>3892.6</ele><time>2026-04-10T15:30:11Z</time></rtept><rtept lat="37.953151" lon="-107.059891"><ele>3892.8</ele><time>2026-04-10T15:30:11Z</time></rtept><rtept lat="37.953186" lon="-107.05995"><ele>3892.8</ele><time>2026-04-10T15:30:11Z</time></rtept><rtept lat="37.953226" lon="-107.060006"><ele>3893.0</ele><time>2026-04-10T15:30:11Z</time></rtept><rtept lat="37.953266" lon="-107.060042"><ele>3893.0</ele><time>2026-04-10T15:30:11Z</time></rtept><rtept lat="37.953283" lon="-107.060085"><ele>3893.2</ele><time>2026-04-10T15:30:11Z</time></rtept><rtept lat="37.9533" lon="-107.060143"><ele>3892.2</ele><time>2026-04-10T15:30:11Z</time></rtept><rtept lat="37.953326" lon="-107.060211"><ele>3892.2</ele><time>2026-04-10T15:30:11Z</time></rtept><rtept lat="37.953352" lon="-107.060269"><ele>3892.4</ele><time>2026-04-10T15:30:11Z</time></rtept><rtept lat="37.953383" lon="-107.060324"><ele>3891.2</ele><time>2026-04-10T15:30:11Z</time></rtept><rtept lat="37.953404" lon="-107.060359"><ele>3892.6</ele><time>2026-04-10T15:30:11Z</time></rtept><rtept lat="37.953444" lon="-107.060408"><ele>3891.2</ele><time>2026-04-10T15:30:11Z</time></rtept><rtept lat="37.953506" lon="-107.060497"><ele>3891.4</ele><time>2026-04-10T15:30:11Z</time></rtept><rtept lat="37.953515" lon="-107.060508"><ele>3891.4</ele><time>2026-04-10T15:30:11Z</time></rtept><rtept lat="37.953545" lon="-107.060562"><ele>3893.0</ele><time>2026-04-10T15:30:11Z</time></rtept><rtept lat="37.953585" lon="-107.060609"><ele>3891.4</ele><time>2026-04-10T15:30:11Z</time></rtept><rtept lat="37.953621" lon="-107.060633"><ele>3893.0</ele><time>2026-04-10T15:30:11Z</time></rtept><rtept lat="37.953673" lon="-107.06071"><ele>3891.2</ele><time>2026-04-10T15:30:11Z</time></rtept><rtept lat="37.953695" lon="-107.060745"><ele>3891.0</ele><time>2026-04-10T15:30:11Z</time></rtept><rtept lat="37.953726" lon="-107.060809"><ele>3891.0</ele><time>2026-04-10T15:30:11Z</time></rtept><rtept lat="37.953747" lon="-107.06088"><ele>3891.0</ele><time>2026-04-10T15:30:11Z</time></rtept><rtept lat="37.953773" lon="-107.060935"><ele>3888.8</ele><time>2026-04-10T15:30:11Z</time></rtept><rtept lat="37.953795" lon="-107.060971"><ele>3888.8</ele><time>2026-04-10T15:30:11Z</time></rtept><rtept lat="37.953821" lon="-107.061032"><ele>3888.6</ele><time>2026-04-10T15:30:11Z</time></rtept><rtept lat="37.953847" lon="-107.06109"><ele>3886.2</ele><time>2026-04-10T15:30:11Z</time></rtept><rtept lat="37.953873" lon="-107.061137"><ele>3886.2</ele><time>2026-04-10T15:30:11Z</time></rtept><rtept lat="37.953908" lon="-107.061204"><ele>3886.0</ele><time>2026-04-10T15:30:11Z</time></rtept><rtept lat="37.953912" lon="-107.061217"><ele>3886.0</ele><time>2026-04-10T15:30:11Z</time></rtept><rtept lat="37.953952" lon="-107.061272"><ele>3886.0</ele><time>2026-04-10T15:30:11Z</time></rtept><rtept lat="37.953978" lon="-107.061336"><ele>3886.0</ele><time>2026-04-10T15:30:11Z</time></rtept><rtept lat="37.953995" lon="-107.06137"><ele>3883.6</ele><time>2026-04-10T15:30:11Z</time></rtept><rtept lat="37.95403" lon="-107.061426"><ele>3883.2</ele><time>2026-04-10T15:30:11Z</time></rtept><rtept lat="37.954061" lon="-107.061486"><ele>3883.2</ele><time>2026-04-10T15:30:11Z</time></rtept><rtept lat="37.954091" lon="-107.061554"><ele>3882.8</ele><time>2026-04-10T15:30:11Z</time></rtept><rtept lat="37.954104" lon="-107.061588"><ele>3882.8</ele><time>2026-04-10T15:30:11Z</time></rtept><rtept lat="37.954135" lon="-107.061635"><ele>3880.2</ele><time>2026-04-10T15:30:11Z</time></rtept><rtept lat="37.954144" lon="-107.061642"><ele>3880.2</ele><time>2026-04-10T15:30:11Z</time></rtept><rtept lat="37.954183" lon="-107.061697"><ele>3879.8</ele><time>2026-04-10T15:30:11Z</time></rtept><rtept lat="37.954214" lon="-107.061756"><ele>3879.8</ele><time>2026-04-10T15:30:11Z</time></rtept><rtept lat="37.954253" lon="-107.06181"><ele>3879.8</ele><time>2026-04-10T15:30:11Z</time></rtept><rtept lat="37.954279" lon="-107.061873"><ele>3877.2</ele><time>2026-04-10T15:30:11Z</time></rtept><rtept lat="37.954296" lon="-107.061939"><ele>3880.0</ele><time>2026-04-10T15:30:11Z</time></rtept><rtept lat="37.954318" lon="-107.061975"><ele>3877.4</ele><time>2026-04-10T15:30:11Z</time></rtept><rtept lat="37.954349" lon="-107.062022"><ele>3877.4</ele><time>2026-04-10T15:30:11Z</time></rtept><rtept lat="37.954357" lon="-107.062046"><ele>3877.6</ele><time>2026-04-10T15:30:11Z</time></rtept><rtept lat="37.954388" lon="-107.062087"><ele>3877.6</ele><time>2026-04-10T15:30:11Z</time></rtept><rtept lat="37.954414" lon="-107.062134"><ele>3874.8</ele><time>2026-04-10T15:30:11Z</time></rtept><rtept lat="37.954422" lon="-107.062192"><ele>3878.0</ele><time>2026-04-10T15:30:11Z</time></rtept><rtept lat="37.954444" lon="-107.062248"><ele>3875.2</ele><time>2026-04-10T15:30:11Z</time></rtept><rtept lat="37.954466" lon="-107.062278"><ele>3875.2</ele><time>2026-04-10T15:30:11Z</time></rtept><rtept lat="37.954488" lon="-107.062331"><ele>3875.8</ele><time>2026-04-10T15:30:11Z</time></rtept><rtept lat="37.954518" lon="-107.062387"><ele>3873.0</ele><time>2026-04-10T15:30:11Z</time></rtept><rtept lat="37.954553" lon="-107.062443"><ele>3876.2</ele><time>2026-04-10T15:30:11Z</time></rtept><rtept lat="37.954579" lon="-107.062494"><ele>3873.6</ele><time>2026-04-10T15:30:11Z</time></rtept><rtept lat="37.954592" lon="-107.062533"><ele>3873.6</ele><time>2026-04-10T15:30:11Z</time></rtept><rtept lat="37.954618" lon="-107.062592"><ele>3870.8</ele><time>2026-04-10T15:30:11Z</time></rtept><rtept lat="37.954653" lon="-107.062651"><ele>3871.0</ele><time>2026-04-10T15:30:11Z</time></rtept><rtept lat="37.954679" lon="-107.062705"><ele>3871.0</ele><time>2026-04-10T15:30:11Z</time></rtept><rtept lat="37.954701" lon="-107.062732"><ele>3870.8</ele><time>2026-04-10T15:30:11Z</time></rtept><rtept lat="37.954732" lon="-107.06278"><ele>3870.8</ele><time>2026-04-10T15:30:11Z</time></rtept><rtept lat="37.954753" lon="-107.062831"><ele>3867.6</ele><time>2026-04-10T15:30:11Z</time></rtept><rtept lat="37.954784" lon="-107.062876"><ele>3870.6</ele><time>2026-04-10T15:30:11Z</time></rtept><rtept lat="37.954802" lon="-107.06291"><ele>3867.4</ele><time>2026-04-10T15:30:11Z</time></rtept><rtept lat="37.954823" lon="-107.062962"><ele>3867.4</ele><time>2026-04-10T15:30:11Z</time></rtept><rtept lat="37.954858" lon="-107.063024"><ele>3867.2</ele><time>2026-04-10T15:30:11Z</time></rtept><rtept lat="37.954863" lon="-107.063033"><ele>3867.2</ele><time>2026-04-10T15:30:11Z</time></rtept><rtept lat="37.954893" lon="-107.063078"><ele>3866.8</ele><time>2026-04-10T15:30:11Z</time></rtept><rtept lat="37.95492" lon="-107.063125"><ele>3866.8</ele><time>2026-04-10T15:30:11Z</time></rtept><rtept lat="37.954946" lon="-107.063175"><ele>3863.0</ele><time>2026-04-10T15:30:11Z</time></rtept><rtept lat="37.954985" lon="-107.063219"><ele>3865.8</ele><time>2026-04-10T15:30:11Z</time></rtept><rtept lat="37.955017" lon="-107.063255"><ele>3862.0</ele><time>2026-04-10T15:30:11Z</time></rtept><rtept lat="37.955043" lon="-107.063284"><ele>3864.8</ele><time>2026-04-10T15:30:11Z</time></rtept><rtept lat="37.955074" lon="-107.063329"><ele>3861.0</ele><time>2026-04-10T15:30:11Z</time></rtept><rtept lat="37.9551" lon="-107.063365"><ele>3863.8</ele><time>2026-04-10T15:30:11Z</time></rtept><rtept lat="37.955126" lon="-107.063404"><ele>3860.4</ele><time>2026-04-10T15:30:11Z</time></rtept><rtept lat="37.955166" lon="-107.063443"><ele>3863.0</ele><time>2026-04-10T15:30:11Z</time></rtept><rtept lat="37.955215" lon="-107.06349"><ele>3860.0</ele><time>2026-04-10T15:30:11Z</time></rtept><rtept lat="37.955259" lon="-107.063538"><ele>3862.6</ele><time>2026-04-10T15:30:11Z</time></rtept><rtept lat="37.955304" lon="-107.063587"><ele>3862.6</ele><time>2026-04-10T15:30:11Z</time></rtept><rtept lat="37.955339" lon="-107.063643"><ele>3862.6</ele><time>2026-04-10T15:30:11Z</time></rtept><rtept lat="37.95536" lon="-107.06369"><ele>3860.2</ele><time>2026-04-10T15:30:11Z</time></rtept><rtept lat="37.955413" lon="-107.063783"><ele>3860.4</ele><time>2026-04-10T15:30:11Z</time></rtept><rtept lat="37.955422" lon="-107.063791"><ele>3860.4</ele><time>2026-04-10T15:30:11Z</time></rtept><rtept lat="37.955457" lon="-107.063849"><ele>3860.8</ele><time>2026-04-10T15:30:11Z</time></rtept><rtept lat="37.955487" lon="-107.063913"><ele>3860.8</ele><time>2026-04-10T15:30:11Z</time></rtept><rtept lat="37.955509" lon="-107.063957"><ele>3861.0</ele><time>2026-04-10T15:30:11Z</time></rtept><rtept lat="37.95553" lon="-107.06402"><ele>3858.8</ele><time>2026-04-10T15:30:11Z</time></rtept><rtept lat="37.95557" lon="-107.064074"><ele>3861.0</ele><time>2026-04-10T15:30:11Z</time></rtept><rtept lat="37.955605" lon="-107.06414"><ele>3858.8</ele><time>2026-04-10T15:30:11Z</time></rtept><rtept lat="37.955644" lon="-107.064202"><ele>3858.6</ele><time>2026-04-10T15:30:11Z</time></rtept><rtept lat="37.955644" lon="-107.064221"><ele>3858.6</ele><time>2026-04-10T15:30:11Z</time></rtept><rtept lat="37.955666" lon="-107.064255"><ele>3858.6</ele><time>2026-04-10T15:30:11Z</time></rtept><rtept lat="37.955687" lon="-107.064313"><ele>3856.2</ele><time>2026-04-10T15:30:11Z</time></rtept><rtept lat="37.955718" lon="-107.064376"><ele>3856.0</ele><time>2026-04-10T15:30:11Z</time></rtept><rtept lat="37.955739" lon="-107.064432"><ele>3853.8</ele><time>2026-04-10T15:30:11Z</time></rtept><rtept lat="37.955747" lon="-107.064493"><ele>3853.8</ele><time>2026-04-10T15:30:11Z</time></rtept><rtept lat="37.955769" lon="-107.064541"><ele>3851.6</ele><time>2026-04-10T15:30:11Z</time></rtept><rtept lat="37.955773" lon="-107.064552"><ele>3854.0</ele><time>2026-04-10T15:30:11Z</time></rtept><rtept lat="37.95579" lon="-107.064612"><ele>3852.0</ele><time>2026-04-10T15:30:11Z</time></rtept><rtept lat="37.955812" lon="-107.064672"><ele>3852.0</ele><time>2026-04-10T15:30:11Z</time></rtept><rtept lat="37.955838" lon="-107.064737"><ele>3850.2</ele><time>2026-04-10T15:30:11Z</time></rtept><rtept lat="37.955855" lon="-107.064799"><ele>3851.6</ele><time>2026-04-10T15:30:11Z</time></rtept><rtept lat="37.955871" lon="-107.064859"><ele>3850.2</ele><time>2026-04-10T15:30:11Z</time></rtept><rtept lat="37.95588" lon="-107.064904"><ele>3850.2</ele><time>2026-04-10T15:30:11Z</time></rtept><rtept lat="37.955901" lon="-107.064962"><ele>3848.6</ele><time>2026-04-10T15:30:11Z</time></rtept><rtept lat="37.955918" lon="-107.065023"><ele>3851.8</ele><time>2026-04-10T15:30:11Z</time></rtept><rtept lat="37.955931" lon="-107.065063"><ele>3850.4</ele><time>2026-04-10T15:30:11Z</time></rtept><rtept lat="37.955939" lon="-107.065107"><ele>3850.4</ele><time>2026-04-10T15:30:11Z</time></rtept><rtept lat="37.955939" lon="-107.06512"><ele>3848.8</ele><time>2026-04-10T15:30:11Z</time></rtept><rtept lat="37.95596" lon="-107.065184"><ele>3848.8</ele><time>2026-04-10T15:30:11Z</time></rtept><rtept lat="37.955973" lon="-107.065252"><ele>3846.8</ele><time>2026-04-10T15:30:11Z</time></rtept><rtept lat="37.955994" lon="-107.06532"><ele>3848.4</ele><time>2026-04-10T15:30:11Z</time></rtept><rtept lat="37.956006" lon="-107.065388"><ele>3847.0</ele><time>2026-04-10T15:30:11Z</time></rtept><rtept lat="37.956001" lon="-107.065455"><ele>3847.0</ele><time>2026-04-10T15:30:11Z</time></rtept><rtept lat="37.956013" lon="-107.06551"><ele>3845.6</ele><time>2026-04-10T15:30:11Z</time></rtept><rtept lat="37.956008" lon="-107.065554"><ele>3844.4</ele><time>2026-04-10T15:30:11Z</time></rtept><rtept lat="37.956011" lon="-107.065609"><ele>3844.4</ele><time>2026-04-10T15:30:11Z</time></rtept><rtept lat="37.956015" lon="-107.065652"><ele>3843.4</ele><time>2026-04-10T15:30:11Z</time></rtept><rtept lat="37.956023" lon="-107.065714"><ele>3843.4</ele><time>2026-04-10T15:30:11Z</time></rtept><rtept lat="37.956045" lon="-107.065781"><ele>3845.2</ele><time>2026-04-10T15:30:11Z</time></rtept><rtept lat="37.956057" lon="-107.06585"><ele>3844.0</ele><time>2026-04-10T15:30:11Z</time></rtept><rtept lat="37.956069" lon="-107.065925"><ele>3842.6</ele><time>2026-04-10T15:30:11Z</time></rtept><rtept lat="37.956081" lon="-107.065993"><ele>3840.8</ele><time>2026-04-10T15:30:11Z</time></rtept><rtept lat="37.956094" lon="-107.066063"><ele>3839.2</ele><time>2026-04-10T15:30:11Z</time></rtept><rtept lat="37.956088" lon="-107.066124"><ele>3839.2</ele><time>2026-04-10T15:30:11Z</time></rtept><rtept lat="37.956087" lon="-107.066178"><ele>3837.8</ele><time>2026-04-10T15:30:11Z</time></rtept><rtept lat="37.956091" lon="-107.066232"><ele>3836.6</ele><time>2026-04-10T15:30:11Z</time></rtept><rtept lat="37.956094" lon="-107.06631"><ele>3836.6</ele><time>2026-04-10T15:30:11Z</time></rtept><rtept lat="37.956098" lon="-107.066335"><ele>3835.6</ele><time>2026-04-10T15:30:11Z</time></rtept><rtept lat="37.956115" lon="-107.066406"><ele>3837.4</ele><time>2026-04-10T15:30:11Z</time></rtept><rtept lat="37.956118" lon="-107.066464"><ele>3837.4</ele><time>2026-04-10T15:30:11Z</time></rtept><rtept lat="37.956122" lon="-107.066489"><ele>3836.8</ele><time>2026-04-10T15:30:11Z</time></rtept><rtept lat="37.956122" lon="-107.066513"><ele>3836.8</ele><time>2026-04-10T15:30:11Z</time></rtept><rtept lat="37.956116" lon="-107.066582"><ele>3836.0</ele><time>2026-04-10T15:30:11Z</time></rtept><rtept lat="37.95612" lon="-107.066637"><ele>3836.0</ele><time>2026-04-10T15:30:11Z</time></rtept><rtept lat="37.956132" lon="-107.066698"><ele>3835.2</ele><time>2026-04-10T15:30:11Z</time></rtept><rtept lat="37.956135" lon="-107.066763"><ele>3834.0</ele><time>2026-04-10T15:30:11Z</time></rtept><rtept lat="37.956139" lon="-107.066818"><ele>3834.0</ele><time>2026-04-10T15:30:11Z</time></rtept><rtept lat="37.956129" lon="-107.066866"><ele>3832.8</ele><time>2026-04-10T15:30:11Z</time></rtept><rtept lat="37.956133" lon="-107.066902"><ele>3832.8</ele><time>2026-04-10T15:30:11Z</time></rtept><rtept lat="37.956127" lon="-107.066965"><ele>3832.0</ele><time>2026-04-10T15:30:11Z</time></rtept><rtept lat="37.956126" lon="-107.06704"><ele>3831.6</ele><time>2026-04-10T15:30:11Z</time></rtept><rtept lat="37.956129" lon="-107.067108"><ele>3831.2</ele><time>2026-04-10T15:30:11Z</time></rtept><rtept lat="37.956146" lon="-107.067183"><ele>3830.8</ele><time>2026-04-10T15:30:11Z</time></rtept><rtept lat="37.956163" lon="-107.067235"><ele>3830.8</ele><time>2026-04-10T15:30:11Z</time></rtept><rtept lat="37.956185" lon="-107.067294"><ele>3833.0</ele><time>2026-04-10T15:30:11Z</time></rtept><rtept lat="37.956211" lon="-107.067357"><ele>3832.6</ele><time>2026-04-10T15:30:11Z</time></rtept><rtept lat="37.956228" lon="-107.067419"><ele>3832.6</ele><time>2026-04-10T15:30:11Z</time></rtept><rtept lat="37.956249" lon="-107.067483"><ele>3834.6</ele><time>2026-04-10T15:30:11Z</time></rtept><rtept lat="37.956252" lon="-107.067548"><ele>3834.2</ele><time>2026-04-10T15:30:11Z</time></rtept><rtept lat="37.956251" lon="-107.067611"><ele>3833.8</ele><time>2026-04-10T15:30:11Z</time></rtept><rtept lat="37.956259" lon="-107.067669"><ele>3833.8</ele><time>2026-04-10T15:30:11Z</time></rtept><rtept lat="37.956267" lon="-107.067706"><ele>3833.2</ele><time>2026-04-10T15:30:11Z</time></rtept><rtept lat="37.956284" lon="-107.067773"><ele>3833.2</ele><time>2026-04-10T15:30:11Z</time></rtept><rtept lat="37.956288" lon="-107.067837"><ele>3832.4</ele><time>2026-04-10T15:30:11Z</time></rtept><rtept lat="37.956291" lon="-107.067897"><ele>3831.6</ele><time>2026-04-10T15:30:11Z</time></rtept><rtept lat="37.956295" lon="-107.067944"><ele>3831.6</ele><time>2026-04-10T15:30:11Z</time></rtept><rtept lat="37.956299" lon="-107.067957"><ele>3831.2</ele><time>2026-04-10T15:30:11Z</time></rtept><rtept lat="37.956311" lon="-107.068026"><ele>3831.2</ele><time>2026-04-10T15:30:11Z</time></rtept><rtept lat="37.95631" lon="-107.068099"><ele>3831.2</ele><time>2026-04-10T15:30:11Z</time></rtept><rtept lat="37.9563" lon="-107.068165"><ele>3831.4</ele><time>2026-04-10T15:30:11Z</time></rtept><rtept lat="37.956295" lon="-107.068208"><ele>3831.8</ele><time>2026-04-10T15:30:11Z</time></rtept><rtept lat="37.956271" lon="-107.068263"><ele>3831.8</ele><time>2026-04-10T15:30:11Z</time></rtept><rtept lat="37.956252" lon="-107.068312"><ele>3832.6</ele><time>2026-04-10T15:30:11Z</time></rtept><rtept lat="37.956243" lon="-107.068355"><ele>3829.4</ele><time>2026-04-10T15:30:11Z</time></rtept><rtept lat="37.956238" lon="-107.068384"><ele>3830.0</ele><time>2026-04-10T15:30:11Z</time></rtept><rtept lat="37.956214" lon="-107.068432"><ele>3830.0</ele><time>2026-04-10T15:30:11Z</time></rtept><rtept lat="37.956209" lon="-107.068473"><ele>3830.8</ele><time>2026-04-10T15:30:11Z</time></rtept><rtept lat="37.956203" lon="-107.06853"><ele>3830.8</ele><time>2026-04-10T15:30:11Z</time></rtept><rtept lat="37.956194" lon="-107.068584"><ele>3831.8</ele><time>2026-04-10T15:30:11Z</time></rtept><rtept lat="37.956197" lon="-107.068626"><ele>3831.8</ele><time>2026-04-10T15:30:11Z</time></rtept><rtept lat="37.956183" lon="-107.068687"><ele>3832.8</ele><time>2026-04-10T15:30:11Z</time></rtept><rtept lat="37.956164" lon="-107.068746"><ele>3829.4</ele><time>2026-04-10T15:30:11Z</time></rtept><rtept lat="37.956149" lon="-107.068793"><ele>3829.4</ele><time>2026-04-10T15:30:11Z</time></rtept><rtept lat="37.956135" lon="-107.068847"><ele>3829.8</ele><time>2026-04-10T15:30:11Z</time></rtept><rtept lat="37.956125" lon="-107.068911"><ele>3830.2</ele><time>2026-04-10T15:30:11Z</time></rtept><rtept lat="37.956119" lon="-107.068975"><ele>3830.2</ele><time>2026-04-10T15:30:11Z</time></rtept><rtept lat="37.9561" lon="-107.06903"><ele>3826.0</ele><time>2026-04-10T15:30:11Z</time></rtept><rtept lat="37.956095" lon="-107.069079"><ele>3826.6</ele><time>2026-04-10T15:30:11Z</time></rtept><rtept lat="37.956089" lon="-107.069142"><ele>3826.6</ele><time>2026-04-10T15:30:11Z</time></rtept><rtept lat="37.956074" lon="-107.069208"><ele>3827.6</ele><time>2026-04-10T15:30:11Z</time></rtept><rtept lat="37.956069" lon="-107.069254"><ele>3829.0</ele><time>2026-04-10T15:30:11Z</time></rtept><rtept lat="37.956068" lon="-107.069321"><ele>3830.6</ele><time>2026-04-10T15:30:11Z</time></rtept><rtept lat="37.956053" lon="-107.069379"><ele>3830.6</ele><time>2026-04-10T15:30:11Z</time></rtept><rtept lat="37.956039" lon="-107.069416"><ele>3826.4</ele><time>2026-04-10T15:30:11Z</time></rtept><rtept lat="37.956038" lon="-107.069472"><ele>3826.4</ele><time>2026-04-10T15:30:11Z</time></rtept><rtept lat="37.956032" lon="-107.069537"><ele>3826.6</ele><time>2026-04-10T15:30:11Z</time></rtept><rtept lat="37.956027" lon="-107.069588"><ele>3826.8</ele><time>2026-04-10T15:30:11Z</time></rtept><rtept lat="37.956022" lon="-107.069634"><ele>3826.8</ele><time>2026-04-10T15:30:11Z</time></rtept><rtept lat="37.956026" lon="-107.069677"><ele>3827.0</ele><time>2026-04-10T15:30:11Z</time></rtept><rtept lat="37.956025" lon="-107.069725"><ele>3827.0</ele><time>2026-04-10T15:30:11Z</time></rtept><rtept lat="37.956024" lon="-107.069757"><ele>3827.6</ele><time>2026-04-10T15:30:11Z</time></rtept><rtept lat="37.956023" lon="-107.069804"><ele>3827.6</ele><time>2026-04-10T15:30:11Z</time></rtept><rtept lat="37.956027" lon="-107.069842"><ele>3828.2</ele><time>2026-04-10T15:30:11Z</time></rtept><rtept lat="37.956022" lon="-107.069886"><ele>3828.2</ele><time>2026-04-10T15:30:11Z</time></rtept><rtept lat="37.956013" lon="-107.069914"><ele>3828.2</ele><time>2026-04-10T15:30:11Z</time></rtept><rtept lat="37.956007" lon="-107.069963"><ele>3829.0</ele><time>2026-04-10T15:30:11Z</time></rtept><rtept lat="37.956011" lon="-107.070019"><ele>3829.6</ele><time>2026-04-10T15:30:11Z</time></rtept><rtept lat="37.956014" lon="-107.070062"><ele>3829.6</ele><time>2026-04-10T15:30:11Z</time></rtept><rtept lat="37.956014" lon="-107.070112"><ele>3830.6</ele><time>2026-04-10T15:30:11Z</time></rtept><rtept lat="37.955999" lon="-107.070163"><ele>3830.6</ele><time>2026-04-10T15:30:11Z</time></rtept><rtept lat="37.955971" lon="-107.070205"><ele>3828.4</ele><time>2026-04-10T15:30:11Z</time></rtept><rtept lat="37.955948" lon="-107.070236"><ele>3828.4</ele><time>2026-04-10T15:30:11Z</time></rtept><rtept lat="37.955925" lon="-107.070251"><ele>3828.4</ele><time>2026-04-10T15:30:11Z</time></rtept><rtept lat="37.955902" lon="-107.070279"><ele>3826.4</ele><time>2026-04-10T15:30:11Z</time></rtept><rtept lat="37.955897" lon="-107.0703"><ele>3826.4</ele><time>2026-04-10T15:30:11Z</time></rtept><rtept lat="37.955883" lon="-107.070338"><ele>3826.4</ele><time>2026-04-10T15:30:11Z</time></rtept><rtept lat="37.955874" lon="-107.070376"><ele>3827.8</ele><time>2026-04-10T15:30:11Z</time></rtept><rtept lat="37.955868" lon="-107.070409"><ele>3827.8</ele><time>2026-04-10T15:30:11Z</time></rtept><rtept lat="37.955859" lon="-107.070443"><ele>3829.2</ele><time>2026-04-10T15:30:11Z</time></rtept><rtept lat="37.955849" lon="-107.070481"><ele>3829.2</ele><time>2026-04-10T15:30:11Z</time></rtept><rtept lat="37.955844" lon="-107.070515"><ele>3829.2</ele><time>2026-04-10T15:30:11Z</time></rtept><rtept lat="37.955826" lon="-107.070542"><ele>3827.6</ele><time>2026-04-10T15:30:11Z</time></rtept><rtept lat="37.955807" lon="-107.070577"><ele>3827.6</ele><time>2026-04-10T15:30:11Z</time></rtept><rtept lat="37.955789" lon="-107.070602"><ele>3827.6</ele><time>2026-04-10T15:30:11Z</time></rtept><rtept lat="37.95577" lon="-107.070647"><ele>3826.8</ele><time>2026-04-10T15:30:11Z</time></rtept><rtept lat="37.95576" lon="-107.0707"><ele>3828.8</ele><time>2026-04-10T15:30:11Z</time></rtept><rtept lat="37.955737" lon="-107.070743"><ele>3828.8</ele><time>2026-04-10T15:30:11Z</time></rtept><rtept lat="37.955718" lon="-107.070772"><ele>3828.8</ele><time>2026-04-10T15:30:11Z</time></rtept><rtept lat="37.95569" lon="-107.070813"><ele>3828.2</ele><time>2026-04-10T15:30:11Z</time></rtept><rtept lat="37.955662" lon="-107.070857"><ele>3828.2</ele><time>2026-04-10T15:30:11Z</time></rtept><rtept lat="37.955639" lon="-107.070899"><ele>3830.4</ele><time>2026-04-10T15:30:11Z</time></rtept><rtept lat="37.955621" lon="-107.070931"><ele>3827.6</ele><time>2026-04-10T15:30:11Z</time></rtept><rtept lat="37.955597" lon="-107.070986"><ele>3829.4</ele><time>2026-04-10T15:30:11Z</time></rtept><rtept lat="37.955569" lon="-107.071019"><ele>3829.4</ele><time>2026-04-10T15:30:11Z</time></rtept><rtept lat="37.955551" lon="-107.071055"><ele>3827.6</ele><time>2026-04-10T15:30:11Z</time></rtept><rtept lat="37.955536" lon="-107.071097"><ele>3827.6</ele><time>2026-04-10T15:30:11Z</time></rtept><rtept lat="37.955532" lon="-107.07111"><ele>3827.6</ele><time>2026-04-10T15:30:11Z</time></rtept><rtept lat="37.955513" lon="-107.071158"><ele>3829.0</ele><time>2026-04-10T15:30:11Z</time></rtept><rtept lat="37.955489" lon="-107.071217"><ele>3826.8</ele><time>2026-04-10T15:30:11Z</time></rtept><rtept lat="37.955474" lon="-107.071307"><ele>3827.6</ele><time>2026-04-10T15:30:11Z</time></rtept><rtept lat="37.955464" lon="-107.071363"><ele>3827.6</ele><time>2026-04-10T15:30:11Z</time></rtept><rtept lat="37.955459" lon="-107.071411"><ele>3828.4</ele><time>2026-04-10T15:30:11Z</time></rtept><rtept lat="37.955453" lon="-107.071477"><ele>3829.2</ele><time>2026-04-10T15:30:11Z</time></rtept><rtept lat="37.955447" lon="-107.071547"><ele>3829.2</ele><time>2026-04-10T15:30:11Z</time></rtept><rtept lat="37.955442" lon="-107.071613"><ele>3830.0</ele><time>2026-04-10T15:30:11Z</time></rtept><rtept lat="37.955427" lon="-107.071678"><ele>3827.8</ele><time>2026-04-10T15:30:11Z</time></rtept><rtept lat="37.955422" lon="-107.071744"><ele>3828.0</ele><time>2026-04-10T15:30:11Z</time></rtept><rtept lat="37.955416" lon="-107.071792"><ele>3828.0</ele><time>2026-04-10T15:30:11Z</time></rtept><rtept lat="37.9554" lon="-107.071943"><ele>3827.4</ele><time>2026-04-10T15:30:11Z</time></rtept><rtept lat="37.955322" lon="-107.072042"><ele>3825.4</ele><time>2026-04-10T15:30:11Z</time></rtept><rtept lat="37.955308" lon="-107.072048"><ele>3825.4</ele><time>2026-04-10T15:30:11Z</time></rtept><rtept lat="37.955276" lon="-107.072064"><ele>3824.8</ele><time>2026-04-10T15:30:11Z</time></rtept><rtept lat="37.955235" lon="-107.072094"><ele>3825.0</ele><time>2026-04-10T15:30:11Z</time></rtept><rtept lat="37.955131" lon="-107.072123"><ele>3825.8</ele><time>2026-04-10T15:30:11Z</time></rtept><rtept lat="37.955032" lon="-107.072103"><ele>3826.2</ele><time>2026-04-10T15:30:11Z</time></rtept><rtept lat="37.954987" lon="-107.072108"><ele>3825.8</ele><time>2026-04-10T15:30:11Z</time></rtept><rtept lat="37.954951" lon="-107.072112"><ele>3825.0</ele><time>2026-04-10T15:30:11Z</time></rtept><rtept lat="37.954902" lon="-107.072091"><ele>3825.0</ele><time>2026-04-10T15:30:11Z</time></rtept><rtept lat="37.954852" lon="-107.072076"><ele>3824.4</ele><time>2026-04-10T15:30:11Z</time></rtept><rtept lat="37.954772" lon="-107.072045"><ele>3821.0</ele><time>2026-04-10T15:30:11Z</time></rtept><rtept lat="37.954745" lon="-107.072036"><ele>3820.4</ele><time>2026-04-10T15:30:11Z</time></rtept><rtept lat="37.9547" lon="-107.072032"><ele>3820.4</ele><time>2026-04-10T15:30:11Z</time></rtept><rtept lat="37.95466" lon="-107.072015"><ele>3820.0</ele><time>2026-04-10T15:30:11Z</time></rtept><rtept lat="37.954619" lon="-107.072014"><ele>3819.6</ele><time>2026-04-10T15:30:11Z</time></rtept><rtept lat="37.954574" lon="-107.072009"><ele>3819.6</ele><time>2026-04-10T15:30:11Z</time></rtept><rtept lat="37.954534" lon="-107.071999"><ele>3819.6</ele><time>2026-04-10T15:30:11Z</time></rtept><rtept lat="37.954494" lon="-107.07198"><ele>3816.8</ele><time>2026-04-10T15:30:11Z</time></rtept><rtept lat="37.954449" lon="-107.071972"><ele>3816.6</ele><time>2026-04-10T15:30:11Z</time></rtept><rtept lat="37.954395" lon="-107.071967"><ele>3816.2</ele><time>2026-04-10T15:30:11Z</time></rtept><rtept lat="37.954346" lon="-107.071944"><ele>3815.6</ele><time>2026-04-10T15:30:11Z</time></rtept><rtept lat="37.954287" lon="-107.071922"><ele>3815.6</ele><time>2026-04-10T15:30:11Z</time></rtept><rtept lat="37.954252" lon="-107.071906"><ele>3815.0</ele><time>2026-04-10T15:30:11Z</time></rtept><rtept lat="37.954202" lon="-107.071899"><ele>3814.2</ele><time>2026-04-10T15:30:11Z</time></rtept><rtept lat="37.954117" lon="-107.071871"><ele>3810.4</ele><time>2026-04-10T15:30:11Z</time></rtept><rtept lat="37.954095" lon="-107.071877"><ele>3810.4</ele><time>2026-04-10T15:30:11Z</time></rtept><rtept lat="37.954045" lon="-107.071865"><ele>3809.4</ele><time>2026-04-10T15:30:11Z</time></rtept><rtept lat="37.953991" lon="-107.071857"><ele>3808.2</ele><time>2026-04-10T15:30:11Z</time></rtept><rtept lat="37.953942" lon="-107.071821"><ele>3807.0</ele><time>2026-04-10T15:30:11Z</time></rtept><rtept lat="37.953911" lon="-107.071806"><ele>3804.4</ele><time>2026-04-10T15:30:11Z</time></rtept><rtept lat="37.953857" lon="-107.0718"><ele>3803.4</ele><time>2026-04-10T15:30:11Z</time></rtept><rtept lat="37.953808" lon="-107.071775"><ele>3803.2</ele><time>2026-04-10T15:30:11Z</time></rtept><rtept lat="37.953768" lon="-107.071761"><ele>3803.2</ele><time>2026-04-10T15:30:11Z</time></rtept><rtept lat="37.953714" lon="-107.07175"><ele>3803.4</ele><time>2026-04-10T15:30:11Z</time></rtept><rtept lat="37.953678" lon="-107.07172"><ele>3800.8</ele><time>2026-04-10T15:30:11Z</time></rtept><rtept lat="37.953651" lon="-107.07171"><ele>3801.2</ele><time>2026-04-10T15:30:11Z</time></rtept><rtept lat="37.953629" lon="-107.071704"><ele>3801.2</ele><time>2026-04-10T15:30:11Z</time></rtept><rtept lat="37.953589" lon="-107.071686"><ele>3801.4</ele><time>2026-04-10T15:30:11Z</time></rtept><rtept lat="37.953543" lon="-107.071688"><ele>3801.4</ele><time>2026-04-10T15:30:11Z</time></rtept><rtept lat="37.95349" lon="-107.071664"><ele>3801.8</ele><time>2026-04-10T15:30:11Z</time></rtept><rtept lat="37.953432" lon="-107.07164"><ele>3802.2</ele><time>2026-04-10T15:30:11Z</time></rtept><rtept lat="37.953374" lon="-107.07162"><ele>3799.4</ele><time>2026-04-10T15:30:11Z</time></rtept><rtept lat="37.95332" lon="-107.071588"><ele>3799.6</ele><time>2026-04-10T15:30:11Z</time></rtept><rtept lat="37.953249" lon="-107.071551"><ele>3796.6</ele><time>2026-04-10T15:30:11Z</time></rtept><rtept lat="37.95324" lon="-107.071546"><ele>3796.6</ele><time>2026-04-10T15:30:11Z</time></rtept><rtept lat="37.953182" lon="-107.071518"><ele>3796.4</ele><time>2026-04-10T15:30:11Z</time></rtept><rtept lat="37.953128" lon="-107.071492"><ele>3795.8</ele><time>2026-04-10T15:30:11Z</time></rtept><rtept lat="37.95307" lon="-107.071465"><ele>3793.0</ele><time>2026-04-10T15:30:11Z</time></rtept><rtept lat="37.953016" lon="-107.071441"><ele>3792.4</ele><time>2026-04-10T15:30:11Z</time></rtept><rtept lat="37.952962" lon="-107.071443"><ele>3792.0</ele><time>2026-04-10T15:30:11Z</time></rtept><rtept lat="37.952917" lon="-107.071447"><ele>3792.0</ele><time>2026-04-10T15:30:11Z</time></rtept><rtept lat="37.952886" lon="-107.071437"><ele>3792.0</ele><time>2026-04-10T15:30:11Z</time></rtept><rtept lat="37.952836" lon="-107.071429"><ele>3792.6</ele><time>2026-04-10T15:30:11Z</time></rtept><rtept lat="37.952787" lon="-107.071418"><ele>3793.6</ele><time>2026-04-10T15:30:11Z</time></rtept><rtept lat="37.952733" lon="-107.071403"><ele>3793.6</ele><time>2026-04-10T15:30:11Z</time></rtept><rtept lat="37.952684" lon="-107.071376"><ele>3791.4</ele><time>2026-04-10T15:30:11Z</time></rtept><rtept lat="37.952631" lon="-107.071343"><ele>3792.0</ele><time>2026-04-10T15:30:11Z</time></rtept><rtept lat="37.952586" lon="-107.07131"><ele>3793.0</ele><time>2026-04-10T15:30:11Z</time></rtept><rtept lat="37.952555" lon="-107.071283"><ele>3790.2</ele><time>2026-04-10T15:30:11Z</time></rtept><rtept lat="37.952501" lon="-107.071257"><ele>3791.8</ele><time>2026-04-10T15:30:11Z</time></rtept><rtept lat="37.952452" lon="-107.071227"><ele>3793.6</ele><time>2026-04-10T15:30:11Z</time></rtept><rtept lat="37.952399" lon="-107.071188"><ele>3790.0</ele><time>2026-04-10T15:30:11Z</time></rtept><rtept lat="37.952363" lon="-107.071152"><ele>3792.0</ele><time>2026-04-10T15:30:11Z</time></rtept><rtept lat="37.95231" lon="-107.07113"><ele>3794.4</ele><time>2026-04-10T15:30:11Z</time></rtept><rtept lat="37.952251" lon="-107.071109"><ele>3791.8</ele><time>2026-04-10T15:30:11Z</time></rtept><rtept lat="37.952198" lon="-107.071084"><ele>3791.8</ele><time>2026-04-10T15:30:11Z</time></rtept><rtept lat="37.952158" lon="-107.071076"><ele>3793.0</ele><time>2026-04-10T15:30:11Z</time></rtept><rtept lat="37.952099" lon="-107.071067"><ele>3793.8</ele><time>2026-04-10T15:30:11Z</time></rtept><rtept lat="37.95205" lon="-107.071061"><ele>3793.8</ele><time>2026-04-10T15:30:11Z</time></rtept><rtept lat="37.951991" lon="-107.071053"><ele>3794.4</ele><time>2026-04-10T15:30:11Z</time></rtept><rtept lat="37.951969" lon="-107.071053"><ele>3795.0</ele><time>2026-04-10T15:30:11Z</time></rtept><rtept lat="37.951906" lon="-107.071047"><ele>3795.2</ele><time>2026-04-10T15:30:11Z</time></rtept><rtept lat="37.951852" lon="-107.071044"><ele>3795.2</ele><time>2026-04-10T15:30:11Z</time></rtept><rtept lat="37.951798" lon="-107.071037"><ele>3791.0</ele><time>2026-04-10T15:30:11Z</time></rtept><rtept lat="37.951744" lon="-107.071032"><ele>3791.2</ele><time>2026-04-10T15:30:11Z</time></rtept><rtept lat="37.95169" lon="-107.071024"><ele>3791.4</ele><time>2026-04-10T15:30:11Z</time></rtept><rtept lat="37.951636" lon="-107.071026"><ele>3791.6</ele><time>2026-04-10T15:30:11Z</time></rtept><rtept lat="37.951586" lon="-107.071033"><ele>3791.6</ele><time>2026-04-10T15:30:11Z</time></rtept><rtept lat="37.951536" lon="-107.071047"><ele>3794.8</ele><time>2026-04-10T15:30:11Z</time></rtept><rtept lat="37.951518" lon="-107.07105"><ele>3794.8</ele><time>2026-04-10T15:30:11Z</time></rtept><rtept lat="37.951478" lon="-107.071039"><ele>3795.0</ele><time>2026-04-10T15:30:11Z</time></rtept><rtept lat="37.95146" lon="-107.071016"><ele>3792.4</ele><time>2026-04-10T15:30:11Z</time></rtept><rtept lat="37.951429" lon="-107.070988"><ele>3793.0</ele><time>2026-04-10T15:30:11Z</time></rtept><rtept lat="37.951385" lon="-107.070946"><ele>3791.2</ele><time>2026-04-10T15:30:11Z</time></rtept><rtept lat="37.951354" lon="-107.070919"><ele>3792.2</ele><time>2026-04-10T15:30:11Z</time></rtept><rtept lat="37.951309" lon="-107.070892"><ele>3792.2</ele><time>2026-04-10T15:30:11Z</time></rtept><rtept lat="37.95126" lon="-107.070871"><ele>3793.4</ele><time>2026-04-10T15:30:11Z</time></rtept><rtept lat="37.951215" lon="-107.070883"><ele>3794.2</ele><time>2026-04-10T15:30:11Z</time></rtept><rtept lat="37.951169" lon="-107.070905"><ele>3794.2</ele><time>2026-04-10T15:30:11Z</time></rtept><rtept lat="37.951115" lon="-107.070935"><ele>3794.8</ele><time>2026-04-10T15:30:11Z</time></rtept><rtept lat="37.951065" lon="-107.070971"><ele>3797.0</ele><time>2026-04-10T15:30:11Z</time></rtept><rtept lat="37.95101" lon="-107.071004"><ele>3797.0</ele><time>2026-04-10T15:30:11Z</time></rtept><rtept lat="37.950969" lon="-107.071038"><ele>3799.2</ele><time>2026-04-10T15:30:11Z</time></rtept><rtept lat="37.950919" lon="-107.071064"><ele>3799.6</ele><time>2026-04-10T15:30:11Z</time></rtept><rtept lat="37.950882" lon="-107.071089"><ele>3799.8</ele><time>2026-04-10T15:30:11Z</time></rtept><rtept lat="37.950837" lon="-107.071105"><ele>3799.8</ele><time>2026-04-10T15:30:11Z</time></rtept><rtept lat="37.950792" lon="-107.071111"><ele>3800.4</ele><time>2026-04-10T15:30:11Z</time></rtept><rtept lat="37.950756" lon="-107.071109"><ele>3801.0</ele><time>2026-04-10T15:30:11Z</time></rtept><rtept lat="37.950738" lon="-107.071105"><ele>3801.0</ele><time>2026-04-10T15:30:11Z</time></rtept><rtept lat="37.950679" lon="-107.071096"><ele>3801.8</ele><time>2026-04-10T15:30:11Z</time></rtept><rtept lat="37.95063" lon="-107.071091"><ele>3801.8</ele><time>2026-04-10T15:30:11Z</time></rtept><rtept lat="37.950585" lon="-107.071078"><ele>3802.8</ele><time>2026-04-10T15:30:11Z</time></rtept><rtept lat="37.950531" lon="-107.071071"><ele>3804.0</ele><time>2026-04-10T15:30:11Z</time></rtept><rtept lat="37.950482" lon="-107.071064"><ele>3805.2</ele><time>2026-04-10T15:30:11Z</time></rtept><rtept lat="37.950427" lon="-107.071066"><ele>3805.2</ele><time>2026-04-10T15:30:11Z</time></rtept><rtept lat="37.950374" lon="-107.071063"><ele>3806.4</ele><time>2026-04-10T15:30:11Z</time></rtept><rtept lat="37.950324" lon="-107.07107"><ele>3807.8</ele><time>2026-04-10T15:30:11Z</time></rtept><rtept lat="37.950279" lon="-107.071079"><ele>3808.4</ele><time>2026-04-10T15:30:11Z</time></rtept><rtept lat="37.950229" lon="-107.071076"><ele>3808.4</ele><time>2026-04-10T15:30:11Z</time></rtept><rtept lat="37.950189" lon="-107.071061"><ele>3809.0</ele><time>2026-04-10T15:30:11Z</time></rtept><rtept lat="37.950144" lon="-107.07104"><ele>3809.2</ele><time>2026-04-10T15:30:11Z</time></rtept><rtept lat="37.950122" lon="-107.071026"><ele>3805.8</ele><time>2026-04-10T15:30:11Z</time></rtept><rtept lat="37.950108" lon="-107.071026"><ele>3805.8</ele><time>2026-04-10T15:30:11Z</time></rtept><rtept lat="37.950077" lon="-107.071025"><ele>3805.6</ele><time>2026-04-10T15:30:11Z</time></rtept><rtept lat="37.950027" lon="-107.071025"><ele>3805.6</ele><time>2026-04-10T15:30:11Z</time></rtept><rtept lat="37.949978" lon="-107.071025"><ele>3805.0</ele><time>2026-04-10T15:30:11Z</time></rtept><rtept lat="37.949923" lon="-107.071039"><ele>3807.0</ele><time>2026-04-10T15:30:11Z</time></rtept><rtept lat="37.949864" lon="-107.071051"><ele>3805.0</ele><time>2026-04-10T15:30:11Z</time></rtept><rtept lat="37.94981" lon="-107.071069"><ele>3802.6</ele><time>2026-04-10T15:30:11Z</time></rtept><rtept lat="37.949756" lon="-107.071095"><ele>3802.6</ele><time>2026-04-10T15:30:11Z</time></rtept><rtept lat="37.949706" lon="-107.071119"><ele>3800.0</ele><time>2026-04-10T15:30:11Z</time></rtept><rtept lat="37.949646" lon="-107.071156"><ele>3800.6</ele><time>2026-04-10T15:30:11Z</time></rtept><rtept lat="37.949619" lon="-107.071182"><ele>3800.6</ele><time>2026-04-10T15:30:11Z</time></rtept><rtept lat="37.949569" lon="-107.071227"><ele>3800.8</ele><time>2026-04-10T15:30:11Z</time></rtept><rtept lat="37.949514" lon="-107.071259"><ele>3798.0</ele><time>2026-04-10T15:30:11Z</time></rtept><rtept lat="37.949468" lon="-107.071316"><ele>3798.2</ele><time>2026-04-10T15:30:11Z</time></rtept><rtept lat="37.949417" lon="-107.07137"><ele>3798.2</ele><time>2026-04-10T15:30:11Z</time></rtept><rtept lat="37.949372" lon="-107.071416"><ele>3797.8</ele><time>2026-04-10T15:30:11Z</time></rtept><rtept lat="37.949326" lon="-107.071469"><ele>3797.4</ele><time>2026-04-10T15:30:11Z</time></rtept><rtept lat="37.949284" lon="-107.071525"><ele>3797.4</ele><time>2026-04-10T15:30:11Z</time></rtept><rtept lat="37.949219" lon="-107.071609"><ele>3797.4</ele><time>2026-04-10T15:30:11Z</time></rtept><rtept lat="37.949196" lon="-107.071642"><ele>3797.4</ele><time>2026-04-10T15:30:11Z</time></rtept><rtept lat="37.949155" lon="-107.071697"><ele>3797.4</ele><time>2026-04-10T15:30:11Z</time></rtept><rtept lat="37.949113" lon="-107.071753"><ele>3797.0</ele><time>2026-04-10T15:30:11Z</time></rtept><rtept lat="37.949076" lon="-107.071802"><ele>3797.0</ele><time>2026-04-10T15:30:11Z</time></rtept><rtept lat="37.949049" lon="-107.071833"><ele>3796.2</ele><time>2026-04-10T15:30:11Z</time></rtept><rtept lat="37.94903" lon="-107.071852"><ele>3796.2</ele><time>2026-04-10T15:30:11Z</time></rtept><rtept lat="37.949003" lon="-107.071878"><ele>3793.0</ele><time>2026-04-10T15:30:11Z</time></rtept><rtept lat="37.94898" lon="-107.07191"><ele>3795.6</ele><time>2026-04-10T15:30:11Z</time></rtept><rtept lat="37.948948" lon="-107.071939"><ele>3795.6</ele><time>2026-04-10T15:30:11Z</time></rtept><rtept lat="37.94892" lon="-107.071968"><ele>3792.6</ele><time>2026-04-10T15:30:11Z</time></rtept><rtept lat="37.948888" lon="-107.072001"><ele>3795.2</ele><time>2026-04-10T15:30:11Z</time></rtept><rtept lat="37.948851" lon="-107.072032"><ele>3792.2</ele><time>2026-04-10T15:30:11Z</time></rtept><rtept lat="37.94882" lon="-107.072048"><ele>3792.2</ele><time>2026-04-10T15:30:11Z</time></rtept><rtept lat="37.948797" lon="-107.072075"><ele>3792.4</ele><time>2026-04-10T15:30:11Z</time></rtept><rtept lat="37.948769" lon="-107.072112"><ele>3792.4</ele><time>2026-04-10T15:30:11Z</time></rtept><rtept lat="37.948737" lon="-107.072159"><ele>3795.6</ele><time>2026-04-10T15:30:11Z</time></rtept><rtept lat="37.948718" lon="-107.072181"><ele>3793.0</ele><time>2026-04-10T15:30:11Z</time></rtept><rtept lat="37.948682" lon="-107.072211"><ele>3793.0</ele><time>2026-04-10T15:30:11Z</time></rtept><rtept lat="37.948663" lon="-107.072234"><ele>3790.2</ele><time>2026-04-10T15:30:11Z</time></rtept><rtept lat="37.948631" lon="-107.072273"><ele>3793.2</ele><time>2026-04-10T15:30:11Z</time></rtept><rtept lat="37.948608" lon="-107.0723"><ele>3793.2</ele><time>2026-04-10T15:30:11Z</time></rtept><rtept lat="37.948576" lon="-107.072344"><ele>3792.8</ele><time>2026-04-10T15:30:11Z</time></rtept><rtept lat="37.948544" lon="-107.072379"><ele>3792.8</ele><time>2026-04-10T15:30:11Z</time></rtept><rtept lat="37.948502" lon="-107.072406"><ele>3789.2</ele><time>2026-04-10T15:30:11Z</time></rtept><rtept lat="37.948484" lon="-107.07243"><ele>3791.8</ele><time>2026-04-10T15:30:11Z</time></rtept><rtept lat="37.948457" lon="-107.072447"><ele>3788.6</ele><time>2026-04-10T15:30:11Z</time></rtept><rtept lat="37.948434" lon="-107.072477"><ele>3788.6</ele><time>2026-04-10T15:30:11Z</time></rtept><rtept lat="37.948402" lon="-107.072508"><ele>3791.6</ele><time>2026-04-10T15:30:11Z</time></rtept><rtept lat="37.948365" lon="-107.072541"><ele>3789.2</ele><time>2026-04-10T15:30:11Z</time></rtept><rtept lat="37.948328" lon="-107.072577"><ele>3789.2</ele><time>2026-04-10T15:30:11Z</time></rtept><rtept lat="37.948292" lon="-107.072597"><ele>3791.0</ele><time>2026-04-10T15:30:11Z</time></rtept><rtept lat="37.94826" lon="-107.072634"><ele>3791.0</ele><time>2026-04-10T15:30:11Z</time></rtept><rtept lat="37.948214" lon="-107.072657"><ele>3788.8</ele><time>2026-04-10T15:30:11Z</time></rtept><rtept lat="37.94816" lon="-107.072681"><ele>3789.8</ele><time>2026-04-10T15:30:11Z</time></rtept><rtept lat="37.948114" lon="-107.072717"><ele>3787.2</ele><time>2026-04-10T15:30:11Z</time></rtept><rtept lat="37.948073" lon="-107.072753"><ele>3787.2</ele><time>2026-04-10T15:30:11Z</time></rtept><rtept lat="37.948045" lon="-107.072777"><ele>3788.0</ele><time>2026-04-10T15:30:11Z</time></rtept><rtept lat="37.948013" lon="-107.072828"><ele>3788.0</ele><time>2026-04-10T15:30:11Z</time></rtept><rtept lat="37.947971" lon="-107.072876"><ele>3789.2</ele><time>2026-04-10T15:30:11Z</time></rtept><rtept lat="37.947921" lon="-107.072913"><ele>3789.2</ele><time>2026-04-10T15:30:11Z</time></rtept><rtept lat="37.94788" lon="-107.072949"><ele>3791.0</ele><time>2026-04-10T15:30:11Z</time></rtept><rtept lat="37.94783" lon="-107.072983"><ele>3788.6</ele><time>2026-04-10T15:30:11Z</time></rtept><rtept lat="37.947784" lon="-107.073017"><ele>3790.2</ele><time>2026-04-10T15:30:11Z</time></rtept><rtept lat="37.94773" lon="-107.073035"><ele>3790.2</ele><time>2026-04-10T15:30:11Z</time></rtept><rtept lat="37.947675" lon="-107.073058"><ele>3787.4</ele><time>2026-04-10T15:30:11Z</time></rtept><rtept lat="37.947639" lon="-107.073094"><ele>3785.0</ele><time>2026-04-10T15:30:11Z</time></rtept><rtept lat="37.947602" lon="-107.073115"><ele>3789.0</ele><time>2026-04-10T15:30:11Z</time></rtept><rtept lat="37.947575" lon="-107.07313"><ele>3787.2</ele><time>2026-04-10T15:30:11Z</time></rtept><rtept lat="37.94752" lon="-107.073163"><ele>3787.2</ele><time>2026-04-10T15:30:11Z</time></rtept><rtept lat="37.947475" lon="-107.073202"><ele>3789.0</ele><time>2026-04-10T15:30:11Z</time></rtept><rtept lat="37.94742" lon="-107.073241"><ele>3786.4</ele><time>2026-04-10T15:30:11Z</time></rtept><rtept lat="37.947374" lon="-107.073281"><ele>3787.8</ele><time>2026-04-10T15:30:11Z</time></rtept><rtept lat="37.947319" lon="-107.073317"><ele>3787.8</ele><time>2026-04-10T15:30:11Z</time></rtept><rtept lat="37.947269" lon="-107.073347"><ele>3785.8</ele><time>2026-04-10T15:30:11Z</time></rtept><rtept lat="37.947224" lon="-107.073375"><ele>3788.8</ele><time>2026-04-10T15:30:11Z</time></rtept><rtept lat="37.947192" lon="-107.073393"><ele>3788.8</ele><time>2026-04-10T15:30:11Z</time></rtept><rtept lat="37.947142" lon="-107.073431"><ele>3787.0</ele><time>2026-04-10T15:30:11Z</time></rtept><rtept lat="37.947083" lon="-107.073456"><ele>3788.6</ele><time>2026-04-10T15:30:11Z</time></rtept><rtept lat="37.947033" lon="-107.073484"><ele>3786.0</ele><time>2026-04-10T15:30:11Z</time></rtept><rtept lat="37.946987" lon="-107.073509"><ele>3786.0</ele><time>2026-04-10T15:30:11Z</time></rtept><rtept lat="37.946932" lon="-107.073538"><ele>3788.0</ele><time>2026-04-10T15:30:11Z</time></rtept><rtept lat="37.946878" lon="-107.073569"><ele>3786.4</ele><time>2026-04-10T15:30:11Z</time></rtept><rtept lat="37.946832" lon="-107.073605"><ele>3785.0</ele><time>2026-04-10T15:30:11Z</time></rtept><rtept lat="37.946787" lon="-107.073635"><ele>3789.0</ele><time>2026-04-10T15:30:11Z</time></rtept><rtept lat="37.946741" lon="-107.073659"><ele>3787.6</ele><time>2026-04-10T15:30:11Z</time></rtept><rtept lat="37.946696" lon="-107.073681"><ele>3786.4</ele><time>2026-04-10T15:30:11Z</time></rtept><rtept lat="37.946673" lon="-107.073691"><ele>3786.4</ele><time>2026-04-10T15:30:11Z</time></rtept><rtept lat="37.946619" lon="-107.073712"><ele>3788.8</ele><time>2026-04-10T15:30:11Z</time></rtept><rtept lat="37.946569" lon="-107.073737"><ele>3788.8</ele><time>2026-04-10T15:30:11Z</time></rtept><rtept lat="37.946519" lon="-107.073754"><ele>3787.2</ele><time>2026-04-10T15:30:11Z</time></rtept><rtept lat="37.946473" lon="-107.073786"><ele>3790.2</ele><time>2026-04-10T15:30:11Z</time></rtept><rtept lat="37.946419" lon="-107.073799"><ele>3789.0</ele><time>2026-04-10T15:30:11Z</time></rtept><rtept lat="37.946364" lon="-107.073824"><ele>3789.0</ele><time>2026-04-10T15:30:11Z</time></rtept><rtept lat="37.94631" lon="-107.073839"><ele>3787.8</ele><time>2026-04-10T15:30:11Z</time></rtept><rtept lat="37.94626" lon="-107.073839"><ele>3786.4</ele><time>2026-04-10T15:30:11Z</time></rtept><rtept lat="37.946202" lon="-107.073832"><ele>3784.8</ele><time>2026-04-10T15:30:11Z</time></rtept><rtept lat="37.946157" lon="-107.073833"><ele>3783.2</ele><time>2026-04-10T15:30:11Z</time></rtept><rtept lat="37.946134" lon="-107.073838"><ele>3783.2</ele><time>2026-04-10T15:30:11Z</time></rtept><rtept lat="37.94608" lon="-107.073848"><ele>3781.8</ele><time>2026-04-10T15:30:11Z</time></rtept><rtept lat="37.946022" lon="-107.073839"><ele>3780.8</ele><time>2026-04-10T15:30:11Z</time></rtept><rtept lat="37.945967" lon="-107.073836"><ele>3780.8</ele><time>2026-04-10T15:30:11Z</time></rtept><rtept lat="37.945909" lon="-107.073828"><ele>3781.2</ele><time>2026-04-10T15:30:11Z</time></rtept><rtept lat="37.945846" lon="-107.073812"><ele>3782.2</ele><time>2026-04-10T15:30:11Z</time></rtept><rtept lat="37.945792" lon="-107.073796"><ele>3783.6</ele><time>2026-04-10T15:30:11Z</time></rtept><rtept lat="37.945734" lon="-107.073785"><ele>3784.6</ele><time>2026-04-10T15:30:11Z</time></rtept><rtept lat="37.945671" lon="-107.073771"><ele>3781.0</ele><time>2026-04-10T15:30:11Z</time></rtept><rtept lat="37.945613" lon="-107.07375"><ele>3782.2</ele><time>2026-04-10T15:30:11Z</time></rtept><rtept lat="37.945564" lon="-107.073715"><ele>3782.2</ele><time>2026-04-10T15:30:11Z</time></rtept><rtept lat="37.945515" lon="-107.073687"><ele>3779.8</ele><time>2026-04-10T15:30:11Z</time></rtept><rtept lat="37.945457" lon="-107.073662"><ele>3781.4</ele><time>2026-04-10T15:30:11Z</time></rtept><rtept lat="37.945403" lon="-107.073636"><ele>3782.4</ele><time>2026-04-10T15:30:11Z</time></rtept><rtept lat="37.94535" lon="-107.073613"><ele>3782.4</ele><time>2026-04-10T15:30:11Z</time></rtept><rtept lat="37.945301" lon="-107.073591"><ele>3778.4</ele><time>2026-04-10T15:30:11Z</time></rtept><rtept lat="37.945251" lon="-107.073568"><ele>3779.0</ele><time>2026-04-10T15:30:11Z</time></rtept><rtept lat="37.945198" lon="-107.073544"><ele>3779.8</ele><time>2026-04-10T15:30:11Z</time></rtept><rtept lat="37.945189" lon="-107.073539"><ele>3779.8</ele><time>2026-04-10T15:30:11Z</time></rtept><rtept lat="37.945135" lon="-107.073526"><ele>3776.4</ele><time>2026-04-10T15:30:11Z</time></rtept><rtept lat="37.945077" lon="-107.073515"><ele>3777.6</ele><time>2026-04-10T15:30:11Z</time></rtept><rtept lat="37.945018" lon="-107.073492"><ele>3777.6</ele><time>2026-04-10T15:30:11Z</time></rtept><rtept lat="37.94496" lon="-107.073474"><ele>3778.6</ele><time>2026-04-10T15:30:11Z</time></rtept><rtept lat="37.944906" lon="-107.073453"><ele>3779.4</ele><time>2026-04-10T15:30:11Z</time></rtept><rtept lat="37.944853" lon="-107.073433"><ele>3776.2</ele><time>2026-04-10T15:30:11Z</time></rtept><rtept lat="37.944799" lon="-107.073414"><ele>3776.4</ele><time>2026-04-10T15:30:11Z</time></rtept><rtept lat="37.944745" lon="-107.073397"><ele>3776.4</ele><time>2026-04-10T15:30:11Z</time></rtept><rtept lat="37.944696" lon="-107.073376"><ele>3776.2</ele><time>2026-04-10T15:30:11Z</time></rtept><rtept lat="37.944665" lon="-107.073367"><ele>3776.4</ele><time>2026-04-10T15:30:11Z</time></rtept><rtept lat="37.944615" lon="-107.073367"><ele>3776.4</ele><time>2026-04-10T15:30:11Z</time></rtept><rtept lat="37.944556" lon="-107.073362"><ele>3776.8</ele><time>2026-04-10T15:30:11Z</time></rtept><rtept lat="37.944498" lon="-107.073354"><ele>3773.8</ele><time>2026-04-10T15:30:11Z</time></rtept><rtept lat="37.944444" lon="-107.073352"><ele>3774.2</ele><time>2026-04-10T15:30:11Z</time></rtept><rtept lat="37.94439" lon="-107.073347"><ele>3774.4</ele><time>2026-04-10T15:30:11Z</time></rtept><rtept lat="37.944332" lon="-107.073344"><ele>3774.8</ele><time>2026-04-10T15:30:11Z</time></rtept><rtept lat="37.944273" lon="-107.073344"><ele>3774.8</ele><time>2026-04-10T15:30:11Z</time></rtept><rtept lat="37.944214" lon="-107.073348"><ele>3774.8</ele><time>2026-04-10T15:30:11Z</time></rtept><rtept lat="37.944169" lon="-107.073342"><ele>3774.6</ele><time>2026-04-10T15:30:11Z</time></rtept><rtept lat="37.944143" lon="-107.073337"><ele>3774.6</ele><time>2026-04-10T15:30:11Z</time></rtept><rtept lat="37.944089" lon="-107.073324"><ele>3774.0</ele><time>2026-04-10T15:30:11Z</time></rtept><rtept lat="37.944035" lon="-107.073318"><ele>3773.2</ele><time>2026-04-10T15:30:11Z</time></rtept><rtept lat="37.943981" lon="-107.073308"><ele>3772.8</ele><time>2026-04-10T15:30:11Z</time></rtept><rtept lat="37.943909" lon="-107.073289"><ele>3772.8</ele><time>2026-04-10T15:30:11Z</time></rtept><rtept lat="37.943855" lon="-107.073277"><ele>3772.8</ele><time>2026-04-10T15:30:11Z</time></rtept><rtept lat="37.943801" lon="-107.073267"><ele>3769.2</ele><time>2026-04-10T15:30:11Z</time></rtept><rtept lat="37.943747" lon="-107.073253"><ele>3769.4</ele><time>2026-04-10T15:30:11Z</time></rtept><rtept lat="37.943698" lon="-107.073233"><ele>3769.6</ele><time>2026-04-10T15:30:11Z</time></rtept><rtept lat="37.943653" lon="-107.073219"><ele>3769.6</ele><time>2026-04-10T15:30:11Z</time></rtept><rtept lat="37.943626" lon="-107.073215"><ele>3769.6</ele><time>2026-04-10T15:30:11Z</time></rtept><rtept lat="37.943577" lon="-107.073219"><ele>3769.4</ele><time>2026-04-10T15:30:11Z</time></rtept><rtept lat="37.943545" lon="-107.073223"><ele>3769.4</ele><time>2026-04-10T15:30:11Z</time></rtept><rtept lat="37.9435" lon="-107.073235"><ele>3768.8</ele><time>2026-04-10T15:30:11Z</time></rtept><rtept lat="37.943446" lon="-107.073252"><ele>3768.0</ele><time>2026-04-10T15:30:11Z</time></rtept><rtept lat="37.943391" lon="-107.073273"><ele>3771.4</ele><time>2026-04-10T15:30:11Z</time></rtept><rtept lat="37.943341" lon="-107.073289"><ele>3770.0</ele><time>2026-04-10T15:30:11Z</time></rtept><rtept lat="37.943301" lon="-107.0733"><ele>3768.4</ele><time>2026-04-10T15:30:11Z</time></rtept><rtept lat="37.943251" lon="-107.073312"><ele>3768.4</ele><time>2026-04-10T15:30:11Z</time></rtept><rtept lat="37.943197" lon="-107.073327"><ele>3767.2</ele><time>2026-04-10T15:30:11Z</time></rtept><rtept lat="37.943138" lon="-107.073342"><ele>3766.4</ele><time>2026-04-10T15:30:11Z</time></rtept><rtept lat="37.943079" lon="-107.073329"><ele>3765.8</ele><time>2026-04-10T15:30:11Z</time></rtept><rtept lat="37.943025" lon="-107.07332"><ele>3765.6</ele><time>2026-04-10T15:30:11Z</time></rtept><rtept lat="37.942971" lon="-107.073322"><ele>3765.2</ele><time>2026-04-10T15:30:11Z</time></rtept><rtept lat="37.942917" lon="-107.073313"><ele>3765.2</ele><time>2026-04-10T15:30:11Z</time></rtept><rtept lat="37.942859" lon="-107.0733"><ele>3765.0</ele><time>2026-04-10T15:30:11Z</time></rtept><rtept lat="37.942823" lon="-107.073293"><ele>3764.8</ele><time>2026-04-10T15:30:11Z</time></rtept><rtept lat="37.942769" lon="-107.073291"><ele>3765.0</ele><time>2026-04-10T15:30:11Z</time></rtept><rtept lat="37.942733" lon="-107.073298"><ele>3765.0</ele><time>2026-04-10T15:30:11Z</time></rtept><rtept lat="37.942697" lon="-107.073317"><ele>3764.2</ele><time>2026-04-10T15:30:11Z</time></rtept><rtept lat="37.942651" lon="-107.07334"><ele>3764.2</ele><time>2026-04-10T15:30:11Z</time></rtept><rtept lat="37.942551" lon="-107.073368"><ele>3764.4</ele><time>2026-04-10T15:30:11Z</time></rtept><rtept lat="37.942385" lon="-107.073336"><ele>3761.6</ele><time>2026-04-10T15:30:11Z</time></rtept><rtept lat="37.942273" lon="-107.07329"><ele>3760.6</ele><time>2026-04-10T15:30:11Z</time></rtept><rtept lat="37.942251" lon="-107.073267"><ele>3759.8</ele><time>2026-04-10T15:30:11Z</time></rtept><rtept lat="37.942233" lon="-107.073264"><ele>3759.4</ele><time>2026-04-10T15:30:11Z</time></rtept><rtept lat="37.942184" lon="-107.073244"><ele>3759.4</ele><time>2026-04-10T15:30:11Z</time></rtept><rtept lat="37.942171" lon="-107.073239"><ele>3759.4</ele><time>2026-04-10T15:30:11Z</time></rtept><rtept lat="37.942131" lon="-107.073211"><ele>3759.0</ele><time>2026-04-10T15:30:11Z</time></rtept><rtept lat="37.942091" lon="-107.073181"><ele>3758.4</ele><time>2026-04-10T15:30:11Z</time></rtept><rtept lat="37.942011" lon="-107.073113"><ele>3758.0</ele><time>2026-04-10T15:30:11Z</time></rtept><rtept lat="37.941984" lon="-107.073092"><ele>3758.0</ele><time>2026-04-10T15:30:11Z</time></rtept><rtept lat="37.941948" lon="-107.073064"><ele>3757.8</ele><time>2026-04-10T15:30:11Z</time></rtept><rtept lat="37.941908" lon="-107.073033"><ele>3757.8</ele><time>2026-04-10T15:30:11Z</time></rtept><rtept lat="37.941873" lon="-107.073"><ele>3757.6</ele><time>2026-04-10T15:30:11Z</time></rtept><rtept lat="37.941837" lon="-107.072972"><ele>3757.6</ele><time>2026-04-10T15:30:11Z</time></rtept><rtept lat="37.941793" lon="-107.072944"><ele>3757.6</ele><time>2026-04-10T15:30:11Z</time></rtept><rtept lat="37.941753" lon="-107.072917"><ele>3757.8</ele><time>2026-04-10T15:30:11Z</time></rtept><rtept lat="37.941713" lon="-107.072894"><ele>3757.8</ele><time>2026-04-10T15:30:11Z</time></rtept><rtept lat="37.941622" lon="-107.072915"><ele>3758.0</ele><time>2026-04-10T15:30:11Z</time></rtept><rtept lat="37.941599" lon="-107.07294"><ele>3757.8</ele><time>2026-04-10T15:30:11Z</time></rtept><rtept lat="37.941558" lon="-107.072973"><ele>3757.8</ele><time>2026-04-10T15:30:11Z</time></rtept><rtept lat="37.941521" lon="-107.073007"><ele>3758.0</ele><time>2026-04-10T15:30:11Z</time></rtept><rtept lat="37.94148" lon="-107.073039"><ele>3757.8</ele><time>2026-04-10T15:30:11Z</time></rtept><rtept lat="37.941439" lon="-107.073067"><ele>3757.8</ele><time>2026-04-10T15:30:11Z</time></rtept><rtept lat="37.941394" lon="-107.073095"><ele>3758.0</ele><time>2026-04-10T15:30:11Z</time></rtept><rtept lat="37.941352" lon="-107.073129"><ele>3757.8</ele><time>2026-04-10T15:30:11Z</time></rtept><rtept lat="37.941307" lon="-107.073165"><ele>3757.8</ele><time>2026-04-10T15:30:11Z</time></rtept><rtept lat="37.941275" lon="-107.073187"><ele>3757.6</ele><time>2026-04-10T15:30:11Z</time></rtept><rtept lat="37.941238" lon="-107.073221"><ele>3757.6</ele><time>2026-04-10T15:30:11Z</time></rtept><rtept lat="37.941202" lon="-107.073254"><ele>3757.8</ele><time>2026-04-10T15:30:11Z</time></rtept><rtept lat="37.941161" lon="-107.073281"><ele>3757.6</ele><time>2026-04-10T15:30:11Z</time></rtept><rtept lat="37.94112" lon="-107.073313"><ele>3757.6</ele><time>2026-04-10T15:30:11Z</time></rtept><rtept lat="37.941005" lon="-107.073392"><ele>3757.2</ele><time>2026-04-10T15:30:11Z</time></rtept><rtept lat="37.940982" lon="-107.073416"><ele>3757.2</ele><time>2026-04-10T15:30:11Z</time></rtept><rtept lat="37.940937" lon="-107.073447"><ele>3756.8</ele><time>2026-04-10T15:30:11Z</time></rtept><rtept lat="37.940892" lon="-107.073445"><ele>3756.8</ele><time>2026-04-10T15:30:11Z</time></rtept><rtept lat="37.940847" lon="-107.073443"><ele>3756.6</ele><time>2026-04-10T15:30:11Z</time></rtept><rtept lat="37.940797" lon="-107.07345"><ele>3756.6</ele><time>2026-04-10T15:30:11Z</time></rtept><rtept lat="37.940752" lon="-107.073466"><ele>3756.6</ele><time>2026-04-10T15:30:11Z</time></rtept><rtept lat="37.940706" lon="-107.073488"><ele>3756.4</ele><time>2026-04-10T15:30:11Z</time></rtept><rtept lat="37.940656" lon="-107.07351"><ele>3756.4</ele><time>2026-04-10T15:30:11Z</time></rtept><rtept lat="37.940615" lon="-107.073536"><ele>3756.0</ele><time>2026-04-10T15:30:11Z</time></rtept><rtept lat="37.940565" lon="-107.07356"><ele>3755.8</ele><time>2026-04-10T15:30:11Z</time></rtept><rtept lat="37.940515" lon="-107.073584"><ele>3755.8</ele><time>2026-04-10T15:30:11Z</time></rtept><rtept lat="37.94047" lon="-107.073609"><ele>3755.6</ele><time>2026-04-10T15:30:11Z</time></rtept><rtept lat="37.940424" lon="-107.073636"><ele>3755.4</ele><time>2026-04-10T15:30:11Z</time></rtept><rtept lat="37.940311" lon="-107.073688"><ele>3755.0</ele><time>2026-04-10T15:30:11Z</time></rtept><rtept lat="37.940279" lon="-107.073701"><ele>3754.4</ele><time>2026-04-10T15:30:11Z</time></rtept><rtept lat="37.940234" lon="-107.073717"><ele>3754.4</ele><time>2026-04-10T15:30:11Z</time></rtept><rtept lat="37.940184" lon="-107.073734"><ele>3754.2</ele><time>2026-04-10T15:30:11Z</time></rtept><rtept lat="37.940084" lon="-107.073762"><ele>3754.2</ele><time>2026-04-10T15:30:11Z</time></rtept><rtept lat="37.939916" lon="-107.073825"><ele>3753.8</ele><time>2026-04-10T15:30:11Z</time></rtept><rtept lat="37.939757" lon="-107.073931"><ele>3753.6</ele><time>2026-04-10T15:30:11Z</time></rtept><rtept lat="37.939591" lon="-107.074118"><ele>3753.4</ele><time>2026-04-10T15:30:11Z</time></rtept><rtept lat="37.939471" lon="-107.074055"><ele>3753.6</ele><time>2026-04-10T15:30:11Z</time></rtept><rtept lat="37.939428" lon="-107.074038"><ele>3754.2</ele><time>2026-04-10T15:30:11Z</time></rtept><rtept lat="37.939333" lon="-107.074007"><ele>3754.4</ele><time>2026-04-10T15:30:11Z</time></rtept><rtept lat="37.939319" lon="-107.074004"><ele>3754.6</ele><time>2026-04-10T15:30:11Z</time></rtept></rte></gpx>