<?xml version="1.0" ?><gpx xmlns="http://www.topografix.com/GPX/1/1" creator="GaiaGPS" version="1.1" xmlns:xsi="http://www.w3.org/2001/XMLSchema-instance" xsi:schemaLocation="http://www.topografix.com/GPX/1/1 http://www.topografix.com/GPX/1/1/gpx.xsd"><rte><name>TD15:S4:D2 Ruby Creek to Middle Pole Trail</name><desc></desc><extensions><line xmlns="http://www.topografix.com/GPX/gpx_style/0/2"><color>BAF200</color></line></extensions><rtept lat="37.891612" lon="-107.308746"><ele>3796.4</ele><time>2026-04-12T16:58:02Z</time></rtept><rtept lat="37.891552" lon="-107.308662"><ele>3795.6</ele><time>2026-04-12T16:58:02Z</time></rtept><rtept lat="37.891521" lon="-107.308697"><ele>3795.6</ele><time>2026-04-12T16:58:02Z</time></rtept><rtept lat="37.891266" lon="-107.309975"><ele>3795.4</ele><time>2026-04-12T16:58:02Z</time></rtept><rtept lat="37.891138" lon="-107.310478"><ele>3801.4</ele><time>2026-04-12T16:58:02Z</time></rtept><rtept lat="37.890853" lon="-107.310631"><ele>3799.4</ele><time>2026-04-12T16:58:02Z</time></rtept><rtept lat="37.890777" lon="-107.310784"><ele>3802.6</ele><time>2026-04-12T16:58:02Z</time></rtept><rtept lat="37.890719" lon="-107.310993"><ele>3803.2</ele><time>2026-04-12T16:58:02Z</time></rtept><rtept lat="37.890944" lon="-107.311357"><ele>3810.8</ele><time>2026-04-12T16:58:02Z</time></rtept><rtept lat="37.891083" lon="-107.311598"><ele>3814.2</ele><time>2026-04-12T16:58:02Z</time></rtept><rtept lat="37.891204" lon="-107.312042"><ele>3813.6</ele><time>2026-04-12T16:58:02Z</time></rtept><rtept lat="37.891303" lon="-107.312634"><ele>3812.2</ele><time>2026-04-12T16:58:02Z</time></rtept><rtept lat="37.891332" lon="-107.31295"><ele>3813.8</ele><time>2026-04-12T16:58:02Z</time></rtept><rtept lat="37.891322" lon="-107.313291"><ele>3814.0</ele><time>2026-04-12T16:58:02Z</time></rtept><rtept lat="37.891353" lon="-107.313585"><ele>3816.0</ele><time>2026-04-12T16:58:02Z</time></rtept><rtept lat="37.891105" lon="-107.314372"><ele>3817.6</ele><time>2026-04-12T16:58:02Z</time></rtept><rtept lat="37.890993" lon="-107.31478"><ele>3818.2</ele><time>2026-04-12T16:58:02Z</time></rtept><rtept lat="37.890542" lon="-107.315471"><ele>3822.2</ele><time>2026-04-12T16:58:02Z</time></rtept><rtept lat="37.890456" lon="-107.315521"><ele>3824.2</ele><time>2026-04-12T16:58:02Z</time></rtept><rtept lat="37.890272" lon="-107.31577"><ele>3829.8</ele><time>2026-04-12T16:58:02Z</time></rtept><rtept lat="37.890098" lon="-107.316076"><ele>3834.4</ele><time>2026-04-12T16:58:02Z</time></rtept><rtept lat="37.889943" lon="-107.316439"><ele>3840.6</ele><time>2026-04-12T16:58:02Z</time></rtept><rtept lat="37.88992" lon="-107.316556"><ele>3842.0</ele><time>2026-04-12T16:58:02Z</time></rtept><rtept lat="37.889591" lon="-107.31743"><ele>3851.4</ele><time>2026-04-12T16:58:02Z</time></rtept><rtept lat="37.889438" lon="-107.317824"><ele>3856.4</ele><time>2026-04-12T16:58:02Z</time></rtept><rtept lat="37.889243" lon="-107.318086"><ele>3861.0</ele><time>2026-04-12T16:58:02Z</time></rtept><rtept lat="37.889129" lon="-107.318201"><ele>3863.2</ele><time>2026-04-12T16:58:02Z</time></rtept><rtept lat="37.889032" lon="-107.318248"><ele>3864.8</ele><time>2026-04-12T16:58:02Z</time></rtept><rtept lat="37.888671" lon="-107.318322"><ele>3874.2</ele><time>2026-04-12T16:58:02Z</time></rtept><rtept lat="37.888551" lon="-107.318391"><ele>3875.6</ele><time>2026-04-12T16:58:02Z</time></rtept><rtept lat="37.888352" lon="-107.318427"><ele>3881.6</ele><time>2026-04-12T16:58:02Z</time></rtept><rtept lat="37.887795" lon="-107.318283"><ele>3888.0</ele><time>2026-04-12T16:58:02Z</time></rtept><rtept lat="37.887583" lon="-107.318279"><ele>3895.8</ele><time>2026-04-12T16:58:02Z</time></rtept><rtept lat="37.887521" lon="-107.318218"><ele>3895.4</ele><time>2026-04-12T16:58:02Z</time></rtept><rtept lat="37.887406" lon="-107.318201"><ele>3896.8</ele><time>2026-04-12T16:58:02Z</time></rtept><rtept lat="37.887239" lon="-107.318241"><ele>3903.0</ele><time>2026-04-12T16:58:02Z</time></rtept><rtept lat="37.887097" lon="-107.318172"><ele>3903.4</ele><time>2026-04-12T16:58:02Z</time></rtept><rtept lat="37.88702" lon="-107.318148"><ele>3904.6</ele><time>2026-04-12T16:58:02Z</time></rtept><rtept lat="37.886917" lon="-107.318156"><ele>3905.8</ele><time>2026-04-12T16:58:02Z</time></rtept><rtept lat="37.886886" lon="-107.318259"><ele>3909.8</ele><time>2026-04-12T16:58:02Z</time></rtept><rtept lat="37.886935" lon="-107.318336"><ele>3911.0</ele><time>2026-04-12T16:58:02Z</time></rtept><rtept lat="37.887003" lon="-107.318385"><ele>3909.6</ele><time>2026-04-12T16:58:02Z</time></rtept><rtept lat="37.887018" lon="-107.318469"><ele>3912.0</ele><time>2026-04-12T16:58:02Z</time></rtept><rtept lat="37.887086" lon="-107.318579"><ele>3915.6</ele><time>2026-04-12T16:58:02Z</time></rtept><rtept lat="37.887113" lon="-107.31867"><ele>3918.0</ele><time>2026-04-12T16:58:02Z</time></rtept><rtept lat="37.887182" lon="-107.318733"><ele>3916.6</ele><time>2026-04-12T16:58:02Z</time></rtept><rtept lat="37.887252" lon="-107.318883"><ele>3918.6</ele><time>2026-04-12T16:58:02Z</time></rtept><rtept lat="37.887343" lon="-107.318994"><ele>3919.8</ele><time>2026-04-12T16:58:02Z</time></rtept><rtept lat="37.887486" lon="-107.319224"><ele>3925.0</ele><time>2026-04-12T16:58:02Z</time></rtept><rtept lat="37.887316" lon="-107.319144"><ele>3926.8</ele><time>2026-04-12T16:58:02Z</time></rtept><rtept lat="37.886924" lon="-107.319101"><ele>3935.4</ele><time>2026-04-12T16:58:02Z</time></rtept><rtept lat="37.887138" lon="-107.319446"><ele>3946.0</ele><time>2026-04-12T16:58:02Z</time></rtept><rtept lat="37.886718" lon="-107.319466"><ele>3962.8</ele><time>2026-04-12T16:58:02Z</time></rtept><rtept lat="37.886874" lon="-107.319584"><ele>3962.8</ele><time>2026-04-12T16:58:02Z</time></rtept><rtept lat="37.886721" lon="-107.319626"><ele>3970.2</ele><time>2026-04-12T16:58:02Z</time></rtept><rtept lat="37.88653" lon="-107.319652"><ele>3973.6</ele><time>2026-04-12T16:58:02Z</time></rtept><rtept lat="37.885911" lon="-107.319657"><ele>3977.4</ele><time>2026-04-12T16:58:02Z</time></rtept><rtept lat="37.885255" lon="-107.320129"><ele>3981.4</ele><time>2026-04-12T16:58:02Z</time></rtept><rtept lat="37.885181" lon="-107.320225"><ele>3981.8</ele><time>2026-04-12T16:58:02Z</time></rtept><rtept lat="37.885041" lon="-107.320327"><ele>3981.4</ele><time>2026-04-12T16:58:02Z</time></rtept><rtept lat="37.884634" lon="-107.320453"><ele>3978.4</ele><time>2026-04-12T16:58:02Z</time></rtept><rtept lat="37.884481" lon="-107.320537"><ele>3977.6</ele><time>2026-04-12T16:58:02Z</time></rtept><rtept lat="37.884274" lon="-107.320678"><ele>3976.4</ele><time>2026-04-12T16:58:02Z</time></rtept><rtept lat="37.883924" lon="-107.320749"><ele>3972.2</ele><time>2026-04-12T16:58:02Z</time></rtept><rtept lat="37.883671" lon="-107.320723"><ele>3969.8</ele><time>2026-04-12T16:58:02Z</time></rtept><rtept lat="37.883511" lon="-107.320782"><ele>3967.0</ele><time>2026-04-12T16:58:02Z</time></rtept><rtept lat="37.883475" lon="-107.320843"><ele>3967.8</ele><time>2026-04-12T16:58:02Z</time></rtept><rtept lat="37.8832" lon="-107.320935"><ele>3964.6</ele><time>2026-04-12T16:58:02Z</time></rtept><rtept lat="37.88301" lon="-107.321046"><ele>3962.8</ele><time>2026-04-12T16:58:02Z</time></rtept><rtept lat="37.882505" lon="-107.321453"><ele>3961.0</ele><time>2026-04-12T16:58:02Z</time></rtept><rtept lat="37.882028" lon="-107.321735"><ele>3959.8</ele><time>2026-04-12T16:58:02Z</time></rtept><rtept lat="37.881831" lon="-107.321864"><ele>3960.2</ele><time>2026-04-12T16:58:02Z</time></rtept><rtept lat="37.881586" lon="-107.322005"><ele>3959.8</ele><time>2026-04-12T16:58:02Z</time></rtept><rtept lat="37.881167" lon="-107.322198"><ele>3960.2</ele><time>2026-04-12T16:58:02Z</time></rtept><rtept lat="37.881139" lon="-107.322236"><ele>3959.8</ele><time>2026-04-12T16:58:02Z</time></rtept><rtept lat="37.880989" lon="-107.322331"><ele>3960.0</ele><time>2026-04-12T16:58:02Z</time></rtept><rtept lat="37.880638" lon="-107.322463"><ele>3959.8</ele><time>2026-04-12T16:58:02Z</time></rtept><rtept lat="37.880196" lon="-107.322866"><ele>3960.8</ele><time>2026-04-12T16:58:02Z</time></rtept><rtept lat="37.879998" lon="-107.323104"><ele>3960.8</ele><time>2026-04-12T16:58:02Z</time></rtept><rtept lat="37.879799" lon="-107.323392"><ele>3962.2</ele><time>2026-04-12T16:58:02Z</time></rtept><rtept lat="37.879746" lon="-107.323544"><ele>3962.8</ele><time>2026-04-12T16:58:02Z</time></rtept><rtept lat="37.879603" lon="-107.323736"><ele>3963.6</ele><time>2026-04-12T16:58:02Z</time></rtept><rtept lat="37.879526" lon="-107.323923"><ele>3963.8</ele><time>2026-04-12T16:58:02Z</time></rtept><rtept lat="37.879101" lon="-107.324417"><ele>3961.6</ele><time>2026-04-12T16:58:02Z</time></rtept><rtept lat="37.879028" lon="-107.324583"><ele>3960.8</ele><time>2026-04-12T16:58:02Z</time></rtept><rtept lat="37.878945" lon="-107.325197"><ele>3959.0</ele><time>2026-04-12T16:58:02Z</time></rtept><rtept lat="37.878807" lon="-107.325454"><ele>3956.0</ele><time>2026-04-12T16:58:02Z</time></rtept><rtept lat="37.878763" lon="-107.325536"><ele>3954.6</ele><time>2026-04-12T16:58:02Z</time></rtept><rtept lat="37.878864" lon="-107.325972"><ele>3954.4</ele><time>2026-04-12T16:58:02Z</time></rtept><rtept lat="37.878864" lon="-107.326206"><ele>3953.2</ele><time>2026-04-12T16:58:02Z</time></rtept><rtept lat="37.878967" lon="-107.326415"><ele>3952.8</ele><time>2026-04-12T16:58:02Z</time></rtept><rtept lat="37.879249" lon="-107.327629"><ele>3948.4</ele><time>2026-04-12T16:58:02Z</time></rtept><rtept lat="37.879257" lon="-107.327803"><ele>3947.0</ele><time>2026-04-12T16:58:02Z</time></rtept><rtept lat="37.879205" lon="-107.327941"><ele>3945.8</ele><time>2026-04-12T16:58:02Z</time></rtept><rtept lat="37.879075" lon="-107.328853"><ele>3939.6</ele><time>2026-04-12T16:58:02Z</time></rtept><rtept lat="37.879106" lon="-107.328993"><ele>3939.4</ele><time>2026-04-12T16:58:02Z</time></rtept><rtept lat="37.878919" lon="-107.329408"><ele>3938.0</ele><time>2026-04-12T16:58:02Z</time></rtept><rtept lat="37.878816" lon="-107.329576"><ele>3935.8</ele><time>2026-04-12T16:58:02Z</time></rtept><rtept lat="37.878824" lon="-107.32974"><ele>3936.4</ele><time>2026-04-12T16:58:02Z</time></rtept><rtept lat="37.878755" lon="-107.329945"><ele>3935.4</ele><time>2026-04-12T16:58:02Z</time></rtept><rtept lat="37.878712" lon="-107.33019"><ele>3934.0</ele><time>2026-04-12T16:58:02Z</time></rtept><rtept lat="37.878658" lon="-107.330343"><ele>3933.0</ele><time>2026-04-12T16:58:02Z</time></rtept><rtept lat="37.878451" lon="-107.330637"><ele>3930.2</ele><time>2026-04-12T16:58:02Z</time></rtept><rtept lat="37.878422" lon="-107.330741"><ele>3930.0</ele><time>2026-04-12T16:58:02Z</time></rtept><rtept lat="37.878294" lon="-107.330858"><ele>3929.6</ele><time>2026-04-12T16:58:02Z</time></rtept><rtept lat="37.878097" lon="-107.331137"><ele>3928.0</ele><time>2026-04-12T16:58:02Z</time></rtept><rtept lat="37.877863" lon="-107.331164"><ele>3926.2</ele><time>2026-04-12T16:58:02Z</time></rtept><rtept lat="37.877568" lon="-107.331787"><ele>3921.0</ele><time>2026-04-12T16:58:02Z</time></rtept><rtept lat="37.877343" lon="-107.332121"><ele>3923.0</ele><time>2026-04-12T16:58:02Z</time></rtept><rtept lat="37.877225" lon="-107.332513"><ele>3928.0</ele><time>2026-04-12T16:58:02Z</time></rtept><rtept lat="37.877153" lon="-107.332667"><ele>3932.0</ele><time>2026-04-12T16:58:02Z</time></rtept><rtept lat="37.876981" lon="-107.332653"><ele>3933.8</ele><time>2026-04-12T16:58:02Z</time></rtept><rtept lat="37.876857" lon="-107.332639"><ele>3933.6</ele><time>2026-04-12T16:58:02Z</time></rtept><rtept lat="37.876729" lon="-107.332604"><ele>3934.8</ele><time>2026-04-12T16:58:02Z</time></rtept><rtept lat="37.876606" lon="-107.332665"><ele>3937.6</ele><time>2026-04-12T16:58:02Z</time></rtept><rtept lat="37.876309" lon="-107.332633"><ele>3937.6</ele><time>2026-04-12T16:58:02Z</time></rtept><rtept lat="37.876068" lon="-107.33272"><ele>3941.6</ele><time>2026-04-12T16:58:02Z</time></rtept><rtept lat="37.875805" lon="-107.332748"><ele>3945.6</ele><time>2026-04-12T16:58:02Z</time></rtept><rtept lat="37.87545" lon="-107.332866"><ele>3951.0</ele><time>2026-04-12T16:58:02Z</time></rtept><rtept lat="37.875134" lon="-107.332914"><ele>3955.0</ele><time>2026-04-12T16:58:02Z</time></rtept><rtept lat="37.873722" lon="-107.332661"><ele>3961.8</ele><time>2026-04-12T16:58:02Z</time></rtept><rtept lat="37.873567" lon="-107.332757"><ele>3966.2</ele><time>2026-04-12T16:58:02Z</time></rtept><rtept lat="37.873521" lon="-107.332759"><ele>3966.6</ele><time>2026-04-12T16:58:02Z</time></rtept><rtept lat="37.873472" lon="-107.332764"><ele>3967.0</ele><time>2026-04-12T16:58:02Z</time></rtept><rtept lat="37.873385" lon="-107.332908"><ele>3969.8</ele><time>2026-04-12T16:58:02Z</time></rtept><rtept lat="37.873337" lon="-107.333003"><ele>3970.8</ele><time>2026-04-12T16:58:02Z</time></rtept><rtept lat="37.873229" lon="-107.333038"><ele>3970.4</ele><time>2026-04-12T16:58:02Z</time></rtept><rtept lat="37.873182" lon="-107.333136"><ele>3971.0</ele><time>2026-04-12T16:58:02Z</time></rtept><rtept lat="37.873115" lon="-107.333321"><ele>3972.8</ele><time>2026-04-12T16:58:02Z</time></rtept><rtept lat="37.872943" lon="-107.333362"><ele>3972.6</ele><time>2026-04-12T16:58:02Z</time></rtept><rtept lat="37.872836" lon="-107.333569"><ele>3974.6</ele><time>2026-04-12T16:58:02Z</time></rtept><rtept lat="37.872742" lon="-107.33363"><ele>3974.2</ele><time>2026-04-12T16:58:02Z</time></rtept><rtept lat="37.872687" lon="-107.333786"><ele>3976.6</ele><time>2026-04-12T16:58:02Z</time></rtept><rtept lat="37.872576" lon="-107.333818"><ele>3974.8</ele><time>2026-04-12T16:58:02Z</time></rtept><rtept lat="37.872476" lon="-107.333805"><ele>3972.8</ele><time>2026-04-12T16:58:02Z</time></rtept><rtept lat="37.872384" lon="-107.333846"><ele>3971.8</ele><time>2026-04-12T16:58:02Z</time></rtept><rtept lat="37.872338" lon="-107.333917"><ele>3972.2</ele><time>2026-04-12T16:58:02Z</time></rtept><rtept lat="37.872256" lon="-107.333938"><ele>3972.4</ele><time>2026-04-12T16:58:02Z</time></rtept><rtept lat="37.872228" lon="-107.33398"><ele>3972.4</ele><time>2026-04-12T16:58:02Z</time></rtept><rtept lat="37.872236" lon="-107.334037"><ele>3973.6</ele><time>2026-04-12T16:58:02Z</time></rtept><rtept lat="37.872125" lon="-107.334137"><ele>3973.2</ele><time>2026-04-12T16:58:02Z</time></rtept><rtept lat="37.872076" lon="-107.334455"><ele>3977.0</ele><time>2026-04-12T16:58:02Z</time></rtept><rtept lat="37.871974" lon="-107.334561"><ele>3975.8</ele><time>2026-04-12T16:58:02Z</time></rtept><rtept lat="37.87195" lon="-107.334629"><ele>3976.4</ele><time>2026-04-12T16:58:02Z</time></rtept><rtept lat="37.871946" lon="-107.334692"><ele>3976.4</ele><time>2026-04-12T16:58:02Z</time></rtept><rtept lat="37.871862" lon="-107.334877"><ele>3975.8</ele><time>2026-04-12T16:58:02Z</time></rtept><rtept lat="37.871882" lon="-107.335011"><ele>3978.0</ele><time>2026-04-12T16:58:02Z</time></rtept><rtept lat="37.871854" lon="-107.335382"><ele>3979.0</ele><time>2026-04-12T16:58:02Z</time></rtept><rtept lat="37.871662" lon="-107.335542"><ele>3976.2</ele><time>2026-04-12T16:58:02Z</time></rtept><rtept lat="37.871388" lon="-107.336036"><ele>3973.2</ele><time>2026-04-12T16:58:02Z</time></rtept><rtept lat="37.871384" lon="-107.336192"><ele>3973.4</ele><time>2026-04-12T16:58:02Z</time></rtept><rtept lat="37.871427" lon="-107.336305"><ele>3974.6</ele><time>2026-04-12T16:58:02Z</time></rtept><rtept lat="37.871347" lon="-107.33648"><ele>3973.2</ele><time>2026-04-12T16:58:02Z</time></rtept><rtept lat="37.871419" lon="-107.336603"><ele>3974.4</ele><time>2026-04-12T16:58:02Z</time></rtept><rtept lat="37.871456" lon="-107.336736"><ele>3974.6</ele><time>2026-04-12T16:58:02Z</time></rtept><rtept lat="37.871388" lon="-107.33699"><ele>3973.6</ele><time>2026-04-12T16:58:02Z</time></rtept><rtept lat="37.87146" lon="-107.33746"><ele>3972.6</ele><time>2026-04-12T16:58:02Z</time></rtept><rtept lat="37.8715" lon="-107.337593"><ele>3973.6</ele><time>2026-04-12T16:58:02Z</time></rtept><rtept lat="37.871454" lon="-107.337904"><ele>3970.6</ele><time>2026-04-12T16:58:02Z</time></rtept><rtept lat="37.871471" lon="-107.338038"><ele>3971.8</ele><time>2026-04-12T16:58:02Z</time></rtept><rtept lat="37.871404" lon="-107.338175"><ele>3969.4</ele><time>2026-04-12T16:58:02Z</time></rtept><rtept lat="37.871392" lon="-107.338278"><ele>3967.6</ele><time>2026-04-12T16:58:02Z</time></rtept><rtept lat="37.871393" lon="-107.338346"><ele>3967.4</ele><time>2026-04-12T16:58:02Z</time></rtept><rtept lat="37.871316" lon="-107.338463"><ele>3965.6</ele><time>2026-04-12T16:58:02Z</time></rtept><rtept lat="37.871264" lon="-107.338637"><ele>3965.8</ele><time>2026-04-12T16:58:02Z</time></rtept><rtept lat="37.871118" lon="-107.338842"><ele>3962.4</ele><time>2026-04-12T16:58:02Z</time></rtept><rtept lat="37.870653" lon="-107.33973"><ele>3958.2</ele><time>2026-04-12T16:58:02Z</time></rtept><rtept lat="37.870633" lon="-107.340682"><ele>3949.2</ele><time>2026-04-12T16:58:02Z</time></rtept><rtept lat="37.870781" lon="-107.340918"><ele>3945.0</ele><time>2026-04-12T16:58:02Z</time></rtept><rtept lat="37.870863" lon="-107.341006"><ele>3943.2</ele><time>2026-04-12T16:58:02Z</time></rtept><rtept lat="37.870928" lon="-107.341028"><ele>3943.8</ele><time>2026-04-12T16:58:02Z</time></rtept><rtept lat="37.871173" lon="-107.341134"><ele>3940.2</ele><time>2026-04-12T16:58:02Z</time></rtept><rtept lat="37.871135" lon="-107.341152"><ele>3936.8</ele><time>2026-04-12T16:58:02Z</time></rtept><rtept lat="37.871075" lon="-107.34115"><ele>3937.0</ele><time>2026-04-12T16:58:02Z</time></rtept><rtept lat="37.870938" lon="-107.341168"><ele>3937.2</ele><time>2026-04-12T16:58:02Z</time></rtept><rtept lat="37.870525" lon="-107.341269"><ele>3933.2</ele><time>2026-04-12T16:58:02Z</time></rtept><rtept lat="37.870255" lon="-107.341271"><ele>3930.8</ele><time>2026-04-12T16:58:02Z</time></rtept><rtept lat="37.870091" lon="-107.341322"><ele>3928.0</ele><time>2026-04-12T16:58:02Z</time></rtept><rtept lat="37.869888" lon="-107.341313"><ele>3926.4</ele><time>2026-04-12T16:58:02Z</time></rtept><rtept lat="37.8698" lon="-107.34131"><ele>3927.2</ele><time>2026-04-12T16:58:02Z</time></rtept><rtept lat="37.869721" lon="-107.341272"><ele>3927.6</ele><time>2026-04-12T16:58:02Z</time></rtept><rtept lat="37.869661" lon="-107.341205"><ele>3927.8</ele><time>2026-04-12T16:58:02Z</time></rtept><rtept lat="37.869578" lon="-107.341148"><ele>3927.6</ele><time>2026-04-12T16:58:02Z</time></rtept><rtept lat="37.869494" lon="-107.341104"><ele>3926.2</ele><time>2026-04-12T16:58:02Z</time></rtept><rtept lat="37.869411" lon="-107.341028"><ele>3926.0</ele><time>2026-04-12T16:58:02Z</time></rtept><rtept lat="37.869288" lon="-107.34086"><ele>3925.8</ele><time>2026-04-12T16:58:02Z</time></rtept><rtept lat="37.869165" lon="-107.340795"><ele>3924.6</ele><time>2026-04-12T16:58:02Z</time></rtept><rtept lat="37.868617" lon="-107.34124"><ele>3926.2</ele><time>2026-04-12T16:58:02Z</time></rtept><rtept lat="37.868514" lon="-107.341268"><ele>3926.4</ele><time>2026-04-12T16:58:02Z</time></rtept><rtept lat="37.868417" lon="-107.341338"><ele>3927.8</ele><time>2026-04-12T16:58:02Z</time></rtept><rtept lat="37.867966" lon="-107.341558"><ele>3931.0</ele><time>2026-04-12T16:58:02Z</time></rtept><rtept lat="37.867569" lon="-107.341896"><ele>3937.8</ele><time>2026-04-12T16:58:02Z</time></rtept><rtept lat="37.867128" lon="-107.342462"><ele>3949.8</ele><time>2026-04-12T16:58:02Z</time></rtept><rtept lat="37.867053" lon="-107.342591"><ele>3951.0</ele><time>2026-04-12T16:58:02Z</time></rtept><rtept lat="37.86698" lon="-107.342681"><ele>3951.8</ele><time>2026-04-12T16:58:02Z</time></rtept><rtept lat="37.866738" lon="-107.34304"><ele>3955.0</ele><time>2026-04-12T16:58:02Z</time></rtept><rtept lat="37.866662" lon="-107.343079"><ele>3954.8</ele><time>2026-04-12T16:58:02Z</time></rtept><rtept lat="37.866662" lon="-107.343079"><ele>3954.8</ele><time>2026-04-12T16:58:02Z</time></rtept><rtept lat="37.866662" lon="-107.34308"><ele>3954.8</ele><time>2026-04-12T16:58:02Z</time></rtept><rtept lat="37.866497" lon="-107.343166"><ele>3955.2</ele><time>2026-04-12T16:58:02Z</time></rtept><rtept lat="37.866387" lon="-107.34325"><ele>3956.6</ele><time>2026-04-12T16:58:02Z</time></rtept><rtept lat="37.866226" lon="-107.343332"><ele>3958.4</ele><time>2026-04-12T16:58:02Z</time></rtept><rtept lat="37.86613" lon="-107.343359"><ele>3958.4</ele><time>2026-04-12T16:58:02Z</time></rtept><rtept lat="37.866036" lon="-107.343431"><ele>3960.0</ele><time>2026-04-12T16:58:02Z</time></rtept><rtept lat="37.865928" lon="-107.343465"><ele>3961.6</ele><time>2026-04-12T16:58:02Z</time></rtept><rtept lat="37.865669" lon="-107.343666"><ele>3962.6</ele><time>2026-04-12T16:58:02Z</time></rtept><rtept lat="37.865469" lon="-107.343985"><ele>3965.0</ele><time>2026-04-12T16:58:02Z</time></rtept><rtept lat="37.864871" lon="-107.344769"><ele>3969.0</ele><time>2026-04-12T16:58:02Z</time></rtept><rtept lat="37.864689" lon="-107.345012"><ele>3969.6</ele><time>2026-04-12T16:58:02Z</time></rtept><rtept lat="37.864476" lon="-107.345197"><ele>3969.6</ele><time>2026-04-12T16:58:02Z</time></rtept><rtept lat="37.864302" lon="-107.345427"><ele>3970.8</ele><time>2026-04-12T16:58:02Z</time></rtept><rtept lat="37.864067" lon="-107.345619"><ele>3975.0</ele><time>2026-04-12T16:58:02Z</time></rtept><rtept lat="37.863783" lon="-107.345546"><ele>3977.8</ele><time>2026-04-12T16:58:02Z</time></rtept><rtept lat="37.863675" lon="-107.345518"><ele>3977.6</ele><time>2026-04-12T16:58:02Z</time></rtept><rtept lat="37.863578" lon="-107.345398"><ele>3977.8</ele><time>2026-04-12T16:58:02Z</time></rtept><rtept lat="37.863489" lon="-107.345273"><ele>3977.2</ele><time>2026-04-12T16:58:02Z</time></rtept><rtept lat="37.863329" lon="-107.345198"><ele>3978.8</ele><time>2026-04-12T16:58:02Z</time></rtept><rtept lat="37.863257" lon="-107.345195"><ele>3980.0</ele><time>2026-04-12T16:58:02Z</time></rtept><rtept lat="37.863054" lon="-107.345074"><ele>3980.8</ele><time>2026-04-12T16:58:02Z</time></rtept><rtept lat="37.862237" lon="-107.344175"><ele>3982.4</ele><time>2026-04-12T16:58:02Z</time></rtept><rtept lat="37.862052" lon="-107.344022"><ele>3982.2</ele><time>2026-04-12T16:58:02Z</time></rtept><rtept lat="37.861966" lon="-107.343876"><ele>3982.0</ele><time>2026-04-12T16:58:02Z</time></rtept><rtept lat="37.861409" lon="-107.343263"><ele>3985.6</ele><time>2026-04-12T16:58:02Z</time></rtept><rtept lat="37.861182" lon="-107.343169"><ele>3990.8</ele><time>2026-04-12T16:58:02Z</time></rtept><rtept lat="37.860901" lon="-107.343087"><ele>3997.2</ele><time>2026-04-12T16:58:02Z</time></rtept><rtept lat="37.860793" lon="-107.343098"><ele>4000.2</ele><time>2026-04-12T16:58:02Z</time></rtept><rtept lat="37.860581" lon="-107.342977"><ele>4001.4</ele><time>2026-04-12T16:58:02Z</time></rtept><rtept lat="37.860683" lon="-107.343317"><ele>4005.4</ele><time>2026-04-12T16:58:02Z</time></rtept><rtept lat="37.860777" lon="-107.343411"><ele>4005.4</ele><time>2026-04-12T16:58:02Z</time></rtept><rtept lat="37.86084" lon="-107.343428"><ele>4004.6</ele><time>2026-04-12T16:58:02Z</time></rtept><rtept lat="37.860921" lon="-107.343539"><ele>4005.2</ele><time>2026-04-12T16:58:02Z</time></rtept><rtept lat="37.861093" lon="-107.343604"><ele>4004.6</ele><time>2026-04-12T16:58:02Z</time></rtept><rtept lat="37.861138" lon="-107.34366"><ele>4004.8</ele><time>2026-04-12T16:58:02Z</time></rtept><rtept lat="37.861351" lon="-107.343901"><ele>4006.0</ele><time>2026-04-12T16:58:02Z</time></rtept><rtept lat="37.861422" lon="-107.344007"><ele>4005.8</ele><time>2026-04-12T16:58:02Z</time></rtept><rtept lat="37.861402" lon="-107.344022"><ele>4005.8</ele><time>2026-04-12T16:58:02Z</time></rtept><rtept lat="37.861337" lon="-107.343998"><ele>4008.6</ele><time>2026-04-12T16:58:02Z</time></rtept><rtept lat="37.861213" lon="-107.343977"><ele>4010.2</ele><time>2026-04-12T16:58:02Z</time></rtept><rtept lat="37.861062" lon="-107.344005"><ele>4014.6</ele><time>2026-04-12T16:58:02Z</time></rtept><rtept lat="37.860991" lon="-107.34406"><ele>4015.0</ele><time>2026-04-12T16:58:02Z</time></rtept><rtept lat="37.860957" lon="-107.344046"><ele>4015.4</ele><time>2026-04-12T16:58:02Z</time></rtept><rtept lat="37.860812" lon="-107.344058"><ele>4015.8</ele><time>2026-04-12T16:58:02Z</time></rtept><rtept lat="37.860674" lon="-107.344134"><ele>4018.4</ele><time>2026-04-12T16:58:02Z</time></rtept><rtept lat="37.860625" lon="-107.344173"><ele>4020.2</ele><time>2026-04-12T16:58:02Z</time></rtept><rtept lat="37.860529" lon="-107.344179"><ele>4020.6</ele><time>2026-04-12T16:58:02Z</time></rtept><rtept lat="37.860462" lon="-107.344248"><ele>4022.2</ele><time>2026-04-12T16:58:02Z</time></rtept><rtept lat="37.860393" lon="-107.344344"><ele>4023.8</ele><time>2026-04-12T16:58:02Z</time></rtept><rtept lat="37.860294" lon="-107.344421"><ele>4025.2</ele><time>2026-04-12T16:58:02Z</time></rtept><rtept lat="37.860107" lon="-107.344613"><ele>4027.2</ele><time>2026-04-12T16:58:02Z</time></rtept><rtept lat="37.860029" lon="-107.344716"><ele>4028.2</ele><time>2026-04-12T16:58:02Z</time></rtept><rtept lat="37.859934" lon="-107.344771"><ele>4028.8</ele><time>2026-04-12T16:58:02Z</time></rtept><rtept lat="37.859822" lon="-107.344813"><ele>4028.6</ele><time>2026-04-12T16:58:02Z</time></rtept><rtept lat="37.859763" lon="-107.344956"><ele>4030.2</ele><time>2026-04-12T16:58:02Z</time></rtept><rtept lat="37.859671" lon="-107.345055"><ele>4030.4</ele><time>2026-04-12T16:58:02Z</time></rtept><rtept lat="37.859473" lon="-107.345084"><ele>4029.6</ele><time>2026-04-12T16:58:02Z</time></rtept><rtept lat="37.859212" lon="-107.344983"><ele>4026.2</ele><time>2026-04-12T16:58:02Z</time></rtept><rtept lat="37.859137" lon="-107.34498"><ele>4025.8</ele><time>2026-04-12T16:58:02Z</time></rtept><rtept lat="37.859063" lon="-107.344926"><ele>4025.4</ele><time>2026-04-12T16:58:02Z</time></rtept><rtept lat="37.858951" lon="-107.344883"><ele>4024.2</ele><time>2026-04-12T16:58:02Z</time></rtept><rtept lat="37.858818" lon="-107.344901"><ele>4024.2</ele><time>2026-04-12T16:58:02Z</time></rtept><rtept lat="37.858632" lon="-107.34498"><ele>4025.2</ele><time>2026-04-12T16:58:02Z</time></rtept><rtept lat="37.858566" lon="-107.345003"><ele>4025.2</ele><time>2026-04-12T16:58:02Z</time></rtept><rtept lat="37.858526" lon="-107.344951"><ele>4025.2</ele><time>2026-04-12T16:58:02Z</time></rtept><rtept lat="37.858477" lon="-107.344937"><ele>4025.6</ele><time>2026-04-12T16:58:02Z</time></rtept><rtept lat="37.858425" lon="-107.34491"><ele>4024.8</ele><time>2026-04-12T16:58:02Z</time></rtept><rtept lat="37.858395" lon="-107.344898"><ele>4024.8</ele><time>2026-04-12T16:58:02Z</time></rtept><rtept lat="37.858353" lon="-107.344893"><ele>4025.4</ele><time>2026-04-12T16:58:02Z</time></rtept><rtept lat="37.858294" lon="-107.344951"><ele>4027.4</ele><time>2026-04-12T16:58:02Z</time></rtept><rtept lat="37.858187" lon="-107.345054"><ele>4029.2</ele><time>2026-04-12T16:58:02Z</time></rtept><rtept lat="37.858117" lon="-107.345063"><ele>4030.2</ele><time>2026-04-12T16:58:02Z</time></rtept><rtept lat="37.858043" lon="-107.345039"><ele>4030.4</ele><time>2026-04-12T16:58:02Z</time></rtept><rtept lat="37.857966" lon="-107.345071"><ele>4030.8</ele><time>2026-04-12T16:58:02Z</time></rtept><rtept lat="37.857804" lon="-107.345087"><ele>4031.0</ele><time>2026-04-12T16:58:02Z</time></rtept><rtept lat="37.857657" lon="-107.345065"><ele>4031.0</ele><time>2026-04-12T16:58:02Z</time></rtept><rtept lat="37.857609" lon="-107.345084"><ele>4031.2</ele><time>2026-04-12T16:58:02Z</time></rtept><rtept lat="37.857569" lon="-107.34506"><ele>4031.2</ele><time>2026-04-12T16:58:02Z</time></rtept><rtept lat="37.857479" lon="-107.345055"><ele>4031.4</ele><time>2026-04-12T16:58:02Z</time></rtept><rtept lat="37.857427" lon="-107.345096"><ele>4032.6</ele><time>2026-04-12T16:58:02Z</time></rtept><rtept lat="37.857361" lon="-107.345151"><ele>4032.6</ele><time>2026-04-12T16:58:02Z</time></rtept><rtept lat="37.857255" lon="-107.345172"><ele>4032.8</ele><time>2026-04-12T16:58:02Z</time></rtept><rtept lat="37.857033" lon="-107.345343"><ele>4035.2</ele><time>2026-04-12T16:58:02Z</time></rtept><rtept lat="37.856792" lon="-107.345714"><ele>4040.2</ele><time>2026-04-12T16:58:02Z</time></rtept><rtept lat="37.856502" lon="-107.346143"><ele>4041.6</ele><time>2026-04-12T16:58:02Z</time></rtept><rtept lat="37.856384" lon="-107.346373"><ele>4041.0</ele><time>2026-04-12T16:58:02Z</time></rtept><rtept lat="37.856361" lon="-107.346471"><ele>4041.2</ele><time>2026-04-12T16:58:02Z</time></rtept><rtept lat="37.856377" lon="-107.346624"><ele>4041.2</ele><time>2026-04-12T16:58:02Z</time></rtept><rtept lat="37.856249" lon="-107.346857"><ele>4039.0</ele><time>2026-04-12T16:58:02Z</time></rtept><rtept lat="37.856213" lon="-107.346976"><ele>4037.6</ele><time>2026-04-12T16:58:02Z</time></rtept><rtept lat="37.856229" lon="-107.347052"><ele>4038.2</ele><time>2026-04-12T16:58:02Z</time></rtept><rtept lat="37.856242" lon="-107.347116"><ele>4037.8</ele><time>2026-04-12T16:58:02Z</time></rtept><rtept lat="37.856194" lon="-107.34726"><ele>4036.2</ele><time>2026-04-12T16:58:02Z</time></rtept><rtept lat="37.856163" lon="-107.347442"><ele>4035.6</ele><time>2026-04-12T16:58:02Z</time></rtept><rtept lat="37.856105" lon="-107.347629"><ele>4034.0</ele><time>2026-04-12T16:58:02Z</time></rtept><rtept lat="37.856104" lon="-107.347721"><ele>4033.8</ele><time>2026-04-12T16:58:02Z</time></rtept><rtept lat="37.856116" lon="-107.347801"><ele>4033.8</ele><time>2026-04-12T16:58:02Z</time></rtept><rtept lat="37.856087" lon="-107.347886"><ele>4033.6</ele><time>2026-04-12T16:58:02Z</time></rtept><rtept lat="37.85603" lon="-107.347977"><ele>4032.2</ele><time>2026-04-12T16:58:02Z</time></rtept><rtept lat="37.855946" lon="-107.348255"><ele>4028.0</ele><time>2026-04-12T16:58:02Z</time></rtept><rtept lat="37.855905" lon="-107.348457"><ele>4027.8</ele><time>2026-04-12T16:58:02Z</time></rtept><rtept lat="37.855926" lon="-107.348552"><ele>4027.8</ele><time>2026-04-12T16:58:02Z</time></rtept><rtept lat="37.855753" lon="-107.34919"><ele>4023.6</ele><time>2026-04-12T16:58:02Z</time></rtept><rtept lat="37.855753" lon="-107.34919"><ele>4023.6</ele><time>2026-04-12T16:58:02Z</time></rtept><rtept lat="37.855416" lon="-107.349298"><ele>4016.6</ele><time>2026-04-12T16:58:02Z</time></rtept><rtept lat="37.855151" lon="-107.349375"><ele>4012.4</ele><time>2026-04-12T16:58:02Z</time></rtept><rtept lat="37.85499" lon="-107.349524"><ele>4007.8</ele><time>2026-04-12T16:58:02Z</time></rtept><rtept lat="37.85488" lon="-107.349653"><ele>4004.6</ele><time>2026-04-12T16:58:02Z</time></rtept><rtept lat="37.85486" lon="-107.349872"><ele>4001.8</ele><time>2026-04-12T16:58:02Z</time></rtept><rtept lat="37.854909" lon="-107.350156"><ele>3998.4</ele><time>2026-04-12T16:58:02Z</time></rtept><rtept lat="37.854965" lon="-107.350269"><ele>3995.6</ele><time>2026-04-12T16:58:02Z</time></rtept><rtept lat="37.855059" lon="-107.350459"><ele>3991.6</ele><time>2026-04-12T16:58:02Z</time></rtept><rtept lat="37.855116" lon="-107.350544"><ele>3989.6</ele><time>2026-04-12T16:58:02Z</time></rtept><rtept lat="37.85537" lon="-107.350926"><ele>3980.8</ele><time>2026-04-12T16:58:02Z</time></rtept><rtept lat="37.855637" lon="-107.35125"><ele>3971.2</ele><time>2026-04-12T16:58:02Z</time></rtept><rtept lat="37.855853" lon="-107.351585"><ele>3959.8</ele><time>2026-04-12T16:58:02Z</time></rtept><rtept lat="37.856143" lon="-107.351886"><ele>3946.8</ele><time>2026-04-12T16:58:02Z</time></rtept><rtept lat="37.856383" lon="-107.352168"><ele>3936.8</ele><time>2026-04-12T16:58:02Z</time></rtept><rtept lat="37.856488" lon="-107.352524"><ele>3926.6</ele><time>2026-04-12T16:58:02Z</time></rtept><rtept lat="37.856404" lon="-107.352819"><ele>3920.6</ele><time>2026-04-12T16:58:02Z</time></rtept><rtept lat="37.856546" lon="-107.353069"><ele>3920.8</ele><time>2026-04-12T16:58:02Z</time></rtept><rtept lat="37.85669" lon="-107.353536"><ele>3920.8</ele><time>2026-04-12T16:58:02Z</time></rtept><rtept lat="37.856742" lon="-107.353797"><ele>3918.2</ele><time>2026-04-12T16:58:02Z</time></rtept><rtept lat="37.856866" lon="-107.354075"><ele>3915.2</ele><time>2026-04-12T16:58:02Z</time></rtept><rtept lat="37.857016" lon="-107.35437"><ele>3909.0</ele><time>2026-04-12T16:58:02Z</time></rtept><rtept lat="37.857018" lon="-107.354611"><ele>3905.6</ele><time>2026-04-12T16:58:02Z</time></rtept><rtept lat="37.857001" lon="-107.354801"><ele>3901.0</ele><time>2026-04-12T16:58:02Z</time></rtept><rtept lat="37.857073" lon="-107.354914"><ele>3900.2</ele><time>2026-04-12T16:58:02Z</time></rtept><rtept lat="37.85723" lon="-107.355089"><ele>3897.8</ele><time>2026-04-12T16:58:02Z</time></rtept><rtept lat="37.857412" lon="-107.355437"><ele>3895.6</ele><time>2026-04-12T16:58:02Z</time></rtept><rtept lat="37.857573" lon="-107.35573"><ele>3898.6</ele><time>2026-04-12T16:58:02Z</time></rtept><rtept lat="37.857587" lon="-107.35592"><ele>3896.4</ele><time>2026-04-12T16:58:02Z</time></rtept><rtept lat="37.857664" lon="-107.356078"><ele>3896.2</ele><time>2026-04-12T16:58:02Z</time></rtept><rtept lat="37.85777" lon="-107.356377"><ele>3891.4</ele><time>2026-04-12T16:58:02Z</time></rtept><rtept lat="37.857843" lon="-107.356524"><ele>3889.0</ele><time>2026-04-12T16:58:02Z</time></rtept><rtept lat="37.857875" lon="-107.356586"><ele>3889.0</ele><time>2026-04-12T16:58:02Z</time></rtept><rtept lat="37.857906" lon="-107.356645"><ele>3887.8</ele><time>2026-04-12T16:58:02Z</time></rtept><rtept lat="37.857944" lon="-107.356728"><ele>3886.8</ele><time>2026-04-12T16:58:02Z</time></rtept><rtept lat="37.857975" lon="-107.356785"><ele>3885.4</ele><time>2026-04-12T16:58:02Z</time></rtept><rtept lat="37.858003" lon="-107.356844"><ele>3886.0</ele><time>2026-04-12T16:58:02Z</time></rtept><rtept lat="37.858029" lon="-107.356895"><ele>3884.4</ele><time>2026-04-12T16:58:02Z</time></rtept><rtept lat="37.858055" lon="-107.356954"><ele>3883.6</ele><time>2026-04-12T16:58:02Z</time></rtept><rtept lat="37.858083" lon="-107.357011"><ele>3883.6</ele><time>2026-04-12T16:58:02Z</time></rtept><rtept lat="37.858107" lon="-107.357069"><ele>3881.8</ele><time>2026-04-12T16:58:02Z</time></rtept><rtept lat="37.85813" lon="-107.357128"><ele>3881.0</ele><time>2026-04-12T16:58:02Z</time></rtept><rtept lat="37.858156" lon="-107.357185"><ele>3881.0</ele><time>2026-04-12T16:58:02Z</time></rtept><rtept lat="37.85818" lon="-107.35724"><ele>3879.6</ele><time>2026-04-12T16:58:02Z</time></rtept><rtept lat="37.858208" lon="-107.357299"><ele>3878.6</ele><time>2026-04-12T16:58:02Z</time></rtept><rtept lat="37.858238" lon="-107.357355"><ele>3878.6</ele><time>2026-04-12T16:58:02Z</time></rtept><rtept lat="37.858264" lon="-107.35741"><ele>3877.4</ele><time>2026-04-12T16:58:02Z</time></rtept><rtept lat="37.858285" lon="-107.357469"><ele>3875.8</ele><time>2026-04-12T16:58:02Z</time></rtept><rtept lat="37.858318" lon="-107.357548"><ele>3874.0</ele><time>2026-04-12T16:58:02Z</time></rtept><rtept lat="37.858328" lon="-107.357597"><ele>3874.6</ele><time>2026-04-12T16:58:02Z</time></rtept><rtept lat="37.85834" lon="-107.357659"><ele>3872.6</ele><time>2026-04-12T16:58:02Z</time></rtept><rtept lat="37.858346" lon="-107.357722"><ele>3870.6</ele><time>2026-04-12T16:58:02Z</time></rtept><rtept lat="37.858334" lon="-107.357775"><ele>3870.6</ele><time>2026-04-12T16:58:02Z</time></rtept><rtept lat="37.858308" lon="-107.357821"><ele>3868.2</ele><time>2026-04-12T16:58:02Z</time></rtept><rtept lat="37.858271" lon="-107.357859"><ele>3868.2</ele><time>2026-04-12T16:58:02Z</time></rtept><rtept lat="37.858237" lon="-107.357888"><ele>3866.2</ele><time>2026-04-12T16:58:02Z</time></rtept><rtept lat="37.858206" lon="-107.35793"><ele>3866.2</ele><time>2026-04-12T16:58:02Z</time></rtept><rtept lat="37.858185" lon="-107.357978"><ele>3865.0</ele><time>2026-04-12T16:58:02Z</time></rtept><rtept lat="37.858184" lon="-107.358034"><ele>3865.0</ele><time>2026-04-12T16:58:02Z</time></rtept><rtept lat="37.858184" lon="-107.358046"><ele>3865.0</ele><time>2026-04-12T16:58:02Z</time></rtept><rtept lat="37.858187" lon="-107.358107"><ele>3864.0</ele><time>2026-04-12T16:58:02Z</time></rtept><rtept lat="37.858188" lon="-107.35816"><ele>3863.0</ele><time>2026-04-12T16:58:02Z</time></rtept><rtept lat="37.858194" lon="-107.358211"><ele>3863.0</ele><time>2026-04-12T16:58:02Z</time></rtept><rtept lat="37.8582" lon="-107.358251"><ele>3862.0</ele><time>2026-04-12T16:58:02Z</time></rtept><rtept lat="37.858192" lon="-107.358305"><ele>3862.0</ele><time>2026-04-12T16:58:02Z</time></rtept><rtept lat="37.858189" lon="-107.358362"><ele>3860.8</ele><time>2026-04-12T16:58:02Z</time></rtept><rtept lat="37.858181" lon="-107.358417"><ele>3859.2</ele><time>2026-04-12T16:58:02Z</time></rtept><rtept lat="37.858184" lon="-107.358473"><ele>3859.2</ele><time>2026-04-12T16:58:02Z</time></rtept><rtept lat="37.858192" lon="-107.358533"><ele>3858.2</ele><time>2026-04-12T16:58:02Z</time></rtept><rtept lat="37.858189" lon="-107.3586"><ele>3856.8</ele><time>2026-04-12T16:58:02Z</time></rtept><rtept lat="37.858187" lon="-107.358659"><ele>3855.6</ele><time>2026-04-12T16:58:02Z</time></rtept><rtept lat="37.858186" lon="-107.358717"><ele>3855.6</ele><time>2026-04-12T16:58:02Z</time></rtept><rtept lat="37.858183" lon="-107.358773"><ele>3854.0</ele><time>2026-04-12T16:58:02Z</time></rtept><rtept lat="37.858182" lon="-107.358891"><ele>3852.6</ele><time>2026-04-12T16:58:02Z</time></rtept><rtept lat="37.858156" lon="-107.358983"><ele>3851.2</ele><time>2026-04-12T16:58:02Z</time></rtept><rtept lat="37.858135" lon="-107.359035"><ele>3850.0</ele><time>2026-04-12T16:58:02Z</time></rtept><rtept lat="37.858107" lon="-107.359124"><ele>3847.6</ele><time>2026-04-12T16:58:02Z</time></rtept><rtept lat="37.858075" lon="-107.359216"><ele>3845.8</ele><time>2026-04-12T16:58:02Z</time></rtept><rtept lat="37.858067" lon="-107.359279"><ele>3844.4</ele><time>2026-04-12T16:58:02Z</time></rtept><rtept lat="37.858063" lon="-107.359354"><ele>3843.2</ele><time>2026-04-12T16:58:02Z</time></rtept><rtept lat="37.858066" lon="-107.359407"><ele>3843.2</ele><time>2026-04-12T16:58:02Z</time></rtept><rtept lat="37.858065" lon="-107.359479"><ele>3842.4</ele><time>2026-04-12T16:58:02Z</time></rtept><rtept lat="37.858054" lon="-107.359548"><ele>3841.6</ele><time>2026-04-12T16:58:02Z</time></rtept><rtept lat="37.85804" lon="-107.359618"><ele>3839.8</ele><time>2026-04-12T16:58:02Z</time></rtept><rtept lat="37.85803" lon="-107.359677"><ele>3839.8</ele><time>2026-04-12T16:58:02Z</time></rtept><rtept lat="37.858014" lon="-107.359747"><ele>3839.2</ele><time>2026-04-12T16:58:02Z</time></rtept><rtept lat="37.858002" lon="-107.359811"><ele>3838.8</ele><time>2026-04-12T16:58:02Z</time></rtept><rtept lat="37.857992" lon="-107.359879"><ele>3838.4</ele><time>2026-04-12T16:58:02Z</time></rtept><rtept lat="37.857977" lon="-107.359948"><ele>3836.2</ele><time>2026-04-12T16:58:02Z</time></rtept><rtept lat="37.85796" lon="-107.360013"><ele>3836.2</ele><time>2026-04-12T16:58:02Z</time></rtept><rtept lat="37.857942" lon="-107.360076"><ele>3835.6</ele><time>2026-04-12T16:58:02Z</time></rtept><rtept lat="37.857923" lon="-107.360136"><ele>3835.2</ele><time>2026-04-12T16:58:02Z</time></rtept><rtept lat="37.857911" lon="-107.360205"><ele>3833.0</ele><time>2026-04-12T16:58:02Z</time></rtept><rtept lat="37.857896" lon="-107.360273"><ele>3833.0</ele><time>2026-04-12T16:58:02Z</time></rtept><rtept lat="37.857886" lon="-107.360341"><ele>3832.6</ele><time>2026-04-12T16:58:02Z</time></rtept><rtept lat="37.857873" lon="-107.360406"><ele>3832.2</ele><time>2026-04-12T16:58:02Z</time></rtept><rtept lat="37.85786" lon="-107.36047"><ele>3832.0</ele><time>2026-04-12T16:58:02Z</time></rtept><rtept lat="37.857848" lon="-107.360535"><ele>3832.0</ele><time>2026-04-12T16:58:02Z</time></rtept><rtept lat="37.857833" lon="-107.360596"><ele>3830.0</ele><time>2026-04-12T16:58:02Z</time></rtept><rtept lat="37.857823" lon="-107.360659"><ele>3830.2</ele><time>2026-04-12T16:58:02Z</time></rtept><rtept lat="37.85781" lon="-107.360721"><ele>3830.2</ele><time>2026-04-12T16:58:02Z</time></rtept><rtept lat="37.8578" lon="-107.36078"><ele>3830.2</ele><time>2026-04-12T16:58:02Z</time></rtept><rtept lat="37.857783" lon="-107.360842"><ele>3830.4</ele><time>2026-04-12T16:58:02Z</time></rtept><rtept lat="37.857766" lon="-107.3609"><ele>3828.4</ele><time>2026-04-12T16:58:02Z</time></rtept><rtept lat="37.85774" lon="-107.360975"><ele>3828.2</ele><time>2026-04-12T16:58:02Z</time></rtept><rtept lat="37.857721" lon="-107.361019"><ele>3828.2</ele><time>2026-04-12T16:58:02Z</time></rtept><rtept lat="37.857706" lon="-107.36107"><ele>3825.2</ele><time>2026-04-12T16:58:02Z</time></rtept><rtept lat="37.857687" lon="-107.361124"><ele>3825.2</ele><time>2026-04-12T16:58:02Z</time></rtept><rtept lat="37.857668" lon="-107.361175"><ele>3824.6</ele><time>2026-04-12T16:58:02Z</time></rtept><rtept lat="37.857645" lon="-107.361223"><ele>3824.6</ele><time>2026-04-12T16:58:02Z</time></rtept><rtept lat="37.857563" lon="-107.361312"><ele>3819.2</ele><time>2026-04-12T16:58:02Z</time></rtept><rtept lat="37.857523" lon="-107.36139"><ele>3818.2</ele><time>2026-04-12T16:58:02Z</time></rtept><rtept lat="37.857467" lon="-107.361499"><ele>3814.4</ele><time>2026-04-12T16:58:02Z</time></rtept><rtept lat="37.857431" lon="-107.361617"><ele>3811.8</ele><time>2026-04-12T16:58:02Z</time></rtept><rtept lat="37.857424" lon="-107.361695"><ele>3811.0</ele><time>2026-04-12T16:58:02Z</time></rtept><rtept lat="37.857412" lon="-107.361734"><ele>3811.0</ele><time>2026-04-12T16:58:02Z</time></rtept><rtept lat="37.85737" lon="-107.361774"><ele>3808.4</ele><time>2026-04-12T16:58:02Z</time></rtept><rtept lat="37.857331" lon="-107.361811"><ele>3808.4</ele><time>2026-04-12T16:58:02Z</time></rtept><rtept lat="37.857287" lon="-107.361858"><ele>3806.0</ele><time>2026-04-12T16:58:02Z</time></rtept><rtept lat="37.857248" lon="-107.361903"><ele>3806.0</ele><time>2026-04-12T16:58:02Z</time></rtept><rtept lat="37.857209" lon="-107.361946"><ele>3804.6</ele><time>2026-04-12T16:58:02Z</time></rtept><rtept lat="37.857168" lon="-107.361985"><ele>3803.4</ele><time>2026-04-12T16:58:02Z</time></rtept><rtept lat="37.857126" lon="-107.36203"><ele>3803.4</ele><time>2026-04-12T16:58:02Z</time></rtept><rtept lat="37.857082" lon="-107.362076"><ele>3802.2</ele><time>2026-04-12T16:58:02Z</time></rtept><rtept lat="37.857041" lon="-107.362126"><ele>3802.2</ele><time>2026-04-12T16:58:02Z</time></rtept><rtept lat="37.857002" lon="-107.362172"><ele>3801.0</ele><time>2026-04-12T16:58:02Z</time></rtept><rtept lat="37.856962" lon="-107.362214"><ele>3799.8</ele><time>2026-04-12T16:58:02Z</time></rtept><rtept lat="37.856921" lon="-107.36226"><ele>3799.8</ele><time>2026-04-12T16:58:02Z</time></rtept><rtept lat="37.856873" lon="-107.362298"><ele>3798.4</ele><time>2026-04-12T16:58:02Z</time></rtept><rtept lat="37.856831" lon="-107.362347"><ele>3798.6</ele><time>2026-04-12T16:58:02Z</time></rtept><rtept lat="37.856792" lon="-107.362398"><ele>3797.0</ele><time>2026-04-12T16:58:02Z</time></rtept><rtept lat="37.85675" lon="-107.362457"><ele>3796.2</ele><time>2026-04-12T16:58:02Z</time></rtept><rtept lat="37.856718" lon="-107.362519"><ele>3797.2</ele><time>2026-04-12T16:58:02Z</time></rtept><rtept lat="37.856683" lon="-107.362581"><ele>3796.2</ele><time>2026-04-12T16:58:02Z</time></rtept><rtept lat="37.856652" lon="-107.362638"><ele>3797.2</ele><time>2026-04-12T16:58:02Z</time></rtept><rtept lat="37.856582" lon="-107.362762"><ele>3797.0</ele><time>2026-04-12T16:58:02Z</time></rtept><rtept lat="37.856563" lon="-107.362796"><ele>3797.6</ele><time>2026-04-12T16:58:02Z</time></rtept><rtept lat="37.856551" lon="-107.362829"><ele>3796.4</ele><time>2026-04-12T16:58:02Z</time></rtept><rtept lat="37.856535" lon="-107.362881"><ele>3796.8</ele><time>2026-04-12T16:58:02Z</time></rtept><rtept lat="37.85652" lon="-107.362934"><ele>3796.8</ele><time>2026-04-12T16:58:02Z</time></rtept><rtept lat="37.856506" lon="-107.362992"><ele>3797.0</ele><time>2026-04-12T16:58:02Z</time></rtept><rtept lat="37.856491" lon="-107.36304"><ele>3797.2</ele><time>2026-04-12T16:58:02Z</time></rtept><rtept lat="37.856476" lon="-107.363095"><ele>3795.6</ele><time>2026-04-12T16:58:02Z</time></rtept><rtept lat="37.856457" lon="-107.363154"><ele>3795.4</ele><time>2026-04-12T16:58:02Z</time></rtept><rtept lat="37.856438" lon="-107.363212"><ele>3795.2</ele><time>2026-04-12T16:58:02Z</time></rtept><rtept lat="37.856421" lon="-107.363274"><ele>3793.4</ele><time>2026-04-12T16:58:02Z</time></rtept><rtept lat="37.856401" lon="-107.363336"><ele>3792.8</ele><time>2026-04-12T16:58:02Z</time></rtept><rtept lat="37.856378" lon="-107.363397"><ele>3792.4</ele><time>2026-04-12T16:58:02Z</time></rtept><rtept lat="37.856359" lon="-107.363455"><ele>3792.4</ele><time>2026-04-12T16:58:02Z</time></rtept><rtept lat="37.856342" lon="-107.363519"><ele>3789.6</ele><time>2026-04-12T16:58:02Z</time></rtept><rtept lat="37.856313" lon="-107.36358"><ele>3789.2</ele><time>2026-04-12T16:58:02Z</time></rtept><rtept lat="37.856298" lon="-107.363646"><ele>3788.8</ele><time>2026-04-12T16:58:02Z</time></rtept><rtept lat="37.856284" lon="-107.363711"><ele>3786.6</ele><time>2026-04-12T16:58:02Z</time></rtept><rtept lat="37.856269" lon="-107.363772"><ele>3786.4</ele><time>2026-04-12T16:58:02Z</time></rtept><rtept lat="37.856254" lon="-107.363829"><ele>3786.2</ele><time>2026-04-12T16:58:02Z</time></rtept><rtept lat="37.856242" lon="-107.363895"><ele>3786.2</ele><time>2026-04-12T16:58:02Z</time></rtept><rtept lat="37.856229" lon="-107.363958"><ele>3786.2</ele><time>2026-04-12T16:58:02Z</time></rtept><rtept lat="37.856212" lon="-107.364021"><ele>3784.0</ele><time>2026-04-12T16:58:02Z</time></rtept><rtept lat="37.856183" lon="-107.364131"><ele>3783.8</ele><time>2026-04-12T16:58:02Z</time></rtept><rtept lat="37.856166" lon="-107.364198"><ele>3783.4</ele><time>2026-04-12T16:58:02Z</time></rtept><rtept lat="37.856146" lon="-107.364266"><ele>3780.8</ele><time>2026-04-12T16:58:02Z</time></rtept><rtept lat="37.856132" lon="-107.364334"><ele>3780.4</ele><time>2026-04-12T16:58:02Z</time></rtept><rtept lat="37.85611" lon="-107.364403"><ele>3780.4</ele><time>2026-04-12T16:58:02Z</time></rtept><rtept lat="37.856088" lon="-107.364468"><ele>3779.6</ele><time>2026-04-12T16:58:02Z</time></rtept><rtept lat="37.856067" lon="-107.364534"><ele>3776.2</ele><time>2026-04-12T16:58:02Z</time></rtept><rtept lat="37.856055" lon="-107.364578"><ele>3776.2</ele><time>2026-04-12T16:58:02Z</time></rtept><rtept lat="37.856034" lon="-107.364644"><ele>3775.4</ele><time>2026-04-12T16:58:02Z</time></rtept><rtept lat="37.85601" lon="-107.364711"><ele>3772.0</ele><time>2026-04-12T16:58:02Z</time></rtept><rtept lat="37.85599" lon="-107.364762"><ele>3771.0</ele><time>2026-04-12T16:58:02Z</time></rtept><rtept lat="37.855962" lon="-107.364827"><ele>3771.0</ele><time>2026-04-12T16:58:02Z</time></rtept><rtept lat="37.855936" lon="-107.364884"><ele>3768.4</ele><time>2026-04-12T16:58:02Z</time></rtept><rtept lat="37.855902" lon="-107.364943"><ele>3768.0</ele><time>2026-04-12T16:58:02Z</time></rtept><rtept lat="37.855874" lon="-107.364997"><ele>3766.2</ele><time>2026-04-12T16:58:02Z</time></rtept><rtept lat="37.855837" lon="-107.365052"><ele>3766.2</ele><time>2026-04-12T16:58:02Z</time></rtept><rtept lat="37.855801" lon="-107.365102"><ele>3764.8</ele><time>2026-04-12T16:58:02Z</time></rtept><rtept lat="37.855762" lon="-107.365152"><ele>3764.8</ele><time>2026-04-12T16:58:02Z</time></rtept><rtept lat="37.855725" lon="-107.365193"><ele>3763.4</ele><time>2026-04-12T16:58:02Z</time></rtept><rtept lat="37.855692" lon="-107.365234"><ele>3763.4</ele><time>2026-04-12T16:58:02Z</time></rtept><rtept lat="37.855651" lon="-107.36527"><ele>3762.2</ele><time>2026-04-12T16:58:02Z</time></rtept><rtept lat="37.855608" lon="-107.365306"><ele>3760.6</ele><time>2026-04-12T16:58:02Z</time></rtept><rtept lat="37.855561" lon="-107.365349"><ele>3760.6</ele><time>2026-04-12T16:58:02Z</time></rtept><rtept lat="37.855512" lon="-107.365389"><ele>3759.4</ele><time>2026-04-12T16:58:02Z</time></rtept><rtept lat="37.855472" lon="-107.365421"><ele>3757.8</ele><time>2026-04-12T16:58:02Z</time></rtept><rtept lat="37.85543" lon="-107.36547"><ele>3758.2</ele><time>2026-04-12T16:58:02Z</time></rtept><rtept lat="37.855376" lon="-107.365535"><ele>3756.6</ele><time>2026-04-12T16:58:02Z</time></rtept><rtept lat="37.855346" lon="-107.365582"><ele>3756.6</ele><time>2026-04-12T16:58:02Z</time></rtept><rtept lat="37.855327" lon="-107.365618"><ele>3755.0</ele><time>2026-04-12T16:58:02Z</time></rtept><rtept lat="37.855299" lon="-107.365667"><ele>3755.0</ele><time>2026-04-12T16:58:02Z</time></rtept><rtept lat="37.855268" lon="-107.365718"><ele>3753.2</ele><time>2026-04-12T16:58:02Z</time></rtept><rtept lat="37.85522" lon="-107.365824"><ele>3753.4</ele><time>2026-04-12T16:58:02Z</time></rtept><rtept lat="37.855259" lon="-107.365951"><ele>3753.4</ele><time>2026-04-12T16:58:02Z</time></rtept><rtept lat="37.855287" lon="-107.366019"><ele>3755.0</ele><time>2026-04-12T16:58:02Z</time></rtept><rtept lat="37.855319" lon="-107.366082"><ele>3755.0</ele><time>2026-04-12T16:58:02Z</time></rtept><rtept lat="37.855345" lon="-107.366146"><ele>3756.6</ele><time>2026-04-12T16:58:02Z</time></rtept><rtept lat="37.855366" lon="-107.366214"><ele>3756.4</ele><time>2026-04-12T16:58:02Z</time></rtept><rtept lat="37.855392" lon="-107.366281"><ele>3756.4</ele><time>2026-04-12T16:58:02Z</time></rtept><rtept lat="37.855429" lon="-107.36634"><ele>3758.0</ele><time>2026-04-12T16:58:02Z</time></rtept><rtept lat="37.855466" lon="-107.36639"><ele>3758.0</ele><time>2026-04-12T16:58:02Z</time></rtept><rtept lat="37.855503" lon="-107.366449"><ele>3759.8</ele><time>2026-04-12T16:58:02Z</time></rtept><rtept lat="37.855536" lon="-107.366516"><ele>3760.0</ele><time>2026-04-12T16:58:02Z</time></rtept><rtept lat="37.855559" lon="-107.36659"><ele>3762.4</ele><time>2026-04-12T16:58:02Z</time></rtept><rtept lat="37.855587" lon="-107.36666"><ele>3762.6</ele><time>2026-04-12T16:58:02Z</time></rtept><rtept lat="37.855606" lon="-107.366736"><ele>3763.0</ele><time>2026-04-12T16:58:02Z</time></rtept><rtept lat="37.855622" lon="-107.366808"><ele>3764.6</ele><time>2026-04-12T16:58:02Z</time></rtept><rtept lat="37.855648" lon="-107.366879"><ele>3764.8</ele><time>2026-04-12T16:58:02Z</time></rtept><rtept lat="37.855667" lon="-107.366952"><ele>3765.0</ele><time>2026-04-12T16:58:02Z</time></rtept><rtept lat="37.855692" lon="-107.367028"><ele>3766.4</ele><time>2026-04-12T16:58:02Z</time></rtept><rtept lat="37.855766" lon="-107.367279"><ele>3767.2</ele><time>2026-04-12T16:58:02Z</time></rtept><rtept lat="37.855755" lon="-107.367384"><ele>3767.0</ele><time>2026-04-12T16:58:02Z</time></rtept><rtept lat="37.855715" lon="-107.36756"><ele>3765.2</ele><time>2026-04-12T16:58:02Z</time></rtept><rtept lat="37.855691" lon="-107.367647"><ele>3765.0</ele><time>2026-04-12T16:58:02Z</time></rtept><rtept lat="37.855664" lon="-107.367729"><ele>3764.4</ele><time>2026-04-12T16:58:02Z</time></rtept><rtept lat="37.855636" lon="-107.367808"><ele>3764.6</ele><time>2026-04-12T16:58:02Z</time></rtept><rtept lat="37.855603" lon="-107.367891"><ele>3764.2</ele><time>2026-04-12T16:58:02Z</time></rtept><rtept lat="37.85553" lon="-107.368042"><ele>3764.6</ele><time>2026-04-12T16:58:02Z</time></rtept><rtept lat="37.855497" lon="-107.368096"><ele>3764.6</ele><time>2026-04-12T16:58:02Z</time></rtept><rtept lat="37.855488" lon="-107.36811"><ele>3765.2</ele><time>2026-04-12T16:58:02Z</time></rtept><rtept lat="37.855382" lon="-107.368323"><ele>3765.2</ele><time>2026-04-12T16:58:02Z</time></rtept><rtept lat="37.855272" lon="-107.36845"><ele>3765.6</ele><time>2026-04-12T16:58:02Z</time></rtept><rtept lat="37.855242" lon="-107.368482"><ele>3765.0</ele><time>2026-04-12T16:58:02Z</time></rtept><rtept lat="37.855189" lon="-107.368536"><ele>3764.8</ele><time>2026-04-12T16:58:02Z</time></rtept><rtept lat="37.855129" lon="-107.368587"><ele>3764.0</ele><time>2026-04-12T16:58:02Z</time></rtept><rtept lat="37.855053" lon="-107.368655"><ele>3763.8</ele><time>2026-04-12T16:58:02Z</time></rtept><rtept lat="37.854996" lon="-107.368706"><ele>3764.0</ele><time>2026-04-12T16:58:02Z</time></rtept><rtept lat="37.854925" lon="-107.368743"><ele>3763.2</ele><time>2026-04-12T16:58:02Z</time></rtept><rtept lat="37.854858" lon="-107.368758"><ele>3762.4</ele><time>2026-04-12T16:58:02Z</time></rtept><rtept lat="37.85479" lon="-107.368772"><ele>3761.6</ele><time>2026-04-12T16:58:02Z</time></rtept><rtept lat="37.854717" lon="-107.36879"><ele>3762.6</ele><time>2026-04-12T16:58:02Z</time></rtept><rtept lat="37.854645" lon="-107.368811"><ele>3762.2</ele><time>2026-04-12T16:58:02Z</time></rtept><rtept lat="37.854574" lon="-107.368835"><ele>3761.6</ele><time>2026-04-12T16:58:02Z</time></rtept><rtept lat="37.854504" lon="-107.368838"><ele>3761.2</ele><time>2026-04-12T16:58:02Z</time></rtept><rtept lat="37.854432" lon="-107.368845"><ele>3760.8</ele><time>2026-04-12T16:58:02Z</time></rtept><rtept lat="37.854356" lon="-107.368844"><ele>3760.4</ele><time>2026-04-12T16:58:02Z</time></rtept><rtept lat="37.854279" lon="-107.36884"><ele>3760.0</ele><time>2026-04-12T16:58:02Z</time></rtept><rtept lat="37.854205" lon="-107.368835"><ele>3759.6</ele><time>2026-04-12T16:58:02Z</time></rtept><rtept lat="37.854124" lon="-107.368838"><ele>3759.2</ele><time>2026-04-12T16:58:02Z</time></rtept><rtept lat="37.854046" lon="-107.368847"><ele>3758.4</ele><time>2026-04-12T16:58:02Z</time></rtept><rtept lat="37.853982" lon="-107.368864"><ele>3757.6</ele><time>2026-04-12T16:58:02Z</time></rtept><rtept lat="37.853932" lon="-107.368882"><ele>3758.6</ele><time>2026-04-12T16:58:02Z</time></rtept><rtept lat="37.853879" lon="-107.3689"><ele>3757.6</ele><time>2026-04-12T16:58:02Z</time></rtept><rtept lat="37.853809" lon="-107.368925"><ele>3756.4</ele><time>2026-04-12T16:58:02Z</time></rtept><rtept lat="37.853741" lon="-107.368951"><ele>3755.2</ele><time>2026-04-12T16:58:02Z</time></rtept><rtept lat="37.853679" lon="-107.368981"><ele>3754.2</ele><time>2026-04-12T16:58:02Z</time></rtept><rtept lat="37.853618" lon="-107.369023"><ele>3752.2</ele><time>2026-04-12T16:58:02Z</time></rtept><rtept lat="37.853551" lon="-107.369068"><ele>3750.8</ele><time>2026-04-12T16:58:02Z</time></rtept><rtept lat="37.853489" lon="-107.369123"><ele>3748.8</ele><time>2026-04-12T16:58:02Z</time></rtept><rtept lat="37.853432" lon="-107.369174"><ele>3746.8</ele><time>2026-04-12T16:58:02Z</time></rtept><rtept lat="37.853364" lon="-107.369218"><ele>3746.0</ele><time>2026-04-12T16:58:02Z</time></rtept><rtept lat="37.853295" lon="-107.369247"><ele>3744.8</ele><time>2026-04-12T16:58:02Z</time></rtept><rtept lat="37.85323" lon="-107.369281"><ele>3743.8</ele><time>2026-04-12T16:58:02Z</time></rtept><rtept lat="37.853166" lon="-107.36932"><ele>3743.4</ele><time>2026-04-12T16:58:02Z</time></rtept><rtept lat="37.853093" lon="-107.369339"><ele>3742.6</ele><time>2026-04-12T16:58:02Z</time></rtept><rtept lat="37.853027" lon="-107.369373"><ele>3742.0</ele><time>2026-04-12T16:58:02Z</time></rtept><rtept lat="37.852954" lon="-107.369405"><ele>3742.2</ele><time>2026-04-12T16:58:02Z</time></rtept><rtept lat="37.852879" lon="-107.369443"><ele>3741.4</ele><time>2026-04-12T16:58:02Z</time></rtept><rtept lat="37.852804" lon="-107.36948"><ele>3741.6</ele><time>2026-04-12T16:58:02Z</time></rtept><rtept lat="37.852733" lon="-107.369521"><ele>3740.6</ele><time>2026-04-12T16:58:02Z</time></rtept><rtept lat="37.852659" lon="-107.369549"><ele>3739.6</ele><time>2026-04-12T16:58:02Z</time></rtept><rtept lat="37.852591" lon="-107.369567"><ele>3739.4</ele><time>2026-04-12T16:58:02Z</time></rtept><rtept lat="37.852518" lon="-107.369585"><ele>3738.4</ele><time>2026-04-12T16:58:02Z</time></rtept><rtept lat="37.852441" lon="-107.369615"><ele>3737.4</ele><time>2026-04-12T16:58:02Z</time></rtept><rtept lat="37.852343" lon="-107.36966"><ele>3736.2</ele><time>2026-04-12T16:58:02Z</time></rtept><rtept lat="37.852327" lon="-107.369667"><ele>3736.2</ele><time>2026-04-12T16:58:02Z</time></rtept><rtept lat="37.852248" lon="-107.369692"><ele>3735.2</ele><time>2026-04-12T16:58:02Z</time></rtept><rtept lat="37.852166" lon="-107.369721"><ele>3734.0</ele><time>2026-04-12T16:58:02Z</time></rtept><rtept lat="37.852089" lon="-107.369739"><ele>3734.0</ele><time>2026-04-12T16:58:02Z</time></rtept><rtept lat="37.852006" lon="-107.369749"><ele>3732.4</ele><time>2026-04-12T16:58:02Z</time></rtept><rtept lat="37.851925" lon="-107.369742"><ele>3731.8</ele><time>2026-04-12T16:58:02Z</time></rtept><rtept lat="37.851851" lon="-107.369727"><ele>3730.0</ele><time>2026-04-12T16:58:02Z</time></rtept><rtept lat="37.851777" lon="-107.369725"><ele>3729.4</ele><time>2026-04-12T16:58:02Z</time></rtept><rtept lat="37.851698" lon="-107.369719"><ele>3728.8</ele><time>2026-04-12T16:58:02Z</time></rtept><rtept lat="37.851621" lon="-107.36971"><ele>3728.4</ele><time>2026-04-12T16:58:02Z</time></rtept><rtept lat="37.851545" lon="-107.369701"><ele>3728.0</ele><time>2026-04-12T16:58:02Z</time></rtept><rtept lat="37.851471" lon="-107.369685"><ele>3726.6</ele><time>2026-04-12T16:58:02Z</time></rtept><rtept lat="37.851392" lon="-107.369668"><ele>3725.4</ele><time>2026-04-12T16:58:02Z</time></rtept><rtept lat="37.851312" lon="-107.369646"><ele>3724.4</ele><time>2026-04-12T16:58:02Z</time></rtept><rtept lat="37.851238" lon="-107.369629"><ele>3721.8</ele><time>2026-04-12T16:58:02Z</time></rtept><rtept lat="37.851161" lon="-107.369615"><ele>3721.8</ele><time>2026-04-12T16:58:02Z</time></rtept><rtept lat="37.85108" lon="-107.369633"><ele>3722.2</ele><time>2026-04-12T16:58:02Z</time></rtept><rtept lat="37.851003" lon="-107.369651"><ele>3724.0</ele><time>2026-04-12T16:58:02Z</time></rtept><rtept lat="37.850933" lon="-107.369658"><ele>3724.6</ele><time>2026-04-12T16:58:02Z</time></rtept><rtept lat="37.850857" lon="-107.369649"><ele>3724.8</ele><time>2026-04-12T16:58:02Z</time></rtept><rtept lat="37.850776" lon="-107.369628"><ele>3723.2</ele><time>2026-04-12T16:58:02Z</time></rtept><rtept lat="37.850697" lon="-107.369618"><ele>3723.2</ele><time>2026-04-12T16:58:02Z</time></rtept><rtept lat="37.850616" lon="-107.369612"><ele>3723.0</ele><time>2026-04-12T16:58:02Z</time></rtept><rtept lat="37.850538" lon="-107.369574"><ele>3723.0</ele><time>2026-04-12T16:58:02Z</time></rtept><rtept lat="37.850462" lon="-107.369537"><ele>3721.8</ele><time>2026-04-12T16:58:02Z</time></rtept><rtept lat="37.850389" lon="-107.369497"><ele>3721.6</ele><time>2026-04-12T16:58:02Z</time></rtept><rtept lat="37.850313" lon="-107.369481"><ele>3721.0</ele><time>2026-04-12T16:58:02Z</time></rtept><rtept lat="37.850232" lon="-107.369462"><ele>3719.2</ele><time>2026-04-12T16:58:02Z</time></rtept><rtept lat="37.850146" lon="-107.369444"><ele>3718.8</ele><time>2026-04-12T16:58:02Z</time></rtept><rtept lat="37.850095" lon="-107.36944"><ele>3718.6</ele><time>2026-04-12T16:58:02Z</time></rtept><rtept lat="37.850024" lon="-107.36943"><ele>3718.8</ele><time>2026-04-12T16:58:02Z</time></rtept><rtept lat="37.849973" lon="-107.36942"><ele>3719.2</ele><time>2026-04-12T16:58:02Z</time></rtept><rtept lat="37.849899" lon="-107.369403"><ele>3719.6</ele><time>2026-04-12T16:58:02Z</time></rtept><rtept lat="37.849821" lon="-107.36939"><ele>3719.6</ele><time>2026-04-12T16:58:02Z</time></rtept><rtept lat="37.849745" lon="-107.369391"><ele>3719.2</ele><time>2026-04-12T16:58:02Z</time></rtept><rtept lat="37.849675" lon="-107.369372"><ele>3717.4</ele><time>2026-04-12T16:58:02Z</time></rtept><rtept lat="37.849601" lon="-107.369333"><ele>3717.4</ele><time>2026-04-12T16:58:02Z</time></rtept><rtept lat="37.84953" lon="-107.369284"><ele>3715.8</ele><time>2026-04-12T16:58:02Z</time></rtept><rtept lat="37.849446" lon="-107.369219"><ele>3716.4</ele><time>2026-04-12T16:58:02Z</time></rtept><rtept lat="37.849392" lon="-107.369184"><ele>3714.4</ele><time>2026-04-12T16:58:02Z</time></rtept><rtept lat="37.849275" lon="-107.3691"><ele>3714.2</ele><time>2026-04-12T16:58:02Z</time></rtept><rtept lat="37.849213" lon="-107.369084"><ele>3715.0</ele><time>2026-04-12T16:58:02Z</time></rtept><rtept lat="37.848863" lon="-107.369129"><ele>3719.0</ele><time>2026-04-12T16:58:02Z</time></rtept><rtept lat="37.848403" lon="-107.369321"><ele>3721.2</ele><time>2026-04-12T16:58:02Z</time></rtept><rtept lat="37.848029" lon="-107.369423"><ele>3723.0</ele><time>2026-04-12T16:58:02Z</time></rtept><rtept lat="37.847859" lon="-107.369578"><ele>3726.2</ele><time>2026-04-12T16:58:02Z</time></rtept><rtept lat="37.847769" lon="-107.369711"><ele>3726.6</ele><time>2026-04-12T16:58:02Z</time></rtept><rtept lat="37.847701" lon="-107.369858"><ele>3727.4</ele><time>2026-04-12T16:58:02Z</time></rtept><rtept lat="37.847656" lon="-107.370064"><ele>3727.2</ele><time>2026-04-12T16:58:02Z</time></rtept><rtept lat="37.847827" lon="-107.370877"><ele>3723.8</ele><time>2026-04-12T16:58:02Z</time></rtept><rtept lat="37.848008" lon="-107.371241"><ele>3720.0</ele><time>2026-04-12T16:58:02Z</time></rtept><rtept lat="37.848072" lon="-107.371654"><ele>3710.4</ele><time>2026-04-12T16:58:02Z</time></rtept><rtept lat="37.848141" lon="-107.371813"><ele>3709.8</ele><time>2026-04-12T16:58:02Z</time></rtept><rtept lat="37.848054" lon="-107.372215"><ele>3709.0</ele><time>2026-04-12T16:58:02Z</time></rtept><rtept lat="37.847998" lon="-107.372672"><ele>3706.2</ele><time>2026-04-12T16:58:02Z</time></rtept><rtept lat="37.848161" lon="-107.373292"><ele>3704.6</ele><time>2026-04-12T16:58:02Z</time></rtept><rtept lat="37.848185" lon="-107.373543"><ele>3700.2</ele><time>2026-04-12T16:58:02Z</time></rtept><rtept lat="37.848317" lon="-107.374053"><ele>3699.2</ele><time>2026-04-12T16:58:02Z</time></rtept><rtept lat="37.848265" lon="-107.374364"><ele>3694.8</ele><time>2026-04-12T16:58:02Z</time></rtept><rtept lat="37.848365" lon="-107.375014"><ele>3698.8</ele><time>2026-04-12T16:58:02Z</time></rtept><rtept lat="37.848388" lon="-107.375537"><ele>3694.2</ele><time>2026-04-12T16:58:02Z</time></rtept><rtept lat="37.848297" lon="-107.376934"><ele>3674.6</ele><time>2026-04-12T16:58:02Z</time></rtept><rtept lat="37.848344" lon="-107.377364"><ele>3667.6</ele><time>2026-04-12T16:58:02Z</time></rtept><rtept lat="37.848341" lon="-107.377654"><ele>3659.0</ele><time>2026-04-12T16:58:02Z</time></rtept><rtept lat="37.848624" lon="-107.378806"><ele>3658.6</ele><time>2026-04-12T16:58:02Z</time></rtept><rtept lat="37.848873" lon="-107.379186"><ele>3658.4</ele><time>2026-04-12T16:58:02Z</time></rtept><rtept lat="37.848854" lon="-107.379337"><ele>3657.6</ele><time>2026-04-12T16:58:02Z</time></rtept><rtept lat="37.848712" lon="-107.379682"><ele>3650.8</ele><time>2026-04-12T16:58:02Z</time></rtept><rtept lat="37.848826" lon="-107.380188"><ele>3650.2</ele><time>2026-04-12T16:58:02Z</time></rtept><rtept lat="37.848662" lon="-107.38047"><ele>3646.8</ele><time>2026-04-12T16:58:02Z</time></rtept><rtept lat="37.848621" lon="-107.380641"><ele>3643.8</ele><time>2026-04-12T16:58:02Z</time></rtept><rtept lat="37.84858" lon="-107.381092"><ele>3643.0</ele><time>2026-04-12T16:58:02Z</time></rtept><rtept lat="37.848609" lon="-107.381439"><ele>3642.0</ele><time>2026-04-12T16:58:02Z</time></rtept><rtept lat="37.848843" lon="-107.38259"><ele>3644.8</ele><time>2026-04-12T16:58:02Z</time></rtept><rtept lat="37.848838" lon="-107.382829"><ele>3643.6</ele><time>2026-04-12T16:58:02Z</time></rtept><rtept lat="37.848739" lon="-107.383245"><ele>3640.0</ele><time>2026-04-12T16:58:02Z</time></rtept><rtept lat="37.848642" lon="-107.384537"><ele>3648.0</ele><time>2026-04-12T16:58:02Z</time></rtept><rtept lat="37.848477" lon="-107.385193"><ele>3641.6</ele><time>2026-04-12T16:58:02Z</time></rtept><rtept lat="37.848443" lon="-107.38543"><ele>3642.4</ele><time>2026-04-12T16:58:02Z</time></rtept><rtept lat="37.848472" lon="-107.385975"><ele>3644.2</ele><time>2026-04-12T16:58:02Z</time></rtept><rtept lat="37.848411" lon="-107.386342"><ele>3640.4</ele><time>2026-04-12T16:58:02Z</time></rtept><rtept lat="37.848465" lon="-107.387219"><ele>3641.8</ele><time>2026-04-12T16:58:02Z</time></rtept><rtept lat="37.848556" lon="-107.387524"><ele>3647.2</ele><time>2026-04-12T16:58:02Z</time></rtept><rtept lat="37.848559" lon="-107.3877"><ele>3647.4</ele><time>2026-04-12T16:58:02Z</time></rtept><rtept lat="37.848505" lon="-107.387905"><ele>3646.0</ele><time>2026-04-12T16:58:02Z</time></rtept><rtept lat="37.848512" lon="-107.387996"><ele>3645.0</ele><time>2026-04-12T16:58:02Z</time></rtept><rtept lat="37.848585" lon="-107.388312"><ele>3646.6</ele><time>2026-04-12T16:58:02Z</time></rtept><rtept lat="37.848533" lon="-107.388408"><ele>3647.0</ele><time>2026-04-12T16:58:02Z</time></rtept><rtept lat="37.84851" lon="-107.388571"><ele>3649.2</ele><time>2026-04-12T16:58:02Z</time></rtept><rtept lat="37.848387" lon="-107.38896"><ele>3651.8</ele><time>2026-04-12T16:58:02Z</time></rtept><rtept lat="37.848167" lon="-107.389242"><ele>3653.0</ele><time>2026-04-12T16:58:02Z</time></rtept><rtept lat="37.848119" lon="-107.38949"><ele>3656.6</ele><time>2026-04-12T16:58:02Z</time></rtept><rtept lat="37.847995" lon="-107.389745"><ele>3656.0</ele><time>2026-04-12T16:58:02Z</time></rtept><rtept lat="37.847975" lon="-107.39002"><ele>3658.2</ele><time>2026-04-12T16:58:02Z</time></rtept><rtept lat="37.84808" lon="-107.390174"><ele>3662.4</ele><time>2026-04-12T16:58:02Z</time></rtept><rtept lat="37.848071" lon="-107.390394"><ele>3664.6</ele><time>2026-04-12T16:58:02Z</time></rtept><rtept lat="37.848137" lon="-107.390499"><ele>3667.0</ele><time>2026-04-12T16:58:02Z</time></rtept><rtept lat="37.848043" lon="-107.390783"><ele>3670.4</ele><time>2026-04-12T16:58:02Z</time></rtept><rtept lat="37.84806" lon="-107.391192"><ele>3678.4</ele><time>2026-04-12T16:58:02Z</time></rtept><rtept lat="37.84811" lon="-107.391258"><ele>3680.4</ele><time>2026-04-12T16:58:02Z</time></rtept><rtept lat="37.848197" lon="-107.391234"><ele>3682.4</ele><time>2026-04-12T16:58:02Z</time></rtept><rtept lat="37.848229" lon="-107.39127"><ele>3684.0</ele><time>2026-04-12T16:58:02Z</time></rtept><rtept lat="37.848261" lon="-107.391383"><ele>3685.4</ele><time>2026-04-12T16:58:02Z</time></rtept><rtept lat="37.848248" lon="-107.3916"><ele>3686.4</ele><time>2026-04-12T16:58:02Z</time></rtept><rtept lat="37.848484" lon="-107.391966"><ele>3692.0</ele><time>2026-04-12T16:58:02Z</time></rtept><rtept lat="37.84858" lon="-107.392436"><ele>3696.0</ele><time>2026-04-12T16:58:02Z</time></rtept><rtept lat="37.848576" lon="-107.392627"><ele>3697.4</ele><time>2026-04-12T16:58:02Z</time></rtept><rtept lat="37.848528" lon="-107.392889"><ele>3699.0</ele><time>2026-04-12T16:58:02Z</time></rtept><rtept lat="37.848498" lon="-107.392931"><ele>3702.0</ele><time>2026-04-12T16:58:02Z</time></rtept><rtept lat="37.848264" lon="-107.392905"><ele>3702.0</ele><time>2026-04-12T16:58:02Z</time></rtept><rtept lat="37.848137" lon="-107.392928"><ele>3702.2</ele><time>2026-04-12T16:58:02Z</time></rtept><rtept lat="37.847859" lon="-107.393114"><ele>3702.2</ele><time>2026-04-12T16:58:02Z</time></rtept><rtept lat="37.847661" lon="-107.393301"><ele>3705.4</ele><time>2026-04-12T16:58:02Z</time></rtept><rtept lat="37.847559" lon="-107.393561"><ele>3709.6</ele><time>2026-04-12T16:58:02Z</time></rtept><rtept lat="37.847571" lon="-107.39396"><ele>3711.6</ele><time>2026-04-12T16:58:02Z</time></rtept><rtept lat="37.847634" lon="-107.394212"><ele>3713.4</ele><time>2026-04-12T16:58:02Z</time></rtept><rtept lat="37.847808" lon="-107.39462"><ele>3715.4</ele><time>2026-04-12T16:58:02Z</time></rtept><rtept lat="37.847916" lon="-107.394841"><ele>3717.4</ele><time>2026-04-12T16:58:02Z</time></rtept><rtept lat="37.848085" lon="-107.395071"><ele>3719.0</ele><time>2026-04-12T16:58:02Z</time></rtept><rtept lat="37.848243" lon="-107.395428"><ele>3720.0</ele><time>2026-04-12T16:58:02Z</time></rtept><rtept lat="37.848243" lon="-107.395428"><ele>3720.0</ele><time>2026-04-12T16:58:02Z</time></rtept><rtept lat="37.848328" lon="-107.39562"><ele>3719.8</ele><time>2026-04-12T16:58:02Z</time></rtept><rtept lat="37.848524" lon="-107.395934"><ele>3722.0</ele><time>2026-04-12T16:58:02Z</time></rtept><rtept lat="37.848768" lon="-107.396567"><ele>3726.4</ele><time>2026-04-12T16:58:02Z</time></rtept><rtept lat="37.848878" lon="-107.397371"><ele>3724.8</ele><time>2026-04-12T16:58:02Z</time></rtept><rtept lat="37.848862" lon="-107.397598"><ele>3725.8</ele><time>2026-04-12T16:58:02Z</time></rtept><rtept lat="37.848929" lon="-107.398086"><ele>3732.2</ele><time>2026-04-12T16:58:02Z</time></rtept><rtept lat="37.848929" lon="-107.398628"><ele>3733.0</ele><time>2026-04-12T16:58:02Z</time></rtept><rtept lat="37.848966" lon="-107.398887"><ele>3733.4</ele><time>2026-04-12T16:58:02Z</time></rtept><rtept lat="37.849079" lon="-107.399214"><ele>3735.0</ele><time>2026-04-12T16:58:02Z</time></rtept><rtept lat="37.849036" lon="-107.399363"><ele>3735.6</ele><time>2026-04-12T16:58:02Z</time></rtept><rtept lat="37.849039" lon="-107.399659"><ele>3738.8</ele><time>2026-04-12T16:58:02Z</time></rtept><rtept lat="37.849112" lon="-107.400035"><ele>3744.0</ele><time>2026-04-12T16:58:02Z</time></rtept><rtept lat="37.849371" lon="-107.400681"><ele>3752.4</ele><time>2026-04-12T16:58:02Z</time></rtept><rtept lat="37.849474" lon="-107.401276"><ele>3751.4</ele><time>2026-04-12T16:58:02Z</time></rtept><rtept lat="37.849845" lon="-107.401883"><ele>3755.2</ele><time>2026-04-12T16:58:02Z</time></rtept><rtept lat="37.849937" lon="-107.402144"><ele>3757.0</ele><time>2026-04-12T16:58:02Z</time></rtept><rtept lat="37.850066" lon="-107.402297"><ele>3760.0</ele><time>2026-04-12T16:58:02Z</time></rtept><rtept lat="37.850113" lon="-107.402456"><ele>3758.6</ele><time>2026-04-12T16:58:02Z</time></rtept><rtept lat="37.850312" lon="-107.402847"><ele>3760.2</ele><time>2026-04-12T16:58:02Z</time></rtept><rtept lat="37.850351" lon="-107.403037"><ele>3759.2</ele><time>2026-04-12T16:58:02Z</time></rtept><rtept lat="37.85043" lon="-107.403215"><ele>3760.2</ele><time>2026-04-12T16:58:02Z</time></rtept><rtept lat="37.850655" lon="-107.403563"><ele>3764.4</ele><time>2026-04-12T16:58:02Z</time></rtept><rtept lat="37.850764" lon="-107.403641"><ele>3769.2</ele><time>2026-04-12T16:58:02Z</time></rtept><rtept lat="37.850834" lon="-107.403771"><ele>3772.6</ele><time>2026-04-12T16:58:02Z</time></rtept><rtept lat="37.850866" lon="-107.404071"><ele>3777.4</ele><time>2026-04-12T16:58:02Z</time></rtept><rtept lat="37.851046" lon="-107.404281"><ele>3782.8</ele><time>2026-04-12T16:58:02Z</time></rtept><rtept lat="37.851102" lon="-107.404406"><ele>3784.8</ele><time>2026-04-12T16:58:02Z</time></rtept><rtept lat="37.851175" lon="-107.40473"><ele>3786.6</ele><time>2026-04-12T16:58:02Z</time></rtept><rtept lat="37.851182" lon="-107.404927"><ele>3786.0</ele><time>2026-04-12T16:58:02Z</time></rtept><rtept lat="37.851264" lon="-107.405213"><ele>3787.0</ele><time>2026-04-12T16:58:02Z</time></rtept><rtept lat="37.851423" lon="-107.405367"><ele>3791.0</ele><time>2026-04-12T16:58:02Z</time></rtept><rtept lat="37.851556" lon="-107.405772"><ele>3799.0</ele><time>2026-04-12T16:58:02Z</time></rtept><rtept lat="37.851823" lon="-107.406402"><ele>3809.8</ele><time>2026-04-12T16:58:02Z</time></rtept><rtept lat="37.852002" lon="-107.406676"><ele>3812.8</ele><time>2026-04-12T16:58:02Z</time></rtept><rtept lat="37.852245" lon="-107.40726"><ele>3821.6</ele><time>2026-04-12T16:58:02Z</time></rtept><rtept lat="37.852388" lon="-107.407749"><ele>3825.6</ele><time>2026-04-12T16:58:02Z</time></rtept><rtept lat="37.852555" lon="-107.408144"><ele>3829.2</ele><time>2026-04-12T16:58:02Z</time></rtept><rtept lat="37.852895" lon="-107.408501"><ele>3830.4</ele><time>2026-04-12T16:58:02Z</time></rtept><rtept lat="37.852932" lon="-107.408655"><ele>3832.4</ele><time>2026-04-12T16:58:02Z</time></rtept><rtept lat="37.853026" lon="-107.408714"><ele>3836.0</ele><time>2026-04-12T16:58:02Z</time></rtept><rtept lat="37.853066" lon="-107.408858"><ele>3839.8</ele><time>2026-04-12T16:58:02Z</time></rtept><rtept lat="37.853147" lon="-107.408974"><ele>3842.2</ele><time>2026-04-12T16:58:02Z</time></rtept><rtept lat="37.853439" lon="-107.409242"><ele>3845.0</ele><time>2026-04-12T16:58:02Z</time></rtept><rtept lat="37.853641" lon="-107.409725"><ele>3849.4</ele><time>2026-04-12T16:58:02Z</time></rtept><rtept lat="37.854" lon="-107.410005"><ele>3862.4</ele><time>2026-04-12T16:58:02Z</time></rtept><rtept lat="37.854195" lon="-107.410262"><ele>3868.2</ele><time>2026-04-12T16:58:02Z</time></rtept><rtept lat="37.854285" lon="-107.410486"><ele>3876.2</ele><time>2026-04-12T16:58:02Z</time></rtept><rtept lat="37.854332" lon="-107.410951"><ele>3878.0</ele><time>2026-04-12T16:58:02Z</time></rtept><rtept lat="37.854352" lon="-107.410954"><ele>3878.0</ele><time>2026-04-12T16:58:02Z</time></rtept><rtept lat="37.854432" lon="-107.410762"><ele>3878.4</ele><time>2026-04-12T16:58:02Z</time></rtept><rtept lat="37.854491" lon="-107.410538"><ele>3884.8</ele><time>2026-04-12T16:58:02Z</time></rtept><rtept lat="37.854564" lon="-107.410721"><ele>3884.0</ele><time>2026-04-12T16:58:02Z</time></rtept><rtept lat="37.854585" lon="-107.410902"><ele>3885.4</ele><time>2026-04-12T16:58:02Z</time></rtept><rtept lat="37.854484" lon="-107.411232"><ele>3888.4</ele><time>2026-04-12T16:58:02Z</time></rtept><rtept lat="37.854521" lon="-107.411392"><ele>3892.4</ele><time>2026-04-12T16:58:02Z</time></rtept><rtept lat="37.854515" lon="-107.411583"><ele>3893.0</ele><time>2026-04-12T16:58:02Z</time></rtept><rtept lat="37.854372" lon="-107.411827"><ele>3887.8</ele><time>2026-04-12T16:58:02Z</time></rtept><rtept lat="37.854262" lon="-107.412383"><ele>3889.6</ele><time>2026-04-12T16:58:02Z</time></rtept><rtept lat="37.854098" lon="-107.412781"><ele>3887.2</ele><time>2026-04-12T16:58:02Z</time></rtept><rtept lat="37.854081" lon="-107.412962"><ele>3888.8</ele><time>2026-04-12T16:58:02Z</time></rtept><rtept lat="37.853971" lon="-107.413259"><ele>3889.6</ele><time>2026-04-12T16:58:02Z</time></rtept><rtept lat="37.853872" lon="-107.413688"><ele>3894.0</ele><time>2026-04-12T16:58:02Z</time></rtept><rtept lat="37.853841" lon="-107.41421"><ele>3896.8</ele><time>2026-04-12T16:58:02Z</time></rtept><rtept lat="37.853918" lon="-107.414636"><ele>3902.6</ele><time>2026-04-12T16:58:02Z</time></rtept><rtept lat="37.853968" lon="-107.414754"><ele>3903.8</ele><time>2026-04-12T16:58:02Z</time></rtept><rtept lat="37.85403" lon="-107.414809"><ele>3906.8</ele><time>2026-04-12T16:58:02Z</time></rtept><rtept lat="37.854097" lon="-107.414811"><ele>3908.6</ele><time>2026-04-12T16:58:02Z</time></rtept><rtept lat="37.854116" lon="-107.414867"><ele>3908.6</ele><time>2026-04-12T16:58:02Z</time></rtept><rtept lat="37.854018" lon="-107.415248"><ele>3916.8</ele><time>2026-04-12T16:58:02Z</time></rtept><rtept lat="37.854001" lon="-107.415538"><ele>3921.8</ele><time>2026-04-12T16:58:02Z</time></rtept><rtept lat="37.853841" lon="-107.415999"><ele>3924.0</ele><time>2026-04-12T16:58:02Z</time></rtept><rtept lat="37.853834" lon="-107.416328"><ele>3926.2</ele><time>2026-04-12T16:58:02Z</time></rtept><rtept lat="37.853786" lon="-107.416572"><ele>3927.4</ele><time>2026-04-12T16:58:02Z</time></rtept><rtept lat="37.853735" lon="-107.416632"><ele>3926.8</ele><time>2026-04-12T16:58:02Z</time></rtept><rtept lat="37.853773" lon="-107.416902"><ele>3930.0</ele><time>2026-04-12T16:58:02Z</time></rtept><rtept lat="37.853647" lon="-107.417347"><ele>3934.6</ele><time>2026-04-12T16:58:02Z</time></rtept><rtept lat="37.853624" lon="-107.417644"><ele>3936.8</ele><time>2026-04-12T16:58:02Z</time></rtept><rtept lat="37.853525" lon="-107.418113"><ele>3938.2</ele><time>2026-04-12T16:58:02Z</time></rtept><rtept lat="37.853502" lon="-107.419091"><ele>3938.8</ele><time>2026-04-12T16:58:02Z</time></rtept><rtept lat="37.85336" lon="-107.419654"><ele>3939.0</ele><time>2026-04-12T16:58:02Z</time></rtept><rtept lat="37.853391" lon="-107.420238"><ele>3939.8</ele><time>2026-04-12T16:58:02Z</time></rtept><rtept lat="37.853352" lon="-107.420489"><ele>3938.4</ele><time>2026-04-12T16:58:02Z</time></rtept><rtept lat="37.853321" lon="-107.421119"><ele>3934.6</ele><time>2026-04-12T16:58:02Z</time></rtept><rtept lat="37.853402" lon="-107.421875"><ele>3930.0</ele><time>2026-04-12T16:58:02Z</time></rtept><rtept lat="37.853487" lon="-107.422126"><ele>3929.2</ele><time>2026-04-12T16:58:02Z</time></rtept><rtept lat="37.853426" lon="-107.422824"><ele>3925.0</ele><time>2026-04-12T16:58:02Z</time></rtept><rtept lat="37.853294" lon="-107.423399"><ele>3921.6</ele><time>2026-04-12T16:58:02Z</time></rtept><rtept lat="37.85331" lon="-107.42373"><ele>3924.2</ele><time>2026-04-12T16:58:02Z</time></rtept><rtept lat="37.853204" lon="-107.424282"><ele>3922.0</ele><time>2026-04-12T16:58:02Z</time></rtept><rtept lat="37.853027" lon="-107.424899"><ele>3919.6</ele><time>2026-04-12T16:58:02Z</time></rtept><rtept lat="37.852908" lon="-107.425099"><ele>3919.6</ele><time>2026-04-12T16:58:02Z</time></rtept><rtept lat="37.852728" lon="-107.425546"><ele>3918.2</ele><time>2026-04-12T16:58:02Z</time></rtept><rtept lat="37.852372" lon="-107.426276"><ele>3917.2</ele><time>2026-04-12T16:58:02Z</time></rtept><rtept lat="37.852155" lon="-107.426642"><ele>3917.6</ele><time>2026-04-12T16:58:02Z</time></rtept><rtept lat="37.852125" lon="-107.426817"><ele>3918.0</ele><time>2026-04-12T16:58:02Z</time></rtept><rtept lat="37.851879" lon="-107.427377"><ele>3916.4</ele><time>2026-04-12T16:58:02Z</time></rtept><rtept lat="37.851856" lon="-107.427737"><ele>3915.4</ele><time>2026-04-12T16:58:02Z</time></rtept><rtept lat="37.85204" lon="-107.428081"><ele>3913.2</ele><time>2026-04-12T16:58:02Z</time></rtept><rtept lat="37.852044" lon="-107.428199"><ele>3912.4</ele><time>2026-04-12T16:58:02Z</time></rtept><rtept lat="37.851852" lon="-107.428572"><ele>3908.6</ele><time>2026-04-12T16:58:02Z</time></rtept><rtept lat="37.851228" lon="-107.429342"><ele>3901.2</ele><time>2026-04-12T16:58:02Z</time></rtept><rtept lat="37.850658" lon="-107.429968"><ele>3889.2</ele><time>2026-04-12T16:58:02Z</time></rtept><rtept lat="37.850349" lon="-107.430227"><ele>3885.0</ele><time>2026-04-12T16:58:02Z</time></rtept><rtept lat="37.849253" lon="-107.431357"><ele>3867.8</ele><time>2026-04-12T16:58:02Z</time></rtept><rtept lat="37.849183" lon="-107.431488"><ele>3867.0</ele><time>2026-04-12T16:58:02Z</time></rtept><rtept lat="37.849095" lon="-107.431902"><ele>3866.6</ele><time>2026-04-12T16:58:02Z</time></rtept><rtept lat="37.849004" lon="-107.432094"><ele>3865.6</ele><time>2026-04-12T16:58:02Z</time></rtept><rtept lat="37.848557" lon="-107.432549"><ele>3853.6</ele><time>2026-04-12T16:58:02Z</time></rtept><rtept lat="37.848462" lon="-107.43258"><ele>3851.4</ele><time>2026-04-12T16:58:02Z</time></rtept><rtept lat="37.848263" lon="-107.43255"><ele>3846.0</ele><time>2026-04-12T16:58:02Z</time></rtept><rtept lat="37.848265" lon="-107.432608"><ele>3845.4</ele><time>2026-04-12T16:58:02Z</time></rtept><rtept lat="37.848427" lon="-107.432897"><ele>3848.0</ele><time>2026-04-12T16:58:02Z</time></rtept><rtept lat="37.848556" lon="-107.433041"><ele>3846.0</ele><time>2026-04-12T16:58:02Z</time></rtept><rtept lat="37.848548" lon="-107.433128"><ele>3844.2</ele><time>2026-04-12T16:58:02Z</time></rtept><rtept lat="37.848425" lon="-107.433178"><ele>3840.0</ele><time>2026-04-12T16:58:02Z</time></rtept><rtept lat="37.848435" lon="-107.433316"><ele>3839.4</ele><time>2026-04-12T16:58:02Z</time></rtept><rtept lat="37.84831" lon="-107.433323"><ele>3836.2</ele><time>2026-04-12T16:58:02Z</time></rtept><rtept lat="37.848171" lon="-107.433597"><ele>3830.8</ele><time>2026-04-12T16:58:02Z</time></rtept><rtept lat="37.848067" lon="-107.4337"><ele>3828.2</ele><time>2026-04-12T16:58:02Z</time></rtept><rtept lat="37.84795" lon="-107.43391"><ele>3824.8</ele><time>2026-04-12T16:58:02Z</time></rtept><rtept lat="37.847794" lon="-107.434254"><ele>3821.4</ele><time>2026-04-12T16:58:02Z</time></rtept><rtept lat="37.847603" lon="-107.43448"><ele>3819.4</ele><time>2026-04-12T16:58:02Z</time></rtept><rtept lat="37.846819" lon="-107.435673"><ele>3807.2</ele><time>2026-04-12T16:58:02Z</time></rtept><rtept lat="37.846667" lon="-107.43584"><ele>3805.2</ele><time>2026-04-12T16:58:02Z</time></rtept><rtept lat="37.845921" lon="-107.437011"><ele>3799.0</ele><time>2026-04-12T16:58:02Z</time></rtept><rtept lat="37.84576" lon="-107.437517"><ele>3794.0</ele><time>2026-04-12T16:58:02Z</time></rtept><rtept lat="37.84552" lon="-107.437895"><ele>3786.4</ele><time>2026-04-12T16:58:02Z</time></rtept><rtept lat="37.845478" lon="-107.438075"><ele>3783.6</ele><time>2026-04-12T16:58:02Z</time></rtept><rtept lat="37.845188" lon="-107.438372"><ele>3777.4</ele><time>2026-04-12T16:58:02Z</time></rtept><rtept lat="37.845164" lon="-107.438418"><ele>3776.2</ele><time>2026-04-12T16:58:02Z</time></rtept><rtept lat="37.845027" lon="-107.438784"><ele>3772.6</ele><time>2026-04-12T16:58:02Z</time></rtept><rtept lat="37.844773" lon="-107.439137"><ele>3771.6</ele><time>2026-04-12T16:58:02Z</time></rtept><rtept lat="37.844696" lon="-107.439394"><ele>3771.4</ele><time>2026-04-12T16:58:02Z</time></rtept><rtept lat="37.844671" lon="-107.439656"><ele>3772.0</ele><time>2026-04-12T16:58:02Z</time></rtept><rtept lat="37.844605" lon="-107.439829"><ele>3772.6</ele><time>2026-04-12T16:58:02Z</time></rtept><rtept lat="37.844619" lon="-107.440219"><ele>3776.2</ele><time>2026-04-12T16:58:02Z</time></rtept><rtept lat="37.844595" lon="-107.440479"><ele>3778.8</ele><time>2026-04-12T16:58:02Z</time></rtept><rtept lat="37.844519" lon="-107.440798"><ele>3779.6</ele><time>2026-04-12T16:58:02Z</time></rtept><rtept lat="37.844485" lon="-107.441196"><ele>3780.4</ele><time>2026-04-12T16:58:02Z</time></rtept><rtept lat="37.844506" lon="-107.441257"><ele>3784.4</ele><time>2026-04-12T16:58:02Z</time></rtept><rtept lat="37.844502" lon="-107.441713"><ele>3789.0</ele><time>2026-04-12T16:58:02Z</time></rtept><rtept lat="37.844472" lon="-107.441963"><ele>3785.2</ele><time>2026-04-12T16:58:02Z</time></rtept><rtept lat="37.844498" lon="-107.442693"><ele>3786.0</ele><time>2026-04-12T16:58:02Z</time></rtept><rtept lat="37.84445" lon="-107.443588"><ele>3789.4</ele><time>2026-04-12T16:58:02Z</time></rtept><rtept lat="37.844477" lon="-107.443984"><ele>3790.0</ele><time>2026-04-12T16:58:02Z</time></rtept><rtept lat="37.844658" lon="-107.444321"><ele>3780.6</ele><time>2026-04-12T16:58:02Z</time></rtept><rtept lat="37.844821" lon="-107.444475"><ele>3778.6</ele><time>2026-04-12T16:58:02Z</time></rtept><rtept lat="37.844883" lon="-107.444596"><ele>3774.4</ele><time>2026-04-12T16:58:02Z</time></rtept><rtept lat="37.844996" lon="-107.444625"><ele>3773.0</ele><time>2026-04-12T16:58:02Z</time></rtept><rtept lat="37.845194" lon="-107.444824"><ele>3767.6</ele><time>2026-04-12T16:58:02Z</time></rtept><rtept lat="37.84556" lon="-107.444994"><ele>3758.6</ele><time>2026-04-12T16:58:02Z</time></rtept><rtept lat="37.845744" lon="-107.445117"><ele>3749.0</ele><time>2026-04-12T16:58:02Z</time></rtept><rtept lat="37.846431" lon="-107.445085"><ele>3740.0</ele><time>2026-04-12T16:58:02Z</time></rtept><rtept lat="37.847252" lon="-107.444592"><ele>3730.4</ele><time>2026-04-12T16:58:02Z</time></rtept><rtept lat="37.84728" lon="-107.444616"><ele>3728.8</ele><time>2026-04-12T16:58:02Z</time></rtept><rtept lat="37.847206" lon="-107.444747"><ele>3730.6</ele><time>2026-04-12T16:58:02Z</time></rtept><rtept lat="37.847081" lon="-107.445316"><ele>3728.4</ele><time>2026-04-12T16:58:02Z</time></rtept><rtept lat="37.846992" lon="-107.445549"><ele>3727.8</ele><time>2026-04-12T16:58:02Z</time></rtept><rtept lat="37.847001" lon="-107.445714"><ele>3725.6</ele><time>2026-04-12T16:58:02Z</time></rtept><rtept lat="37.847101" lon="-107.445799"><ele>3723.0</ele><time>2026-04-12T16:58:02Z</time></rtept><rtept lat="37.847047" lon="-107.445894"><ele>3722.8</ele><time>2026-04-12T16:58:02Z</time></rtept><rtept lat="37.847047" lon="-107.445894"><ele>3722.8</ele><time>2026-04-12T16:58:02Z</time></rtept><rtept lat="37.846984" lon="-107.446006"><ele>3722.2</ele><time>2026-04-12T16:58:02Z</time></rtept><rtept lat="37.846264" lon="-107.446684"><ele>3718.4</ele><time>2026-04-12T16:58:02Z</time></rtept><rtept lat="37.846049" lon="-107.447364"><ele>3717.2</ele><time>2026-04-12T16:58:02Z</time></rtept><rtept lat="37.846018" lon="-107.447673"><ele>3720.0</ele><time>2026-04-12T16:58:02Z</time></rtept><rtept lat="37.84593" lon="-107.447912"><ele>3719.8</ele><time>2026-04-12T16:58:02Z</time></rtept><rtept lat="37.84592" lon="-107.448289"><ele>3722.6</ele><time>2026-04-12T16:58:02Z</time></rtept><rtept lat="37.845782" lon="-107.44865"><ele>3716.0</ele><time>2026-04-12T16:58:02Z</time></rtept><rtept lat="37.845655" lon="-107.449315"><ele>3719.4</ele><time>2026-04-12T16:58:02Z</time></rtept><rtept lat="37.845513" lon="-107.449601"><ele>3717.0</ele><time>2026-04-12T16:58:02Z</time></rtept><rtept lat="37.8455" lon="-107.449696"><ele>3715.8</ele><time>2026-04-12T16:58:02Z</time></rtept><rtept lat="37.845534" lon="-107.449811"><ele>3718.8</ele><time>2026-04-12T16:58:02Z</time></rtept><rtept lat="37.845571" lon="-107.450219"><ele>3717.4</ele><time>2026-04-12T16:58:02Z</time></rtept><rtept lat="37.845598" lon="-107.450522"><ele>3716.6</ele><time>2026-04-12T16:58:02Z</time></rtept><rtept lat="37.845648" lon="-107.450716"><ele>3718.2</ele><time>2026-04-12T16:58:02Z</time></rtept><rtept lat="37.845614" lon="-107.450968"><ele>3721.6</ele><time>2026-04-12T16:58:02Z</time></rtept><rtept lat="37.845647" lon="-107.451413"><ele>3718.2</ele><time>2026-04-12T16:58:02Z</time></rtept><rtept lat="37.845546" lon="-107.451708"><ele>3708.6</ele><time>2026-04-12T16:58:02Z</time></rtept><rtept lat="37.845536" lon="-107.451823"><ele>3707.8</ele><time>2026-04-12T16:58:02Z</time></rtept><rtept lat="37.845933" lon="-107.452318"><ele>3705.0</ele><time>2026-04-12T16:58:02Z</time></rtept><rtept lat="37.846" lon="-107.45263"><ele>3705.2</ele><time>2026-04-12T16:58:02Z</time></rtept><rtept lat="37.845976" lon="-107.452786"><ele>3700.4</ele><time>2026-04-12T16:58:02Z</time></rtept><rtept lat="37.845893" lon="-107.452997"><ele>3706.6</ele><time>2026-04-12T16:58:02Z</time></rtept><rtept lat="37.845901" lon="-107.453218"><ele>3710.6</ele><time>2026-04-12T16:58:02Z</time></rtept><rtept lat="37.845952" lon="-107.453279"><ele>3713.0</ele><time>2026-04-12T16:58:02Z</time></rtept><rtept lat="37.846043" lon="-107.453556"><ele>3717.8</ele><time>2026-04-12T16:58:02Z</time></rtept><rtept lat="37.846029" lon="-107.453837"><ele>3719.2</ele><time>2026-04-12T16:58:02Z</time></rtept><rtept lat="37.84606" lon="-107.453999"><ele>3718.8</ele><time>2026-04-12T16:58:02Z</time></rtept><rtept lat="37.846141" lon="-107.454146"><ele>3716.0</ele><time>2026-04-12T16:58:02Z</time></rtept><rtept lat="37.846113" lon="-107.454492"><ele>3713.2</ele><time>2026-04-12T16:58:02Z</time></rtept><rtept lat="37.84618" lon="-107.454589"><ele>3715.8</ele><time>2026-04-12T16:58:02Z</time></rtept><rtept lat="37.846057" lon="-107.454973"><ele>3721.8</ele><time>2026-04-12T16:58:02Z</time></rtept><rtept lat="37.8461" lon="-107.455232"><ele>3725.0</ele><time>2026-04-12T16:58:02Z</time></rtept><rtept lat="37.84616" lon="-107.455314"><ele>3730.2</ele><time>2026-04-12T16:58:02Z</time></rtept><rtept lat="37.846187" lon="-107.455424"><ele>3731.0</ele><time>2026-04-12T16:58:02Z</time></rtept><rtept lat="37.846263" lon="-107.455499"><ele>3735.4</ele><time>2026-04-12T16:58:02Z</time></rtept><rtept lat="37.846334" lon="-107.455689"><ele>3737.0</ele><time>2026-04-12T16:58:02Z</time></rtept><rtept lat="37.846376" lon="-107.455939"><ele>3737.0</ele><time>2026-04-12T16:58:02Z</time></rtept><rtept lat="37.84634" lon="-107.45604"><ele>3737.6</ele><time>2026-04-12T16:58:02Z</time></rtept><rtept lat="37.846306" lon="-107.456358"><ele>3741.8</ele><time>2026-04-12T16:58:02Z</time></rtept><rtept lat="37.846378" lon="-107.456644"><ele>3749.6</ele><time>2026-04-12T16:58:02Z</time></rtept><rtept lat="37.846347" lon="-107.457088"><ele>3753.2</ele><time>2026-04-12T16:58:02Z</time></rtept><rtept lat="37.846293" lon="-107.457308"><ele>3751.8</ele><time>2026-04-12T16:58:02Z</time></rtept><rtept lat="37.846288" lon="-107.457727"><ele>3752.8</ele><time>2026-04-12T16:58:02Z</time></rtept><rtept lat="37.846765" lon="-107.458865"><ele>3766.0</ele><time>2026-04-12T16:58:02Z</time></rtept><rtept lat="37.847137" lon="-107.459536"><ele>3772.6</ele><time>2026-04-12T16:58:02Z</time></rtept><rtept lat="37.847217" lon="-107.459754"><ele>3776.2</ele><time>2026-04-12T16:58:02Z</time></rtept><rtept lat="37.847439" lon="-107.460039"><ele>3780.2</ele><time>2026-04-12T16:58:02Z</time></rtept><rtept lat="37.847506" lon="-107.460416"><ele>3777.8</ele><time>2026-04-12T16:58:02Z</time></rtept><rtept lat="37.847437" lon="-107.460593"><ele>3777.2</ele><time>2026-04-12T16:58:02Z</time></rtept><rtept lat="37.847476" lon="-107.46098"><ele>3781.4</ele><time>2026-04-12T16:58:02Z</time></rtept><rtept lat="37.847528" lon="-107.461053"><ele>3782.2</ele><time>2026-04-12T16:58:02Z</time></rtept><rtept lat="37.847584" lon="-107.461252"><ele>3786.6</ele><time>2026-04-12T16:58:02Z</time></rtept><rtept lat="37.847752" lon="-107.461536"><ele>3795.0</ele><time>2026-04-12T16:58:02Z</time></rtept><rtept lat="37.847751" lon="-107.461782"><ele>3800.0</ele><time>2026-04-12T16:58:02Z</time></rtept><rtept lat="37.84772" lon="-107.461889"><ele>3801.2</ele><time>2026-04-12T16:58:02Z</time></rtept><rtept lat="37.846973" lon="-107.462654"><ele>3816.4</ele><time>2026-04-12T16:58:02Z</time></rtept><rtept lat="37.846626" lon="-107.462879"><ele>3824.0</ele><time>2026-04-12T16:58:02Z</time></rtept><rtept lat="37.846378" lon="-107.463212"><ele>3829.4</ele><time>2026-04-12T16:58:02Z</time></rtept><rtept lat="37.845662" lon="-107.463617"><ele>3836.8</ele><time>2026-04-12T16:58:02Z</time></rtept><rtept lat="37.845248" lon="-107.46375"><ele>3843.2</ele><time>2026-04-12T16:58:02Z</time></rtept><rtept lat="37.845154" lon="-107.46381"><ele>3847.0</ele><time>2026-04-12T16:58:02Z</time></rtept><rtept lat="37.844649" lon="-107.463759"><ele>3852.8</ele><time>2026-04-12T16:58:02Z</time></rtept><rtept lat="37.844301" lon="-107.463683"><ele>3859.6</ele><time>2026-04-12T16:58:02Z</time></rtept><rtept lat="37.844266" lon="-107.463716"><ele>3861.4</ele><time>2026-04-12T16:58:02Z</time></rtept><rtept lat="37.844202" lon="-107.464003"><ele>3863.2</ele><time>2026-04-12T16:58:02Z</time></rtept><rtept lat="37.843927" lon="-107.464342"><ele>3867.2</ele><time>2026-04-12T16:58:02Z</time></rtept><rtept lat="37.843757" lon="-107.464676"><ele>3865.4</ele><time>2026-04-12T16:58:02Z</time></rtept><rtept lat="37.843746" lon="-107.465084"><ele>3868.2</ele><time>2026-04-12T16:58:02Z</time></rtept><rtept lat="37.843698" lon="-107.465395"><ele>3869.8</ele><time>2026-04-12T16:58:02Z</time></rtept><rtept lat="37.843717" lon="-107.465497"><ele>3870.0</ele><time>2026-04-12T16:58:02Z</time></rtept><rtept lat="37.843658" lon="-107.465826"><ele>3868.8</ele><time>2026-04-12T16:58:02Z</time></rtept><rtept lat="37.843698" lon="-107.466055"><ele>3872.8</ele><time>2026-04-12T16:58:02Z</time></rtept><rtept lat="37.843623" lon="-107.46683"><ele>3874.0</ele><time>2026-04-12T16:58:02Z</time></rtept><rtept lat="37.843682" lon="-107.467247"><ele>3875.6</ele><time>2026-04-12T16:58:02Z</time></rtept><rtept lat="37.843913" lon="-107.467853"><ele>3876.0</ele><time>2026-04-12T16:58:02Z</time></rtept><rtept lat="37.844198" lon="-107.468458"><ele>3881.8</ele><time>2026-04-12T16:58:02Z</time></rtept><rtept lat="37.844435" lon="-107.468863"><ele>3889.6</ele><time>2026-04-12T16:58:02Z</time></rtept><rtept lat="37.844634" lon="-107.469121"><ele>3892.4</ele><time>2026-04-12T16:58:02Z</time></rtept><rtept lat="37.845063" lon="-107.469411"><ele>3892.8</ele><time>2026-04-12T16:58:02Z</time></rtept><rtept lat="37.845769" lon="-107.469715"><ele>3900.4</ele><time>2026-04-12T16:58:02Z</time></rtept><rtept lat="37.846047" lon="-107.469882"><ele>3901.6</ele><time>2026-04-12T16:58:02Z</time></rtept><rtept lat="37.846509" lon="-107.470353"><ele>3897.6</ele><time>2026-04-12T16:58:02Z</time></rtept><rtept lat="37.846939" lon="-107.470874"><ele>3901.0</ele><time>2026-04-12T16:58:02Z</time></rtept><rtept lat="37.847735" lon="-107.471997"><ele>3902.4</ele><time>2026-04-12T16:58:02Z</time></rtept><rtept lat="37.847807" lon="-107.472064"><ele>3903.0</ele><time>2026-04-12T16:58:02Z</time></rtept><rtept lat="37.848118" lon="-107.472184"><ele>3899.2</ele><time>2026-04-12T16:58:02Z</time></rtept><rtept lat="37.848514" lon="-107.472665"><ele>3902.0</ele><time>2026-04-12T16:58:02Z</time></rtept><rtept lat="37.848958" lon="-107.472984"><ele>3890.2</ele><time>2026-04-12T16:58:02Z</time></rtept><rtept lat="37.849316" lon="-107.473372"><ele>3878.6</ele><time>2026-04-12T16:58:02Z</time></rtept><rtept lat="37.849398" lon="-107.473552"><ele>3877.0</ele><time>2026-04-12T16:58:02Z</time></rtept><rtept lat="37.84939" lon="-107.473692"><ele>3877.8</ele><time>2026-04-12T16:58:02Z</time></rtept><rtept lat="37.84945" lon="-107.473815"><ele>3875.4</ele><time>2026-04-12T16:58:02Z</time></rtept><rtept lat="37.849475" lon="-107.474009"><ele>3876.2</ele><time>2026-04-12T16:58:02Z</time></rtept><rtept lat="37.849635" lon="-107.474158"><ele>3874.4</ele><time>2026-04-12T16:58:02Z</time></rtept><rtept lat="37.849667" lon="-107.474279"><ele>3877.4</ele><time>2026-04-12T16:58:02Z</time></rtept><rtept lat="37.849656" lon="-107.47442"><ele>3879.6</ele><time>2026-04-12T16:58:02Z</time></rtept><rtept lat="37.849843" lon="-107.474788"><ele>3878.0</ele><time>2026-04-12T16:58:02Z</time></rtept><rtept lat="37.849896" lon="-107.475091"><ele>3877.0</ele><time>2026-04-12T16:58:02Z</time></rtept><rtept lat="37.850085" lon="-107.475546"><ele>3874.2</ele><time>2026-04-12T16:58:02Z</time></rtept><rtept lat="37.85015" lon="-107.476142"><ele>3875.2</ele><time>2026-04-12T16:58:02Z</time></rtept><rtept lat="37.850107" lon="-107.476469"><ele>3876.2</ele><time>2026-04-12T16:58:02Z</time></rtept><rtept lat="37.849983" lon="-107.476597"><ele>3877.0</ele><time>2026-04-12T16:58:02Z</time></rtept><rtept lat="37.84977" lon="-107.47658"><ele>3882.0</ele><time>2026-04-12T16:58:02Z</time></rtept><rtept lat="37.849167" lon="-107.476781"><ele>3882.4</ele><time>2026-04-12T16:58:02Z</time></rtept><rtept lat="37.849043" lon="-107.476772"><ele>3882.8</ele><time>2026-04-12T16:58:02Z</time></rtept><rtept lat="37.848737" lon="-107.476907"><ele>3881.8</ele><time>2026-04-12T16:58:02Z</time></rtept><rtept lat="37.848311" lon="-107.477033"><ele>3884.6</ele><time>2026-04-12T16:58:02Z</time></rtept><rtept lat="37.84824" lon="-107.477027"><ele>3886.0</ele><time>2026-04-12T16:58:02Z</time></rtept><rtept lat="37.847849" lon="-107.477206"><ele>3892.0</ele><time>2026-04-12T16:58:02Z</time></rtept><rtept lat="37.847675" lon="-107.477334"><ele>3895.2</ele><time>2026-04-12T16:58:02Z</time></rtept><rtept lat="37.846919" lon="-107.478139"><ele>3884.2</ele><time>2026-04-12T16:58:02Z</time></rtept><rtept lat="37.846849" lon="-107.478174"><ele>3885.2</ele><time>2026-04-12T16:58:02Z</time></rtept><rtept lat="37.846205" lon="-107.479229"><ele>3880.4</ele><time>2026-04-12T16:58:02Z</time></rtept><rtept lat="37.8462" lon="-107.479341"><ele>3878.8</ele><time>2026-04-12T16:58:02Z</time></rtept><rtept lat="37.846166" lon="-107.479408"><ele>3880.4</ele><time>2026-04-12T16:58:02Z</time></rtept><rtept lat="37.846042" lon="-107.479515"><ele>3880.8</ele><time>2026-04-12T16:58:02Z</time></rtept><rtept lat="37.845905" lon="-107.479777"><ele>3880.6</ele><time>2026-04-12T16:58:02Z</time></rtept><rtept lat="37.845758" lon="-107.479946"><ele>3878.6</ele><time>2026-04-12T16:58:02Z</time></rtept><rtept lat="37.845755" lon="-107.480098"><ele>3876.4</ele><time>2026-04-12T16:58:02Z</time></rtept><rtept lat="37.845838" lon="-107.48022"><ele>3870.8</ele><time>2026-04-12T16:58:02Z</time></rtept><rtept lat="37.845862" lon="-107.48035"><ele>3869.6</ele><time>2026-04-12T16:58:02Z</time></rtept><rtept lat="37.845927" lon="-107.480412"><ele>3868.2</ele><time>2026-04-12T16:58:02Z</time></rtept><rtept lat="37.84615" lon="-107.480923"><ele>3859.4</ele><time>2026-04-12T16:58:02Z</time></rtept><rtept lat="37.846197" lon="-107.481248"><ele>3856.2</ele><time>2026-04-12T16:58:02Z</time></rtept><rtept lat="37.846176" lon="-107.481371"><ele>3854.4</ele><time>2026-04-12T16:58:02Z</time></rtept><rtept lat="37.845887" lon="-107.482096"><ele>3826.8</ele><time>2026-04-12T16:58:02Z</time></rtept><rtept lat="37.845745" lon="-107.482363"><ele>3818.6</ele><time>2026-04-12T16:58:02Z</time></rtept><rtept lat="37.845693" lon="-107.482541"><ele>3811.6</ele><time>2026-04-12T16:58:02Z</time></rtept><rtept lat="37.845421" lon="-107.483162"><ele>3797.6</ele><time>2026-04-12T16:58:02Z</time></rtept><rtept lat="37.845266" lon="-107.483395"><ele>3795.8</ele><time>2026-04-12T16:58:02Z</time></rtept><rtept lat="37.845171" lon="-107.48365"><ele>3795.2</ele><time>2026-04-12T16:58:02Z</time></rtept><rtept lat="37.845105" lon="-107.48399"><ele>3794.4</ele><time>2026-04-12T16:58:02Z</time></rtept><rtept lat="37.845097" lon="-107.484607"><ele>3783.4</ele><time>2026-04-12T16:58:02Z</time></rtept><rtept lat="37.845147" lon="-107.484733"><ele>3782.0</ele><time>2026-04-12T16:58:02Z</time></rtept><rtept lat="37.845227" lon="-107.484806"><ele>3779.2</ele><time>2026-04-12T16:58:02Z</time></rtept><rtept lat="37.845226" lon="-107.485202"><ele>3767.4</ele><time>2026-04-12T16:58:02Z</time></rtept><rtept lat="37.845588" lon="-107.486326"><ele>3767.2</ele><time>2026-04-12T16:58:02Z</time></rtept><rtept lat="37.845776" lon="-107.48648"><ele>3769.0</ele><time>2026-04-12T16:58:02Z</time></rtept><rtept lat="37.845707" lon="-107.48655"><ele>3769.4</ele><time>2026-04-12T16:58:02Z</time></rtept><rtept lat="37.845772" lon="-107.486569"><ele>3769.2</ele><time>2026-04-12T16:58:02Z</time></rtept><rtept lat="37.845804" lon="-107.486579"><ele>3769.0</ele><time>2026-04-12T16:58:02Z</time></rtept><rtept lat="37.845804" lon="-107.486579"><ele>3769.0</ele><time>2026-04-12T16:58:02Z</time></rtept><rtept lat="37.845791" lon="-107.486719"><ele>3768.6</ele><time>2026-04-12T16:58:02Z</time></rtept><rtept lat="37.845755" lon="-107.486781"><ele>3769.0</ele><time>2026-04-12T16:58:02Z</time></rtept><rtept lat="37.845757" lon="-107.486951"><ele>3768.4</ele><time>2026-04-12T16:58:02Z</time></rtept><rtept lat="37.845808" lon="-107.487204"><ele>3769.6</ele><time>2026-04-12T16:58:02Z</time></rtept><rtept lat="37.845877" lon="-107.487314"><ele>3770.6</ele><time>2026-04-12T16:58:02Z</time></rtept><rtept lat="37.84607" lon="-107.487935"><ele>3777.6</ele><time>2026-04-12T16:58:02Z</time></rtept><rtept lat="37.845997" lon="-107.488113"><ele>3778.8</ele><time>2026-04-12T16:58:02Z</time></rtept><rtept lat="37.845993" lon="-107.488548"><ele>3784.6</ele><time>2026-04-12T16:58:02Z</time></rtept><rtept lat="37.846076" lon="-107.489128"><ele>3796.0</ele><time>2026-04-12T16:58:02Z</time></rtept><rtept lat="37.846111" lon="-107.489213"><ele>3796.4</ele><time>2026-04-12T16:58:02Z</time></rtept><rtept lat="37.846153" lon="-107.490194"><ele>3802.0</ele><time>2026-04-12T16:58:02Z</time></rtept><rtept lat="37.846248" lon="-107.490467"><ele>3802.0</ele><time>2026-04-12T16:58:02Z</time></rtept><rtept lat="37.846222" lon="-107.490568"><ele>3800.6</ele><time>2026-04-12T16:58:02Z</time></rtept><rtept lat="37.846273" lon="-107.490739"><ele>3798.6</ele><time>2026-04-12T16:58:02Z</time></rtept><rtept lat="37.846569" lon="-107.491119"><ele>3797.0</ele><time>2026-04-12T16:58:02Z</time></rtept><rtept lat="37.846696" lon="-107.491551"><ele>3803.0</ele><time>2026-04-12T16:58:02Z</time></rtept><rtept lat="37.846766" lon="-107.492041"><ele>3827.0</ele><time>2026-04-12T16:58:02Z</time></rtept><rtept lat="37.846712" lon="-107.49219"><ele>3828.2</ele><time>2026-04-12T16:58:02Z</time></rtept><rtept lat="37.846904" lon="-107.492398"><ele>3832.6</ele><time>2026-04-12T16:58:02Z</time></rtept><rtept lat="37.847116" lon="-107.492705"><ele>3840.0</ele><time>2026-04-12T16:58:02Z</time></rtept><rtept lat="37.847193" lon="-107.492915"><ele>3841.4</ele><time>2026-04-12T16:58:02Z</time></rtept><rtept lat="37.847171" lon="-107.493088"><ele>3842.8</ele><time>2026-04-12T16:58:02Z</time></rtept><rtept lat="37.847102" lon="-107.493206"><ele>3843.6</ele><time>2026-04-12T16:58:02Z</time></rtept><rtept lat="37.847094" lon="-107.493469"><ele>3844.6</ele><time>2026-04-12T16:58:02Z</time></rtept><rtept lat="37.847027" lon="-107.493606"><ele>3845.0</ele><time>2026-04-12T16:58:02Z</time></rtept><rtept lat="37.847041" lon="-107.493752"><ele>3845.2</ele><time>2026-04-12T16:58:02Z</time></rtept><rtept lat="37.847019" lon="-107.493813"><ele>3845.4</ele><time>2026-04-12T16:58:02Z</time></rtept><rtept lat="37.846849" lon="-107.494064"><ele>3841.0</ele><time>2026-04-12T16:58:02Z</time></rtept><rtept lat="37.846685" lon="-107.494435"><ele>3847.0</ele><time>2026-04-12T16:58:02Z</time></rtept><rtept lat="37.846481" lon="-107.494671"><ele>3849.2</ele><time>2026-04-12T16:58:02Z</time></rtept><rtept lat="37.845919" lon="-107.495536"><ele>3856.2</ele><time>2026-04-12T16:58:02Z</time></rtept><rtept lat="37.845651" lon="-107.495786"><ele>3855.2</ele><time>2026-04-12T16:58:02Z</time></rtept><rtept lat="37.845431" lon="-107.496204"><ele>3852.2</ele><time>2026-04-12T16:58:02Z</time></rtept><rtept lat="37.845377" lon="-107.496546"><ele>3864.0</ele><time>2026-04-12T16:58:02Z</time></rtept><rtept lat="37.845246" lon="-107.496796"><ele>3857.4</ele><time>2026-04-12T16:58:02Z</time></rtept><rtept lat="37.84519" lon="-107.497023"><ele>3860.0</ele><time>2026-04-12T16:58:02Z</time></rtept><rtept lat="37.845112" lon="-107.497586"><ele>3868.8</ele><time>2026-04-12T16:58:02Z</time></rtept><rtept lat="37.845138" lon="-107.497983"><ele>3875.8</ele><time>2026-04-12T16:58:02Z</time></rtept><rtept lat="37.845099" lon="-107.498334"><ele>3873.8</ele><time>2026-04-12T16:58:02Z</time></rtept><rtept lat="37.845037" lon="-107.498566"><ele>3873.4</ele><time>2026-04-12T16:58:02Z</time></rtept><rtept lat="37.845087" lon="-107.499496"><ele>3871.0</ele><time>2026-04-12T16:58:02Z</time></rtept><rtept lat="37.845128" lon="-107.499814"><ele>3870.0</ele><time>2026-04-12T16:58:02Z</time></rtept><rtept lat="37.84513" lon="-107.500015"><ele>3869.4</ele><time>2026-04-12T16:58:02Z</time></rtept><rtept lat="37.845089" lon="-107.500141"><ele>3869.4</ele><time>2026-04-12T16:58:02Z</time></rtept><rtept lat="37.844791" lon="-107.50076"><ele>3868.0</ele><time>2026-04-12T16:58:02Z</time></rtept><rtept lat="37.844803" lon="-107.501081"><ele>3860.2</ele><time>2026-04-12T16:58:02Z</time></rtept><rtept lat="37.84474" lon="-107.501299"><ele>3857.0</ele><time>2026-04-12T16:58:02Z</time></rtept><rtept lat="37.84466" lon="-107.501488"><ele>3852.4</ele><time>2026-04-12T16:58:02Z</time></rtept><rtept lat="37.844098" lon="-107.502278"><ele>3845.0</ele><time>2026-04-12T16:58:02Z</time></rtept><rtept lat="37.843966" lon="-107.502397"><ele>3845.4</ele><time>2026-04-12T16:58:02Z</time></rtept><rtept lat="37.843883" lon="-107.50256"><ele>3846.6</ele><time>2026-04-12T16:58:02Z</time></rtept><rtept lat="37.843777" lon="-107.502849"><ele>3843.6</ele><time>2026-04-12T16:58:02Z</time></rtept><rtept lat="37.843689" lon="-107.50322"><ele>3838.4</ele><time>2026-04-12T16:58:02Z</time></rtept><rtept lat="37.843513" lon="-107.503678"><ele>3835.0</ele><time>2026-04-12T16:58:02Z</time></rtept><rtept lat="37.843414" lon="-107.504226"><ele>3825.4</ele><time>2026-04-12T16:58:02Z</time></rtept><rtept lat="37.843157" lon="-107.504609"><ele>3823.0</ele><time>2026-04-12T16:58:02Z</time></rtept><rtept lat="37.842724" lon="-107.505153"><ele>3815.4</ele><time>2026-04-12T16:58:02Z</time></rtept><rtept lat="37.842594" lon="-107.505302"><ele>3813.8</ele><time>2026-04-12T16:58:02Z</time></rtept><rtept lat="37.842474" lon="-107.5053"><ele>3814.0</ele><time>2026-04-12T16:58:02Z</time></rtept><rtept lat="37.842442" lon="-107.505348"><ele>3814.0</ele><time>2026-04-12T16:58:02Z</time></rtept><rtept lat="37.842409" lon="-107.505399"><ele>3814.0</ele><time>2026-04-12T16:58:02Z</time></rtept><rtept lat="37.842297" lon="-107.506091"><ele>3813.2</ele><time>2026-04-12T16:58:02Z</time></rtept><rtept lat="37.842199" lon="-107.506434"><ele>3813.4</ele><time>2026-04-12T16:58:02Z</time></rtept><rtept lat="37.842121" lon="-107.506985"><ele>3815.2</ele><time>2026-04-12T16:58:02Z</time></rtept><rtept lat="37.841994" lon="-107.507247"><ele>3815.4</ele><time>2026-04-12T16:58:02Z</time></rtept><rtept lat="37.841807" lon="-107.507535"><ele>3816.6</ele><time>2026-04-12T16:58:02Z</time></rtept><rtept lat="37.841481" lon="-107.507845"><ele>3818.4</ele><time>2026-04-12T16:58:02Z</time></rtept><rtept lat="37.84131" lon="-107.508054"><ele>3818.2</ele><time>2026-04-12T16:58:02Z</time></rtept><rtept lat="37.841066" lon="-107.508207"><ele>3820.2</ele><time>2026-04-12T16:58:02Z</time></rtept><rtept lat="37.840707" lon="-107.508564"><ele>3821.2</ele><time>2026-04-12T16:58:02Z</time></rtept><rtept lat="37.840587" lon="-107.508793"><ele>3825.2</ele><time>2026-04-12T16:58:02Z</time></rtept><rtept lat="37.840454" lon="-107.509163"><ele>3831.4</ele><time>2026-04-12T16:58:02Z</time></rtept><rtept lat="37.840413" lon="-107.509404"><ele>3834.0</ele><time>2026-04-12T16:58:02Z</time></rtept><rtept lat="37.840411" lon="-107.509733"><ele>3834.0</ele><time>2026-04-12T16:58:02Z</time></rtept><rtept lat="37.840252" lon="-107.51026"><ele>3837.6</ele><time>2026-04-12T16:58:02Z</time></rtept><rtept lat="37.840247" lon="-107.510484"><ele>3837.0</ele><time>2026-04-12T16:58:02Z</time></rtept><rtept lat="37.840184" lon="-107.51074"><ele>3840.0</ele><time>2026-04-12T16:58:02Z</time></rtept><rtept lat="37.840241" lon="-107.510976"><ele>3841.4</ele><time>2026-04-12T16:58:02Z</time></rtept><rtept lat="37.840367" lon="-107.511194"><ele>3840.6</ele><time>2026-04-12T16:58:02Z</time></rtept><rtept lat="37.840388" lon="-107.511549"><ele>3844.6</ele><time>2026-04-12T16:58:02Z</time></rtept><rtept lat="37.840353" lon="-107.511688"><ele>3847.4</ele><time>2026-04-12T16:58:02Z</time></rtept><rtept lat="37.84036" lon="-107.511944"><ele>3850.6</ele><time>2026-04-12T16:58:02Z</time></rtept><rtept lat="37.840419" lon="-107.512231"><ele>3852.6</ele><time>2026-04-12T16:58:02Z</time></rtept><rtept lat="37.840417" lon="-107.51248"><ele>3854.8</ele><time>2026-04-12T16:58:02Z</time></rtept><rtept lat="37.840514" lon="-107.512764"><ele>3853.0</ele><time>2026-04-12T16:58:02Z</time></rtept><rtept lat="37.840515" lon="-107.512909"><ele>3853.8</ele><time>2026-04-12T16:58:02Z</time></rtept><rtept lat="37.840584" lon="-107.512986"><ele>3854.6</ele><time>2026-04-12T16:58:02Z</time></rtept><rtept lat="37.840629" lon="-107.51303"><ele>3854.6</ele><time>2026-04-12T16:58:02Z</time></rtept><rtept lat="37.840778" lon="-107.513068"><ele>3854.8</ele><time>2026-04-12T16:58:02Z</time></rtept><rtept lat="37.840825" lon="-107.513263"><ele>3856.2</ele><time>2026-04-12T16:58:02Z</time></rtept><rtept lat="37.840649" lon="-107.513507"><ele>3859.2</ele><time>2026-04-12T16:58:02Z</time></rtept><rtept lat="37.84054" lon="-107.51358"><ele>3860.4</ele><time>2026-04-12T16:58:02Z</time></rtept><rtept lat="37.840177" lon="-107.513669"><ele>3866.0</ele><time>2026-04-12T16:58:02Z</time></rtept><rtept lat="37.840039" lon="-107.513825"><ele>3868.0</ele><time>2026-04-12T16:58:02Z</time></rtept><rtept lat="37.840083" lon="-107.514065"><ele>3869.4</ele><time>2026-04-12T16:58:02Z</time></rtept><rtept lat="37.839893" lon="-107.514242"><ele>3871.8</ele><time>2026-04-12T16:58:02Z</time></rtept><rtept lat="37.839789" lon="-107.514388"><ele>3875.0</ele><time>2026-04-12T16:58:02Z</time></rtept><rtept lat="37.83963" lon="-107.514716"><ele>3877.8</ele><time>2026-04-12T16:58:02Z</time></rtept><rtept lat="37.839403" lon="-107.515035"><ele>3881.0</ele><time>2026-04-12T16:58:02Z</time></rtept><rtept lat="37.839256" lon="-107.515036"><ele>3883.0</ele><time>2026-04-12T16:58:02Z</time></rtept><rtept lat="37.838862" lon="-107.51515"><ele>3890.0</ele><time>2026-04-12T16:58:02Z</time></rtept><rtept lat="37.838726" lon="-107.5151"><ele>3890.8</ele><time>2026-04-12T16:58:02Z</time></rtept><rtept lat="37.838582" lon="-107.515128"><ele>3893.2</ele><time>2026-04-12T16:58:02Z</time></rtept><rtept lat="37.838483" lon="-107.515328"><ele>3896.4</ele><time>2026-04-12T16:58:02Z</time></rtept><rtept lat="37.838446" lon="-107.515582"><ele>3900.6</ele><time>2026-04-12T16:58:02Z</time></rtept><rtept lat="37.838424" lon="-107.515785"><ele>3903.0</ele><time>2026-04-12T16:58:02Z</time></rtept><rtept lat="37.83863" lon="-107.516284"><ele>3907.2</ele><time>2026-04-12T16:58:02Z</time></rtept><rtept lat="37.838757" lon="-107.516608"><ele>3908.4</ele><time>2026-04-12T16:58:02Z</time></rtept><rtept lat="37.838626" lon="-107.516405"><ele>3908.0</ele><time>2026-04-12T16:58:02Z</time></rtept><rtept lat="37.838822" lon="-107.516711"><ele>3908.2</ele><time>2026-04-12T16:58:02Z</time></rtept><rtept lat="37.838823" lon="-107.516762"><ele>3908.8</ele><time>2026-04-12T16:58:02Z</time></rtept><rtept lat="37.838788" lon="-107.516812"><ele>3909.6</ele><time>2026-04-12T16:58:02Z</time></rtept><rtept lat="37.83865" lon="-107.516794"><ele>3911.0</ele><time>2026-04-12T16:58:02Z</time></rtept><rtept lat="37.838625" lon="-107.517036"><ele>3913.0</ele><time>2026-04-12T16:58:02Z</time></rtept><rtept lat="37.838412" lon="-107.517093"><ele>3915.4</ele><time>2026-04-12T16:58:02Z</time></rtept><rtept lat="37.838382" lon="-107.517162"><ele>3917.6</ele><time>2026-04-12T16:58:02Z</time></rtept><rtept lat="37.838219" lon="-107.517103"><ele>3920.0</ele><time>2026-04-12T16:58:02Z</time></rtept><rtept lat="37.837948" lon="-107.517072"><ele>3923.6</ele><time>2026-04-12T16:58:02Z</time></rtept><rtept lat="37.837882" lon="-107.517143"><ele>3925.6</ele><time>2026-04-12T16:58:02Z</time></rtept><rtept lat="37.837788" lon="-107.517429"><ele>3929.6</ele><time>2026-04-12T16:58:02Z</time></rtept><rtept lat="37.837671" lon="-107.517613"><ele>3932.4</ele><time>2026-04-12T16:58:02Z</time></rtept><rtept lat="37.837525" lon="-107.517832"><ele>3934.4</ele><time>2026-04-12T16:58:02Z</time></rtept><rtept lat="37.837412" lon="-107.517925"><ele>3935.4</ele><time>2026-04-12T16:58:02Z</time></rtept><rtept lat="37.837261" lon="-107.518136"><ele>3935.0</ele><time>2026-04-12T16:58:02Z</time></rtept><rtept lat="37.837184" lon="-107.518185"><ele>3935.6</ele><time>2026-04-12T16:58:02Z</time></rtept><rtept lat="37.837023" lon="-107.518198"><ele>3938.4</ele><time>2026-04-12T16:58:02Z</time></rtept><rtept lat="37.836926" lon="-107.51826"><ele>3939.2</ele><time>2026-04-12T16:58:02Z</time></rtept><rtept lat="37.836691" lon="-107.518305"><ele>3943.8</ele><time>2026-04-12T16:58:02Z</time></rtept><rtept lat="37.836075" lon="-107.518515"><ele>3944.4</ele><time>2026-04-12T16:58:02Z</time></rtept><rtept lat="37.835697" lon="-107.518449"><ele>3943.8</ele><time>2026-04-12T16:58:02Z</time></rtept><rtept lat="37.835363" lon="-107.5183"><ele>3943.0</ele><time>2026-04-12T16:58:02Z</time></rtept><rtept lat="37.834991" lon="-107.518414"><ele>3936.0</ele><time>2026-04-12T16:58:02Z</time></rtept><rtept lat="37.834815" lon="-107.518399"><ele>3935.0</ele><time>2026-04-12T16:58:02Z</time></rtept><rtept lat="37.834538" lon="-107.518312"><ele>3935.2</ele><time>2026-04-12T16:58:02Z</time></rtept><rtept lat="37.834423" lon="-107.518324"><ele>3934.8</ele><time>2026-04-12T16:58:02Z</time></rtept><rtept lat="37.834219" lon="-107.51842"><ele>3933.4</ele><time>2026-04-12T16:58:02Z</time></rtept><rtept lat="37.834005" lon="-107.51842"><ele>3933.4</ele><time>2026-04-12T16:58:02Z</time></rtept><rtept lat="37.833833" lon="-107.518357"><ele>3934.6</ele><time>2026-04-12T16:58:02Z</time></rtept><rtept lat="37.833656" lon="-107.518352"><ele>3934.8</ele><time>2026-04-12T16:58:02Z</time></rtept><rtept lat="37.833218" lon="-107.518253"><ele>3935.4</ele><time>2026-04-12T16:58:02Z</time></rtept><rtept lat="37.832728" lon="-107.518384"><ele>3931.6</ele><time>2026-04-12T16:58:02Z</time></rtept><rtept lat="37.832609" lon="-107.518518"><ele>3928.6</ele><time>2026-04-12T16:58:02Z</time></rtept><rtept lat="37.832543" lon="-107.518548"><ele>3927.8</ele><time>2026-04-12T16:58:02Z</time></rtept><rtept lat="37.832417" lon="-107.51856"><ele>3924.4</ele><time>2026-04-12T16:58:02Z</time></rtept><rtept lat="37.832239" lon="-107.518645"><ele>3921.0</ele><time>2026-04-12T16:58:02Z</time></rtept><rtept lat="37.831812" lon="-107.518712"><ele>3912.2</ele><time>2026-04-12T16:58:02Z</time></rtept><rtept lat="37.831678" lon="-107.518688"><ele>3907.8</ele><time>2026-04-12T16:58:02Z</time></rtept><rtept lat="37.831492" lon="-107.518545"><ele>3909.4</ele><time>2026-04-12T16:58:02Z</time></rtept><rtept lat="37.83117" lon="-107.518535"><ele>3911.4</ele><time>2026-04-12T16:58:02Z</time></rtept><rtept lat="37.831009" lon="-107.518564"><ele>3909.2</ele><time>2026-04-12T16:58:02Z</time></rtept><rtept lat="37.830889" lon="-107.518664"><ele>3906.8</ele><time>2026-04-12T16:58:02Z</time></rtept><rtept lat="37.83054" lon="-107.518692"><ele>3900.8</ele><time>2026-04-12T16:58:02Z</time></rtept><rtept lat="37.830037" lon="-107.51895"><ele>3888.0</ele><time>2026-04-12T16:58:02Z</time></rtept><rtept lat="37.829865" lon="-107.51898"><ele>3885.8</ele><time>2026-04-12T16:58:02Z</time></rtept><rtept lat="37.829295" lon="-107.519377"><ele>3874.0</ele><time>2026-04-12T16:58:02Z</time></rtept><rtept lat="37.828913" lon="-107.519434"><ele>3873.6</ele><time>2026-04-12T16:58:02Z</time></rtept><rtept lat="37.828362" lon="-107.519656"><ele>3873.8</ele><time>2026-04-12T16:58:02Z</time></rtept><rtept lat="37.828194" lon="-107.519663"><ele>3874.0</ele><time>2026-04-12T16:58:02Z</time></rtept><rtept lat="37.828119" lon="-107.519686"><ele>3872.8</ele><time>2026-04-12T16:58:02Z</time></rtept><rtept lat="37.827778" lon="-107.519713"><ele>3873.0</ele><time>2026-04-12T16:58:02Z</time></rtept><rtept lat="37.827347" lon="-107.519923"><ele>3872.2</ele><time>2026-04-12T16:58:02Z</time></rtept><rtept lat="37.82708" lon="-107.519978"><ele>3872.4</ele><time>2026-04-12T16:58:02Z</time></rtept><rtept lat="37.826888" lon="-107.520082"><ele>3873.0</ele><time>2026-04-12T16:58:02Z</time></rtept><rtept lat="37.826699" lon="-107.520137"><ele>3874.2</ele><time>2026-04-12T16:58:02Z</time></rtept><rtept lat="37.826541" lon="-107.520184"><ele>3876.0</ele><time>2026-04-12T16:58:02Z</time></rtept><rtept lat="37.82636" lon="-107.520203"><ele>3876.2</ele><time>2026-04-12T16:58:02Z</time></rtept><rtept lat="37.826234" lon="-107.520173"><ele>3878.4</ele><time>2026-04-12T16:58:02Z</time></rtept></rte></gpx>