<?xml version="1.0" ?><gpx xmlns="http://www.topografix.com/GPX/1/1" creator="GaiaGPS" version="1.1" xmlns:xsi="http://www.w3.org/2001/XMLSchema-instance" xsi:schemaLocation="http://www.topografix.com/GPX/1/1 http://www.topografix.com/GPX/1/1/gpx.xsd"><rte><name>TD16:S4:D3 Pole Creek to Elk Creek</name><desc></desc><extensions><line xmlns="http://www.topografix.com/GPX/gpx_style/0/2"><color>0479FF</color></line></extensions><rtept lat="37.828059" lon="-107.520398"><ele>3865.59765625</ele><time>2026-04-12T17:07:26Z</time></rtept><rtept lat="37.82801" lon="-107.52061"><ele>3863.59765625</ele><time>2026-04-12T17:07:26Z</time></rtept><rtept lat="37.827721" lon="-107.520503"><ele>3866.296875</ele><time>2026-04-12T17:07:26Z</time></rtept><rtept lat="37.827286" lon="-107.520395"><ele>3868.296875</ele><time>2026-04-12T17:07:26Z</time></rtept><rtept lat="37.826999" lon="-107.520257"><ele>3870.796875</ele><time>2026-04-12T17:07:26Z</time></rtept><rtept lat="37.82682" lon="-107.520208"><ele>3872.8984375</ele><time>2026-04-12T17:07:26Z</time></rtept><rtept lat="37.826699" lon="-107.520137"><ele>3875.09765625</ele><time>2026-04-12T17:07:26Z</time></rtept><rtept lat="37.826541" lon="-107.520184"><ele>3876.296875</ele><time>2026-04-12T17:07:26Z</time></rtept><rtept lat="37.82636" lon="-107.520203"><ele>3877.19921875</ele><time>2026-04-12T17:07:26Z</time></rtept><rtept lat="37.826125" lon="-107.520146"><ele>3880.296875</ele><time>2026-04-12T17:07:26Z</time></rtept><rtept lat="37.826114" lon="-107.520144"><ele>3880.5</ele><time>2026-04-12T17:07:26Z</time></rtept><rtept lat="37.825927" lon="-107.520175"><ele>3883.09765625</ele><time>2026-04-12T17:07:26Z</time></rtept><rtept lat="37.825385" lon="-107.520367"><ele>3893.5</ele><time>2026-04-12T17:07:26Z</time></rtept><rtept lat="37.825097" lon="-107.52036"><ele>3897.19921875</ele><time>2026-04-12T17:07:26Z</time></rtept><rtept lat="37.825002" lon="-107.520394"><ele>3898.796875</ele><time>2026-04-12T17:07:26Z</time></rtept><rtept lat="37.824884" lon="-107.520503"><ele>3901.296875</ele><time>2026-04-12T17:07:26Z</time></rtept><rtept lat="37.824821" lon="-107.520507"><ele>3902.59765625</ele><time>2026-04-12T17:07:26Z</time></rtept><rtept lat="37.824475" lon="-107.52039"><ele>3906.5</ele><time>2026-04-12T17:07:26Z</time></rtept><rtept lat="37.824242" lon="-107.52026"><ele>3906.5</ele><time>2026-04-12T17:07:26Z</time></rtept><rtept lat="37.823833" lon="-107.520196"><ele>3916.0</ele><time>2026-04-12T17:07:26Z</time></rtept><rtept lat="37.823746" lon="-107.520224"><ele>3918.8984375</ele><time>2026-04-12T17:07:26Z</time></rtept><rtept lat="37.823689" lon="-107.520276"><ele>3921.09765625</ele><time>2026-04-12T17:07:26Z</time></rtept><rtept lat="37.8237" lon="-107.520316"><ele>3922.296875</ele><time>2026-04-12T17:07:26Z</time></rtept><rtept lat="37.823811" lon="-107.520399"><ele>3922.3984375</ele><time>2026-04-12T17:07:26Z</time></rtept><rtept lat="37.823898" lon="-107.520538"><ele>3923.296875</ele><time>2026-04-12T17:07:26Z</time></rtept><rtept lat="37.82389" lon="-107.520574"><ele>3924.296875</ele><time>2026-04-12T17:07:26Z</time></rtept><rtept lat="37.823759" lon="-107.520532"><ele>3927.09765625</ele><time>2026-04-12T17:07:26Z</time></rtept><rtept lat="37.823846" lon="-107.520636"><ele>3927.19921875</ele><time>2026-04-12T17:07:26Z</time></rtept><rtept lat="37.823727" lon="-107.520632"><ele>3930.5</ele><time>2026-04-12T17:07:26Z</time></rtept><rtept lat="37.823793" lon="-107.520767"><ele>3932.296875</ele><time>2026-04-12T17:07:26Z</time></rtept><rtept lat="37.823546" lon="-107.520706"><ele>3938.5</ele><time>2026-04-12T17:07:26Z</time></rtept><rtept lat="37.823359" lon="-107.520837"><ele>3945.59765625</ele><time>2026-04-12T17:07:26Z</time></rtept><rtept lat="37.823373" lon="-107.520889"><ele>3947.09765625</ele><time>2026-04-12T17:07:26Z</time></rtept><rtept lat="37.82296" lon="-107.520907"><ele>3948.8984375</ele><time>2026-04-12T17:07:26Z</time></rtept><rtept lat="37.822942" lon="-107.520975"><ele>3951.69921875</ele><time>2026-04-12T17:07:26Z</time></rtept><rtept lat="37.82307" lon="-107.521182"><ele>3957.796875</ele><time>2026-04-12T17:07:26Z</time></rtept><rtept lat="37.822888" lon="-107.521295"><ele>3960.69921875</ele><time>2026-04-12T17:07:26Z</time></rtept><rtept lat="37.822084" lon="-107.521443"><ele>3953.296875</ele><time>2026-04-12T17:07:26Z</time></rtept><rtept lat="37.821423" lon="-107.521457"><ele>3950.796875</ele><time>2026-04-12T17:07:26Z</time></rtept><rtept lat="37.821114" lon="-107.521413"><ele>3947.296875</ele><time>2026-04-12T17:07:26Z</time></rtept><rtept lat="37.820873" lon="-107.521424"><ele>3944.796875</ele><time>2026-04-12T17:07:26Z</time></rtept><rtept lat="37.820311" lon="-107.521395"><ele>3945.0</ele><time>2026-04-12T17:07:26Z</time></rtept><rtept lat="37.819838" lon="-107.521645"><ele>3938.3984375</ele><time>2026-04-12T17:07:26Z</time></rtept><rtept lat="37.819433" lon="-107.521673"><ele>3936.796875</ele><time>2026-04-12T17:07:26Z</time></rtept><rtept lat="37.819342" lon="-107.521745"><ele>3933.5</ele><time>2026-04-12T17:07:26Z</time></rtept><rtept lat="37.81914" lon="-107.521768"><ele>3930.69921875</ele><time>2026-04-12T17:07:26Z</time></rtept><rtept lat="37.818922" lon="-107.521868"><ele>3925.5</ele><time>2026-04-12T17:07:26Z</time></rtept><rtept lat="37.818839" lon="-107.521871"><ele>3924.5</ele><time>2026-04-12T17:07:26Z</time></rtept><rtept lat="37.818691" lon="-107.521826"><ele>3923.296875</ele><time>2026-04-12T17:07:26Z</time></rtept><rtept lat="37.818332" lon="-107.521803"><ele>3919.5</ele><time>2026-04-12T17:07:26Z</time></rtept><rtept lat="37.818013" lon="-107.52167"><ele>3917.296875</ele><time>2026-04-12T17:07:26Z</time></rtept><rtept lat="37.817695" lon="-107.521592"><ele>3912.0</ele><time>2026-04-12T17:07:26Z</time></rtept><rtept lat="37.816908" lon="-107.52118"><ele>3903.296875</ele><time>2026-04-12T17:07:26Z</time></rtept><rtept lat="37.816365" lon="-107.521204"><ele>3900.09765625</ele><time>2026-04-12T17:07:26Z</time></rtept><rtept lat="37.816177" lon="-107.521298"><ele>3895.09765625</ele><time>2026-04-12T17:07:26Z</time></rtept><rtept lat="37.815828" lon="-107.52136"><ele>3888.69921875</ele><time>2026-04-12T17:07:26Z</time></rtept><rtept lat="37.815472" lon="-107.521548"><ele>3883.3984375</ele><time>2026-04-12T17:07:26Z</time></rtept><rtept lat="37.815282" lon="-107.521552"><ele>3883.0</ele><time>2026-04-12T17:07:26Z</time></rtept><rtept lat="37.815165" lon="-107.521662"><ele>3881.0</ele><time>2026-04-12T17:07:26Z</time></rtept><rtept lat="37.814982" lon="-107.521735"><ele>3877.796875</ele><time>2026-04-12T17:07:26Z</time></rtept><rtept lat="37.814778" lon="-107.521755"><ele>3875.296875</ele><time>2026-04-12T17:07:26Z</time></rtept><rtept lat="37.814792" lon="-107.522199"><ele>3869.09765625</ele><time>2026-04-12T17:07:26Z</time></rtept><rtept lat="37.814653" lon="-107.522534"><ele>3861.796875</ele><time>2026-04-12T17:07:26Z</time></rtept><rtept lat="37.814546" lon="-107.522664"><ele>3857.59765625</ele><time>2026-04-12T17:07:26Z</time></rtept><rtept lat="37.814411" lon="-107.522802"><ele>3851.8984375</ele><time>2026-04-12T17:07:26Z</time></rtept><rtept lat="37.814381" lon="-107.522919"><ele>3849.3984375</ele><time>2026-04-12T17:07:26Z</time></rtept><rtept lat="37.814327" lon="-107.52299"><ele>3847.3984375</ele><time>2026-04-12T17:07:26Z</time></rtept><rtept lat="37.814136" lon="-107.522652"><ele>3844.69921875</ele><time>2026-04-12T17:07:26Z</time></rtept><rtept lat="37.8141" lon="-107.522661"><ele>3843.19921875</ele><time>2026-04-12T17:07:26Z</time></rtept><rtept lat="37.814034" lon="-107.523057"><ele>3839.0</ele><time>2026-04-12T17:07:26Z</time></rtept><rtept lat="37.814106" lon="-107.523681"><ele>3831.59765625</ele><time>2026-04-12T17:07:26Z</time></rtept><rtept lat="37.814202" lon="-107.523921"><ele>3829.3984375</ele><time>2026-04-12T17:07:26Z</time></rtept><rtept lat="37.81418" lon="-107.524004"><ele>3828.19921875</ele><time>2026-04-12T17:07:26Z</time></rtept><rtept lat="37.814136" lon="-107.524169"><ele>3826.0</ele><time>2026-04-12T17:07:26Z</time></rtept><rtept lat="37.814117" lon="-107.524306"><ele>3824.296875</ele><time>2026-04-12T17:07:26Z</time></rtept><rtept lat="37.814012" lon="-107.524545"><ele>3823.0</ele><time>2026-04-12T17:07:26Z</time></rtept><rtept lat="37.814081" lon="-107.524582"><ele>3822.59765625</ele><time>2026-04-12T17:07:26Z</time></rtept><rtept lat="37.814389" lon="-107.524835"><ele>3816.59765625</ele><time>2026-04-12T17:07:26Z</time></rtept><rtept lat="37.814554" lon="-107.525015"><ele>3809.796875</ele><time>2026-04-12T17:07:26Z</time></rtept><rtept lat="37.814783" lon="-107.525377"><ele>3798.8984375</ele><time>2026-04-12T17:07:26Z</time></rtept><rtept lat="37.815066" lon="-107.52589"><ele>3787.796875</ele><time>2026-04-12T17:07:26Z</time></rtept><rtept lat="37.815502" lon="-107.526699"><ele>3771.8984375</ele><time>2026-04-12T17:07:26Z</time></rtept><rtept lat="37.81566" lon="-107.526947"><ele>3765.796875</ele><time>2026-04-12T17:07:26Z</time></rtept><rtept lat="37.815665" lon="-107.527077"><ele>3764.09765625</ele><time>2026-04-12T17:07:26Z</time></rtept><rtept lat="37.815661" lon="-107.527264"><ele>3762.09765625</ele><time>2026-04-12T17:07:26Z</time></rtept><rtept lat="37.815672" lon="-107.527339"><ele>3760.8984375</ele><time>2026-04-12T17:07:26Z</time></rtept><rtept lat="37.815667" lon="-107.527425"><ele>3759.69921875</ele><time>2026-04-12T17:07:26Z</time></rtept><rtept lat="37.815666" lon="-107.527601"><ele>3757.3984375</ele><time>2026-04-12T17:07:26Z</time></rtept><rtept lat="37.815642" lon="-107.527794"><ele>3756.19921875</ele><time>2026-04-12T17:07:26Z</time></rtept><rtept lat="37.81562" lon="-107.527983"><ele>3754.3984375</ele><time>2026-04-12T17:07:26Z</time></rtept><rtept lat="37.815577" lon="-107.528172"><ele>3752.5</ele><time>2026-04-12T17:07:26Z</time></rtept><rtept lat="37.815543" lon="-107.528479"><ele>3748.59765625</ele><time>2026-04-12T17:07:26Z</time></rtept><rtept lat="37.815553" lon="-107.528625"><ele>3746.59765625</ele><time>2026-04-12T17:07:26Z</time></rtept><rtept lat="37.815523" lon="-107.528765"><ele>3746.8984375</ele><time>2026-04-12T17:07:26Z</time></rtept><rtept lat="37.815533" lon="-107.528881"><ele>3746.0</ele><time>2026-04-12T17:07:26Z</time></rtept><rtept lat="37.815522" lon="-107.529094"><ele>3744.796875</ele><time>2026-04-12T17:07:26Z</time></rtept><rtept lat="37.815504" lon="-107.52933"><ele>3743.796875</ele><time>2026-04-12T17:07:26Z</time></rtept><rtept lat="37.815465" lon="-107.529426"><ele>3744.19921875</ele><time>2026-04-12T17:07:26Z</time></rtept><rtept lat="37.815462" lon="-107.529494"><ele>3743.796875</ele><time>2026-04-12T17:07:26Z</time></rtept><rtept lat="37.815466" lon="-107.529694"><ele>3740.69921875</ele><time>2026-04-12T17:07:26Z</time></rtept><rtept lat="37.815409" lon="-107.529784"><ele>3740.3984375</ele><time>2026-04-12T17:07:26Z</time></rtept><rtept lat="37.815287" lon="-107.529871"><ele>3739.09765625</ele><time>2026-04-12T17:07:26Z</time></rtept><rtept lat="37.815229" lon="-107.529909"><ele>3738.59765625</ele><time>2026-04-12T17:07:26Z</time></rtept><rtept lat="37.815149" lon="-107.529977"><ele>3737.5</ele><time>2026-04-12T17:07:26Z</time></rtept><rtept lat="37.815142" lon="-107.530045"><ele>3735.8984375</ele><time>2026-04-12T17:07:26Z</time></rtept><rtept lat="37.81512" lon="-107.530107"><ele>3735.19921875</ele><time>2026-04-12T17:07:26Z</time></rtept><rtept lat="37.815078" lon="-107.530141"><ele>3735.796875</ele><time>2026-04-12T17:07:26Z</time></rtept><rtept lat="37.815035" lon="-107.530213"><ele>3735.3984375</ele><time>2026-04-12T17:07:26Z</time></rtept><rtept lat="37.814952" lon="-107.530406"><ele>3733.3984375</ele><time>2026-04-12T17:07:26Z</time></rtept><rtept lat="37.814826" lon="-107.530639"><ele>3729.8984375</ele><time>2026-04-12T17:07:26Z</time></rtept><rtept lat="37.81472" lon="-107.530836"><ele>3725.8984375</ele><time>2026-04-12T17:07:26Z</time></rtept><rtept lat="37.814658" lon="-107.530857"><ele>3726.296875</ele><time>2026-04-12T17:07:26Z</time></rtept><rtept lat="37.814645" lon="-107.530878"><ele>3726.0</ele><time>2026-04-12T17:07:26Z</time></rtept><rtept lat="37.81462" lon="-107.531"><ele>3723.796875</ele><time>2026-04-12T17:07:26Z</time></rtept><rtept lat="37.81444" lon="-107.531216"><ele>3722.296875</ele><time>2026-04-12T17:07:26Z</time></rtept><rtept lat="37.814225" lon="-107.531569"><ele>3715.3984375</ele><time>2026-04-12T17:07:26Z</time></rtept><rtept lat="37.814095" lon="-107.53171"><ele>3712.09765625</ele><time>2026-04-12T17:07:26Z</time></rtept><rtept lat="37.814018" lon="-107.531827"><ele>3709.0</ele><time>2026-04-12T17:07:26Z</time></rtept><rtept lat="37.813779" lon="-107.532175"><ele>3706.09765625</ele><time>2026-04-12T17:07:26Z</time></rtept><rtept lat="37.813664" lon="-107.532386"><ele>3701.8984375</ele><time>2026-04-12T17:07:26Z</time></rtept><rtept lat="37.81352" lon="-107.532551"><ele>3699.3984375</ele><time>2026-04-12T17:07:26Z</time></rtept><rtept lat="37.813379" lon="-107.532639"><ele>3698.0</ele><time>2026-04-12T17:07:26Z</time></rtept><rtept lat="37.813163" lon="-107.532742"><ele>3696.09765625</ele><time>2026-04-12T17:07:26Z</time></rtept><rtept lat="37.813079" lon="-107.532917"><ele>3690.19921875</ele><time>2026-04-12T17:07:26Z</time></rtept><rtept lat="37.813041" lon="-107.533175"><ele>3682.8984375</ele><time>2026-04-12T17:07:26Z</time></rtept><rtept lat="37.813005" lon="-107.533692"><ele>3670.19921875</ele><time>2026-04-12T17:07:26Z</time></rtept><rtept lat="37.812973" lon="-107.534116"><ele>3658.796875</ele><time>2026-04-12T17:07:26Z</time></rtept><rtept lat="37.812919" lon="-107.534517"><ele>3649.296875</ele><time>2026-04-12T17:07:26Z</time></rtept><rtept lat="37.81294" lon="-107.534806"><ele>3642.296875</ele><time>2026-04-12T17:07:26Z</time></rtept><rtept lat="37.813031" lon="-107.535067"><ele>3635.0</ele><time>2026-04-12T17:07:26Z</time></rtept><rtept lat="37.813041" lon="-107.53525"><ele>3631.296875</ele><time>2026-04-12T17:07:26Z</time></rtept><rtept lat="37.813076" lon="-107.535372"><ele>3628.59765625</ele><time>2026-04-12T17:07:26Z</time></rtept><rtept lat="37.813131" lon="-107.535457"><ele>3626.3984375</ele><time>2026-04-12T17:07:26Z</time></rtept><rtept lat="37.813265" lon="-107.535741"><ele>3621.09765625</ele><time>2026-04-12T17:07:26Z</time></rtept><rtept lat="37.813303" lon="-107.536064"><ele>3616.8984375</ele><time>2026-04-12T17:07:26Z</time></rtept><rtept lat="37.813142" lon="-107.536134"><ele>3617.796875</ele><time>2026-04-12T17:07:26Z</time></rtept><rtept lat="37.813094" lon="-107.536222"><ele>3617.59765625</ele><time>2026-04-12T17:07:26Z</time></rtept><rtept lat="37.812862" lon="-107.536363"><ele>3619.3984375</ele><time>2026-04-12T17:07:26Z</time></rtept><rtept lat="37.812665" lon="-107.536479"><ele>3620.5</ele><time>2026-04-12T17:07:26Z</time></rtept><rtept lat="37.812631" lon="-107.536494"><ele>3620.8984375</ele><time>2026-04-12T17:07:26Z</time></rtept><rtept lat="37.812631" lon="-107.536494"><ele>3620.8984375</ele><time>2026-04-12T17:07:26Z</time></rtept><rtept lat="37.812487" lon="-107.536611"><ele>3619.796875</ele><time>2026-04-12T17:07:26Z</time></rtept><rtept lat="37.812374" lon="-107.536598"><ele>3621.296875</ele><time>2026-04-12T17:07:26Z</time></rtept><rtept lat="37.812273" lon="-107.536622"><ele>3622.296875</ele><time>2026-04-12T17:07:26Z</time></rtept><rtept lat="37.812035" lon="-107.536575"><ele>3626.296875</ele><time>2026-04-12T17:07:26Z</time></rtept><rtept lat="37.811871" lon="-107.536528"><ele>3630.296875</ele><time>2026-04-12T17:07:26Z</time></rtept><rtept lat="37.811611" lon="-107.536525"><ele>3634.59765625</ele><time>2026-04-12T17:07:26Z</time></rtept><rtept lat="37.811538" lon="-107.53656"><ele>3635.296875</ele><time>2026-04-12T17:07:26Z</time></rtept><rtept lat="37.811419" lon="-107.536669"><ele>3634.296875</ele><time>2026-04-12T17:07:26Z</time></rtept><rtept lat="37.811281" lon="-107.536794"><ele>3632.59765625</ele><time>2026-04-12T17:07:26Z</time></rtept><rtept lat="37.811158" lon="-107.536975"><ele>3630.796875</ele><time>2026-04-12T17:07:26Z</time></rtept><rtept lat="37.81111" lon="-107.537034"><ele>3631.19921875</ele><time>2026-04-12T17:07:26Z</time></rtept><rtept lat="37.811101" lon="-107.537044"><ele>3631.296875</ele><time>2026-04-12T17:07:26Z</time></rtept><rtept lat="37.810996" lon="-107.537234"><ele>3631.796875</ele><time>2026-04-12T17:07:26Z</time></rtept><rtept lat="37.810889" lon="-107.53742"><ele>3635.0</ele><time>2026-04-12T17:07:26Z</time></rtept><rtept lat="37.810745" lon="-107.537679"><ele>3639.0</ele><time>2026-04-12T17:07:26Z</time></rtept><rtept lat="37.810724" lon="-107.537805"><ele>3640.296875</ele><time>2026-04-12T17:07:26Z</time></rtept><rtept lat="37.810742" lon="-107.537848"><ele>3640.59765625</ele><time>2026-04-12T17:07:26Z</time></rtept><rtept lat="37.810762" lon="-107.537895"><ele>3641.09765625</ele><time>2026-04-12T17:07:26Z</time></rtept><rtept lat="37.810762" lon="-107.537973"><ele>3641.796875</ele><time>2026-04-12T17:07:26Z</time></rtept><rtept lat="37.810745" lon="-107.538061"><ele>3642.8984375</ele><time>2026-04-12T17:07:26Z</time></rtept><rtept lat="37.810772" lon="-107.538141"><ele>3643.69921875</ele><time>2026-04-12T17:07:26Z</time></rtept><rtept lat="37.810824" lon="-107.538175"><ele>3644.09765625</ele><time>2026-04-12T17:07:26Z</time></rtept><rtept lat="37.810876" lon="-107.538259"><ele>3645.0</ele><time>2026-04-12T17:07:26Z</time></rtept><rtept lat="37.810902" lon="-107.538321"><ele>3645.796875</ele><time>2026-04-12T17:07:26Z</time></rtept><rtept lat="37.810918" lon="-107.538414"><ele>3647.19921875</ele><time>2026-04-12T17:07:26Z</time></rtept><rtept lat="37.810905" lon="-107.538519"><ele>3649.0</ele><time>2026-04-12T17:07:26Z</time></rtept><rtept lat="37.810841" lon="-107.53864"><ele>3651.59765625</ele><time>2026-04-12T17:07:26Z</time></rtept><rtept lat="37.810843" lon="-107.538741"><ele>3653.69921875</ele><time>2026-04-12T17:07:26Z</time></rtept><rtept lat="37.81082" lon="-107.538787"><ele>3655.0</ele><time>2026-04-12T17:07:26Z</time></rtept><rtept lat="37.810833" lon="-107.538833"><ele>3655.796875</ele><time>2026-04-12T17:07:26Z</time></rtept><rtept lat="37.810876" lon="-107.538906"><ele>3657.19921875</ele><time>2026-04-12T17:07:26Z</time></rtept><rtept lat="37.810895" lon="-107.538994"><ele>3659.19921875</ele><time>2026-04-12T17:07:26Z</time></rtept><rtept lat="37.810924" lon="-107.539047"><ele>3660.5</ele><time>2026-04-12T17:07:26Z</time></rtept><rtept lat="37.810973" lon="-107.539107"><ele>3661.59765625</ele><time>2026-04-12T17:07:26Z</time></rtept><rtept lat="37.811005" lon="-107.539165"><ele>3662.59765625</ele><time>2026-04-12T17:07:26Z</time></rtept><rtept lat="37.811049" lon="-107.539208"><ele>3663.296875</ele><time>2026-04-12T17:07:26Z</time></rtept><rtept lat="37.811061" lon="-107.539267"><ele>3665.19921875</ele><time>2026-04-12T17:07:26Z</time></rtept><rtept lat="37.811094" lon="-107.539291"><ele>3665.5</ele><time>2026-04-12T17:07:26Z</time></rtept><rtept lat="37.811147" lon="-107.539376"><ele>3667.796875</ele><time>2026-04-12T17:07:26Z</time></rtept><rtept lat="37.811198" lon="-107.539471"><ele>3670.3984375</ele><time>2026-04-12T17:07:26Z</time></rtept><rtept lat="37.811188" lon="-107.539509"><ele>3671.8984375</ele><time>2026-04-12T17:07:26Z</time></rtept><rtept lat="37.81131" lon="-107.539553"><ele>3672.5</ele><time>2026-04-12T17:07:26Z</time></rtept><rtept lat="37.811356" lon="-107.539585"><ele>3673.59765625</ele><time>2026-04-12T17:07:26Z</time></rtept><rtept lat="37.811418" lon="-107.539606"><ele>3674.0</ele><time>2026-04-12T17:07:26Z</time></rtept><rtept lat="37.811473" lon="-107.53964"><ele>3674.69921875</ele><time>2026-04-12T17:07:26Z</time></rtept><rtept lat="37.811559" lon="-107.539673"><ele>3675.5</ele><time>2026-04-12T17:07:26Z</time></rtept><rtept lat="37.811623" lon="-107.539718"><ele>3677.59765625</ele><time>2026-04-12T17:07:26Z</time></rtept><rtept lat="37.811679" lon="-107.539796"><ele>3680.59765625</ele><time>2026-04-12T17:07:26Z</time></rtept><rtept lat="37.81174" lon="-107.539844"><ele>3682.296875</ele><time>2026-04-12T17:07:26Z</time></rtept><rtept lat="37.81182" lon="-107.539931"><ele>3685.8984375</ele><time>2026-04-12T17:07:26Z</time></rtept><rtept lat="37.81197" lon="-107.540016"><ele>3690.5</ele><time>2026-04-12T17:07:26Z</time></rtept><rtept lat="37.812054" lon="-107.540046"><ele>3692.296875</ele><time>2026-04-12T17:07:26Z</time></rtept><rtept lat="37.81209" lon="-107.540106"><ele>3694.69921875</ele><time>2026-04-12T17:07:26Z</time></rtept><rtept lat="37.811988" lon="-107.540212"><ele>3697.59765625</ele><time>2026-04-12T17:07:26Z</time></rtept><rtept lat="37.812046" lon="-107.540336"><ele>3701.8984375</ele><time>2026-04-12T17:07:26Z</time></rtept><rtept lat="37.812149" lon="-107.540394"><ele>3704.19921875</ele><time>2026-04-12T17:07:26Z</time></rtept><rtept lat="37.812261" lon="-107.540483"><ele>3708.3984375</ele><time>2026-04-12T17:07:26Z</time></rtept><rtept lat="37.812374" lon="-107.540546"><ele>3712.0</ele><time>2026-04-12T17:07:26Z</time></rtept><rtept lat="37.812417" lon="-107.540597"><ele>3714.5</ele><time>2026-04-12T17:07:26Z</time></rtept><rtept lat="37.812487" lon="-107.540644"><ele>3717.19921875</ele><time>2026-04-12T17:07:26Z</time></rtept><rtept lat="37.812555" lon="-107.540702"><ele>3720.69921875</ele><time>2026-04-12T17:07:26Z</time></rtept><rtept lat="37.812734" lon="-107.540856"><ele>3728.69921875</ele><time>2026-04-12T17:07:26Z</time></rtept><rtept lat="37.813014" lon="-107.541074"><ele>3736.296875</ele><time>2026-04-12T17:07:26Z</time></rtept><rtept lat="37.812961" lon="-107.541482"><ele>3748.19921875</ele><time>2026-04-12T17:07:26Z</time></rtept><rtept lat="37.812927" lon="-107.541828"><ele>3757.09765625</ele><time>2026-04-12T17:07:26Z</time></rtept><rtept lat="37.812904" lon="-107.542065"><ele>3763.296875</ele><time>2026-04-12T17:07:26Z</time></rtept><rtept lat="37.812853" lon="-107.542153"><ele>3764.3984375</ele><time>2026-04-12T17:07:26Z</time></rtept><rtept lat="37.812779" lon="-107.542307"><ele>3766.3984375</ele><time>2026-04-12T17:07:26Z</time></rtept><rtept lat="37.812547" lon="-107.542751"><ele>3778.296875</ele><time>2026-04-12T17:07:26Z</time></rtept><rtept lat="37.812462" lon="-107.542934"><ele>3785.09765625</ele><time>2026-04-12T17:07:26Z</time></rtept><rtept lat="37.812399" lon="-107.54305"><ele>3790.0</ele><time>2026-04-12T17:07:26Z</time></rtept><rtept lat="37.812291" lon="-107.543263"><ele>3791.796875</ele><time>2026-04-12T17:07:26Z</time></rtept><rtept lat="37.812205" lon="-107.543431"><ele>3790.296875</ele><time>2026-04-12T17:07:26Z</time></rtept><rtept lat="37.812123" lon="-107.543606"><ele>3788.796875</ele><time>2026-04-12T17:07:26Z</time></rtept><rtept lat="37.812058" lon="-107.543746"><ele>3790.5</ele><time>2026-04-12T17:07:26Z</time></rtept><rtept lat="37.811962" lon="-107.543939"><ele>3789.19921875</ele><time>2026-04-12T17:07:26Z</time></rtept><rtept lat="37.811926" lon="-107.544013"><ele>3788.3984375</ele><time>2026-04-12T17:07:26Z</time></rtept><rtept lat="37.811931" lon="-107.544336"><ele>3792.296875</ele><time>2026-04-12T17:07:26Z</time></rtept><rtept lat="37.811938" lon="-107.544497"><ele>3794.296875</ele><time>2026-04-12T17:07:26Z</time></rtept><rtept lat="37.811938" lon="-107.544544"><ele>3794.59765625</ele><time>2026-04-12T17:07:26Z</time></rtept><rtept lat="37.811934" lon="-107.544756"><ele>3796.5</ele><time>2026-04-12T17:07:26Z</time></rtept><rtept lat="37.811942" lon="-107.545061"><ele>3800.5</ele><time>2026-04-12T17:07:26Z</time></rtept><rtept lat="37.81196" lon="-107.545571"><ele>3806.69921875</ele><time>2026-04-12T17:07:26Z</time></rtept><rtept lat="37.811555" lon="-107.546194"><ele>3816.0</ele><time>2026-04-12T17:07:26Z</time></rtept><rtept lat="37.811645" lon="-107.546621"><ele>3822.3984375</ele><time>2026-04-12T17:07:26Z</time></rtept><rtept lat="37.811489" lon="-107.546864"><ele>3828.296875</ele><time>2026-04-12T17:07:26Z</time></rtept><rtept lat="37.810993" lon="-107.546958"><ele>3836.796875</ele><time>2026-04-12T17:07:26Z</time></rtept><rtept lat="37.810804" lon="-107.546979"><ele>3842.69921875</ele><time>2026-04-12T17:07:26Z</time></rtept><rtept lat="37.810223" lon="-107.54708"><ele>3861.8984375</ele><time>2026-04-12T17:07:26Z</time></rtept><rtept lat="37.809891" lon="-107.54769"><ele>3873.8984375</ele><time>2026-04-12T17:07:26Z</time></rtept><rtept lat="37.809589" lon="-107.548264"><ele>3886.8984375</ele><time>2026-04-12T17:07:26Z</time></rtept><rtept lat="37.809359" lon="-107.548641"><ele>3890.5</ele><time>2026-04-12T17:07:26Z</time></rtept><rtept lat="37.809219" lon="-107.548925"><ele>3900.0</ele><time>2026-04-12T17:07:26Z</time></rtept><rtept lat="37.809" lon="-107.549048"><ele>3898.69921875</ele><time>2026-04-12T17:07:26Z</time></rtept><rtept lat="37.80882" lon="-107.5491"><ele>3901.59765625</ele><time>2026-04-12T17:07:26Z</time></rtept><rtept lat="37.808725" lon="-107.549114"><ele>3902.296875</ele><time>2026-04-12T17:07:26Z</time></rtept><rtept lat="37.808606" lon="-107.549254"><ele>3911.3984375</ele><time>2026-04-12T17:07:26Z</time></rtept><rtept lat="37.80845" lon="-107.549355"><ele>3919.0</ele><time>2026-04-12T17:07:26Z</time></rtept><rtept lat="37.80806" lon="-107.549425"><ele>3923.09765625</ele><time>2026-04-12T17:07:26Z</time></rtept><rtept lat="37.807825" lon="-107.549468"><ele>3927.5</ele><time>2026-04-12T17:07:26Z</time></rtept><rtept lat="37.807425" lon="-107.549597"><ele>3939.09765625</ele><time>2026-04-12T17:07:26Z</time></rtept><rtept lat="37.807187" lon="-107.549856"><ele>3954.796875</ele><time>2026-04-12T17:07:26Z</time></rtept><rtept lat="37.807609" lon="-107.550065"><ele>3967.59765625</ele><time>2026-04-12T17:07:26Z</time></rtept><rtept lat="37.807563" lon="-107.550499"><ele>3978.3984375</ele><time>2026-04-12T17:07:26Z</time></rtept><rtept lat="37.80739" lon="-107.550569"><ele>3981.19921875</ele><time>2026-04-12T17:07:26Z</time></rtept><rtept lat="37.807187" lon="-107.550641"><ele>3981.796875</ele><time>2026-04-12T17:07:26Z</time></rtept><rtept lat="37.807038" lon="-107.55076"><ele>3984.19921875</ele><time>2026-04-12T17:07:26Z</time></rtept><rtept lat="37.806814" lon="-107.550951"><ele>3989.5</ele><time>2026-04-12T17:07:26Z</time></rtept><rtept lat="37.806609" lon="-107.551214"><ele>3998.19921875</ele><time>2026-04-12T17:07:26Z</time></rtept><rtept lat="37.806389" lon="-107.551314"><ele>4005.19921875</ele><time>2026-04-12T17:07:26Z</time></rtept><rtept lat="37.806024" lon="-107.551441"><ele>4015.8984375</ele><time>2026-04-12T17:07:26Z</time></rtept><rtept lat="37.805825" lon="-107.551566"><ele>4020.8984375</ele><time>2026-04-12T17:07:26Z</time></rtept><rtept lat="37.805645" lon="-107.551547"><ele>4021.0</ele><time>2026-04-12T17:07:26Z</time></rtept><rtept lat="37.805329" lon="-107.551409"><ele>4011.296875</ele><time>2026-04-12T17:07:26Z</time></rtept><rtept lat="37.805029" lon="-107.551373"><ele>4007.5</ele><time>2026-04-12T17:07:26Z</time></rtept><rtept lat="37.80486" lon="-107.551268"><ele>4001.296875</ele><time>2026-04-12T17:07:26Z</time></rtept><rtept lat="37.804771" lon="-107.551261"><ele>4000.69921875</ele><time>2026-04-12T17:07:26Z</time></rtept><rtept lat="37.804723" lon="-107.551285"><ele>4001.796875</ele><time>2026-04-12T17:07:26Z</time></rtept><rtept lat="37.804677" lon="-107.551237"><ele>3999.796875</ele><time>2026-04-12T17:07:26Z</time></rtept><rtept lat="37.804605" lon="-107.551185"><ele>3997.8984375</ele><time>2026-04-12T17:07:26Z</time></rtept><rtept lat="37.804595" lon="-107.551159"><ele>3996.796875</ele><time>2026-04-12T17:07:26Z</time></rtept><rtept lat="37.804571" lon="-107.551108"><ele>3995.5</ele><time>2026-04-12T17:07:26Z</time></rtept><rtept lat="37.804489" lon="-107.55102"><ele>3994.8984375</ele><time>2026-04-12T17:07:26Z</time></rtept><rtept lat="37.804252" lon="-107.550837"><ele>3998.59765625</ele><time>2026-04-12T17:07:26Z</time></rtept><rtept lat="37.80416" lon="-107.550808"><ele>3999.19921875</ele><time>2026-04-12T17:07:26Z</time></rtept><rtept lat="37.804029" lon="-107.55069"><ele>3995.19921875</ele><time>2026-04-12T17:07:26Z</time></rtept><rtept lat="37.803977" lon="-107.55067"><ele>3994.5</ele><time>2026-04-12T17:07:26Z</time></rtept><rtept lat="37.803878" lon="-107.550594"><ele>3992.5</ele><time>2026-04-12T17:07:26Z</time></rtept><rtept lat="37.803706" lon="-107.550392"><ele>3991.3984375</ele><time>2026-04-12T17:07:26Z</time></rtept><rtept lat="37.803602" lon="-107.550219"><ele>3989.19921875</ele><time>2026-04-12T17:07:26Z</time></rtept><rtept lat="37.803519" lon="-107.550053"><ele>3988.3984375</ele><time>2026-04-12T17:07:26Z</time></rtept><rtept lat="37.803338" lon="-107.550023"><ele>3989.5</ele><time>2026-04-12T17:07:26Z</time></rtept><rtept lat="37.80322" lon="-107.550016"><ele>3988.8984375</ele><time>2026-04-12T17:07:26Z</time></rtept><rtept lat="37.803067" lon="-107.54996"><ele>3985.69921875</ele><time>2026-04-12T17:07:26Z</time></rtept><rtept lat="37.802969" lon="-107.549925"><ele>3984.19921875</ele><time>2026-04-12T17:07:26Z</time></rtept><rtept lat="37.802787" lon="-107.549949"><ele>3981.19921875</ele><time>2026-04-12T17:07:26Z</time></rtept><rtept lat="37.802645" lon="-107.549929"><ele>3980.09765625</ele><time>2026-04-12T17:07:26Z</time></rtept><rtept lat="37.802573" lon="-107.549952"><ele>3978.09765625</ele><time>2026-04-12T17:07:26Z</time></rtept><rtept lat="37.802436" lon="-107.549994"><ele>3974.09765625</ele><time>2026-04-12T17:07:26Z</time></rtept><rtept lat="37.802236" lon="-107.549994"><ele>3972.0</ele><time>2026-04-12T17:07:26Z</time></rtept><rtept lat="37.802071" lon="-107.55001"><ele>3970.3984375</ele><time>2026-04-12T17:07:26Z</time></rtept><rtept lat="37.801872" lon="-107.55011"><ele>3964.19921875</ele><time>2026-04-12T17:07:26Z</time></rtept><rtept lat="37.801793" lon="-107.550161"><ele>3962.0</ele><time>2026-04-12T17:07:26Z</time></rtept><rtept lat="37.801736" lon="-107.550156"><ele>3963.09765625</ele><time>2026-04-12T17:07:26Z</time></rtept><rtept lat="37.801611" lon="-107.550142"><ele>3966.69921875</ele><time>2026-04-12T17:07:26Z</time></rtept><rtept lat="37.80153" lon="-107.550222"><ele>3965.19921875</ele><time>2026-04-12T17:07:26Z</time></rtept><rtept lat="37.801427" lon="-107.550263"><ele>3963.69921875</ele><time>2026-04-12T17:07:26Z</time></rtept><rtept lat="37.801301" lon="-107.550227"><ele>3965.19921875</ele><time>2026-04-12T17:07:26Z</time></rtept><rtept lat="37.801122" lon="-107.55011"><ele>3967.796875</ele><time>2026-04-12T17:07:26Z</time></rtept><rtept lat="37.800955" lon="-107.550085"><ele>3964.796875</ele><time>2026-04-12T17:07:26Z</time></rtept><rtept lat="37.800766" lon="-107.55001"><ele>3963.8984375</ele><time>2026-04-12T17:07:26Z</time></rtept><rtept lat="37.800659" lon="-107.549971"><ele>3963.296875</ele><time>2026-04-12T17:07:26Z</time></rtept><rtept lat="37.80046" lon="-107.549864"><ele>3963.59765625</ele><time>2026-04-12T17:07:26Z</time></rtept><rtept lat="37.800263" lon="-107.549702"><ele>3965.09765625</ele><time>2026-04-12T17:07:26Z</time></rtept><rtept lat="37.800122" lon="-107.549603"><ele>3962.5</ele><time>2026-04-12T17:07:26Z</time></rtept><rtept lat="37.799983" lon="-107.549533"><ele>3957.19921875</ele><time>2026-04-12T17:07:26Z</time></rtept><rtept lat="37.799682" lon="-107.549365"><ele>3954.296875</ele><time>2026-04-12T17:07:26Z</time></rtept><rtept lat="37.799357" lon="-107.549222"><ele>3949.5</ele><time>2026-04-12T17:07:26Z</time></rtept><rtept lat="37.798936" lon="-107.54897"><ele>3944.59765625</ele><time>2026-04-12T17:07:26Z</time></rtept><rtept lat="37.798716" lon="-107.548846"><ele>3939.19921875</ele><time>2026-04-12T17:07:26Z</time></rtept><rtept lat="37.798465" lon="-107.54871"><ele>3940.09765625</ele><time>2026-04-12T17:07:26Z</time></rtept><rtept lat="37.79838" lon="-107.548666"><ele>3938.69921875</ele><time>2026-04-12T17:07:26Z</time></rtept><rtept lat="37.798172" lon="-107.548601"><ele>3934.3984375</ele><time>2026-04-12T17:07:26Z</time></rtept><rtept lat="37.797904" lon="-107.54846"><ele>3928.296875</ele><time>2026-04-12T17:07:26Z</time></rtept><rtept lat="37.797706" lon="-107.548317"><ele>3926.796875</ele><time>2026-04-12T17:07:26Z</time></rtept><rtept lat="37.797537" lon="-107.548256"><ele>3924.09765625</ele><time>2026-04-12T17:07:26Z</time></rtept><rtept lat="37.797372" lon="-107.548219"><ele>3920.69921875</ele><time>2026-04-12T17:07:26Z</time></rtept><rtept lat="37.797328" lon="-107.5482"><ele>3919.8984375</ele><time>2026-04-12T17:07:26Z</time></rtept><rtept lat="37.797209" lon="-107.548159"><ele>3916.8984375</ele><time>2026-04-12T17:07:26Z</time></rtept><rtept lat="37.797117" lon="-107.54813"><ele>3914.3984375</ele><time>2026-04-12T17:07:26Z</time></rtept><rtept lat="37.797045" lon="-107.548087"><ele>3912.59765625</ele><time>2026-04-12T17:07:26Z</time></rtept><rtept lat="37.796925" lon="-107.547997"><ele>3910.8984375</ele><time>2026-04-12T17:07:26Z</time></rtept><rtept lat="37.796875" lon="-107.547936"><ele>3910.19921875</ele><time>2026-04-12T17:07:26Z</time></rtept><rtept lat="37.796792" lon="-107.547811"><ele>3908.09765625</ele><time>2026-04-12T17:07:26Z</time></rtept><rtept lat="37.796703" lon="-107.547698"><ele>3905.296875</ele><time>2026-04-12T17:07:26Z</time></rtept><rtept lat="37.796659" lon="-107.547676"><ele>3903.796875</ele><time>2026-04-12T17:07:26Z</time></rtept><rtept lat="37.796582" lon="-107.547614"><ele>3900.69921875</ele><time>2026-04-12T17:07:26Z</time></rtept><rtept lat="37.796569" lon="-107.547563"><ele>3900.59765625</ele><time>2026-04-12T17:07:26Z</time></rtept><rtept lat="37.796544" lon="-107.547526"><ele>3899.3984375</ele><time>2026-04-12T17:07:26Z</time></rtept><rtept lat="37.796465" lon="-107.547421"><ele>3897.09765625</ele><time>2026-04-12T17:07:26Z</time></rtept><rtept lat="37.796404" lon="-107.54737"><ele>3894.19921875</ele><time>2026-04-12T17:07:26Z</time></rtept><rtept lat="37.796157" lon="-107.547211"><ele>3884.796875</ele><time>2026-04-12T17:07:26Z</time></rtept><rtept lat="37.796069" lon="-107.547145"><ele>3880.59765625</ele><time>2026-04-12T17:07:26Z</time></rtept><rtept lat="37.795988" lon="-107.547106"><ele>3876.19921875</ele><time>2026-04-12T17:07:26Z</time></rtept><rtept lat="37.795958" lon="-107.547139"><ele>3873.796875</ele><time>2026-04-12T17:07:26Z</time></rtept><rtept lat="37.795948" lon="-107.547306"><ele>3870.0</ele><time>2026-04-12T17:07:26Z</time></rtept><rtept lat="37.795926" lon="-107.547547"><ele>3865.09765625</ele><time>2026-04-12T17:07:26Z</time></rtept><rtept lat="37.795892" lon="-107.547639"><ele>3862.8984375</ele><time>2026-04-12T17:07:26Z</time></rtept><rtept lat="37.795684" lon="-107.5478"><ele>3852.3984375</ele><time>2026-04-12T17:07:26Z</time></rtept><rtept lat="37.795583" lon="-107.547885"><ele>3848.0</ele><time>2026-04-12T17:07:26Z</time></rtept><rtept lat="37.795514" lon="-107.54796"><ele>3844.3984375</ele><time>2026-04-12T17:07:26Z</time></rtept><rtept lat="37.795485" lon="-107.548054"><ele>3843.0</ele><time>2026-04-12T17:07:26Z</time></rtept><rtept lat="37.795199" lon="-107.548231"><ele>3835.8984375</ele><time>2026-04-12T17:07:26Z</time></rtept><rtept lat="37.795132" lon="-107.548337"><ele>3835.8984375</ele><time>2026-04-12T17:07:26Z</time></rtept><rtept lat="37.794872" lon="-107.547624"><ele>3827.796875</ele><time>2026-04-12T17:07:26Z</time></rtept><rtept lat="37.794799" lon="-107.547383"><ele>3824.3984375</ele><time>2026-04-12T17:07:26Z</time></rtept><rtept lat="37.794734" lon="-107.547319"><ele>3823.09765625</ele><time>2026-04-12T17:07:26Z</time></rtept><rtept lat="37.794436" lon="-107.547075"><ele>3820.19921875</ele><time>2026-04-12T17:07:26Z</time></rtept><rtept lat="37.794324" lon="-107.546855"><ele>3819.5</ele><time>2026-04-12T17:07:26Z</time></rtept><rtept lat="37.79433" lon="-107.546592"><ele>3820.0</ele><time>2026-04-12T17:07:26Z</time></rtept><rtept lat="37.794435" lon="-107.546049"><ele>3818.09765625</ele><time>2026-04-12T17:07:26Z</time></rtept><rtept lat="37.794279" lon="-107.546013"><ele>3815.69921875</ele><time>2026-04-12T17:07:26Z</time></rtept><rtept lat="37.794209" lon="-107.546141"><ele>3816.09765625</ele><time>2026-04-12T17:07:26Z</time></rtept><rtept lat="37.79415" lon="-107.546274"><ele>3815.5</ele><time>2026-04-12T17:07:26Z</time></rtept><rtept lat="37.794101" lon="-107.546399"><ele>3815.296875</ele><time>2026-04-12T17:07:26Z</time></rtept><rtept lat="37.794079" lon="-107.546461"><ele>3815.19921875</ele><time>2026-04-12T17:07:26Z</time></rtept><rtept lat="37.794051" lon="-107.546543"><ele>3814.8984375</ele><time>2026-04-12T17:07:26Z</time></rtept><rtept lat="37.794006" lon="-107.546666"><ele>3814.5</ele><time>2026-04-12T17:07:26Z</time></rtept><rtept lat="37.79396" lon="-107.546777"><ele>3812.8984375</ele><time>2026-04-12T17:07:26Z</time></rtept><rtept lat="37.793951" lon="-107.546799"><ele>3812.69921875</ele><time>2026-04-12T17:07:26Z</time></rtept><rtept lat="37.793896" lon="-107.546848"><ele>3811.59765625</ele><time>2026-04-12T17:07:26Z</time></rtept><rtept lat="37.793855" lon="-107.546884"><ele>3810.796875</ele><time>2026-04-12T17:07:26Z</time></rtept><rtept lat="37.793758" lon="-107.546949"><ele>3809.19921875</ele><time>2026-04-12T17:07:26Z</time></rtept><rtept lat="37.793674" lon="-107.546998"><ele>3808.09765625</ele><time>2026-04-12T17:07:26Z</time></rtept><rtept lat="37.793642" lon="-107.547016"><ele>3807.796875</ele><time>2026-04-12T17:07:26Z</time></rtept><rtept lat="37.793561" lon="-107.547059"><ele>3806.8984375</ele><time>2026-04-12T17:07:26Z</time></rtept><rtept lat="37.793524" lon="-107.547072"><ele>3806.5</ele><time>2026-04-12T17:07:26Z</time></rtept><rtept lat="37.793427" lon="-107.547119"><ele>3805.19921875</ele><time>2026-04-12T17:07:26Z</time></rtept><rtept lat="37.793265" lon="-107.547188"><ele>3802.3984375</ele><time>2026-04-12T17:07:26Z</time></rtept><rtept lat="37.793159" lon="-107.547252"><ele>3801.19921875</ele><time>2026-04-12T17:07:26Z</time></rtept><rtept lat="37.793088" lon="-107.547288"><ele>3801.69921875</ele><time>2026-04-12T17:07:26Z</time></rtept><rtept lat="37.793006" lon="-107.547274"><ele>3801.59765625</ele><time>2026-04-12T17:07:26Z</time></rtept><rtept lat="37.792922" lon="-107.547262"><ele>3801.5</ele><time>2026-04-12T17:07:26Z</time></rtept><rtept lat="37.792854" lon="-107.54724"><ele>3800.796875</ele><time>2026-04-12T17:07:26Z</time></rtept><rtept lat="37.79278" lon="-107.547217"><ele>3800.0</ele><time>2026-04-12T17:07:26Z</time></rtept><rtept lat="37.792631" lon="-107.547187"><ele>3798.3984375</ele><time>2026-04-12T17:07:26Z</time></rtept><rtept lat="37.792469" lon="-107.547192"><ele>3797.19921875</ele><time>2026-04-12T17:07:26Z</time></rtept><rtept lat="37.792306" lon="-107.5472"><ele>3796.3984375</ele><time>2026-04-12T17:07:26Z</time></rtept><rtept lat="37.792153" lon="-107.547196"><ele>3795.69921875</ele><time>2026-04-12T17:07:26Z</time></rtept><rtept lat="37.792019" lon="-107.547182"><ele>3794.296875</ele><time>2026-04-12T17:07:26Z</time></rtept><rtept lat="37.791993" lon="-107.54718"><ele>3794.0</ele><time>2026-04-12T17:07:26Z</time></rtept><rtept lat="37.791843" lon="-107.547201"><ele>3793.0</ele><time>2026-04-12T17:07:26Z</time></rtept><rtept lat="37.791838" lon="-107.547202"><ele>3793.0</ele><time>2026-04-12T17:07:26Z</time></rtept><rtept lat="37.791697" lon="-107.547218"><ele>3791.796875</ele><time>2026-04-12T17:07:26Z</time></rtept><rtept lat="37.791692" lon="-107.547219"><ele>3791.69921875</ele><time>2026-04-12T17:07:26Z</time></rtept><rtept lat="37.791563" lon="-107.547254"><ele>3790.796875</ele><time>2026-04-12T17:07:26Z</time></rtept><rtept lat="37.791449" lon="-107.547248"><ele>3789.5</ele><time>2026-04-12T17:07:26Z</time></rtept><rtept lat="37.79144" lon="-107.547247"><ele>3789.3984375</ele><time>2026-04-12T17:07:26Z</time></rtept><rtept lat="37.791341" lon="-107.54724"><ele>3788.19921875</ele><time>2026-04-12T17:07:26Z</time></rtept><rtept lat="37.791328" lon="-107.547239"><ele>3788.09765625</ele><time>2026-04-12T17:07:26Z</time></rtept><rtept lat="37.791207" lon="-107.547241"><ele>3786.796875</ele><time>2026-04-12T17:07:26Z</time></rtept><rtept lat="37.79107" lon="-107.547279"><ele>3785.5</ele><time>2026-04-12T17:07:26Z</time></rtept><rtept lat="37.791029" lon="-107.547299"><ele>3785.19921875</ele><time>2026-04-12T17:07:26Z</time></rtept><rtept lat="37.790946" lon="-107.547342"><ele>3784.296875</ele><time>2026-04-12T17:07:26Z</time></rtept><rtept lat="37.790933" lon="-107.54735"><ele>3783.796875</ele><time>2026-04-12T17:07:26Z</time></rtept><rtept lat="37.79087" lon="-107.54739"><ele>3782.796875</ele><time>2026-04-12T17:07:26Z</time></rtept><rtept lat="37.790836" lon="-107.54741"><ele>3782.3984375</ele><time>2026-04-12T17:07:26Z</time></rtept><rtept lat="37.79079" lon="-107.547449"><ele>3781.8984375</ele><time>2026-04-12T17:07:26Z</time></rtept><rtept lat="37.790712" lon="-107.547514"><ele>3781.3984375</ele><time>2026-04-12T17:07:26Z</time></rtept><rtept lat="37.790609" lon="-107.547595"><ele>3779.796875</ele><time>2026-04-12T17:07:26Z</time></rtept><rtept lat="37.790593" lon="-107.547611"><ele>3779.296875</ele><time>2026-04-12T17:07:26Z</time></rtept><rtept lat="37.790519" lon="-107.547683"><ele>3778.296875</ele><time>2026-04-12T17:07:26Z</time></rtept><rtept lat="37.790321" lon="-107.547787"><ele>3775.59765625</ele><time>2026-04-12T17:07:26Z</time></rtept><rtept lat="37.790251" lon="-107.547833"><ele>3775.19921875</ele><time>2026-04-12T17:07:26Z</time></rtept><rtept lat="37.790121" lon="-107.547896"><ele>3774.296875</ele><time>2026-04-12T17:07:26Z</time></rtept><rtept lat="37.789979" lon="-107.547929"><ele>3772.3984375</ele><time>2026-04-12T17:07:26Z</time></rtept><rtept lat="37.78986" lon="-107.54795"><ele>3770.69921875</ele><time>2026-04-12T17:07:26Z</time></rtept><rtept lat="37.789732" lon="-107.547987"><ele>3770.3984375</ele><time>2026-04-12T17:07:26Z</time></rtept><rtept lat="37.789615" lon="-107.548061"><ele>3770.5</ele><time>2026-04-12T17:07:26Z</time></rtept><rtept lat="37.789527" lon="-107.548167"><ele>3774.59765625</ele><time>2026-04-12T17:07:26Z</time></rtept><rtept lat="37.789439" lon="-107.548218"><ele>3777.09765625</ele><time>2026-04-12T17:07:26Z</time></rtept><rtept lat="37.78937" lon="-107.54824"><ele>3778.296875</ele><time>2026-04-12T17:07:26Z</time></rtept><rtept lat="37.789271" lon="-107.548277"><ele>3780.5</ele><time>2026-04-12T17:07:26Z</time></rtept><rtept lat="37.789156" lon="-107.548291"><ele>3783.59765625</ele><time>2026-04-12T17:07:26Z</time></rtept><rtept lat="37.789086" lon="-107.548355"><ele>3785.5</ele><time>2026-04-12T17:07:26Z</time></rtept><rtept lat="37.789" lon="-107.548368"><ele>3787.8984375</ele><time>2026-04-12T17:07:26Z</time></rtept><rtept lat="37.788902" lon="-107.548344"><ele>3789.3984375</ele><time>2026-04-12T17:07:26Z</time></rtept><rtept lat="37.788888" lon="-107.548334"><ele>3789.5</ele><time>2026-04-12T17:07:26Z</time></rtept><rtept lat="37.788821" lon="-107.548294"><ele>3791.8984375</ele><time>2026-04-12T17:07:26Z</time></rtept><rtept lat="37.788711" lon="-107.548213"><ele>3795.5</ele><time>2026-04-12T17:07:26Z</time></rtept><rtept lat="37.7886" lon="-107.548179"><ele>3798.796875</ele><time>2026-04-12T17:07:26Z</time></rtept><rtept lat="37.788482" lon="-107.548138"><ele>3801.69921875</ele><time>2026-04-12T17:07:26Z</time></rtept><rtept lat="37.788403" lon="-107.548086"><ele>3802.19921875</ele><time>2026-04-12T17:07:26Z</time></rtept><rtept lat="37.788323" lon="-107.547994"><ele>3801.59765625</ele><time>2026-04-12T17:07:26Z</time></rtept><rtept lat="37.788229" lon="-107.547884"><ele>3800.5</ele><time>2026-04-12T17:07:26Z</time></rtept><rtept lat="37.788133" lon="-107.547768"><ele>3799.59765625</ele><time>2026-04-12T17:07:26Z</time></rtept><rtept lat="37.788033" lon="-107.547654"><ele>3798.09765625</ele><time>2026-04-12T17:07:26Z</time></rtept><rtept lat="37.787906" lon="-107.547576"><ele>3797.09765625</ele><time>2026-04-12T17:07:26Z</time></rtept><rtept lat="37.787772" lon="-107.547505"><ele>3797.296875</ele><time>2026-04-12T17:07:26Z</time></rtept><rtept lat="37.787637" lon="-107.547475"><ele>3798.59765625</ele><time>2026-04-12T17:07:26Z</time></rtept><rtept lat="37.787599" lon="-107.547458"><ele>3798.59765625</ele><time>2026-04-12T17:07:26Z</time></rtept><rtept lat="37.78749" lon="-107.547454"><ele>3799.3984375</ele><time>2026-04-12T17:07:26Z</time></rtept><rtept lat="37.787343" lon="-107.547425"><ele>3800.3984375</ele><time>2026-04-12T17:07:26Z</time></rtept><rtept lat="37.787249" lon="-107.547401"><ele>3801.69921875</ele><time>2026-04-12T17:07:26Z</time></rtept><rtept lat="37.787197" lon="-107.547388"><ele>3802.69921875</ele><time>2026-04-12T17:07:26Z</time></rtept><rtept lat="37.78705" lon="-107.54726"><ele>3803.296875</ele><time>2026-04-12T17:07:26Z</time></rtept><rtept lat="37.786991" lon="-107.547275"><ele>3803.09765625</ele><time>2026-04-12T17:07:26Z</time></rtept><rtept lat="37.786885" lon="-107.547394"><ele>3803.59765625</ele><time>2026-04-12T17:07:26Z</time></rtept><rtept lat="37.786818" lon="-107.547477"><ele>3803.8984375</ele><time>2026-04-12T17:07:26Z</time></rtept><rtept lat="37.786736" lon="-107.547642"><ele>3802.69921875</ele><time>2026-04-12T17:07:26Z</time></rtept><rtept lat="37.786639" lon="-107.547805"><ele>3802.59765625</ele><time>2026-04-12T17:07:26Z</time></rtept><rtept lat="37.786545" lon="-107.54787"><ele>3802.19921875</ele><time>2026-04-12T17:07:26Z</time></rtept><rtept lat="37.786416" lon="-107.548034"><ele>3805.5</ele><time>2026-04-12T17:07:26Z</time></rtept><rtept lat="37.786326" lon="-107.548137"><ele>3807.8984375</ele><time>2026-04-12T17:07:26Z</time></rtept><rtept lat="37.786242" lon="-107.548074"><ele>3806.69921875</ele><time>2026-04-12T17:07:26Z</time></rtept><rtept lat="37.786181" lon="-107.548288"><ele>3813.59765625</ele><time>2026-04-12T17:07:26Z</time></rtept><rtept lat="37.786011" lon="-107.548566"><ele>3818.0</ele><time>2026-04-12T17:07:26Z</time></rtept><rtept lat="37.785954" lon="-107.548727"><ele>3817.5</ele><time>2026-04-12T17:07:26Z</time></rtept><rtept lat="37.785873" lon="-107.548836"><ele>3815.5</ele><time>2026-04-12T17:07:26Z</time></rtept><rtept lat="37.785818" lon="-107.549037"><ele>3813.8984375</ele><time>2026-04-12T17:07:26Z</time></rtept><rtept lat="37.785762" lon="-107.549189"><ele>3812.59765625</ele><time>2026-04-12T17:07:26Z</time></rtept><rtept lat="37.78572" lon="-107.549256"><ele>3812.19921875</ele><time>2026-04-12T17:07:26Z</time></rtept><rtept lat="37.785677" lon="-107.549309"><ele>3811.8984375</ele><time>2026-04-12T17:07:26Z</time></rtept><rtept lat="37.785654" lon="-107.54944"><ele>3813.0</ele><time>2026-04-12T17:07:26Z</time></rtept><rtept lat="37.785651" lon="-107.549451"><ele>3813.09765625</ele><time>2026-04-12T17:07:26Z</time></rtept><rtept lat="37.78565" lon="-107.549594"><ele>3815.296875</ele><time>2026-04-12T17:07:26Z</time></rtept><rtept lat="37.785633" lon="-107.549758"><ele>3817.59765625</ele><time>2026-04-12T17:07:26Z</time></rtept><rtept lat="37.785571" lon="-107.5499"><ele>3818.5</ele><time>2026-04-12T17:07:26Z</time></rtept><rtept lat="37.785528" lon="-107.549987"><ele>3819.09765625</ele><time>2026-04-12T17:07:26Z</time></rtept><rtept lat="37.785475" lon="-107.550157"><ele>3819.0</ele><time>2026-04-12T17:07:26Z</time></rtept><rtept lat="37.785422" lon="-107.550331"><ele>3819.0</ele><time>2026-04-12T17:07:26Z</time></rtept><rtept lat="37.785407" lon="-107.550522"><ele>3822.296875</ele><time>2026-04-12T17:07:26Z</time></rtept><rtept lat="37.785392" lon="-107.550719"><ele>3825.3984375</ele><time>2026-04-12T17:07:26Z</time></rtept><rtept lat="37.785384" lon="-107.550795"><ele>3826.5</ele><time>2026-04-12T17:07:26Z</time></rtept><rtept lat="37.785344" lon="-107.550974"><ele>3825.796875</ele><time>2026-04-12T17:07:26Z</time></rtept><rtept lat="37.785311" lon="-107.551153"><ele>3824.19921875</ele><time>2026-04-12T17:07:26Z</time></rtept><rtept lat="37.785286" lon="-107.551355"><ele>3821.69921875</ele><time>2026-04-12T17:07:26Z</time></rtept><rtept lat="37.785253" lon="-107.551488"><ele>3819.3984375</ele><time>2026-04-12T17:07:26Z</time></rtept><rtept lat="37.785275" lon="-107.551657"><ele>3819.59765625</ele><time>2026-04-12T17:07:26Z</time></rtept><rtept lat="37.785268" lon="-107.551836"><ele>3817.296875</ele><time>2026-04-12T17:07:26Z</time></rtept><rtept lat="37.785251" lon="-107.552043"><ele>3814.59765625</ele><time>2026-04-12T17:07:26Z</time></rtept><rtept lat="37.785241" lon="-107.552224"><ele>3813.0</ele><time>2026-04-12T17:07:26Z</time></rtept><rtept lat="37.785277" lon="-107.552365"><ele>3816.09765625</ele><time>2026-04-12T17:07:26Z</time></rtept><rtept lat="37.785224" lon="-107.55249"><ele>3817.5</ele><time>2026-04-12T17:07:26Z</time></rtept><rtept lat="37.785166" lon="-107.552649"><ele>3818.8984375</ele><time>2026-04-12T17:07:26Z</time></rtept><rtept lat="37.785084" lon="-107.552812"><ele>3819.8984375</ele><time>2026-04-12T17:07:26Z</time></rtept><rtept lat="37.78501" lon="-107.552962"><ele>3819.8984375</ele><time>2026-04-12T17:07:26Z</time></rtept><rtept lat="37.784917" lon="-107.553097"><ele>3819.19921875</ele><time>2026-04-12T17:07:26Z</time></rtept><rtept lat="37.784798" lon="-107.553194"><ele>3818.19921875</ele><time>2026-04-12T17:07:26Z</time></rtept><rtept lat="37.784663" lon="-107.553286"><ele>3816.8984375</ele><time>2026-04-12T17:07:26Z</time></rtept><rtept lat="37.78453" lon="-107.553358"><ele>3816.296875</ele><time>2026-04-12T17:07:26Z</time></rtept><rtept lat="37.784414" lon="-107.553372"><ele>3816.296875</ele><time>2026-04-12T17:07:26Z</time></rtept><rtept lat="37.784296" lon="-107.553421"><ele>3816.69921875</ele><time>2026-04-12T17:07:26Z</time></rtept><rtept lat="37.784198" lon="-107.553371"><ele>3817.5</ele><time>2026-04-12T17:07:26Z</time></rtept><rtept lat="37.784087" lon="-107.553337"><ele>3818.3984375</ele><time>2026-04-12T17:07:26Z</time></rtept><rtept lat="37.783944" lon="-107.553335"><ele>3819.69921875</ele><time>2026-04-12T17:07:26Z</time></rtept><rtept lat="37.78386" lon="-107.553332"><ele>3820.09765625</ele><time>2026-04-12T17:07:26Z</time></rtept><rtept lat="37.783812" lon="-107.553368"><ele>3821.19921875</ele><time>2026-04-12T17:07:26Z</time></rtept><rtept lat="37.783789" lon="-107.553415"><ele>3822.19921875</ele><time>2026-04-12T17:07:26Z</time></rtept><rtept lat="37.78377" lon="-107.553492"><ele>3823.59765625</ele><time>2026-04-12T17:07:26Z</time></rtept><rtept lat="37.783701" lon="-107.553457"><ele>3823.69921875</ele><time>2026-04-12T17:07:26Z</time></rtept><rtept lat="37.783678" lon="-107.553437"><ele>3823.59765625</ele><time>2026-04-12T17:07:26Z</time></rtept><rtept lat="37.783617" lon="-107.553445"><ele>3824.296875</ele><time>2026-04-12T17:07:26Z</time></rtept><rtept lat="37.783516" lon="-107.553534"><ele>3826.3984375</ele><time>2026-04-12T17:07:26Z</time></rtept><rtept lat="37.783427" lon="-107.553619"><ele>3828.8984375</ele><time>2026-04-12T17:07:26Z</time></rtept><rtept lat="37.783196" lon="-107.553712"><ele>3832.5</ele><time>2026-04-12T17:07:26Z</time></rtept><rtept lat="37.783024" lon="-107.553781"><ele>3834.796875</ele><time>2026-04-12T17:07:26Z</time></rtept><rtept lat="37.782766" lon="-107.553852"><ele>3836.5</ele><time>2026-04-12T17:07:26Z</time></rtept><rtept lat="37.78264" lon="-107.553841"><ele>3838.0</ele><time>2026-04-12T17:07:26Z</time></rtept><rtept lat="37.782479" lon="-107.553844"><ele>3837.8984375</ele><time>2026-04-12T17:07:26Z</time></rtept><rtept lat="37.782319" lon="-107.553873"><ele>3837.0</ele><time>2026-04-12T17:07:26Z</time></rtept><rtept lat="37.782148" lon="-107.553931"><ele>3835.0</ele><time>2026-04-12T17:07:26Z</time></rtept><rtept lat="37.78199" lon="-107.553982"><ele>3833.09765625</ele><time>2026-04-12T17:07:26Z</time></rtept><rtept lat="37.781843" lon="-107.55404"><ele>3831.796875</ele><time>2026-04-12T17:07:26Z</time></rtept><rtept lat="37.781745" lon="-107.554098"><ele>3831.59765625</ele><time>2026-04-12T17:07:26Z</time></rtept><rtept lat="37.781621" lon="-107.55415"><ele>3831.796875</ele><time>2026-04-12T17:07:26Z</time></rtept><rtept lat="37.78151" lon="-107.554203"><ele>3832.796875</ele><time>2026-04-12T17:07:26Z</time></rtept><rtept lat="37.781386" lon="-107.554235"><ele>3834.3984375</ele><time>2026-04-12T17:07:26Z</time></rtept><rtept lat="37.781276" lon="-107.554255"><ele>3835.5</ele><time>2026-04-12T17:07:26Z</time></rtept><rtept lat="37.781154" lon="-107.55428"><ele>3836.5</ele><time>2026-04-12T17:07:26Z</time></rtept><rtept lat="37.781067" lon="-107.554358"><ele>3838.59765625</ele><time>2026-04-12T17:07:26Z</time></rtept><rtept lat="37.780931" lon="-107.554437"><ele>3841.3984375</ele><time>2026-04-12T17:07:26Z</time></rtept><rtept lat="37.780837" lon="-107.554571"><ele>3843.796875</ele><time>2026-04-12T17:07:26Z</time></rtept><rtept lat="37.78074" lon="-107.554695"><ele>3845.59765625</ele><time>2026-04-12T17:07:26Z</time></rtept><rtept lat="37.780642" lon="-107.554849"><ele>3845.796875</ele><time>2026-04-12T17:07:26Z</time></rtept><rtept lat="37.780523" lon="-107.554971"><ele>3846.19921875</ele><time>2026-04-12T17:07:26Z</time></rtept><rtept lat="37.780401" lon="-107.555039"><ele>3846.59765625</ele><time>2026-04-12T17:07:26Z</time></rtept><rtept lat="37.780294" lon="-107.555069"><ele>3848.0</ele><time>2026-04-12T17:07:26Z</time></rtept><rtept lat="37.780227" lon="-107.555202"><ele>3845.5</ele><time>2026-04-12T17:07:26Z</time></rtept><rtept lat="37.780122" lon="-107.55531"><ele>3843.3984375</ele><time>2026-04-12T17:07:26Z</time></rtept><rtept lat="37.779951" lon="-107.555363"><ele>3846.09765625</ele><time>2026-04-12T17:07:26Z</time></rtept><rtept lat="37.779801" lon="-107.555414"><ele>3845.59765625</ele><time>2026-04-12T17:07:26Z</time></rtept><rtept lat="37.779661" lon="-107.555452"><ele>3842.59765625</ele><time>2026-04-12T17:07:26Z</time></rtept><rtept lat="37.779517" lon="-107.55546"><ele>3842.0</ele><time>2026-04-12T17:07:26Z</time></rtept><rtept lat="37.779369" lon="-107.555508"><ele>3841.296875</ele><time>2026-04-12T17:07:26Z</time></rtept><rtept lat="37.779209" lon="-107.555508"><ele>3841.8984375</ele><time>2026-04-12T17:07:26Z</time></rtept><rtept lat="37.779065" lon="-107.55551"><ele>3841.8984375</ele><time>2026-04-12T17:07:26Z</time></rtept><rtept lat="37.778912" lon="-107.555494"><ele>3840.796875</ele><time>2026-04-12T17:07:26Z</time></rtept><rtept lat="37.778764" lon="-107.555494"><ele>3838.19921875</ele><time>2026-04-12T17:07:26Z</time></rtept><rtept lat="37.778642" lon="-107.55547"><ele>3837.796875</ele><time>2026-04-12T17:07:26Z</time></rtept><rtept lat="37.778504" lon="-107.55544"><ele>3836.8984375</ele><time>2026-04-12T17:07:26Z</time></rtept><rtept lat="37.778362" lon="-107.555412"><ele>3835.69921875</ele><time>2026-04-12T17:07:26Z</time></rtept><rtept lat="37.778199" lon="-107.55541"><ele>3833.59765625</ele><time>2026-04-12T17:07:26Z</time></rtept><rtept lat="37.778044" lon="-107.555442"><ele>3832.8984375</ele><time>2026-04-12T17:07:26Z</time></rtept><rtept lat="37.777937" lon="-107.555481"><ele>3832.69921875</ele><time>2026-04-12T17:07:26Z</time></rtept><rtept lat="37.777791" lon="-107.555509"><ele>3832.8984375</ele><time>2026-04-12T17:07:26Z</time></rtept><rtept lat="37.777658" lon="-107.555559"><ele>3832.796875</ele><time>2026-04-12T17:07:26Z</time></rtept><rtept lat="37.777504" lon="-107.55559"><ele>3829.59765625</ele><time>2026-04-12T17:07:26Z</time></rtept><rtept lat="37.777374" lon="-107.55563"><ele>3826.19921875</ele><time>2026-04-12T17:07:26Z</time></rtept><rtept lat="37.777258" lon="-107.555676"><ele>3821.09765625</ele><time>2026-04-12T17:07:26Z</time></rtept><rtept lat="37.777138" lon="-107.555721"><ele>3816.3984375</ele><time>2026-04-12T17:07:26Z</time></rtept><rtept lat="37.777031" lon="-107.555733"><ele>3813.3984375</ele><time>2026-04-12T17:07:26Z</time></rtept><rtept lat="37.776902" lon="-107.555723"><ele>3810.59765625</ele><time>2026-04-12T17:07:26Z</time></rtept><rtept lat="37.77677" lon="-107.555726"><ele>3806.796875</ele><time>2026-04-12T17:07:26Z</time></rtept><rtept lat="37.77664" lon="-107.555733"><ele>3801.09765625</ele><time>2026-04-12T17:07:26Z</time></rtept><rtept lat="37.776495" lon="-107.555711"><ele>3794.59765625</ele><time>2026-04-12T17:07:26Z</time></rtept><rtept lat="37.776359" lon="-107.555725"><ele>3791.0</ele><time>2026-04-12T17:07:26Z</time></rtept><rtept lat="37.776246" lon="-107.555667"><ele>3785.69921875</ele><time>2026-04-12T17:07:26Z</time></rtept><rtept lat="37.776204" lon="-107.555663"><ele>3783.59765625</ele><time>2026-04-12T17:07:26Z</time></rtept><rtept lat="37.776165" lon="-107.555692"><ele>3783.59765625</ele><time>2026-04-12T17:07:26Z</time></rtept><rtept lat="37.776126" lon="-107.55574"><ele>3784.09765625</ele><time>2026-04-12T17:07:26Z</time></rtept><rtept lat="37.77607" lon="-107.555839"><ele>3785.8984375</ele><time>2026-04-12T17:07:26Z</time></rtept><rtept lat="37.775983" lon="-107.555884"><ele>3783.59765625</ele><time>2026-04-12T17:07:26Z</time></rtept><rtept lat="37.775875" lon="-107.555911"><ele>3780.796875</ele><time>2026-04-12T17:07:26Z</time></rtept><rtept lat="37.775797" lon="-107.55593"><ele>3778.796875</ele><time>2026-04-12T17:07:26Z</time></rtept><rtept lat="37.775696" lon="-107.5559"><ele>3775.3984375</ele><time>2026-04-12T17:07:26Z</time></rtept><rtept lat="37.775569" lon="-107.555857"><ele>3772.59765625</ele><time>2026-04-12T17:07:26Z</time></rtept><rtept lat="37.775439" lon="-107.555784"><ele>3768.09765625</ele><time>2026-04-12T17:07:26Z</time></rtept><rtept lat="37.775375" lon="-107.555753"><ele>3765.5</ele><time>2026-04-12T17:07:26Z</time></rtept><rtept lat="37.775251" lon="-107.555722"><ele>3761.8984375</ele><time>2026-04-12T17:07:26Z</time></rtept><rtept lat="37.775117" lon="-107.555674"><ele>3757.0</ele><time>2026-04-12T17:07:26Z</time></rtept><rtept lat="37.774993" lon="-107.555632"><ele>3753.09765625</ele><time>2026-04-12T17:07:26Z</time></rtept><rtept lat="37.774939" lon="-107.555633"><ele>3752.19921875</ele><time>2026-04-12T17:07:26Z</time></rtept><rtept lat="37.77486" lon="-107.555641"><ele>3751.296875</ele><time>2026-04-12T17:07:26Z</time></rtept><rtept lat="37.774829" lon="-107.55562"><ele>3749.8984375</ele><time>2026-04-12T17:07:26Z</time></rtept><rtept lat="37.774794" lon="-107.555583"><ele>3747.796875</ele><time>2026-04-12T17:07:26Z</time></rtept><rtept lat="37.774763" lon="-107.555523"><ele>3745.59765625</ele><time>2026-04-12T17:07:26Z</time></rtept><rtept lat="37.774683" lon="-107.555523"><ele>3744.5</ele><time>2026-04-12T17:07:26Z</time></rtept><rtept lat="37.774604" lon="-107.55552"><ele>3743.296875</ele><time>2026-04-12T17:07:26Z</time></rtept><rtept lat="37.774517" lon="-107.55548"><ele>3740.59765625</ele><time>2026-04-12T17:07:26Z</time></rtept><rtept lat="37.77447" lon="-107.555471"><ele>3739.296875</ele><time>2026-04-12T17:07:26Z</time></rtept><rtept lat="37.774399" lon="-107.555497"><ele>3738.09765625</ele><time>2026-04-12T17:07:26Z</time></rtept><rtept lat="37.77431" lon="-107.555504"><ele>3735.8984375</ele><time>2026-04-12T17:07:26Z</time></rtept><rtept lat="37.774211" lon="-107.555514"><ele>3730.69921875</ele><time>2026-04-12T17:07:26Z</time></rtept><rtept lat="37.77412" lon="-107.555559"><ele>3725.8984375</ele><time>2026-04-12T17:07:26Z</time></rtept><rtept lat="37.774025" lon="-107.555627"><ele>3720.09765625</ele><time>2026-04-12T17:07:26Z</time></rtept><rtept lat="37.774021" lon="-107.555631"><ele>3719.796875</ele><time>2026-04-12T17:07:26Z</time></rtept><rtept lat="37.773984" lon="-107.555664"><ele>3719.09765625</ele><time>2026-04-12T17:07:26Z</time></rtept><rtept lat="37.773917" lon="-107.555724"><ele>3718.296875</ele><time>2026-04-12T17:07:26Z</time></rtept><rtept lat="37.773902" lon="-107.555741"><ele>3718.19921875</ele><time>2026-04-12T17:07:26Z</time></rtept><rtept lat="37.773896" lon="-107.555745"><ele>3718.19921875</ele><time>2026-04-12T17:07:26Z</time></rtept><rtept lat="37.773892" lon="-107.555742"><ele>3718.19921875</ele><time>2026-04-12T17:07:26Z</time></rtept><rtept lat="37.773772" lon="-107.555696"><ele>3717.69921875</ele><time>2026-04-12T17:07:26Z</time></rtept><rtept lat="37.773638" lon="-107.555653"><ele>3715.796875</ele><time>2026-04-12T17:07:26Z</time></rtept><rtept lat="37.77348" lon="-107.555676"><ele>3715.09765625</ele><time>2026-04-12T17:07:26Z</time></rtept><rtept lat="37.773325" lon="-107.555688"><ele>3714.796875</ele><time>2026-04-12T17:07:26Z</time></rtept><rtept lat="37.7732" lon="-107.555683"><ele>3714.0</ele><time>2026-04-12T17:07:26Z</time></rtept><rtept lat="37.773072" lon="-107.555714"><ele>3715.09765625</ele><time>2026-04-12T17:07:26Z</time></rtept><rtept lat="37.772983" lon="-107.555729"><ele>3715.8984375</ele><time>2026-04-12T17:07:26Z</time></rtept><rtept lat="37.772888" lon="-107.555784"><ele>3717.69921875</ele><time>2026-04-12T17:07:26Z</time></rtept><rtept lat="37.772763" lon="-107.555805"><ele>3717.8984375</ele><time>2026-04-12T17:07:26Z</time></rtept><rtept lat="37.77273" lon="-107.555814"><ele>3717.69921875</ele><time>2026-04-12T17:07:26Z</time></rtept><rtept lat="37.772643" lon="-107.555887"><ele>3719.796875</ele><time>2026-04-12T17:07:26Z</time></rtept><rtept lat="37.772536" lon="-107.555867"><ele>3717.0</ele><time>2026-04-12T17:07:26Z</time></rtept><rtept lat="37.772385" lon="-107.555872"><ele>3713.69921875</ele><time>2026-04-12T17:07:26Z</time></rtept><rtept lat="37.772236" lon="-107.555883"><ele>3712.19921875</ele><time>2026-04-12T17:07:26Z</time></rtept><rtept lat="37.772126" lon="-107.555913"><ele>3712.19921875</ele><time>2026-04-12T17:07:26Z</time></rtept><rtept lat="37.772026" lon="-107.555999"><ele>3714.0</ele><time>2026-04-12T17:07:26Z</time></rtept><rtept lat="37.771908" lon="-107.556052"><ele>3713.09765625</ele><time>2026-04-12T17:07:26Z</time></rtept><rtept lat="37.771836" lon="-107.556164"><ele>3713.3984375</ele><time>2026-04-12T17:07:26Z</time></rtept><rtept lat="37.771796" lon="-107.556265"><ele>3713.5</ele><time>2026-04-12T17:07:26Z</time></rtept><rtept lat="37.771767" lon="-107.556418"><ele>3713.59765625</ele><time>2026-04-12T17:07:26Z</time></rtept><rtept lat="37.771733" lon="-107.55661"><ele>3711.796875</ele><time>2026-04-12T17:07:26Z</time></rtept><rtept lat="37.771696" lon="-107.556758"><ele>3710.796875</ele><time>2026-04-12T17:07:26Z</time></rtept><rtept lat="37.771673" lon="-107.556949"><ele>3710.19921875</ele><time>2026-04-12T17:07:26Z</time></rtept><rtept lat="37.771648" lon="-107.557102"><ele>3710.3984375</ele><time>2026-04-12T17:07:26Z</time></rtept><rtept lat="37.771602" lon="-107.557293"><ele>3709.19921875</ele><time>2026-04-12T17:07:26Z</time></rtept><rtept lat="37.771566" lon="-107.557473"><ele>3708.3984375</ele><time>2026-04-12T17:07:26Z</time></rtept><rtept lat="37.771528" lon="-107.557623"><ele>3707.09765625</ele><time>2026-04-12T17:07:26Z</time></rtept><rtept lat="37.77151" lon="-107.557844"><ele>3706.296875</ele><time>2026-04-12T17:07:26Z</time></rtept><rtept lat="37.771518" lon="-107.558004"><ele>3705.296875</ele><time>2026-04-12T17:07:26Z</time></rtept><rtept lat="37.771561" lon="-107.558216"><ele>3704.19921875</ele><time>2026-04-12T17:07:26Z</time></rtept><rtept lat="37.771551" lon="-107.558254"><ele>3703.8984375</ele><time>2026-04-12T17:07:26Z</time></rtept><rtept lat="37.771454" lon="-107.558347"><ele>3702.3984375</ele><time>2026-04-12T17:07:26Z</time></rtept><rtept lat="37.771299" lon="-107.55825"><ele>3701.69921875</ele><time>2026-04-12T17:07:26Z</time></rtept><rtept lat="37.771175" lon="-107.55816"><ele>3701.09765625</ele><time>2026-04-12T17:07:26Z</time></rtept><rtept lat="37.771078" lon="-107.558061"><ele>3700.796875</ele><time>2026-04-12T17:07:26Z</time></rtept><rtept lat="37.770984" lon="-107.557963"><ele>3699.69921875</ele><time>2026-04-12T17:07:26Z</time></rtept><rtept lat="37.770927" lon="-107.557876"><ele>3699.296875</ele><time>2026-04-12T17:07:26Z</time></rtept><rtept lat="37.77085" lon="-107.557763"><ele>3698.8984375</ele><time>2026-04-12T17:07:26Z</time></rtept><rtept lat="37.770811" lon="-107.557704"><ele>3698.5</ele><time>2026-04-12T17:07:26Z</time></rtept><rtept lat="37.770783" lon="-107.557682"><ele>3698.3984375</ele><time>2026-04-12T17:07:26Z</time></rtept><rtept lat="37.770715" lon="-107.557633"><ele>3698.3984375</ele><time>2026-04-12T17:07:26Z</time></rtept><rtept lat="37.770644" lon="-107.557581"><ele>3698.5</ele><time>2026-04-12T17:07:26Z</time></rtept><rtept lat="37.770543" lon="-107.557484"><ele>3698.5</ele><time>2026-04-12T17:07:26Z</time></rtept><rtept lat="37.770462" lon="-107.557413"><ele>3698.796875</ele><time>2026-04-12T17:07:26Z</time></rtept><rtept lat="37.7704" lon="-107.557328"><ele>3699.09765625</ele><time>2026-04-12T17:07:26Z</time></rtept><rtept lat="37.770333" lon="-107.557214"><ele>3699.19921875</ele><time>2026-04-12T17:07:26Z</time></rtept><rtept lat="37.77025" lon="-107.557091"><ele>3698.59765625</ele><time>2026-04-12T17:07:26Z</time></rtept><rtept lat="37.77018" lon="-107.557047"><ele>3698.59765625</ele><time>2026-04-12T17:07:26Z</time></rtept><rtept lat="37.770123" lon="-107.556955"><ele>3698.5</ele><time>2026-04-12T17:07:26Z</time></rtept><rtept lat="37.77005" lon="-107.556845"><ele>3698.5</ele><time>2026-04-12T17:07:26Z</time></rtept><rtept lat="37.769994" lon="-107.55674"><ele>3698.09765625</ele><time>2026-04-12T17:07:26Z</time></rtept><rtept lat="37.769967" lon="-107.556712"><ele>3698.0</ele><time>2026-04-12T17:07:26Z</time></rtept><rtept lat="37.769904" lon="-107.556679"><ele>3698.59765625</ele><time>2026-04-12T17:07:26Z</time></rtept><rtept lat="37.76985" lon="-107.556572"><ele>3698.19921875</ele><time>2026-04-12T17:07:26Z</time></rtept><rtept lat="37.769832" lon="-107.556512"><ele>3698.0</ele><time>2026-04-12T17:07:26Z</time></rtept><rtept lat="37.769789" lon="-107.556476"><ele>3698.59765625</ele><time>2026-04-12T17:07:26Z</time></rtept><rtept lat="37.769763" lon="-107.556449"><ele>3698.8984375</ele><time>2026-04-12T17:07:26Z</time></rtept><rtept lat="37.769697" lon="-107.556429"><ele>3700.0</ele><time>2026-04-12T17:07:26Z</time></rtept><rtept lat="37.769616" lon="-107.55636"><ele>3700.69921875</ele><time>2026-04-12T17:07:26Z</time></rtept><rtept lat="37.769553" lon="-107.556267"><ele>3700.69921875</ele><time>2026-04-12T17:07:26Z</time></rtept><rtept lat="37.769527" lon="-107.556224"><ele>3700.5</ele><time>2026-04-12T17:07:26Z</time></rtept><rtept lat="37.769467" lon="-107.5562"><ele>3701.8984375</ele><time>2026-04-12T17:07:26Z</time></rtept><rtept lat="37.769355" lon="-107.556191"><ele>3705.296875</ele><time>2026-04-12T17:07:26Z</time></rtept><rtept lat="37.769244" lon="-107.556185"><ele>3709.5</ele><time>2026-04-12T17:07:26Z</time></rtept><rtept lat="37.769221" lon="-107.556165"><ele>3710.296875</ele><time>2026-04-12T17:07:26Z</time></rtept><rtept lat="37.769196" lon="-107.556147"><ele>3710.8984375</ele><time>2026-04-12T17:07:26Z</time></rtept><rtept lat="37.769189" lon="-107.556119"><ele>3711.09765625</ele><time>2026-04-12T17:07:26Z</time></rtept><rtept lat="37.769182" lon="-107.556087"><ele>3711.0</ele><time>2026-04-12T17:07:26Z</time></rtept><rtept lat="37.769143" lon="-107.556056"><ele>3712.19921875</ele><time>2026-04-12T17:07:26Z</time></rtept><rtept lat="37.769077" lon="-107.55596"><ele>3713.0</ele><time>2026-04-12T17:07:26Z</time></rtept><rtept lat="37.768983" lon="-107.555881"><ele>3715.8984375</ele><time>2026-04-12T17:07:26Z</time></rtept><rtept lat="37.768936" lon="-107.555852"><ele>3717.09765625</ele><time>2026-04-12T17:07:26Z</time></rtept><rtept lat="37.768925" lon="-107.555846"><ele>3717.5</ele><time>2026-04-12T17:07:26Z</time></rtept><rtept lat="37.768924" lon="-107.555835"><ele>3717.796875</ele><time>2026-04-12T17:07:26Z</time></rtept><rtept lat="37.768908" lon="-107.55573"><ele>3717.0</ele><time>2026-04-12T17:07:26Z</time></rtept><rtept lat="37.768926" lon="-107.555697"><ele>3715.8984375</ele><time>2026-04-12T17:07:26Z</time></rtept><rtept lat="37.768922" lon="-107.555651"><ele>3715.796875</ele><time>2026-04-12T17:07:26Z</time></rtept><rtept lat="37.768908" lon="-107.555619"><ele>3715.8984375</ele><time>2026-04-12T17:07:26Z</time></rtept><rtept lat="37.76883" lon="-107.555548"><ele>3718.09765625</ele><time>2026-04-12T17:07:26Z</time></rtept><rtept lat="37.768759" lon="-107.555518"><ele>3720.296875</ele><time>2026-04-12T17:07:26Z</time></rtept><rtept lat="37.768709" lon="-107.555535"><ele>3721.296875</ele><time>2026-04-12T17:07:26Z</time></rtept><rtept lat="37.768664" lon="-107.555552"><ele>3721.8984375</ele><time>2026-04-12T17:07:26Z</time></rtept><rtept lat="37.76862" lon="-107.555569"><ele>3722.69921875</ele><time>2026-04-12T17:07:26Z</time></rtept><rtept lat="37.76853" lon="-107.55556"><ele>3723.5</ele><time>2026-04-12T17:07:26Z</time></rtept><rtept lat="37.768434" lon="-107.555554"><ele>3723.796875</ele><time>2026-04-12T17:07:26Z</time></rtept><rtept lat="37.768345" lon="-107.555625"><ele>3725.296875</ele><time>2026-04-12T17:07:26Z</time></rtept><rtept lat="37.768251" lon="-107.555682"><ele>3726.19921875</ele><time>2026-04-12T17:07:26Z</time></rtept><rtept lat="37.768144" lon="-107.555686"><ele>3726.19921875</ele><time>2026-04-12T17:07:26Z</time></rtept><rtept lat="37.768026" lon="-107.555671"><ele>3725.296875</ele><time>2026-04-12T17:07:26Z</time></rtept><rtept lat="37.767979" lon="-107.555674"><ele>3725.09765625</ele><time>2026-04-12T17:07:26Z</time></rtept><rtept lat="37.767921" lon="-107.555703"><ele>3725.69921875</ele><time>2026-04-12T17:07:26Z</time></rtept><rtept lat="37.767798" lon="-107.555753"><ele>3725.59765625</ele><time>2026-04-12T17:07:26Z</time></rtept><rtept lat="37.76772" lon="-107.555775"><ele>3725.5</ele><time>2026-04-12T17:07:26Z</time></rtept><rtept lat="37.767642" lon="-107.555802"><ele>3725.19921875</ele><time>2026-04-12T17:07:26Z</time></rtept><rtept lat="37.767564" lon="-107.555806"><ele>3725.19921875</ele><time>2026-04-12T17:07:26Z</time></rtept><rtept lat="37.767425" lon="-107.555799"><ele>3724.69921875</ele><time>2026-04-12T17:07:26Z</time></rtept><rtept lat="37.767424" lon="-107.555799"><ele>3724.69921875</ele><time>2026-04-12T17:07:26Z</time></rtept><rtept lat="37.767337" lon="-107.55581"><ele>3724.69921875</ele><time>2026-04-12T17:07:26Z</time></rtept><rtept lat="37.767314" lon="-107.55581"><ele>3724.8984375</ele><time>2026-04-12T17:07:26Z</time></rtept><rtept lat="37.767277" lon="-107.555795"><ele>3724.796875</ele><time>2026-04-12T17:07:26Z</time></rtept><rtept lat="37.767241" lon="-107.555809"><ele>3725.09765625</ele><time>2026-04-12T17:07:26Z</time></rtept><rtept lat="37.767196" lon="-107.555809"><ele>3725.296875</ele><time>2026-04-12T17:07:26Z</time></rtept><rtept lat="37.767162" lon="-107.555794"><ele>3725.19921875</ele><time>2026-04-12T17:07:26Z</time></rtept><rtept lat="37.767108" lon="-107.55575"><ele>3725.0</ele><time>2026-04-12T17:07:26Z</time></rtept><rtept lat="37.767082" lon="-107.555752"><ele>3725.09765625</ele><time>2026-04-12T17:07:26Z</time></rtept><rtept lat="37.767038" lon="-107.555726"><ele>3725.3984375</ele><time>2026-04-12T17:07:26Z</time></rtept><rtept lat="37.766983" lon="-107.555684"><ele>3725.69921875</ele><time>2026-04-12T17:07:26Z</time></rtept><rtept lat="37.766931" lon="-107.555678"><ele>3726.296875</ele><time>2026-04-12T17:07:26Z</time></rtept><rtept lat="37.766898" lon="-107.555691"><ele>3726.796875</ele><time>2026-04-12T17:07:26Z</time></rtept><rtept lat="37.766854" lon="-107.555696"><ele>3727.5</ele><time>2026-04-12T17:07:26Z</time></rtept><rtept lat="37.766792" lon="-107.555687"><ele>3728.09765625</ele><time>2026-04-12T17:07:26Z</time></rtept><rtept lat="37.766772" lon="-107.555677"><ele>3728.19921875</ele><time>2026-04-12T17:07:26Z</time></rtept><rtept lat="37.766708" lon="-107.55559"><ele>3728.19921875</ele><time>2026-04-12T17:07:26Z</time></rtept><rtept lat="37.76665" lon="-107.55555"><ele>3728.69921875</ele><time>2026-04-12T17:07:26Z</time></rtept><rtept lat="37.766639" lon="-107.555542"><ele>3728.8984375</ele><time>2026-04-12T17:07:26Z</time></rtept><rtept lat="37.766595" lon="-107.555511"><ele>3729.59765625</ele><time>2026-04-12T17:07:26Z</time></rtept><rtept lat="37.766478" lon="-107.555444"><ele>3732.19921875</ele><time>2026-04-12T17:07:26Z</time></rtept><rtept lat="37.766429" lon="-107.555469"><ele>3732.796875</ele><time>2026-04-12T17:07:26Z</time></rtept><rtept lat="37.766405" lon="-107.555502"><ele>3732.796875</ele><time>2026-04-12T17:07:26Z</time></rtept><rtept lat="37.766366" lon="-107.555511"><ele>3733.3984375</ele><time>2026-04-12T17:07:26Z</time></rtept><rtept lat="37.766332" lon="-107.555478"><ele>3734.59765625</ele><time>2026-04-12T17:07:26Z</time></rtept><rtept lat="37.766301" lon="-107.55541"><ele>3736.09765625</ele><time>2026-04-12T17:07:26Z</time></rtept><rtept lat="37.766275" lon="-107.55542"><ele>3736.3984375</ele><time>2026-04-12T17:07:26Z</time></rtept><rtept lat="37.76624" lon="-107.555424"><ele>3737.19921875</ele><time>2026-04-12T17:07:26Z</time></rtept><rtept lat="37.766201" lon="-107.555363"><ele>3739.09765625</ele><time>2026-04-12T17:07:26Z</time></rtept><rtept lat="37.76615" lon="-107.555366"><ele>3740.19921875</ele><time>2026-04-12T17:07:26Z</time></rtept><rtept lat="37.766118" lon="-107.555401"><ele>3740.69921875</ele><time>2026-04-12T17:07:26Z</time></rtept><rtept lat="37.766055" lon="-107.555397"><ele>3742.19921875</ele><time>2026-04-12T17:07:26Z</time></rtept><rtept lat="37.766008" lon="-107.555361"><ele>3743.796875</ele><time>2026-04-12T17:07:26Z</time></rtept><rtept lat="37.765972" lon="-107.555323"><ele>3744.8984375</ele><time>2026-04-12T17:07:26Z</time></rtept><rtept lat="37.765917" lon="-107.555317"><ele>3746.09765625</ele><time>2026-04-12T17:07:26Z</time></rtept><rtept lat="37.765906" lon="-107.555269"><ele>3746.3984375</ele><time>2026-04-12T17:07:26Z</time></rtept><rtept lat="37.765886" lon="-107.555225"><ele>3747.09765625</ele><time>2026-04-12T17:07:26Z</time></rtept><rtept lat="37.765838" lon="-107.555219"><ele>3748.19921875</ele><time>2026-04-12T17:07:26Z</time></rtept><rtept lat="37.765784" lon="-107.555213"><ele>3749.3984375</ele><time>2026-04-12T17:07:26Z</time></rtept><rtept lat="37.765755" lon="-107.55525"><ele>3749.69921875</ele><time>2026-04-12T17:07:26Z</time></rtept><rtept lat="37.765714" lon="-107.555285"><ele>3750.69921875</ele><time>2026-04-12T17:07:26Z</time></rtept><rtept lat="37.765652" lon="-107.555279"><ele>3752.0</ele><time>2026-04-12T17:07:26Z</time></rtept><rtept lat="37.765586" lon="-107.555291"><ele>3753.296875</ele><time>2026-04-12T17:07:26Z</time></rtept><rtept lat="37.765557" lon="-107.555312"><ele>3754.09765625</ele><time>2026-04-12T17:07:26Z</time></rtept><rtept lat="37.765536" lon="-107.55535"><ele>3754.69921875</ele><time>2026-04-12T17:07:26Z</time></rtept><rtept lat="37.76541" lon="-107.555363"><ele>3757.296875</ele><time>2026-04-12T17:07:26Z</time></rtept><rtept lat="37.76533" lon="-107.555416"><ele>3757.796875</ele><time>2026-04-12T17:07:26Z</time></rtept><rtept lat="37.765276" lon="-107.555426"><ele>3758.09765625</ele><time>2026-04-12T17:07:26Z</time></rtept><rtept lat="37.765254" lon="-107.555445"><ele>3758.3984375</ele><time>2026-04-12T17:07:26Z</time></rtept><rtept lat="37.765201" lon="-107.555468"><ele>3758.796875</ele><time>2026-04-12T17:07:26Z</time></rtept><rtept lat="37.765094" lon="-107.555485"><ele>3758.69921875</ele><time>2026-04-12T17:07:26Z</time></rtept><rtept lat="37.764993" lon="-107.55548"><ele>3757.296875</ele><time>2026-04-12T17:07:26Z</time></rtept><rtept lat="37.764971" lon="-107.555469"><ele>3757.0</ele><time>2026-04-12T17:07:26Z</time></rtept><rtept lat="37.764923" lon="-107.555476"><ele>3756.5</ele><time>2026-04-12T17:07:26Z</time></rtept><rtept lat="37.764877" lon="-107.555475"><ele>3756.0</ele><time>2026-04-12T17:07:26Z</time></rtept><rtept lat="37.764826" lon="-107.555421"><ele>3755.59765625</ele><time>2026-04-12T17:07:26Z</time></rtept><rtept lat="37.76478" lon="-107.55539"><ele>3755.796875</ele><time>2026-04-12T17:07:26Z</time></rtept><rtept lat="37.764758" lon="-107.555404"><ele>3755.796875</ele><time>2026-04-12T17:07:26Z</time></rtept><rtept lat="37.764727" lon="-107.555402"><ele>3756.0</ele><time>2026-04-12T17:07:26Z</time></rtept><rtept lat="37.76468" lon="-107.555368"><ele>3756.19921875</ele><time>2026-04-12T17:07:26Z</time></rtept><rtept lat="37.764633" lon="-107.555372"><ele>3756.3984375</ele><time>2026-04-12T17:07:26Z</time></rtept><rtept lat="37.764602" lon="-107.555337"><ele>3756.69921875</ele><time>2026-04-12T17:07:26Z</time></rtept><rtept lat="37.764534" lon="-107.555341"><ele>3758.59765625</ele><time>2026-04-12T17:07:26Z</time></rtept><rtept lat="37.764481" lon="-107.555366"><ele>3760.0</ele><time>2026-04-12T17:07:26Z</time></rtept><rtept lat="37.764413" lon="-107.555384"><ele>3762.19921875</ele><time>2026-04-12T17:07:26Z</time></rtept><rtept lat="37.764363" lon="-107.555378"><ele>3763.796875</ele><time>2026-04-12T17:07:26Z</time></rtept><rtept lat="37.764298" lon="-107.555375"><ele>3765.69921875</ele><time>2026-04-12T17:07:26Z</time></rtept><rtept lat="37.764238" lon="-107.555435"><ele>3766.69921875</ele><time>2026-04-12T17:07:26Z</time></rtept><rtept lat="37.764193" lon="-107.555491"><ele>3767.59765625</ele><time>2026-04-12T17:07:26Z</time></rtept><rtept lat="37.764152" lon="-107.555505"><ele>3768.59765625</ele><time>2026-04-12T17:07:26Z</time></rtept><rtept lat="37.764116" lon="-107.555499"><ele>3769.69921875</ele><time>2026-04-12T17:07:26Z</time></rtept><rtept lat="37.764102" lon="-107.555528"><ele>3770.0</ele><time>2026-04-12T17:07:26Z</time></rtept><rtept lat="37.764098" lon="-107.555584"><ele>3769.59765625</ele><time>2026-04-12T17:07:26Z</time></rtept><rtept lat="37.764061" lon="-107.555609"><ele>3770.796875</ele><time>2026-04-12T17:07:26Z</time></rtept><rtept lat="37.763987" lon="-107.555613"><ele>3773.0</ele><time>2026-04-12T17:07:26Z</time></rtept><rtept lat="37.76392" lon="-107.555636"><ele>3775.19921875</ele><time>2026-04-12T17:07:26Z</time></rtept><rtept lat="37.763896" lon="-107.55567"><ele>3775.69921875</ele><time>2026-04-12T17:07:26Z</time></rtept><rtept lat="37.763845" lon="-107.55579"><ele>3776.8984375</ele><time>2026-04-12T17:07:26Z</time></rtept><rtept lat="37.763823" lon="-107.55584"><ele>3777.69921875</ele><time>2026-04-12T17:07:26Z</time></rtept><rtept lat="37.763797" lon="-107.555861"><ele>3778.296875</ele><time>2026-04-12T17:07:26Z</time></rtept><rtept lat="37.763708" lon="-107.555895"><ele>3780.296875</ele><time>2026-04-12T17:07:26Z</time></rtept><rtept lat="37.763589" lon="-107.5559"><ele>3782.09765625</ele><time>2026-04-12T17:07:26Z</time></rtept><rtept lat="37.763486" lon="-107.555933"><ele>3783.3984375</ele><time>2026-04-12T17:07:26Z</time></rtept><rtept lat="37.763371" lon="-107.555983"><ele>3783.296875</ele><time>2026-04-12T17:07:26Z</time></rtept><rtept lat="37.763237" lon="-107.556082"><ele>3783.69921875</ele><time>2026-04-12T17:07:26Z</time></rtept><rtept lat="37.763141" lon="-107.556148"><ele>3783.8984375</ele><time>2026-04-12T17:07:26Z</time></rtept><rtept lat="37.763047" lon="-107.55623"><ele>3784.5</ele><time>2026-04-12T17:07:26Z</time></rtept><rtept lat="37.762993" lon="-107.556256"><ele>3785.0</ele><time>2026-04-12T17:07:26Z</time></rtept><rtept lat="37.762846" lon="-107.556314"><ele>3786.796875</ele><time>2026-04-12T17:07:26Z</time></rtept><rtept lat="37.762804" lon="-107.556358"><ele>3788.296875</ele><time>2026-04-12T17:07:26Z</time></rtept><rtept lat="37.762726" lon="-107.556404"><ele>3789.5</ele><time>2026-04-12T17:07:26Z</time></rtept><rtept lat="37.762632" lon="-107.556408"><ele>3790.3984375</ele><time>2026-04-12T17:07:26Z</time></rtept><rtept lat="37.762578" lon="-107.556387"><ele>3790.69921875</ele><time>2026-04-12T17:07:26Z</time></rtept><rtept lat="37.762521" lon="-107.556378"><ele>3791.19921875</ele><time>2026-04-12T17:07:26Z</time></rtept><rtept lat="37.762472" lon="-107.556393"><ele>3791.796875</ele><time>2026-04-12T17:07:26Z</time></rtept><rtept lat="37.762413" lon="-107.556391"><ele>3792.5</ele><time>2026-04-12T17:07:26Z</time></rtept><rtept lat="37.762352" lon="-107.556461"><ele>3793.796875</ele><time>2026-04-12T17:07:26Z</time></rtept><rtept lat="37.762316" lon="-107.556467"><ele>3794.5</ele><time>2026-04-12T17:07:26Z</time></rtept><rtept lat="37.762293" lon="-107.55648"><ele>3795.19921875</ele><time>2026-04-12T17:07:26Z</time></rtept><rtept lat="37.762253" lon="-107.556448"><ele>3795.796875</ele><time>2026-04-12T17:07:26Z</time></rtept><rtept lat="37.762224" lon="-107.556394"><ele>3796.09765625</ele><time>2026-04-12T17:07:26Z</time></rtept><rtept lat="37.762203" lon="-107.556344"><ele>3796.296875</ele><time>2026-04-12T17:07:26Z</time></rtept><rtept lat="37.762178" lon="-107.556351"><ele>3796.69921875</ele><time>2026-04-12T17:07:26Z</time></rtept><rtept lat="37.762126" lon="-107.556385"><ele>3798.0</ele><time>2026-04-12T17:07:26Z</time></rtept><rtept lat="37.762064" lon="-107.556431"><ele>3799.8984375</ele><time>2026-04-12T17:07:26Z</time></rtept><rtept lat="37.762013" lon="-107.556444"><ele>3801.09765625</ele><time>2026-04-12T17:07:26Z</time></rtept><rtept lat="37.761981" lon="-107.556446"><ele>3801.8984375</ele><time>2026-04-12T17:07:26Z</time></rtept><rtept lat="37.761926" lon="-107.556485"><ele>3803.19921875</ele><time>2026-04-12T17:07:26Z</time></rtept><rtept lat="37.761869" lon="-107.556509"><ele>3804.59765625</ele><time>2026-04-12T17:07:26Z</time></rtept><rtept lat="37.761799" lon="-107.556509"><ele>3806.09765625</ele><time>2026-04-12T17:07:26Z</time></rtept><rtept lat="37.761727" lon="-107.556513"><ele>3806.8984375</ele><time>2026-04-12T17:07:26Z</time></rtept><rtept lat="37.761666" lon="-107.556555"><ele>3807.796875</ele><time>2026-04-12T17:07:26Z</time></rtept><rtept lat="37.761601" lon="-107.556577"><ele>3808.69921875</ele><time>2026-04-12T17:07:26Z</time></rtept><rtept lat="37.761532" lon="-107.556588"><ele>3809.69921875</ele><time>2026-04-12T17:07:26Z</time></rtept><rtept lat="37.761477" lon="-107.556613"><ele>3811.0</ele><time>2026-04-12T17:07:26Z</time></rtept><rtept lat="37.761428" lon="-107.556661"><ele>3812.3984375</ele><time>2026-04-12T17:07:26Z</time></rtept><rtept lat="37.761379" lon="-107.556739"><ele>3812.3984375</ele><time>2026-04-12T17:07:26Z</time></rtept><rtept lat="37.761278" lon="-107.556903"><ele>3811.3984375</ele><time>2026-04-12T17:07:26Z</time></rtept><rtept lat="37.761182" lon="-107.557017"><ele>3811.59765625</ele><time>2026-04-12T17:07:26Z</time></rtept><rtept lat="37.761152" lon="-107.557078"><ele>3811.8984375</ele><time>2026-04-12T17:07:26Z</time></rtept><rtept lat="37.761149" lon="-107.557156"><ele>3811.296875</ele><time>2026-04-12T17:07:26Z</time></rtept><rtept lat="37.761118" lon="-107.557312"><ele>3812.69921875</ele><time>2026-04-12T17:07:26Z</time></rtept><rtept lat="37.761093" lon="-107.557361"><ele>3814.09765625</ele><time>2026-04-12T17:07:26Z</time></rtept><rtept lat="37.761022" lon="-107.557416"><ele>3816.796875</ele><time>2026-04-12T17:07:26Z</time></rtept><rtept lat="37.760968" lon="-107.557445"><ele>3818.5</ele><time>2026-04-12T17:07:26Z</time></rtept><rtept lat="37.76091" lon="-107.557443"><ele>3819.09765625</ele><time>2026-04-12T17:07:26Z</time></rtept><rtept lat="37.760759" lon="-107.557484"><ele>3821.19921875</ele><time>2026-04-12T17:07:26Z</time></rtept><rtept lat="37.760628" lon="-107.557491"><ele>3822.19921875</ele><time>2026-04-12T17:07:26Z</time></rtept><rtept lat="37.760562" lon="-107.557512"><ele>3822.3984375</ele><time>2026-04-12T17:07:26Z</time></rtept><rtept lat="37.760495" lon="-107.557505"><ele>3822.59765625</ele><time>2026-04-12T17:07:26Z</time></rtept><rtept lat="37.760431" lon="-107.557515"><ele>3822.59765625</ele><time>2026-04-12T17:07:26Z</time></rtept><rtept lat="37.76036" lon="-107.557513"><ele>3823.3984375</ele><time>2026-04-12T17:07:26Z</time></rtept><rtept lat="37.760327" lon="-107.557531"><ele>3823.296875</ele><time>2026-04-12T17:07:26Z</time></rtept><rtept lat="37.760245" lon="-107.557538"><ele>3824.0</ele><time>2026-04-12T17:07:26Z</time></rtept><rtept lat="37.760136" lon="-107.557602"><ele>3823.5</ele><time>2026-04-12T17:07:26Z</time></rtept><rtept lat="37.760067" lon="-107.557621"><ele>3823.69921875</ele><time>2026-04-12T17:07:26Z</time></rtept><rtept lat="37.759972" lon="-107.557606"><ele>3825.09765625</ele><time>2026-04-12T17:07:26Z</time></rtept><rtept lat="37.759906" lon="-107.557615"><ele>3825.3984375</ele><time>2026-04-12T17:07:26Z</time></rtept><rtept lat="37.759794" lon="-107.557623"><ele>3826.5</ele><time>2026-04-12T17:07:26Z</time></rtept><rtept lat="37.759688" lon="-107.557616"><ele>3827.296875</ele><time>2026-04-12T17:07:26Z</time></rtept><rtept lat="37.759541" lon="-107.557603"><ele>3828.796875</ele><time>2026-04-12T17:07:26Z</time></rtept><rtept lat="37.759427" lon="-107.557601"><ele>3828.796875</ele><time>2026-04-12T17:07:26Z</time></rtept><rtept lat="37.759303" lon="-107.557581"><ele>3829.3984375</ele><time>2026-04-12T17:07:26Z</time></rtept><rtept lat="37.759155" lon="-107.55759"><ele>3829.09765625</ele><time>2026-04-12T17:07:26Z</time></rtept><rtept lat="37.759076" lon="-107.557575"><ele>3829.296875</ele><time>2026-04-12T17:07:26Z</time></rtept><rtept lat="37.758976" lon="-107.557556"><ele>3829.69921875</ele><time>2026-04-12T17:07:26Z</time></rtept><rtept lat="37.758895" lon="-107.557533"><ele>3830.09765625</ele><time>2026-04-12T17:07:26Z</time></rtept><rtept lat="37.758801" lon="-107.557506"><ele>3830.09765625</ele><time>2026-04-12T17:07:26Z</time></rtept><rtept lat="37.758702" lon="-107.557473"><ele>3831.19921875</ele><time>2026-04-12T17:07:26Z</time></rtept><rtept lat="37.758623" lon="-107.557428"><ele>3832.796875</ele><time>2026-04-12T17:07:26Z</time></rtept><rtept lat="37.758554" lon="-107.557425"><ele>3832.8984375</ele><time>2026-04-12T17:07:26Z</time></rtept><rtept lat="37.758512" lon="-107.557391"><ele>3834.09765625</ele><time>2026-04-12T17:07:26Z</time></rtept><rtept lat="37.758469" lon="-107.557371"><ele>3834.796875</ele><time>2026-04-12T17:07:26Z</time></rtept><rtept lat="37.758371" lon="-107.557301"><ele>3837.59765625</ele><time>2026-04-12T17:07:26Z</time></rtept><rtept lat="37.758273" lon="-107.557257"><ele>3839.09765625</ele><time>2026-04-12T17:07:26Z</time></rtept><rtept lat="37.75814" lon="-107.557218"><ele>3840.19921875</ele><time>2026-04-12T17:07:26Z</time></rtept><rtept lat="37.758021" lon="-107.557174"><ele>3841.09765625</ele><time>2026-04-12T17:07:26Z</time></rtept><rtept lat="37.757898" lon="-107.557104"><ele>3841.796875</ele><time>2026-04-12T17:07:26Z</time></rtept><rtept lat="37.757812" lon="-107.557075"><ele>3841.59765625</ele><time>2026-04-12T17:07:26Z</time></rtept><rtept lat="37.757641" lon="-107.557054"><ele>3841.19921875</ele><time>2026-04-12T17:07:26Z</time></rtept><rtept lat="37.757582" lon="-107.557044"><ele>3840.796875</ele><time>2026-04-12T17:07:26Z</time></rtept><rtept lat="37.757421" lon="-107.556974"><ele>3839.59765625</ele><time>2026-04-12T17:07:26Z</time></rtept><rtept lat="37.757347" lon="-107.55694"><ele>3838.8984375</ele><time>2026-04-12T17:07:26Z</time></rtept><rtept lat="37.757224" lon="-107.556915"><ele>3838.3984375</ele><time>2026-04-12T17:07:26Z</time></rtept><rtept lat="37.75709" lon="-107.556906"><ele>3838.0</ele><time>2026-04-12T17:07:26Z</time></rtept><rtept lat="37.756902" lon="-107.556904"><ele>3838.19921875</ele><time>2026-04-12T17:07:26Z</time></rtept><rtept lat="37.756726" lon="-107.556892"><ele>3838.09765625</ele><time>2026-04-12T17:07:26Z</time></rtept><rtept lat="37.756553" lon="-107.556917"><ele>3836.69921875</ele><time>2026-04-12T17:07:26Z</time></rtept><rtept lat="37.756391" lon="-107.556945"><ele>3835.3984375</ele><time>2026-04-12T17:07:26Z</time></rtept><rtept lat="37.756299" lon="-107.556974"><ele>3834.59765625</ele><time>2026-04-12T17:07:26Z</time></rtept><rtept lat="37.756222" lon="-107.55699"><ele>3833.796875</ele><time>2026-04-12T17:07:26Z</time></rtept><rtept lat="37.756139" lon="-107.556999"><ele>3833.09765625</ele><time>2026-04-12T17:07:26Z</time></rtept><rtept lat="37.756085" lon="-107.556976"><ele>3833.19921875</ele><time>2026-04-12T17:07:26Z</time></rtept><rtept lat="37.756002" lon="-107.556943"><ele>3833.296875</ele><time>2026-04-12T17:07:26Z</time></rtept><rtept lat="37.75585" lon="-107.556889"><ele>3835.3984375</ele><time>2026-04-12T17:07:26Z</time></rtept><rtept lat="37.755671" lon="-107.556767"><ele>3839.296875</ele><time>2026-04-12T17:07:26Z</time></rtept><rtept lat="37.755523" lon="-107.556693"><ele>3840.796875</ele><time>2026-04-12T17:07:26Z</time></rtept><rtept lat="37.755447" lon="-107.556629"><ele>3841.5</ele><time>2026-04-12T17:07:26Z</time></rtept><rtept lat="37.755369" lon="-107.556567"><ele>3841.796875</ele><time>2026-04-12T17:07:26Z</time></rtept><rtept lat="37.755263" lon="-107.55654"><ele>3841.5</ele><time>2026-04-12T17:07:26Z</time></rtept><rtept lat="37.755135" lon="-107.556502"><ele>3841.3984375</ele><time>2026-04-12T17:07:26Z</time></rtept><rtept lat="37.755025" lon="-107.55647"><ele>3840.796875</ele><time>2026-04-12T17:07:26Z</time></rtept><rtept lat="37.754934" lon="-107.556452"><ele>3840.0</ele><time>2026-04-12T17:07:26Z</time></rtept><rtept lat="37.754842" lon="-107.556412"><ele>3839.796875</ele><time>2026-04-12T17:07:26Z</time></rtept><rtept lat="37.754653" lon="-107.556388"><ele>3840.69921875</ele><time>2026-04-12T17:07:26Z</time></rtept><rtept lat="37.7546" lon="-107.556372"><ele>3841.09765625</ele><time>2026-04-12T17:07:26Z</time></rtept><rtept lat="37.754464" lon="-107.55636"><ele>3841.69921875</ele><time>2026-04-12T17:07:26Z</time></rtept><rtept lat="37.754374" lon="-107.556328"><ele>3842.3984375</ele><time>2026-04-12T17:07:26Z</time></rtept><rtept lat="37.754257" lon="-107.556321"><ele>3843.3984375</ele><time>2026-04-12T17:07:26Z</time></rtept><rtept lat="37.754152" lon="-107.55632"><ele>3844.796875</ele><time>2026-04-12T17:07:26Z</time></rtept><rtept lat="37.754092" lon="-107.556332"><ele>3845.59765625</ele><time>2026-04-12T17:07:26Z</time></rtept><rtept lat="37.753986" lon="-107.556336"><ele>3846.59765625</ele><time>2026-04-12T17:07:26Z</time></rtept><rtept lat="37.75387" lon="-107.556345"><ele>3847.5</ele><time>2026-04-12T17:07:26Z</time></rtept><rtept lat="37.753741" lon="-107.556339"><ele>3848.59765625</ele><time>2026-04-12T17:07:26Z</time></rtept><rtept lat="37.753599" lon="-107.556337"><ele>3849.59765625</ele><time>2026-04-12T17:07:26Z</time></rtept><rtept lat="37.753395" lon="-107.556335"><ele>3850.59765625</ele><time>2026-04-12T17:07:26Z</time></rtept><rtept lat="37.753304" lon="-107.556306"><ele>3851.19921875</ele><time>2026-04-12T17:07:26Z</time></rtept><rtept lat="37.753207" lon="-107.556292"><ele>3851.69921875</ele><time>2026-04-12T17:07:26Z</time></rtept><rtept lat="37.753163" lon="-107.556288"><ele>3851.69921875</ele><time>2026-04-12T17:07:26Z</time></rtept><rtept lat="37.753073" lon="-107.55625"><ele>3852.09765625</ele><time>2026-04-12T17:07:26Z</time></rtept><rtept lat="37.752976" lon="-107.556179"><ele>3853.0</ele><time>2026-04-12T17:07:26Z</time></rtept><rtept lat="37.752883" lon="-107.5561"><ele>3853.796875</ele><time>2026-04-12T17:07:26Z</time></rtept><rtept lat="37.752814" lon="-107.556067"><ele>3853.59765625</ele><time>2026-04-12T17:07:26Z</time></rtept><rtept lat="37.752757" lon="-107.555998"><ele>3853.8984375</ele><time>2026-04-12T17:07:26Z</time></rtept><rtept lat="37.752696" lon="-107.555967"><ele>3853.8984375</ele><time>2026-04-12T17:07:26Z</time></rtept><rtept lat="37.752592" lon="-107.555882"><ele>3854.19921875</ele><time>2026-04-12T17:07:26Z</time></rtept><rtept lat="37.752448" lon="-107.55579"><ele>3853.8984375</ele><time>2026-04-12T17:07:26Z</time></rtept><rtept lat="37.752364" lon="-107.555734"><ele>3853.69921875</ele><time>2026-04-12T17:07:26Z</time></rtept><rtept lat="37.752291" lon="-107.555666"><ele>3853.8984375</ele><time>2026-04-12T17:07:26Z</time></rtept><rtept lat="37.752058" lon="-107.555539"><ele>3854.0</ele><time>2026-04-12T17:07:26Z</time></rtept><rtept lat="37.75201" lon="-107.555537"><ele>3853.796875</ele><time>2026-04-12T17:07:26Z</time></rtept><rtept lat="37.751959" lon="-107.555518"><ele>3853.796875</ele><time>2026-04-12T17:07:26Z</time></rtept><rtept lat="37.751891" lon="-107.555507"><ele>3853.59765625</ele><time>2026-04-12T17:07:26Z</time></rtept><rtept lat="37.751852" lon="-107.555481"><ele>3853.69921875</ele><time>2026-04-12T17:07:26Z</time></rtept><rtept lat="37.751784" lon="-107.555467"><ele>3853.69921875</ele><time>2026-04-12T17:07:26Z</time></rtept><rtept lat="37.751723" lon="-107.55544"><ele>3854.0</ele><time>2026-04-12T17:07:26Z</time></rtept><rtept lat="37.75164" lon="-107.555372"><ele>3854.5</ele><time>2026-04-12T17:07:26Z</time></rtept><rtept lat="37.751521" lon="-107.555293"><ele>3855.0</ele><time>2026-04-12T17:07:26Z</time></rtept><rtept lat="37.751434" lon="-107.555286"><ele>3855.59765625</ele><time>2026-04-12T17:07:26Z</time></rtept><rtept lat="37.75135" lon="-107.555243"><ele>3856.5</ele><time>2026-04-12T17:07:26Z</time></rtept><rtept lat="37.751252" lon="-107.55522"><ele>3857.19921875</ele><time>2026-04-12T17:07:26Z</time></rtept><rtept lat="37.751167" lon="-107.555171"><ele>3857.69921875</ele><time>2026-04-12T17:07:26Z</time></rtept><rtept lat="37.751049" lon="-107.555155"><ele>3858.09765625</ele><time>2026-04-12T17:07:26Z</time></rtept><rtept lat="37.750942" lon="-107.555121"><ele>3858.59765625</ele><time>2026-04-12T17:07:26Z</time></rtept><rtept lat="37.750804" lon="-107.555068"><ele>3859.19921875</ele><time>2026-04-12T17:07:26Z</time></rtept><rtept lat="37.750674" lon="-107.55503"><ele>3859.796875</ele><time>2026-04-12T17:07:26Z</time></rtept><rtept lat="37.750496" lon="-107.554953"><ele>3860.5</ele><time>2026-04-12T17:07:26Z</time></rtept><rtept lat="37.750431" lon="-107.554921"><ele>3860.8984375</ele><time>2026-04-12T17:07:26Z</time></rtept><rtept lat="37.7503" lon="-107.5549"><ele>3860.69921875</ele><time>2026-04-12T17:07:26Z</time></rtept><rtept lat="37.7502" lon="-107.554863"><ele>3860.69921875</ele><time>2026-04-12T17:07:26Z</time></rtept><rtept lat="37.750101" lon="-107.554863"><ele>3860.3984375</ele><time>2026-04-12T17:07:26Z</time></rtept><rtept lat="37.749996" lon="-107.554854"><ele>3860.09765625</ele><time>2026-04-12T17:07:26Z</time></rtept><rtept lat="37.749889" lon="-107.554814"><ele>3860.19921875</ele><time>2026-04-12T17:07:26Z</time></rtept><rtept lat="37.749741" lon="-107.554771"><ele>3860.0</ele><time>2026-04-12T17:07:26Z</time></rtept><rtept lat="37.749572" lon="-107.55472"><ele>3860.0</ele><time>2026-04-12T17:07:26Z</time></rtept><rtept lat="37.749374" lon="-107.554665"><ele>3859.8984375</ele><time>2026-04-12T17:07:26Z</time></rtept><rtept lat="37.749286" lon="-107.554653"><ele>3860.0</ele><time>2026-04-12T17:07:26Z</time></rtept><rtept lat="37.749225" lon="-107.554621"><ele>3860.5</ele><time>2026-04-12T17:07:26Z</time></rtept><rtept lat="37.749089" lon="-107.554569"><ele>3861.19921875</ele><time>2026-04-12T17:07:26Z</time></rtept><rtept lat="37.748989" lon="-107.554517"><ele>3861.796875</ele><time>2026-04-12T17:07:26Z</time></rtept><rtept lat="37.74886" lon="-107.554486"><ele>3861.796875</ele><time>2026-04-12T17:07:26Z</time></rtept><rtept lat="37.74873" lon="-107.554453"><ele>3861.8984375</ele><time>2026-04-12T17:07:26Z</time></rtept><rtept lat="37.748639" lon="-107.554429"><ele>3862.09765625</ele><time>2026-04-12T17:07:26Z</time></rtept><rtept lat="37.748602" lon="-107.55438"><ele>3862.5</ele><time>2026-04-12T17:07:26Z</time></rtept><rtept lat="37.748524" lon="-107.554356"><ele>3862.59765625</ele><time>2026-04-12T17:07:26Z</time></rtept><rtept lat="37.748373" lon="-107.554268"><ele>3863.3984375</ele><time>2026-04-12T17:07:26Z</time></rtept><rtept lat="37.748225" lon="-107.554189"><ele>3863.8984375</ele><time>2026-04-12T17:07:26Z</time></rtept><rtept lat="37.748054" lon="-107.554086"><ele>3864.69921875</ele><time>2026-04-12T17:07:26Z</time></rtept><rtept lat="37.747911" lon="-107.553983"><ele>3865.0</ele><time>2026-04-12T17:07:26Z</time></rtept><rtept lat="37.747742" lon="-107.55388"><ele>3866.296875</ele><time>2026-04-12T17:07:26Z</time></rtept><rtept lat="37.747621" lon="-107.553768"><ele>3867.5</ele><time>2026-04-12T17:07:26Z</time></rtept><rtept lat="37.747566" lon="-107.553708"><ele>3867.796875</ele><time>2026-04-12T17:07:26Z</time></rtept><rtept lat="37.7475" lon="-107.553664"><ele>3868.0</ele><time>2026-04-12T17:07:26Z</time></rtept><rtept lat="37.747359" lon="-107.553558"><ele>3868.0</ele><time>2026-04-12T17:07:26Z</time></rtept><rtept lat="37.747198" lon="-107.553474"><ele>3865.3984375</ele><time>2026-04-12T17:07:26Z</time></rtept><rtept lat="37.7471" lon="-107.553414"><ele>3863.59765625</ele><time>2026-04-12T17:07:26Z</time></rtept><rtept lat="37.746999" lon="-107.553382"><ele>3861.296875</ele><time>2026-04-12T17:07:26Z</time></rtept><rtept lat="37.746952" lon="-107.553321"><ele>3860.09765625</ele><time>2026-04-12T17:07:26Z</time></rtept><rtept lat="37.746884" lon="-107.553234"><ele>3858.59765625</ele><time>2026-04-12T17:07:26Z</time></rtept><rtept lat="37.746863" lon="-107.553163"><ele>3858.19921875</ele><time>2026-04-12T17:07:26Z</time></rtept><rtept lat="37.746828" lon="-107.553129"><ele>3857.5</ele><time>2026-04-12T17:07:26Z</time></rtept><rtept lat="37.746745" lon="-107.553089"><ele>3855.09765625</ele><time>2026-04-12T17:07:26Z</time></rtept><rtept lat="37.746732" lon="-107.553058"><ele>3854.796875</ele><time>2026-04-12T17:07:26Z</time></rtept><rtept lat="37.7467" lon="-107.553026"><ele>3854.0</ele><time>2026-04-12T17:07:26Z</time></rtept><rtept lat="37.746679" lon="-107.553024"><ele>3853.3984375</ele><time>2026-04-12T17:07:26Z</time></rtept><rtept lat="37.746637" lon="-107.553004"><ele>3852.3984375</ele><time>2026-04-12T17:07:26Z</time></rtept><rtept lat="37.746559" lon="-107.552922"><ele>3850.3984375</ele><time>2026-04-12T17:07:26Z</time></rtept><rtept lat="37.746523" lon="-107.552904"><ele>3849.296875</ele><time>2026-04-12T17:07:26Z</time></rtept><rtept lat="37.746473" lon="-107.552926"><ele>3847.59765625</ele><time>2026-04-12T17:07:26Z</time></rtept><rtept lat="37.746396" lon="-107.552954"><ele>3845.19921875</ele><time>2026-04-12T17:07:26Z</time></rtept><rtept lat="37.746365" lon="-107.55296"><ele>3843.8984375</ele><time>2026-04-12T17:07:26Z</time></rtept><rtept lat="37.746334" lon="-107.552951"><ele>3843.0</ele><time>2026-04-12T17:07:26Z</time></rtept><rtept lat="37.746225" lon="-107.552928"><ele>3840.296875</ele><time>2026-04-12T17:07:26Z</time></rtept><rtept lat="37.746141" lon="-107.552916"><ele>3839.8984375</ele><time>2026-04-12T17:07:26Z</time></rtept><rtept lat="37.745973" lon="-107.55292"><ele>3839.0</ele><time>2026-04-12T17:07:26Z</time></rtept><rtept lat="37.7458" lon="-107.552922"><ele>3838.09765625</ele><time>2026-04-12T17:07:26Z</time></rtept><rtept lat="37.745666" lon="-107.552899"><ele>3837.5</ele><time>2026-04-12T17:07:26Z</time></rtept><rtept lat="37.745531" lon="-107.552851"><ele>3837.59765625</ele><time>2026-04-12T17:07:26Z</time></rtept><rtept lat="37.745439" lon="-107.552803"><ele>3837.796875</ele><time>2026-04-12T17:07:26Z</time></rtept><rtept lat="37.74535" lon="-107.552792"><ele>3837.8984375</ele><time>2026-04-12T17:07:26Z</time></rtept><rtept lat="37.745295" lon="-107.552776"><ele>3838.0</ele><time>2026-04-12T17:07:26Z</time></rtept><rtept lat="37.745214" lon="-107.552722"><ele>3838.0</ele><time>2026-04-12T17:07:26Z</time></rtept><rtept lat="37.74516" lon="-107.552707"><ele>3838.0</ele><time>2026-04-12T17:07:26Z</time></rtept><rtept lat="37.745087" lon="-107.552701"><ele>3838.19921875</ele><time>2026-04-12T17:07:26Z</time></rtept><rtept lat="37.745047" lon="-107.55267"><ele>3838.3984375</ele><time>2026-04-12T17:07:26Z</time></rtept><rtept lat="37.744995" lon="-107.552619"><ele>3838.796875</ele><time>2026-04-12T17:07:26Z</time></rtept><rtept lat="37.74491" lon="-107.552567"><ele>3839.3984375</ele><time>2026-04-12T17:07:26Z</time></rtept><rtept lat="37.744824" lon="-107.552512"><ele>3840.3984375</ele><time>2026-04-12T17:07:26Z</time></rtept><rtept lat="37.74473" lon="-107.55246"><ele>3841.296875</ele><time>2026-04-12T17:07:26Z</time></rtept><rtept lat="37.744611" lon="-107.552393"><ele>3842.3984375</ele><time>2026-04-12T17:07:26Z</time></rtept><rtept lat="37.744474" lon="-107.552312"><ele>3843.0</ele><time>2026-04-12T17:07:26Z</time></rtept><rtept lat="37.744317" lon="-107.552222"><ele>3843.8984375</ele><time>2026-04-12T17:07:26Z</time></rtept><rtept lat="37.744225" lon="-107.552181"><ele>3844.3984375</ele><time>2026-04-12T17:07:26Z</time></rtept><rtept lat="37.744139" lon="-107.552093"><ele>3844.69921875</ele><time>2026-04-12T17:07:26Z</time></rtept><rtept lat="37.744056" lon="-107.552047"><ele>3845.09765625</ele><time>2026-04-12T17:07:26Z</time></rtept><rtept lat="37.743914" lon="-107.551958"><ele>3845.8984375</ele><time>2026-04-12T17:07:26Z</time></rtept><rtept lat="37.743772" lon="-107.551872"><ele>3846.8984375</ele><time>2026-04-12T17:07:26Z</time></rtept><rtept lat="37.743649" lon="-107.551808"><ele>3848.09765625</ele><time>2026-04-12T17:07:26Z</time></rtept><rtept lat="37.743506" lon="-107.551735"><ele>3849.59765625</ele><time>2026-04-12T17:07:26Z</time></rtept><rtept lat="37.743378" lon="-107.551628"><ele>3850.8984375</ele><time>2026-04-12T17:07:26Z</time></rtept><rtept lat="37.743246" lon="-107.551527"><ele>3852.296875</ele><time>2026-04-12T17:07:26Z</time></rtept><rtept lat="37.743174" lon="-107.551462"><ele>3853.19921875</ele><time>2026-04-12T17:07:26Z</time></rtept><rtept lat="37.743108" lon="-107.551427"><ele>3853.59765625</ele><time>2026-04-12T17:07:26Z</time></rtept><rtept lat="37.743061" lon="-107.551409"><ele>3854.0</ele><time>2026-04-12T17:07:26Z</time></rtept><rtept lat="37.74295" lon="-107.551355"><ele>3854.69921875</ele><time>2026-04-12T17:07:26Z</time></rtept><rtept lat="37.742875" lon="-107.551322"><ele>3855.19921875</ele><time>2026-04-12T17:07:26Z</time></rtept><rtept lat="37.742817" lon="-107.551288"><ele>3855.59765625</ele><time>2026-04-12T17:07:26Z</time></rtept><rtept lat="37.742759" lon="-107.551245"><ele>3855.796875</ele><time>2026-04-12T17:07:26Z</time></rtept><rtept lat="37.742728" lon="-107.551244"><ele>3856.0</ele><time>2026-04-12T17:07:26Z</time></rtept><rtept lat="37.742657" lon="-107.551229"><ele>3856.296875</ele><time>2026-04-12T17:07:26Z</time></rtept><rtept lat="37.742622" lon="-107.5512"><ele>3856.3984375</ele><time>2026-04-12T17:07:26Z</time></rtept><rtept lat="37.742556" lon="-107.551093"><ele>3856.19921875</ele><time>2026-04-12T17:07:26Z</time></rtept><rtept lat="37.742455" lon="-107.550969"><ele>3856.09765625</ele><time>2026-04-12T17:07:26Z</time></rtept><rtept lat="37.742345" lon="-107.550883"><ele>3856.19921875</ele><time>2026-04-12T17:07:26Z</time></rtept><rtept lat="37.742202" lon="-107.55078"><ele>3856.3984375</ele><time>2026-04-12T17:07:26Z</time></rtept><rtept lat="37.742064" lon="-107.550666"><ele>3856.5</ele><time>2026-04-12T17:07:26Z</time></rtept><rtept lat="37.742012" lon="-107.550614"><ele>3856.3984375</ele><time>2026-04-12T17:07:26Z</time></rtept><rtept lat="37.741924" lon="-107.550569"><ele>3856.59765625</ele><time>2026-04-12T17:07:26Z</time></rtept><rtept lat="37.741813" lon="-107.550495"><ele>3857.0</ele><time>2026-04-12T17:07:26Z</time></rtept><rtept lat="37.741722" lon="-107.550423"><ele>3857.0</ele><time>2026-04-12T17:07:26Z</time></rtept><rtept lat="37.741615" lon="-107.550347"><ele>3857.0</ele><time>2026-04-12T17:07:26Z</time></rtept><rtept lat="37.741496" lon="-107.550251"><ele>3857.0</ele><time>2026-04-12T17:07:26Z</time></rtept><rtept lat="37.741348" lon="-107.550175"><ele>3857.296875</ele><time>2026-04-12T17:07:26Z</time></rtept><rtept lat="37.741299" lon="-107.550136"><ele>3857.296875</ele><time>2026-04-12T17:07:26Z</time></rtept><rtept lat="37.741175" lon="-107.550045"><ele>3857.3984375</ele><time>2026-04-12T17:07:26Z</time></rtept><rtept lat="37.741087" lon="-107.549978"><ele>3857.5</ele><time>2026-04-12T17:07:26Z</time></rtept><rtept lat="37.741031" lon="-107.549945"><ele>3857.796875</ele><time>2026-04-12T17:07:26Z</time></rtept><rtept lat="37.740992" lon="-107.549925"><ele>3857.8984375</ele><time>2026-04-12T17:07:26Z</time></rtept><rtept lat="37.740908" lon="-107.549859"><ele>3858.3984375</ele><time>2026-04-12T17:07:26Z</time></rtept><rtept lat="37.740843" lon="-107.549797"><ele>3859.0</ele><time>2026-04-12T17:07:26Z</time></rtept><rtept lat="37.740791" lon="-107.54975"><ele>3859.296875</ele><time>2026-04-12T17:07:26Z</time></rtept><rtept lat="37.740613" lon="-107.549709"><ele>3860.5</ele><time>2026-04-12T17:07:26Z</time></rtept><rtept lat="37.740469" lon="-107.549719"><ele>3861.59765625</ele><time>2026-04-12T17:07:26Z</time></rtept><rtept lat="37.740345" lon="-107.54969"><ele>3862.3984375</ele><time>2026-04-12T17:07:26Z</time></rtept><rtept lat="37.740198" lon="-107.54964"><ele>3863.5</ele><time>2026-04-12T17:07:26Z</time></rtept><rtept lat="37.740072" lon="-107.549592"><ele>3864.3984375</ele><time>2026-04-12T17:07:26Z</time></rtept><rtept lat="37.739991" lon="-107.549554"><ele>3864.8984375</ele><time>2026-04-12T17:07:26Z</time></rtept><rtept lat="37.739892" lon="-107.549542"><ele>3865.5</ele><time>2026-04-12T17:07:26Z</time></rtept><rtept lat="37.73984" lon="-107.549557"><ele>3865.69921875</ele><time>2026-04-12T17:07:26Z</time></rtept><rtept lat="37.739746" lon="-107.549582"><ele>3866.09765625</ele><time>2026-04-12T17:07:26Z</time></rtept><rtept lat="37.739657" lon="-107.549595"><ele>3866.5</ele><time>2026-04-12T17:07:26Z</time></rtept><rtept lat="37.739511" lon="-107.549588"><ele>3867.09765625</ele><time>2026-04-12T17:07:26Z</time></rtept><rtept lat="37.739356" lon="-107.549546"><ele>3867.5</ele><time>2026-04-12T17:07:26Z</time></rtept><rtept lat="37.739205" lon="-107.549505"><ele>3868.19921875</ele><time>2026-04-12T17:07:26Z</time></rtept><rtept lat="37.739094" lon="-107.549452"><ele>3868.796875</ele><time>2026-04-12T17:07:26Z</time></rtept><rtept lat="37.739002" lon="-107.549388"><ele>3869.0</ele><time>2026-04-12T17:07:26Z</time></rtept><rtept lat="37.738912" lon="-107.549314"><ele>3869.0</ele><time>2026-04-12T17:07:26Z</time></rtept><rtept lat="37.738793" lon="-107.549217"><ele>3869.0</ele><time>2026-04-12T17:07:26Z</time></rtept><rtept lat="37.738722" lon="-107.549163"><ele>3869.0</ele><time>2026-04-12T17:07:26Z</time></rtept><rtept lat="37.73862" lon="-107.549093"><ele>3868.8984375</ele><time>2026-04-12T17:07:26Z</time></rtept><rtept lat="37.738544" lon="-107.54905"><ele>3868.8984375</ele><time>2026-04-12T17:07:26Z</time></rtept><rtept lat="37.738425" lon="-107.548983"><ele>3869.0</ele><time>2026-04-12T17:07:26Z</time></rtept><rtept lat="37.738278" lon="-107.548924"><ele>3869.09765625</ele><time>2026-04-12T17:07:26Z</time></rtept><rtept lat="37.738139" lon="-107.54889"><ele>3869.0</ele><time>2026-04-12T17:07:26Z</time></rtept><rtept lat="37.73801" lon="-107.548873"><ele>3868.8984375</ele><time>2026-04-12T17:07:26Z</time></rtept><rtept lat="37.737932" lon="-107.548846"><ele>3868.8984375</ele><time>2026-04-12T17:07:26Z</time></rtept><rtept lat="37.737882" lon="-107.548793"><ele>3868.796875</ele><time>2026-04-12T17:07:26Z</time></rtept><rtept lat="37.737793" lon="-107.54874"><ele>3868.8984375</ele><time>2026-04-12T17:07:26Z</time></rtept><rtept lat="37.737692" lon="-107.548699"><ele>3869.09765625</ele><time>2026-04-12T17:07:26Z</time></rtept><rtept lat="37.737582" lon="-107.548683"><ele>3869.19921875</ele><time>2026-04-12T17:07:26Z</time></rtept><rtept lat="37.737471" lon="-107.548679"><ele>3869.09765625</ele><time>2026-04-12T17:07:26Z</time></rtept><rtept lat="37.737355" lon="-107.548653"><ele>3869.0</ele><time>2026-04-12T17:07:26Z</time></rtept><rtept lat="37.737295" lon="-107.548619"><ele>3868.59765625</ele><time>2026-04-12T17:07:26Z</time></rtept><rtept lat="37.737248" lon="-107.548561"><ele>3868.0</ele><time>2026-04-12T17:07:26Z</time></rtept><rtept lat="37.737203" lon="-107.548541"><ele>3867.59765625</ele><time>2026-04-12T17:07:26Z</time></rtept><rtept lat="37.737161" lon="-107.54856"><ele>3867.5</ele><time>2026-04-12T17:07:26Z</time></rtept><rtept lat="37.737115" lon="-107.548643"><ele>3867.296875</ele><time>2026-04-12T17:07:26Z</time></rtept><rtept lat="37.73708" lon="-107.548648"><ele>3867.0</ele><time>2026-04-12T17:07:26Z</time></rtept><rtept lat="37.737052" lon="-107.548607"><ele>3866.796875</ele><time>2026-04-12T17:07:26Z</time></rtept><rtept lat="37.736987" lon="-107.548552"><ele>3866.296875</ele><time>2026-04-12T17:07:26Z</time></rtept><rtept lat="37.736958" lon="-107.548558"><ele>3866.09765625</ele><time>2026-04-12T17:07:26Z</time></rtept><rtept lat="37.736928" lon="-107.548574"><ele>3865.8984375</ele><time>2026-04-12T17:07:26Z</time></rtept><rtept lat="37.736903" lon="-107.548552"><ele>3865.69921875</ele><time>2026-04-12T17:07:26Z</time></rtept><rtept lat="37.736856" lon="-107.54848"><ele>3865.3984375</ele><time>2026-04-12T17:07:26Z</time></rtept><rtept lat="37.736816" lon="-107.548416"><ele>3865.09765625</ele><time>2026-04-12T17:07:26Z</time></rtept><rtept lat="37.73675" lon="-107.548363"><ele>3864.19921875</ele><time>2026-04-12T17:07:26Z</time></rtept><rtept lat="37.736689" lon="-107.548331"><ele>3863.296875</ele><time>2026-04-12T17:07:26Z</time></rtept><rtept lat="37.73665" lon="-107.548297"><ele>3862.3984375</ele><time>2026-04-12T17:07:26Z</time></rtept><rtept lat="37.736523" lon="-107.548248"><ele>3860.09765625</ele><time>2026-04-12T17:07:26Z</time></rtept><rtept lat="37.736494" lon="-107.548245"><ele>3859.8984375</ele><time>2026-04-12T17:07:26Z</time></rtept><rtept lat="37.736403" lon="-107.54824"><ele>3859.3984375</ele><time>2026-04-12T17:07:26Z</time></rtept><rtept lat="37.736317" lon="-107.548231"><ele>3858.8984375</ele><time>2026-04-12T17:07:26Z</time></rtept><rtept lat="37.736142" lon="-107.54819"><ele>3858.19921875</ele><time>2026-04-12T17:07:26Z</time></rtept><rtept lat="37.736008" lon="-107.54816"><ele>3858.296875</ele><time>2026-04-12T17:07:26Z</time></rtept><rtept lat="37.735884" lon="-107.548086"><ele>3858.09765625</ele><time>2026-04-12T17:07:26Z</time></rtept><rtept lat="37.735774" lon="-107.548019"><ele>3858.0</ele><time>2026-04-12T17:07:26Z</time></rtept><rtept lat="37.735683" lon="-107.547962"><ele>3858.0</ele><time>2026-04-12T17:07:26Z</time></rtept><rtept lat="37.735607" lon="-107.547902"><ele>3857.796875</ele><time>2026-04-12T17:07:26Z</time></rtept><rtept lat="37.735504" lon="-107.547749"><ele>3857.296875</ele><time>2026-04-12T17:07:26Z</time></rtept><rtept lat="37.735398" lon="-107.547615"><ele>3856.8984375</ele><time>2026-04-12T17:07:26Z</time></rtept><rtept lat="37.735253" lon="-107.547505"><ele>3855.796875</ele><time>2026-04-12T17:07:26Z</time></rtept><rtept lat="37.735208" lon="-107.547443"><ele>3855.5</ele><time>2026-04-12T17:07:26Z</time></rtept><rtept lat="37.735147" lon="-107.547348"><ele>3855.09765625</ele><time>2026-04-12T17:07:26Z</time></rtept><rtept lat="37.735078" lon="-107.547261"><ele>3854.3984375</ele><time>2026-04-12T17:07:26Z</time></rtept><rtept lat="37.735016" lon="-107.547182"><ele>3853.59765625</ele><time>2026-04-12T17:07:26Z</time></rtept><rtept lat="37.734983" lon="-107.547117"><ele>3852.8984375</ele><time>2026-04-12T17:07:26Z</time></rtept><rtept lat="37.73498" lon="-107.547067"><ele>3852.69921875</ele><time>2026-04-12T17:07:26Z</time></rtept><rtept lat="37.734946" lon="-107.547004"><ele>3852.19921875</ele><time>2026-04-12T17:07:26Z</time></rtept><rtept lat="37.734882" lon="-107.546932"><ele>3851.19921875</ele><time>2026-04-12T17:07:26Z</time></rtept><rtept lat="37.734854" lon="-107.546875"><ele>3850.59765625</ele><time>2026-04-12T17:07:26Z</time></rtept><rtept lat="37.734833" lon="-107.546696"><ele>3849.69921875</ele><time>2026-04-12T17:07:26Z</time></rtept><rtept lat="37.734831" lon="-107.546572"><ele>3849.5</ele><time>2026-04-12T17:07:26Z</time></rtept><rtept lat="37.73482" lon="-107.546446"><ele>3849.19921875</ele><time>2026-04-12T17:07:26Z</time></rtept><rtept lat="37.734802" lon="-107.546398"><ele>3848.69921875</ele><time>2026-04-12T17:07:26Z</time></rtept><rtept lat="37.734731" lon="-107.54627"><ele>3847.09765625</ele><time>2026-04-12T17:07:26Z</time></rtept><rtept lat="37.734687" lon="-107.546237"><ele>3846.3984375</ele><time>2026-04-12T17:07:26Z</time></rtept><rtept lat="37.734669" lon="-107.546207"><ele>3846.09765625</ele><time>2026-04-12T17:07:26Z</time></rtept><rtept lat="37.734652" lon="-107.546156"><ele>3845.8984375</ele><time>2026-04-12T17:07:26Z</time></rtept><rtept lat="37.734626" lon="-107.546135"><ele>3845.59765625</ele><time>2026-04-12T17:07:26Z</time></rtept><rtept lat="37.734485" lon="-107.546078"><ele>3843.69921875</ele><time>2026-04-12T17:07:26Z</time></rtept><rtept lat="37.734431" lon="-107.546046"><ele>3842.8984375</ele><time>2026-04-12T17:07:26Z</time></rtept><rtept lat="37.734395" lon="-107.546044"><ele>3842.5</ele><time>2026-04-12T17:07:26Z</time></rtept><rtept lat="37.734296" lon="-107.546031"><ele>3841.296875</ele><time>2026-04-12T17:07:26Z</time></rtept><rtept lat="37.734259" lon="-107.546005"><ele>3841.0</ele><time>2026-04-12T17:07:26Z</time></rtept><rtept lat="37.734215" lon="-107.545976"><ele>3840.8984375</ele><time>2026-04-12T17:07:26Z</time></rtept><rtept lat="37.734159" lon="-107.545928"><ele>3840.59765625</ele><time>2026-04-12T17:07:26Z</time></rtept><rtept lat="37.734045" lon="-107.545815"><ele>3840.19921875</ele><time>2026-04-12T17:07:26Z</time></rtept><rtept lat="37.73391" lon="-107.545685"><ele>3839.19921875</ele><time>2026-04-12T17:07:26Z</time></rtept><rtept lat="37.733878" lon="-107.5456"><ele>3838.8984375</ele><time>2026-04-12T17:07:26Z</time></rtept><rtept lat="37.733827" lon="-107.545511"><ele>3838.59765625</ele><time>2026-04-12T17:07:26Z</time></rtept><rtept lat="37.733718" lon="-107.545354"><ele>3837.69921875</ele><time>2026-04-12T17:07:26Z</time></rtept><rtept lat="37.733554" lon="-107.545188"><ele>3835.796875</ele><time>2026-04-12T17:07:26Z</time></rtept><rtept lat="37.733349" lon="-107.544999"><ele>3833.69921875</ele><time>2026-04-12T17:07:26Z</time></rtept><rtept lat="37.733224" lon="-107.544869"><ele>3832.296875</ele><time>2026-04-12T17:07:26Z</time></rtept><rtept lat="37.73313" lon="-107.544786"><ele>3831.3984375</ele><time>2026-04-12T17:07:26Z</time></rtept><rtept lat="37.733086" lon="-107.544779"><ele>3831.0</ele><time>2026-04-12T17:07:26Z</time></rtept><rtept lat="37.733045" lon="-107.544812"><ele>3830.5</ele><time>2026-04-12T17:07:26Z</time></rtept><rtept lat="37.733023" lon="-107.544757"><ele>3830.19921875</ele><time>2026-04-12T17:07:26Z</time></rtept><rtept lat="37.733026" lon="-107.544672"><ele>3830.09765625</ele><time>2026-04-12T17:07:26Z</time></rtept><rtept lat="37.73298" lon="-107.544621"><ele>3829.3984375</ele><time>2026-04-12T17:07:26Z</time></rtept><rtept lat="37.732901" lon="-107.544541"><ele>3828.0</ele><time>2026-04-12T17:07:26Z</time></rtept><rtept lat="37.732757" lon="-107.544395"><ele>3825.09765625</ele><time>2026-04-12T17:07:26Z</time></rtept><rtept lat="37.732728" lon="-107.544293"><ele>3824.296875</ele><time>2026-04-12T17:07:26Z</time></rtept><rtept lat="37.732653" lon="-107.544164"><ele>3822.19921875</ele><time>2026-04-12T17:07:26Z</time></rtept><rtept lat="37.732542" lon="-107.544011"><ele>3820.19921875</ele><time>2026-04-12T17:07:26Z</time></rtept><rtept lat="37.732472" lon="-107.543954"><ele>3819.0</ele><time>2026-04-12T17:07:26Z</time></rtept><rtept lat="37.732453" lon="-107.543867"><ele>3818.69921875</ele><time>2026-04-12T17:07:26Z</time></rtept><rtept lat="37.732334" lon="-107.543736"><ele>3817.3984375</ele><time>2026-04-12T17:07:26Z</time></rtept><rtept lat="37.732279" lon="-107.543704"><ele>3817.19921875</ele><time>2026-04-12T17:07:26Z</time></rtept><rtept lat="37.732278" lon="-107.543701"><ele>3817.19921875</ele><time>2026-04-12T17:07:26Z</time></rtept><rtept lat="37.732234" lon="-107.543675"><ele>3816.8984375</ele><time>2026-04-12T17:07:26Z</time></rtept><rtept lat="37.732092" lon="-107.543594"><ele>3816.0</ele><time>2026-04-12T17:07:26Z</time></rtept><rtept lat="37.731992" lon="-107.543557"><ele>3815.69921875</ele><time>2026-04-12T17:07:26Z</time></rtept><rtept lat="37.731903" lon="-107.543492"><ele>3815.59765625</ele><time>2026-04-12T17:07:26Z</time></rtept><rtept lat="37.731799" lon="-107.543268"><ele>3816.0</ele><time>2026-04-12T17:07:26Z</time></rtept><rtept lat="37.731755" lon="-107.543235"><ele>3816.19921875</ele><time>2026-04-12T17:07:26Z</time></rtept><rtept lat="37.731716" lon="-107.543258"><ele>3816.3984375</ele><time>2026-04-12T17:07:26Z</time></rtept><rtept lat="37.731602" lon="-107.543184"><ele>3817.09765625</ele><time>2026-04-12T17:07:26Z</time></rtept><rtept lat="37.731425" lon="-107.543184"><ele>3817.69921875</ele><time>2026-04-12T17:07:26Z</time></rtept><rtept lat="37.731191" lon="-107.543234"><ele>3817.8984375</ele><time>2026-04-12T17:07:26Z</time></rtept><rtept lat="37.731037" lon="-107.543263"><ele>3817.3984375</ele><time>2026-04-12T17:07:26Z</time></rtept><rtept lat="37.730879" lon="-107.543232"><ele>3817.0</ele><time>2026-04-12T17:07:26Z</time></rtept><rtept lat="37.730716" lon="-107.54324"><ele>3816.3984375</ele><time>2026-04-12T17:07:26Z</time></rtept><rtept lat="37.730583" lon="-107.543175"><ele>3815.8984375</ele><time>2026-04-12T17:07:26Z</time></rtept><rtept lat="37.730472" lon="-107.543167"><ele>3815.296875</ele><time>2026-04-12T17:07:26Z</time></rtept><rtept lat="37.730389" lon="-107.543167"><ele>3814.8984375</ele><time>2026-04-12T17:07:26Z</time></rtept><rtept lat="37.730194" lon="-107.54325"><ele>3813.59765625</ele><time>2026-04-12T17:07:26Z</time></rtept><rtept lat="37.73" lon="-107.543333"><ele>3812.5</ele><time>2026-04-12T17:07:26Z</time></rtept><rtept lat="37.729861" lon="-107.543306"><ele>3812.0</ele><time>2026-04-12T17:07:26Z</time></rtept><rtept lat="37.72975" lon="-107.543278"><ele>3811.69921875</ele><time>2026-04-12T17:07:26Z</time></rtept><rtept lat="37.729639" lon="-107.543306"><ele>3811.296875</ele><time>2026-04-12T17:07:26Z</time></rtept><rtept lat="37.729528" lon="-107.543278"><ele>3811.19921875</ele><time>2026-04-12T17:07:26Z</time></rtept><rtept lat="37.729444" lon="-107.543222"><ele>3811.3984375</ele><time>2026-04-12T17:07:26Z</time></rtept><rtept lat="37.729333" lon="-107.543139"><ele>3811.69921875</ele><time>2026-04-12T17:07:26Z</time></rtept><rtept lat="37.729194" lon="-107.543"><ele>3812.09765625</ele><time>2026-04-12T17:07:26Z</time></rtept><rtept lat="37.729028" lon="-107.542889"><ele>3812.59765625</ele><time>2026-04-12T17:07:26Z</time></rtept><rtept lat="37.728861" lon="-107.54275"><ele>3813.59765625</ele><time>2026-04-12T17:07:26Z</time></rtept><rtept lat="37.728778" lon="-107.542694"><ele>3813.8984375</ele><time>2026-04-12T17:07:26Z</time></rtept><rtept lat="37.728639" lon="-107.542694"><ele>3814.796875</ele><time>2026-04-12T17:07:26Z</time></rtept><rtept lat="37.728472" lon="-107.542694"><ele>3816.0</ele><time>2026-04-12T17:07:26Z</time></rtept><rtept lat="37.728194" lon="-107.542694"><ele>3817.69921875</ele><time>2026-04-12T17:07:26Z</time></rtept><rtept lat="37.727944" lon="-107.542694"><ele>3820.3984375</ele><time>2026-04-12T17:07:26Z</time></rtept><rtept lat="37.727694" lon="-107.542667"><ele>3824.5</ele><time>2026-04-12T17:07:26Z</time></rtept><rtept lat="37.727427" lon="-107.542651"><ele>3828.796875</ele><time>2026-04-12T17:07:26Z</time></rtept><rtept lat="37.727083" lon="-107.542639"><ele>3832.5</ele><time>2026-04-12T17:07:26Z</time></rtept><rtept lat="37.726778" lon="-107.542639"><ele>3836.0</ele><time>2026-04-12T17:07:26Z</time></rtept><rtept lat="37.726528" lon="-107.542611"><ele>3841.796875</ele><time>2026-04-12T17:07:26Z</time></rtept><rtept lat="37.726319" lon="-107.542609"><ele>3845.09765625</ele><time>2026-04-12T17:07:26Z</time></rtept><rtept lat="37.725891" lon="-107.542581"><ele>3853.09765625</ele><time>2026-04-12T17:07:26Z</time></rtept><rtept lat="37.725551" lon="-107.542537"><ele>3860.796875</ele><time>2026-04-12T17:07:26Z</time></rtept><rtept lat="37.725149" lon="-107.542554"><ele>3868.59765625</ele><time>2026-04-12T17:07:26Z</time></rtept><rtept lat="37.724577" lon="-107.541643"><ele>3876.796875</ele><time>2026-04-12T17:07:26Z</time></rtept><rtept lat="37.724536" lon="-107.541019"><ele>3873.59765625</ele><time>2026-04-12T17:07:26Z</time></rtept><rtept lat="37.724278" lon="-107.540235"><ele>3871.8984375</ele><time>2026-04-12T17:07:26Z</time></rtept><rtept lat="37.72423" lon="-107.539416"><ele>3869.3984375</ele><time>2026-04-12T17:07:26Z</time></rtept><rtept lat="37.724278" lon="-107.539194"><ele>3867.3984375</ele><time>2026-04-12T17:07:26Z</time></rtept><rtept lat="37.724333" lon="-107.538806"><ele>3864.5</ele><time>2026-04-12T17:07:26Z</time></rtept><rtept lat="37.724333" lon="-107.538444"><ele>3862.59765625</ele><time>2026-04-12T17:07:26Z</time></rtept><rtept lat="37.724353" lon="-107.538048"><ele>3860.69921875</ele><time>2026-04-12T17:07:26Z</time></rtept><rtept lat="37.72432" lon="-107.537667"><ele>3859.5</ele><time>2026-04-12T17:07:26Z</time></rtept><rtept lat="37.724268" lon="-107.537504"><ele>3859.0</ele><time>2026-04-12T17:07:26Z</time></rtept><rtept lat="37.723975" lon="-107.537021"><ele>3856.8984375</ele><time>2026-04-12T17:07:26Z</time></rtept><rtept lat="37.723778" lon="-107.536861"><ele>3854.8984375</ele><time>2026-04-12T17:07:26Z</time></rtept><rtept lat="37.723455" lon="-107.536711"><ele>3852.09765625</ele><time>2026-04-12T17:07:26Z</time></rtept><rtept lat="37.723087" lon="-107.536595"><ele>3852.5</ele><time>2026-04-12T17:07:26Z</time></rtept><rtept lat="37.722621" lon="-107.5365"><ele>3856.0</ele><time>2026-04-12T17:07:26Z</time></rtept><rtept lat="37.722399" lon="-107.536407"><ele>3856.796875</ele><time>2026-04-12T17:07:26Z</time></rtept><rtept lat="37.722137" lon="-107.536234"><ele>3858.59765625</ele><time>2026-04-12T17:07:26Z</time></rtept><rtept lat="37.721796" lon="-107.536231"><ele>3861.19921875</ele><time>2026-04-12T17:07:26Z</time></rtept><rtept lat="37.7215" lon="-107.536194"><ele>3864.296875</ele><time>2026-04-12T17:07:26Z</time></rtept><rtept lat="37.721299" lon="-107.536166"><ele>3866.0</ele><time>2026-04-12T17:07:26Z</time></rtept><rtept lat="37.72106" lon="-107.536161"><ele>3867.296875</ele><time>2026-04-12T17:07:26Z</time></rtept><rtept lat="37.720792" lon="-107.53616"><ele>3867.8984375</ele><time>2026-04-12T17:07:26Z</time></rtept><rtept lat="37.720596" lon="-107.53616"><ele>3868.0</ele><time>2026-04-12T17:07:26Z</time></rtept><rtept lat="37.720237" lon="-107.536215"><ele>3868.19921875</ele><time>2026-04-12T17:07:26Z</time></rtept><rtept lat="37.719916" lon="-107.5363"><ele>3869.19921875</ele><time>2026-04-12T17:07:26Z</time></rtept><rtept lat="37.71975" lon="-107.536306"><ele>3869.3984375</ele><time>2026-04-12T17:07:26Z</time></rtept><rtept lat="37.719148" lon="-107.536211"><ele>3869.59765625</ele><time>2026-04-12T17:07:26Z</time></rtept><rtept lat="37.718896" lon="-107.536187"><ele>3869.8984375</ele><time>2026-04-12T17:07:26Z</time></rtept><rtept lat="37.718712" lon="-107.536166"><ele>3870.0</ele><time>2026-04-12T17:07:26Z</time></rtept><rtept lat="37.718509" lon="-107.536112"><ele>3871.0</ele><time>2026-04-12T17:07:26Z</time></rtept><rtept lat="37.718361" lon="-107.53609"><ele>3870.69921875</ele><time>2026-04-12T17:07:26Z</time></rtept><rtept lat="37.718787" lon="-107.536663"><ele>3857.296875</ele><time>2026-04-12T17:07:26Z</time></rtept><rtept lat="37.718503" lon="-107.536572"><ele>3855.59765625</ele><time>2026-04-12T17:07:26Z</time></rtept><rtept lat="37.718713" lon="-107.536862"><ele>3846.09765625</ele><time>2026-04-12T17:07:26Z</time></rtept><rtept lat="37.718414" lon="-107.536652"><ele>3850.59765625</ele><time>2026-04-12T17:07:26Z</time></rtept><rtept lat="37.718578" lon="-107.536926"><ele>3840.0</ele><time>2026-04-12T17:07:26Z</time></rtept><rtept lat="37.718516" lon="-107.536915"><ele>3839.19921875</ele><time>2026-04-12T17:07:26Z</time></rtept><rtept lat="37.718232" lon="-107.536819"><ele>3839.8984375</ele><time>2026-04-12T17:07:26Z</time></rtept><rtept lat="37.717799" lon="-107.537028"><ele>3829.69921875</ele><time>2026-04-12T17:07:26Z</time></rtept><rtept lat="37.718058" lon="-107.537071"><ele>3828.3984375</ele><time>2026-04-12T17:07:26Z</time></rtept><rtept lat="37.717795" lon="-107.537173"><ele>3821.3984375</ele><time>2026-04-12T17:07:26Z</time></rtept><rtept lat="37.71802" lon="-107.537216"><ele>3820.5</ele><time>2026-04-12T17:07:26Z</time></rtept><rtept lat="37.717786" lon="-107.53735"><ele>3812.3984375</ele><time>2026-04-12T17:07:26Z</time></rtept><rtept lat="37.71807" lon="-107.537371"><ele>3814.5</ele><time>2026-04-12T17:07:26Z</time></rtept><rtept lat="37.717828" lon="-107.537559"><ele>3804.296875</ele><time>2026-04-12T17:07:26Z</time></rtept><rtept lat="37.718121" lon="-107.537597"><ele>3805.8984375</ele><time>2026-04-12T17:07:26Z</time></rtept><rtept lat="37.717892" lon="-107.537758"><ele>3798.19921875</ele><time>2026-04-12T17:07:26Z</time></rtept><rtept lat="37.718183" lon="-107.537827"><ele>3798.19921875</ele><time>2026-04-12T17:07:26Z</time></rtept><rtept lat="37.717833" lon="-107.537913"><ele>3791.69921875</ele><time>2026-04-12T17:07:26Z</time></rtept><rtept lat="37.71824" lon="-107.538165"><ele>3789.0</ele><time>2026-04-12T17:07:26Z</time></rtept><rtept lat="37.717922" lon="-107.538171"><ele>3784.296875</ele><time>2026-04-12T17:07:26Z</time></rtept><rtept lat="37.718126" lon="-107.538332"><ele>3783.69921875</ele><time>2026-04-12T17:07:26Z</time></rtept><rtept lat="37.718274" lon="-107.538578"><ele>3779.09765625</ele><time>2026-04-12T17:07:26Z</time></rtept><rtept lat="37.718104" lon="-107.538492"><ele>3777.5</ele><time>2026-04-12T17:07:26Z</time></rtept><rtept lat="37.718217" lon="-107.538702"><ele>3773.796875</ele><time>2026-04-12T17:07:26Z</time></rtept><rtept lat="37.717718" lon="-107.538342"><ele>3770.8984375</ele><time>2026-04-12T17:07:26Z</time></rtept><rtept lat="37.717793" lon="-107.538557"><ele>3761.69921875</ele><time>2026-04-12T17:07:26Z</time></rtept><rtept lat="37.717604" lon="-107.538417"><ele>3762.8984375</ele><time>2026-04-12T17:07:26Z</time></rtept><rtept lat="37.717718" lon="-107.538616"><ele>3755.8984375</ele><time>2026-04-12T17:07:26Z</time></rtept><rtept lat="37.717565" lon="-107.538568"><ele>3756.19921875</ele><time>2026-04-12T17:07:26Z</time></rtept><rtept lat="37.717693" lon="-107.538728"><ele>3750.8984375</ele><time>2026-04-12T17:07:26Z</time></rtept><rtept lat="37.71765" lon="-107.538768"><ele>3747.796875</ele><time>2026-04-12T17:07:26Z</time></rtept><rtept lat="37.717582" lon="-107.538831"><ele>3747.3984375</ele><time>2026-04-12T17:07:26Z</time></rtept><rtept lat="37.717613" lon="-107.539329"><ele>3735.796875</ele><time>2026-04-12T17:07:26Z</time></rtept><rtept lat="37.717592" lon="-107.539761"><ele>3725.8984375</ele><time>2026-04-12T17:07:26Z</time></rtept><rtept lat="37.7175" lon="-107.540043"><ele>3720.296875</ele><time>2026-04-12T17:07:26Z</time></rtept><rtept lat="37.717522" lon="-107.540331"><ele>3715.09765625</ele><time>2026-04-12T17:07:26Z</time></rtept><rtept lat="37.717305" lon="-107.541032"><ele>3704.3984375</ele><time>2026-04-12T17:07:26Z</time></rtept><rtept lat="37.717203" lon="-107.54112"><ele>3704.69921875</ele><time>2026-04-12T17:07:26Z</time></rtept><rtept lat="37.717302" lon="-107.541829"><ele>3694.5</ele><time>2026-04-12T17:07:26Z</time></rtept><rtept lat="37.71725" lon="-107.542341"><ele>3692.5</ele><time>2026-04-12T17:07:26Z</time></rtept><rtept lat="37.717209" lon="-107.542744"><ele>3691.5</ele><time>2026-04-12T17:07:26Z</time></rtept><rtept lat="37.717099" lon="-107.543143"><ele>3689.296875</ele><time>2026-04-12T17:07:26Z</time></rtept><rtept lat="37.716899" lon="-107.543409"><ele>3681.8984375</ele><time>2026-04-12T17:07:26Z</time></rtept><rtept lat="37.716795" lon="-107.54375"><ele>3672.3984375</ele><time>2026-04-12T17:07:26Z</time></rtept><rtept lat="37.716757" lon="-107.54412"><ele>3668.5</ele><time>2026-04-12T17:07:26Z</time></rtept><rtept lat="37.71673" lon="-107.544216"><ele>3665.59765625</ele><time>2026-04-12T17:07:26Z</time></rtept><rtept lat="37.716753" lon="-107.544517"><ele>3659.3984375</ele><time>2026-04-12T17:07:26Z</time></rtept><rtept lat="37.716747" lon="-107.545399"><ele>3632.09765625</ele><time>2026-04-12T17:07:26Z</time></rtept><rtept lat="37.716746" lon="-107.545573"><ele>3624.296875</ele><time>2026-04-12T17:07:26Z</time></rtept><rtept lat="37.716746" lon="-107.54604"><ele>3621.8984375</ele><time>2026-04-12T17:07:26Z</time></rtept><rtept lat="37.716664" lon="-107.546472"><ele>3601.296875</ele><time>2026-04-12T17:07:26Z</time></rtept><rtept lat="37.716637" lon="-107.54668"><ele>3596.0</ele><time>2026-04-12T17:07:26Z</time></rtept><rtept lat="37.716615" lon="-107.546845"><ele>3593.09765625</ele><time>2026-04-12T17:07:26Z</time></rtept><rtept lat="37.71667" lon="-107.547473"><ele>3584.8984375</ele><time>2026-04-12T17:07:26Z</time></rtept><rtept lat="37.716701" lon="-107.547568"><ele>3582.8984375</ele><time>2026-04-12T17:07:26Z</time></rtept><rtept lat="37.716798" lon="-107.547868"><ele>3574.796875</ele><time>2026-04-12T17:07:26Z</time></rtept><rtept lat="37.716782" lon="-107.547941"><ele>3574.5</ele><time>2026-04-12T17:07:26Z</time></rtept><rtept lat="37.716761" lon="-107.548031"><ele>3574.0</ele><time>2026-04-12T17:07:26Z</time></rtept><rtept lat="37.716802" lon="-107.548339"><ele>3570.19921875</ele><time>2026-04-12T17:07:26Z</time></rtept><rtept lat="37.71677" lon="-107.548433"><ele>3571.09765625</ele><time>2026-04-12T17:07:26Z</time></rtept><rtept lat="37.716855" lon="-107.548682"><ele>3568.0</ele><time>2026-04-12T17:07:26Z</time></rtept><rtept lat="37.716974" lon="-107.548811"><ele>3565.09765625</ele><time>2026-04-12T17:07:26Z</time></rtept><rtept lat="37.717284" lon="-107.549313"><ele>3556.69921875</ele><time>2026-04-12T17:07:26Z</time></rtept><rtept lat="37.717479" lon="-107.549834"><ele>3559.0</ele><time>2026-04-12T17:07:26Z</time></rtept><rtept lat="37.717462" lon="-107.551593"><ele>3536.296875</ele><time>2026-04-12T17:07:26Z</time></rtept><rtept lat="37.717419" lon="-107.553117"><ele>3527.5</ele><time>2026-04-12T17:07:26Z</time></rtept><rtept lat="37.717368" lon="-107.553524"><ele>3519.59765625</ele><time>2026-04-12T17:07:26Z</time></rtept><rtept lat="37.717461" lon="-107.553796"><ele>3528.19921875</ele><time>2026-04-12T17:07:26Z</time></rtept><rtept lat="37.717571" lon="-107.55518"><ele>3512.8984375</ele><time>2026-04-12T17:07:26Z</time></rtept><rtept lat="37.717521" lon="-107.556024"><ele>3501.796875</ele><time>2026-04-12T17:07:26Z</time></rtept><rtept lat="37.717733" lon="-107.556961"><ele>3497.8984375</ele><time>2026-04-12T17:07:26Z</time></rtept><rtept lat="37.717716" lon="-107.558055"><ele>3488.59765625</ele><time>2026-04-12T17:07:26Z</time></rtept><rtept lat="37.71786" lon="-107.55857"><ele>3477.8984375</ele><time>2026-04-12T17:07:26Z</time></rtept><rtept lat="37.718225" lon="-107.559171"><ele>3461.09765625</ele><time>2026-04-12T17:07:26Z</time></rtept><rtept lat="37.718353" lon="-107.559747"><ele>3442.59765625</ele><time>2026-04-12T17:07:26Z</time></rtept><rtept lat="37.71848" lon="-107.559972"><ele>3441.59765625</ele><time>2026-04-12T17:07:26Z</time></rtept><rtept lat="37.718458" lon="-107.560249"><ele>3434.59765625</ele><time>2026-04-12T17:07:26Z</time></rtept><rtept lat="37.718429" lon="-107.560616"><ele>3425.09765625</ele><time>2026-04-12T17:07:26Z</time></rtept><rtept lat="37.718142" lon="-107.56048"><ele>3409.296875</ele><time>2026-04-12T17:07:26Z</time></rtept><rtept lat="37.717529" lon="-107.56019"><ele>3391.8984375</ele><time>2026-04-12T17:07:26Z</time></rtept><rtept lat="37.717318" lon="-107.560412"><ele>3379.59765625</ele><time>2026-04-12T17:07:26Z</time></rtept><rtept lat="37.717413" lon="-107.561082"><ele>3369.09765625</ele><time>2026-04-12T17:07:26Z</time></rtept><rtept lat="37.717436" lon="-107.561249"><ele>3365.3984375</ele><time>2026-04-12T17:07:26Z</time></rtept><rtept lat="37.717903" lon="-107.561764"><ele>3350.19921875</ele><time>2026-04-12T17:07:26Z</time></rtept><rtept lat="37.717936" lon="-107.562089"><ele>3341.5</ele><time>2026-04-12T17:07:26Z</time></rtept><rtept lat="37.717385" lon="-107.562258"><ele>3326.296875</ele><time>2026-04-12T17:07:26Z</time></rtept><rtept lat="37.717139" lon="-107.562536"><ele>3313.296875</ele><time>2026-04-12T17:07:26Z</time></rtept><rtept lat="37.717282" lon="-107.563196"><ele>3300.19921875</ele><time>2026-04-12T17:07:26Z</time></rtept><rtept lat="37.717474" lon="-107.56387"><ele>3285.0</ele><time>2026-04-12T17:07:26Z</time></rtept><rtept lat="37.71775" lon="-107.564296"><ele>3277.3984375</ele><time>2026-04-12T17:07:26Z</time></rtept><rtept lat="37.717909" lon="-107.564647"><ele>3269.8984375</ele><time>2026-04-12T17:07:26Z</time></rtept><rtept lat="37.717964" lon="-107.564702"><ele>3270.59765625</ele><time>2026-04-12T17:07:26Z</time></rtept><rtept lat="37.718297" lon="-107.565036"><ele>3275.69921875</ele><time>2026-04-12T17:07:26Z</time></rtept><rtept lat="37.718669" lon="-107.565436"><ele>3269.296875</ele><time>2026-04-12T17:07:26Z</time></rtept><rtept lat="37.718762" lon="-107.565642"><ele>3263.5</ele><time>2026-04-12T17:07:26Z</time></rtept><rtept lat="37.719185" lon="-107.56597"><ele>3260.5</ele><time>2026-04-12T17:07:26Z</time></rtept><rtept lat="37.719606" lon="-107.566298"><ele>3256.59765625</ele><time>2026-04-12T17:07:26Z</time></rtept><rtept lat="37.720092" lon="-107.567303"><ele>3244.0</ele><time>2026-04-12T17:07:26Z</time></rtept><rtept lat="37.720389" lon="-107.567592"><ele>3241.296875</ele><time>2026-04-12T17:07:26Z</time></rtept><rtept lat="37.720564" lon="-107.567648"><ele>3244.296875</ele><time>2026-04-12T17:07:26Z</time></rtept><rtept lat="37.720695" lon="-107.567799"><ele>3241.296875</ele><time>2026-04-12T17:07:26Z</time></rtept><rtept lat="37.72089" lon="-107.568075"><ele>3236.0</ele><time>2026-04-12T17:07:26Z</time></rtept><rtept lat="37.721311" lon="-107.568346"><ele>3237.3984375</ele><time>2026-04-12T17:07:26Z</time></rtept><rtept lat="37.72154" lon="-107.569212"><ele>3226.5</ele><time>2026-04-12T17:07:26Z</time></rtept><rtept lat="37.722587" lon="-107.570447"><ele>3216.5</ele><time>2026-04-12T17:07:26Z</time></rtept><rtept lat="37.723059" lon="-107.570793"><ele>3214.59765625</ele><time>2026-04-12T17:07:26Z</time></rtept><rtept lat="37.723474" lon="-107.57168"><ele>3202.59765625</ele><time>2026-04-12T17:07:26Z</time></rtept><rtept lat="37.723686" lon="-107.572032"><ele>3199.796875</ele><time>2026-04-12T17:07:26Z</time></rtept><rtept lat="37.723848" lon="-107.5722"><ele>3199.8984375</ele><time>2026-04-12T17:07:26Z</time></rtept><rtept lat="37.723892" lon="-107.572463"><ele>3194.0</ele><time>2026-04-12T17:07:26Z</time></rtept><rtept lat="37.724009" lon="-107.572578"><ele>3193.296875</ele><time>2026-04-12T17:07:26Z</time></rtept><rtept lat="37.724016" lon="-107.572605"><ele>3192.8984375</ele><time>2026-04-12T17:07:26Z</time></rtept><rtept lat="37.724063" lon="-107.572789"><ele>3190.796875</ele><time>2026-04-12T17:07:26Z</time></rtept><rtept lat="37.724209" lon="-107.572988"><ele>3193.59765625</ele><time>2026-04-12T17:07:26Z</time></rtept><rtept lat="37.724453" lon="-107.573233"><ele>3194.19921875</ele><time>2026-04-12T17:07:26Z</time></rtept><rtept lat="37.724881" lon="-107.573769"><ele>3184.69921875</ele><time>2026-04-12T17:07:26Z</time></rtept><rtept lat="37.725009" lon="-107.573963"><ele>3180.3984375</ele><time>2026-04-12T17:07:26Z</time></rtept><rtept lat="37.725138" lon="-107.57416"><ele>3178.19921875</ele><time>2026-04-12T17:07:26Z</time></rtept><rtept lat="37.725585" lon="-107.574946"><ele>3170.3984375</ele><time>2026-04-12T17:07:26Z</time></rtept><rtept lat="37.725818" lon="-107.575166"><ele>3168.796875</ele><time>2026-04-12T17:07:26Z</time></rtept><rtept lat="37.725901" lon="-107.575458"><ele>3161.59765625</ele><time>2026-04-12T17:07:26Z</time></rtept><rtept lat="37.725905" lon="-107.575724"><ele>3157.19921875</ele><time>2026-04-12T17:07:26Z</time></rtept><rtept lat="37.725883" lon="-107.575936"><ele>3154.09765625</ele><time>2026-04-12T17:07:26Z</time></rtept><rtept lat="37.725935" lon="-107.576166"><ele>3154.09765625</ele><time>2026-04-12T17:07:26Z</time></rtept><rtept lat="37.726043" lon="-107.576435"><ele>3153.59765625</ele><time>2026-04-12T17:07:26Z</time></rtept><rtept lat="37.726154" lon="-107.576701"><ele>3152.796875</ele><time>2026-04-12T17:07:26Z</time></rtept><rtept lat="37.726528" lon="-107.576694"><ele>3157.796875</ele><time>2026-04-12T17:07:26Z</time></rtept><rtept lat="37.726729" lon="-107.576437"><ele>3164.8984375</ele><time>2026-04-12T17:07:26Z</time></rtept><rtept lat="37.726792" lon="-107.576442"><ele>3165.5</ele><time>2026-04-12T17:07:26Z</time></rtept><rtept lat="37.72682" lon="-107.576508"><ele>3166.0</ele><time>2026-04-12T17:07:26Z</time></rtept><rtept lat="37.726595" lon="-107.576963"><ele>3157.0</ele><time>2026-04-12T17:07:26Z</time></rtept><rtept lat="37.726287" lon="-107.577284"><ele>3149.69921875</ele><time>2026-04-12T17:07:26Z</time></rtept><rtept lat="37.726243" lon="-107.577562"><ele>3148.3984375</ele><time>2026-04-12T17:07:26Z</time></rtept><rtept lat="37.726245" lon="-107.577962"><ele>3145.69921875</ele><time>2026-04-12T17:07:26Z</time></rtept><rtept lat="37.726084" lon="-107.578487"><ele>3142.796875</ele><time>2026-04-12T17:07:26Z</time></rtept><rtept lat="37.726018" lon="-107.578777"><ele>3141.59765625</ele><time>2026-04-12T17:07:26Z</time></rtept><rtept lat="37.72605" lon="-107.579134"><ele>3140.3984375</ele><time>2026-04-12T17:07:26Z</time></rtept><rtept lat="37.726169" lon="-107.579713"><ele>3139.796875</ele><time>2026-04-12T17:07:26Z</time></rtept><rtept lat="37.726217" lon="-107.580214"><ele>3139.09765625</ele><time>2026-04-12T17:07:26Z</time></rtept><rtept lat="37.725944" lon="-107.580705"><ele>3136.8984375</ele><time>2026-04-12T17:07:26Z</time></rtept><rtept lat="37.725978" lon="-107.581087"><ele>3136.0</ele><time>2026-04-12T17:07:26Z</time></rtept><rtept lat="37.726154" lon="-107.581526"><ele>3134.69921875</ele><time>2026-04-12T17:07:26Z</time></rtept><rtept lat="37.726069" lon="-107.5821"><ele>3133.3984375</ele><time>2026-04-12T17:07:26Z</time></rtept><rtept lat="37.726175" lon="-107.582709"><ele>3131.0</ele><time>2026-04-12T17:07:26Z</time></rtept><rtept lat="37.726173" lon="-107.582969"><ele>3130.0</ele><time>2026-04-12T17:07:26Z</time></rtept><rtept lat="37.726141" lon="-107.583241"><ele>3127.296875</ele><time>2026-04-12T17:07:26Z</time></rtept><rtept lat="37.725691" lon="-107.583822"><ele>3124.796875</ele><time>2026-04-12T17:07:26Z</time></rtept><rtept lat="37.725445" lon="-107.584093"><ele>3124.3984375</ele><time>2026-04-12T17:07:26Z</time></rtept><rtept lat="37.725303" lon="-107.584367"><ele>3123.19921875</ele><time>2026-04-12T17:07:26Z</time></rtept><rtept lat="37.725114" lon="-107.58466"><ele>3123.69921875</ele><time>2026-04-12T17:07:26Z</time></rtept><rtept lat="37.725123" lon="-107.585228"><ele>3123.09765625</ele><time>2026-04-12T17:07:26Z</time></rtept><rtept lat="37.725186" lon="-107.585453"><ele>3122.296875</ele><time>2026-04-12T17:07:26Z</time></rtept><rtept lat="37.725159" lon="-107.585705"><ele>3121.5</ele><time>2026-04-12T17:07:26Z</time></rtept><rtept lat="37.72523" lon="-107.585923"><ele>3121.69921875</ele><time>2026-04-12T17:07:26Z</time></rtept><rtept lat="37.72511" lon="-107.586075"><ele>3121.19921875</ele><time>2026-04-12T17:07:26Z</time></rtept><rtept lat="37.725084" lon="-107.586156"><ele>3121.5</ele><time>2026-04-12T17:07:26Z</time></rtept><rtept lat="37.724998" lon="-107.586421"><ele>3121.69921875</ele><time>2026-04-12T17:07:26Z</time></rtept><rtept lat="37.724942" lon="-107.586776"><ele>3123.19921875</ele><time>2026-04-12T17:07:26Z</time></rtept><rtept lat="37.724753" lon="-107.587312"><ele>3121.796875</ele><time>2026-04-12T17:07:26Z</time></rtept><rtept lat="37.724838" lon="-107.588025"><ele>3130.09765625</ele><time>2026-04-12T17:07:26Z</time></rtept><rtept lat="37.724846" lon="-107.588393"><ele>3132.5</ele><time>2026-04-12T17:07:26Z</time></rtept><rtept lat="37.724666" lon="-107.588816"><ele>3126.0</ele><time>2026-04-12T17:07:26Z</time></rtept><rtept lat="37.724504" lon="-107.589118"><ele>3122.69921875</ele><time>2026-04-12T17:07:26Z</time></rtept><rtept lat="37.724458" lon="-107.589231"><ele>3122.19921875</ele><time>2026-04-12T17:07:26Z</time></rtept><rtept lat="37.724409" lon="-107.589352"><ele>3121.69921875</ele><time>2026-04-12T17:07:26Z</time></rtept><rtept lat="37.724401" lon="-107.58972"><ele>3123.296875</ele><time>2026-04-12T17:07:26Z</time></rtept><rtept lat="37.724255" lon="-107.590399"><ele>3119.8984375</ele><time>2026-04-12T17:07:26Z</time></rtept><rtept lat="37.724327" lon="-107.590616"><ele>3121.796875</ele><time>2026-04-12T17:07:26Z</time></rtept><rtept lat="37.724289" lon="-107.590764"><ele>3121.5</ele><time>2026-04-12T17:07:26Z</time></rtept><rtept lat="37.72418" lon="-107.591072"><ele>3121.8984375</ele><time>2026-04-12T17:07:26Z</time></rtept><rtept lat="37.72402" lon="-107.591372"><ele>3120.796875</ele><time>2026-04-12T17:07:26Z</time></rtept><rtept lat="37.723916" lon="-107.591595"><ele>3120.09765625</ele><time>2026-04-12T17:07:26Z</time></rtept><rtept lat="37.723788" lon="-107.5919"><ele>3119.3984375</ele><time>2026-04-12T17:07:26Z</time></rtept><rtept lat="37.723734" lon="-107.592381"><ele>3119.8984375</ele><time>2026-04-12T17:07:26Z</time></rtept><rtept lat="37.723597" lon="-107.592675"><ele>3119.59765625</ele><time>2026-04-12T17:07:26Z</time></rtept><rtept lat="37.723511" lon="-107.593032"><ele>3119.296875</ele><time>2026-04-12T17:07:26Z</time></rtept><rtept lat="37.723435" lon="-107.593262"><ele>3118.796875</ele><time>2026-04-12T17:07:26Z</time></rtept><rtept lat="37.723429" lon="-107.593475"><ele>3118.69921875</ele><time>2026-04-12T17:07:26Z</time></rtept><rtept lat="37.723483" lon="-107.593606"><ele>3119.09765625</ele><time>2026-04-12T17:07:26Z</time></rtept><rtept lat="37.723435" lon="-107.593896"><ele>3118.796875</ele><time>2026-04-12T17:07:26Z</time></rtept><rtept lat="37.723463" lon="-107.594299"><ele>3118.8984375</ele><time>2026-04-12T17:07:26Z</time></rtept><rtept lat="37.723421" lon="-107.594699"><ele>3117.69921875</ele><time>2026-04-12T17:07:26Z</time></rtept><rtept lat="37.723407" lon="-107.595294"><ele>3113.8984375</ele><time>2026-04-12T17:07:26Z</time></rtept><rtept lat="37.723354" lon="-107.595864"><ele>3112.09765625</ele><time>2026-04-12T17:07:26Z</time></rtept><rtept lat="37.723351" lon="-107.596324"><ele>3110.3984375</ele><time>2026-04-12T17:07:26Z</time></rtept><rtept lat="37.723161" lon="-107.596897"><ele>3109.8984375</ele><time>2026-04-12T17:07:26Z</time></rtept><rtept lat="37.723192" lon="-107.597425"><ele>3107.296875</ele><time>2026-04-12T17:07:26Z</time></rtept><rtept lat="37.723069" lon="-107.598019"><ele>3108.3984375</ele><time>2026-04-12T17:07:26Z</time></rtept><rtept lat="37.723071" lon="-107.598552"><ele>3108.09765625</ele><time>2026-04-12T17:07:26Z</time></rtept><rtept lat="37.722929" lon="-107.598882"><ele>3106.19921875</ele><time>2026-04-12T17:07:26Z</time></rtept><rtept lat="37.723034" lon="-107.599487"><ele>3107.796875</ele><time>2026-04-12T17:07:26Z</time></rtept><rtept lat="37.723022" lon="-107.599858"><ele>3107.3984375</ele><time>2026-04-12T17:07:26Z</time></rtept><rtept lat="37.722897" lon="-107.600215"><ele>3100.3984375</ele><time>2026-04-12T17:07:26Z</time></rtept><rtept lat="37.72284" lon="-107.600618"><ele>3098.5</ele><time>2026-04-12T17:07:26Z</time></rtept><rtept lat="37.722698" lon="-107.600822"><ele>3094.796875</ele><time>2026-04-12T17:07:26Z</time></rtept><rtept lat="37.72262" lon="-107.600812"><ele>3091.09765625</ele><time>2026-04-12T17:07:26Z</time></rtept><rtept lat="37.722503" lon="-107.600763"><ele>3089.59765625</ele><time>2026-04-12T17:07:26Z</time></rtept><rtept lat="37.72232" lon="-107.600707"><ele>3086.5</ele><time>2026-04-12T17:07:26Z</time></rtept><rtept lat="37.722064" lon="-107.600586"><ele>3084.8984375</ele><time>2026-04-12T17:07:26Z</time></rtept><rtept lat="37.722008" lon="-107.600559"><ele>3085.0</ele><time>2026-04-12T17:07:26Z</time></rtept><rtept lat="37.721872" lon="-107.600599"><ele>3084.69921875</ele><time>2026-04-12T17:07:26Z</time></rtept><rtept lat="37.721802" lon="-107.600838"><ele>3083.0</ele><time>2026-04-12T17:07:26Z</time></rtept><rtept lat="37.721717" lon="-107.601092"><ele>3083.296875</ele><time>2026-04-12T17:07:26Z</time></rtept><rtept lat="37.721508" lon="-107.601391"><ele>3082.796875</ele><time>2026-04-12T17:07:26Z</time></rtept><rtept lat="37.721447" lon="-107.601698"><ele>3082.796875</ele><time>2026-04-12T17:07:26Z</time></rtept><rtept lat="37.721434" lon="-107.601877"><ele>3082.09765625</ele><time>2026-04-12T17:07:26Z</time></rtept><rtept lat="37.721578" lon="-107.602108"><ele>3082.09765625</ele><time>2026-04-12T17:07:26Z</time></rtept><rtept lat="37.721597" lon="-107.60254"><ele>3076.796875</ele><time>2026-04-12T17:07:26Z</time></rtept><rtept lat="37.721527" lon="-107.602569"><ele>3075.5</ele><time>2026-04-12T17:07:26Z</time></rtept><rtept lat="37.721506" lon="-107.602912"><ele>3073.5</ele><time>2026-04-12T17:07:26Z</time></rtept><rtept lat="37.721423" lon="-107.603033"><ele>3073.09765625</ele><time>2026-04-12T17:07:26Z</time></rtept><rtept lat="37.721374" lon="-107.603344"><ele>3071.8984375</ele><time>2026-04-12T17:07:26Z</time></rtept><rtept lat="37.721294" lon="-107.603457"><ele>3071.296875</ele><time>2026-04-12T17:07:26Z</time></rtept><rtept lat="37.721272" lon="-107.603596"><ele>3071.09765625</ele><time>2026-04-12T17:07:26Z</time></rtept><rtept lat="37.721253" lon="-107.603811"><ele>3070.296875</ele><time>2026-04-12T17:07:26Z</time></rtept><rtept lat="37.721207" lon="-107.604093"><ele>3068.3984375</ele><time>2026-04-12T17:07:26Z</time></rtept><rtept lat="37.721258" lon="-107.604315"><ele>3067.0</ele><time>2026-04-12T17:07:26Z</time></rtept><rtept lat="37.721296" lon="-107.604798"><ele>3064.296875</ele><time>2026-04-12T17:07:26Z</time></rtept><rtept lat="37.721207" lon="-107.605093"><ele>3061.796875</ele><time>2026-04-12T17:07:26Z</time></rtept><rtept lat="37.721139" lon="-107.605375"><ele>3060.296875</ele><time>2026-04-12T17:07:26Z</time></rtept><rtept lat="37.721128" lon="-107.605933"><ele>3055.796875</ele><time>2026-04-12T17:07:26Z</time></rtept><rtept lat="37.721026" lon="-107.606294"><ele>3051.296875</ele><time>2026-04-12T17:07:26Z</time></rtept><rtept lat="37.721069" lon="-107.60663"><ele>3051.09765625</ele><time>2026-04-12T17:07:26Z</time></rtept><rtept lat="37.721052" lon="-107.606767"><ele>3050.59765625</ele><time>2026-04-12T17:07:26Z</time></rtept><rtept lat="37.721081" lon="-107.606954"><ele>3050.5</ele><time>2026-04-12T17:07:26Z</time></rtept></rte></gpx>