<?xml version="1.0" ?><gpx xmlns="http://www.topografix.com/GPX/1/1" creator="GaiaGPS" version="1.1" xmlns:xsi="http://www.w3.org/2001/XMLSchema-instance" xsi:schemaLocation="http://www.topografix.com/GPX/1/1 http://www.topografix.com/GPX/1/1/gpx.xsd"><rte><name>TD19:S5:D2 Elk Creek to Ute Lake</name><desc></desc><extensions><line xmlns="http://www.topografix.com/GPX/gpx_style/0/2"><color>BAF200</color></line></extensions><rtept lat="37.719858" lon="-107.545005"><ele>3720.2</ele><time>2026-04-10T15:54:04Z</time></rtept><rtept lat="37.719589" lon="-107.545002"><ele>3718.8</ele><time>2026-04-10T15:54:04Z</time></rtept><rtept lat="37.719319" lon="-107.544999"><ele>3718.2</ele><time>2026-04-10T15:54:04Z</time></rtept><rtept lat="37.719049" lon="-107.544996"><ele>3718.4</ele><time>2026-04-10T15:54:04Z</time></rtept><rtept lat="37.718779" lon="-107.544993"><ele>3719.6</ele><time>2026-04-10T15:54:04Z</time></rtept><rtept lat="37.718509" lon="-107.54499"><ele>3720.2</ele><time>2026-04-10T15:54:04Z</time></rtept><rtept lat="37.71824" lon="-107.544987"><ele>3719.6</ele><time>2026-04-10T15:54:04Z</time></rtept><rtept lat="37.71797" lon="-107.544984"><ele>3717.6</ele><time>2026-04-10T15:54:04Z</time></rtept><rtept lat="37.7177" lon="-107.544981"><ele>3714.2</ele><time>2026-04-10T15:54:04Z</time></rtept><rtept lat="37.71743" lon="-107.544978"><ele>3711.0</ele><time>2026-04-10T15:54:04Z</time></rtept><rtept lat="37.717161" lon="-107.544975"><ele>3697.8</ele><time>2026-04-10T15:54:04Z</time></rtept><rtept lat="37.716891" lon="-107.544973"><ele>3654.6</ele><time>2026-04-10T15:54:04Z</time></rtept><rtept lat="37.71675" lon="-107.544971"><ele>3644.0</ele><time>2026-04-10T15:54:04Z</time></rtept><rtept lat="37.716747" lon="-107.545358"><ele>3628.0</ele><time>2026-04-10T15:54:04Z</time></rtept><rtept lat="37.716747" lon="-107.545358"><ele>3628.0</ele><time>2026-04-10T15:54:04Z</time></rtept><rtept lat="37.716753" lon="-107.544517"><ele>3654.6</ele><time>2026-04-10T15:54:04Z</time></rtept><rtept lat="37.71673" lon="-107.544216"><ele>3663.2</ele><time>2026-04-10T15:54:04Z</time></rtept><rtept lat="37.716757" lon="-107.54412"><ele>3664.0</ele><time>2026-04-10T15:54:04Z</time></rtept><rtept lat="37.716795" lon="-107.54375"><ele>3671.6</ele><time>2026-04-10T15:54:04Z</time></rtept><rtept lat="37.716899" lon="-107.543409"><ele>3682.2</ele><time>2026-04-10T15:54:04Z</time></rtept><rtept lat="37.717099" lon="-107.543143"><ele>3690.4</ele><time>2026-04-10T15:54:04Z</time></rtept><rtept lat="37.717209" lon="-107.542744"><ele>3689.8</ele><time>2026-04-10T15:54:04Z</time></rtept><rtept lat="37.71725" lon="-107.542341"><ele>3690.2</ele><time>2026-04-10T15:54:04Z</time></rtept><rtept lat="37.717302" lon="-107.541829"><ele>3692.8</ele><time>2026-04-10T15:54:04Z</time></rtept><rtept lat="37.717203" lon="-107.54112"><ele>3704.0</ele><time>2026-04-10T15:54:04Z</time></rtept><rtept lat="37.717305" lon="-107.541032"><ele>3703.2</ele><time>2026-04-10T15:54:04Z</time></rtept><rtept lat="37.717522" lon="-107.540331"><ele>3714.0</ele><time>2026-04-10T15:54:04Z</time></rtept><rtept lat="37.7175" lon="-107.540043"><ele>3719.6</ele><time>2026-04-10T15:54:04Z</time></rtept><rtept lat="37.717592" lon="-107.539761"><ele>3722.8</ele><time>2026-04-10T15:54:04Z</time></rtept><rtept lat="37.717613" lon="-107.539329"><ele>3734.8</ele><time>2026-04-10T15:54:04Z</time></rtept><rtept lat="37.717582" lon="-107.538831"><ele>3743.6</ele><time>2026-04-10T15:54:04Z</time></rtept><rtept lat="37.71765" lon="-107.538768"><ele>3745.0</ele><time>2026-04-10T15:54:04Z</time></rtept><rtept lat="37.717693" lon="-107.538728"><ele>3748.2</ele><time>2026-04-10T15:54:04Z</time></rtept><rtept lat="37.717565" lon="-107.538568"><ele>3751.2</ele><time>2026-04-10T15:54:04Z</time></rtept><rtept lat="37.717718" lon="-107.538616"><ele>3754.4</ele><time>2026-04-10T15:54:04Z</time></rtept><rtept lat="37.717604" lon="-107.538417"><ele>3759.2</ele><time>2026-04-10T15:54:04Z</time></rtept><rtept lat="37.717793" lon="-107.538557"><ele>3761.6</ele><time>2026-04-10T15:54:04Z</time></rtept><rtept lat="37.717718" lon="-107.538342"><ele>3769.0</ele><time>2026-04-10T15:54:04Z</time></rtept><rtept lat="37.718217" lon="-107.538702"><ele>3771.6</ele><time>2026-04-10T15:54:04Z</time></rtept><rtept lat="37.718104" lon="-107.538492"><ele>3775.8</ele><time>2026-04-10T15:54:04Z</time></rtept><rtept lat="37.718274" lon="-107.538578"><ele>3776.6</ele><time>2026-04-10T15:54:04Z</time></rtept><rtept lat="37.718126" lon="-107.538332"><ele>3783.6</ele><time>2026-04-10T15:54:04Z</time></rtept><rtept lat="37.717922" lon="-107.538171"><ele>3783.4</ele><time>2026-04-10T15:54:04Z</time></rtept><rtept lat="37.71824" lon="-107.538165"><ele>3787.4</ele><time>2026-04-10T15:54:04Z</time></rtept><rtept lat="37.717833" lon="-107.537913"><ele>3790.0</ele><time>2026-04-10T15:54:04Z</time></rtept><rtept lat="37.718183" lon="-107.537827"><ele>3796.6</ele><time>2026-04-10T15:54:04Z</time></rtept><rtept lat="37.717892" lon="-107.537758"><ele>3796.8</ele><time>2026-04-10T15:54:04Z</time></rtept><rtept lat="37.718121" lon="-107.537597"><ele>3805.6</ele><time>2026-04-10T15:54:04Z</time></rtept><rtept lat="37.717828" lon="-107.537559"><ele>3801.8</ele><time>2026-04-10T15:54:04Z</time></rtept><rtept lat="37.71807" lon="-107.537371"><ele>3811.8</ele><time>2026-04-10T15:54:04Z</time></rtept><rtept lat="37.717786" lon="-107.53735"><ele>3812.4</ele><time>2026-04-10T15:54:04Z</time></rtept><rtept lat="37.71802" lon="-107.537216"><ele>3818.6</ele><time>2026-04-10T15:54:04Z</time></rtept><rtept lat="37.717795" lon="-107.537173"><ele>3820.8</ele><time>2026-04-10T15:54:04Z</time></rtept><rtept lat="37.718058" lon="-107.537071"><ele>3826.8</ele><time>2026-04-10T15:54:04Z</time></rtept><rtept lat="37.717799" lon="-107.537028"><ele>3825.4</ele><time>2026-04-10T15:54:04Z</time></rtept><rtept lat="37.718232" lon="-107.536819"><ele>3838.6</ele><time>2026-04-10T15:54:04Z</time></rtept><rtept lat="37.718516" lon="-107.536915"><ele>3838.2</ele><time>2026-04-10T15:54:04Z</time></rtept><rtept lat="37.718578" lon="-107.536926"><ele>3839.4</ele><time>2026-04-10T15:54:04Z</time></rtept><rtept lat="37.718414" lon="-107.536652"><ele>3849.2</ele><time>2026-04-10T15:54:04Z</time></rtept><rtept lat="37.718713" lon="-107.536862"><ele>3842.4</ele><time>2026-04-10T15:54:04Z</time></rtept><rtept lat="37.718503" lon="-107.536572"><ele>3854.8</ele><time>2026-04-10T15:54:04Z</time></rtept><rtept lat="37.718787" lon="-107.536663"><ele>3856.0</ele><time>2026-04-10T15:54:04Z</time></rtept><rtept lat="37.718361" lon="-107.53609"><ele>3870.0</ele><time>2026-04-10T15:54:04Z</time></rtept><rtept lat="37.718509" lon="-107.536112"><ele>3870.2</ele><time>2026-04-10T15:54:04Z</time></rtept><rtept lat="37.718712" lon="-107.536166"><ele>3869.4</ele><time>2026-04-10T15:54:04Z</time></rtept><rtept lat="37.718896" lon="-107.536187"><ele>3870.6</ele><time>2026-04-10T15:54:04Z</time></rtept><rtept lat="37.719148" lon="-107.536211"><ele>3870.4</ele><time>2026-04-10T15:54:04Z</time></rtept><rtept lat="37.71975" lon="-107.536306"><ele>3869.8</ele><time>2026-04-10T15:54:04Z</time></rtept><rtept lat="37.719916" lon="-107.5363"><ele>3869.6</ele><time>2026-04-10T15:54:04Z</time></rtept><rtept lat="37.720237" lon="-107.536215"><ele>3869.0</ele><time>2026-04-10T15:54:04Z</time></rtept><rtept lat="37.720596" lon="-107.53616"><ele>3868.8</ele><time>2026-04-10T15:54:04Z</time></rtept><rtept lat="37.720792" lon="-107.53616"><ele>3868.6</ele><time>2026-04-10T15:54:04Z</time></rtept><rtept lat="37.72106" lon="-107.536161"><ele>3868.0</ele><time>2026-04-10T15:54:04Z</time></rtept><rtept lat="37.721299" lon="-107.536166"><ele>3866.4</ele><time>2026-04-10T15:54:04Z</time></rtept><rtept lat="37.7215" lon="-107.536194"><ele>3864.2</ele><time>2026-04-10T15:54:04Z</time></rtept><rtept lat="37.721796" lon="-107.536231"><ele>3861.2</ele><time>2026-04-10T15:54:04Z</time></rtept><rtept lat="37.722137" lon="-107.536234"><ele>3858.8</ele><time>2026-04-10T15:54:04Z</time></rtept><rtept lat="37.722349" lon="-107.536233"><ele>3857.4</ele><time>2026-04-10T15:54:04Z</time></rtept><rtept lat="37.722492" lon="-107.536204"><ele>3856.2</ele><time>2026-04-10T15:54:04Z</time></rtept><rtept lat="37.722753" lon="-107.5361"><ele>3853.6</ele><time>2026-04-10T15:54:04Z</time></rtept><rtept lat="37.723327" lon="-107.535832"><ele>3847.2</ele><time>2026-04-10T15:54:04Z</time></rtept><rtept lat="37.723399" lon="-107.535793"><ele>3846.0</ele><time>2026-04-10T15:54:04Z</time></rtept><rtept lat="37.723454" lon="-107.53572"><ele>3845.2</ele><time>2026-04-10T15:54:04Z</time></rtept><rtept lat="37.723722" lon="-107.535222"><ele>3841.0</ele><time>2026-04-10T15:54:04Z</time></rtept><rtept lat="37.723827" lon="-107.534892"><ele>3837.6</ele><time>2026-04-10T15:54:04Z</time></rtept><rtept lat="37.723969" lon="-107.534578"><ele>3835.4</ele><time>2026-04-10T15:54:04Z</time></rtept><rtept lat="37.724094" lon="-107.534258"><ele>3834.0</ele><time>2026-04-10T15:54:04Z</time></rtept><rtept lat="37.72425" lon="-107.534139"><ele>3832.8</ele><time>2026-04-10T15:54:04Z</time></rtept><rtept lat="37.724333" lon="-107.534028"><ele>3831.8</ele><time>2026-04-10T15:54:04Z</time></rtept><rtept lat="37.724556" lon="-107.533861"><ele>3828.4</ele><time>2026-04-10T15:54:04Z</time></rtept><rtept lat="37.724667" lon="-107.533722"><ele>3824.6</ele><time>2026-04-10T15:54:04Z</time></rtept><rtept lat="37.72475" lon="-107.533611"><ele>3823.0</ele><time>2026-04-10T15:54:04Z</time></rtept><rtept lat="37.724861" lon="-107.533389"><ele>3819.4</ele><time>2026-04-10T15:54:04Z</time></rtept><rtept lat="37.725" lon="-107.533167"><ele>3815.6</ele><time>2026-04-10T15:54:04Z</time></rtept><rtept lat="37.725139" lon="-107.533028"><ele>3811.4</ele><time>2026-04-10T15:54:04Z</time></rtept><rtept lat="37.72525" lon="-107.532861"><ele>3808.2</ele><time>2026-04-10T15:54:04Z</time></rtept><rtept lat="37.725389" lon="-107.53275"><ele>3806.0</ele><time>2026-04-10T15:54:04Z</time></rtept><rtept lat="37.725472" lon="-107.532694"><ele>3804.4</ele><time>2026-04-10T15:54:04Z</time></rtept><rtept lat="37.725556" lon="-107.532472"><ele>3801.8</ele><time>2026-04-10T15:54:04Z</time></rtept><rtept lat="37.725611" lon="-107.532389"><ele>3800.0</ele><time>2026-04-10T15:54:04Z</time></rtept><rtept lat="37.725639" lon="-107.532321"><ele>3799.2</ele><time>2026-04-10T15:54:04Z</time></rtept><rtept lat="37.725736" lon="-107.532208"><ele>3797.8</ele><time>2026-04-10T15:54:04Z</time></rtept><rtept lat="37.725827" lon="-107.5321"><ele>3796.0</ele><time>2026-04-10T15:54:04Z</time></rtept><rtept lat="37.725827" lon="-107.5321"><ele>3796.0</ele><time>2026-04-10T15:54:04Z</time></rtept><rtept lat="37.725859" lon="-107.532062"><ele>3796.6</ele><time>2026-04-10T15:54:04Z</time></rtept><rtept lat="37.725867" lon="-107.531948"><ele>3795.2</ele><time>2026-04-10T15:54:04Z</time></rtept><rtept lat="37.725884" lon="-107.531756"><ele>3793.8</ele><time>2026-04-10T15:54:04Z</time></rtept><rtept lat="37.725858" lon="-107.531638"><ele>3793.6</ele><time>2026-04-10T15:54:04Z</time></rtept><rtept lat="37.725853" lon="-107.531612"><ele>3792.8</ele><time>2026-04-10T15:54:04Z</time></rtept><rtept lat="37.725795" lon="-107.531489"><ele>3792.8</ele><time>2026-04-10T15:54:04Z</time></rtept><rtept lat="37.725705" lon="-107.531417"><ele>3791.2</ele><time>2026-04-10T15:54:04Z</time></rtept><rtept lat="37.725488" lon="-107.531338"><ele>3786.2</ele><time>2026-04-10T15:54:04Z</time></rtept><rtept lat="37.725351" lon="-107.531266"><ele>3781.6</ele><time>2026-04-10T15:54:04Z</time></rtept><rtept lat="37.725105" lon="-107.53117"><ele>3776.2</ele><time>2026-04-10T15:54:04Z</time></rtept><rtept lat="37.724824" lon="-107.531063"><ele>3767.4</ele><time>2026-04-10T15:54:04Z</time></rtept><rtept lat="37.724604" lon="-107.530987"><ele>3765.2</ele><time>2026-04-10T15:54:04Z</time></rtept><rtept lat="37.7243" lon="-107.530904"><ele>3762.0</ele><time>2026-04-10T15:54:04Z</time></rtept><rtept lat="37.724158" lon="-107.530842"><ele>3757.8</ele><time>2026-04-10T15:54:04Z</time></rtept><rtept lat="37.724046" lon="-107.530822"><ele>3755.6</ele><time>2026-04-10T15:54:04Z</time></rtept><rtept lat="37.723841" lon="-107.530764"><ele>3753.8</ele><time>2026-04-10T15:54:04Z</time></rtept><rtept lat="37.72368" lon="-107.530637"><ele>3750.2</ele><time>2026-04-10T15:54:04Z</time></rtept><rtept lat="37.723592" lon="-107.530521"><ele>3748.0</ele><time>2026-04-10T15:54:04Z</time></rtept><rtept lat="37.723504" lon="-107.530427"><ele>3746.2</ele><time>2026-04-10T15:54:04Z</time></rtept><rtept lat="37.723293" lon="-107.530214"><ele>3743.8</ele><time>2026-04-10T15:54:04Z</time></rtept><rtept lat="37.72303" lon="-107.529813"><ele>3741.2</ele><time>2026-04-10T15:54:04Z</time></rtept><rtept lat="37.722743" lon="-107.529369"><ele>3736.0</ele><time>2026-04-10T15:54:04Z</time></rtept><rtept lat="37.722425" lon="-107.529063"><ele>3731.2</ele><time>2026-04-10T15:54:04Z</time></rtept><rtept lat="37.722237" lon="-107.52896"><ele>3728.4</ele><time>2026-04-10T15:54:04Z</time></rtept><rtept lat="37.722118" lon="-107.528689"><ele>3724.8</ele><time>2026-04-10T15:54:04Z</time></rtept><rtept lat="37.722037" lon="-107.528518"><ele>3722.8</ele><time>2026-04-10T15:54:04Z</time></rtept><rtept lat="37.72189" lon="-107.528375"><ele>3721.0</ele><time>2026-04-10T15:54:04Z</time></rtept><rtept lat="37.721814" lon="-107.528176"><ele>3719.2</ele><time>2026-04-10T15:54:04Z</time></rtept><rtept lat="37.721591" lon="-107.528059"><ele>3716.2</ele><time>2026-04-10T15:54:04Z</time></rtept><rtept lat="37.721469" lon="-107.527852"><ele>3712.6</ele><time>2026-04-10T15:54:04Z</time></rtept><rtept lat="37.721305" lon="-107.527655"><ele>3710.2</ele><time>2026-04-10T15:54:04Z</time></rtept><rtept lat="37.721149" lon="-107.527634"><ele>3706.8</ele><time>2026-04-10T15:54:04Z</time></rtept><rtept lat="37.721025" lon="-107.527483"><ele>3703.6</ele><time>2026-04-10T15:54:04Z</time></rtept><rtept lat="37.72096" lon="-107.527209"><ele>3703.8</ele><time>2026-04-10T15:54:04Z</time></rtept><rtept lat="37.720761" lon="-107.526828"><ele>3698.4</ele><time>2026-04-10T15:54:04Z</time></rtept><rtept lat="37.720536" lon="-107.526389"><ele>3695.0</ele><time>2026-04-10T15:54:04Z</time></rtept><rtept lat="37.72028" lon="-107.525783"><ele>3694.2</ele><time>2026-04-10T15:54:04Z</time></rtept><rtept lat="37.720214" lon="-107.525661"><ele>3693.4</ele><time>2026-04-10T15:54:04Z</time></rtept><rtept lat="37.720177" lon="-107.525582"><ele>3693.8</ele><time>2026-04-10T15:54:04Z</time></rtept><rtept lat="37.72015" lon="-107.525497"><ele>3693.2</ele><time>2026-04-10T15:54:04Z</time></rtept><rtept lat="37.720115" lon="-107.525445"><ele>3693.2</ele><time>2026-04-10T15:54:04Z</time></rtept><rtept lat="37.720037" lon="-107.525306"><ele>3693.0</ele><time>2026-04-10T15:54:04Z</time></rtept><rtept lat="37.719978" lon="-107.525169"><ele>3691.8</ele><time>2026-04-10T15:54:04Z</time></rtept><rtept lat="37.719938" lon="-107.525105"><ele>3690.0</ele><time>2026-04-10T15:54:04Z</time></rtept><rtept lat="37.719894" lon="-107.524988"><ele>3690.6</ele><time>2026-04-10T15:54:04Z</time></rtept><rtept lat="37.719833" lon="-107.524886"><ele>3688.8</ele><time>2026-04-10T15:54:04Z</time></rtept><rtept lat="37.719691" lon="-107.524778"><ele>3684.2</ele><time>2026-04-10T15:54:04Z</time></rtept><rtept lat="37.719552" lon="-107.524824"><ele>3678.2</ele><time>2026-04-10T15:54:04Z</time></rtept><rtept lat="37.719449" lon="-107.524832"><ele>3671.4</ele><time>2026-04-10T15:54:04Z</time></rtept><rtept lat="37.719374" lon="-107.524759"><ele>3669.0</ele><time>2026-04-10T15:54:04Z</time></rtept><rtept lat="37.719262" lon="-107.52456"><ele>3666.8</ele><time>2026-04-10T15:54:04Z</time></rtept><rtept lat="37.719089" lon="-107.524465"><ele>3663.0</ele><time>2026-04-10T15:54:04Z</time></rtept><rtept lat="37.718973" lon="-107.52434"><ele>3659.0</ele><time>2026-04-10T15:54:04Z</time></rtept><rtept lat="37.718827" lon="-107.524162"><ele>3656.0</ele><time>2026-04-10T15:54:04Z</time></rtept><rtept lat="37.718687" lon="-107.523969"><ele>3653.6</ele><time>2026-04-10T15:54:04Z</time></rtept><rtept lat="37.71854" lon="-107.523666"><ele>3652.2</ele><time>2026-04-10T15:54:04Z</time></rtept><rtept lat="37.718381" lon="-107.523404"><ele>3650.0</ele><time>2026-04-10T15:54:04Z</time></rtept><rtept lat="37.718232" lon="-107.523101"><ele>3648.2</ele><time>2026-04-10T15:54:04Z</time></rtept><rtept lat="37.718156" lon="-107.522862"><ele>3647.0</ele><time>2026-04-10T15:54:04Z</time></rtept><rtept lat="37.718064" lon="-107.522654"><ele>3645.4</ele><time>2026-04-10T15:54:04Z</time></rtept><rtept lat="37.717969" lon="-107.522466"><ele>3643.4</ele><time>2026-04-10T15:54:04Z</time></rtept><rtept lat="37.717859" lon="-107.522308"><ele>3638.8</ele><time>2026-04-10T15:54:04Z</time></rtept><rtept lat="37.717756" lon="-107.522202"><ele>3637.8</ele><time>2026-04-10T15:54:04Z</time></rtept><rtept lat="37.717649" lon="-107.522147"><ele>3636.6</ele><time>2026-04-10T15:54:04Z</time></rtept><rtept lat="37.717537" lon="-107.522102"><ele>3637.4</ele><time>2026-04-10T15:54:04Z</time></rtept><rtept lat="37.717368" lon="-107.521938"><ele>3635.0</ele><time>2026-04-10T15:54:04Z</time></rtept><rtept lat="37.717162" lon="-107.521807"><ele>3631.2</ele><time>2026-04-10T15:54:04Z</time></rtept><rtept lat="37.717063" lon="-107.521715"><ele>3629.0</ele><time>2026-04-10T15:54:04Z</time></rtept><rtept lat="37.716974" lon="-107.521616"><ele>3626.4</ele><time>2026-04-10T15:54:04Z</time></rtept><rtept lat="37.716873" lon="-107.521547"><ele>3623.2</ele><time>2026-04-10T15:54:04Z</time></rtept><rtept lat="37.716757" lon="-107.521488"><ele>3623.2</ele><time>2026-04-10T15:54:04Z</time></rtept><rtept lat="37.716635" lon="-107.521325"><ele>3621.8</ele><time>2026-04-10T15:54:04Z</time></rtept><rtept lat="37.716547" lon="-107.521228"><ele>3621.2</ele><time>2026-04-10T15:54:04Z</time></rtept><rtept lat="37.716457" lon="-107.521072"><ele>3616.8</ele><time>2026-04-10T15:54:04Z</time></rtept><rtept lat="37.716428" lon="-107.520946"><ele>3614.0</ele><time>2026-04-10T15:54:04Z</time></rtept><rtept lat="37.716385" lon="-107.520894"><ele>3613.2</ele><time>2026-04-10T15:54:04Z</time></rtept><rtept lat="37.716348" lon="-107.520905"><ele>3612.4</ele><time>2026-04-10T15:54:04Z</time></rtept><rtept lat="37.716292" lon="-107.520898"><ele>3612.4</ele><time>2026-04-10T15:54:04Z</time></rtept><rtept lat="37.716221" lon="-107.520875"><ele>3610.0</ele><time>2026-04-10T15:54:04Z</time></rtept><rtept lat="37.715993" lon="-107.520534"><ele>3598.8</ele><time>2026-04-10T15:54:04Z</time></rtept><rtept lat="37.715864" lon="-107.520398"><ele>3592.2</ele><time>2026-04-10T15:54:04Z</time></rtept><rtept lat="37.71578" lon="-107.520237"><ele>3589.2</ele><time>2026-04-10T15:54:04Z</time></rtept><rtept lat="37.71573" lon="-107.520165"><ele>3587.4</ele><time>2026-04-10T15:54:04Z</time></rtept><rtept lat="37.715659" lon="-107.520072"><ele>3584.6</ele><time>2026-04-10T15:54:04Z</time></rtept><rtept lat="37.715567" lon="-107.519973"><ele>3581.0</ele><time>2026-04-10T15:54:04Z</time></rtept><rtept lat="37.71551" lon="-107.519829"><ele>3576.2</ele><time>2026-04-10T15:54:04Z</time></rtept><rtept lat="37.715453" lon="-107.519701"><ele>3574.0</ele><time>2026-04-10T15:54:04Z</time></rtept><rtept lat="37.715276" lon="-107.519593"><ele>3572.0</ele><time>2026-04-10T15:54:04Z</time></rtept><rtept lat="37.714921" lon="-107.519408"><ele>3570.2</ele><time>2026-04-10T15:54:04Z</time></rtept><rtept lat="37.714863" lon="-107.519346"><ele>3570.2</ele><time>2026-04-10T15:54:04Z</time></rtept><rtept lat="37.714687" lon="-107.51916"><ele>3571.4</ele><time>2026-04-10T15:54:04Z</time></rtept><rtept lat="37.714591" lon="-107.518961"><ele>3571.0</ele><time>2026-04-10T15:54:04Z</time></rtept><rtept lat="37.714475" lon="-107.518771"><ele>3571.8</ele><time>2026-04-10T15:54:04Z</time></rtept><rtept lat="37.714292" lon="-107.518537"><ele>3572.6</ele><time>2026-04-10T15:54:04Z</time></rtept><rtept lat="37.714223" lon="-107.518462"><ele>3573.0</ele><time>2026-04-10T15:54:04Z</time></rtept><rtept lat="37.714157" lon="-107.518369"><ele>3573.4</ele><time>2026-04-10T15:54:04Z</time></rtept><rtept lat="37.714153" lon="-107.51831"><ele>3573.4</ele><time>2026-04-10T15:54:04Z</time></rtept><rtept lat="37.714037" lon="-107.518152"><ele>3575.2</ele><time>2026-04-10T15:54:04Z</time></rtept><rtept lat="37.713998" lon="-107.517999"><ele>3576.8</ele><time>2026-04-10T15:54:04Z</time></rtept><rtept lat="37.713943" lon="-107.517889"><ele>3579.2</ele><time>2026-04-10T15:54:04Z</time></rtept><rtept lat="37.713853" lon="-107.517766"><ele>3581.4</ele><time>2026-04-10T15:54:04Z</time></rtept><rtept lat="37.713544" lon="-107.517444"><ele>3584.0</ele><time>2026-04-10T15:54:04Z</time></rtept><rtept lat="37.71343" lon="-107.517226"><ele>3584.8</ele><time>2026-04-10T15:54:04Z</time></rtept><rtept lat="37.713368" lon="-107.517174"><ele>3584.6</ele><time>2026-04-10T15:54:04Z</time></rtept><rtept lat="37.713254" lon="-107.517119"><ele>3585.2</ele><time>2026-04-10T15:54:04Z</time></rtept><rtept lat="37.71318" lon="-107.51698"><ele>3584.8</ele><time>2026-04-10T15:54:04Z</time></rtept><rtept lat="37.713081" lon="-107.516956"><ele>3585.2</ele><time>2026-04-10T15:54:04Z</time></rtept><rtept lat="37.713061" lon="-107.517016"><ele>3585.6</ele><time>2026-04-10T15:54:04Z</time></rtept><rtept lat="37.713066" lon="-107.517091"><ele>3585.6</ele><time>2026-04-10T15:54:04Z</time></rtept><rtept lat="37.713051" lon="-107.517168"><ele>3586.2</ele><time>2026-04-10T15:54:04Z</time></rtept><rtept lat="37.713012" lon="-107.517231"><ele>3587.6</ele><time>2026-04-10T15:54:04Z</time></rtept><rtept lat="37.712994" lon="-107.517305"><ele>3588.8</ele><time>2026-04-10T15:54:04Z</time></rtept><rtept lat="37.712938" lon="-107.517393"><ele>3592.4</ele><time>2026-04-10T15:54:04Z</time></rtept><rtept lat="37.712885" lon="-107.517453"><ele>3596.6</ele><time>2026-04-10T15:54:04Z</time></rtept><rtept lat="37.712824" lon="-107.51745"><ele>3596.6</ele><time>2026-04-10T15:54:04Z</time></rtept><rtept lat="37.712748" lon="-107.517421"><ele>3594.0</ele><time>2026-04-10T15:54:04Z</time></rtept><rtept lat="37.712696" lon="-107.517441"><ele>3594.0</ele><time>2026-04-10T15:54:04Z</time></rtept><rtept lat="37.712647" lon="-107.51752"><ele>3594.8</ele><time>2026-04-10T15:54:04Z</time></rtept><rtept lat="37.712624" lon="-107.517609"><ele>3595.6</ele><time>2026-04-10T15:54:04Z</time></rtept><rtept lat="37.71255" lon="-107.517693"><ele>3594.8</ele><time>2026-04-10T15:54:04Z</time></rtept><rtept lat="37.71254" lon="-107.517747"><ele>3595.8</ele><time>2026-04-10T15:54:04Z</time></rtept><rtept lat="37.712464" lon="-107.517857"><ele>3597.0</ele><time>2026-04-10T15:54:04Z</time></rtept><rtept lat="37.712395" lon="-107.517925"><ele>3598.4</ele><time>2026-04-10T15:54:04Z</time></rtept><rtept lat="37.712395" lon="-107.517925"><ele>3598.4</ele><time>2026-04-10T15:54:04Z</time></rtept><rtept lat="37.712395" lon="-107.517925"><ele>3598.4</ele><time>2026-04-10T15:54:04Z</time></rtept><rtept lat="37.712464" lon="-107.517857"><ele>3597.0</ele><time>2026-04-10T15:54:04Z</time></rtept><rtept lat="37.712402" lon="-107.518052"><ele>3601.4</ele><time>2026-04-10T15:54:04Z</time></rtept><rtept lat="37.712348" lon="-107.518056"><ele>3601.4</ele><time>2026-04-10T15:54:04Z</time></rtept><rtept lat="37.712254" lon="-107.518024"><ele>3599.8</ele><time>2026-04-10T15:54:04Z</time></rtept><rtept lat="37.712172" lon="-107.517965"><ele>3599.8</ele><time>2026-04-10T15:54:04Z</time></rtept><rtept lat="37.71217" lon="-107.517955"><ele>3598.0</ele><time>2026-04-10T15:54:04Z</time></rtept><rtept lat="37.712165" lon="-107.517954"><ele>3598.0</ele><time>2026-04-10T15:54:04Z</time></rtept><rtept lat="37.712125" lon="-107.51793"><ele>3598.2</ele><time>2026-04-10T15:54:04Z</time></rtept><rtept lat="37.712084" lon="-107.517929"><ele>3598.2</ele><time>2026-04-10T15:54:04Z</time></rtept><rtept lat="37.712008" lon="-107.517904"><ele>3598.6</ele><time>2026-04-10T15:54:04Z</time></rtept><rtept lat="37.711928" lon="-107.517873"><ele>3600.4</ele><time>2026-04-10T15:54:04Z</time></rtept><rtept lat="37.711861" lon="-107.517836"><ele>3599.6</ele><time>2026-04-10T15:54:04Z</time></rtept><rtept lat="37.711803" lon="-107.517812"><ele>3599.6</ele><time>2026-04-10T15:54:04Z</time></rtept><rtept lat="37.711746" lon="-107.517759"><ele>3599.0</ele><time>2026-04-10T15:54:04Z</time></rtept><rtept lat="37.711679" lon="-107.517694"><ele>3598.6</ele><time>2026-04-10T15:54:04Z</time></rtept><rtept lat="37.71164" lon="-107.517647"><ele>3601.2</ele><time>2026-04-10T15:54:04Z</time></rtept><rtept lat="37.711578" lon="-107.517583"><ele>3602.6</ele><time>2026-04-10T15:54:04Z</time></rtept><rtept lat="37.711539" lon="-107.517525"><ele>3601.4</ele><time>2026-04-10T15:54:04Z</time></rtept><rtept lat="37.711442" lon="-107.517436"><ele>3606.8</ele><time>2026-04-10T15:54:04Z</time></rtept><rtept lat="37.711393" lon="-107.517389"><ele>3608.6</ele><time>2026-04-10T15:54:04Z</time></rtept><rtept lat="37.71134" lon="-107.517342"><ele>3609.2</ele><time>2026-04-10T15:54:04Z</time></rtept><rtept lat="37.711268" lon="-107.517317"><ele>3609.2</ele><time>2026-04-10T15:54:04Z</time></rtept><rtept lat="37.711129" lon="-107.517335"><ele>3609.2</ele><time>2026-04-10T15:54:04Z</time></rtept><rtept lat="37.711015" lon="-107.517354"><ele>3609.4</ele><time>2026-04-10T15:54:04Z</time></rtept><rtept lat="37.710924" lon="-107.517396"><ele>3612.0</ele><time>2026-04-10T15:54:04Z</time></rtept><rtept lat="37.710833" lon="-107.517455"><ele>3611.6</ele><time>2026-04-10T15:54:04Z</time></rtept><rtept lat="37.710774" lon="-107.517493"><ele>3610.4</ele><time>2026-04-10T15:54:04Z</time></rtept><rtept lat="37.710701" lon="-107.517508"><ele>3610.0</ele><time>2026-04-10T15:54:04Z</time></rtept><rtept lat="37.710647" lon="-107.517511"><ele>3610.0</ele><time>2026-04-10T15:54:04Z</time></rtept><rtept lat="37.710576" lon="-107.517486"><ele>3612.6</ele><time>2026-04-10T15:54:04Z</time></rtept><rtept lat="37.71048" lon="-107.517511"><ele>3614.8</ele><time>2026-04-10T15:54:04Z</time></rtept><rtept lat="37.710385" lon="-107.517531"><ele>3620.4</ele><time>2026-04-10T15:54:04Z</time></rtept><rtept lat="37.710317" lon="-107.517551"><ele>3621.8</ele><time>2026-04-10T15:54:04Z</time></rtept><rtept lat="37.710243" lon="-107.517566"><ele>3622.0</ele><time>2026-04-10T15:54:04Z</time></rtept><rtept lat="37.710166" lon="-107.51758"><ele>3622.0</ele><time>2026-04-10T15:54:04Z</time></rtept><rtept lat="37.710108" lon="-107.51755"><ele>3622.0</ele><time>2026-04-10T15:54:04Z</time></rtept><rtept lat="37.710067" lon="-107.517554"><ele>3621.6</ele><time>2026-04-10T15:54:04Z</time></rtept><rtept lat="37.710035" lon="-107.51757"><ele>3620.6</ele><time>2026-04-10T15:54:04Z</time></rtept><rtept lat="37.709994" lon="-107.517626"><ele>3622.8</ele><time>2026-04-10T15:54:04Z</time></rtept><rtept lat="37.709957" lon="-107.51767"><ele>3622.0</ele><time>2026-04-10T15:54:04Z</time></rtept><rtept lat="37.709916" lon="-107.517685"><ele>3622.0</ele><time>2026-04-10T15:54:04Z</time></rtept><rtept lat="37.709857" lon="-107.517695"><ele>3622.2</ele><time>2026-04-10T15:54:04Z</time></rtept><rtept lat="37.709781" lon="-107.517658"><ele>3624.0</ele><time>2026-04-10T15:54:04Z</time></rtept><rtept lat="37.709732" lon="-107.517623"><ele>3626.2</ele><time>2026-04-10T15:54:04Z</time></rtept><rtept lat="37.709688" lon="-107.517581"><ele>3626.8</ele><time>2026-04-10T15:54:04Z</time></rtept><rtept lat="37.709644" lon="-107.517557"><ele>3626.8</ele><time>2026-04-10T15:54:04Z</time></rtept><rtept lat="37.709563" lon="-107.517543"><ele>3629.2</ele><time>2026-04-10T15:54:04Z</time></rtept><rtept lat="37.709491" lon="-107.517546"><ele>3632.6</ele><time>2026-04-10T15:54:04Z</time></rtept><rtept lat="37.709432" lon="-107.517525"><ele>3631.4</ele><time>2026-04-10T15:54:04Z</time></rtept><rtept lat="37.709374" lon="-107.517438"><ele>3633.0</ele><time>2026-04-10T15:54:04Z</time></rtept><rtept lat="37.709332" lon="-107.517376"><ele>3635.8</ele><time>2026-04-10T15:54:04Z</time></rtept><rtept lat="37.709332" lon="-107.517374"><ele>3635.8</ele><time>2026-04-10T15:54:04Z</time></rtept><rtept lat="37.709276" lon="-107.517269"><ele>3638.4</ele><time>2026-04-10T15:54:04Z</time></rtept><rtept lat="37.709226" lon="-107.517157"><ele>3637.8</ele><time>2026-04-10T15:54:04Z</time></rtept><rtept lat="37.70918" lon="-107.517016"><ele>3640.8</ele><time>2026-04-10T15:54:04Z</time></rtept><rtept lat="37.709153" lon="-107.5169"><ele>3638.4</ele><time>2026-04-10T15:54:04Z</time></rtept><rtept lat="37.709138" lon="-107.516754"><ele>3641.8</ele><time>2026-04-10T15:54:04Z</time></rtept><rtept lat="37.709127" lon="-107.516649"><ele>3642.4</ele><time>2026-04-10T15:54:04Z</time></rtept><rtept lat="37.709093" lon="-107.516526"><ele>3643.2</ele><time>2026-04-10T15:54:04Z</time></rtept><rtept lat="37.709062" lon="-107.516398"><ele>3648.6</ele><time>2026-04-10T15:54:04Z</time></rtept><rtept lat="37.709038" lon="-107.516286"><ele>3649.0</ele><time>2026-04-10T15:54:04Z</time></rtept><rtept lat="37.70904" lon="-107.516188"><ele>3649.0</ele><time>2026-04-10T15:54:04Z</time></rtept><rtept lat="37.709089" lon="-107.516114"><ele>3646.0</ele><time>2026-04-10T15:54:04Z</time></rtept><rtept lat="37.709122" lon="-107.516011"><ele>3646.6</ele><time>2026-04-10T15:54:04Z</time></rtept><rtept lat="37.709137" lon="-107.515953"><ele>3647.8</ele><time>2026-04-10T15:54:04Z</time></rtept><rtept lat="37.709132" lon="-107.515779"><ele>3650.0</ele><time>2026-04-10T15:54:04Z</time></rtept><rtept lat="37.709116" lon="-107.515686"><ele>3650.4</ele><time>2026-04-10T15:54:04Z</time></rtept><rtept lat="37.70909" lon="-107.515534"><ele>3651.4</ele><time>2026-04-10T15:54:04Z</time></rtept><rtept lat="37.709092" lon="-107.515453"><ele>3653.0</ele><time>2026-04-10T15:54:04Z</time></rtept><rtept lat="37.709075" lon="-107.515388"><ele>3655.6</ele><time>2026-04-10T15:54:04Z</time></rtept><rtept lat="37.70909" lon="-107.515331"><ele>3654.8</ele><time>2026-04-10T15:54:04Z</time></rtept><rtept lat="37.709125" lon="-107.51528"><ele>3657.0</ele><time>2026-04-10T15:54:04Z</time></rtept><rtept lat="37.709127" lon="-107.515175"><ele>3658.6</ele><time>2026-04-10T15:54:04Z</time></rtept><rtept lat="37.709104" lon="-107.515064"><ele>3659.4</ele><time>2026-04-10T15:54:04Z</time></rtept><rtept lat="37.709085" lon="-107.514912"><ele>3659.0</ele><time>2026-04-10T15:54:04Z</time></rtept><rtept lat="37.709074" lon="-107.514814"><ele>3663.4</ele><time>2026-04-10T15:54:04Z</time></rtept><rtept lat="37.709072" lon="-107.514698"><ele>3664.2</ele><time>2026-04-10T15:54:04Z</time></rtept><rtept lat="37.709091" lon="-107.514617"><ele>3661.8</ele><time>2026-04-10T15:54:04Z</time></rtept><rtept lat="37.709153" lon="-107.514567"><ele>3659.8</ele><time>2026-04-10T15:54:04Z</time></rtept><rtept lat="37.709262" lon="-107.51446"><ele>3659.4</ele><time>2026-04-10T15:54:04Z</time></rtept><rtept lat="37.709379" lon="-107.51436"><ele>3659.4</ele><time>2026-04-10T15:54:04Z</time></rtept><rtept lat="37.709482" lon="-107.51427"><ele>3660.4</ele><time>2026-04-10T15:54:04Z</time></rtept><rtept lat="37.709526" lon="-107.514214"><ele>3662.8</ele><time>2026-04-10T15:54:04Z</time></rtept><rtept lat="37.709567" lon="-107.514163"><ele>3665.6</ele><time>2026-04-10T15:54:04Z</time></rtept><rtept lat="37.709639" lon="-107.514107"><ele>3664.2</ele><time>2026-04-10T15:54:04Z</time></rtept><rtept lat="37.709694" lon="-107.514046"><ele>3668.0</ele><time>2026-04-10T15:54:04Z</time></rtept><rtept lat="37.709752" lon="-107.513978"><ele>3670.0</ele><time>2026-04-10T15:54:04Z</time></rtept><rtept lat="37.709775" lon="-107.513938"><ele>3668.2</ele><time>2026-04-10T15:54:04Z</time></rtept><rtept lat="37.709798" lon="-107.513915"><ele>3670.8</ele><time>2026-04-10T15:54:04Z</time></rtept><rtept lat="37.709821" lon="-107.513899"><ele>3670.8</ele><time>2026-04-10T15:54:04Z</time></rtept><rtept lat="37.709833" lon="-107.513864"><ele>3668.2</ele><time>2026-04-10T15:54:04Z</time></rtept><rtept lat="37.709847" lon="-107.513848"><ele>3668.2</ele><time>2026-04-10T15:54:04Z</time></rtept><rtept lat="37.709843" lon="-107.51383"><ele>3670.0</ele><time>2026-04-10T15:54:04Z</time></rtept><rtept lat="37.709829" lon="-107.513818"><ele>3672.2</ele><time>2026-04-10T15:54:04Z</time></rtept><rtept lat="37.709787" lon="-107.513811"><ele>3672.2</ele><time>2026-04-10T15:54:04Z</time></rtept><rtept lat="37.709751" lon="-107.513809"><ele>3673.8</ele><time>2026-04-10T15:54:04Z</time></rtept><rtept lat="37.709717" lon="-107.51382"><ele>3673.8</ele><time>2026-04-10T15:54:04Z</time></rtept><rtept lat="37.70969" lon="-107.513813"><ele>3675.0</ele><time>2026-04-10T15:54:04Z</time></rtept><rtept lat="37.709669" lon="-107.513749"><ele>3675.8</ele><time>2026-04-10T15:54:04Z</time></rtept><rtept lat="37.709614" lon="-107.513665"><ele>3677.8</ele><time>2026-04-10T15:54:04Z</time></rtept><rtept lat="37.70955" lon="-107.513518"><ele>3679.6</ele><time>2026-04-10T15:54:04Z</time></rtept><rtept lat="37.709496" lon="-107.5134"><ele>3680.2</ele><time>2026-04-10T15:54:04Z</time></rtept><rtept lat="37.709471" lon="-107.513307"><ele>3681.8</ele><time>2026-04-10T15:54:04Z</time></rtept><rtept lat="37.70946" lon="-107.51319"><ele>3682.8</ele><time>2026-04-10T15:54:04Z</time></rtept><rtept lat="37.709456" lon="-107.513132"><ele>3684.4</ele><time>2026-04-10T15:54:04Z</time></rtept><rtept lat="37.709459" lon="-107.513033"><ele>3686.4</ele><time>2026-04-10T15:54:04Z</time></rtept><rtept lat="37.709444" lon="-107.512986"><ele>3686.4</ele><time>2026-04-10T15:54:04Z</time></rtept><rtept lat="37.709428" lon="-107.512905"><ele>3688.2</ele><time>2026-04-10T15:54:04Z</time></rtept><rtept lat="37.709429" lon="-107.512841"><ele>3689.2</ele><time>2026-04-10T15:54:04Z</time></rtept><rtept lat="37.709443" lon="-107.512795"><ele>3689.6</ele><time>2026-04-10T15:54:04Z</time></rtept><rtept lat="37.709431" lon="-107.512725"><ele>3689.6</ele><time>2026-04-10T15:54:04Z</time></rtept><rtept lat="37.709393" lon="-107.512637"><ele>3691.2</ele><time>2026-04-10T15:54:04Z</time></rtept><rtept lat="37.709368" lon="-107.512526"><ele>3689.6</ele><time>2026-04-10T15:54:04Z</time></rtept><rtept lat="37.709345" lon="-107.512438"><ele>3691.6</ele><time>2026-04-10T15:54:04Z</time></rtept><rtept lat="37.709338" lon="-107.512351"><ele>3691.0</ele><time>2026-04-10T15:54:04Z</time></rtept><rtept lat="37.709327" lon="-107.512234"><ele>3690.4</ele><time>2026-04-10T15:54:04Z</time></rtept><rtept lat="37.709298" lon="-107.512134"><ele>3690.0</ele><time>2026-04-10T15:54:04Z</time></rtept><rtept lat="37.709256" lon="-107.512058"><ele>3692.4</ele><time>2026-04-10T15:54:04Z</time></rtept><rtept lat="37.70919" lon="-107.512003"><ele>3694.8</ele><time>2026-04-10T15:54:04Z</time></rtept><rtept lat="37.709135" lon="-107.511961"><ele>3697.0</ele><time>2026-04-10T15:54:04Z</time></rtept><rtept lat="37.70907" lon="-107.511918"><ele>3698.0</ele><time>2026-04-10T15:54:04Z</time></rtept><rtept lat="37.709017" lon="-107.511864"><ele>3698.0</ele><time>2026-04-10T15:54:04Z</time></rtept><rtept lat="37.708926" lon="-107.511803"><ele>3699.8</ele><time>2026-04-10T15:54:04Z</time></rtept><rtept lat="37.708839" lon="-107.511788"><ele>3700.6</ele><time>2026-04-10T15:54:04Z</time></rtept><rtept lat="37.708764" lon="-107.511815"><ele>3701.4</ele><time>2026-04-10T15:54:04Z</time></rtept><rtept lat="37.708709" lon="-107.511842"><ele>3702.0</ele><time>2026-04-10T15:54:04Z</time></rtept><rtept lat="37.708657" lon="-107.511863"><ele>3702.4</ele><time>2026-04-10T15:54:04Z</time></rtept><rtept lat="37.708602" lon="-107.511884"><ele>3703.8</ele><time>2026-04-10T15:54:04Z</time></rtept><rtept lat="37.708554" lon="-107.511947"><ele>3703.8</ele><time>2026-04-10T15:54:04Z</time></rtept><rtept lat="37.708498" lon="-107.512032"><ele>3705.4</ele><time>2026-04-10T15:54:04Z</time></rtept><rtept lat="37.708436" lon="-107.512071"><ele>3707.0</ele><time>2026-04-10T15:54:04Z</time></rtept><rtept lat="37.708369" lon="-107.512138"><ele>3708.8</ele><time>2026-04-10T15:54:04Z</time></rtept><rtept lat="37.708312" lon="-107.512269"><ele>3711.0</ele><time>2026-04-10T15:54:04Z</time></rtept><rtept lat="37.708287" lon="-107.512391"><ele>3715.6</ele><time>2026-04-10T15:54:04Z</time></rtept><rtept lat="37.708265" lon="-107.512511"><ele>3716.2</ele><time>2026-04-10T15:54:04Z</time></rtept><rtept lat="37.708258" lon="-107.51261"><ele>3717.0</ele><time>2026-04-10T15:54:04Z</time></rtept><rtept lat="37.708238" lon="-107.512702"><ele>3717.6</ele><time>2026-04-10T15:54:04Z</time></rtept><rtept lat="37.708218" lon="-107.512788"><ele>3717.4</ele><time>2026-04-10T15:54:04Z</time></rtept><rtept lat="37.708189" lon="-107.51288"><ele>3717.2</ele><time>2026-04-10T15:54:04Z</time></rtept><rtept lat="37.708153" lon="-107.512966"><ele>3716.6</ele><time>2026-04-10T15:54:04Z</time></rtept><rtept lat="37.708126" lon="-107.513006"><ele>3716.4</ele><time>2026-04-10T15:54:04Z</time></rtept><rtept lat="37.70808" lon="-107.513028"><ele>3716.4</ele><time>2026-04-10T15:54:04Z</time></rtept><rtept lat="37.708037" lon="-107.513043"><ele>3717.0</ele><time>2026-04-10T15:54:04Z</time></rtept><rtept lat="37.707977" lon="-107.513082"><ele>3715.8</ele><time>2026-04-10T15:54:04Z</time></rtept><rtept lat="37.70793" lon="-107.513109"><ele>3716.0</ele><time>2026-04-10T15:54:04Z</time></rtept><rtept lat="37.707889" lon="-107.513131"><ele>3716.0</ele><time>2026-04-10T15:54:04Z</time></rtept><rtept lat="37.707846" lon="-107.513136"><ele>3716.4</ele><time>2026-04-10T15:54:04Z</time></rtept><rtept lat="37.70781" lon="-107.513129"><ele>3716.4</ele><time>2026-04-10T15:54:04Z</time></rtept><rtept lat="37.707779" lon="-107.513099"><ele>3717.0</ele><time>2026-04-10T15:54:04Z</time></rtept><rtept lat="37.707736" lon="-107.513092"><ele>3717.0</ele><time>2026-04-10T15:54:04Z</time></rtept><rtept lat="37.707664" lon="-107.5131"><ele>3717.2</ele><time>2026-04-10T15:54:04Z</time></rtept><rtept lat="37.70755" lon="-107.513149"><ele>3717.4</ele><time>2026-04-10T15:54:04Z</time></rtept><rtept lat="37.707426" lon="-107.51315"><ele>3717.8</ele><time>2026-04-10T15:54:04Z</time></rtept><rtept lat="37.707343" lon="-107.513154"><ele>3719.2</ele><time>2026-04-10T15:54:04Z</time></rtept><rtept lat="37.707214" lon="-107.513051"><ele>3718.0</ele><time>2026-04-10T15:54:04Z</time></rtept><rtept lat="37.707041" lon="-107.512981"><ele>3717.2</ele><time>2026-04-10T15:54:04Z</time></rtept><rtept lat="37.706866" lon="-107.512989"><ele>3716.6</ele><time>2026-04-10T15:54:04Z</time></rtept><rtept lat="37.706707" lon="-107.513016"><ele>3714.8</ele><time>2026-04-10T15:54:04Z</time></rtept><rtept lat="37.706595" lon="-107.513035"><ele>3715.2</ele><time>2026-04-10T15:54:04Z</time></rtept><rtept lat="37.70643" lon="-107.513163"><ele>3720.8</ele><time>2026-04-10T15:54:04Z</time></rtept><rtept lat="37.706366" lon="-107.513097"><ele>3723.6</ele><time>2026-04-10T15:54:04Z</time></rtept><rtept lat="37.706308" lon="-107.513095"><ele>3723.6</ele><time>2026-04-10T15:54:04Z</time></rtept><rtept lat="37.706216" lon="-107.513098"><ele>3728.8</ele><time>2026-04-10T15:54:04Z</time></rtept><rtept lat="37.706048" lon="-107.513229"><ele>3734.0</ele><time>2026-04-10T15:54:04Z</time></rtept><rtept lat="37.705767" lon="-107.513341"><ele>3740.0</ele><time>2026-04-10T15:54:04Z</time></rtept><rtept lat="37.705647" lon="-107.513386"><ele>3744.0</ele><time>2026-04-10T15:54:04Z</time></rtept><rtept lat="37.705567" lon="-107.513548"><ele>3746.0</ele><time>2026-04-10T15:54:04Z</time></rtept><rtept lat="37.705498" lon="-107.513593"><ele>3747.6</ele><time>2026-04-10T15:54:04Z</time></rtept><rtept lat="37.705442" lon="-107.513635"><ele>3748.8</ele><time>2026-04-10T15:54:04Z</time></rtept><rtept lat="37.705392" lon="-107.513679"><ele>3750.4</ele><time>2026-04-10T15:54:04Z</time></rtept><rtept lat="37.705335" lon="-107.513701"><ele>3751.8</ele><time>2026-04-10T15:54:04Z</time></rtept><rtept lat="37.705277" lon="-107.513704"><ele>3753.2</ele><time>2026-04-10T15:54:04Z</time></rtept><rtept lat="37.705248" lon="-107.513657"><ele>3753.6</ele><time>2026-04-10T15:54:04Z</time></rtept><rtept lat="37.705249" lon="-107.513605"><ele>3753.6</ele><time>2026-04-10T15:54:04Z</time></rtept><rtept lat="37.705209" lon="-107.51358"><ele>3755.6</ele><time>2026-04-10T15:54:04Z</time></rtept><rtept lat="37.705147" lon="-107.513631"><ele>3755.4</ele><time>2026-04-10T15:54:04Z</time></rtept><rtept lat="37.705091" lon="-107.513739"><ele>3756.6</ele><time>2026-04-10T15:54:04Z</time></rtept><rtept lat="37.704968" lon="-107.513891"><ele>3758.4</ele><time>2026-04-10T15:54:04Z</time></rtept><rtept lat="37.70491" lon="-107.514"><ele>3759.8</ele><time>2026-04-10T15:54:04Z</time></rtept><rtept lat="37.704841" lon="-107.514148"><ele>3761.2</ele><time>2026-04-10T15:54:04Z</time></rtept><rtept lat="37.704811" lon="-107.514321"><ele>3762.2</ele><time>2026-04-10T15:54:04Z</time></rtept><rtept lat="37.704794" lon="-107.514471"><ele>3764.4</ele><time>2026-04-10T15:54:04Z</time></rtept><rtept lat="37.704796" lon="-107.514576"><ele>3764.4</ele><time>2026-04-10T15:54:04Z</time></rtept><rtept lat="37.704794" lon="-107.514663"><ele>3764.2</ele><time>2026-04-10T15:54:04Z</time></rtept><rtept lat="37.704784" lon="-107.514727"><ele>3764.4</ele><time>2026-04-10T15:54:04Z</time></rtept><rtept lat="37.704795" lon="-107.51482"><ele>3764.8</ele><time>2026-04-10T15:54:04Z</time></rtept><rtept lat="37.704807" lon="-107.514919"><ele>3764.4</ele><time>2026-04-10T15:54:04Z</time></rtept><rtept lat="37.704832" lon="-107.515036"><ele>3764.8</ele><time>2026-04-10T15:54:04Z</time></rtept><rtept lat="37.70485" lon="-107.515129"><ele>3765.6</ele><time>2026-04-10T15:54:04Z</time></rtept><rtept lat="37.70488" lon="-107.515194"><ele>3765.6</ele><time>2026-04-10T15:54:04Z</time></rtept><rtept lat="37.704911" lon="-107.515216"><ele>3766.2</ele><time>2026-04-10T15:54:04Z</time></rtept><rtept lat="37.704933" lon="-107.515231"><ele>3766.2</ele><time>2026-04-10T15:54:04Z</time></rtept><rtept lat="37.704974" lon="-107.515302"><ele>3767.2</ele><time>2026-04-10T15:54:04Z</time></rtept><rtept lat="37.705005" lon="-107.515372"><ele>3767.2</ele><time>2026-04-10T15:54:04Z</time></rtept><rtept lat="37.70502" lon="-107.515506"><ele>3769.0</ele><time>2026-04-10T15:54:04Z</time></rtept><rtept lat="37.705012" lon="-107.515645"><ele>3769.6</ele><time>2026-04-10T15:54:04Z</time></rtept><rtept lat="37.705083" lon="-107.516036"><ele>3774.4</ele><time>2026-04-10T15:54:04Z</time></rtept><rtept lat="37.705123" lon="-107.516148"><ele>3775.4</ele><time>2026-04-10T15:54:04Z</time></rtept><rtept lat="37.705161" lon="-107.516266"><ele>3779.2</ele><time>2026-04-10T15:54:04Z</time></rtept><rtept lat="37.705199" lon="-107.516383"><ele>3779.6</ele><time>2026-04-10T15:54:04Z</time></rtept><rtept lat="37.705244" lon="-107.516512"><ele>3783.0</ele><time>2026-04-10T15:54:04Z</time></rtept><rtept lat="37.705272" lon="-107.51664"><ele>3783.4</ele><time>2026-04-10T15:54:04Z</time></rtept><rtept lat="37.705288" lon="-107.516769"><ele>3787.6</ele><time>2026-04-10T15:54:04Z</time></rtept><rtept lat="37.705286" lon="-107.516833"><ele>3787.6</ele><time>2026-04-10T15:54:04Z</time></rtept><rtept lat="37.705294" lon="-107.516908"><ele>3788.0</ele><time>2026-04-10T15:54:04Z</time></rtept><rtept lat="37.705316" lon="-107.517013"><ele>3788.4</ele><time>2026-04-10T15:54:04Z</time></rtept><rtept lat="37.705333" lon="-107.517101"><ele>3789.4</ele><time>2026-04-10T15:54:04Z</time></rtept><rtept lat="37.705339" lon="-107.5172"><ele>3790.2</ele><time>2026-04-10T15:54:04Z</time></rtept><rtept lat="37.705341" lon="-107.517322"><ele>3790.8</ele><time>2026-04-10T15:54:04Z</time></rtept><rtept lat="37.705321" lon="-107.517449"><ele>3792.0</ele><time>2026-04-10T15:54:04Z</time></rtept><rtept lat="37.705318" lon="-107.517559"><ele>3792.4</ele><time>2026-04-10T15:54:04Z</time></rtept><rtept lat="37.705316" lon="-107.517663"><ele>3792.8</ele><time>2026-04-10T15:54:04Z</time></rtept><rtept lat="37.705322" lon="-107.517786"><ele>3793.2</ele><time>2026-04-10T15:54:04Z</time></rtept><rtept lat="37.705329" lon="-107.517884"><ele>3794.0</ele><time>2026-04-10T15:54:04Z</time></rtept><rtept lat="37.705326" lon="-107.518029"><ele>3794.4</ele><time>2026-04-10T15:54:04Z</time></rtept><rtept lat="37.705319" lon="-107.518151"><ele>3795.0</ele><time>2026-04-10T15:54:04Z</time></rtept><rtept lat="37.705298" lon="-107.518284"><ele>3795.2</ele><time>2026-04-10T15:54:04Z</time></rtept><rtept lat="37.705291" lon="-107.518417"><ele>3796.0</ele><time>2026-04-10T15:54:04Z</time></rtept><rtept lat="37.705288" lon="-107.518556"><ele>3796.4</ele><time>2026-04-10T15:54:04Z</time></rtept><rtept lat="37.705285" lon="-107.518707"><ele>3797.4</ele><time>2026-04-10T15:54:04Z</time></rtept><rtept lat="37.705288" lon="-107.518776"><ele>3797.8</ele><time>2026-04-10T15:54:04Z</time></rtept><rtept lat="37.705285" lon="-107.518898"><ele>3798.4</ele><time>2026-04-10T15:54:04Z</time></rtept><rtept lat="37.705288" lon="-107.518985"><ele>3799.4</ele><time>2026-04-10T15:54:04Z</time></rtept><rtept lat="37.705305" lon="-107.519026"><ele>3801.0</ele><time>2026-04-10T15:54:04Z</time></rtept><rtept lat="37.705317" lon="-107.519079"><ele>3803.2</ele><time>2026-04-10T15:54:04Z</time></rtept><rtept lat="37.705316" lon="-107.519161"><ele>3805.4</ele><time>2026-04-10T15:54:04Z</time></rtept><rtept lat="37.705264" lon="-107.519275"><ele>3806.4</ele><time>2026-04-10T15:54:04Z</time></rtept><rtept lat="37.705209" lon="-107.519377"><ele>3806.6</ele><time>2026-04-10T15:54:04Z</time></rtept><rtept lat="37.705162" lon="-107.519498"><ele>3807.8</ele><time>2026-04-10T15:54:04Z</time></rtept><rtept lat="37.705127" lon="-107.519566"><ele>3808.0</ele><time>2026-04-10T15:54:04Z</time></rtept><rtept lat="37.705088" lon="-107.519663"><ele>3809.0</ele><time>2026-04-10T15:54:04Z</time></rtept><rtept lat="37.705022" lon="-107.519731"><ele>3809.0</ele><time>2026-04-10T15:54:04Z</time></rtept><rtept lat="37.704967" lon="-107.519769"><ele>3809.2</ele><time>2026-04-10T15:54:04Z</time></rtept><rtept lat="37.704889" lon="-107.519831"><ele>3808.8</ele><time>2026-04-10T15:54:04Z</time></rtept><rtept lat="37.704864" lon="-107.519853"><ele>3809.6</ele><time>2026-04-10T15:54:04Z</time></rtept><rtept lat="37.704825" lon="-107.519909"><ele>3809.6</ele><time>2026-04-10T15:54:04Z</time></rtept><rtept lat="37.704778" lon="-107.519943"><ele>3810.0</ele><time>2026-04-10T15:54:04Z</time></rtept><rtept lat="37.704742" lon="-107.52"><ele>3810.0</ele><time>2026-04-10T15:54:04Z</time></rtept><rtept lat="37.70471" lon="-107.520058"><ele>3809.8</ele><time>2026-04-10T15:54:04Z</time></rtept><rtept lat="37.704673" lon="-107.520104"><ele>3809.8</ele><time>2026-04-10T15:54:04Z</time></rtept><rtept lat="37.704682" lon="-107.520094"><ele>3809.8</ele><time>2026-04-10T15:54:04Z</time></rtept><rtept lat="37.704673" lon="-107.520104"><ele>3809.8</ele><time>2026-04-10T15:54:04Z</time></rtept><rtept lat="37.704406" lon="-107.520334"><ele>3807.0</ele><time>2026-04-10T15:54:04Z</time></rtept><rtept lat="37.704288" lon="-107.520442"><ele>3806.2</ele><time>2026-04-10T15:54:04Z</time></rtept><rtept lat="37.704171" lon="-107.520519"><ele>3806.4</ele><time>2026-04-10T15:54:04Z</time></rtept><rtept lat="37.703992" lon="-107.520674"><ele>3804.2</ele><time>2026-04-10T15:54:04Z</time></rtept><rtept lat="37.70386" lon="-107.520818"><ele>3800.0</ele><time>2026-04-10T15:54:04Z</time></rtept><rtept lat="37.703756" lon="-107.52094"><ele>3797.6</ele><time>2026-04-10T15:54:04Z</time></rtept><rtept lat="37.703646" lon="-107.521039"><ele>3795.0</ele><time>2026-04-10T15:54:04Z</time></rtept><rtept lat="37.703513" lon="-107.521172"><ele>3789.6</ele><time>2026-04-10T15:54:04Z</time></rtept><rtept lat="37.703416" lon="-107.52124"><ele>3786.6</ele><time>2026-04-10T15:54:04Z</time></rtept><rtept lat="37.703304" lon="-107.521434"><ele>3780.4</ele><time>2026-04-10T15:54:04Z</time></rtept><rtept lat="37.703229" lon="-107.521559"><ele>3777.8</ele><time>2026-04-10T15:54:04Z</time></rtept><rtept lat="37.703173" lon="-107.521628"><ele>3775.4</ele><time>2026-04-10T15:54:04Z</time></rtept><rtept lat="37.703003" lon="-107.521773"><ele>3770.2</ele><time>2026-04-10T15:54:04Z</time></rtept><rtept lat="37.702932" lon="-107.521853"><ele>3767.0</ele><time>2026-04-10T15:54:04Z</time></rtept><rtept lat="37.702793" lon="-107.521954"><ele>3762.2</ele><time>2026-04-10T15:54:04Z</time></rtept><rtept lat="37.702661" lon="-107.521977"><ele>3759.0</ele><time>2026-04-10T15:54:04Z</time></rtept><rtept lat="37.702523" lon="-107.521998"><ele>3753.6</ele><time>2026-04-10T15:54:04Z</time></rtept><rtept lat="37.702323" lon="-107.52203"><ele>3746.6</ele><time>2026-04-10T15:54:04Z</time></rtept><rtept lat="37.702213" lon="-107.521994"><ele>3741.8</ele><time>2026-04-10T15:54:04Z</time></rtept><rtept lat="37.702142" lon="-107.521986"><ele>3741.6</ele><time>2026-04-10T15:54:04Z</time></rtept><rtept lat="37.701983" lon="-107.52195"><ele>3736.6</ele><time>2026-04-10T15:54:04Z</time></rtept><rtept lat="37.701841" lon="-107.521941"><ele>3731.6</ele><time>2026-04-10T15:54:04Z</time></rtept><rtept lat="37.70174" lon="-107.521942"><ele>3726.2</ele><time>2026-04-10T15:54:04Z</time></rtept><rtept lat="37.701573" lon="-107.521883"><ele>3723.6</ele><time>2026-04-10T15:54:04Z</time></rtept><rtept lat="37.70143" lon="-107.521953"><ele>3716.0</ele><time>2026-04-10T15:54:04Z</time></rtept><rtept lat="37.701398" lon="-107.522037"><ele>3710.6</ele><time>2026-04-10T15:54:04Z</time></rtept><rtept lat="37.70133" lon="-107.522125"><ele>3706.8</ele><time>2026-04-10T15:54:04Z</time></rtept><rtept lat="37.701215" lon="-107.52212"><ele>3705.6</ele><time>2026-04-10T15:54:04Z</time></rtept><rtept lat="37.701" lon="-107.52215"><ele>3700.8</ele><time>2026-04-10T15:54:04Z</time></rtept><rtept lat="37.700823" lon="-107.522242"><ele>3697.2</ele><time>2026-04-10T15:54:04Z</time></rtept><rtept lat="37.700583" lon="-107.522118"><ele>3694.2</ele><time>2026-04-10T15:54:04Z</time></rtept><rtept lat="37.700534" lon="-107.522133"><ele>3694.2</ele><time>2026-04-10T15:54:04Z</time></rtept><rtept lat="37.700377" lon="-107.522103"><ele>3693.0</ele><time>2026-04-10T15:54:04Z</time></rtept><rtept lat="37.700358" lon="-107.522118"><ele>3693.0</ele><time>2026-04-10T15:54:04Z</time></rtept><rtept lat="37.700327" lon="-107.522142"><ele>3693.0</ele><time>2026-04-10T15:54:04Z</time></rtept><rtept lat="37.700181" lon="-107.522117"><ele>3692.0</ele><time>2026-04-10T15:54:04Z</time></rtept><rtept lat="37.700074" lon="-107.522051"><ele>3691.2</ele><time>2026-04-10T15:54:04Z</time></rtept><rtept lat="37.700014" lon="-107.52204"><ele>3690.6</ele><time>2026-04-10T15:54:04Z</time></rtept><rtept lat="37.699945" lon="-107.522026"><ele>3690.2</ele><time>2026-04-10T15:54:04Z</time></rtept><rtept lat="37.699916" lon="-107.522019"><ele>3689.8</ele><time>2026-04-10T15:54:04Z</time></rtept><rtept lat="37.699779" lon="-107.521983"><ele>3688.2</ele><time>2026-04-10T15:54:04Z</time></rtept><rtept lat="37.699554" lon="-107.522052"><ele>3687.8</ele><time>2026-04-10T15:54:04Z</time></rtept><rtept lat="37.699428" lon="-107.521884"><ele>3685.4</ele><time>2026-04-10T15:54:04Z</time></rtept><rtept lat="37.699202" lon="-107.521875"><ele>3684.8</ele><time>2026-04-10T15:54:04Z</time></rtept><rtept lat="37.698961" lon="-107.521871"><ele>3684.8</ele><time>2026-04-10T15:54:04Z</time></rtept><rtept lat="37.698832" lon="-107.521874"><ele>3685.0</ele><time>2026-04-10T15:54:04Z</time></rtept><rtept lat="37.69856" lon="-107.521824"><ele>3686.0</ele><time>2026-04-10T15:54:04Z</time></rtept><rtept lat="37.698324" lon="-107.5217"><ele>3682.8</ele><time>2026-04-10T15:54:04Z</time></rtept><rtept lat="37.698075" lon="-107.521643"><ele>3681.8</ele><time>2026-04-10T15:54:04Z</time></rtept><rtept lat="37.697993" lon="-107.52163"><ele>3682.0</ele><time>2026-04-10T15:54:04Z</time></rtept><rtept lat="37.697914" lon="-107.521624"><ele>3682.0</ele><time>2026-04-10T15:54:04Z</time></rtept><rtept lat="37.697842" lon="-107.521619"><ele>3682.2</ele><time>2026-04-10T15:54:04Z</time></rtept><rtept lat="37.697791" lon="-107.521614"><ele>3682.0</ele><time>2026-04-10T15:54:04Z</time></rtept><rtept lat="37.697564" lon="-107.521614"><ele>3679.6</ele><time>2026-04-10T15:54:04Z</time></rtept><rtept lat="37.697472" lon="-107.521655"><ele>3678.4</ele><time>2026-04-10T15:54:04Z</time></rtept><rtept lat="37.697343" lon="-107.521738"><ele>3678.0</ele><time>2026-04-10T15:54:04Z</time></rtept><rtept lat="37.697132" lon="-107.521869"><ele>3671.0</ele><time>2026-04-10T15:54:04Z</time></rtept><rtept lat="37.696963" lon="-107.521896"><ele>3669.2</ele><time>2026-04-10T15:54:04Z</time></rtept><rtept lat="37.696852" lon="-107.521963"><ele>3670.0</ele><time>2026-04-10T15:54:04Z</time></rtept><rtept lat="37.696824" lon="-107.521988"><ele>3670.0</ele><time>2026-04-10T15:54:04Z</time></rtept><rtept lat="37.696726" lon="-107.522075"><ele>3671.6</ele><time>2026-04-10T15:54:04Z</time></rtept><rtept lat="37.696463" lon="-107.522063"><ele>3664.0</ele><time>2026-04-10T15:54:04Z</time></rtept><rtept lat="37.696281" lon="-107.522055"><ele>3656.4</ele><time>2026-04-10T15:54:04Z</time></rtept><rtept lat="37.696182" lon="-107.522103"><ele>3656.2</ele><time>2026-04-10T15:54:04Z</time></rtept><rtept lat="37.696017" lon="-107.522115"><ele>3653.0</ele><time>2026-04-10T15:54:04Z</time></rtept><rtept lat="37.695806" lon="-107.522072"><ele>3652.4</ele><time>2026-04-10T15:54:04Z</time></rtept><rtept lat="37.695669" lon="-107.522105"><ele>3654.4</ele><time>2026-04-10T15:54:04Z</time></rtept><rtept lat="37.695474" lon="-107.522074"><ele>3650.6</ele><time>2026-04-10T15:54:04Z</time></rtept><rtept lat="37.695243" lon="-107.522132"><ele>3648.8</ele><time>2026-04-10T15:54:04Z</time></rtept><rtept lat="37.695163" lon="-107.522098"><ele>3646.6</ele><time>2026-04-10T15:54:04Z</time></rtept><rtept lat="37.69512" lon="-107.522048"><ele>3645.2</ele><time>2026-04-10T15:54:04Z</time></rtept><rtept lat="37.695005" lon="-107.521963"><ele>3643.2</ele><time>2026-04-10T15:54:04Z</time></rtept><rtept lat="37.69482" lon="-107.521968"><ele>3642.0</ele><time>2026-04-10T15:54:04Z</time></rtept><rtept lat="37.69467" lon="-107.521911"><ele>3641.2</ele><time>2026-04-10T15:54:04Z</time></rtept><rtept lat="37.694555" lon="-107.521869"><ele>3638.4</ele><time>2026-04-10T15:54:04Z</time></rtept><rtept lat="37.694508" lon="-107.521845"><ele>3638.4</ele><time>2026-04-10T15:54:04Z</time></rtept><rtept lat="37.694443" lon="-107.521798"><ele>3635.8</ele><time>2026-04-10T15:54:04Z</time></rtept><rtept lat="37.69432" lon="-107.521686"><ele>3632.6</ele><time>2026-04-10T15:54:04Z</time></rtept><rtept lat="37.6942" lon="-107.521631"><ele>3629.2</ele><time>2026-04-10T15:54:04Z</time></rtept><rtept lat="37.694121" lon="-107.521574"><ele>3628.6</ele><time>2026-04-10T15:54:04Z</time></rtept><rtept lat="37.694107" lon="-107.521564"><ele>3628.6</ele><time>2026-04-10T15:54:04Z</time></rtept><rtept lat="37.693948" lon="-107.521541"><ele>3624.4</ele><time>2026-04-10T15:54:04Z</time></rtept><rtept lat="37.693844" lon="-107.521537"><ele>3623.4</ele><time>2026-04-10T15:54:04Z</time></rtept><rtept lat="37.693734" lon="-107.521495"><ele>3622.8</ele><time>2026-04-10T15:54:04Z</time></rtept><rtept lat="37.693569" lon="-107.52146"><ele>3619.2</ele><time>2026-04-10T15:54:04Z</time></rtept><rtept lat="37.69354" lon="-107.521453"><ele>3619.2</ele><time>2026-04-10T15:54:04Z</time></rtept><rtept lat="37.693352" lon="-107.521367"><ele>3613.2</ele><time>2026-04-10T15:54:04Z</time></rtept><rtept lat="37.693215" lon="-107.52137"><ele>3610.6</ele><time>2026-04-10T15:54:04Z</time></rtept><rtept lat="37.693086" lon="-107.521393"><ele>3609.4</ele><time>2026-04-10T15:54:04Z</time></rtept><rtept lat="37.692895" lon="-107.52149"><ele>3605.8</ele><time>2026-04-10T15:54:04Z</time></rtept><rtept lat="37.692759" lon="-107.52155"><ele>3602.8</ele><time>2026-04-10T15:54:04Z</time></rtept><rtept lat="37.692551" lon="-107.521602"><ele>3602.0</ele><time>2026-04-10T15:54:04Z</time></rtept><rtept lat="37.692433" lon="-107.521626"><ele>3598.8</ele><time>2026-04-10T15:54:04Z</time></rtept><rtept lat="37.692242" lon="-107.521658"><ele>3595.2</ele><time>2026-04-10T15:54:04Z</time></rtept><rtept lat="37.69209" lon="-107.521727"><ele>3593.2</ele><time>2026-04-10T15:54:04Z</time></rtept><rtept lat="37.691895" lon="-107.521692"><ele>3590.2</ele><time>2026-04-10T15:54:04Z</time></rtept><rtept lat="37.69171" lon="-107.52168"><ele>3589.2</ele><time>2026-04-10T15:54:04Z</time></rtept><rtept lat="37.691572" lon="-107.521706"><ele>3589.4</ele><time>2026-04-10T15:54:04Z</time></rtept><rtept lat="37.691345" lon="-107.521471"><ele>3579.2</ele><time>2026-04-10T15:54:04Z</time></rtept><rtept lat="37.69144" lon="-107.521421"><ele>3580.0</ele><time>2026-04-10T15:54:04Z</time></rtept><rtept lat="37.691413" lon="-107.521314"><ele>3576.4</ele><time>2026-04-10T15:54:04Z</time></rtept><rtept lat="37.691381" lon="-107.521183"><ele>3576.0</ele><time>2026-04-10T15:54:04Z</time></rtept><rtept lat="37.691258" lon="-107.521006"><ele>3576.2</ele><time>2026-04-10T15:54:04Z</time></rtept><rtept lat="37.691158" lon="-107.520881"><ele>3577.0</ele><time>2026-04-10T15:54:04Z</time></rtept><rtept lat="37.691091" lon="-107.52081"><ele>3578.2</ele><time>2026-04-10T15:54:04Z</time></rtept><rtept lat="37.691033" lon="-107.52083"><ele>3577.8</ele><time>2026-04-10T15:54:04Z</time></rtept><rtept lat="37.690919" lon="-107.520868"><ele>3576.8</ele><time>2026-04-10T15:54:04Z</time></rtept><rtept lat="37.690815" lon="-107.520816"><ele>3575.6</ele><time>2026-04-10T15:54:04Z</time></rtept><rtept lat="37.690815" lon="-107.520816"><ele>3575.6</ele><time>2026-04-10T15:54:04Z</time></rtept><rtept lat="37.69077" lon="-107.520794"><ele>3575.6</ele><time>2026-04-10T15:54:04Z</time></rtept><rtept lat="37.690769" lon="-107.520791"><ele>3575.6</ele><time>2026-04-10T15:54:04Z</time></rtept><rtept lat="37.690705" lon="-107.520786"><ele>3577.4</ele><time>2026-04-10T15:54:04Z</time></rtept><rtept lat="37.690531" lon="-107.520811"><ele>3572.8</ele><time>2026-04-10T15:54:04Z</time></rtept><rtept lat="37.6905" lon="-107.520839"><ele>3572.8</ele><time>2026-04-10T15:54:04Z</time></rtept><rtept lat="37.690379" lon="-107.520973"><ele>3565.4</ele><time>2026-04-10T15:54:04Z</time></rtept><rtept lat="37.69042" lon="-107.521127"><ele>3563.2</ele><time>2026-04-10T15:54:04Z</time></rtept><rtept lat="37.690122" lon="-107.521196"><ele>3554.8</ele><time>2026-04-10T15:54:04Z</time></rtept><rtept lat="37.689644" lon="-107.521138"><ele>3544.4</ele><time>2026-04-10T15:54:04Z</time></rtept><rtept lat="37.689181" lon="-107.521266"><ele>3536.2</ele><time>2026-04-10T15:54:04Z</time></rtept><rtept lat="37.689297" lon="-107.521365"><ele>3534.6</ele><time>2026-04-10T15:54:04Z</time></rtept><rtept lat="37.689154" lon="-107.521456"><ele>3529.2</ele><time>2026-04-10T15:54:04Z</time></rtept><rtept lat="37.689064" lon="-107.521508"><ele>3524.6</ele><time>2026-04-10T15:54:04Z</time></rtept><rtept lat="37.688927" lon="-107.521551"><ele>3521.8</ele><time>2026-04-10T15:54:04Z</time></rtept><rtept lat="37.688827" lon="-107.52143"><ele>3522.2</ele><time>2026-04-10T15:54:04Z</time></rtept><rtept lat="37.688678" lon="-107.521362"><ele>3525.2</ele><time>2026-04-10T15:54:04Z</time></rtept><rtept lat="37.688488" lon="-107.521299"><ele>3527.2</ele><time>2026-04-10T15:54:04Z</time></rtept><rtept lat="37.688353" lon="-107.521251"><ele>3523.6</ele><time>2026-04-10T15:54:04Z</time></rtept><rtept lat="37.688193" lon="-107.521151"><ele>3521.2</ele><time>2026-04-10T15:54:04Z</time></rtept><rtept lat="37.688058" lon="-107.520949"><ele>3520.8</ele><time>2026-04-10T15:54:04Z</time></rtept><rtept lat="37.687911" lon="-107.520731"><ele>3516.4</ele><time>2026-04-10T15:54:04Z</time></rtept><rtept lat="37.687763" lon="-107.520521"><ele>3517.0</ele><time>2026-04-10T15:54:04Z</time></rtept><rtept lat="37.687592" lon="-107.5204"><ele>3509.0</ele><time>2026-04-10T15:54:04Z</time></rtept><rtept lat="37.687534" lon="-107.520228"><ele>3514.4</ele><time>2026-04-10T15:54:04Z</time></rtept><rtept lat="37.687478" lon="-107.520163"><ele>3516.6</ele><time>2026-04-10T15:54:04Z</time></rtept><rtept lat="37.687473" lon="-107.520172"><ele>3516.6</ele><time>2026-04-10T15:54:04Z</time></rtept><rtept lat="37.687424" lon="-107.520123"><ele>3516.6</ele><time>2026-04-10T15:54:04Z</time></rtept><rtept lat="37.687391" lon="-107.520047"><ele>3518.0</ele><time>2026-04-10T15:54:04Z</time></rtept><rtept lat="37.687379" lon="-107.519925"><ele>3520.4</ele><time>2026-04-10T15:54:04Z</time></rtept><rtept lat="37.687391" lon="-107.519887"><ele>3520.4</ele><time>2026-04-10T15:54:04Z</time></rtept><rtept lat="37.687405" lon="-107.519846"><ele>3520.4</ele><time>2026-04-10T15:54:04Z</time></rtept><rtept lat="37.687387" lon="-107.519754"><ele>3522.0</ele><time>2026-04-10T15:54:04Z</time></rtept><rtept lat="37.68735" lon="-107.519616"><ele>3519.4</ele><time>2026-04-10T15:54:04Z</time></rtept><rtept lat="37.687332" lon="-107.519463"><ele>3521.4</ele><time>2026-04-10T15:54:04Z</time></rtept><rtept lat="37.687316" lon="-107.519302"><ele>3523.8</ele><time>2026-04-10T15:54:04Z</time></rtept><rtept lat="37.687271" lon="-107.519242"><ele>3522.4</ele><time>2026-04-10T15:54:04Z</time></rtept><rtept lat="37.687243" lon="-107.519204"><ele>3522.4</ele><time>2026-04-10T15:54:04Z</time></rtept><rtept lat="37.68721" lon="-107.519125"><ele>3520.0</ele><time>2026-04-10T15:54:04Z</time></rtept><rtept lat="37.687212" lon="-107.519099"><ele>3520.0</ele><time>2026-04-10T15:54:04Z</time></rtept><rtept lat="37.687233" lon="-107.519029"><ele>3524.0</ele><time>2026-04-10T15:54:04Z</time></rtept><rtept lat="37.687251" lon="-107.51897"><ele>3524.4</ele><time>2026-04-10T15:54:04Z</time></rtept><rtept lat="37.687239" lon="-107.518829"><ele>3525.0</ele><time>2026-04-10T15:54:04Z</time></rtept><rtept lat="37.687224" lon="-107.518687"><ele>3526.2</ele><time>2026-04-10T15:54:04Z</time></rtept><rtept lat="37.687166" lon="-107.518535"><ele>3523.6</ele><time>2026-04-10T15:54:04Z</time></rtept><rtept lat="37.687168" lon="-107.518369"><ele>3525.0</ele><time>2026-04-10T15:54:04Z</time></rtept><rtept lat="37.687151" lon="-107.518227"><ele>3525.8</ele><time>2026-04-10T15:54:04Z</time></rtept><rtept lat="37.687138" lon="-107.518066"><ele>3525.4</ele><time>2026-04-10T15:54:04Z</time></rtept><rtept lat="37.687156" lon="-107.517795"><ele>3533.2</ele><time>2026-04-10T15:54:04Z</time></rtept><rtept lat="37.687155" lon="-107.517677"><ele>3536.0</ele><time>2026-04-10T15:54:04Z</time></rtept><rtept lat="37.687159" lon="-107.517598"><ele>3536.8</ele><time>2026-04-10T15:54:04Z</time></rtept><rtept lat="37.687154" lon="-107.5176"><ele>3536.8</ele><time>2026-04-10T15:54:04Z</time></rtept><rtept lat="37.687173" lon="-107.517537"><ele>3536.8</ele><time>2026-04-10T15:54:04Z</time></rtept><rtept lat="37.687197" lon="-107.517452"><ele>3537.4</ele><time>2026-04-10T15:54:04Z</time></rtept><rtept lat="37.687192" lon="-107.517384"><ele>3537.8</ele><time>2026-04-10T15:54:04Z</time></rtept><rtept lat="37.68717" lon="-107.517212"><ele>3538.0</ele><time>2026-04-10T15:54:04Z</time></rtept><rtept lat="37.687171" lon="-107.517056"><ele>3538.2</ele><time>2026-04-10T15:54:04Z</time></rtept><rtept lat="37.687209" lon="-107.516898"><ele>3538.4</ele><time>2026-04-10T15:54:04Z</time></rtept><rtept lat="37.68724" lon="-107.516821"><ele>3540.2</ele><time>2026-04-10T15:54:04Z</time></rtept><rtept lat="37.68727" lon="-107.516746"><ele>3540.4</ele><time>2026-04-10T15:54:04Z</time></rtept><rtept lat="37.687304" lon="-107.516595"><ele>3542.4</ele><time>2026-04-10T15:54:04Z</time></rtept><rtept lat="37.68731" lon="-107.516549"><ele>3542.4</ele><time>2026-04-10T15:54:04Z</time></rtept><rtept lat="37.687324" lon="-107.516424"><ele>3542.4</ele><time>2026-04-10T15:54:04Z</time></rtept><rtept lat="37.687352" lon="-107.51632"><ele>3542.2</ele><time>2026-04-10T15:54:04Z</time></rtept><rtept lat="37.687372" lon="-107.516247"><ele>3544.0</ele><time>2026-04-10T15:54:04Z</time></rtept><rtept lat="37.687414" lon="-107.516133"><ele>3543.6</ele><time>2026-04-10T15:54:04Z</time></rtept><rtept lat="37.687434" lon="-107.516079"><ele>3545.8</ele><time>2026-04-10T15:54:04Z</time></rtept><rtept lat="37.687446" lon="-107.515928"><ele>3545.2</ele><time>2026-04-10T15:54:04Z</time></rtept><rtept lat="37.687446" lon="-107.515917"><ele>3545.2</ele><time>2026-04-10T15:54:04Z</time></rtept><rtept lat="37.687443" lon="-107.515848"><ele>3544.8</ele><time>2026-04-10T15:54:04Z</time></rtept><rtept lat="37.687418" lon="-107.51583"><ele>3543.8</ele><time>2026-04-10T15:54:04Z</time></rtept><rtept lat="37.6874" lon="-107.51583"><ele>3543.8</ele><time>2026-04-10T15:54:04Z</time></rtept><rtept lat="37.687311" lon="-107.515834"><ele>3543.8</ele><time>2026-04-10T15:54:04Z</time></rtept><rtept lat="37.687243" lon="-107.515798"><ele>3544.8</ele><time>2026-04-10T15:54:04Z</time></rtept><rtept lat="37.687223" lon="-107.515808"><ele>3544.8</ele><time>2026-04-10T15:54:04Z</time></rtept><rtept lat="37.687199" lon="-107.515819"><ele>3544.6</ele><time>2026-04-10T15:54:04Z</time></rtept><rtept lat="37.687126" lon="-107.515919"><ele>3544.6</ele><time>2026-04-10T15:54:04Z</time></rtept><rtept lat="37.687098" lon="-107.515935"><ele>3544.6</ele><time>2026-04-10T15:54:04Z</time></rtept><rtept lat="37.687103" lon="-107.515885"><ele>3545.4</ele><time>2026-04-10T15:54:04Z</time></rtept><rtept lat="37.687057" lon="-107.515779"><ele>3547.2</ele><time>2026-04-10T15:54:04Z</time></rtept><rtept lat="37.686996" lon="-107.515651"><ele>3549.0</ele><time>2026-04-10T15:54:04Z</time></rtept><rtept lat="37.687007" lon="-107.515585"><ele>3550.0</ele><time>2026-04-10T15:54:04Z</time></rtept><rtept lat="37.687061" lon="-107.515454"><ele>3550.6</ele><time>2026-04-10T15:54:04Z</time></rtept><rtept lat="37.687108" lon="-107.515315"><ele>3550.2</ele><time>2026-04-10T15:54:04Z</time></rtept><rtept lat="37.687139" lon="-107.515234"><ele>3551.6</ele><time>2026-04-10T15:54:04Z</time></rtept><rtept lat="37.687168" lon="-107.515162"><ele>3551.6</ele><time>2026-04-10T15:54:04Z</time></rtept><rtept lat="37.687213" lon="-107.515043"><ele>3553.2</ele><time>2026-04-10T15:54:04Z</time></rtept><rtept lat="37.687257" lon="-107.514974"><ele>3553.6</ele><time>2026-04-10T15:54:04Z</time></rtept><rtept lat="37.687316" lon="-107.514895"><ele>3554.0</ele><time>2026-04-10T15:54:04Z</time></rtept><rtept lat="37.687343" lon="-107.514797"><ele>3555.4</ele><time>2026-04-10T15:54:04Z</time></rtept><rtept lat="37.687375" lon="-107.514706"><ele>3555.6</ele><time>2026-04-10T15:54:04Z</time></rtept><rtept lat="37.687435" lon="-107.514654"><ele>3555.6</ele><time>2026-04-10T15:54:04Z</time></rtept><rtept lat="37.687497" lon="-107.514588"><ele>3555.6</ele><time>2026-04-10T15:54:04Z</time></rtept><rtept lat="37.687566" lon="-107.514529"><ele>3554.4</ele><time>2026-04-10T15:54:04Z</time></rtept><rtept lat="37.687618" lon="-107.514424"><ele>3557.0</ele><time>2026-04-10T15:54:04Z</time></rtept><rtept lat="37.687622" lon="-107.514417"><ele>3557.0</ele><time>2026-04-10T15:54:04Z</time></rtept><rtept lat="37.687618" lon="-107.514394"><ele>3557.0</ele><time>2026-04-10T15:54:04Z</time></rtept><rtept lat="37.687606" lon="-107.514313"><ele>3558.4</ele><time>2026-04-10T15:54:04Z</time></rtept><rtept lat="37.6876" lon="-107.514284"><ele>3558.4</ele><time>2026-04-10T15:54:04Z</time></rtept><rtept lat="37.687597" lon="-107.514206"><ele>3560.0</ele><time>2026-04-10T15:54:04Z</time></rtept><rtept lat="37.687613" lon="-107.514097"><ele>3561.8</ele><time>2026-04-10T15:54:04Z</time></rtept><rtept lat="37.687655" lon="-107.513996"><ele>3563.8</ele><time>2026-04-10T15:54:04Z</time></rtept><rtept lat="37.687657" lon="-107.513994"><ele>3563.8</ele><time>2026-04-10T15:54:04Z</time></rtept><rtept lat="37.68774" lon="-107.513924"><ele>3562.0</ele><time>2026-04-10T15:54:04Z</time></rtept><rtept lat="37.687751" lon="-107.513914"><ele>3564.0</ele><time>2026-04-10T15:54:04Z</time></rtept><rtept lat="37.687762" lon="-107.513898"><ele>3562.4</ele><time>2026-04-10T15:54:04Z</time></rtept><rtept lat="37.687792" lon="-107.51377"><ele>3564.0</ele><time>2026-04-10T15:54:04Z</time></rtept><rtept lat="37.68781" lon="-107.513649"><ele>3567.6</ele><time>2026-04-10T15:54:04Z</time></rtept><rtept lat="37.687838" lon="-107.513554"><ele>3567.2</ele><time>2026-04-10T15:54:04Z</time></rtept><rtept lat="37.687841" lon="-107.513546"><ele>3567.2</ele><time>2026-04-10T15:54:04Z</time></rtept><rtept lat="37.687851" lon="-107.513498"><ele>3567.2</ele><time>2026-04-10T15:54:04Z</time></rtept><rtept lat="37.687834" lon="-107.513358"><ele>3569.6</ele><time>2026-04-10T15:54:04Z</time></rtept><rtept lat="37.687851" lon="-107.513201"><ele>3571.8</ele><time>2026-04-10T15:54:04Z</time></rtept><rtept lat="37.687894" lon="-107.513073"><ele>3573.4</ele><time>2026-04-10T15:54:04Z</time></rtept><rtept lat="37.687924" lon="-107.512965"><ele>3576.6</ele><time>2026-04-10T15:54:04Z</time></rtept><rtept lat="37.688006" lon="-107.51288"><ele>3577.2</ele><time>2026-04-10T15:54:04Z</time></rtept><rtept lat="37.68808" lon="-107.512785"><ele>3577.6</ele><time>2026-04-10T15:54:04Z</time></rtept><rtept lat="37.688081" lon="-107.512726"><ele>3577.6</ele><time>2026-04-10T15:54:04Z</time></rtept><rtept lat="37.688028" lon="-107.512656"><ele>3581.2</ele><time>2026-04-10T15:54:04Z</time></rtept><rtept lat="37.688038" lon="-107.512603"><ele>3581.4</ele><time>2026-04-10T15:54:04Z</time></rtept><rtept lat="37.688089" lon="-107.512499"><ele>3583.4</ele><time>2026-04-10T15:54:04Z</time></rtept><rtept lat="37.688111" lon="-107.512462"><ele>3584.0</ele><time>2026-04-10T15:54:04Z</time></rtept><rtept lat="37.688116" lon="-107.512352"><ele>3586.0</ele><time>2026-04-10T15:54:04Z</time></rtept><rtept lat="37.6881" lon="-107.512237"><ele>3588.0</ele><time>2026-04-10T15:54:04Z</time></rtept><rtept lat="37.688099" lon="-107.512222"><ele>3589.4</ele><time>2026-04-10T15:54:04Z</time></rtept><rtept lat="37.688089" lon="-107.512112"><ele>3592.8</ele><time>2026-04-10T15:54:04Z</time></rtept><rtept lat="37.688104" lon="-107.51207"><ele>3591.0</ele><time>2026-04-10T15:54:04Z</time></rtept><rtept lat="37.688137" lon="-107.511977"><ele>3592.8</ele><time>2026-04-10T15:54:04Z</time></rtept><rtept lat="37.688146" lon="-107.511868"><ele>3594.4</ele><time>2026-04-10T15:54:04Z</time></rtept><rtept lat="37.688148" lon="-107.511769"><ele>3597.8</ele><time>2026-04-10T15:54:04Z</time></rtept><rtept lat="37.688145" lon="-107.511677"><ele>3600.2</ele><time>2026-04-10T15:54:04Z</time></rtept><rtept lat="37.68815" lon="-107.511657"><ele>3600.2</ele><time>2026-04-10T15:54:04Z</time></rtept><rtept lat="37.688175" lon="-107.511505"><ele>3604.2</ele><time>2026-04-10T15:54:04Z</time></rtept><rtept lat="37.68821" lon="-107.51143"><ele>3606.4</ele><time>2026-04-10T15:54:04Z</time></rtept><rtept lat="37.688233" lon="-107.511321"><ele>3608.2</ele><time>2026-04-10T15:54:04Z</time></rtept><rtept lat="37.688247" lon="-107.511269"><ele>3606.6</ele><time>2026-04-10T15:54:04Z</time></rtept><rtept lat="37.688256" lon="-107.511235"><ele>3608.0</ele><time>2026-04-10T15:54:04Z</time></rtept><rtept lat="37.68828" lon="-107.511188"><ele>3608.0</ele><time>2026-04-10T15:54:04Z</time></rtept><rtept lat="37.688258" lon="-107.511166"><ele>3609.0</ele><time>2026-04-10T15:54:04Z</time></rtept><rtept lat="37.688242" lon="-107.511149"><ele>3609.0</ele><time>2026-04-10T15:54:04Z</time></rtept><rtept lat="37.688268" lon="-107.511063"><ele>3610.0</ele><time>2026-04-10T15:54:04Z</time></rtept><rtept lat="37.688267" lon="-107.510997"><ele>3611.2</ele><time>2026-04-10T15:54:04Z</time></rtept><rtept lat="37.688273" lon="-107.510966"><ele>3611.2</ele><time>2026-04-10T15:54:04Z</time></rtept><rtept lat="37.688198" lon="-107.510971"><ele>3614.8</ele><time>2026-04-10T15:54:04Z</time></rtept><rtept lat="37.688196" lon="-107.51097"><ele>3614.8</ele><time>2026-04-10T15:54:04Z</time></rtept><rtept lat="37.688152" lon="-107.510966"><ele>3619.8</ele><time>2026-04-10T15:54:04Z</time></rtept><rtept lat="37.688177" lon="-107.510928"><ele>3614.8</ele><time>2026-04-10T15:54:04Z</time></rtept><rtept lat="37.688176" lon="-107.510918"><ele>3617.2</ele><time>2026-04-10T15:54:04Z</time></rtept><rtept lat="37.688173" lon="-107.510886"><ele>3617.2</ele><time>2026-04-10T15:54:04Z</time></rtept><rtept lat="37.68817" lon="-107.510848"><ele>3617.2</ele><time>2026-04-10T15:54:04Z</time></rtept><rtept lat="37.68815" lon="-107.510832"><ele>3623.0</ele><time>2026-04-10T15:54:04Z</time></rtept><rtept lat="37.688117" lon="-107.510805"><ele>3623.0</ele><time>2026-04-10T15:54:04Z</time></rtept><rtept lat="37.688135" lon="-107.510738"><ele>3624.0</ele><time>2026-04-10T15:54:04Z</time></rtept><rtept lat="37.688137" lon="-107.510728"><ele>3624.0</ele><time>2026-04-10T15:54:04Z</time></rtept><rtept lat="37.688133" lon="-107.510722"><ele>3624.0</ele><time>2026-04-10T15:54:04Z</time></rtept><rtept lat="37.68809" lon="-107.510666"><ele>3628.4</ele><time>2026-04-10T15:54:04Z</time></rtept><rtept lat="37.688036" lon="-107.510613"><ele>3629.0</ele><time>2026-04-10T15:54:04Z</time></rtept><rtept lat="37.688023" lon="-107.510587"><ele>3633.6</ele><time>2026-04-10T15:54:04Z</time></rtept><rtept lat="37.688038" lon="-107.510571"><ele>3629.8</ele><time>2026-04-10T15:54:04Z</time></rtept><rtept lat="37.688073" lon="-107.510534"><ele>3629.8</ele><time>2026-04-10T15:54:04Z</time></rtept><rtept lat="37.688066" lon="-107.510537"><ele>3629.8</ele><time>2026-04-10T15:54:04Z</time></rtept><rtept lat="37.688104" lon="-107.510496"><ele>3626.4</ele><time>2026-04-10T15:54:04Z</time></rtept><rtept lat="37.688116" lon="-107.510484"><ele>3628.8</ele><time>2026-04-10T15:54:04Z</time></rtept><rtept lat="37.688107" lon="-107.510447"><ele>3628.8</ele><time>2026-04-10T15:54:04Z</time></rtept><rtept lat="37.688087" lon="-107.510424"><ele>3630.6</ele><time>2026-04-10T15:54:04Z</time></rtept><rtept lat="37.688051" lon="-107.510382"><ele>3632.0</ele><time>2026-04-10T15:54:04Z</time></rtept><rtept lat="37.68799" lon="-107.510298"><ele>3634.0</ele><time>2026-04-10T15:54:04Z</time></rtept><rtept lat="37.687933" lon="-107.510223"><ele>3637.8</ele><time>2026-04-10T15:54:04Z</time></rtept><rtept lat="37.687919" lon="-107.510205"><ele>3637.8</ele><time>2026-04-10T15:54:04Z</time></rtept><rtept lat="37.687866" lon="-107.510163"><ele>3639.4</ele><time>2026-04-10T15:54:04Z</time></rtept><rtept lat="37.687842" lon="-107.510144"><ele>3642.0</ele><time>2026-04-10T15:54:04Z</time></rtept><rtept lat="37.687848" lon="-107.510117"><ele>3642.0</ele><time>2026-04-10T15:54:04Z</time></rtept><rtept lat="37.687851" lon="-107.510103"><ele>3642.0</ele><time>2026-04-10T15:54:04Z</time></rtept><rtept lat="37.687841" lon="-107.510115"><ele>3642.0</ele><time>2026-04-10T15:54:04Z</time></rtept><rtept lat="37.687784" lon="-107.51019"><ele>3641.2</ele><time>2026-04-10T15:54:04Z</time></rtept><rtept lat="37.68776" lon="-107.510225"><ele>3641.2</ele><time>2026-04-10T15:54:04Z</time></rtept><rtept lat="37.687736" lon="-107.510348"><ele>3645.2</ele><time>2026-04-10T15:54:04Z</time></rtept><rtept lat="37.687683" lon="-107.510329"><ele>3647.8</ele><time>2026-04-10T15:54:04Z</time></rtept><rtept lat="37.687662" lon="-107.510321"><ele>3647.8</ele><time>2026-04-10T15:54:04Z</time></rtept><rtept lat="37.68762" lon="-107.510296"><ele>3648.6</ele><time>2026-04-10T15:54:04Z</time></rtept><rtept lat="37.687586" lon="-107.510276"><ele>3648.6</ele><time>2026-04-10T15:54:04Z</time></rtept><rtept lat="37.687598" lon="-107.510298"><ele>3648.6</ele><time>2026-04-10T15:54:04Z</time></rtept><rtept lat="37.687612" lon="-107.510318"><ele>3648.6</ele><time>2026-04-10T15:54:04Z</time></rtept><rtept lat="37.687682" lon="-107.510413"><ele>3650.8</ele><time>2026-04-10T15:54:04Z</time></rtept><rtept lat="37.687691" lon="-107.510425"><ele>3650.8</ele><time>2026-04-10T15:54:04Z</time></rtept><rtept lat="37.687697" lon="-107.510434"><ele>3647.8</ele><time>2026-04-10T15:54:04Z</time></rtept><rtept lat="37.687763" lon="-107.51054"><ele>3646.8</ele><time>2026-04-10T15:54:04Z</time></rtept><rtept lat="37.687779" lon="-107.510595"><ele>3648.2</ele><time>2026-04-10T15:54:04Z</time></rtept><rtept lat="37.687779" lon="-107.510661"><ele>3648.2</ele><time>2026-04-10T15:54:04Z</time></rtept><rtept lat="37.687752" lon="-107.510813"><ele>3650.0</ele><time>2026-04-10T15:54:04Z</time></rtept><rtept lat="37.687726" lon="-107.510868"><ele>3647.4</ele><time>2026-04-10T15:54:04Z</time></rtept><rtept lat="37.687716" lon="-107.510816"><ele>3650.0</ele><time>2026-04-10T15:54:04Z</time></rtept><rtept lat="37.687679" lon="-107.510702"><ele>3656.0</ele><time>2026-04-10T15:54:04Z</time></rtept><rtept lat="37.687616" lon="-107.51067"><ele>3659.4</ele><time>2026-04-10T15:54:04Z</time></rtept><rtept lat="37.687525" lon="-107.510634"><ele>3661.6</ele><time>2026-04-10T15:54:04Z</time></rtept><rtept lat="37.687426" lon="-107.510595"><ele>3663.0</ele><time>2026-04-10T15:54:04Z</time></rtept><rtept lat="37.687317" lon="-107.510582"><ele>3668.2</ele><time>2026-04-10T15:54:04Z</time></rtept><rtept lat="37.687214" lon="-107.510576"><ele>3671.6</ele><time>2026-04-10T15:54:04Z</time></rtept><rtept lat="37.687141" lon="-107.510552"><ele>3672.4</ele><time>2026-04-10T15:54:04Z</time></rtept><rtept lat="37.687106" lon="-107.51054"><ele>3672.4</ele><time>2026-04-10T15:54:04Z</time></rtept><rtept lat="37.687002" lon="-107.510538"><ele>3674.0</ele><time>2026-04-10T15:54:04Z</time></rtept><rtept lat="37.686988" lon="-107.510538"><ele>3674.0</ele><time>2026-04-10T15:54:04Z</time></rtept><rtept lat="37.686983" lon="-107.510536"><ele>3674.0</ele><time>2026-04-10T15:54:04Z</time></rtept><rtept lat="37.686906" lon="-107.510509"><ele>3675.2</ele><time>2026-04-10T15:54:04Z</time></rtept><rtept lat="37.686836" lon="-107.510486"><ele>3675.6</ele><time>2026-04-10T15:54:04Z</time></rtept><rtept lat="37.686741" lon="-107.510505"><ele>3680.2</ele><time>2026-04-10T15:54:04Z</time></rtept><rtept lat="37.686678" lon="-107.510503"><ele>3680.2</ele><time>2026-04-10T15:54:04Z</time></rtept><rtept lat="37.686648" lon="-107.510502"><ele>3681.6</ele><time>2026-04-10T15:54:04Z</time></rtept><rtept lat="37.686575" lon="-107.510455"><ele>3681.4</ele><time>2026-04-10T15:54:04Z</time></rtept><rtept lat="37.686554" lon="-107.510441"><ele>3681.4</ele><time>2026-04-10T15:54:04Z</time></rtept><rtept lat="37.686528" lon="-107.51043"><ele>3682.4</ele><time>2026-04-10T15:54:04Z</time></rtept><rtept lat="37.686449" lon="-107.510396"><ele>3682.2</ele><time>2026-04-10T15:54:04Z</time></rtept><rtept lat="37.686341" lon="-107.510343"><ele>3683.8</ele><time>2026-04-10T15:54:04Z</time></rtept><rtept lat="37.686255" lon="-107.510273"><ele>3686.6</ele><time>2026-04-10T15:54:04Z</time></rtept><rtept lat="37.686243" lon="-107.510263"><ele>3686.6</ele><time>2026-04-10T15:54:04Z</time></rtept><rtept lat="37.686231" lon="-107.510258"><ele>3686.6</ele><time>2026-04-10T15:54:04Z</time></rtept><rtept lat="37.68614" lon="-107.510216"><ele>3687.6</ele><time>2026-04-10T15:54:04Z</time></rtept><rtept lat="37.686037" lon="-107.51015"><ele>3692.2</ele><time>2026-04-10T15:54:04Z</time></rtept><rtept lat="37.68594" lon="-107.51008"><ele>3692.8</ele><time>2026-04-10T15:54:04Z</time></rtept><rtept lat="37.685881" lon="-107.510045"><ele>3693.2</ele><time>2026-04-10T15:54:04Z</time></rtept><rtept lat="37.685875" lon="-107.509999"><ele>3693.2</ele><time>2026-04-10T15:54:04Z</time></rtept><rtept lat="37.685844" lon="-107.509946"><ele>3694.4</ele><time>2026-04-10T15:54:04Z</time></rtept><rtept lat="37.685851" lon="-107.509903"><ele>3694.4</ele><time>2026-04-10T15:54:04Z</time></rtept><rtept lat="37.685856" lon="-107.509869"><ele>3694.8</ele><time>2026-04-10T15:54:04Z</time></rtept><rtept lat="37.685809" lon="-107.50986"><ele>3694.8</ele><time>2026-04-10T15:54:04Z</time></rtept><rtept lat="37.685764" lon="-107.509852"><ele>3696.2</ele><time>2026-04-10T15:54:04Z</time></rtept><rtept lat="37.685715" lon="-107.509804"><ele>3697.4</ele><time>2026-04-10T15:54:04Z</time></rtept><rtept lat="37.685644" lon="-107.509681"><ele>3699.2</ele><time>2026-04-10T15:54:04Z</time></rtept><rtept lat="37.685578" lon="-107.509527"><ele>3700.8</ele><time>2026-04-10T15:54:04Z</time></rtept><rtept lat="37.685482" lon="-107.5094"><ele>3702.4</ele><time>2026-04-10T15:54:04Z</time></rtept><rtept lat="37.685449" lon="-107.509323"><ele>3704.4</ele><time>2026-04-10T15:54:04Z</time></rtept><rtept lat="37.685421" lon="-107.509256"><ele>3705.0</ele><time>2026-04-10T15:54:04Z</time></rtept><rtept lat="37.685375" lon="-107.509114"><ele>3707.4</ele><time>2026-04-10T15:54:04Z</time></rtept><rtept lat="37.685344" lon="-107.509064"><ele>3707.4</ele><time>2026-04-10T15:54:04Z</time></rtept><rtept lat="37.685283" lon="-107.509008"><ele>3709.0</ele><time>2026-04-10T15:54:04Z</time></rtept><rtept lat="37.68519" lon="-107.508905"><ele>3710.2</ele><time>2026-04-10T15:54:04Z</time></rtept><rtept lat="37.685115" lon="-107.508779"><ele>3711.4</ele><time>2026-04-10T15:54:04Z</time></rtept><rtept lat="37.685071" lon="-107.508722"><ele>3712.8</ele><time>2026-04-10T15:54:04Z</time></rtept><rtept lat="37.685066" lon="-107.508714"><ele>3712.8</ele><time>2026-04-10T15:54:04Z</time></rtept><rtept lat="37.684996" lon="-107.508635"><ele>3714.6</ele><time>2026-04-10T15:54:04Z</time></rtept><rtept lat="37.684951" lon="-107.508582"><ele>3716.6</ele><time>2026-04-10T15:54:04Z</time></rtept><rtept lat="37.684911" lon="-107.508535"><ele>3716.6</ele><time>2026-04-10T15:54:04Z</time></rtept><rtept lat="37.684855" lon="-107.508428"><ele>3719.4</ele><time>2026-04-10T15:54:04Z</time></rtept><rtept lat="37.684852" lon="-107.508424"><ele>3719.4</ele><time>2026-04-10T15:54:04Z</time></rtept><rtept lat="37.684768" lon="-107.508317"><ele>3721.2</ele><time>2026-04-10T15:54:04Z</time></rtept><rtept lat="37.684706" lon="-107.508235"><ele>3722.0</ele><time>2026-04-10T15:54:04Z</time></rtept><rtept lat="37.684631" lon="-107.508143"><ele>3722.8</ele><time>2026-04-10T15:54:04Z</time></rtept><rtept lat="37.684561" lon="-107.508055"><ele>3723.4</ele><time>2026-04-10T15:54:04Z</time></rtept><rtept lat="37.684474" lon="-107.507959"><ele>3724.6</ele><time>2026-04-10T15:54:04Z</time></rtept><rtept lat="37.684447" lon="-107.507907"><ele>3725.8</ele><time>2026-04-10T15:54:04Z</time></rtept><rtept lat="37.684416" lon="-107.507846"><ele>3726.0</ele><time>2026-04-10T15:54:04Z</time></rtept><rtept lat="37.684386" lon="-107.507767"><ele>3727.4</ele><time>2026-04-10T15:54:04Z</time></rtept><rtept lat="37.684367" lon="-107.507742"><ele>3728.6</ele><time>2026-04-10T15:54:04Z</time></rtept><rtept lat="37.684366" lon="-107.50774"><ele>3728.6</ele><time>2026-04-10T15:54:04Z</time></rtept><rtept lat="37.684315" lon="-107.507624"><ele>3729.8</ele><time>2026-04-10T15:54:04Z</time></rtept><rtept lat="37.684266" lon="-107.507509"><ele>3730.8</ele><time>2026-04-10T15:54:04Z</time></rtept><rtept lat="37.684214" lon="-107.507383"><ele>3733.2</ele><time>2026-04-10T15:54:04Z</time></rtept><rtept lat="37.684181" lon="-107.507247"><ele>3734.6</ele><time>2026-04-10T15:54:04Z</time></rtept><rtept lat="37.684122" lon="-107.507133"><ele>3738.0</ele><time>2026-04-10T15:54:04Z</time></rtept><rtept lat="37.684062" lon="-107.50706"><ele>3738.2</ele><time>2026-04-10T15:54:04Z</time></rtept><rtept lat="37.684031" lon="-107.506971"><ele>3741.4</ele><time>2026-04-10T15:54:04Z</time></rtept><rtept lat="37.683974" lon="-107.506879"><ele>3743.6</ele><time>2026-04-10T15:54:04Z</time></rtept><rtept lat="37.683891" lon="-107.506788"><ele>3745.4</ele><time>2026-04-10T15:54:04Z</time></rtept><rtept lat="37.683825" lon="-107.506685"><ele>3747.0</ele><time>2026-04-10T15:54:04Z</time></rtept><rtept lat="37.683814" lon="-107.506667"><ele>3747.0</ele><time>2026-04-10T15:54:04Z</time></rtept><rtept lat="37.683784" lon="-107.506574"><ele>3748.4</ele><time>2026-04-10T15:54:04Z</time></rtept><rtept lat="37.683767" lon="-107.506522"><ele>3750.0</ele><time>2026-04-10T15:54:04Z</time></rtept><rtept lat="37.683746" lon="-107.50646"><ele>3750.2</ele><time>2026-04-10T15:54:04Z</time></rtept><rtept lat="37.683706" lon="-107.506333"><ele>3753.8</ele><time>2026-04-10T15:54:04Z</time></rtept><rtept lat="37.683672" lon="-107.506275"><ele>3756.0</ele><time>2026-04-10T15:54:04Z</time></rtept><rtept lat="37.683626" lon="-107.506167"><ele>3757.4</ele><time>2026-04-10T15:54:04Z</time></rtept><rtept lat="37.683566" lon="-107.506068"><ele>3759.0</ele><time>2026-04-10T15:54:04Z</time></rtept><rtept lat="37.683509" lon="-107.505959"><ele>3760.4</ele><time>2026-04-10T15:54:04Z</time></rtept><rtept lat="37.683434" lon="-107.505873"><ele>3761.8</ele><time>2026-04-10T15:54:04Z</time></rtept><rtept lat="37.683388" lon="-107.505838"><ele>3763.0</ele><time>2026-04-10T15:54:04Z</time></rtept><rtept lat="37.683383" lon="-107.505834"><ele>3763.0</ele><time>2026-04-10T15:54:04Z</time></rtept><rtept lat="37.683296" lon="-107.505756"><ele>3764.4</ele><time>2026-04-10T15:54:04Z</time></rtept><rtept lat="37.683223" lon="-107.505676"><ele>3765.6</ele><time>2026-04-10T15:54:04Z</time></rtept><rtept lat="37.683159" lon="-107.505596"><ele>3766.4</ele><time>2026-04-10T15:54:04Z</time></rtept><rtept lat="37.683085" lon="-107.505497"><ele>3766.6</ele><time>2026-04-10T15:54:04Z</time></rtept><rtept lat="37.683048" lon="-107.505437"><ele>3766.0</ele><time>2026-04-10T15:54:04Z</time></rtept><rtept lat="37.683012" lon="-107.505379"><ele>3766.8</ele><time>2026-04-10T15:54:04Z</time></rtept><rtept lat="37.68302" lon="-107.50534"><ele>3767.6</ele><time>2026-04-10T15:54:04Z</time></rtept><rtept lat="37.682998" lon="-107.505242"><ele>3767.6</ele><time>2026-04-10T15:54:04Z</time></rtept><rtept lat="37.682964" lon="-107.505093"><ele>3768.2</ele><time>2026-04-10T15:54:04Z</time></rtept><rtept lat="37.68292" lon="-107.504978"><ele>3770.0</ele><time>2026-04-10T15:54:04Z</time></rtept><rtept lat="37.682864" lon="-107.504859"><ele>3770.8</ele><time>2026-04-10T15:54:04Z</time></rtept><rtept lat="37.682774" lon="-107.504722"><ele>3772.8</ele><time>2026-04-10T15:54:04Z</time></rtept><rtept lat="37.682702" lon="-107.504619"><ele>3772.8</ele><time>2026-04-10T15:54:04Z</time></rtept><rtept lat="37.682613" lon="-107.504568"><ele>3773.2</ele><time>2026-04-10T15:54:04Z</time></rtept><rtept lat="37.682534" lon="-107.504444"><ele>3774.6</ele><time>2026-04-10T15:54:04Z</time></rtept><rtept lat="37.682429" lon="-107.504321"><ele>3774.4</ele><time>2026-04-10T15:54:04Z</time></rtept><rtept lat="37.682391" lon="-107.504228"><ele>3774.6</ele><time>2026-04-10T15:54:04Z</time></rtept><rtept lat="37.682379" lon="-107.504199"><ele>3776.4</ele><time>2026-04-10T15:54:04Z</time></rtept><rtept lat="37.682354" lon="-107.50422"><ele>3776.4</ele><time>2026-04-10T15:54:04Z</time></rtept><rtept lat="37.682347" lon="-107.504231"><ele>3774.6</ele><time>2026-04-10T15:54:04Z</time></rtept><rtept lat="37.682332" lon="-107.504269"><ele>3774.6</ele><time>2026-04-10T15:54:04Z</time></rtept><rtept lat="37.6823" lon="-107.504348"><ele>3771.2</ele><time>2026-04-10T15:54:04Z</time></rtept><rtept lat="37.682297" lon="-107.504353"><ele>3771.2</ele><time>2026-04-10T15:54:04Z</time></rtept><rtept lat="37.682284" lon="-107.504369"><ele>3771.2</ele><time>2026-04-10T15:54:04Z</time></rtept><rtept lat="37.682254" lon="-107.504407"><ele>3768.6</ele><time>2026-04-10T15:54:04Z</time></rtept><rtept lat="37.682241" lon="-107.504393"><ele>3769.6</ele><time>2026-04-10T15:54:04Z</time></rtept><rtept lat="37.682162" lon="-107.504314"><ele>3768.2</ele><time>2026-04-10T15:54:04Z</time></rtept><rtept lat="37.682085" lon="-107.504174"><ele>3768.0</ele><time>2026-04-10T15:54:04Z</time></rtept><rtept lat="37.682027" lon="-107.50401"><ele>3766.2</ele><time>2026-04-10T15:54:04Z</time></rtept><rtept lat="37.682025" lon="-107.504004"><ele>3766.2</ele><time>2026-04-10T15:54:04Z</time></rtept><rtept lat="37.681976" lon="-107.503872"><ele>3763.6</ele><time>2026-04-10T15:54:04Z</time></rtept><rtept lat="37.681949" lon="-107.503808"><ele>3763.6</ele><time>2026-04-10T15:54:04Z</time></rtept><rtept lat="37.681912" lon="-107.503741"><ele>3760.8</ele><time>2026-04-10T15:54:04Z</time></rtept><rtept lat="37.681899" lon="-107.503685"><ele>3761.4</ele><time>2026-04-10T15:54:04Z</time></rtept><rtept lat="37.681872" lon="-107.503597"><ele>3762.4</ele><time>2026-04-10T15:54:04Z</time></rtept><rtept lat="37.681862" lon="-107.50349"><ele>3763.6</ele><time>2026-04-10T15:54:04Z</time></rtept><rtept lat="37.68184" lon="-107.503334"><ele>3763.6</ele><time>2026-04-10T15:54:04Z</time></rtept><rtept lat="37.681767" lon="-107.503195"><ele>3763.2</ele><time>2026-04-10T15:54:04Z</time></rtept><rtept lat="37.681711" lon="-107.503039"><ele>3763.4</ele><time>2026-04-10T15:54:04Z</time></rtept><rtept lat="37.681694" lon="-107.502956"><ele>3764.4</ele><time>2026-04-10T15:54:04Z</time></rtept><rtept lat="37.681679" lon="-107.502902"><ele>3765.8</ele><time>2026-04-10T15:54:04Z</time></rtept><rtept lat="37.681616" lon="-107.502806"><ele>3765.2</ele><time>2026-04-10T15:54:04Z</time></rtept><rtept lat="37.681604" lon="-107.502785"><ele>3765.2</ele><time>2026-04-10T15:54:04Z</time></rtept><rtept lat="37.681552" lon="-107.502636"><ele>3766.2</ele><time>2026-04-10T15:54:04Z</time></rtept><rtept lat="37.681511" lon="-107.502508"><ele>3769.6</ele><time>2026-04-10T15:54:04Z</time></rtept><rtept lat="37.681457" lon="-107.50241"><ele>3769.6</ele><time>2026-04-10T15:54:04Z</time></rtept><rtept lat="37.681437" lon="-107.502338"><ele>3768.0</ele><time>2026-04-10T15:54:04Z</time></rtept><rtept lat="37.68137" lon="-107.502261"><ele>3768.0</ele><time>2026-04-10T15:54:04Z</time></rtept><rtept lat="37.681303" lon="-107.502169"><ele>3768.8</ele><time>2026-04-10T15:54:04Z</time></rtept><rtept lat="37.681292" lon="-107.50207"><ele>3772.4</ele><time>2026-04-10T15:54:04Z</time></rtept><rtept lat="37.681273" lon="-107.502056"><ele>3772.4</ele><time>2026-04-10T15:54:04Z</time></rtept><rtept lat="37.681211" lon="-107.501996"><ele>3770.6</ele><time>2026-04-10T15:54:04Z</time></rtept><rtept lat="37.681199" lon="-107.501901"><ele>3773.2</ele><time>2026-04-10T15:54:04Z</time></rtept><rtept lat="37.681204" lon="-107.501903"><ele>3773.2</ele><time>2026-04-10T15:54:04Z</time></rtept><rtept lat="37.681158" lon="-107.501822"><ele>3771.2</ele><time>2026-04-10T15:54:04Z</time></rtept><rtept lat="37.681145" lon="-107.501706"><ele>3772.8</ele><time>2026-04-10T15:54:04Z</time></rtept><rtept lat="37.681147" lon="-107.501584"><ele>3772.8</ele><time>2026-04-10T15:54:04Z</time></rtept><rtept lat="37.681156" lon="-107.501556"><ele>3773.0</ele><time>2026-04-10T15:54:04Z</time></rtept><rtept lat="37.681106" lon="-107.501457"><ele>3773.6</ele><time>2026-04-10T15:54:04Z</time></rtept><rtept lat="37.681109" lon="-107.501318"><ele>3774.2</ele><time>2026-04-10T15:54:04Z</time></rtept><rtept lat="37.681123" lon="-107.501275"><ele>3775.2</ele><time>2026-04-10T15:54:04Z</time></rtept><rtept lat="37.681137" lon="-107.501104"><ele>3779.6</ele><time>2026-04-10T15:54:04Z</time></rtept><rtept lat="37.681165" lon="-107.500943"><ele>3793.2</ele><time>2026-04-10T15:54:04Z</time></rtept><rtept lat="37.681219" lon="-107.500783"><ele>3807.8</ele><time>2026-04-10T15:54:04Z</time></rtept><rtept lat="37.681257" lon="-107.500606"><ele>3811.8</ele><time>2026-04-10T15:54:04Z</time></rtept><rtept lat="37.681265" lon="-107.500565"><ele>3811.8</ele><time>2026-04-10T15:54:04Z</time></rtept><rtept lat="37.681293" lon="-107.500412"><ele>3813.8</ele><time>2026-04-10T15:54:04Z</time></rtept><rtept lat="37.681358" lon="-107.500233"><ele>3812.4</ele><time>2026-04-10T15:54:04Z</time></rtept><rtept lat="37.681392" lon="-107.500055"><ele>3809.6</ele><time>2026-04-10T15:54:04Z</time></rtept><rtept lat="37.681394" lon="-107.499868"><ele>3807.2</ele><time>2026-04-10T15:54:04Z</time></rtept><rtept lat="37.681379" lon="-107.499759"><ele>3805.0</ele><time>2026-04-10T15:54:04Z</time></rtept><rtept lat="37.681374" lon="-107.49973"><ele>3806.0</ele><time>2026-04-10T15:54:04Z</time></rtept><rtept lat="37.68133" lon="-107.49958"><ele>3803.8</ele><time>2026-04-10T15:54:04Z</time></rtept><rtept lat="37.681295" lon="-107.499498"><ele>3803.4</ele><time>2026-04-10T15:54:04Z</time></rtept><rtept lat="37.681309" lon="-107.499407"><ele>3801.6</ele><time>2026-04-10T15:54:04Z</time></rtept><rtept lat="37.681326" lon="-107.499329"><ele>3800.2</ele><time>2026-04-10T15:54:04Z</time></rtept><rtept lat="37.681323" lon="-107.499265"><ele>3800.2</ele><time>2026-04-10T15:54:04Z</time></rtept><rtept lat="37.681329" lon="-107.499212"><ele>3798.8</ele><time>2026-04-10T15:54:04Z</time></rtept><rtept lat="37.681335" lon="-107.499142"><ele>3797.6</ele><time>2026-04-10T15:54:04Z</time></rtept><rtept lat="37.681336" lon="-107.499078"><ele>3797.6</ele><time>2026-04-10T15:54:04Z</time></rtept><rtept lat="37.681333" lon="-107.49903"><ele>3796.4</ele><time>2026-04-10T15:54:04Z</time></rtept><rtept lat="37.681334" lon="-107.49895"><ele>3795.2</ele><time>2026-04-10T15:54:04Z</time></rtept><rtept lat="37.68134" lon="-107.498875"><ele>3794.6</ele><time>2026-04-10T15:54:04Z</time></rtept><rtept lat="37.681342" lon="-107.498811"><ele>3793.8</ele><time>2026-04-10T15:54:04Z</time></rtept><rtept lat="37.681352" lon="-107.498753"><ele>3793.8</ele><time>2026-04-10T15:54:04Z</time></rtept><rtept lat="37.681362" lon="-107.498684"><ele>3793.0</ele><time>2026-04-10T15:54:04Z</time></rtept><rtept lat="37.68137" lon="-107.498641"><ele>3792.2</ele><time>2026-04-10T15:54:04Z</time></rtept><rtept lat="37.681376" lon="-107.498588"><ele>3793.8</ele><time>2026-04-10T15:54:04Z</time></rtept><rtept lat="37.681386" lon="-107.498513"><ele>3793.2</ele><time>2026-04-10T15:54:04Z</time></rtept><rtept lat="37.681396" lon="-107.498455"><ele>3792.4</ele><time>2026-04-10T15:54:04Z</time></rtept><rtept lat="37.681418" lon="-107.498381"><ele>3791.0</ele><time>2026-04-10T15:54:04Z</time></rtept><rtept lat="37.681455" lon="-107.498265"><ele>3789.4</ele><time>2026-04-10T15:54:04Z</time></rtept><rtept lat="37.681522" lon="-107.498176"><ele>3786.6</ele><time>2026-04-10T15:54:04Z</time></rtept><rtept lat="37.681552" lon="-107.498129"><ele>3785.2</ele><time>2026-04-10T15:54:04Z</time></rtept><rtept lat="37.681578" lon="-107.498082"><ele>3785.2</ele><time>2026-04-10T15:54:04Z</time></rtept><rtept lat="37.681592" lon="-107.498045"><ele>3784.4</ele><time>2026-04-10T15:54:04Z</time></rtept><rtept lat="37.681593" lon="-107.498007"><ele>3783.6</ele><time>2026-04-10T15:54:04Z</time></rtept><rtept lat="37.68158" lon="-107.49797"><ele>3783.6</ele><time>2026-04-10T15:54:04Z</time></rtept><rtept lat="37.681568" lon="-107.497905"><ele>3783.8</ele><time>2026-04-10T15:54:04Z</time></rtept><rtept lat="37.681583" lon="-107.49782"><ele>3783.2</ele><time>2026-04-10T15:54:04Z</time></rtept><rtept lat="37.68159" lon="-107.49773"><ele>3782.8</ele><time>2026-04-10T15:54:04Z</time></rtept><rtept lat="37.681591" lon="-107.497681"><ele>3782.6</ele><time>2026-04-10T15:54:04Z</time></rtept><rtept lat="37.681597" lon="-107.497596"><ele>3782.4</ele><time>2026-04-10T15:54:04Z</time></rtept><rtept lat="37.681614" lon="-107.497543"><ele>3782.4</ele><time>2026-04-10T15:54:04Z</time></rtept><rtept lat="37.681668" lon="-107.497443"><ele>3782.0</ele><time>2026-04-10T15:54:04Z</time></rtept><rtept lat="37.681717" lon="-107.497349"><ele>3781.6</ele><time>2026-04-10T15:54:04Z</time></rtept><rtept lat="37.681748" lon="-107.49728"><ele>3781.6</ele><time>2026-04-10T15:54:04Z</time></rtept><rtept lat="37.681792" lon="-107.497244"><ele>3780.6</ele><time>2026-04-10T15:54:04Z</time></rtept><rtept lat="37.681838" lon="-107.497204"><ele>3780.6</ele><time>2026-04-10T15:54:04Z</time></rtept><rtept lat="37.681833" lon="-107.497194"><ele>3780.6</ele><time>2026-04-10T15:54:04Z</time></rtept><rtept lat="37.681847" lon="-107.497166"><ele>3779.2</ele><time>2026-04-10T15:54:04Z</time></rtept><rtept lat="37.681868" lon="-107.497065"><ele>3776.2</ele><time>2026-04-10T15:54:04Z</time></rtept><rtept lat="37.681856" lon="-107.49699"><ele>3774.2</ele><time>2026-04-10T15:54:04Z</time></rtept><rtept lat="37.681841" lon="-107.496936"><ele>3774.6</ele><time>2026-04-10T15:54:04Z</time></rtept><rtept lat="37.681817" lon="-107.496786"><ele>3771.6</ele><time>2026-04-10T15:54:04Z</time></rtept><rtept lat="37.681798" lon="-107.496715"><ele>3770.6</ele><time>2026-04-10T15:54:04Z</time></rtept><rtept lat="37.681778" lon="-107.496629"><ele>3768.8</ele><time>2026-04-10T15:54:04Z</time></rtept><rtept lat="37.681777" lon="-107.496565"><ele>3767.0</ele><time>2026-04-10T15:54:04Z</time></rtept><rtept lat="37.681812" lon="-107.496507"><ele>3767.6</ele><time>2026-04-10T15:54:04Z</time></rtept><rtept lat="37.681856" lon="-107.496429"><ele>3765.4</ele><time>2026-04-10T15:54:04Z</time></rtept><rtept lat="37.681918" lon="-107.496303"><ele>3761.4</ele><time>2026-04-10T15:54:04Z</time></rtept><rtept lat="37.681924" lon="-107.496222"><ele>3761.6</ele><time>2026-04-10T15:54:04Z</time></rtept><rtept lat="37.681893" lon="-107.496082"><ele>3760.4</ele><time>2026-04-10T15:54:04Z</time></rtept><rtept lat="37.681857" lon="-107.495942"><ele>3761.8</ele><time>2026-04-10T15:54:04Z</time></rtept><rtept lat="37.681833" lon="-107.495808"><ele>3761.2</ele><time>2026-04-10T15:54:04Z</time></rtept><rtept lat="37.681807" lon="-107.495679"><ele>3761.6</ele><time>2026-04-10T15:54:04Z</time></rtept><rtept lat="37.681789" lon="-107.495577"><ele>3761.4</ele><time>2026-04-10T15:54:04Z</time></rtept><rtept lat="37.681757" lon="-107.495479"><ele>3759.4</ele><time>2026-04-10T15:54:04Z</time></rtept><rtept lat="37.68172" lon="-107.495446"><ele>3758.4</ele><time>2026-04-10T15:54:04Z</time></rtept><rtept lat="37.681654" lon="-107.495422"><ele>3756.8</ele><time>2026-04-10T15:54:04Z</time></rtept><rtept lat="37.681605" lon="-107.495416"><ele>3755.2</ele><time>2026-04-10T15:54:04Z</time></rtept><rtept lat="37.681563" lon="-107.495404"><ele>3752.8</ele><time>2026-04-10T15:54:04Z</time></rtept><rtept lat="37.681516" lon="-107.49537"><ele>3751.4</ele><time>2026-04-10T15:54:04Z</time></rtept><rtept lat="37.681467" lon="-107.495325"><ele>3749.0</ele><time>2026-04-10T15:54:04Z</time></rtept><rtept lat="37.681446" lon="-107.495282"><ele>3748.2</ele><time>2026-04-10T15:54:04Z</time></rtept><rtept lat="37.681418" lon="-107.495217"><ele>3746.2</ele><time>2026-04-10T15:54:04Z</time></rtept><rtept lat="37.681376" lon="-107.495167"><ele>3746.0</ele><time>2026-04-10T15:54:04Z</time></rtept><rtept lat="37.681339" lon="-107.495129"><ele>3744.2</ele><time>2026-04-10T15:54:04Z</time></rtept><rtept lat="37.681328" lon="-107.495102"><ele>3743.8</ele><time>2026-04-10T15:54:04Z</time></rtept><rtept lat="37.681301" lon="-107.495074"><ele>3741.8</ele><time>2026-04-10T15:54:04Z</time></rtept><rtept lat="37.681285" lon="-107.495089"><ele>3741.8</ele><time>2026-04-10T15:54:04Z</time></rtept><rtept lat="37.681262" lon="-107.495147"><ele>3742.0</ele><time>2026-04-10T15:54:04Z</time></rtept><rtept lat="37.681269" lon="-107.495233"><ele>3742.0</ele><time>2026-04-10T15:54:04Z</time></rtept><rtept lat="37.681272" lon="-107.495281"><ele>3742.0</ele><time>2026-04-10T15:54:04Z</time></rtept><rtept lat="37.681285" lon="-107.495341"><ele>3742.2</ele><time>2026-04-10T15:54:04Z</time></rtept><rtept lat="37.681284" lon="-107.495378"><ele>3742.2</ele><time>2026-04-10T15:54:04Z</time></rtept><rtept lat="37.681265" lon="-107.495404"><ele>3742.2</ele><time>2026-04-10T15:54:04Z</time></rtept><rtept lat="37.681236" lon="-107.495382"><ele>3739.6</ele><time>2026-04-10T15:54:04Z</time></rtept><rtept lat="37.681137" lon="-107.495277"><ele>3737.0</ele><time>2026-04-10T15:54:04Z</time></rtept><rtept lat="37.681058" lon="-107.495183"><ele>3735.6</ele><time>2026-04-10T15:54:04Z</time></rtept><rtept lat="37.681011" lon="-107.495155"><ele>3734.2</ele><time>2026-04-10T15:54:04Z</time></rtept><rtept lat="37.680956" lon="-107.49511"><ele>3733.4</ele><time>2026-04-10T15:54:04Z</time></rtept><rtept lat="37.680885" lon="-107.49506"><ele>3731.6</ele><time>2026-04-10T15:54:04Z</time></rtept><rtept lat="37.680803" lon="-107.494982"><ele>3730.2</ele><time>2026-04-10T15:54:04Z</time></rtept><rtept lat="37.680766" lon="-107.494912"><ele>3731.4</ele><time>2026-04-10T15:54:04Z</time></rtept><rtept lat="37.680731" lon="-107.494787"><ele>3728.8</ele><time>2026-04-10T15:54:04Z</time></rtept><rtept lat="37.680704" lon="-107.494669"><ele>3727.8</ele><time>2026-04-10T15:54:04Z</time></rtept><rtept lat="37.680698" lon="-107.494535"><ele>3727.2</ele><time>2026-04-10T15:54:04Z</time></rtept><rtept lat="37.6807" lon="-107.494434"><ele>3725.2</ele><time>2026-04-10T15:54:04Z</time></rtept><rtept lat="37.680714" lon="-107.494295"><ele>3724.2</ele><time>2026-04-10T15:54:04Z</time></rtept><rtept lat="37.680716" lon="-107.494204"><ele>3723.2</ele><time>2026-04-10T15:54:04Z</time></rtept><rtept lat="37.680746" lon="-107.494082"><ele>3720.6</ele><time>2026-04-10T15:54:04Z</time></rtept><rtept lat="37.680757" lon="-107.493992"><ele>3719.4</ele><time>2026-04-10T15:54:04Z</time></rtept><rtept lat="37.680778" lon="-107.493923"><ele>3720.0</ele><time>2026-04-10T15:54:04Z</time></rtept><rtept lat="37.680805" lon="-107.493812"><ele>3718.8</ele><time>2026-04-10T15:54:04Z</time></rtept><rtept lat="37.680802" lon="-107.49378"><ele>3718.8</ele><time>2026-04-10T15:54:04Z</time></rtept><rtept lat="37.680744" lon="-107.493756"><ele>3717.4</ele><time>2026-04-10T15:54:04Z</time></rtept><rtept lat="37.680638" lon="-107.493748"><ele>3714.8</ele><time>2026-04-10T15:54:04Z</time></rtept><rtept lat="37.680566" lon="-107.493766"><ele>3714.4</ele><time>2026-04-10T15:54:04Z</time></rtept><rtept lat="37.680479" lon="-107.493806"><ele>3711.4</ele><time>2026-04-10T15:54:04Z</time></rtept><rtept lat="37.68041" lon="-107.493873"><ele>3710.8</ele><time>2026-04-10T15:54:04Z</time></rtept><rtept lat="37.680357" lon="-107.493941"><ele>3711.2</ele><time>2026-04-10T15:54:04Z</time></rtept><rtept lat="37.680327" lon="-107.493964"><ele>3709.8</ele><time>2026-04-10T15:54:04Z</time></rtept><rtept lat="37.680322" lon="-107.493967"><ele>3709.8</ele><time>2026-04-10T15:54:04Z</time></rtept><rtept lat="37.680263" lon="-107.494008"><ele>3708.2</ele><time>2026-04-10T15:54:04Z</time></rtept><rtept lat="37.680215" lon="-107.494038"><ele>3707.6</ele><time>2026-04-10T15:54:04Z</time></rtept><rtept lat="37.680156" lon="-107.494041"><ele>3707.6</ele><time>2026-04-10T15:54:04Z</time></rtept><rtept lat="37.680116" lon="-107.494028"><ele>3707.8</ele><time>2026-04-10T15:54:04Z</time></rtept><rtept lat="37.680085" lon="-107.494017"><ele>3707.8</ele><time>2026-04-10T15:54:04Z</time></rtept><rtept lat="37.680009" lon="-107.493967"><ele>3709.6</ele><time>2026-04-10T15:54:04Z</time></rtept><rtept lat="37.679945" lon="-107.4939"><ele>3708.8</ele><time>2026-04-10T15:54:04Z</time></rtept><rtept lat="37.67988" lon="-107.493808"><ele>3707.6</ele><time>2026-04-10T15:54:04Z</time></rtept><rtept lat="37.679795" lon="-107.493757"><ele>3708.2</ele><time>2026-04-10T15:54:04Z</time></rtept><rtept lat="37.679704" lon="-107.493722"><ele>3706.6</ele><time>2026-04-10T15:54:04Z</time></rtept><rtept lat="37.679613" lon="-107.493654"><ele>3705.0</ele><time>2026-04-10T15:54:04Z</time></rtept><rtept lat="37.679537" lon="-107.493609"><ele>3704.8</ele><time>2026-04-10T15:54:04Z</time></rtept><rtept lat="37.67946" lon="-107.493612"><ele>3704.4</ele><time>2026-04-10T15:54:04Z</time></rtept><rtept lat="37.679351" lon="-107.493656"><ele>3704.0</ele><time>2026-04-10T15:54:04Z</time></rtept><rtept lat="37.679254" lon="-107.493664"><ele>3703.4</ele><time>2026-04-10T15:54:04Z</time></rtept><rtept lat="37.679172" lon="-107.493693"><ele>3704.6</ele><time>2026-04-10T15:54:04Z</time></rtept><rtept lat="37.679114" lon="-107.49368"><ele>3704.4</ele><time>2026-04-10T15:54:04Z</time></rtept><rtept lat="37.679034" lon="-107.493662"><ele>3702.8</ele><time>2026-04-10T15:54:04Z</time></rtept><rtept lat="37.678976" lon="-107.493633"><ele>3703.2</ele><time>2026-04-10T15:54:04Z</time></rtept><rtept lat="37.678862" lon="-107.49357"><ele>3701.6</ele><time>2026-04-10T15:54:04Z</time></rtept><rtept lat="37.678781" lon="-107.493552"><ele>3702.2</ele><time>2026-04-10T15:54:04Z</time></rtept><rtept lat="37.678724" lon="-107.493496"><ele>3703.4</ele><time>2026-04-10T15:54:04Z</time></rtept><rtept lat="37.678651" lon="-107.49343"><ele>3703.2</ele><time>2026-04-10T15:54:04Z</time></rtept><rtept lat="37.678573" lon="-107.493363"><ele>3703.4</ele><time>2026-04-10T15:54:04Z</time></rtept><rtept lat="37.678541" lon="-107.493289"><ele>3701.2</ele><time>2026-04-10T15:54:04Z</time></rtept><rtept lat="37.678535" lon="-107.493285"><ele>3701.2</ele><time>2026-04-10T15:54:04Z</time></rtept><rtept lat="37.678473" lon="-107.493237"><ele>3701.4</ele><time>2026-04-10T15:54:04Z</time></rtept><rtept lat="37.678455" lon="-107.493203"><ele>3701.4</ele><time>2026-04-10T15:54:04Z</time></rtept><rtept lat="37.678403" lon="-107.49311"><ele>3700.6</ele><time>2026-04-10T15:54:04Z</time></rtept><rtept lat="37.678361" lon="-107.492962"><ele>3696.0</ele><time>2026-04-10T15:54:04Z</time></rtept><rtept lat="37.678337" lon="-107.492814"><ele>3694.2</ele><time>2026-04-10T15:54:04Z</time></rtept><rtept lat="37.678321" lon="-107.492711"><ele>3691.8</ele><time>2026-04-10T15:54:04Z</time></rtept><rtept lat="37.678287" lon="-107.492608"><ele>3691.4</ele><time>2026-04-10T15:54:04Z</time></rtept><rtept lat="37.678245" lon="-107.492493"><ele>3691.0</ele><time>2026-04-10T15:54:04Z</time></rtept><rtept lat="37.678193" lon="-107.492412"><ele>3689.6</ele><time>2026-04-10T15:54:04Z</time></rtept><rtept lat="37.678123" lon="-107.492285"><ele>3688.0</ele><time>2026-04-10T15:54:04Z</time></rtept><rtept lat="37.678053" lon="-107.492169"><ele>3687.8</ele><time>2026-04-10T15:54:04Z</time></rtept><rtept lat="37.678002" lon="-107.492065"><ele>3687.4</ele><time>2026-04-10T15:54:04Z</time></rtept><rtept lat="37.677977" lon="-107.49194"><ele>3686.0</ele><time>2026-04-10T15:54:04Z</time></rtept><rtept lat="37.677936" lon="-107.491768"><ele>3683.8</ele><time>2026-04-10T15:54:04Z</time></rtept><rtept lat="37.677884" lon="-107.491653"><ele>3683.0</ele><time>2026-04-10T15:54:04Z</time></rtept><rtept lat="37.677868" lon="-107.491573"><ele>3681.8</ele><time>2026-04-10T15:54:04Z</time></rtept><rtept lat="37.677834" lon="-107.491459"><ele>3680.8</ele><time>2026-04-10T15:54:04Z</time></rtept><rtept lat="37.677827" lon="-107.491368"><ele>3679.4</ele><time>2026-04-10T15:54:04Z</time></rtept><rtept lat="37.677821" lon="-107.491243"><ele>3676.8</ele><time>2026-04-10T15:54:04Z</time></rtept><rtept lat="37.677833" lon="-107.491107"><ele>3675.8</ele><time>2026-04-10T15:54:04Z</time></rtept><rtept lat="37.677834" lon="-107.491028"><ele>3674.8</ele><time>2026-04-10T15:54:04Z</time></rtept><rtept lat="37.677799" lon="-107.49097"><ele>3673.8</ele><time>2026-04-10T15:54:04Z</time></rtept><rtept lat="37.677793" lon="-107.490857"><ele>3673.0</ele><time>2026-04-10T15:54:04Z</time></rtept><rtept lat="37.677787" lon="-107.490732"><ele>3670.8</ele><time>2026-04-10T15:54:04Z</time></rtept><rtept lat="37.677771" lon="-107.490595"><ele>3669.6</ele><time>2026-04-10T15:54:04Z</time></rtept><rtept lat="37.677763" lon="-107.49057"><ele>3668.2</ele><time>2026-04-10T15:54:04Z</time></rtept><rtept lat="37.677766" lon="-107.490525"><ele>3668.2</ele><time>2026-04-10T15:54:04Z</time></rtept><rtept lat="37.677759" lon="-107.490412"><ele>3667.0</ele><time>2026-04-10T15:54:04Z</time></rtept><rtept lat="37.677758" lon="-107.490268"><ele>3664.4</ele><time>2026-04-10T15:54:04Z</time></rtept><rtept lat="37.677779" lon="-107.490113"><ele>3662.4</ele><time>2026-04-10T15:54:04Z</time></rtept><rtept lat="37.677816" lon="-107.489986"><ele>3661.4</ele><time>2026-04-10T15:54:04Z</time></rtept><rtept lat="37.677809" lon="-107.489911"><ele>3660.6</ele><time>2026-04-10T15:54:04Z</time></rtept><rtept lat="37.677785" lon="-107.489857"><ele>3659.6</ele><time>2026-04-10T15:54:04Z</time></rtept><rtept lat="37.677726" lon="-107.489765"><ele>3658.4</ele><time>2026-04-10T15:54:04Z</time></rtept><rtept lat="37.67767" lon="-107.489654"><ele>3656.8</ele><time>2026-04-10T15:54:04Z</time></rtept><rtept lat="37.677619" lon="-107.48959"><ele>3655.2</ele><time>2026-04-10T15:54:04Z</time></rtept><rtept lat="37.677562" lon="-107.489518"><ele>3653.6</ele><time>2026-04-10T15:54:04Z</time></rtept><rtept lat="37.677492" lon="-107.48943"><ele>3652.0</ele><time>2026-04-10T15:54:04Z</time></rtept><rtept lat="37.677412" lon="-107.489348"><ele>3650.4</ele><time>2026-04-10T15:54:04Z</time></rtept><rtept lat="37.677352" lon="-107.48925"><ele>3649.0</ele><time>2026-04-10T15:54:04Z</time></rtept><rtept lat="37.677291" lon="-107.489151"><ele>3647.6</ele><time>2026-04-10T15:54:04Z</time></rtept><rtept lat="37.677203" lon="-107.489015"><ele>3645.0</ele><time>2026-04-10T15:54:04Z</time></rtept><rtept lat="37.677143" lon="-107.488874"><ele>3643.2</ele><time>2026-04-10T15:54:04Z</time></rtept><rtept lat="37.677128" lon="-107.48875"><ele>3641.4</ele><time>2026-04-10T15:54:04Z</time></rtept><rtept lat="37.677134" lon="-107.488673"><ele>3640.8</ele><time>2026-04-10T15:54:04Z</time></rtept><rtept lat="37.677093" lon="-107.488577"><ele>3639.4</ele><time>2026-04-10T15:54:04Z</time></rtept><rtept lat="37.67705" lon="-107.488496"><ele>3638.6</ele><time>2026-04-10T15:54:04Z</time></rtept><rtept lat="37.677016" lon="-107.48837"><ele>3637.4</ele><time>2026-04-10T15:54:04Z</time></rtept><rtept lat="37.676956" lon="-107.488232"><ele>3635.2</ele><time>2026-04-10T15:54:04Z</time></rtept><rtept lat="37.676932" lon="-107.488106"><ele>3634.6</ele><time>2026-04-10T15:54:04Z</time></rtept><rtept lat="37.676916" lon="-107.487981"><ele>3632.8</ele><time>2026-04-10T15:54:04Z</time></rtept><rtept lat="37.6769" lon="-107.48789"><ele>3631.8</ele><time>2026-04-10T15:54:04Z</time></rtept><rtept lat="37.676885" lon="-107.487776"><ele>3630.0</ele><time>2026-04-10T15:54:04Z</time></rtept><rtept lat="37.676842" lon="-107.48765"><ele>3628.4</ele><time>2026-04-10T15:54:04Z</time></rtept><rtept lat="37.676819" lon="-107.487588"><ele>3627.8</ele><time>2026-04-10T15:54:04Z</time></rtept><rtept lat="37.676818" lon="-107.487543"><ele>3627.0</ele><time>2026-04-10T15:54:04Z</time></rtept><rtept lat="37.676791" lon="-107.487435"><ele>3626.2</ele><time>2026-04-10T15:54:04Z</time></rtept><rtept lat="37.676764" lon="-107.487316"><ele>3624.6</ele><time>2026-04-10T15:54:04Z</time></rtept><rtept lat="37.676724" lon="-107.48716"><ele>3623.4</ele><time>2026-04-10T15:54:04Z</time></rtept><rtept lat="37.676647" lon="-107.486997"><ele>3621.0</ele><time>2026-04-10T15:54:04Z</time></rtept><rtept lat="37.676597" lon="-107.486899"><ele>3619.4</ele><time>2026-04-10T15:54:04Z</time></rtept><rtept lat="37.676581" lon="-107.48681"><ele>3618.2</ele><time>2026-04-10T15:54:04Z</time></rtept><rtept lat="37.676582" lon="-107.486768"><ele>3617.2</ele><time>2026-04-10T15:54:04Z</time></rtept><rtept lat="37.676621" lon="-107.486611"><ele>3615.4</ele><time>2026-04-10T15:54:04Z</time></rtept><rtept lat="37.676642" lon="-107.486475"><ele>3614.2</ele><time>2026-04-10T15:54:04Z</time></rtept><rtept lat="37.676654" lon="-107.486317"><ele>3611.6</ele><time>2026-04-10T15:54:04Z</time></rtept><rtept lat="37.676666" lon="-107.486159"><ele>3609.6</ele><time>2026-04-10T15:54:04Z</time></rtept><rtept lat="37.676686" lon="-107.486091"><ele>3608.6</ele><time>2026-04-10T15:54:04Z</time></rtept><rtept lat="37.67668" lon="-107.485967"><ele>3607.8</ele><time>2026-04-10T15:54:04Z</time></rtept><rtept lat="37.676664" lon="-107.48583"><ele>3605.6</ele><time>2026-04-10T15:54:04Z</time></rtept><rtept lat="37.67666" lon="-107.485637"><ele>3602.6</ele><time>2026-04-10T15:54:04Z</time></rtept><rtept lat="37.676637" lon="-107.485443"><ele>3599.6</ele><time>2026-04-10T15:54:04Z</time></rtept><rtept lat="37.676613" lon="-107.485284"><ele>3599.0</ele><time>2026-04-10T15:54:04Z</time></rtept><rtept lat="37.676554" lon="-107.485089"><ele>3598.0</ele><time>2026-04-10T15:54:04Z</time></rtept><rtept lat="37.676486" lon="-107.484917"><ele>3596.6</ele><time>2026-04-10T15:54:04Z</time></rtept><rtept lat="37.676443" lon="-107.484791"><ele>3594.4</ele><time>2026-04-10T15:54:04Z</time></rtept><rtept lat="37.676383" lon="-107.484664"><ele>3593.0</ele><time>2026-04-10T15:54:04Z</time></rtept><rtept lat="37.676348" lon="-107.484572"><ele>3591.8</ele><time>2026-04-10T15:54:04Z</time></rtept><rtept lat="37.676314" lon="-107.48448"><ele>3590.0</ele><time>2026-04-10T15:54:04Z</time></rtept><rtept lat="37.676263" lon="-107.484331"><ele>3589.2</ele><time>2026-04-10T15:54:04Z</time></rtept><rtept lat="37.676231" lon="-107.484148"><ele>3587.8</ele><time>2026-04-10T15:54:04Z</time></rtept><rtept lat="37.676199" lon="-107.484"><ele>3585.8</ele><time>2026-04-10T15:54:04Z</time></rtept><rtept lat="37.676183" lon="-107.483852"><ele>3583.4</ele><time>2026-04-10T15:54:04Z</time></rtept><rtept lat="37.676158" lon="-107.483761"><ele>3582.0</ele><time>2026-04-10T15:54:04Z</time></rtept><rtept lat="37.676133" lon="-107.483703"><ele>3580.0</ele><time>2026-04-10T15:54:04Z</time></rtept><rtept lat="37.676116" lon="-107.483646"><ele>3580.0</ele><time>2026-04-10T15:54:04Z</time></rtept><rtept lat="37.676117" lon="-107.483567"><ele>3578.8</ele><time>2026-04-10T15:54:04Z</time></rtept><rtept lat="37.676128" lon="-107.48351"><ele>3577.4</ele><time>2026-04-10T15:54:04Z</time></rtept><rtept lat="37.676157" lon="-107.483409"><ele>3576.6</ele><time>2026-04-10T15:54:04Z</time></rtept><rtept lat="37.676194" lon="-107.483331"><ele>3575.4</ele><time>2026-04-10T15:54:04Z</time></rtept><rtept lat="37.676232" lon="-107.483253"><ele>3575.2</ele><time>2026-04-10T15:54:04Z</time></rtept><rtept lat="37.676297" lon="-107.483164"><ele>3574.6</ele><time>2026-04-10T15:54:04Z</time></rtept><rtept lat="37.676344" lon="-107.483086"><ele>3573.0</ele><time>2026-04-10T15:54:04Z</time></rtept><rtept lat="37.676409" lon="-107.482998"><ele>3572.0</ele><time>2026-04-10T15:54:04Z</time></rtept><rtept lat="37.676466" lon="-107.482864"><ele>3570.8</ele><time>2026-04-10T15:54:04Z</time></rtept><rtept lat="37.676502" lon="-107.482831"><ele>3569.0</ele><time>2026-04-10T15:54:04Z</time></rtept><rtept lat="37.676557" lon="-107.482799"><ele>3569.8</ele><time>2026-04-10T15:54:04Z</time></rtept><rtept lat="37.676604" lon="-107.482732"><ele>3567.0</ele><time>2026-04-10T15:54:04Z</time></rtept><rtept lat="37.676669" lon="-107.482621"><ele>3565.2</ele><time>2026-04-10T15:54:04Z</time></rtept><rtept lat="37.676762" lon="-107.482477"><ele>3562.8</ele><time>2026-04-10T15:54:04Z</time></rtept><rtept lat="37.6768" lon="-107.482376"><ele>3561.0</ele><time>2026-04-10T15:54:04Z</time></rtept><rtept lat="37.676848" lon="-107.482242"><ele>3556.8</ele><time>2026-04-10T15:54:04Z</time></rtept><rtept lat="37.676914" lon="-107.482119"><ele>3555.0</ele><time>2026-04-10T15:54:04Z</time></rtept><rtept lat="37.676997" lon="-107.48202"><ele>3553.6</ele><time>2026-04-10T15:54:04Z</time></rtept><rtept lat="37.677071" lon="-107.481943"><ele>3552.8</ele><time>2026-04-10T15:54:04Z</time></rtept><rtept lat="37.677117" lon="-107.481865"><ele>3552.0</ele><time>2026-04-10T15:54:04Z</time></rtept><rtept lat="37.677129" lon="-107.481763"><ele>3550.6</ele><time>2026-04-10T15:54:04Z</time></rtept><rtept lat="37.677112" lon="-107.481695"><ele>3549.0</ele><time>2026-04-10T15:54:04Z</time></rtept><rtept lat="37.677068" lon="-107.481625"><ele>3546.0</ele><time>2026-04-10T15:54:04Z</time></rtept><rtept lat="37.677042" lon="-107.481602"><ele>3546.0</ele><time>2026-04-10T15:54:04Z</time></rtept><rtept lat="37.676997" lon="-107.481577"><ele>3544.8</ele><time>2026-04-10T15:54:04Z</time></rtept><rtept lat="37.676916" lon="-107.481597"><ele>3543.6</ele><time>2026-04-10T15:54:04Z</time></rtept><rtept lat="37.676825" lon="-107.481628"><ele>3543.2</ele><time>2026-04-10T15:54:04Z</time></rtept><rtept lat="37.67668" lon="-107.481691"><ele>3549.4</ele><time>2026-04-10T15:54:04Z</time></rtept><rtept lat="37.676571" lon="-107.481722"><ele>3551.0</ele><time>2026-04-10T15:54:04Z</time></rtept><rtept lat="37.676498" lon="-107.481765"><ele>3552.4</ele><time>2026-04-10T15:54:04Z</time></rtept><rtept lat="37.676317" lon="-107.481804"><ele>3555.4</ele><time>2026-04-10T15:54:04Z</time></rtept><rtept lat="37.676235" lon="-107.481825"><ele>3558.0</ele><time>2026-04-10T15:54:04Z</time></rtept><rtept lat="37.676127" lon="-107.481843"><ele>3558.8</ele><time>2026-04-10T15:54:04Z</time></rtept><rtept lat="37.676054" lon="-107.481864"><ele>3559.0</ele><time>2026-04-10T15:54:04Z</time></rtept><rtept lat="37.675991" lon="-107.48185"><ele>3559.2</ele><time>2026-04-10T15:54:04Z</time></rtept><rtept lat="37.675893" lon="-107.481813"><ele>3557.4</ele><time>2026-04-10T15:54:04Z</time></rtept><rtept lat="37.675822" lon="-107.481765"><ele>3557.6</ele><time>2026-04-10T15:54:04Z</time></rtept><rtept lat="37.675769" lon="-107.481696"><ele>3555.8</ele><time>2026-04-10T15:54:04Z</time></rtept><rtept lat="37.675708" lon="-107.481614"><ele>3553.8</ele><time>2026-04-10T15:54:04Z</time></rtept><rtept lat="37.67562" lon="-107.48152"><ele>3552.0</ele><time>2026-04-10T15:54:04Z</time></rtept><rtept lat="37.67554" lon="-107.48145"><ele>3549.8</ele><time>2026-04-10T15:54:04Z</time></rtept><rtept lat="37.675452" lon="-107.481356"><ele>3546.4</ele><time>2026-04-10T15:54:04Z</time></rtept><rtept lat="37.675372" lon="-107.481297"><ele>3543.6</ele><time>2026-04-10T15:54:04Z</time></rtept><rtept lat="37.675302" lon="-107.481215"><ele>3540.6</ele><time>2026-04-10T15:54:04Z</time></rtept><rtept lat="37.675214" lon="-107.481098"><ele>3537.4</ele><time>2026-04-10T15:54:04Z</time></rtept><rtept lat="37.675171" lon="-107.481029"><ele>3535.0</ele><time>2026-04-10T15:54:04Z</time></rtept><rtept lat="37.675101" lon="-107.480891"><ele>3533.0</ele><time>2026-04-10T15:54:04Z</time></rtept><rtept lat="37.675041" lon="-107.480775"><ele>3528.8</ele><time>2026-04-10T15:54:04Z</time></rtept><rtept lat="37.674962" lon="-107.480682"><ele>3527.4</ele><time>2026-04-10T15:54:04Z</time></rtept><rtept lat="37.674875" lon="-107.480509"><ele>3523.4</ele><time>2026-04-10T15:54:04Z</time></rtept><rtept lat="37.674779" lon="-107.480359"><ele>3521.2</ele><time>2026-04-10T15:54:04Z</time></rtept><rtept lat="37.674691" lon="-107.480276"><ele>3519.8</ele><time>2026-04-10T15:54:04Z</time></rtept><rtept lat="37.67462" lon="-107.480194"><ele>3521.6</ele><time>2026-04-10T15:54:04Z</time></rtept><rtept lat="37.674514" lon="-107.480134"><ele>3520.8</ele><time>2026-04-10T15:54:04Z</time></rtept><rtept lat="37.67438" lon="-107.480062"><ele>3522.2</ele><time>2026-04-10T15:54:04Z</time></rtept><rtept lat="37.674291" lon="-107.480025"><ele>3525.0</ele><time>2026-04-10T15:54:04Z</time></rtept><rtept lat="37.674201" lon="-107.479999"><ele>3524.2</ele><time>2026-04-10T15:54:04Z</time></rtept><rtept lat="37.674121" lon="-107.479974"><ele>3525.4</ele><time>2026-04-10T15:54:04Z</time></rtept><rtept lat="37.673978" lon="-107.479867"><ele>3526.6</ele><time>2026-04-10T15:54:04Z</time></rtept><rtept lat="37.673871" lon="-107.479852"><ele>3532.0</ele><time>2026-04-10T15:54:04Z</time></rtept><rtept lat="37.673728" lon="-107.479757"><ele>3536.4</ele><time>2026-04-10T15:54:04Z</time></rtept><rtept lat="37.67363" lon="-107.479719"><ele>3540.8</ele><time>2026-04-10T15:54:04Z</time></rtept><rtept lat="37.673586" lon="-107.479695"><ele>3540.8</ele><time>2026-04-10T15:54:04Z</time></rtept><rtept lat="37.673513" lon="-107.479704"><ele>3542.8</ele><time>2026-04-10T15:54:04Z</time></rtept><rtept lat="37.673404" lon="-107.479746"><ele>3547.0</ele><time>2026-04-10T15:54:04Z</time></rtept><rtept lat="37.673323" lon="-107.479766"><ele>3550.2</ele><time>2026-04-10T15:54:04Z</time></rtept><rtept lat="37.673259" lon="-107.479809"><ele>3551.8</ele><time>2026-04-10T15:54:04Z</time></rtept><rtept lat="37.673194" lon="-107.479898"><ele>3554.6</ele><time>2026-04-10T15:54:04Z</time></rtept><rtept lat="37.673111" lon="-107.479974"><ele>3557.8</ele><time>2026-04-10T15:54:04Z</time></rtept><rtept lat="37.673029" lon="-107.480051"><ele>3561.0</ele><time>2026-04-10T15:54:04Z</time></rtept><rtept lat="37.672892" lon="-107.480125"><ele>3565.4</ele><time>2026-04-10T15:54:04Z</time></rtept><rtept lat="37.672842" lon="-107.48013"><ele>3566.8</ele><time>2026-04-10T15:54:04Z</time></rtept><rtept lat="37.672821" lon="-107.480164"><ele>3566.8</ele><time>2026-04-10T15:54:04Z</time></rtept><rtept lat="37.672767" lon="-107.480251"><ele>3569.8</ele><time>2026-04-10T15:54:04Z</time></rtept><rtept lat="37.672723" lon="-107.480344"><ele>3572.8</ele><time>2026-04-10T15:54:04Z</time></rtept><rtept lat="37.67266" lon="-107.48043"><ele>3575.6</ele><time>2026-04-10T15:54:04Z</time></rtept><rtept lat="37.672585" lon="-107.480487"><ele>3577.6</ele><time>2026-04-10T15:54:04Z</time></rtept><rtept lat="37.672523" lon="-107.480514"><ele>3578.6</ele><time>2026-04-10T15:54:04Z</time></rtept><rtept lat="37.672442" lon="-107.480523"><ele>3579.2</ele><time>2026-04-10T15:54:04Z</time></rtept><rtept lat="37.672373" lon="-107.480491"><ele>3580.0</ele><time>2026-04-10T15:54:04Z</time></rtept><rtept lat="37.672291" lon="-107.480424"><ele>3579.4</ele><time>2026-04-10T15:54:04Z</time></rtept><rtept lat="37.672236" lon="-107.480363"><ele>3578.6</ele><time>2026-04-10T15:54:04Z</time></rtept><rtept lat="37.67218" lon="-107.480337"><ele>3579.6</ele><time>2026-04-10T15:54:04Z</time></rtept><rtept lat="37.672129" lon="-107.480294"><ele>3580.6</ele><time>2026-04-10T15:54:04Z</time></rtept><rtept lat="37.672079" lon="-107.48021"><ele>3579.2</ele><time>2026-04-10T15:54:04Z</time></rtept><rtept lat="37.672028" lon="-107.480161"><ele>3579.0</ele><time>2026-04-10T15:54:04Z</time></rtept><rtept lat="37.671968" lon="-107.480112"><ele>3580.0</ele><time>2026-04-10T15:54:04Z</time></rtept><rtept lat="37.671908" lon="-107.48008"><ele>3579.4</ele><time>2026-04-10T15:54:04Z</time></rtept><rtept lat="37.671823" lon="-107.48006"><ele>3580.6</ele><time>2026-04-10T15:54:04Z</time></rtept><rtept lat="37.671763" lon="-107.480046"><ele>3581.6</ele><time>2026-04-10T15:54:04Z</time></rtept><rtept lat="37.671697" lon="-107.480056"><ele>3582.8</ele><time>2026-04-10T15:54:04Z</time></rtept><rtept lat="37.671635" lon="-107.480089"><ele>3583.8</ele><time>2026-04-10T15:54:04Z</time></rtept><rtept lat="37.671587" lon="-107.480141"><ele>3586.6</ele><time>2026-04-10T15:54:04Z</time></rtept><rtept lat="37.671557" lon="-107.480163"><ele>3586.6</ele><time>2026-04-10T15:54:04Z</time></rtept><rtept lat="37.671508" lon="-107.480162"><ele>3587.0</ele><time>2026-04-10T15:54:04Z</time></rtept><rtept lat="37.671416" lon="-107.480212"><ele>3588.6</ele><time>2026-04-10T15:54:04Z</time></rtept><rtept lat="37.671316" lon="-107.480285"><ele>3590.6</ele><time>2026-04-10T15:54:04Z</time></rtept><rtept lat="37.671207" lon="-107.48034"><ele>3591.0</ele><time>2026-04-10T15:54:04Z</time></rtept><rtept lat="37.671136" lon="-107.480374"><ele>3592.8</ele><time>2026-04-10T15:54:04Z</time></rtept><rtept lat="37.671027" lon="-107.480423"><ele>3594.0</ele><time>2026-04-10T15:54:04Z</time></rtept><rtept lat="37.670909" lon="-107.480448"><ele>3595.0</ele><time>2026-04-10T15:54:04Z</time></rtept><rtept lat="37.670815" lon="-107.480416"><ele>3595.6</ele><time>2026-04-10T15:54:04Z</time></rtept><rtept lat="37.67068" lon="-107.480394"><ele>3596.4</ele><time>2026-04-10T15:54:04Z</time></rtept><rtept lat="37.670598" lon="-107.480367"><ele>3596.6</ele><time>2026-04-10T15:54:04Z</time></rtept><rtept lat="37.670459" lon="-107.48029"><ele>3597.6</ele><time>2026-04-10T15:54:04Z</time></rtept><rtept lat="37.670305" lon="-107.480223"><ele>3599.4</ele><time>2026-04-10T15:54:04Z</time></rtept><rtept lat="37.670294" lon="-107.480216"><ele>3599.6</ele><time>2026-04-10T15:54:04Z</time></rtept><rtept lat="37.670225" lon="-107.480241"><ele>3599.8</ele><time>2026-04-10T15:54:04Z</time></rtept><rtept lat="37.670225" lon="-107.480241"><ele>3599.8</ele><time>2026-04-10T15:54:04Z</time></rtept><rtept lat="37.670199" lon="-107.48025"><ele>3599.8</ele><time>2026-04-10T15:54:04Z</time></rtept><rtept lat="37.670116" lon="-107.480239"><ele>3599.8</ele><time>2026-04-10T15:54:04Z</time></rtept><rtept lat="37.669966" lon="-107.480217"><ele>3599.8</ele><time>2026-04-10T15:54:04Z</time></rtept><rtept lat="37.669888" lon="-107.480178"><ele>3600.4</ele><time>2026-04-10T15:54:04Z</time></rtept><rtept lat="37.669729" lon="-107.480102"><ele>3602.0</ele><time>2026-04-10T15:54:04Z</time></rtept><rtept lat="37.669553" lon="-107.480031"><ele>3602.8</ele><time>2026-04-10T15:54:04Z</time></rtept><rtept lat="37.669382" lon="-107.479925"><ele>3605.8</ele><time>2026-04-10T15:54:04Z</time></rtept><rtept lat="37.669151" lon="-107.479764"><ele>3606.0</ele><time>2026-04-10T15:54:04Z</time></rtept><rtept lat="37.668984" lon="-107.479658"><ele>3606.8</ele><time>2026-04-10T15:54:04Z</time></rtept><rtept lat="37.668788" lon="-107.479557"><ele>3606.0</ele><time>2026-04-10T15:54:04Z</time></rtept><rtept lat="37.668634" lon="-107.479475"><ele>3605.8</ele><time>2026-04-10T15:54:04Z</time></rtept><rtept lat="37.668552" lon="-107.47939"><ele>3606.4</ele><time>2026-04-10T15:54:04Z</time></rtept><rtept lat="37.668506" lon="-107.479356"><ele>3605.4</ele><time>2026-04-10T15:54:04Z</time></rtept><rtept lat="37.668516" lon="-107.479329"><ele>3607.0</ele><time>2026-04-10T15:54:04Z</time></rtept><rtept lat="37.668474" lon="-107.479284"><ele>3607.0</ele><time>2026-04-10T15:54:04Z</time></rtept><rtept lat="37.668425" lon="-107.479249"><ele>3606.2</ele><time>2026-04-10T15:54:04Z</time></rtept><rtept lat="37.668378" lon="-107.479224"><ele>3606.6</ele><time>2026-04-10T15:54:04Z</time></rtept><rtept lat="37.668325" lon="-107.479189"><ele>3605.6</ele><time>2026-04-10T15:54:04Z</time></rtept><rtept lat="37.668276" lon="-107.479154"><ele>3606.8</ele><time>2026-04-10T15:54:04Z</time></rtept><rtept lat="37.668247" lon="-107.479119"><ele>3605.6</ele><time>2026-04-10T15:54:04Z</time></rtept><rtept lat="37.668221" lon="-107.479061"><ele>3606.8</ele><time>2026-04-10T15:54:04Z</time></rtept><rtept lat="37.668191" lon="-107.478998"><ele>3605.6</ele><time>2026-04-10T15:54:04Z</time></rtept><rtept lat="37.66817" lon="-107.478916"><ele>3606.6</ele><time>2026-04-10T15:54:04Z</time></rtept><rtept lat="37.668144" lon="-107.478806"><ele>3608.2</ele><time>2026-04-10T15:54:04Z</time></rtept><rtept lat="37.668135" lon="-107.478662"><ele>3609.0</ele><time>2026-04-10T15:54:04Z</time></rtept><rtept lat="37.668119" lon="-107.478494"><ele>3608.8</ele><time>2026-04-10T15:54:04Z</time></rtept><rtept lat="37.668126" lon="-107.47837"><ele>3609.4</ele><time>2026-04-10T15:54:04Z</time></rtept><rtept lat="37.668134" lon="-107.478289"><ele>3610.4</ele><time>2026-04-10T15:54:04Z</time></rtept><rtept lat="37.668147" lon="-107.478218"><ele>3610.4</ele><time>2026-04-10T15:54:04Z</time></rtept><rtept lat="37.668164" lon="-107.478147"><ele>3610.4</ele><time>2026-04-10T15:54:04Z</time></rtept><rtept lat="37.668172" lon="-107.478095"><ele>3610.4</ele><time>2026-04-10T15:54:04Z</time></rtept><rtept lat="37.668185" lon="-107.478009"><ele>3610.4</ele><time>2026-04-10T15:54:04Z</time></rtept><rtept lat="37.668207" lon="-107.477948"><ele>3611.4</ele><time>2026-04-10T15:54:04Z</time></rtept><rtept lat="37.66823" lon="-107.477887"><ele>3611.4</ele><time>2026-04-10T15:54:04Z</time></rtept><rtept lat="37.668238" lon="-107.477834"><ele>3611.2</ele><time>2026-04-10T15:54:04Z</time></rtept><rtept lat="37.668255" lon="-107.477768"><ele>3611.0</ele><time>2026-04-10T15:54:04Z</time></rtept><rtept lat="37.668273" lon="-107.477702"><ele>3611.6</ele><time>2026-04-10T15:54:04Z</time></rtept><rtept lat="37.668286" lon="-107.477621"><ele>3611.6</ele><time>2026-04-10T15:54:04Z</time></rtept><rtept lat="37.668292" lon="-107.477545"><ele>3611.4</ele><time>2026-04-10T15:54:04Z</time></rtept><rtept lat="37.668289" lon="-107.477473"><ele>3611.4</ele><time>2026-04-10T15:54:04Z</time></rtept><rtept lat="37.668279" lon="-107.47742"><ele>3611.4</ele><time>2026-04-10T15:54:04Z</time></rtept><rtept lat="37.668248" lon="-107.477352"><ele>3611.0</ele><time>2026-04-10T15:54:04Z</time></rtept><rtept lat="37.668225" lon="-107.477294"><ele>3611.0</ele><time>2026-04-10T15:54:04Z</time></rtept><rtept lat="37.668195" lon="-107.477231"><ele>3610.6</ele><time>2026-04-10T15:54:04Z</time></rtept><rtept lat="37.668155" lon="-107.477172"><ele>3611.4</ele><time>2026-04-10T15:54:04Z</time></rtept><rtept lat="37.668113" lon="-107.477123"><ele>3610.4</ele><time>2026-04-10T15:54:04Z</time></rtept><rtept lat="37.668076" lon="-107.477079"><ele>3611.2</ele><time>2026-04-10T15:54:04Z</time></rtept><rtept lat="37.668048" lon="-107.477021"><ele>3610.4</ele><time>2026-04-10T15:54:04Z</time></rtept><rtept lat="37.668022" lon="-107.476972"><ele>3611.2</ele><time>2026-04-10T15:54:04Z</time></rtept><rtept lat="37.667978" lon="-107.476928"><ele>3611.6</ele><time>2026-04-10T15:54:04Z</time></rtept><rtept lat="37.667932" lon="-107.476888"><ele>3611.6</ele><time>2026-04-10T15:54:04Z</time></rtept><rtept lat="37.667903" lon="-107.476844"><ele>3612.8</ele><time>2026-04-10T15:54:04Z</time></rtept><rtept lat="37.667859" lon="-107.476814"><ele>3612.8</ele><time>2026-04-10T15:54:04Z</time></rtept><rtept lat="37.667816" lon="-107.476812"><ele>3612.0</ele><time>2026-04-10T15:54:04Z</time></rtept><rtept lat="37.667764" lon="-107.47683"><ele>3610.6</ele><time>2026-04-10T15:54:04Z</time></rtept><rtept lat="37.667705" lon="-107.476856"><ele>3609.4</ele><time>2026-04-10T15:54:04Z</time></rtept><rtept lat="37.667648" lon="-107.476879"><ele>3609.6</ele><time>2026-04-10T15:54:04Z</time></rtept><rtept lat="37.667602" lon="-107.476901"><ele>3609.6</ele><time>2026-04-10T15:54:04Z</time></rtept><rtept lat="37.66753" lon="-107.476922"><ele>3610.2</ele><time>2026-04-10T15:54:04Z</time></rtept><rtept lat="37.667475" lon="-107.476949"><ele>3609.6</ele><time>2026-04-10T15:54:04Z</time></rtept><rtept lat="37.667425" lon="-107.476981"><ele>3609.6</ele><time>2026-04-10T15:54:04Z</time></rtept><rtept lat="37.667397" lon="-107.477018"><ele>3609.0</ele><time>2026-04-10T15:54:04Z</time></rtept><rtept lat="37.667351" lon="-107.477074"><ele>3609.2</ele><time>2026-04-10T15:54:04Z</time></rtept><rtept lat="37.667322" lon="-107.477145"><ele>3608.8</ele><time>2026-04-10T15:54:04Z</time></rtept><rtept lat="37.667292" lon="-107.477182"><ele>3609.2</ele><time>2026-04-10T15:54:04Z</time></rtept><rtept lat="37.667242" lon="-107.477204"><ele>3609.2</ele><time>2026-04-10T15:54:04Z</time></rtept><rtept lat="37.667192" lon="-107.477241"><ele>3609.2</ele><time>2026-04-10T15:54:04Z</time></rtept><rtept lat="37.667134" lon="-107.477291"><ele>3609.6</ele><time>2026-04-10T15:54:04Z</time></rtept><rtept lat="37.66708" lon="-107.477332"><ele>3610.2</ele><time>2026-04-10T15:54:04Z</time></rtept><rtept lat="37.66703" lon="-107.477355"><ele>3610.6</ele><time>2026-04-10T15:54:04Z</time></rtept><rtept lat="37.666973" lon="-107.477386"><ele>3610.2</ele><time>2026-04-10T15:54:04Z</time></rtept><rtept lat="37.666931" lon="-107.477428"><ele>3610.6</ele><time>2026-04-10T15:54:04Z</time></rtept><rtept lat="37.666903" lon="-107.47746"><ele>3610.4</ele><time>2026-04-10T15:54:04Z</time></rtept><rtept lat="37.666849" lon="-107.477482"><ele>3610.4</ele><time>2026-04-10T15:54:04Z</time></rtept><rtept lat="37.666822" lon="-107.477477"><ele>3610.8</ele><time>2026-04-10T15:54:04Z</time></rtept><rtept lat="37.666786" lon="-107.47749"><ele>3610.8</ele><time>2026-04-10T15:54:04Z</time></rtept><rtept lat="37.666721" lon="-107.477483"><ele>3611.6</ele><time>2026-04-10T15:54:04Z</time></rtept><rtept lat="37.666677" lon="-107.477515"><ele>3613.2</ele><time>2026-04-10T15:54:04Z</time></rtept><rtept lat="37.666614" lon="-107.477594"><ele>3612.8</ele><time>2026-04-10T15:54:04Z</time></rtept><rtept lat="37.666564" lon="-107.477645"><ele>3612.2</ele><time>2026-04-10T15:54:04Z</time></rtept><rtept lat="37.666506" lon="-107.47771"><ele>3610.4</ele><time>2026-04-10T15:54:04Z</time></rtept><rtept lat="37.666468" lon="-107.477718"><ele>3611.2</ele><time>2026-04-10T15:54:04Z</time></rtept><rtept lat="37.666427" lon="-107.477712"><ele>3613.0</ele><time>2026-04-10T15:54:04Z</time></rtept><rtept lat="37.666401" lon="-107.477692"><ele>3616.6</ele><time>2026-04-10T15:54:04Z</time></rtept><rtept lat="37.666368" lon="-107.477653"><ele>3616.6</ele><time>2026-04-10T15:54:04Z</time></rtept><rtept lat="37.666346" lon="-107.477623"><ele>3619.6</ele><time>2026-04-10T15:54:04Z</time></rtept><rtept lat="37.666312" lon="-107.477622"><ele>3619.6</ele><time>2026-04-10T15:54:04Z</time></rtept><rtept lat="37.66628" lon="-107.47764"><ele>3622.4</ele><time>2026-04-10T15:54:04Z</time></rtept><rtept lat="37.666262" lon="-107.477658"><ele>3622.4</ele><time>2026-04-10T15:54:04Z</time></rtept><rtept lat="37.666239" lon="-107.477672"><ele>3622.4</ele><time>2026-04-10T15:54:04Z</time></rtept><rtept lat="37.666207" lon="-107.4777"><ele>3624.4</ele><time>2026-04-10T15:54:04Z</time></rtept><rtept lat="37.666172" lon="-107.477732"><ele>3621.0</ele><time>2026-04-10T15:54:04Z</time></rtept><rtept lat="37.666134" lon="-107.47774"><ele>3623.0</ele><time>2026-04-10T15:54:04Z</time></rtept><rtept lat="37.666084" lon="-107.477753"><ele>3625.6</ele><time>2026-04-10T15:54:04Z</time></rtept><rtept lat="37.666023" lon="-107.47777"><ele>3625.6</ele><time>2026-04-10T15:54:04Z</time></rtept><rtept lat="37.665978" lon="-107.477768"><ele>3629.2</ele><time>2026-04-10T15:54:04Z</time></rtept><rtept lat="37.66595" lon="-107.477787"><ele>3631.8</ele><time>2026-04-10T15:54:04Z</time></rtept><rtept lat="37.665927" lon="-107.477829"><ele>3630.4</ele><time>2026-04-10T15:54:04Z</time></rtept><rtept lat="37.665885" lon="-107.477875"><ele>3631.6</ele><time>2026-04-10T15:54:04Z</time></rtept><rtept lat="37.665853" lon="-107.477903"><ele>3631.6</ele><time>2026-04-10T15:54:04Z</time></rtept><rtept lat="37.665807" lon="-107.477949"><ele>3634.2</ele><time>2026-04-10T15:54:04Z</time></rtept><rtept lat="37.665772" lon="-107.478005"><ele>3632.0</ele><time>2026-04-10T15:54:04Z</time></rtept><rtept lat="37.665736" lon="-107.478037"><ele>3633.8</ele><time>2026-04-10T15:54:04Z</time></rtept><rtept lat="37.665694" lon="-107.47807"><ele>3631.4</ele><time>2026-04-10T15:54:04Z</time></rtept><rtept lat="37.66566" lon="-107.478111"><ele>3633.2</ele><time>2026-04-10T15:54:04Z</time></rtept><rtept lat="37.665631" lon="-107.478172"><ele>3631.4</ele><time>2026-04-10T15:54:04Z</time></rtept><rtept lat="37.665588" lon="-107.478223"><ele>3632.2</ele><time>2026-04-10T15:54:04Z</time></rtept><rtept lat="37.665569" lon="-107.478242"><ele>3632.2</ele><time>2026-04-10T15:54:04Z</time></rtept><rtept lat="37.665553" lon="-107.478246"><ele>3632.2</ele><time>2026-04-10T15:54:04Z</time></rtept><rtept lat="37.665531" lon="-107.478246"><ele>3634.2</ele><time>2026-04-10T15:54:04Z</time></rtept><rtept lat="37.665527" lon="-107.478221"><ele>3634.2</ele><time>2026-04-10T15:54:04Z</time></rtept><rtept lat="37.665532" lon="-107.478198"><ele>3635.0</ele><time>2026-04-10T15:54:04Z</time></rtept><rtept lat="37.665541" lon="-107.478189"><ele>3635.0</ele><time>2026-04-10T15:54:04Z</time></rtept><rtept lat="37.665548" lon="-107.47817"><ele>3633.2</ele><time>2026-04-10T15:54:04Z</time></rtept><rtept lat="37.665553" lon="-107.478151"><ele>3633.2</ele><time>2026-04-10T15:54:04Z</time></rtept><rtept lat="37.66556" lon="-107.478127"><ele>3635.0</ele><time>2026-04-10T15:54:04Z</time></rtept><rtept lat="37.665567" lon="-107.478103"><ele>3635.0</ele><time>2026-04-10T15:54:04Z</time></rtept><rtept lat="37.665577" lon="-107.478066"><ele>3635.0</ele><time>2026-04-10T15:54:04Z</time></rtept><rtept lat="37.665589" lon="-107.478042"><ele>3637.2</ele><time>2026-04-10T15:54:04Z</time></rtept><rtept lat="37.665596" lon="-107.478028"><ele>3637.2</ele><time>2026-04-10T15:54:04Z</time></rtept><rtept lat="37.665592" lon="-107.478014"><ele>3637.2</ele><time>2026-04-10T15:54:04Z</time></rtept><rtept lat="37.665581" lon="-107.478013"><ele>3637.2</ele><time>2026-04-10T15:54:04Z</time></rtept><rtept lat="37.665569" lon="-107.478018"><ele>3637.2</ele><time>2026-04-10T15:54:04Z</time></rtept><rtept lat="37.665546" lon="-107.478031"><ele>3637.2</ele><time>2026-04-10T15:54:04Z</time></rtept><rtept lat="37.665535" lon="-107.478045"><ele>3639.0</ele><time>2026-04-10T15:54:04Z</time></rtept><rtept lat="37.665507" lon="-107.478073"><ele>3636.4</ele><time>2026-04-10T15:54:04Z</time></rtept><rtept lat="37.665489" lon="-107.478106"><ele>3636.4</ele><time>2026-04-10T15:54:04Z</time></rtept><rtept lat="37.66547" lon="-107.478129"><ele>3638.6</ele><time>2026-04-10T15:54:04Z</time></rtept><rtept lat="37.665438" lon="-107.478147"><ele>3637.4</ele><time>2026-04-10T15:54:04Z</time></rtept><rtept lat="37.665408" lon="-107.47817"><ele>3639.8</ele><time>2026-04-10T15:54:04Z</time></rtept><rtept lat="37.665387" lon="-107.478212"><ele>3639.8</ele><time>2026-04-10T15:54:04Z</time></rtept><rtept lat="37.66538" lon="-107.478245"><ele>3639.2</ele><time>2026-04-10T15:54:04Z</time></rtept><rtept lat="37.665392" lon="-107.478289"><ele>3639.2</ele><time>2026-04-10T15:54:04Z</time></rtept><rtept lat="37.665416" lon="-107.478333"><ele>3636.2</ele><time>2026-04-10T15:54:04Z</time></rtept><rtept lat="37.665415" lon="-107.478385"><ele>3636.2</ele><time>2026-04-10T15:54:04Z</time></rtept><rtept lat="37.665405" lon="-107.478451"><ele>3637.2</ele><time>2026-04-10T15:54:04Z</time></rtept><rtept lat="37.665392" lon="-107.478499"><ele>3635.8</ele><time>2026-04-10T15:54:04Z</time></rtept><rtept lat="37.665374" lon="-107.478532"><ele>3635.8</ele><time>2026-04-10T15:54:04Z</time></rtept><rtept lat="37.665335" lon="-107.478549"><ele>3637.8</ele><time>2026-04-10T15:54:04Z</time></rtept><rtept lat="37.665308" lon="-107.478558"><ele>3637.8</ele><time>2026-04-10T15:54:04Z</time></rtept><rtept lat="37.665274" lon="-107.478576"><ele>3639.6</ele><time>2026-04-10T15:54:04Z</time></rtept><rtept lat="37.665224" lon="-107.478603"><ele>3639.6</ele><time>2026-04-10T15:54:04Z</time></rtept><rtept lat="37.665185" lon="-107.478635"><ele>3642.4</ele><time>2026-04-10T15:54:04Z</time></rtept><rtept lat="37.665139" lon="-107.478686"><ele>3642.2</ele><time>2026-04-10T15:54:04Z</time></rtept><rtept lat="37.665106" lon="-107.478728"><ele>3644.8</ele><time>2026-04-10T15:54:04Z</time></rtept><rtept lat="37.665114" lon="-107.4788"><ele>3645.0</ele><time>2026-04-10T15:54:04Z</time></rtept><rtept lat="37.665117" lon="-107.478848"><ele>3644.8</ele><time>2026-04-10T15:54:04Z</time></rtept><rtept lat="37.665107" lon="-107.478886"><ele>3644.8</ele><time>2026-04-10T15:54:04Z</time></rtept><rtept lat="37.665099" lon="-107.478952"><ele>3644.6</ele><time>2026-04-10T15:54:04Z</time></rtept><rtept lat="37.665071" lon="-107.478999"><ele>3644.2</ele><time>2026-04-10T15:54:04Z</time></rtept><rtept lat="37.665043" lon="-107.479022"><ele>3646.2</ele><time>2026-04-10T15:54:04Z</time></rtept><rtept lat="37.665003" lon="-107.479035"><ele>3646.2</ele><time>2026-04-10T15:54:04Z</time></rtept><rtept lat="37.664955" lon="-107.479043"><ele>3648.2</ele><time>2026-04-10T15:54:04Z</time></rtept><rtept lat="37.664915" lon="-107.479042"><ele>3649.8</ele><time>2026-04-10T15:54:04Z</time></rtept><rtept lat="37.664869" lon="-107.47905"><ele>3649.8</ele><time>2026-04-10T15:54:04Z</time></rtept><rtept lat="37.664811" lon="-107.479053"><ele>3651.4</ele><time>2026-04-10T15:54:04Z</time></rtept><rtept lat="37.664765" lon="-107.47907"><ele>3653.2</ele><time>2026-04-10T15:54:04Z</time></rtept><rtept lat="37.664727" lon="-107.479098"><ele>3654.4</ele><time>2026-04-10T15:54:04Z</time></rtept><rtept lat="37.664685" lon="-107.479158"><ele>3654.4</ele><time>2026-04-10T15:54:04Z</time></rtept><rtept lat="37.66465" lon="-107.479219"><ele>3655.4</ele><time>2026-04-10T15:54:04Z</time></rtept><rtept lat="37.664594" lon="-107.479303"><ele>3657.0</ele><time>2026-04-10T15:54:04Z</time></rtept><rtept lat="37.664538" lon="-107.479378"><ele>3656.0</ele><time>2026-04-10T15:54:04Z</time></rtept><rtept lat="37.664476" lon="-107.479424"><ele>3657.4</ele><time>2026-04-10T15:54:04Z</time></rtept><rtept lat="37.664413" lon="-107.479465"><ele>3659.2</ele><time>2026-04-10T15:54:04Z</time></rtept><rtept lat="37.664351" lon="-107.4795"><ele>3661.0</ele><time>2026-04-10T15:54:04Z</time></rtept><rtept lat="37.664296" lon="-107.479546"><ele>3661.2</ele><time>2026-04-10T15:54:04Z</time></rtept><rtept lat="37.664245" lon="-107.479607"><ele>3662.6</ele><time>2026-04-10T15:54:04Z</time></rtept><rtept lat="37.66421" lon="-107.479668"><ele>3662.6</ele><time>2026-04-10T15:54:04Z</time></rtept><rtept lat="37.664191" lon="-107.4797"><ele>3662.4</ele><time>2026-04-10T15:54:04Z</time></rtept><rtept lat="37.664176" lon="-107.4797"><ele>3664.4</ele><time>2026-04-10T15:54:04Z</time></rtept><rtept lat="37.664159" lon="-107.479719"><ele>3664.4</ele><time>2026-04-10T15:54:04Z</time></rtept><rtept lat="37.664106" lon="-107.479769"><ele>3665.4</ele><time>2026-04-10T15:54:04Z</time></rtept><rtept lat="37.664035" lon="-107.479834"><ele>3666.8</ele><time>2026-04-10T15:54:04Z</time></rtept><rtept lat="37.663962" lon="-107.479898"><ele>3667.2</ele><time>2026-04-10T15:54:04Z</time></rtept><rtept lat="37.663904" lon="-107.479973"><ele>3667.8</ele><time>2026-04-10T15:54:04Z</time></rtept><rtept lat="37.663874" lon="-107.479986"><ele>3667.8</ele><time>2026-04-10T15:54:04Z</time></rtept><rtept lat="37.663854" lon="-107.479981"><ele>3667.8</ele><time>2026-04-10T15:54:04Z</time></rtept><rtept lat="37.66385" lon="-107.479966"><ele>3667.8</ele><time>2026-04-10T15:54:04Z</time></rtept><rtept lat="37.66385" lon="-107.479943"><ele>3667.8</ele><time>2026-04-10T15:54:04Z</time></rtept><rtept lat="37.663861" lon="-107.479885"><ele>3668.4</ele><time>2026-04-10T15:54:04Z</time></rtept><rtept lat="37.66388" lon="-107.479834"><ele>3668.8</ele><time>2026-04-10T15:54:04Z</time></rtept><rtept lat="37.663885" lon="-107.479781"><ele>3668.8</ele><time>2026-04-10T15:54:04Z</time></rtept><rtept lat="37.663871" lon="-107.479724"><ele>3669.4</ele><time>2026-04-10T15:54:04Z</time></rtept><rtept lat="37.663852" lon="-107.479674"><ele>3670.2</ele><time>2026-04-10T15:54:04Z</time></rtept><rtept lat="37.663838" lon="-107.47966"><ele>3671.0</ele><time>2026-04-10T15:54:04Z</time></rtept><rtept lat="37.663812" lon="-107.479635"><ele>3671.0</ele><time>2026-04-10T15:54:04Z</time></rtept><rtept lat="37.663794" lon="-107.47963"><ele>3671.0</ele><time>2026-04-10T15:54:04Z</time></rtept><rtept lat="37.663761" lon="-107.4796"><ele>3671.8</ele><time>2026-04-10T15:54:04Z</time></rtept><rtept lat="37.663725" lon="-107.479571"><ele>3672.8</ele><time>2026-04-10T15:54:04Z</time></rtept><rtept lat="37.66369" lon="-107.479531"><ele>3673.6</ele><time>2026-04-10T15:54:04Z</time></rtept><rtept lat="37.663641" lon="-107.479491"><ele>3676.6</ele><time>2026-04-10T15:54:04Z</time></rtept><rtept lat="37.663583" lon="-107.479465"><ele>3676.6</ele><time>2026-04-10T15:54:04Z</time></rtept><rtept lat="37.663544" lon="-107.479416"><ele>3679.8</ele><time>2026-04-10T15:54:04Z</time></rtept><rtept lat="37.663502" lon="-107.479386"><ele>3680.2</ele><time>2026-04-10T15:54:04Z</time></rtept><rtept lat="37.663473" lon="-107.479366"><ele>3680.2</ele><time>2026-04-10T15:54:04Z</time></rtept><rtept lat="37.663462" lon="-107.479347"><ele>3680.2</ele><time>2026-04-10T15:54:04Z</time></rtept><rtept lat="37.663462" lon="-107.479328"><ele>3682.0</ele><time>2026-04-10T15:54:04Z</time></rtept><rtept lat="37.66347" lon="-107.479299"><ele>3682.0</ele><time>2026-04-10T15:54:04Z</time></rtept><rtept lat="37.663481" lon="-107.479276"><ele>3682.0</ele><time>2026-04-10T15:54:04Z</time></rtept><rtept lat="37.663494" lon="-107.479243"><ele>3683.2</ele><time>2026-04-10T15:54:04Z</time></rtept><rtept lat="37.663522" lon="-107.479186"><ele>3683.2</ele><time>2026-04-10T15:54:04Z</time></rtept><rtept lat="37.663546" lon="-107.479101"><ele>3684.2</ele><time>2026-04-10T15:54:04Z</time></rtept><rtept lat="37.663579" lon="-107.479012"><ele>3685.0</ele><time>2026-04-10T15:54:04Z</time></rtept><rtept lat="37.663623" lon="-107.478884"><ele>3685.6</ele><time>2026-04-10T15:54:04Z</time></rtept><rtept lat="37.663656" lon="-107.478776"><ele>3686.2</ele><time>2026-04-10T15:54:04Z</time></rtept><rtept lat="37.663686" lon="-107.478671"><ele>3686.6</ele><time>2026-04-10T15:54:04Z</time></rtept><rtept lat="37.663701" lon="-107.4786"><ele>3687.2</ele><time>2026-04-10T15:54:04Z</time></rtept><rtept lat="37.663706" lon="-107.478543"><ele>3688.0</ele><time>2026-04-10T15:54:04Z</time></rtept><rtept lat="37.663692" lon="-107.478485"><ele>3688.0</ele><time>2026-04-10T15:54:04Z</time></rtept><rtept lat="37.663674" lon="-107.478456"><ele>3689.4</ele><time>2026-04-10T15:54:04Z</time></rtept><rtept lat="37.663648" lon="-107.478426"><ele>3689.4</ele><time>2026-04-10T15:54:04Z</time></rtept><rtept lat="37.663615" lon="-107.478402"><ele>3688.6</ele><time>2026-04-10T15:54:04Z</time></rtept><rtept lat="37.663566" lon="-107.478357"><ele>3689.4</ele><time>2026-04-10T15:54:04Z</time></rtept><rtept lat="37.663522" lon="-107.478317"><ele>3689.4</ele><time>2026-04-10T15:54:04Z</time></rtept><rtept lat="37.663462" lon="-107.478258"><ele>3689.8</ele><time>2026-04-10T15:54:04Z</time></rtept><rtept lat="37.663421" lon="-107.478209"><ele>3690.0</ele><time>2026-04-10T15:54:04Z</time></rtept><rtept lat="37.663381" lon="-107.478145"><ele>3690.0</ele><time>2026-04-10T15:54:04Z</time></rtept><rtept lat="37.663352" lon="-107.478054"><ele>3690.0</ele><time>2026-04-10T15:54:04Z</time></rtept><rtept lat="37.663324" lon="-107.477967"><ele>3691.8</ele><time>2026-04-10T15:54:04Z</time></rtept><rtept lat="37.663306" lon="-107.477856"><ele>3695.2</ele><time>2026-04-10T15:54:04Z</time></rtept><rtept lat="37.663285" lon="-107.477779"><ele>3695.0</ele><time>2026-04-10T15:54:04Z</time></rtept><rtept lat="37.663276" lon="-107.477684"><ele>3696.4</ele><time>2026-04-10T15:54:04Z</time></rtept><rtept lat="37.663267" lon="-107.477583"><ele>3697.4</ele><time>2026-04-10T15:54:04Z</time></rtept><rtept lat="37.663265" lon="-107.477482"><ele>3698.2</ele><time>2026-04-10T15:54:04Z</time></rtept><rtept lat="37.663282" lon="-107.477388"><ele>3698.6</ele><time>2026-04-10T15:54:04Z</time></rtept><rtept lat="37.6633" lon="-107.477312"><ele>3698.4</ele><time>2026-04-10T15:54:04Z</time></rtept><rtept lat="37.663306" lon="-107.477226"><ele>3701.4</ele><time>2026-04-10T15:54:04Z</time></rtept><rtept lat="37.663315" lon="-107.47714"><ele>3701.0</ele><time>2026-04-10T15:54:04Z</time></rtept><rtept lat="37.663311" lon="-107.477078"><ele>3701.0</ele><time>2026-04-10T15:54:04Z</time></rtept><rtept lat="37.663301" lon="-107.47703"><ele>3698.8</ele><time>2026-04-10T15:54:04Z</time></rtept><rtept lat="37.663298" lon="-107.476982"><ele>3699.6</ele><time>2026-04-10T15:54:04Z</time></rtept><rtept lat="37.663281" lon="-107.476905"><ele>3701.2</ele><time>2026-04-10T15:54:04Z</time></rtept><rtept lat="37.663276" lon="-107.476853"><ele>3701.2</ele><time>2026-04-10T15:54:04Z</time></rtept><rtept lat="37.663257" lon="-107.47679"><ele>3702.6</ele><time>2026-04-10T15:54:04Z</time></rtept><rtept lat="37.663245" lon="-107.476784"><ele>3702.6</ele><time>2026-04-10T15:54:04Z</time></rtept><rtept lat="37.663208" lon="-107.47674"><ele>3704.2</ele><time>2026-04-10T15:54:04Z</time></rtept><rtept lat="37.663175" lon="-107.47672"><ele>3704.2</ele><time>2026-04-10T15:54:04Z</time></rtept><rtept lat="37.663134" lon="-107.476709"><ele>3704.2</ele><time>2026-04-10T15:54:04Z</time></rtept><rtept lat="37.663085" lon="-107.476688"><ele>3704.6</ele><time>2026-04-10T15:54:04Z</time></rtept><rtept lat="37.663014" lon="-107.476672"><ele>3707.8</ele><time>2026-04-10T15:54:04Z</time></rtept><rtept lat="37.662953" lon="-107.476651"><ele>3708.4</ele><time>2026-04-10T15:54:04Z</time></rtept><rtept lat="37.662888" lon="-107.47662"><ele>3708.6</ele><time>2026-04-10T15:54:04Z</time></rtept><rtept lat="37.662817" lon="-107.476594"><ele>3708.4</ele><time>2026-04-10T15:54:04Z</time></rtept><rtept lat="37.662745" lon="-107.476567"><ele>3710.4</ele><time>2026-04-10T15:54:04Z</time></rtept><rtept lat="37.662658" lon="-107.476565"><ele>3709.6</ele><time>2026-04-10T15:54:04Z</time></rtept><rtept lat="37.662606" lon="-107.476563"><ele>3710.0</ele><time>2026-04-10T15:54:04Z</time></rtept><rtept lat="37.66254" lon="-107.476565"><ele>3711.0</ele><time>2026-04-10T15:54:04Z</time></rtept><rtept lat="37.662468" lon="-107.476601"><ele>3710.6</ele><time>2026-04-10T15:54:04Z</time></rtept><rtept lat="37.662399" lon="-107.476642"><ele>3713.0</ele><time>2026-04-10T15:54:04Z</time></rtept><rtept lat="37.662333" lon="-107.476697"><ele>3713.0</ele><time>2026-04-10T15:54:04Z</time></rtept><rtept lat="37.662291" lon="-107.476758"><ele>3713.0</ele><time>2026-04-10T15:54:04Z</time></rtept><rtept lat="37.662262" lon="-107.476828"><ele>3713.2</ele><time>2026-04-10T15:54:04Z</time></rtept><rtept lat="37.662203" lon="-107.476879"><ele>3713.0</ele><time>2026-04-10T15:54:04Z</time></rtept><rtept lat="37.662168" lon="-107.476935"><ele>3710.8</ele><time>2026-04-10T15:54:04Z</time></rtept><rtept lat="37.662115" lon="-107.476986"><ele>3713.0</ele><time>2026-04-10T15:54:04Z</time></rtept><rtept lat="37.66206" lon="-107.477017"><ele>3713.0</ele><time>2026-04-10T15:54:04Z</time></rtept><rtept lat="37.662009" lon="-107.477092"><ele>3715.2</ele><time>2026-04-10T15:54:04Z</time></rtept><rtept lat="37.661988" lon="-107.477141"><ele>3713.2</ele><time>2026-04-10T15:54:04Z</time></rtept><rtept lat="37.661969" lon="-107.477181"><ele>3713.2</ele><time>2026-04-10T15:54:04Z</time></rtept><rtept lat="37.661922" lon="-107.477252"><ele>3713.4</ele><time>2026-04-10T15:54:04Z</time></rtept><rtept lat="37.661871" lon="-107.477341"><ele>3713.6</ele><time>2026-04-10T15:54:04Z</time></rtept><rtept lat="37.661859" lon="-107.477388"><ele>3711.6</ele><time>2026-04-10T15:54:04Z</time></rtept><rtept lat="37.661831" lon="-107.477435"><ele>3711.6</ele><time>2026-04-10T15:54:04Z</time></rtept><rtept lat="37.6618" lon="-107.477477"><ele>3711.8</ele><time>2026-04-10T15:54:04Z</time></rtept><rtept lat="37.661761" lon="-107.477523"><ele>3711.8</ele><time>2026-04-10T15:54:04Z</time></rtept><rtept lat="37.661726" lon="-107.477584"><ele>3712.2</ele><time>2026-04-10T15:54:04Z</time></rtept><rtept lat="37.661675" lon="-107.477659"><ele>3710.0</ele><time>2026-04-10T15:54:04Z</time></rtept><rtept lat="37.661629" lon="-107.47771"><ele>3710.2</ele><time>2026-04-10T15:54:04Z</time></rtept><rtept lat="37.661573" lon="-107.477779"><ele>3712.6</ele><time>2026-04-10T15:54:04Z</time></rtept><rtept lat="37.661509" lon="-107.477834"><ele>3712.8</ele><time>2026-04-10T15:54:04Z</time></rtept><rtept lat="37.661435" lon="-107.47793"><ele>3713.0</ele><time>2026-04-10T15:54:04Z</time></rtept><rtept lat="37.66137" lon="-107.477992"><ele>3713.0</ele><time>2026-04-10T15:54:04Z</time></rtept><rtept lat="37.661297" lon="-107.478069"><ele>3713.2</ele><time>2026-04-10T15:54:04Z</time></rtept><rtept lat="37.661223" lon="-107.478167"><ele>3714.2</ele><time>2026-04-10T15:54:04Z</time></rtept><rtept lat="37.661176" lon="-107.478236"><ele>3716.4</ele><time>2026-04-10T15:54:04Z</time></rtept><rtept lat="37.661128" lon="-107.478292"><ele>3719.4</ele><time>2026-04-10T15:54:04Z</time></rtept><rtept lat="37.661083" lon="-107.478381"><ele>3718.4</ele><time>2026-04-10T15:54:04Z</time></rtept><rtept lat="37.661017" lon="-107.47851"><ele>3720.2</ele><time>2026-04-10T15:54:04Z</time></rtept><rtept lat="37.660963" lon="-107.47862"><ele>3722.2</ele><time>2026-04-10T15:54:04Z</time></rtept><rtept lat="37.660958" lon="-107.478632"><ele>3722.2</ele><time>2026-04-10T15:54:04Z</time></rtept><rtept lat="37.660586" lon="-107.478571"><ele>3732.8</ele><time>2026-04-10T15:54:04Z</time></rtept><rtept lat="37.660464" lon="-107.47855"><ele>3733.2</ele><time>2026-04-10T15:54:04Z</time></rtept><rtept lat="37.660357" lon="-107.478523"><ele>3733.4</ele><time>2026-04-10T15:54:04Z</time></rtept><rtept lat="37.66024" lon="-107.478503"><ele>3733.8</ele><time>2026-04-10T15:54:04Z</time></rtept><rtept lat="37.660177" lon="-107.478484"><ele>3734.0</ele><time>2026-04-10T15:54:04Z</time></rtept><rtept lat="37.660088" lon="-107.478457"><ele>3733.6</ele><time>2026-04-10T15:54:04Z</time></rtept><rtept lat="37.660005" lon="-107.47843"><ele>3733.6</ele><time>2026-04-10T15:54:04Z</time></rtept><rtept lat="37.659929" lon="-107.478428"><ele>3733.6</ele><time>2026-04-10T15:54:04Z</time></rtept><rtept lat="37.659864" lon="-107.478377"><ele>3732.8</ele><time>2026-04-10T15:54:04Z</time></rtept><rtept lat="37.659776" lon="-107.478293"><ele>3732.4</ele><time>2026-04-10T15:54:04Z</time></rtept><rtept lat="37.6597" lon="-107.478242"><ele>3733.6</ele><time>2026-04-10T15:54:04Z</time></rtept><rtept lat="37.659592" lon="-107.478133"><ele>3734.0</ele><time>2026-04-10T15:54:04Z</time></rtept><rtept lat="37.659531" lon="-107.478035"><ele>3733.6</ele><time>2026-04-10T15:54:04Z</time></rtept><rtept lat="37.65945" lon="-107.477943"><ele>3733.6</ele><time>2026-04-10T15:54:04Z</time></rtept><rtept lat="37.659375" lon="-107.477868"><ele>3733.4</ele><time>2026-04-10T15:54:04Z</time></rtept><rtept lat="37.659293" lon="-107.477792"><ele>3734.4</ele><time>2026-04-10T15:54:04Z</time></rtept><rtept lat="37.659206" lon="-107.47766"><ele>3733.0</ele><time>2026-04-10T15:54:04Z</time></rtept><rtept lat="37.659119" lon="-107.477512"><ele>3731.0</ele><time>2026-04-10T15:54:04Z</time></rtept><rtept lat="37.659032" lon="-107.477331"><ele>3728.2</ele><time>2026-04-10T15:54:04Z</time></rtept><rtept lat="37.65899" lon="-107.477193"><ele>3727.2</ele><time>2026-04-10T15:54:04Z</time></rtept><rtept lat="37.658954" lon="-107.477078"><ele>3724.6</ele><time>2026-04-10T15:54:04Z</time></rtept><rtept lat="37.658911" lon="-107.47702"><ele>3724.6</ele><time>2026-04-10T15:54:04Z</time></rtept><rtept lat="37.658867" lon="-107.476962"><ele>3723.6</ele><time>2026-04-10T15:54:04Z</time></rtept><rtept lat="37.658803" lon="-107.476895"><ele>3722.6</ele><time>2026-04-10T15:54:04Z</time></rtept><rtept lat="37.658752" lon="-107.476837"><ele>3721.0</ele><time>2026-04-10T15:54:04Z</time></rtept><rtept lat="37.658704" lon="-107.476779"><ele>3721.6</ele><time>2026-04-10T15:54:04Z</time></rtept><rtept lat="37.658654" lon="-107.476713"><ele>3720.4</ele><time>2026-04-10T15:54:04Z</time></rtept><rtept lat="37.658616" lon="-107.476647"><ele>3718.8</ele><time>2026-04-10T15:54:04Z</time></rtept><rtept lat="37.658584" lon="-107.476589"><ele>3719.2</ele><time>2026-04-10T15:54:04Z</time></rtept><rtept lat="37.65856" lon="-107.47654"><ele>3717.6</ele><time>2026-04-10T15:54:04Z</time></rtept><rtept lat="37.658548" lon="-107.476499"><ele>3716.0</ele><time>2026-04-10T15:54:04Z</time></rtept><rtept lat="37.658555" lon="-107.476475"><ele>3716.0</ele><time>2026-04-10T15:54:04Z</time></rtept><rtept lat="37.658586" lon="-107.476476"><ele>3716.0</ele><time>2026-04-10T15:54:04Z</time></rtept><rtept lat="37.658638" lon="-107.476462"><ele>3715.8</ele><time>2026-04-10T15:54:04Z</time></rtept><rtept lat="37.65869" lon="-107.476463"><ele>3715.2</ele><time>2026-04-10T15:54:04Z</time></rtept><rtept lat="37.658742" lon="-107.476457"><ele>3715.2</ele><time>2026-04-10T15:54:04Z</time></rtept><rtept lat="37.658794" lon="-107.476451"><ele>3714.8</ele><time>2026-04-10T15:54:04Z</time></rtept><rtept lat="37.658833" lon="-107.476436"><ele>3714.6</ele><time>2026-04-10T15:54:04Z</time></rtept><rtept lat="37.658858" lon="-107.476429"><ele>3714.6</ele><time>2026-04-10T15:54:04Z</time></rtept><rtept lat="37.658872" lon="-107.476396"><ele>3713.2</ele><time>2026-04-10T15:54:04Z</time></rtept><rtept lat="37.658879" lon="-107.476373"><ele>3713.2</ele><time>2026-04-10T15:54:04Z</time></rtept><rtept lat="37.658859" lon="-107.476348"><ele>3713.2</ele><time>2026-04-10T15:54:04Z</time></rtept><rtept lat="37.658842" lon="-107.476339"><ele>3713.2</ele><time>2026-04-10T15:54:04Z</time></rtept><rtept lat="37.658797" lon="-107.47633"><ele>3713.2</ele><time>2026-04-10T15:54:04Z</time></rtept><rtept lat="37.658752" lon="-107.476328"><ele>3711.6</ele><time>2026-04-10T15:54:04Z</time></rtept><rtept lat="37.658693" lon="-107.476318"><ele>3711.8</ele><time>2026-04-10T15:54:04Z</time></rtept><rtept lat="37.658617" lon="-107.476291"><ele>3712.0</ele><time>2026-04-10T15:54:04Z</time></rtept><rtept lat="37.658566" lon="-107.476265"><ele>3712.2</ele><time>2026-04-10T15:54:04Z</time></rtept><rtept lat="37.658528" lon="-107.476232"><ele>3710.4</ele><time>2026-04-10T15:54:04Z</time></rtept><rtept lat="37.658504" lon="-107.476215"><ele>3710.4</ele><time>2026-04-10T15:54:04Z</time></rtept><rtept lat="37.658439" lon="-107.476188"><ele>3710.2</ele><time>2026-04-10T15:54:04Z</time></rtept><rtept lat="37.658382" lon="-107.476146"><ele>3709.2</ele><time>2026-04-10T15:54:04Z</time></rtept><rtept lat="37.65835" lon="-107.476137"><ele>3709.2</ele><time>2026-04-10T15:54:04Z</time></rtept><rtept lat="37.658358" lon="-107.476097"><ele>3709.2</ele><time>2026-04-10T15:54:04Z</time></rtept><rtept lat="37.658383" lon="-107.476065"><ele>3707.6</ele><time>2026-04-10T15:54:04Z</time></rtept><rtept lat="37.658418" lon="-107.476034"><ele>3707.0</ele><time>2026-04-10T15:54:04Z</time></rtept><rtept lat="37.658463" lon="-107.476011"><ele>3707.0</ele><time>2026-04-10T15:54:04Z</time></rtept><rtept lat="37.658502" lon="-107.475989"><ele>3707.0</ele><time>2026-04-10T15:54:04Z</time></rtept><rtept lat="37.658489" lon="-107.475964"><ele>3705.2</ele><time>2026-04-10T15:54:04Z</time></rtept><rtept lat="37.658465" lon="-107.475914"><ele>3705.2</ele><time>2026-04-10T15:54:04Z</time></rtept><rtept lat="37.658446" lon="-107.475865"><ele>3702.8</ele><time>2026-04-10T15:54:04Z</time></rtept><rtept lat="37.658415" lon="-107.475848"><ele>3702.8</ele><time>2026-04-10T15:54:04Z</time></rtept><rtept lat="37.658401" lon="-107.475848"><ele>3702.4</ele><time>2026-04-10T15:54:04Z</time></rtept><rtept lat="37.65837" lon="-107.475847"><ele>3702.4</ele><time>2026-04-10T15:54:04Z</time></rtept><rtept lat="37.658356" lon="-107.475846"><ele>3702.4</ele><time>2026-04-10T15:54:04Z</time></rtept><rtept lat="37.658343" lon="-107.47583"><ele>3701.2</ele><time>2026-04-10T15:54:04Z</time></rtept><rtept lat="37.658345" lon="-107.475765"><ele>3700.4</ele><time>2026-04-10T15:54:04Z</time></rtept><rtept lat="37.658334" lon="-107.47574"><ele>3699.0</ele><time>2026-04-10T15:54:04Z</time></rtept><rtept lat="37.658334" lon="-107.475708"><ele>3697.6</ele><time>2026-04-10T15:54:04Z</time></rtept><rtept lat="37.658328" lon="-107.4757"><ele>3697.6</ele><time>2026-04-10T15:54:04Z</time></rtept><rtept lat="37.658296" lon="-107.475715"><ele>3697.6</ele><time>2026-04-10T15:54:04Z</time></rtept><rtept lat="37.658289" lon="-107.475747"><ele>3699.0</ele><time>2026-04-10T15:54:04Z</time></rtept><rtept lat="37.658249" lon="-107.475794"><ele>3697.4</ele><time>2026-04-10T15:54:04Z</time></rtept><rtept lat="37.658209" lon="-107.475898"><ele>3699.4</ele><time>2026-04-10T15:54:04Z</time></rtept><rtept lat="37.658155" lon="-107.476001"><ele>3703.0</ele><time>2026-04-10T15:54:04Z</time></rtept><rtept lat="37.658108" lon="-107.476072"><ele>3699.4</ele><time>2026-04-10T15:54:04Z</time></rtept><rtept lat="37.658055" lon="-107.476119"><ele>3699.4</ele><time>2026-04-10T15:54:04Z</time></rtept><rtept lat="37.657983" lon="-107.476222"><ele>3699.0</ele><time>2026-04-10T15:54:04Z</time></rtept><rtept lat="37.657852" lon="-107.476347"><ele>3696.8</ele><time>2026-04-10T15:54:04Z</time></rtept><rtept lat="37.657799" lon="-107.476434"><ele>3695.6</ele><time>2026-04-10T15:54:04Z</time></rtept><rtept lat="37.657732" lon="-107.476528"><ele>3694.4</ele><time>2026-04-10T15:54:04Z</time></rtept><rtept lat="37.657659" lon="-107.476631"><ele>3694.0</ele><time>2026-04-10T15:54:04Z</time></rtept><rtept lat="37.657581" lon="-107.476725"><ele>3693.8</ele><time>2026-04-10T15:54:04Z</time></rtept><rtept lat="37.657553" lon="-107.476773"><ele>3697.6</ele><time>2026-04-10T15:54:04Z</time></rtept><rtept lat="37.657496" lon="-107.476803"><ele>3693.8</ele><time>2026-04-10T15:54:04Z</time></rtept><rtept lat="37.657416" lon="-107.476865"><ele>3694.4</ele><time>2026-04-10T15:54:04Z</time></rtept><rtept lat="37.657338" lon="-107.476911"><ele>3691.0</ele><time>2026-04-10T15:54:04Z</time></rtept><rtept lat="37.657253" lon="-107.476973"><ele>3689.2</ele><time>2026-04-10T15:54:04Z</time></rtept><rtept lat="37.657137" lon="-107.477034"><ele>3690.0</ele><time>2026-04-10T15:54:04Z</time></rtept><rtept lat="37.657053" lon="-107.477096"><ele>3687.0</ele><time>2026-04-10T15:54:04Z</time></rtept><rtept lat="37.656948" lon="-107.477125"><ele>3686.2</ele><time>2026-04-10T15:54:04Z</time></rtept><rtept lat="37.656833" lon="-107.477129"><ele>3685.2</ele><time>2026-04-10T15:54:04Z</time></rtept><rtept lat="37.656712" lon="-107.477133"><ele>3685.4</ele><time>2026-04-10T15:54:04Z</time></rtept><rtept lat="37.656614" lon="-107.477154"><ele>3685.6</ele><time>2026-04-10T15:54:04Z</time></rtept><rtept lat="37.656518" lon="-107.477142"><ele>3685.6</ele><time>2026-04-10T15:54:04Z</time></rtept><rtept lat="37.656466" lon="-107.477149"><ele>3685.6</ele><time>2026-04-10T15:54:04Z</time></rtept><rtept lat="37.65641" lon="-107.477139"><ele>3685.4</ele><time>2026-04-10T15:54:04Z</time></rtept><rtept lat="37.656325" lon="-107.477112"><ele>3685.2</ele><time>2026-04-10T15:54:04Z</time></rtept><rtept lat="37.656255" lon="-107.477093"><ele>3682.6</ele><time>2026-04-10T15:54:04Z</time></rtept><rtept lat="37.656193" lon="-107.477059"><ele>3682.6</ele><time>2026-04-10T15:54:04Z</time></rtept><rtept lat="37.656104" lon="-107.477016"><ele>3680.4</ele><time>2026-04-10T15:54:04Z</time></rtept><rtept lat="37.656026" lon="-107.476965"><ele>3681.0</ele><time>2026-04-10T15:54:04Z</time></rtept><rtept lat="37.655977" lon="-107.476923"><ele>3679.2</ele><time>2026-04-10T15:54:04Z</time></rtept><rtept lat="37.655906" lon="-107.47688"><ele>3679.8</ele><time>2026-04-10T15:54:04Z</time></rtept><rtept lat="37.655851" lon="-107.476838"><ele>3679.0</ele><time>2026-04-10T15:54:04Z</time></rtept><rtept lat="37.655779" lon="-107.476819"><ele>3680.0</ele><time>2026-04-10T15:54:04Z</time></rtept><rtept lat="37.65571" lon="-107.476784"><ele>3681.2</ele><time>2026-04-10T15:54:04Z</time></rtept><rtept lat="37.655659" lon="-107.476758"><ele>3680.4</ele><time>2026-04-10T15:54:04Z</time></rtept><rtept lat="37.6556" lon="-107.476773"><ele>3683.2</ele><time>2026-04-10T15:54:04Z</time></rtept><rtept lat="37.655567" lon="-107.47682"><ele>3683.2</ele><time>2026-04-10T15:54:04Z</time></rtept><rtept lat="37.655521" lon="-107.476859"><ele>3685.2</ele><time>2026-04-10T15:54:04Z</time></rtept><rtept lat="37.655458" lon="-107.476889"><ele>3685.2</ele><time>2026-04-10T15:54:04Z</time></rtept><rtept lat="37.655392" lon="-107.476895"><ele>3684.8</ele><time>2026-04-10T15:54:04Z</time></rtept><rtept lat="37.655347" lon="-107.476918"><ele>3684.0</ele><time>2026-04-10T15:54:04Z</time></rtept><rtept lat="37.655301" lon="-107.476924"><ele>3684.0</ele><time>2026-04-10T15:54:04Z</time></rtept><rtept lat="37.655276" lon="-107.476964"><ele>3684.4</ele><time>2026-04-10T15:54:04Z</time></rtept><rtept lat="37.655248" lon="-107.476987"><ele>3684.4</ele><time>2026-04-10T15:54:04Z</time></rtept><rtept lat="37.655202" lon="-107.477018"><ele>3686.2</ele><time>2026-04-10T15:54:04Z</time></rtept><rtept lat="37.655175" lon="-107.477028"><ele>3686.2</ele><time>2026-04-10T15:54:04Z</time></rtept><rtept lat="37.655126" lon="-107.476991"><ele>3685.4</ele><time>2026-04-10T15:54:04Z</time></rtept><rtept lat="37.655044" lon="-107.476964"><ele>3686.2</ele><time>2026-04-10T15:54:04Z</time></rtept><rtept lat="37.654974" lon="-107.476946"><ele>3687.0</ele><time>2026-04-10T15:54:04Z</time></rtept><rtept lat="37.654909" lon="-107.476936"><ele>3687.8</ele><time>2026-04-10T15:54:04Z</time></rtept><rtept lat="37.654846" lon="-107.476942"><ele>3688.8</ele><time>2026-04-10T15:54:04Z</time></rtept><rtept lat="37.654801" lon="-107.476956"><ele>3689.8</ele><time>2026-04-10T15:54:04Z</time></rtept><rtept lat="37.654755" lon="-107.476963"><ele>3689.8</ele><time>2026-04-10T15:54:04Z</time></rtept><rtept lat="37.654672" lon="-107.476968"><ele>3692.0</ele><time>2026-04-10T15:54:04Z</time></rtept><rtept lat="37.654634" lon="-107.476942"><ele>3692.0</ele><time>2026-04-10T15:54:04Z</time></rtept><rtept lat="37.654601" lon="-107.476917"><ele>3692.4</ele><time>2026-04-10T15:54:04Z</time></rtept><rtept lat="37.654553" lon="-107.476827"><ele>3691.6</ele><time>2026-04-10T15:54:04Z</time></rtept><rtept lat="37.654534" lon="-107.476769"><ele>3693.0</ele><time>2026-04-10T15:54:04Z</time></rtept><rtept lat="37.654529" lon="-107.476697"><ele>3692.0</ele><time>2026-04-10T15:54:04Z</time></rtept><rtept lat="37.654537" lon="-107.47664"><ele>3691.2</ele><time>2026-04-10T15:54:04Z</time></rtept><rtept lat="37.654538" lon="-107.4766"><ele>3691.2</ele><time>2026-04-10T15:54:04Z</time></rtept><rtept lat="37.654507" lon="-107.476558"><ele>3690.4</ele><time>2026-04-10T15:54:04Z</time></rtept><rtept lat="37.654481" lon="-107.476501"><ele>3689.6</ele><time>2026-04-10T15:54:04Z</time></rtept><rtept lat="37.654465" lon="-107.476412"><ele>3689.8</ele><time>2026-04-10T15:54:04Z</time></rtept><rtept lat="37.654447" lon="-107.476298"><ele>3689.0</ele><time>2026-04-10T15:54:04Z</time></rtept><rtept lat="37.654442" lon="-107.476201"><ele>3688.0</ele><time>2026-04-10T15:54:04Z</time></rtept><rtept lat="37.654452" lon="-107.47608"><ele>3687.2</ele><time>2026-04-10T15:54:04Z</time></rtept><rtept lat="37.65448" lon="-107.476033"><ele>3685.8</ele><time>2026-04-10T15:54:04Z</time></rtept><rtept lat="37.654507" lon="-107.475928"><ele>3685.2</ele><time>2026-04-10T15:54:04Z</time></rtept><rtept lat="37.654508" lon="-107.475856"><ele>3684.4</ele><time>2026-04-10T15:54:04Z</time></rtept><rtept lat="37.654517" lon="-107.475767"><ele>3683.8</ele><time>2026-04-10T15:54:04Z</time></rtept><rtept lat="37.654519" lon="-107.475654"><ele>3683.2</ele><time>2026-04-10T15:54:04Z</time></rtept><rtept lat="37.654542" lon="-107.475542"><ele>3680.8</ele><time>2026-04-10T15:54:04Z</time></rtept><rtept lat="37.654538" lon="-107.47542"><ele>3680.8</ele><time>2026-04-10T15:54:04Z</time></rtept><rtept lat="37.654534" lon="-107.475267"><ele>3679.4</ele><time>2026-04-10T15:54:04Z</time></rtept><rtept lat="37.654544" lon="-107.47513"><ele>3677.8</ele><time>2026-04-10T15:54:04Z</time></rtept><rtept lat="37.654534" lon="-107.474976"><ele>3677.0</ele><time>2026-04-10T15:54:04Z</time></rtept><rtept lat="37.654543" lon="-107.474847"><ele>3675.6</ele><time>2026-04-10T15:54:04Z</time></rtept><rtept lat="37.654545" lon="-107.474758"><ele>3675.0</ele><time>2026-04-10T15:54:04Z</time></rtept><rtept lat="37.654526" lon="-107.474668"><ele>3674.8</ele><time>2026-04-10T15:54:04Z</time></rtept><rtept lat="37.65451" lon="-107.474579"><ele>3674.2</ele><time>2026-04-10T15:54:04Z</time></rtept><rtept lat="37.654505" lon="-107.474506"><ele>3673.6</ele><time>2026-04-10T15:54:04Z</time></rtept><rtept lat="37.654506" lon="-107.47445"><ele>3673.6</ele><time>2026-04-10T15:54:04Z</time></rtept><rtept lat="37.654525" lon="-107.474402"><ele>3673.2</ele><time>2026-04-10T15:54:04Z</time></rtept><rtept lat="37.654546" lon="-107.474378"><ele>3673.0</ele><time>2026-04-10T15:54:04Z</time></rtept><rtept lat="37.654571" lon="-107.474347"><ele>3672.4</ele><time>2026-04-10T15:54:04Z</time></rtept><rtept lat="37.654562" lon="-107.47425"><ele>3671.8</ele><time>2026-04-10T15:54:04Z</time></rtept><rtept lat="37.654571" lon="-107.474169"><ele>3671.2</ele><time>2026-04-10T15:54:04Z</time></rtept><rtept lat="37.654577" lon="-107.474064"><ele>3670.4</ele><time>2026-04-10T15:54:04Z</time></rtept><rtept lat="37.65462" lon="-107.473862"><ele>3668.4</ele><time>2026-04-10T15:54:04Z</time></rtept><rtept lat="37.654658" lon="-107.473679"><ele>3666.8</ele><time>2026-04-10T15:54:04Z</time></rtept><rtept lat="37.654677" lon="-107.473599"><ele>3665.8</ele><time>2026-04-10T15:54:04Z</time></rtept><rtept lat="37.654707" lon="-107.473487"><ele>3664.4</ele><time>2026-04-10T15:54:04Z</time></rtept><rtept lat="37.654715" lon="-107.473406"><ele>3663.6</ele><time>2026-04-10T15:54:04Z</time></rtept><rtept lat="37.654717" lon="-107.473334"><ele>3663.6</ele><time>2026-04-10T15:54:04Z</time></rtept><rtept lat="37.654723" lon="-107.473245"><ele>3663.0</ele><time>2026-04-10T15:54:04Z</time></rtept><rtept lat="37.654731" lon="-107.473172"><ele>3662.4</ele><time>2026-04-10T15:54:04Z</time></rtept><rtept lat="37.65474" lon="-107.47306"><ele>3661.0</ele><time>2026-04-10T15:54:04Z</time></rtept><rtept lat="37.654724" lon="-107.472962"><ele>3660.6</ele><time>2026-04-10T15:54:04Z</time></rtept><rtept lat="37.654713" lon="-107.472849"><ele>3660.0</ele><time>2026-04-10T15:54:04Z</time></rtept><rtept lat="37.654695" lon="-107.472735"><ele>3659.6</ele><time>2026-04-10T15:54:04Z</time></rtept><rtept lat="37.654666" lon="-107.472637"><ele>3658.6</ele><time>2026-04-10T15:54:04Z</time></rtept><rtept lat="37.654655" lon="-107.472532"><ele>3657.6</ele><time>2026-04-10T15:54:04Z</time></rtept><rtept lat="37.654649" lon="-107.472475"><ele>3657.6</ele><time>2026-04-10T15:54:04Z</time></rtept><rtept lat="37.654652" lon="-107.472313"><ele>3655.6</ele><time>2026-04-10T15:54:04Z</time></rtept><rtept lat="37.654668" lon="-107.472233"><ele>3654.8</ele><time>2026-04-10T15:54:04Z</time></rtept><rtept lat="37.654683" lon="-107.472161"><ele>3654.4</ele><time>2026-04-10T15:54:04Z</time></rtept><rtept lat="37.654702" lon="-107.472089"><ele>3653.6</ele><time>2026-04-10T15:54:04Z</time></rtept><rtept lat="37.6547" lon="-107.471976"><ele>3653.0</ele><time>2026-04-10T15:54:04Z</time></rtept><rtept lat="37.654688" lon="-107.471903"><ele>3652.2</ele><time>2026-04-10T15:54:04Z</time></rtept><rtept lat="37.65472" lon="-107.471863"><ele>3651.6</ele><time>2026-04-10T15:54:04Z</time></rtept><rtept lat="37.654716" lon="-107.471766"><ele>3650.8</ele><time>2026-04-10T15:54:04Z</time></rtept><rtept lat="37.654717" lon="-107.471686"><ele>3650.8</ele><time>2026-04-10T15:54:04Z</time></rtept><rtept lat="37.654674" lon="-107.471603"><ele>3649.2</ele><time>2026-04-10T15:54:04Z</time></rtept><rtept lat="37.654643" lon="-107.471578"><ele>3649.2</ele><time>2026-04-10T15:54:04Z</time></rtept><rtept lat="37.654599" lon="-107.47152"><ele>3647.6</ele><time>2026-04-10T15:54:04Z</time></rtept><rtept lat="37.654562" lon="-107.471462"><ele>3647.6</ele><time>2026-04-10T15:54:04Z</time></rtept><rtept lat="37.654504" lon="-107.47142"><ele>3646.4</ele><time>2026-04-10T15:54:04Z</time></rtept><rtept lat="37.654467" lon="-107.471394"><ele>3645.0</ele><time>2026-04-10T15:54:04Z</time></rtept><rtept lat="37.654405" lon="-107.471352"><ele>3645.0</ele><time>2026-04-10T15:54:04Z</time></rtept><rtept lat="37.654329" lon="-107.471317"><ele>3642.0</ele><time>2026-04-10T15:54:04Z</time></rtept><rtept lat="37.654284" lon="-107.471315"><ele>3642.0</ele><time>2026-04-10T15:54:04Z</time></rtept><rtept lat="37.65424" lon="-107.471258"><ele>3639.0</ele><time>2026-04-10T15:54:04Z</time></rtept><rtept lat="37.65419" lon="-107.471183"><ele>3637.4</ele><time>2026-04-10T15:54:04Z</time></rtept><rtept lat="37.654153" lon="-107.471109"><ele>3636.2</ele><time>2026-04-10T15:54:04Z</time></rtept><rtept lat="37.654134" lon="-107.47106"><ele>3635.4</ele><time>2026-04-10T15:54:04Z</time></rtept><rtept lat="37.654162" lon="-107.47098"><ele>3635.2</ele><time>2026-04-10T15:54:04Z</time></rtept><rtept lat="37.654175" lon="-107.470916"><ele>3635.2</ele><time>2026-04-10T15:54:04Z</time></rtept><rtept lat="37.654228" lon="-107.470837"><ele>3637.2</ele><time>2026-04-10T15:54:04Z</time></rtept><rtept lat="37.654262" lon="-107.470741"><ele>3637.2</ele><time>2026-04-10T15:54:04Z</time></rtept><rtept lat="37.654289" lon="-107.47071"><ele>3639.2</ele><time>2026-04-10T15:54:04Z</time></rtept><rtept lat="37.654309" lon="-107.470654"><ele>3639.2</ele><time>2026-04-10T15:54:04Z</time></rtept><rtept lat="37.654324" lon="-107.470574"><ele>3639.2</ele><time>2026-04-10T15:54:04Z</time></rtept><rtept lat="37.654325" lon="-107.470525"><ele>3639.2</ele><time>2026-04-10T15:54:04Z</time></rtept><rtept lat="37.654327" lon="-107.470412"><ele>3639.0</ele><time>2026-04-10T15:54:04Z</time></rtept><rtept lat="37.65433" lon="-107.470275"><ele>3638.4</ele><time>2026-04-10T15:54:04Z</time></rtept><rtept lat="37.654312" lon="-107.470153"><ele>3638.2</ele><time>2026-04-10T15:54:04Z</time></rtept><rtept lat="37.654266" lon="-107.469982"><ele>3635.4</ele><time>2026-04-10T15:54:04Z</time></rtept><rtept lat="37.654247" lon="-107.469925"><ele>3634.8</ele><time>2026-04-10T15:54:04Z</time></rtept><rtept lat="37.654243" lon="-107.469804"><ele>3633.6</ele><time>2026-04-10T15:54:04Z</time></rtept><rtept lat="37.654238" lon="-107.469747"><ele>3633.6</ele><time>2026-04-10T15:54:04Z</time></rtept><rtept lat="37.654221" lon="-107.469697"><ele>3633.0</ele><time>2026-04-10T15:54:04Z</time></rtept><rtept lat="37.654196" lon="-107.4696"><ele>3630.2</ele><time>2026-04-10T15:54:04Z</time></rtept><rtept lat="37.654153" lon="-107.469493"><ele>3629.2</ele><time>2026-04-10T15:54:04Z</time></rtept><rtept lat="37.654117" lon="-107.469387"><ele>3626.8</ele><time>2026-04-10T15:54:04Z</time></rtept><rtept lat="37.654087" lon="-107.469273"><ele>3624.8</ele><time>2026-04-10T15:54:04Z</time></rtept><rtept lat="37.654051" lon="-107.469199"><ele>3622.4</ele><time>2026-04-10T15:54:04Z</time></rtept><rtept lat="37.654046" lon="-107.469086"><ele>3621.0</ele><time>2026-04-10T15:54:04Z</time></rtept><rtept lat="37.65401" lon="-107.469012"><ele>3619.8</ele><time>2026-04-10T15:54:04Z</time></rtept><rtept lat="37.653973" lon="-107.46893"><ele>3617.2</ele><time>2026-04-10T15:54:04Z</time></rtept><rtept lat="37.653942" lon="-107.468904"><ele>3617.2</ele><time>2026-04-10T15:54:04Z</time></rtept><rtept lat="37.65393" lon="-107.46884"><ele>3616.2</ele><time>2026-04-10T15:54:04Z</time></rtept><rtept lat="37.653949" lon="-107.468784"><ele>3616.2</ele><time>2026-04-10T15:54:04Z</time></rtept><rtept lat="37.653957" lon="-107.468719"><ele>3615.2</ele><time>2026-04-10T15:54:04Z</time></rtept><rtept lat="37.653972" lon="-107.468647"><ele>3613.8</ele><time>2026-04-10T15:54:04Z</time></rtept><rtept lat="37.65395" lon="-107.468541"><ele>3612.6</ele><time>2026-04-10T15:54:04Z</time></rtept><rtept lat="37.653945" lon="-107.468452"><ele>3611.6</ele><time>2026-04-10T15:54:04Z</time></rtept><rtept lat="37.653926" lon="-107.468363"><ele>3608.8</ele><time>2026-04-10T15:54:04Z</time></rtept><rtept lat="37.653942" lon="-107.468274"><ele>3611.0</ele><time>2026-04-10T15:54:04Z</time></rtept><rtept lat="37.653929" lon="-107.46821"><ele>3611.0</ele><time>2026-04-10T15:54:04Z</time></rtept><rtept lat="37.653913" lon="-107.46812"><ele>3608.0</ele><time>2026-04-10T15:54:04Z</time></rtept><rtept lat="37.653887" lon="-107.468071"><ele>3607.6</ele><time>2026-04-10T15:54:04Z</time></rtept><rtept lat="37.653858" lon="-107.467981"><ele>3604.6</ele><time>2026-04-10T15:54:04Z</time></rtept><rtept lat="37.653834" lon="-107.467932"><ele>3604.6</ele><time>2026-04-10T15:54:04Z</time></rtept><rtept lat="37.653836" lon="-107.467843"><ele>3604.4</ele><time>2026-04-10T15:54:04Z</time></rtept><rtept lat="37.653817" lon="-107.467785"><ele>3604.0</ele><time>2026-04-10T15:54:04Z</time></rtept><rtept lat="37.653818" lon="-107.467713"><ele>3604.0</ele><time>2026-04-10T15:54:04Z</time></rtept><rtept lat="37.653782" lon="-107.467623"><ele>3601.6</ele><time>2026-04-10T15:54:04Z</time></rtept><rtept lat="37.653758" lon="-107.467573"><ele>3601.6</ele><time>2026-04-10T15:54:04Z</time></rtept><rtept lat="37.653719" lon="-107.467516"><ele>3599.2</ele><time>2026-04-10T15:54:04Z</time></rtept><rtept lat="37.653689" lon="-107.467434"><ele>3599.4</ele><time>2026-04-10T15:54:04Z</time></rtept><rtept lat="37.653673" lon="-107.46732"><ele>3599.4</ele><time>2026-04-10T15:54:04Z</time></rtept><rtept lat="37.653662" lon="-107.467239"><ele>3599.2</ele><time>2026-04-10T15:54:04Z</time></rtept><rtept lat="37.65365" lon="-107.467158"><ele>3596.8</ele><time>2026-04-10T15:54:04Z</time></rtept><rtept lat="37.65365" lon="-107.46715"><ele>3596.8</ele><time>2026-04-10T15:54:04Z</time></rtept><rtept lat="37.653644" lon="-107.467109"><ele>3596.4</ele><time>2026-04-10T15:54:04Z</time></rtept><rtept lat="37.653622" lon="-107.466995"><ele>3596.0</ele><time>2026-04-10T15:54:04Z</time></rtept><rtept lat="37.653605" lon="-107.466841"><ele>3595.0</ele><time>2026-04-10T15:54:04Z</time></rtept><rtept lat="37.653595" lon="-107.466736"><ele>3594.6</ele><time>2026-04-10T15:54:04Z</time></rtept><rtept lat="37.653571" lon="-107.466598"><ele>3592.4</ele><time>2026-04-10T15:54:04Z</time></rtept><rtept lat="37.653587" lon="-107.466477"><ele>3592.4</ele><time>2026-04-10T15:54:04Z</time></rtept><rtept lat="37.653576" lon="-107.466364"><ele>3592.2</ele><time>2026-04-10T15:54:04Z</time></rtept><rtept lat="37.653547" lon="-107.466258"><ele>3592.4</ele><time>2026-04-10T15:54:04Z</time></rtept><rtept lat="37.653511" lon="-107.466119"><ele>3590.6</ele><time>2026-04-10T15:54:04Z</time></rtept><rtept lat="37.653513" lon="-107.46603"><ele>3591.0</ele><time>2026-04-10T15:54:04Z</time></rtept><rtept lat="37.653491" lon="-107.465916"><ele>3591.2</ele><time>2026-04-10T15:54:04Z</time></rtept><rtept lat="37.653466" lon="-107.465802"><ele>3591.2</ele><time>2026-04-10T15:54:04Z</time></rtept><rtept lat="37.653436" lon="-107.465729"><ele>3589.8</ele><time>2026-04-10T15:54:04Z</time></rtept><rtept lat="37.653407" lon="-107.465623"><ele>3589.6</ele><time>2026-04-10T15:54:04Z</time></rtept><rtept lat="37.653382" lon="-107.465509"><ele>3587.4</ele><time>2026-04-10T15:54:04Z</time></rtept><rtept lat="37.653353" lon="-107.465395"><ele>3586.8</ele><time>2026-04-10T15:54:04Z</time></rtept><rtept lat="37.653342" lon="-107.465273"><ele>3586.2</ele><time>2026-04-10T15:54:04Z</time></rtept><rtept lat="37.653332" lon="-107.4652"><ele>3585.6</ele><time>2026-04-10T15:54:04Z</time></rtept><rtept lat="37.653335" lon="-107.465095"><ele>3584.8</ele><time>2026-04-10T15:54:04Z</time></rtept><rtept lat="37.653316" lon="-107.465006"><ele>3584.2</ele><time>2026-04-10T15:54:04Z</time></rtept><rtept lat="37.653294" lon="-107.464868"><ele>3581.6</ele><time>2026-04-10T15:54:04Z</time></rtept><rtept lat="37.65327" lon="-107.464721"><ele>3580.8</ele><time>2026-04-10T15:54:04Z</time></rtept><rtept lat="37.653286" lon="-107.464633"><ele>3580.4</ele><time>2026-04-10T15:54:04Z</time></rtept><rtept lat="37.653281" lon="-107.46452"><ele>3580.4</ele><time>2026-04-10T15:54:04Z</time></rtept><rtept lat="37.653296" lon="-107.46448"><ele>3580.4</ele><time>2026-04-10T15:54:04Z</time></rtept><rtept lat="37.653296" lon="-107.464448"><ele>3580.4</ele><time>2026-04-10T15:54:04Z</time></rtept><rtept lat="37.653284" lon="-107.464407"><ele>3580.4</ele><time>2026-04-10T15:54:04Z</time></rtept><rtept lat="37.653254" lon="-107.464325"><ele>3580.4</ele><time>2026-04-10T15:54:04Z</time></rtept><rtept lat="37.65321" lon="-107.464267"><ele>3578.4</ele><time>2026-04-10T15:54:04Z</time></rtept><rtept lat="37.653166" lon="-107.464233"><ele>3576.4</ele><time>2026-04-10T15:54:04Z</time></rtept><rtept lat="37.653136" lon="-107.464152"><ele>3576.8</ele><time>2026-04-10T15:54:04Z</time></rtept><rtept lat="37.653137" lon="-107.464087"><ele>3577.4</ele><time>2026-04-10T15:54:04Z</time></rtept><rtept lat="37.653125" lon="-107.46403"><ele>3578.0</ele><time>2026-04-10T15:54:04Z</time></rtept><rtept lat="37.653088" lon="-107.463972"><ele>3576.2</ele><time>2026-04-10T15:54:04Z</time></rtept><rtept lat="37.653061" lon="-107.463955"><ele>3576.8</ele><time>2026-04-10T15:54:04Z</time></rtept><rtept lat="37.653044" lon="-107.463914"><ele>3576.8</ele><time>2026-04-10T15:54:04Z</time></rtept><rtept lat="37.653017" lon="-107.463921"><ele>3575.4</ele><time>2026-04-10T15:54:04Z</time></rtept><rtept lat="37.653012" lon="-107.463953"><ele>3575.4</ele><time>2026-04-10T15:54:04Z</time></rtept><rtept lat="37.652977" lon="-107.463977"><ele>3574.6</ele><time>2026-04-10T15:54:04Z</time></rtept><rtept lat="37.652932" lon="-107.463991"><ele>3573.2</ele><time>2026-04-10T15:54:04Z</time></rtept><rtept lat="37.65287" lon="-107.463957"><ele>3572.4</ele><time>2026-04-10T15:54:04Z</time></rtept><rtept lat="37.652826" lon="-107.463907"><ele>3571.2</ele><time>2026-04-10T15:54:04Z</time></rtept><rtept lat="37.652783" lon="-107.463808"><ele>3571.8</ele><time>2026-04-10T15:54:04Z</time></rtept><rtept lat="37.652753" lon="-107.463719"><ele>3570.8</ele><time>2026-04-10T15:54:04Z</time></rtept><rtept lat="37.65272" lon="-107.463677"><ele>3571.4</ele><time>2026-04-10T15:54:04Z</time></rtept><rtept lat="37.652683" lon="-107.463635"><ele>3569.6</ele><time>2026-04-10T15:54:04Z</time></rtept><rtept lat="37.652652" lon="-107.46361"><ele>3570.4</ele><time>2026-04-10T15:54:04Z</time></rtept><rtept lat="37.652627" lon="-107.463585"><ele>3568.6</ele><time>2026-04-10T15:54:04Z</time></rtept><rtept lat="37.652601" lon="-107.463536"><ele>3569.4</ele><time>2026-04-10T15:54:04Z</time></rtept><rtept lat="37.652589" lon="-107.463495"><ele>3569.4</ele><time>2026-04-10T15:54:04Z</time></rtept><rtept lat="37.652571" lon="-107.463454"><ele>3570.2</ele><time>2026-04-10T15:54:04Z</time></rtept><rtept lat="37.652521" lon="-107.463404"><ele>3568.6</ele><time>2026-04-10T15:54:04Z</time></rtept><rtept lat="37.652503" lon="-107.463387"><ele>3568.6</ele><time>2026-04-10T15:54:04Z</time></rtept><rtept lat="37.652483" lon="-107.463362"><ele>3567.4</ele><time>2026-04-10T15:54:04Z</time></rtept><rtept lat="37.65247" lon="-107.46333"><ele>3567.4</ele><time>2026-04-10T15:54:04Z</time></rtept><rtept lat="37.652471" lon="-107.463313"><ele>3567.4</ele><time>2026-04-10T15:54:04Z</time></rtept><rtept lat="37.652423" lon="-107.463207"><ele>3566.2</ele><time>2026-04-10T15:54:04Z</time></rtept><rtept lat="37.652366" lon="-107.463132"><ele>3566.6</ele><time>2026-04-10T15:54:04Z</time></rtept><rtept lat="37.652316" lon="-107.46305"><ele>3565.0</ele><time>2026-04-10T15:54:04Z</time></rtept><rtept lat="37.652291" lon="-107.463057"><ele>3563.4</ele><time>2026-04-10T15:54:04Z</time></rtept><rtept lat="37.652227" lon="-107.463022"><ele>3562.4</ele><time>2026-04-10T15:54:04Z</time></rtept><rtept lat="37.652164" lon="-107.462988"><ele>3562.4</ele><time>2026-04-10T15:54:04Z</time></rtept><rtept lat="37.652132" lon="-107.462938"><ele>3561.2</ele><time>2026-04-10T15:54:04Z</time></rtept><rtept lat="37.652114" lon="-107.462906"><ele>3561.2</ele><time>2026-04-10T15:54:04Z</time></rtept><rtept lat="37.652101" lon="-107.462897"><ele>3561.2</ele><time>2026-04-10T15:54:04Z</time></rtept><rtept lat="37.65207" lon="-107.462888"><ele>3559.6</ele><time>2026-04-10T15:54:04Z</time></rtept><rtept lat="37.652038" lon="-107.462911"><ele>3559.6</ele><time>2026-04-10T15:54:04Z</time></rtept><rtept lat="37.652004" lon="-107.46291"><ele>3558.0</ele><time>2026-04-10T15:54:04Z</time></rtept><rtept lat="37.651979" lon="-107.462918"><ele>3558.0</ele><time>2026-04-10T15:54:04Z</time></rtept><rtept lat="37.651914" lon="-107.462915"><ele>3555.8</ele><time>2026-04-10T15:54:04Z</time></rtept><rtept lat="37.651882" lon="-107.462906"><ele>3553.6</ele><time>2026-04-10T15:54:04Z</time></rtept><rtept lat="37.651844" lon="-107.462897"><ele>3553.6</ele><time>2026-04-10T15:54:04Z</time></rtept><rtept lat="37.651792" lon="-107.462935"><ele>3551.6</ele><time>2026-04-10T15:54:04Z</time></rtept><rtept lat="37.651734" lon="-107.462974"><ele>3549.4</ele><time>2026-04-10T15:54:04Z</time></rtept><rtept lat="37.651713" lon="-107.463038"><ele>3549.4</ele><time>2026-04-10T15:54:04Z</time></rtept><rtept lat="37.65168" lon="-107.463101"><ele>3548.2</ele><time>2026-04-10T15:54:04Z</time></rtept><rtept lat="37.651666" lon="-107.463141"><ele>3548.8</ele><time>2026-04-10T15:54:04Z</time></rtept><rtept lat="37.651645" lon="-107.463165"><ele>3548.8</ele><time>2026-04-10T15:54:04Z</time></rtept><rtept lat="37.651627" lon="-107.463148"><ele>3548.8</ele><time>2026-04-10T15:54:04Z</time></rtept><rtept lat="37.651608" lon="-107.463083"><ele>3547.2</ele><time>2026-04-10T15:54:04Z</time></rtept><rtept lat="37.651598" lon="-107.46301"><ele>3546.8</ele><time>2026-04-10T15:54:04Z</time></rtept><rtept lat="37.651587" lon="-107.462888"><ele>3546.8</ele><time>2026-04-10T15:54:04Z</time></rtept><rtept lat="37.65157" lon="-107.462767"><ele>3547.4</ele><time>2026-04-10T15:54:04Z</time></rtept><rtept lat="37.651496" lon="-107.462643"><ele>3545.8</ele><time>2026-04-10T15:54:04Z</time></rtept><rtept lat="37.651428" lon="-107.462519"><ele>3544.0</ele><time>2026-04-10T15:54:04Z</time></rtept><rtept lat="37.651385" lon="-107.462437"><ele>3542.0</ele><time>2026-04-10T15:54:04Z</time></rtept><rtept lat="37.651321" lon="-107.462371"><ele>3540.2</ele><time>2026-04-10T15:54:04Z</time></rtept><rtept lat="37.651247" lon="-107.462263"><ele>3538.4</ele><time>2026-04-10T15:54:04Z</time></rtept><rtept lat="37.651186" lon="-107.46218"><ele>3537.0</ele><time>2026-04-10T15:54:04Z</time></rtept><rtept lat="37.651108" lon="-107.462105"><ele>3536.0</ele><time>2026-04-10T15:54:04Z</time></rtept><rtept lat="37.651054" lon="-107.462014"><ele>3535.0</ele><time>2026-04-10T15:54:04Z</time></rtept><rtept lat="37.651018" lon="-107.461916"><ele>3535.0</ele><time>2026-04-10T15:54:04Z</time></rtept><rtept lat="37.651007" lon="-107.461778"><ele>3535.0</ele><time>2026-04-10T15:54:04Z</time></rtept><rtept lat="37.651009" lon="-107.461665"><ele>3534.8</ele><time>2026-04-10T15:54:04Z</time></rtept><rtept lat="37.651037" lon="-107.461529"><ele>3534.4</ele><time>2026-04-10T15:54:04Z</time></rtept><rtept lat="37.651066" lon="-107.461409"><ele>3534.0</ele><time>2026-04-10T15:54:04Z</time></rtept><rtept lat="37.651107" lon="-107.461321"><ele>3535.2</ele><time>2026-04-10T15:54:04Z</time></rtept><rtept lat="37.65114" lon="-107.461217"><ele>3532.8</ele><time>2026-04-10T15:54:04Z</time></rtept><rtept lat="37.651169" lon="-107.46113"><ele>3533.0</ele><time>2026-04-10T15:54:04Z</time></rtept><rtept lat="37.651203" lon="-107.461025"><ele>3530.8</ele><time>2026-04-10T15:54:04Z</time></rtept><rtept lat="37.651243" lon="-107.460922"><ele>3530.2</ele><time>2026-04-10T15:54:04Z</time></rtept><rtept lat="37.65127" lon="-107.460842"><ele>3527.2</ele><time>2026-04-10T15:54:04Z</time></rtept><rtept lat="37.651292" lon="-107.46077"><ele>3526.6</ele><time>2026-04-10T15:54:04Z</time></rtept><rtept lat="37.651311" lon="-107.460706"><ele>3524.2</ele><time>2026-04-10T15:54:04Z</time></rtept><rtept lat="37.651332" lon="-107.460666"><ele>3524.2</ele><time>2026-04-10T15:54:04Z</time></rtept><rtept lat="37.651346" lon="-107.460642"><ele>3526.2</ele><time>2026-04-10T15:54:04Z</time></rtept><rtept lat="37.651351" lon="-107.460594"><ele>3524.0</ele><time>2026-04-10T15:54:04Z</time></rtept><rtept lat="37.651334" lon="-107.460585"><ele>3522.4</ele><time>2026-04-10T15:54:04Z</time></rtept><rtept lat="37.651313" lon="-107.460609"><ele>3522.4</ele><time>2026-04-10T15:54:04Z</time></rtept><rtept lat="37.651281" lon="-107.460632"><ele>3524.2</ele><time>2026-04-10T15:54:04Z</time></rtept><rtept lat="37.651262" lon="-107.460664"><ele>3523.0</ele><time>2026-04-10T15:54:04Z</time></rtept><rtept lat="37.651234" lon="-107.460703"><ele>3523.0</ele><time>2026-04-10T15:54:04Z</time></rtept><rtept lat="37.651202" lon="-107.460727"><ele>3523.8</ele><time>2026-04-10T15:54:04Z</time></rtept><rtept lat="37.651137" lon="-107.460741"><ele>3523.0</ele><time>2026-04-10T15:54:04Z</time></rtept><rtept lat="37.651091" lon="-107.460763"><ele>3523.0</ele><time>2026-04-10T15:54:04Z</time></rtept><rtept lat="37.651042" lon="-107.460761"><ele>3522.6</ele><time>2026-04-10T15:54:04Z</time></rtept><rtept lat="37.650976" lon="-107.4608"><ele>3523.8</ele><time>2026-04-10T15:54:04Z</time></rtept><rtept lat="37.650931" lon="-107.460798"><ele>3523.0</ele><time>2026-04-10T15:54:04Z</time></rtept><rtept lat="37.650886" lon="-107.460756"><ele>3521.4</ele><time>2026-04-10T15:54:04Z</time></rtept><rtept lat="37.650824" lon="-107.460738"><ele>3520.4</ele><time>2026-04-10T15:54:04Z</time></rtept><rtept lat="37.650751" lon="-107.460752"><ele>3519.2</ele><time>2026-04-10T15:54:04Z</time></rtept><rtept lat="37.650681" lon="-107.460766"><ele>3517.6</ele><time>2026-04-10T15:54:04Z</time></rtept><rtept lat="37.650584" lon="-107.460795"><ele>3515.6</ele><time>2026-04-10T15:54:04Z</time></rtept><rtept lat="37.650526" lon="-107.460842"><ele>3513.8</ele><time>2026-04-10T15:54:04Z</time></rtept><rtept lat="37.650505" lon="-107.460897"><ele>3514.2</ele><time>2026-04-10T15:54:04Z</time></rtept><rtept lat="37.650503" lon="-107.460978"><ele>3514.4</ele><time>2026-04-10T15:54:04Z</time></rtept><rtept lat="37.650481" lon="-107.46109"><ele>3514.4</ele><time>2026-04-10T15:54:04Z</time></rtept><rtept lat="37.65046" lon="-107.461195"><ele>3512.0</ele><time>2026-04-10T15:54:04Z</time></rtept><rtept lat="37.650414" lon="-107.46125"><ele>3512.0</ele><time>2026-04-10T15:54:04Z</time></rtept><rtept lat="37.650355" lon="-107.461288"><ele>3511.0</ele><time>2026-04-10T15:54:04Z</time></rtept><rtept lat="37.650291" lon="-107.461351"><ele>3511.2</ele><time>2026-04-10T15:54:04Z</time></rtept><rtept lat="37.650244" lon="-107.461422"><ele>3511.6</ele><time>2026-04-10T15:54:04Z</time></rtept><rtept lat="37.650177" lon="-107.461492"><ele>3511.8</ele><time>2026-04-10T15:54:04Z</time></rtept><rtept lat="37.650066" lon="-107.461586"><ele>3511.6</ele><time>2026-04-10T15:54:04Z</time></rtept><rtept lat="37.649938" lon="-107.461721"><ele>3509.4</ele><time>2026-04-10T15:54:04Z</time></rtept><rtept lat="37.649924" lon="-107.461926"><ele>3512.4</ele><time>2026-04-10T15:54:04Z</time></rtept><rtept lat="37.649791" lon="-107.461852"><ele>3511.6</ele><time>2026-04-10T15:54:04Z</time></rtept><rtept lat="37.64966" lon="-107.461766"><ele>3514.2</ele><time>2026-04-10T15:54:04Z</time></rtept><rtept lat="37.649627" lon="-107.4617"><ele>3515.0</ele><time>2026-04-10T15:54:04Z</time></rtept><rtept lat="37.649622" lon="-107.461652"><ele>3514.6</ele><time>2026-04-10T15:54:04Z</time></rtept><rtept lat="37.649598" lon="-107.461602"><ele>3514.6</ele><time>2026-04-10T15:54:04Z</time></rtept><rtept lat="37.649578" lon="-107.461578"><ele>3514.6</ele><time>2026-04-10T15:54:04Z</time></rtept><rtept lat="37.649534" lon="-107.461552"><ele>3515.6</ele><time>2026-04-10T15:54:04Z</time></rtept><rtept lat="37.649489" lon="-107.461542"><ele>3516.6</ele><time>2026-04-10T15:54:04Z</time></rtept><rtept lat="37.649451" lon="-107.461533"><ele>3516.6</ele><time>2026-04-10T15:54:04Z</time></rtept><rtept lat="37.649413" lon="-107.461532"><ele>3517.8</ele><time>2026-04-10T15:54:04Z</time></rtept><rtept lat="37.649381" lon="-107.461547"><ele>3517.8</ele><time>2026-04-10T15:54:04Z</time></rtept><rtept lat="37.649367" lon="-107.461579"><ele>3519.6</ele><time>2026-04-10T15:54:04Z</time></rtept><rtept lat="37.649372" lon="-107.461628"><ele>3519.6</ele><time>2026-04-10T15:54:04Z</time></rtept><rtept lat="37.649385" lon="-107.461684"><ele>3519.2</ele><time>2026-04-10T15:54:04Z</time></rtept><rtept lat="37.649395" lon="-107.461709"><ele>3519.2</ele><time>2026-04-10T15:54:04Z</time></rtept><rtept lat="37.649401" lon="-107.461758"><ele>3519.8</ele><time>2026-04-10T15:54:04Z</time></rtept><rtept lat="37.6494" lon="-107.461806"><ele>3519.8</ele><time>2026-04-10T15:54:04Z</time></rtept><rtept lat="37.649392" lon="-107.461846"><ele>3520.6</ele><time>2026-04-10T15:54:04Z</time></rtept><rtept lat="37.649373" lon="-107.461902"><ele>3522.0</ele><time>2026-04-10T15:54:04Z</time></rtept><rtept lat="37.649339" lon="-107.461925"><ele>3522.8</ele><time>2026-04-10T15:54:04Z</time></rtept><rtept lat="37.649294" lon="-107.461924"><ele>3524.2</ele><time>2026-04-10T15:54:04Z</time></rtept><rtept lat="37.649263" lon="-107.461898"><ele>3523.2</ele><time>2026-04-10T15:54:04Z</time></rtept><rtept lat="37.649232" lon="-107.461882"><ele>3524.4</ele><time>2026-04-10T15:54:04Z</time></rtept><rtept lat="37.649162" lon="-107.461887"><ele>3525.4</ele><time>2026-04-10T15:54:04Z</time></rtept><rtept lat="37.64909" lon="-107.461885"><ele>3526.2</ele><time>2026-04-10T15:54:04Z</time></rtept><rtept lat="37.649034" lon="-107.461883"><ele>3527.0</ele><time>2026-04-10T15:54:04Z</time></rtept><rtept lat="37.648982" lon="-107.461865"><ele>3527.0</ele><time>2026-04-10T15:54:04Z</time></rtept><rtept lat="37.648911" lon="-107.461975"><ele>3528.6</ele><time>2026-04-10T15:54:04Z</time></rtept><rtept lat="37.648766" lon="-107.462165"><ele>3531.8</ele><time>2026-04-10T15:54:04Z</time></rtept><rtept lat="37.648705" lon="-107.462181"><ele>3533.4</ele><time>2026-04-10T15:54:04Z</time></rtept><rtept lat="37.648603" lon="-107.46213"><ele>3533.6</ele><time>2026-04-10T15:54:04Z</time></rtept><rtept lat="37.648503" lon="-107.462058"><ele>3533.0</ele><time>2026-04-10T15:54:04Z</time></rtept><rtept lat="37.648384" lon="-107.461988"><ele>3532.6</ele><time>2026-04-10T15:54:04Z</time></rtept><rtept lat="37.648248" lon="-107.461956"><ele>3533.6</ele><time>2026-04-10T15:54:04Z</time></rtept><rtept lat="37.648106" lon="-107.462028"><ele>3535.8</ele><time>2026-04-10T15:54:04Z</time></rtept><rtept lat="37.647949" lon="-107.462157"><ele>3537.2</ele><time>2026-04-10T15:54:04Z</time></rtept><rtept lat="37.647824" lon="-107.462294"><ele>3540.0</ele><time>2026-04-10T15:54:04Z</time></rtept><rtept lat="37.647707" lon="-107.462431"><ele>3543.6</ele><time>2026-04-10T15:54:04Z</time></rtept><rtept lat="37.647588" lon="-107.462441"><ele>3544.6</ele><time>2026-04-10T15:54:04Z</time></rtept><rtept lat="37.647539" lon="-107.462353"><ele>3543.2</ele><time>2026-04-10T15:54:04Z</time></rtept><rtept lat="37.647509" lon="-107.462227"><ele>3541.6</ele><time>2026-04-10T15:54:04Z</time></rtept><rtept lat="37.64753" lon="-107.46213"><ele>3540.4</ele><time>2026-04-10T15:54:04Z</time></rtept><rtept lat="37.64759" lon="-107.461948"><ele>3537.6</ele><time>2026-04-10T15:54:04Z</time></rtept><rtept lat="37.647647" lon="-107.461747"><ele>3535.2</ele><time>2026-04-10T15:54:04Z</time></rtept><rtept lat="37.647628" lon="-107.461588"><ele>3533.2</ele><time>2026-04-10T15:54:04Z</time></rtept><rtept lat="37.647518" lon="-107.46132"><ele>3530.8</ele><time>2026-04-10T15:54:04Z</time></rtept><rtept lat="37.647458" lon="-107.461127"><ele>3528.4</ele><time>2026-04-10T15:54:04Z</time></rtept><rtept lat="37.647505" lon="-107.461068"><ele>3528.2</ele><time>2026-04-10T15:54:04Z</time></rtept><rtept lat="37.647598" lon="-107.460824"><ele>3525.2</ele><time>2026-04-10T15:54:04Z</time></rtept><rtept lat="37.647632" lon="-107.460559"><ele>3521.8</ele><time>2026-04-10T15:54:04Z</time></rtept><rtept lat="37.647596" lon="-107.46047"><ele>3520.6</ele><time>2026-04-10T15:54:04Z</time></rtept><rtept lat="37.647528" lon="-107.460411"><ele>3519.2</ele><time>2026-04-10T15:54:04Z</time></rtept><rtept lat="37.647446" lon="-107.460336"><ele>3517.8</ele><time>2026-04-10T15:54:04Z</time></rtept><rtept lat="37.647325" lon="-107.460206"><ele>3516.0</ele><time>2026-04-10T15:54:04Z</time></rtept><rtept lat="37.647286" lon="-107.460198"><ele>3516.0</ele><time>2026-04-10T15:54:04Z</time></rtept><rtept lat="37.647229" lon="-107.460165"><ele>3514.6</ele><time>2026-04-10T15:54:04Z</time></rtept><rtept lat="37.647219" lon="-107.460114"><ele>3514.6</ele><time>2026-04-10T15:54:04Z</time></rtept><rtept lat="37.647177" lon="-107.460064"><ele>3513.2</ele><time>2026-04-10T15:54:04Z</time></rtept><rtept lat="37.647151" lon="-107.460034"><ele>3513.2</ele><time>2026-04-10T15:54:04Z</time></rtept><rtept lat="37.647101" lon="-107.460034"><ele>3513.0</ele><time>2026-04-10T15:54:04Z</time></rtept><rtept lat="37.64709" lon="-107.459976"><ele>3513.0</ele><time>2026-04-10T15:54:04Z</time></rtept><rtept lat="37.647055" lon="-107.459946"><ele>3514.2</ele><time>2026-04-10T15:54:04Z</time></rtept><rtept lat="37.64704" lon="-107.459822"><ele>3515.0</ele><time>2026-04-10T15:54:04Z</time></rtept><rtept lat="37.647053" lon="-107.459741"><ele>3515.4</ele><time>2026-04-10T15:54:04Z</time></rtept><rtept lat="37.647036" lon="-107.459676"><ele>3515.4</ele><time>2026-04-10T15:54:04Z</time></rtept><rtept lat="37.647005" lon="-107.459643"><ele>3515.4</ele><time>2026-04-10T15:54:04Z</time></rtept><rtept lat="37.646954" lon="-107.459633"><ele>3516.6</ele><time>2026-04-10T15:54:04Z</time></rtept><rtept lat="37.646902" lon="-107.459607"><ele>3517.8</ele><time>2026-04-10T15:54:04Z</time></rtept><rtept lat="37.646872" lon="-107.459574"><ele>3518.0</ele><time>2026-04-10T15:54:04Z</time></rtept><rtept lat="37.646834" lon="-107.459556"><ele>3519.4</ele><time>2026-04-10T15:54:04Z</time></rtept><rtept lat="37.646762" lon="-107.459522"><ele>3520.8</ele><time>2026-04-10T15:54:04Z</time></rtept><rtept lat="37.6467" lon="-107.459487"><ele>3521.6</ele><time>2026-04-10T15:54:04Z</time></rtept><rtept lat="37.646673" lon="-107.459494"><ele>3521.6</ele><time>2026-04-10T15:54:04Z</time></rtept><rtept lat="37.646621" lon="-107.459501"><ele>3522.4</ele><time>2026-04-10T15:54:04Z</time></rtept><rtept lat="37.646558" lon="-107.459499"><ele>3523.2</ele><time>2026-04-10T15:54:04Z</time></rtept><rtept lat="37.6465" lon="-107.459473"><ele>3524.0</ele><time>2026-04-10T15:54:04Z</time></rtept><rtept lat="37.646469" lon="-107.459455"><ele>3524.0</ele><time>2026-04-10T15:54:04Z</time></rtept><rtept lat="37.646445" lon="-107.459398"><ele>3524.4</ele><time>2026-04-10T15:54:04Z</time></rtept><rtept lat="37.646419" lon="-107.459341"><ele>3524.4</ele><time>2026-04-10T15:54:04Z</time></rtept><rtept lat="37.646375" lon="-107.459307"><ele>3525.2</ele><time>2026-04-10T15:54:04Z</time></rtept><rtept lat="37.646306" lon="-107.45928"><ele>3525.8</ele><time>2026-04-10T15:54:04Z</time></rtept><rtept lat="37.646216" lon="-107.459269"><ele>3526.6</ele><time>2026-04-10T15:54:04Z</time></rtept><rtept lat="37.646133" lon="-107.459234"><ele>3527.4</ele><time>2026-04-10T15:54:04Z</time></rtept><rtept lat="37.646095" lon="-107.459225"><ele>3529.0</ele><time>2026-04-10T15:54:04Z</time></rtept><rtept lat="37.646057" lon="-107.459215"><ele>3529.0</ele><time>2026-04-10T15:54:04Z</time></rtept><rtept lat="37.645985" lon="-107.459221"><ele>3530.4</ele><time>2026-04-10T15:54:04Z</time></rtept><rtept lat="37.645939" lon="-107.459236"><ele>3531.8</ele><time>2026-04-10T15:54:04Z</time></rtept><rtept lat="37.64589" lon="-107.45921"><ele>3532.8</ele><time>2026-04-10T15:54:04Z</time></rtept><rtept lat="37.645846" lon="-107.459168"><ele>3532.8</ele><time>2026-04-10T15:54:04Z</time></rtept><rtept lat="37.645789" lon="-107.459077"><ele>3535.6</ele><time>2026-04-10T15:54:04Z</time></rtept><rtept lat="37.645752" lon="-107.45902"><ele>3536.4</ele><time>2026-04-10T15:54:04Z</time></rtept><rtept lat="37.645727" lon="-107.45893"><ele>3537.4</ele><time>2026-04-10T15:54:04Z</time></rtept><rtept lat="37.645728" lon="-107.458874"><ele>3538.0</ele><time>2026-04-10T15:54:04Z</time></rtept><rtept lat="37.64573" lon="-107.458801"><ele>3538.4</ele><time>2026-04-10T15:54:04Z</time></rtept><rtept lat="37.645706" lon="-107.458735"><ele>3538.4</ele><time>2026-04-10T15:54:04Z</time></rtept><rtept lat="37.645676" lon="-107.458678"><ele>3539.6</ele><time>2026-04-10T15:54:04Z</time></rtept><rtept lat="37.645639" lon="-107.45862"><ele>3539.8</ele><time>2026-04-10T15:54:04Z</time></rtept><rtept lat="37.645588" lon="-107.458578"><ele>3541.2</ele><time>2026-04-10T15:54:04Z</time></rtept><rtept lat="37.645531" lon="-107.458519"><ele>3543.4</ele><time>2026-04-10T15:54:04Z</time></rtept><rtept lat="37.645473" lon="-107.458502"><ele>3545.2</ele><time>2026-04-10T15:54:04Z</time></rtept><rtept lat="37.64543" lon="-107.458492"><ele>3547.2</ele><time>2026-04-10T15:54:04Z</time></rtept><rtept lat="37.645397" lon="-107.458466"><ele>3547.4</ele><time>2026-04-10T15:54:04Z</time></rtept><rtept lat="37.64536" lon="-107.458385"><ele>3548.8</ele><time>2026-04-10T15:54:04Z</time></rtept><rtept lat="37.645344" lon="-107.458295"><ele>3548.4</ele><time>2026-04-10T15:54:04Z</time></rtept><rtept lat="37.645319" lon="-107.458189"><ele>3548.2</ele><time>2026-04-10T15:54:04Z</time></rtept><rtept lat="37.645296" lon="-107.4581"><ele>3549.4</ele><time>2026-04-10T15:54:04Z</time></rtept><rtept lat="37.645284" lon="-107.458019"><ele>3550.2</ele><time>2026-04-10T15:54:04Z</time></rtept><rtept lat="37.645286" lon="-107.45793"><ele>3550.8</ele><time>2026-04-10T15:54:04Z</time></rtept><rtept lat="37.645273" lon="-107.457897"><ele>3550.8</ele><time>2026-04-10T15:54:04Z</time></rtept><rtept lat="37.645236" lon="-107.457855"><ele>3550.8</ele><time>2026-04-10T15:54:04Z</time></rtept><rtept lat="37.645198" lon="-107.457822"><ele>3552.0</ele><time>2026-04-10T15:54:04Z</time></rtept><rtept lat="37.645118" lon="-107.457799"><ele>3553.4</ele><time>2026-04-10T15:54:04Z</time></rtept><rtept lat="37.645071" lon="-107.457769"><ele>3555.2</ele><time>2026-04-10T15:54:04Z</time></rtept><rtept lat="37.645012" lon="-107.457759"><ele>3557.4</ele><time>2026-04-10T15:54:04Z</time></rtept><rtept lat="37.644936" lon="-107.457781"><ele>3559.4</ele><time>2026-04-10T15:54:04Z</time></rtept><rtept lat="37.644872" lon="-107.457779"><ele>3561.0</ele><time>2026-04-10T15:54:04Z</time></rtept><rtept lat="37.644807" lon="-107.457777"><ele>3562.2</ele><time>2026-04-10T15:54:04Z</time></rtept><rtept lat="37.644738" lon="-107.457734"><ele>3563.4</ele><time>2026-04-10T15:54:04Z</time></rtept><rtept lat="37.644694" lon="-107.4577"><ele>3564.4</ele><time>2026-04-10T15:54:04Z</time></rtept><rtept lat="37.644643" lon="-107.457658"><ele>3566.0</ele><time>2026-04-10T15:54:04Z</time></rtept><rtept lat="37.644581" lon="-107.457616"><ele>3569.0</ele><time>2026-04-10T15:54:04Z</time></rtept><rtept lat="37.644523" lon="-107.457557"><ele>3571.6</ele><time>2026-04-10T15:54:04Z</time></rtept><rtept lat="37.644454" lon="-107.457531"><ele>3573.6</ele><time>2026-04-10T15:54:04Z</time></rtept><rtept lat="37.644402" lon="-107.457545"><ele>3575.0</ele><time>2026-04-10T15:54:04Z</time></rtept><rtept lat="37.644357" lon="-107.457568"><ele>3575.0</ele><time>2026-04-10T15:54:04Z</time></rtept><rtept lat="37.64428" lon="-107.457566"><ele>3575.6</ele><time>2026-04-10T15:54:04Z</time></rtept><rtept lat="37.644208" lon="-107.457531"><ele>3576.6</ele><time>2026-04-10T15:54:04Z</time></rtept><rtept lat="37.644144" lon="-107.457513"><ele>3576.6</ele><time>2026-04-10T15:54:04Z</time></rtept><rtept lat="37.644097" lon="-107.457499"><ele>3577.0</ele><time>2026-04-10T15:54:04Z</time></rtept><rtept lat="37.644033" lon="-107.457515"><ele>3577.2</ele><time>2026-04-10T15:54:04Z</time></rtept><rtept lat="37.643961" lon="-107.457537"><ele>3577.6</ele><time>2026-04-10T15:54:04Z</time></rtept><rtept lat="37.643864" lon="-107.457534"><ele>3578.8</ele><time>2026-04-10T15:54:04Z</time></rtept><rtept lat="37.643753" lon="-107.457548"><ele>3579.8</ele><time>2026-04-10T15:54:04Z</time></rtept><rtept lat="37.643634" lon="-107.457526"><ele>3582.6</ele><time>2026-04-10T15:54:04Z</time></rtept><rtept lat="37.643514" lon="-107.457473"><ele>3585.4</ele><time>2026-04-10T15:54:04Z</time></rtept><rtept lat="37.64338" lon="-107.457402"><ele>3586.8</ele><time>2026-04-10T15:54:04Z</time></rtept><rtept lat="37.643241" lon="-107.457355"><ele>3587.2</ele><time>2026-04-10T15:54:04Z</time></rtept><rtept lat="37.643039" lon="-107.457325"><ele>3587.8</ele><time>2026-04-10T15:54:04Z</time></rtept><rtept lat="37.642882" lon="-107.457307"><ele>3588.4</ele><time>2026-04-10T15:54:04Z</time></rtept><rtept lat="37.6427" lon="-107.457289"><ele>3589.2</ele><time>2026-04-10T15:54:04Z</time></rtept><rtept lat="37.642545" lon="-107.457254"><ele>3590.0</ele><time>2026-04-10T15:54:04Z</time></rtept><rtept lat="37.642432" lon="-107.45719"><ele>3591.0</ele><time>2026-04-10T15:54:04Z</time></rtept><rtept lat="37.642356" lon="-107.457138"><ele>3592.4</ele><time>2026-04-10T15:54:04Z</time></rtept><rtept lat="37.642306" lon="-107.45712"><ele>3592.4</ele><time>2026-04-10T15:54:04Z</time></rtept><rtept lat="37.642306" lon="-107.45712"><ele>3592.4</ele><time>2026-04-10T15:54:04Z</time></rtept><rtept lat="37.642226" lon="-107.457092"><ele>3595.4</ele><time>2026-04-10T15:54:04Z</time></rtept><rtept lat="37.642146" lon="-107.457053"><ele>3596.2</ele><time>2026-04-10T15:54:04Z</time></rtept><rtept lat="37.642063" lon="-107.457038"><ele>3596.8</ele><time>2026-04-10T15:54:04Z</time></rtept><rtept lat="37.64182" lon="-107.456913"><ele>3598.2</ele><time>2026-04-10T15:54:04Z</time></rtept><rtept lat="37.641692" lon="-107.456849"><ele>3596.8</ele><time>2026-04-10T15:54:04Z</time></rtept><rtept lat="37.641716" lon="-107.4567"><ele>3599.0</ele><time>2026-04-10T15:54:04Z</time></rtept><rtept lat="37.641726" lon="-107.456634"><ele>3599.4</ele><time>2026-04-10T15:54:04Z</time></rtept><rtept lat="37.641779" lon="-107.456443"><ele>3599.2</ele><time>2026-04-10T15:54:04Z</time></rtept><rtept lat="37.641825" lon="-107.456325"><ele>3598.8</ele><time>2026-04-10T15:54:04Z</time></rtept><rtept lat="37.641872" lon="-107.456165"><ele>3597.6</ele><time>2026-04-10T15:54:04Z</time></rtept><rtept lat="37.641925" lon="-107.45607"><ele>3595.6</ele><time>2026-04-10T15:54:04Z</time></rtept><rtept lat="37.641979" lon="-107.455985"><ele>3594.4</ele><time>2026-04-10T15:54:04Z</time></rtept><rtept lat="37.642027" lon="-107.455855"><ele>3594.2</ele><time>2026-04-10T15:54:04Z</time></rtept><rtept lat="37.642075" lon="-107.45571"><ele>3592.4</ele><time>2026-04-10T15:54:04Z</time></rtept><rtept lat="37.64215" lon="-107.455559"><ele>3591.6</ele><time>2026-04-10T15:54:04Z</time></rtept><rtept lat="37.642216" lon="-107.455423"><ele>3590.6</ele><time>2026-04-10T15:54:04Z</time></rtept><rtept lat="37.64227" lon="-107.455296"><ele>3589.6</ele><time>2026-04-10T15:54:04Z</time></rtept><rtept lat="37.642299" lon="-107.455199"><ele>3589.2</ele><time>2026-04-10T15:54:04Z</time></rtept><rtept lat="37.64234" lon="-107.455079"><ele>3588.4</ele><time>2026-04-10T15:54:04Z</time></rtept><rtept lat="37.642387" lon="-107.455017"><ele>3587.4</ele><time>2026-04-10T15:54:04Z</time></rtept><rtept lat="37.642496" lon="-107.454963"><ele>3586.8</ele><time>2026-04-10T15:54:04Z</time></rtept><rtept lat="37.642653" lon="-107.454888"><ele>3584.2</ele><time>2026-04-10T15:54:04Z</time></rtept><rtept lat="37.642789" lon="-107.454827"><ele>3581.6</ele><time>2026-04-10T15:54:04Z</time></rtept><rtept lat="37.642898" lon="-107.454782"><ele>3580.0</ele><time>2026-04-10T15:54:04Z</time></rtept><rtept lat="37.64308" lon="-107.454699"><ele>3577.6</ele><time>2026-04-10T15:54:04Z</time></rtept><rtept lat="37.643178" lon="-107.454662"><ele>3577.0</ele><time>2026-04-10T15:54:04Z</time></rtept><rtept lat="37.643374" lon="-107.45466"><ele>3575.4</ele><time>2026-04-10T15:54:04Z</time></rtept><rtept lat="37.643499" lon="-107.454576"><ele>3575.8</ele><time>2026-04-10T15:54:04Z</time></rtept><rtept lat="37.643522" lon="-107.454295"><ele>3577.4</ele><time>2026-04-10T15:54:04Z</time></rtept><rtept lat="37.643511" lon="-107.453955"><ele>3582.0</ele><time>2026-04-10T15:54:04Z</time></rtept><rtept lat="37.643537" lon="-107.45384"><ele>3584.4</ele><time>2026-04-10T15:54:04Z</time></rtept><rtept lat="37.643502" lon="-107.453701"><ele>3585.0</ele><time>2026-04-10T15:54:04Z</time></rtept><rtept lat="37.643504" lon="-107.453588"><ele>3586.2</ele><time>2026-04-10T15:54:04Z</time></rtept><rtept lat="37.643481" lon="-107.453425"><ele>3589.0</ele><time>2026-04-10T15:54:04Z</time></rtept><rtept lat="37.643431" lon="-107.453327"><ele>3591.0</ele><time>2026-04-10T15:54:04Z</time></rtept><rtept lat="37.643432" lon="-107.453278"><ele>3591.0</ele><time>2026-04-10T15:54:04Z</time></rtept><rtept lat="37.64344" lon="-107.453222"><ele>3592.6</ele><time>2026-04-10T15:54:04Z</time></rtept><rtept lat="37.643389" lon="-107.453163"><ele>3591.8</ele><time>2026-04-10T15:54:04Z</time></rtept><rtept lat="37.643345" lon="-107.453146"><ele>3593.8</ele><time>2026-04-10T15:54:04Z</time></rtept><rtept lat="37.643294" lon="-107.45312"><ele>3593.2</ele><time>2026-04-10T15:54:04Z</time></rtept><rtept lat="37.643244" lon="-107.453118"><ele>3592.6</ele><time>2026-04-10T15:54:04Z</time></rtept><rtept lat="37.643199" lon="-107.453092"><ele>3592.6</ele><time>2026-04-10T15:54:04Z</time></rtept><rtept lat="37.643149" lon="-107.453018"><ele>3593.8</ele><time>2026-04-10T15:54:04Z</time></rtept><rtept lat="37.643112" lon="-107.452976"><ele>3595.0</ele><time>2026-04-10T15:54:04Z</time></rtept><rtept lat="37.643078" lon="-107.452967"><ele>3595.0</ele><time>2026-04-10T15:54:04Z</time></rtept><rtept lat="37.643046" lon="-107.452982"><ele>3594.8</ele><time>2026-04-10T15:54:04Z</time></rtept><rtept lat="37.642988" lon="-107.452964"><ele>3594.8</ele><time>2026-04-10T15:54:04Z</time></rtept><rtept lat="37.642758" lon="-107.452851"><ele>3595.2</ele><time>2026-04-10T15:54:04Z</time></rtept><rtept lat="37.642531" lon="-107.452746"><ele>3596.0</ele><time>2026-04-10T15:54:04Z</time></rtept><rtept lat="37.642363" lon="-107.45266"><ele>3596.6</ele><time>2026-04-10T15:54:04Z</time></rtept><rtept lat="37.642224" lon="-107.452566"><ele>3597.4</ele><time>2026-04-10T15:54:04Z</time></rtept><rtept lat="37.642053" lon="-107.452415"><ele>3598.8</ele><time>2026-04-10T15:54:04Z</time></rtept><rtept lat="37.641942" lon="-107.452257"><ele>3600.4</ele><time>2026-04-10T15:54:04Z</time></rtept><rtept lat="37.641752" lon="-107.452065"><ele>3603.2</ele><time>2026-04-10T15:54:04Z</time></rtept><rtept lat="37.641621" lon="-107.451858"><ele>3607.6</ele><time>2026-04-10T15:54:04Z</time></rtept><rtept lat="37.641521" lon="-107.451701"><ele>3608.8</ele><time>2026-04-10T15:54:04Z</time></rtept><rtept lat="37.641433" lon="-107.451593"><ele>3611.2</ele><time>2026-04-10T15:54:04Z</time></rtept><rtept lat="37.641311" lon="-107.45129"><ele>3612.6</ele><time>2026-04-10T15:54:04Z</time></rtept><rtept lat="37.641238" lon="-107.451093"><ele>3614.4</ele><time>2026-04-10T15:54:04Z</time></rtept><rtept lat="37.641184" lon="-107.450897"><ele>3616.0</ele><time>2026-04-10T15:54:04Z</time></rtept><rtept lat="37.641135" lon="-107.450741"><ele>3618.6</ele><time>2026-04-10T15:54:04Z</time></rtept><rtept lat="37.641107" lon="-107.450578"><ele>3622.2</ele><time>2026-04-10T15:54:04Z</time></rtept><rtept lat="37.641079" lon="-107.450383"><ele>3623.2</ele><time>2026-04-10T15:54:04Z</time></rtept><rtept lat="37.641075" lon="-107.450254"><ele>3623.6</ele><time>2026-04-10T15:54:04Z</time></rtept><rtept lat="37.641104" lon="-107.450085"><ele>3624.8</ele><time>2026-04-10T15:54:04Z</time></rtept><rtept lat="37.641126" lon="-107.449972"><ele>3625.2</ele><time>2026-04-10T15:54:04Z</time></rtept><rtept lat="37.641179" lon="-107.449909"><ele>3625.8</ele><time>2026-04-10T15:54:04Z</time></rtept><rtept lat="37.641226" lon="-107.44983"><ele>3626.6</ele><time>2026-04-10T15:54:04Z</time></rtept><rtept lat="37.64126" lon="-107.449693"><ele>3627.2</ele><time>2026-04-10T15:54:04Z</time></rtept><rtept lat="37.641302" lon="-107.449516"><ele>3628.4</ele><time>2026-04-10T15:54:04Z</time></rtept><rtept lat="37.64134" lon="-107.449356"><ele>3629.4</ele><time>2026-04-10T15:54:04Z</time></rtept><rtept lat="37.641356" lon="-107.449113"><ele>3631.6</ele><time>2026-04-10T15:54:04Z</time></rtept><rtept lat="37.641336" lon="-107.448902"><ele>3632.2</ele><time>2026-04-10T15:54:04Z</time></rtept><rtept lat="37.641256" lon="-107.448697"><ele>3633.4</ele><time>2026-04-10T15:54:04Z</time></rtept><rtept lat="37.641187" lon="-107.448558"><ele>3634.2</ele><time>2026-04-10T15:54:04Z</time></rtept><rtept lat="37.6411" lon="-107.448401"><ele>3635.0</ele><time>2026-04-10T15:54:04Z</time></rtept><rtept lat="37.640982" lon="-107.448227"><ele>3634.0</ele><time>2026-04-10T15:54:04Z</time></rtept><rtept lat="37.640839" lon="-107.447971"><ele>3634.0</ele><time>2026-04-10T15:54:04Z</time></rtept><rtept lat="37.640739" lon="-107.447782"><ele>3636.8</ele><time>2026-04-10T15:54:04Z</time></rtept><rtept lat="37.640621" lon="-107.447624"><ele>3639.6</ele><time>2026-04-10T15:54:04Z</time></rtept><rtept lat="37.640497" lon="-107.447386"><ele>3643.4</ele><time>2026-04-10T15:54:04Z</time></rtept><rtept lat="37.640397" lon="-107.447244"><ele>3643.4</ele><time>2026-04-10T15:54:04Z</time></rtept><rtept lat="37.640291" lon="-107.447111"><ele>3646.4</ele><time>2026-04-10T15:54:04Z</time></rtept><rtept lat="37.640197" lon="-107.446995"><ele>3647.2</ele><time>2026-04-10T15:54:04Z</time></rtept><rtept lat="37.640104" lon="-107.446814"><ele>3649.4</ele><time>2026-04-10T15:54:04Z</time></rtept><rtept lat="37.640018" lon="-107.446601"><ele>3652.2</ele><time>2026-04-10T15:54:04Z</time></rtept><rtept lat="37.639925" lon="-107.446395"><ele>3653.2</ele><time>2026-04-10T15:54:04Z</time></rtept><rtept lat="37.639898" lon="-107.4462"><ele>3655.2</ele><time>2026-04-10T15:54:04Z</time></rtept><rtept lat="37.639881" lon="-107.446054"><ele>3655.8</ele><time>2026-04-10T15:54:04Z</time></rtept><rtept lat="37.639883" lon="-107.445932"><ele>3656.8</ele><time>2026-04-10T15:54:04Z</time></rtept><rtept lat="37.639868" lon="-107.445811"><ele>3657.2</ele><time>2026-04-10T15:54:04Z</time></rtept><rtept lat="37.639812" lon="-107.445647"><ele>3657.6</ele><time>2026-04-10T15:54:04Z</time></rtept><rtept lat="37.639764" lon="-107.445475"><ele>3657.4</ele><time>2026-04-10T15:54:04Z</time></rtept><rtept lat="37.639728" lon="-107.445369"><ele>3657.6</ele><time>2026-04-10T15:54:04Z</time></rtept><rtept lat="37.639711" lon="-107.445222"><ele>3656.4</ele><time>2026-04-10T15:54:04Z</time></rtept><rtept lat="37.639728" lon="-107.445061"><ele>3657.0</ele><time>2026-04-10T15:54:04Z</time></rtept><rtept lat="37.63975" lon="-107.444981"><ele>3655.4</ele><time>2026-04-10T15:54:04Z</time></rtept><rtept lat="37.639803" lon="-107.444934"><ele>3656.8</ele><time>2026-04-10T15:54:04Z</time></rtept><rtept lat="37.639911" lon="-107.444897"><ele>3655.6</ele><time>2026-04-10T15:54:04Z</time></rtept><rtept lat="37.640023" lon="-107.444844"><ele>3657.0</ele><time>2026-04-10T15:54:04Z</time></rtept><rtept lat="37.640121" lon="-107.444799"><ele>3655.8</ele><time>2026-04-10T15:54:04Z</time></rtept><rtept lat="37.640185" lon="-107.44472"><ele>3654.8</ele><time>2026-04-10T15:54:04Z</time></rtept><rtept lat="37.640206" lon="-107.44468"><ele>3655.4</ele><time>2026-04-10T15:54:04Z</time></rtept><rtept lat="37.640194" lon="-107.444607"><ele>3653.6</ele><time>2026-04-10T15:54:04Z</time></rtept><rtept lat="37.640209" lon="-107.444543"><ele>3654.8</ele><time>2026-04-10T15:54:04Z</time></rtept><rtept lat="37.640228" lon="-107.444503"><ele>3654.8</ele><time>2026-04-10T15:54:04Z</time></rtept><rtept lat="37.640236" lon="-107.444438"><ele>3655.0</ele><time>2026-04-10T15:54:04Z</time></rtept><rtept lat="37.640224" lon="-107.444365"><ele>3655.2</ele><time>2026-04-10T15:54:04Z</time></rtept><rtept lat="37.640181" lon="-107.444275"><ele>3652.2</ele><time>2026-04-10T15:54:04Z</time></rtept><rtept lat="37.640133" lon="-107.444192"><ele>3653.2</ele><time>2026-04-10T15:54:04Z</time></rtept><rtept lat="37.640102" lon="-107.444086"><ele>3651.2</ele><time>2026-04-10T15:54:04Z</time></rtept><rtept lat="37.640066" lon="-107.443971"><ele>3653.8</ele><time>2026-04-10T15:54:04Z</time></rtept><rtept lat="37.640029" lon="-107.443881"><ele>3652.2</ele><time>2026-04-10T15:54:04Z</time></rtept><rtept lat="37.639934" lon="-107.443789"><ele>3650.8</ele><time>2026-04-10T15:54:04Z</time></rtept><rtept lat="37.639866" lon="-107.443706"><ele>3649.8</ele><time>2026-04-10T15:54:04Z</time></rtept><rtept lat="37.639796" lon="-107.443606"><ele>3648.8</ele><time>2026-04-10T15:54:04Z</time></rtept><rtept lat="37.639722" lon="-107.443466"><ele>3646.8</ele><time>2026-04-10T15:54:04Z</time></rtept><rtept lat="37.639711" lon="-107.443361"><ele>3648.2</ele><time>2026-04-10T15:54:04Z</time></rtept><rtept lat="37.639713" lon="-107.443264"><ele>3648.6</ele><time>2026-04-10T15:54:04Z</time></rtept><rtept lat="37.639704" lon="-107.443174"><ele>3649.0</ele><time>2026-04-10T15:54:04Z</time></rtept><rtept lat="37.639661" lon="-107.443076"><ele>3649.6</ele><time>2026-04-10T15:54:04Z</time></rtept><rtept lat="37.639598" lon="-107.442944"><ele>3648.8</ele><time>2026-04-10T15:54:04Z</time></rtept><rtept lat="37.639504" lon="-107.442803"><ele>3648.0</ele><time>2026-04-10T15:54:04Z</time></rtept><rtept lat="37.639399" lon="-107.442679"><ele>3648.2</ele><time>2026-04-10T15:54:04Z</time></rtept><rtept lat="37.639315" lon="-107.442595"><ele>3648.0</ele><time>2026-04-10T15:54:04Z</time></rtept><rtept lat="37.639203" lon="-107.442445"><ele>3648.0</ele><time>2026-04-10T15:54:04Z</time></rtept><rtept lat="37.639102" lon="-107.442321"><ele>3647.8</ele><time>2026-04-10T15:54:04Z</time></rtept><rtept lat="37.638989" lon="-107.442204"><ele>3647.6</ele><time>2026-04-10T15:54:04Z</time></rtept><rtept lat="37.638926" lon="-107.442121"><ele>3647.6</ele><time>2026-04-10T15:54:04Z</time></rtept><rtept lat="37.638838" lon="-107.442021"><ele>3648.2</ele><time>2026-04-10T15:54:04Z</time></rtept><rtept lat="37.638776" lon="-107.441938"><ele>3648.0</ele><time>2026-04-10T15:54:04Z</time></rtept><rtept lat="37.638699" lon="-107.441862"><ele>3650.2</ele><time>2026-04-10T15:54:04Z</time></rtept><rtept lat="37.638651" lon="-107.441788"><ele>3650.0</ele><time>2026-04-10T15:54:04Z</time></rtept><rtept lat="37.638607" lon="-107.441722"><ele>3652.0</ele><time>2026-04-10T15:54:04Z</time></rtept><rtept lat="37.638559" lon="-107.441583"><ele>3654.4</ele><time>2026-04-10T15:54:04Z</time></rtept><rtept lat="37.638547" lon="-107.441501"><ele>3655.0</ele><time>2026-04-10T15:54:04Z</time></rtept><rtept lat="37.638582" lon="-107.441332"><ele>3652.4</ele><time>2026-04-10T15:54:04Z</time></rtept><rtept lat="37.638599" lon="-107.441155"><ele>3653.0</ele><time>2026-04-10T15:54:04Z</time></rtept><rtept lat="37.638608" lon="-107.441034"><ele>3656.0</ele><time>2026-04-10T15:54:04Z</time></rtept><rtept lat="37.638635" lon="-107.440929"><ele>3657.8</ele><time>2026-04-10T15:54:04Z</time></rtept><rtept lat="37.638696" lon="-107.440794"><ele>3660.6</ele><time>2026-04-10T15:54:04Z</time></rtept><rtept lat="37.638706" lon="-107.440648"><ele>3661.0</ele><time>2026-04-10T15:54:04Z</time></rtept><rtept lat="37.63874" lon="-107.440553"><ele>3661.8</ele><time>2026-04-10T15:54:04Z</time></rtept><rtept lat="37.638775" lon="-107.4404"><ele>3660.6</ele><time>2026-04-10T15:54:04Z</time></rtept><rtept lat="37.638798" lon="-107.440263"><ele>3660.4</ele><time>2026-04-10T15:54:04Z</time></rtept><rtept lat="37.638814" lon="-107.440134"><ele>3660.2</ele><time>2026-04-10T15:54:04Z</time></rtept><rtept lat="37.638833" lon="-107.440062"><ele>3659.8</ele><time>2026-04-10T15:54:04Z</time></rtept><rtept lat="37.638819" lon="-107.439899"><ele>3659.4</ele><time>2026-04-10T15:54:04Z</time></rtept><rtept lat="37.638796" lon="-107.439712"><ele>3659.0</ele><time>2026-04-10T15:54:04Z</time></rtept><rtept lat="37.638789" lon="-107.439502"><ele>3658.0</ele><time>2026-04-10T15:54:04Z</time></rtept><rtept lat="37.63874" lon="-107.439354"><ele>3661.0</ele><time>2026-04-10T15:54:04Z</time></rtept><rtept lat="37.63873" lon="-107.439176"><ele>3659.6</ele><time>2026-04-10T15:54:04Z</time></rtept><rtept lat="37.638733" lon="-107.439046"><ele>3658.0</ele><time>2026-04-10T15:54:04Z</time></rtept><rtept lat="37.638711" lon="-107.4389"><ele>3656.8</ele><time>2026-04-10T15:54:04Z</time></rtept><rtept lat="37.638688" lon="-107.438713"><ele>3658.0</ele><time>2026-04-10T15:54:04Z</time></rtept><rtept lat="37.63869" lon="-107.438584"><ele>3657.0</ele><time>2026-04-10T15:54:04Z</time></rtept><rtept lat="37.638675" lon="-107.438462"><ele>3654.8</ele><time>2026-04-10T15:54:04Z</time></rtept><rtept lat="37.638665" lon="-107.438283"><ele>3652.6</ele><time>2026-04-10T15:54:04Z</time></rtept><rtept lat="37.638642" lon="-107.438088"><ele>3650.4</ele><time>2026-04-10T15:54:04Z</time></rtept><rtept lat="37.63864" lon="-107.437967"><ele>3649.0</ele><time>2026-04-10T15:54:04Z</time></rtept><rtept lat="37.638622" lon="-107.437877"><ele>3648.6</ele><time>2026-04-10T15:54:04Z</time></rtept><rtept lat="37.638594" lon="-107.437714"><ele>3647.4</ele><time>2026-04-10T15:54:04Z</time></rtept><rtept lat="37.638562" lon="-107.437608"><ele>3646.4</ele><time>2026-04-10T15:54:04Z</time></rtept><rtept lat="37.638533" lon="-107.437494"><ele>3644.8</ele><time>2026-04-10T15:54:04Z</time></rtept><rtept lat="37.638517" lon="-107.437364"><ele>3643.4</ele><time>2026-04-10T15:54:04Z</time></rtept><rtept lat="37.638783" lon="-107.437308"><ele>3633.6</ele><time>2026-04-10T15:54:04Z</time></rtept><rtept lat="37.638971" lon="-107.437269"><ele>3627.2</ele><time>2026-04-10T15:54:04Z</time></rtept></rte></gpx>