<?xml version="1.0" ?><gpx xmlns="http://www.topografix.com/GPX/1/1" creator="GaiaGPS" version="1.1" xmlns:xsi="http://www.w3.org/2001/XMLSchema-instance" xsi:schemaLocation="http://www.topografix.com/GPX/1/1 http://www.topografix.com/GPX/1/1/gpx.xsd"><rte><name>TD20:S5:D3 Ute Lake to Grizzly Lake</name><desc></desc><extensions><line xmlns="http://www.topografix.com/GPX/gpx_style/0/2"><color>0479FF</color></line></extensions><rtept lat="37.638452" lon="-107.437098"><ele>3639.5</ele><time>2026-04-12T16:21:27Z</time></rtept><rtept lat="37.638416" lon="-107.437118"><ele>3640.69921875</ele><time>2026-04-12T16:21:27Z</time></rtept><rtept lat="37.638399" lon="-107.437068"><ele>3640.5</ele><time>2026-04-12T16:21:27Z</time></rtept><rtept lat="37.638333" lon="-107.436913"><ele>3640.0</ele><time>2026-04-12T16:21:27Z</time></rtept><rtept lat="37.638285" lon="-107.436733"><ele>3637.59765625</ele><time>2026-04-12T16:21:27Z</time></rtept><rtept lat="37.638257" lon="-107.436562"><ele>3637.296875</ele><time>2026-04-12T16:21:27Z</time></rtept><rtept lat="37.638232" lon="-107.436464"><ele>3638.19921875</ele><time>2026-04-12T16:21:27Z</time></rtept><rtept lat="37.63815" lon="-107.436372"><ele>3638.796875</ele><time>2026-04-12T16:21:27Z</time></rtept><rtept lat="37.638089" lon="-107.436297"><ele>3638.09765625</ele><time>2026-04-12T16:21:27Z</time></rtept><rtept lat="37.638013" lon="-107.436166"><ele>3636.3984375</ele><time>2026-04-12T16:21:27Z</time></rtept><rtept lat="37.637962" lon="-107.436131"><ele>3635.59765625</ele><time>2026-04-12T16:21:27Z</time></rtept><rtept lat="37.637856" lon="-107.436031"><ele>3634.8984375</ele><time>2026-04-12T16:21:27Z</time></rtept><rtept lat="37.637825" lon="-107.435965"><ele>3634.796875</ele><time>2026-04-12T16:21:27Z</time></rtept><rtept lat="37.637794" lon="-107.435859"><ele>3634.59765625</ele><time>2026-04-12T16:21:27Z</time></rtept><rtept lat="37.637764" lon="-107.435769"><ele>3634.69921875</ele><time>2026-04-12T16:21:27Z</time></rtept><rtept lat="37.637708" lon="-107.435662"><ele>3634.8984375</ele><time>2026-04-12T16:21:27Z</time></rtept><rtept lat="37.637639" lon="-107.435627"><ele>3634.69921875</ele><time>2026-04-12T16:21:27Z</time></rtept><rtept lat="37.637549" lon="-107.435583"><ele>3634.59765625</ele><time>2026-04-12T16:21:27Z</time></rtept><rtept lat="37.637433" lon="-107.435548"><ele>3634.296875</ele><time>2026-04-12T16:21:27Z</time></rtept><rtept lat="37.637314" lon="-107.43543"><ele>3634.19921875</ele><time>2026-04-12T16:21:27Z</time></rtept><rtept lat="37.637211" lon="-107.435378"><ele>3633.69921875</ele><time>2026-04-12T16:21:27Z</time></rtept><rtept lat="37.637072" lon="-107.435252"><ele>3633.0</ele><time>2026-04-12T16:21:27Z</time></rtept><rtept lat="37.636991" lon="-107.435145"><ele>3632.59765625</ele><time>2026-04-12T16:21:27Z</time></rtept><rtept lat="37.63691" lon="-107.434996"><ele>3632.09765625</ele><time>2026-04-12T16:21:27Z</time></rtept><rtept lat="37.636558" lon="-107.434717"><ele>3628.5</ele><time>2026-04-12T16:21:27Z</time></rtept><rtept lat="37.636428" lon="-107.434523"><ele>3626.19921875</ele><time>2026-04-12T16:21:27Z</time></rtept><rtept lat="37.636437" lon="-107.433901"><ele>3625.296875</ele><time>2026-04-12T16:21:27Z</time></rtept><rtept lat="37.6364" lon="-107.433385"><ele>3626.19921875</ele><time>2026-04-12T16:21:27Z</time></rtept><rtept lat="37.636301" lon="-107.432563"><ele>3630.3984375</ele><time>2026-04-12T16:21:27Z</time></rtept><rtept lat="37.636295" lon="-107.432397"><ele>3631.59765625</ele><time>2026-04-12T16:21:27Z</time></rtept><rtept lat="37.63632" lon="-107.432054"><ele>3633.796875</ele><time>2026-04-12T16:21:27Z</time></rtept><rtept lat="37.636322" lon="-107.431947"><ele>3634.5</ele><time>2026-04-12T16:21:27Z</time></rtept><rtept lat="37.636323" lon="-107.431888"><ele>3634.5</ele><time>2026-04-12T16:21:27Z</time></rtept><rtept lat="37.636316" lon="-107.431828"><ele>3634.59765625</ele><time>2026-04-12T16:21:27Z</time></rtept><rtept lat="37.636307" lon="-107.431816"><ele>3634.69921875</ele><time>2026-04-12T16:21:27Z</time></rtept><rtept lat="37.63628" lon="-107.431803"><ele>3634.796875</ele><time>2026-04-12T16:21:27Z</time></rtept><rtept lat="37.636155" lon="-107.431856"><ele>3635.69921875</ele><time>2026-04-12T16:21:27Z</time></rtept><rtept lat="37.636102" lon="-107.431691"><ele>3636.59765625</ele><time>2026-04-12T16:21:27Z</time></rtept><rtept lat="37.63605" lon="-107.431511"><ele>3638.0</ele><time>2026-04-12T16:21:27Z</time></rtept><rtept lat="37.635994" lon="-107.43146"><ele>3639.19921875</ele><time>2026-04-12T16:21:27Z</time></rtept><rtept lat="37.635957" lon="-107.431425"><ele>3639.8984375</ele><time>2026-04-12T16:21:27Z</time></rtept><rtept lat="37.635884" lon="-107.431352"><ele>3641.69921875</ele><time>2026-04-12T16:21:27Z</time></rtept><rtept lat="37.635763" lon="-107.431218"><ele>3644.8984375</ele><time>2026-04-12T16:21:27Z</time></rtept><rtept lat="37.635682" lon="-107.431066"><ele>3646.8984375</ele><time>2026-04-12T16:21:27Z</time></rtept><rtept lat="37.635602" lon="-107.430933"><ele>3647.5</ele><time>2026-04-12T16:21:27Z</time></rtept><rtept lat="37.635539" lon="-107.430863"><ele>3648.59765625</ele><time>2026-04-12T16:21:27Z</time></rtept><rtept lat="37.635477" lon="-107.430704"><ele>3652.09765625</ele><time>2026-04-12T16:21:27Z</time></rtept><rtept lat="37.635449" lon="-107.430604"><ele>3653.59765625</ele><time>2026-04-12T16:21:27Z</time></rtept><rtept lat="37.63537" lon="-107.430496"><ele>3655.09765625</ele><time>2026-04-12T16:21:27Z</time></rtept><rtept lat="37.635326" lon="-107.430388"><ele>3657.0</ele><time>2026-04-12T16:21:27Z</time></rtept><rtept lat="37.635226" lon="-107.430233"><ele>3660.0</ele><time>2026-04-12T16:21:27Z</time></rtept><rtept lat="37.635104" lon="-107.43013"><ele>3661.796875</ele><time>2026-04-12T16:21:27Z</time></rtept><rtept lat="37.635042" lon="-107.4301"><ele>3662.5</ele><time>2026-04-12T16:21:27Z</time></rtept><rtept lat="37.634998" lon="-107.430101"><ele>3662.69921875</ele><time>2026-04-12T16:21:27Z</time></rtept><rtept lat="37.63492" lon="-107.430128"><ele>3662.5</ele><time>2026-04-12T16:21:27Z</time></rtept><rtept lat="37.634872" lon="-107.430157"><ele>3661.8984375</ele><time>2026-04-12T16:21:27Z</time></rtept><rtept lat="37.634843" lon="-107.430165"><ele>3662.09765625</ele><time>2026-04-12T16:21:27Z</time></rtept><rtept lat="37.634829" lon="-107.430164"><ele>3662.5</ele><time>2026-04-12T16:21:27Z</time></rtept><rtept lat="37.634816" lon="-107.430155"><ele>3662.69921875</ele><time>2026-04-12T16:21:27Z</time></rtept><rtept lat="37.634807" lon="-107.430137"><ele>3663.3984375</ele><time>2026-04-12T16:21:27Z</time></rtept><rtept lat="37.634838" lon="-107.430085"><ele>3664.09765625</ele><time>2026-04-12T16:21:27Z</time></rtept><rtept lat="37.634858" lon="-107.430076"><ele>3664.0</ele><time>2026-04-12T16:21:27Z</time></rtept><rtept lat="37.634875" lon="-107.430032"><ele>3665.09765625</ele><time>2026-04-12T16:21:27Z</time></rtept><rtept lat="37.634877" lon="-107.429944"><ele>3666.5</ele><time>2026-04-12T16:21:27Z</time></rtept><rtept lat="37.634871" lon="-107.429872"><ele>3667.296875</ele><time>2026-04-12T16:21:27Z</time></rtept><rtept lat="37.634851" lon="-107.429791"><ele>3668.3984375</ele><time>2026-04-12T16:21:27Z</time></rtept><rtept lat="37.634825" lon="-107.429711"><ele>3669.5</ele><time>2026-04-12T16:21:27Z</time></rtept><rtept lat="37.634778" lon="-107.429576"><ele>3670.19921875</ele><time>2026-04-12T16:21:27Z</time></rtept><rtept lat="37.634746" lon="-107.429521"><ele>3670.5</ele><time>2026-04-12T16:21:27Z</time></rtept><rtept lat="37.634696" lon="-107.429431"><ele>3670.69921875</ele><time>2026-04-12T16:21:27Z</time></rtept><rtept lat="37.634648" lon="-107.42934"><ele>3671.69921875</ele><time>2026-04-12T16:21:27Z</time></rtept><rtept lat="37.634581" lon="-107.429231"><ele>3672.59765625</ele><time>2026-04-12T16:21:27Z</time></rtept><rtept lat="37.63451" lon="-107.429158"><ele>3673.8984375</ele><time>2026-04-12T16:21:27Z</time></rtept><rtept lat="37.634462" lon="-107.429103"><ele>3675.5</ele><time>2026-04-12T16:21:27Z</time></rtept><rtept lat="37.634399" lon="-107.429057"><ele>3676.5</ele><time>2026-04-12T16:21:27Z</time></rtept><rtept lat="37.634351" lon="-107.428984"><ele>3677.8984375</ele><time>2026-04-12T16:21:27Z</time></rtept><rtept lat="37.63431" lon="-107.428894"><ele>3679.0</ele><time>2026-04-12T16:21:27Z</time></rtept><rtept lat="37.634285" lon="-107.428813"><ele>3680.09765625</ele><time>2026-04-12T16:21:27Z</time></rtept><rtept lat="37.63425" lon="-107.42874"><ele>3681.0</ele><time>2026-04-12T16:21:27Z</time></rtept><rtept lat="37.634209" lon="-107.428695"><ele>3681.5</ele><time>2026-04-12T16:21:27Z</time></rtept><rtept lat="37.634124" lon="-107.428639"><ele>3682.0</ele><time>2026-04-12T16:21:27Z</time></rtept><rtept lat="37.63402" lon="-107.428537"><ele>3682.3984375</ele><time>2026-04-12T16:21:27Z</time></rtept><rtept lat="37.63394" lon="-107.428392"><ele>3682.59765625</ele><time>2026-04-12T16:21:27Z</time></rtept><rtept lat="37.633871" lon="-107.428266"><ele>3683.09765625</ele><time>2026-04-12T16:21:27Z</time></rtept><rtept lat="37.633824" lon="-107.428113"><ele>3684.3984375</ele><time>2026-04-12T16:21:27Z</time></rtept><rtept lat="37.633813" lon="-107.428006"><ele>3685.796875</ele><time>2026-04-12T16:21:27Z</time></rtept><rtept lat="37.633796" lon="-107.427845"><ele>3688.69921875</ele><time>2026-04-12T16:21:27Z</time></rtept><rtept lat="37.633783" lon="-107.427703"><ele>3691.3984375</ele><time>2026-04-12T16:21:27Z</time></rtept><rtept lat="37.633794" lon="-107.427612"><ele>3693.69921875</ele><time>2026-04-12T16:21:27Z</time></rtept><rtept lat="37.633794" lon="-107.427609"><ele>3693.69921875</ele><time>2026-04-12T16:21:27Z</time></rtept><rtept lat="37.633802" lon="-107.427525"><ele>3695.8984375</ele><time>2026-04-12T16:21:27Z</time></rtept><rtept lat="37.633761" lon="-107.427444"><ele>3697.0</ele><time>2026-04-12T16:21:27Z</time></rtept><rtept lat="37.633686" lon="-107.427282"><ele>3699.796875</ele><time>2026-04-12T16:21:27Z</time></rtept><rtept lat="37.633617" lon="-107.427226"><ele>3699.5</ele><time>2026-04-12T16:21:27Z</time></rtept><rtept lat="37.633512" lon="-107.42716"><ele>3699.3984375</ele><time>2026-04-12T16:21:27Z</time></rtept><rtept lat="37.633504" lon="-107.427153"><ele>3699.5</ele><time>2026-04-12T16:21:27Z</time></rtept><rtept lat="37.633422" lon="-107.427077"><ele>3700.0</ele><time>2026-04-12T16:21:27Z</time></rtept><rtept lat="37.633381" lon="-107.426961"><ele>3703.09765625</ele><time>2026-04-12T16:21:27Z</time></rtept><rtept lat="37.633308" lon="-107.426789"><ele>3704.796875</ele><time>2026-04-12T16:21:27Z</time></rtept><rtept lat="37.633253" lon="-107.426636"><ele>3706.296875</ele><time>2026-04-12T16:21:27Z</time></rtept><rtept lat="37.633221" lon="-107.426528"><ele>3707.296875</ele><time>2026-04-12T16:21:27Z</time></rtept><rtept lat="37.633203" lon="-107.426341"><ele>3709.59765625</ele><time>2026-04-12T16:21:27Z</time></rtept><rtept lat="37.633227" lon="-107.426235"><ele>3711.3984375</ele><time>2026-04-12T16:21:27Z</time></rtept><rtept lat="37.633266" lon="-107.426097"><ele>3713.796875</ele><time>2026-04-12T16:21:27Z</time></rtept><rtept lat="37.633273" lon="-107.426077"><ele>3713.796875</ele><time>2026-04-12T16:21:27Z</time></rtept><rtept lat="37.633316" lon="-107.425998"><ele>3715.8984375</ele><time>2026-04-12T16:21:27Z</time></rtept><rtept lat="37.633366" lon="-107.425946"><ele>3717.8984375</ele><time>2026-04-12T16:21:27Z</time></rtept><rtept lat="37.633404" lon="-107.425885"><ele>3719.19921875</ele><time>2026-04-12T16:21:27Z</time></rtept><rtept lat="37.633424" lon="-107.425753"><ele>3719.296875</ele><time>2026-04-12T16:21:27Z</time></rtept><rtept lat="37.633447" lon="-107.425683"><ele>3719.59765625</ele><time>2026-04-12T16:21:27Z</time></rtept><rtept lat="37.633507" lon="-107.425684"><ele>3721.69921875</ele><time>2026-04-12T16:21:27Z</time></rtept><rtept lat="37.633558" lon="-107.425812"><ele>3724.3984375</ele><time>2026-04-12T16:21:27Z</time></rtept><rtept lat="37.633642" lon="-107.425915"><ele>3726.69921875</ele><time>2026-04-12T16:21:27Z</time></rtept><rtept lat="37.633656" lon="-107.426009"><ele>3727.19921875</ele><time>2026-04-12T16:21:27Z</time></rtept><rtept lat="37.633679" lon="-107.426053"><ele>3727.796875</ele><time>2026-04-12T16:21:27Z</time></rtept><rtept lat="37.63369" lon="-107.426072"><ele>3728.09765625</ele><time>2026-04-12T16:21:27Z</time></rtept><rtept lat="37.633739" lon="-107.426127"><ele>3729.5</ele><time>2026-04-12T16:21:27Z</time></rtept><rtept lat="37.633788" lon="-107.426146"><ele>3730.5</ele><time>2026-04-12T16:21:27Z</time></rtept><rtept lat="37.633888" lon="-107.426123"><ele>3732.8984375</ele><time>2026-04-12T16:21:27Z</time></rtept><rtept lat="37.634022" lon="-107.426065"><ele>3736.0</ele><time>2026-04-12T16:21:27Z</time></rtept><rtept lat="37.634108" lon="-107.426033"><ele>3738.0</ele><time>2026-04-12T16:21:27Z</time></rtept><rtept lat="37.634222" lon="-107.425965"><ele>3740.296875</ele><time>2026-04-12T16:21:27Z</time></rtept><rtept lat="37.634286" lon="-107.425905"><ele>3741.69921875</ele><time>2026-04-12T16:21:27Z</time></rtept><rtept lat="37.634336" lon="-107.42588"><ele>3742.5</ele><time>2026-04-12T16:21:27Z</time></rtept><rtept lat="37.634429" lon="-107.425856"><ele>3743.8984375</ele><time>2026-04-12T16:21:27Z</time></rtept><rtept lat="37.634504" lon="-107.4259"><ele>3745.09765625</ele><time>2026-04-12T16:21:27Z</time></rtept><rtept lat="37.634575" lon="-107.425927"><ele>3746.59765625</ele><time>2026-04-12T16:21:27Z</time></rtept><rtept lat="37.634662" lon="-107.425908"><ele>3748.796875</ele><time>2026-04-12T16:21:27Z</time></rtept><rtept lat="37.634705" lon="-107.425857"><ele>3749.59765625</ele><time>2026-04-12T16:21:27Z</time></rtept><rtept lat="37.634741" lon="-107.425799"><ele>3751.296875</ele><time>2026-04-12T16:21:27Z</time></rtept><rtept lat="37.634731" lon="-107.425667"><ele>3754.09765625</ele><time>2026-04-12T16:21:27Z</time></rtept><rtept lat="37.634654" lon="-107.425544"><ele>3754.796875</ele><time>2026-04-12T16:21:27Z</time></rtept><rtept lat="37.634537" lon="-107.425458"><ele>3754.796875</ele><time>2026-04-12T16:21:27Z</time></rtept><rtept lat="37.634233" lon="-107.425208"><ele>3754.0</ele><time>2026-04-12T16:21:27Z</time></rtept><rtept lat="37.63472" lon="-107.425163"><ele>3768.19921875</ele><time>2026-04-12T16:21:27Z</time></rtept><rtept lat="37.634898" lon="-107.425023"><ele>3770.69921875</ele><time>2026-04-12T16:21:27Z</time></rtept><rtept lat="37.635013" lon="-107.42497"><ele>3772.59765625</ele><time>2026-04-12T16:21:27Z</time></rtept><rtept lat="37.635128" lon="-107.424819"><ele>3774.796875</ele><time>2026-04-12T16:21:27Z</time></rtept><rtept lat="37.63514" lon="-107.424803"><ele>3775.0</ele><time>2026-04-12T16:21:27Z</time></rtept><rtept lat="37.635372" lon="-107.424937"><ele>3779.5</ele><time>2026-04-12T16:21:27Z</time></rtept><rtept lat="37.635458" lon="-107.425013"><ele>3781.69921875</ele><time>2026-04-12T16:21:27Z</time></rtept><rtept lat="37.635602" lon="-107.425144"><ele>3783.69921875</ele><time>2026-04-12T16:21:27Z</time></rtept><rtept lat="37.635655" lon="-107.425197"><ele>3783.296875</ele><time>2026-04-12T16:21:27Z</time></rtept><rtept lat="37.635735" lon="-107.425237"><ele>3783.796875</ele><time>2026-04-12T16:21:27Z</time></rtept><rtept lat="37.6358" lon="-107.425276"><ele>3785.19921875</ele><time>2026-04-12T16:21:27Z</time></rtept><rtept lat="37.635868" lon="-107.425337"><ele>3787.19921875</ele><time>2026-04-12T16:21:27Z</time></rtept><rtept lat="37.635962" lon="-107.4254"><ele>3789.3984375</ele><time>2026-04-12T16:21:27Z</time></rtept><rtept lat="37.636077" lon="-107.42547"><ele>3787.296875</ele><time>2026-04-12T16:21:27Z</time></rtept><rtept lat="37.636164" lon="-107.42551"><ele>3785.69921875</ele><time>2026-04-12T16:21:27Z</time></rtept><rtept lat="37.6363" lon="-107.425477"><ele>3784.59765625</ele><time>2026-04-12T16:21:27Z</time></rtept><rtept lat="37.636377" lon="-107.425465"><ele>3783.796875</ele><time>2026-04-12T16:21:27Z</time></rtept><rtept lat="37.636453" lon="-107.425467"><ele>3783.0</ele><time>2026-04-12T16:21:27Z</time></rtept><rtept lat="37.636627" lon="-107.425409"><ele>3779.69921875</ele><time>2026-04-12T16:21:27Z</time></rtept><rtept lat="37.636765" lon="-107.425448"><ele>3778.796875</ele><time>2026-04-12T16:21:27Z</time></rtept><rtept lat="37.636865" lon="-107.425493"><ele>3778.296875</ele><time>2026-04-12T16:21:27Z</time></rtept><rtept lat="37.636888" lon="-107.425503"><ele>3778.296875</ele><time>2026-04-12T16:21:27Z</time></rtept><rtept lat="37.637038" lon="-107.425612"><ele>3779.09765625</ele><time>2026-04-12T16:21:27Z</time></rtept><rtept lat="37.637129" lon="-107.425689"><ele>3780.19921875</ele><time>2026-04-12T16:21:27Z</time></rtept><rtept lat="37.63723" lon="-107.425729"><ele>3780.19921875</ele><time>2026-04-12T16:21:27Z</time></rtept><rtept lat="37.637306" lon="-107.425746"><ele>3780.0</ele><time>2026-04-12T16:21:27Z</time></rtept><rtept lat="37.637422" lon="-107.425787"><ele>3780.19921875</ele><time>2026-04-12T16:21:27Z</time></rtept><rtept lat="37.637563" lon="-107.42585"><ele>3780.8984375</ele><time>2026-04-12T16:21:27Z</time></rtept><rtept lat="37.637666" lon="-107.425898"><ele>3782.69921875</ele><time>2026-04-12T16:21:27Z</time></rtept><rtept lat="37.637906" lon="-107.42604"><ele>3789.19921875</ele><time>2026-04-12T16:21:27Z</time></rtept><rtept lat="37.638187" lon="-107.426088"><ele>3788.69921875</ele><time>2026-04-12T16:21:27Z</time></rtept><rtept lat="37.63845" lon="-107.426126"><ele>3788.5</ele><time>2026-04-12T16:21:27Z</time></rtept><rtept lat="37.638754" lon="-107.426192"><ele>3790.296875</ele><time>2026-04-12T16:21:27Z</time></rtept><rtept lat="37.638906" lon="-107.426168"><ele>3786.796875</ele><time>2026-04-12T16:21:27Z</time></rtept><rtept lat="37.639073" lon="-107.426158"><ele>3784.796875</ele><time>2026-04-12T16:21:27Z</time></rtept><rtept lat="37.639183" lon="-107.426177"><ele>3786.59765625</ele><time>2026-04-12T16:21:27Z</time></rtept><rtept lat="37.639336" lon="-107.426174"><ele>3787.19921875</ele><time>2026-04-12T16:21:27Z</time></rtept><rtept lat="37.639519" lon="-107.426151"><ele>3787.09765625</ele><time>2026-04-12T16:21:27Z</time></rtept><rtept lat="37.639612" lon="-107.426154"><ele>3787.19921875</ele><time>2026-04-12T16:21:27Z</time></rtept><rtept lat="37.639694" lon="-107.426186"><ele>3788.09765625</ele><time>2026-04-12T16:21:27Z</time></rtept><rtept lat="37.639827" lon="-107.426279"><ele>3790.0</ele><time>2026-04-12T16:21:27Z</time></rtept><rtept lat="37.639997" lon="-107.426373"><ele>3791.0</ele><time>2026-04-12T16:21:27Z</time></rtept><rtept lat="37.640189" lon="-107.426461"><ele>3791.0</ele><time>2026-04-12T16:21:27Z</time></rtept><rtept lat="37.64034" lon="-107.426525"><ele>3790.8984375</ele><time>2026-04-12T16:21:27Z</time></rtept><rtept lat="37.640503" lon="-107.426641"><ele>3791.796875</ele><time>2026-04-12T16:21:27Z</time></rtept><rtept lat="37.640601" lon="-107.426696"><ele>3792.3984375</ele><time>2026-04-12T16:21:27Z</time></rtept><rtept lat="37.640705" lon="-107.426773"><ele>3793.19921875</ele><time>2026-04-12T16:21:27Z</time></rtept><rtept lat="37.64086" lon="-107.426882"><ele>3794.0</ele><time>2026-04-12T16:21:27Z</time></rtept><rtept lat="37.641007" lon="-107.426968"><ele>3794.3984375</ele><time>2026-04-12T16:21:27Z</time></rtept><rtept lat="37.641141" lon="-107.427024"><ele>3794.8984375</ele><time>2026-04-12T16:21:27Z</time></rtept><rtept lat="37.641243" lon="-107.427094"><ele>3795.69921875</ele><time>2026-04-12T16:21:27Z</time></rtept><rtept lat="37.641366" lon="-107.427149"><ele>3795.796875</ele><time>2026-04-12T16:21:27Z</time></rtept><rtept lat="37.641489" lon="-107.42719"><ele>3795.69921875</ele><time>2026-04-12T16:21:27Z</time></rtept><rtept lat="37.641612" lon="-107.427239"><ele>3796.09765625</ele><time>2026-04-12T16:21:27Z</time></rtept><rtept lat="37.641711" lon="-107.427257"><ele>3796.19921875</ele><time>2026-04-12T16:21:27Z</time></rtept><rtept lat="37.641817" lon="-107.42726"><ele>3795.796875</ele><time>2026-04-12T16:21:27Z</time></rtept><rtept lat="37.641911" lon="-107.427278"><ele>3795.69921875</ele><time>2026-04-12T16:21:27Z</time></rtept><rtept lat="37.641969" lon="-107.427302"><ele>3795.796875</ele><time>2026-04-12T16:21:27Z</time></rtept><rtept lat="37.642068" lon="-107.42732"><ele>3795.59765625</ele><time>2026-04-12T16:21:27Z</time></rtept><rtept lat="37.642185" lon="-107.427339"><ele>3796.59765625</ele><time>2026-04-12T16:21:27Z</time></rtept><rtept lat="37.642256" lon="-107.427348"><ele>3797.19921875</ele><time>2026-04-12T16:21:27Z</time></rtept><rtept lat="37.642381" lon="-107.4273"><ele>3796.8984375</ele><time>2026-04-12T16:21:27Z</time></rtept><rtept lat="37.642505" lon="-107.427223"><ele>3796.0</ele><time>2026-04-12T16:21:27Z</time></rtept><rtept lat="37.642631" lon="-107.427124"><ele>3794.69921875</ele><time>2026-04-12T16:21:27Z</time></rtept><rtept lat="37.64269" lon="-107.427075"><ele>3794.59765625</ele><time>2026-04-12T16:21:27Z</time></rtept><rtept lat="37.642732" lon="-107.427038"><ele>3794.19921875</ele><time>2026-04-12T16:21:27Z</time></rtept><rtept lat="37.642799" lon="-107.42696"><ele>3793.09765625</ele><time>2026-04-12T16:21:27Z</time></rtept><rtept lat="37.642869" lon="-107.426903"><ele>3792.69921875</ele><time>2026-04-12T16:21:27Z</time></rtept><rtept lat="37.642954" lon="-107.426861"><ele>3792.59765625</ele><time>2026-04-12T16:21:27Z</time></rtept><rtept lat="37.643042" lon="-107.426834"><ele>3792.5</ele><time>2026-04-12T16:21:27Z</time></rtept><rtept lat="37.643125" lon="-107.426845"><ele>3793.296875</ele><time>2026-04-12T16:21:27Z</time></rtept><rtept lat="37.643188" lon="-107.426861"><ele>3793.796875</ele><time>2026-04-12T16:21:27Z</time></rtept><rtept lat="37.643264" lon="-107.426901"><ele>3795.09765625</ele><time>2026-04-12T16:21:27Z</time></rtept><rtept lat="37.643369" lon="-107.426912"><ele>3795.796875</ele><time>2026-04-12T16:21:27Z</time></rtept><rtept lat="37.64344" lon="-107.426877"><ele>3795.296875</ele><time>2026-04-12T16:21:27Z</time></rtept><rtept lat="37.643513" lon="-107.426842"><ele>3794.69921875</ele><time>2026-04-12T16:21:27Z</time></rtept><rtept lat="37.643608" lon="-107.426794"><ele>3794.296875</ele><time>2026-04-12T16:21:27Z</time></rtept><rtept lat="37.64369" lon="-107.426774"><ele>3794.5</ele><time>2026-04-12T16:21:27Z</time></rtept><rtept lat="37.643756" lon="-107.426754"><ele>3794.3984375</ele><time>2026-04-12T16:21:27Z</time></rtept><rtept lat="37.643814" lon="-107.426749"><ele>3794.69921875</ele><time>2026-04-12T16:21:27Z</time></rtept><rtept lat="37.643891" lon="-107.426722"><ele>3794.5</ele><time>2026-04-12T16:21:27Z</time></rtept><rtept lat="37.64397" lon="-107.426643"><ele>3793.796875</ele><time>2026-04-12T16:21:27Z</time></rtept><rtept lat="37.64406" lon="-107.426535"><ele>3792.69921875</ele><time>2026-04-12T16:21:27Z</time></rtept><rtept lat="37.644142" lon="-107.426471"><ele>3792.69921875</ele><time>2026-04-12T16:21:27Z</time></rtept><rtept lat="37.644202" lon="-107.426429"><ele>3793.19921875</ele><time>2026-04-12T16:21:27Z</time></rtept><rtept lat="37.64425" lon="-107.426364"><ele>3793.09765625</ele><time>2026-04-12T16:21:27Z</time></rtept><rtept lat="37.644293" lon="-107.426277"><ele>3791.8984375</ele><time>2026-04-12T16:21:27Z</time></rtept><rtept lat="37.64432" lon="-107.426159"><ele>3789.59765625</ele><time>2026-04-12T16:21:27Z</time></rtept><rtept lat="37.644387" lon="-107.426043"><ele>3788.296875</ele><time>2026-04-12T16:21:27Z</time></rtept><rtept lat="37.644434" lon="-107.425956"><ele>3787.296875</ele><time>2026-04-12T16:21:27Z</time></rtept><rtept lat="37.644501" lon="-107.425892"><ele>3787.296875</ele><time>2026-04-12T16:21:27Z</time></rtept><rtept lat="37.644605" lon="-107.425792"><ele>3787.296875</ele><time>2026-04-12T16:21:27Z</time></rtept><rtept lat="37.644675" lon="-107.425742"><ele>3787.296875</ele><time>2026-04-12T16:21:27Z</time></rtept><rtept lat="37.644735" lon="-107.425685"><ele>3786.796875</ele><time>2026-04-12T16:21:27Z</time></rtept><rtept lat="37.644835" lon="-107.425658"><ele>3788.0</ele><time>2026-04-12T16:21:27Z</time></rtept><rtept lat="37.64497" lon="-107.425656"><ele>3790.19921875</ele><time>2026-04-12T16:21:27Z</time></rtept><rtept lat="37.645072" lon="-107.425644"><ele>3791.59765625</ele><time>2026-04-12T16:21:27Z</time></rtept><rtept lat="37.645171" lon="-107.42564"><ele>3793.09765625</ele><time>2026-04-12T16:21:27Z</time></rtept><rtept lat="37.645241" lon="-107.42562"><ele>3793.69921875</ele><time>2026-04-12T16:21:27Z</time></rtept><rtept lat="37.645308" lon="-107.42557"><ele>3795.3984375</ele><time>2026-04-12T16:21:27Z</time></rtept><rtept lat="37.645374" lon="-107.425491"><ele>3796.3984375</ele><time>2026-04-12T16:21:27Z</time></rtept><rtept lat="37.645435" lon="-107.425397"><ele>3796.8984375</ele><time>2026-04-12T16:21:27Z</time></rtept><rtept lat="37.645489" lon="-107.425281"><ele>3796.0</ele><time>2026-04-12T16:21:27Z</time></rtept><rtept lat="37.645546" lon="-107.425164"><ele>3793.8984375</ele><time>2026-04-12T16:21:27Z</time></rtept><rtept lat="37.645587" lon="-107.425099"><ele>3793.0</ele><time>2026-04-12T16:21:27Z</time></rtept><rtept lat="37.645637" lon="-107.425005"><ele>3791.796875</ele><time>2026-04-12T16:21:27Z</time></rtept><rtept lat="37.645662" lon="-107.424858"><ele>3789.19921875</ele><time>2026-04-12T16:21:27Z</time></rtept><rtept lat="37.645693" lon="-107.424763"><ele>3787.59765625</ele><time>2026-04-12T16:21:27Z</time></rtept><rtept lat="37.645713" lon="-107.424711"><ele>3786.8984375</ele><time>2026-04-12T16:21:27Z</time></rtept><rtept lat="37.645755" lon="-107.424639"><ele>3786.19921875</ele><time>2026-04-12T16:21:27Z</time></rtept><rtept lat="37.645832" lon="-107.424597"><ele>3786.296875</ele><time>2026-04-12T16:21:27Z</time></rtept><rtept lat="37.645887" lon="-107.424554"><ele>3786.0</ele><time>2026-04-12T16:21:27Z</time></rtept><rtept lat="37.64594" lon="-107.424483"><ele>3785.296875</ele><time>2026-04-12T16:21:27Z</time></rtept><rtept lat="37.645978" lon="-107.424388"><ele>3784.0</ele><time>2026-04-12T16:21:27Z</time></rtept><rtept lat="37.646061" lon="-107.424317"><ele>3784.09765625</ele><time>2026-04-12T16:21:27Z</time></rtept><rtept lat="37.646138" lon="-107.424267"><ele>3784.5</ele><time>2026-04-12T16:21:27Z</time></rtept><rtept lat="37.646223" lon="-107.424203"><ele>3784.296875</ele><time>2026-04-12T16:21:27Z</time></rtept><rtept lat="37.64629" lon="-107.424124"><ele>3784.09765625</ele><time>2026-04-12T16:21:27Z</time></rtept><rtept lat="37.646338" lon="-107.423993"><ele>3783.19921875</ele><time>2026-04-12T16:21:27Z</time></rtept><rtept lat="37.64637" lon="-107.423853"><ele>3782.19921875</ele><time>2026-04-12T16:21:27Z</time></rtept><rtept lat="37.646416" lon="-107.423715"><ele>3782.5</ele><time>2026-04-12T16:21:27Z</time></rtept><rtept lat="37.646459" lon="-107.423583"><ele>3782.19921875</ele><time>2026-04-12T16:21:27Z</time></rtept><rtept lat="37.646514" lon="-107.423444"><ele>3781.796875</ele><time>2026-04-12T16:21:27Z</time></rtept><rtept lat="37.646577" lon="-107.423343"><ele>3782.0</ele><time>2026-04-12T16:21:27Z</time></rtept><rtept lat="37.646613" lon="-107.423218"><ele>3780.796875</ele><time>2026-04-12T16:21:27Z</time></rtept><rtept lat="37.646652" lon="-107.423064"><ele>3779.296875</ele><time>2026-04-12T16:21:27Z</time></rtept><rtept lat="37.646744" lon="-107.422875"><ele>3779.59765625</ele><time>2026-04-12T16:21:27Z</time></rtept><rtept lat="37.646786" lon="-107.422818"><ele>3780.0</ele><time>2026-04-12T16:21:27Z</time></rtept><rtept lat="37.646833" lon="-107.422712"><ele>3780.19921875</ele><time>2026-04-12T16:21:27Z</time></rtept><rtept lat="37.646847" lon="-107.422679"><ele>3780.59765625</ele><time>2026-04-12T16:21:27Z</time></rtept><rtept lat="37.646876" lon="-107.4226"><ele>3780.59765625</ele><time>2026-04-12T16:21:27Z</time></rtept><rtept lat="37.646897" lon="-107.42254"><ele>3780.5</ele><time>2026-04-12T16:21:27Z</time></rtept><rtept lat="37.64694" lon="-107.422438"><ele>3780.0</ele><time>2026-04-12T16:21:27Z</time></rtept><rtept lat="37.647014" lon="-107.422359"><ele>3780.19921875</ele><time>2026-04-12T16:21:27Z</time></rtept><rtept lat="37.647054" lon="-107.422339"><ele>3780.5</ele><time>2026-04-12T16:21:27Z</time></rtept><rtept lat="37.647092" lon="-107.422273"><ele>3780.09765625</ele><time>2026-04-12T16:21:27Z</time></rtept><rtept lat="37.647098" lon="-107.422222"><ele>3779.59765625</ele><time>2026-04-12T16:21:27Z</time></rtept><rtept lat="37.647099" lon="-107.42214"><ele>3778.69921875</ele><time>2026-04-12T16:21:27Z</time></rtept><rtept lat="37.647131" lon="-107.422023"><ele>3778.09765625</ele><time>2026-04-12T16:21:27Z</time></rtept><rtept lat="37.647189" lon="-107.42184"><ele>3777.59765625</ele><time>2026-04-12T16:21:27Z</time></rtept><rtept lat="37.647239" lon="-107.421716"><ele>3777.5</ele><time>2026-04-12T16:21:27Z</time></rtept><rtept lat="37.647286" lon="-107.421585"><ele>3776.796875</ele><time>2026-04-12T16:21:27Z</time></rtept><rtept lat="37.647344" lon="-107.421409"><ele>3774.09765625</ele><time>2026-04-12T16:21:27Z</time></rtept><rtept lat="37.647399" lon="-107.421271"><ele>3773.3984375</ele><time>2026-04-12T16:21:27Z</time></rtept><rtept lat="37.647448" lon="-107.421183"><ele>3774.09765625</ele><time>2026-04-12T16:21:27Z</time></rtept><rtept lat="37.647466" lon="-107.421153"><ele>3774.59765625</ele><time>2026-04-12T16:21:27Z</time></rtept><rtept lat="37.647485" lon="-107.421118"><ele>3775.09765625</ele><time>2026-04-12T16:21:27Z</time></rtept><rtept lat="37.647517" lon="-107.420994"><ele>3775.09765625</ele><time>2026-04-12T16:21:27Z</time></rtept><rtept lat="37.647526" lon="-107.420891"><ele>3774.3984375</ele><time>2026-04-12T16:21:27Z</time></rtept><rtept lat="37.647539" lon="-107.420795"><ele>3773.59765625</ele><time>2026-04-12T16:21:27Z</time></rtept><rtept lat="37.647558" lon="-107.420729"><ele>3773.296875</ele><time>2026-04-12T16:21:27Z</time></rtept><rtept lat="37.647564" lon="-107.420655"><ele>3772.296875</ele><time>2026-04-12T16:21:27Z</time></rtept><rtept lat="37.647577" lon="-107.420589"><ele>3771.796875</ele><time>2026-04-12T16:21:27Z</time></rtept><rtept lat="37.647568" lon="-107.420485"><ele>3770.3984375</ele><time>2026-04-12T16:21:27Z</time></rtept><rtept lat="37.647565" lon="-107.420426"><ele>3769.8984375</ele><time>2026-04-12T16:21:27Z</time></rtept><rtept lat="37.647566" lon="-107.420367"><ele>3769.296875</ele><time>2026-04-12T16:21:27Z</time></rtept><rtept lat="37.647542" lon="-107.420307"><ele>3768.09765625</ele><time>2026-04-12T16:21:27Z</time></rtept><rtept lat="37.647514" lon="-107.420262"><ele>3767.09765625</ele><time>2026-04-12T16:21:27Z</time></rtept><rtept lat="37.647497" lon="-107.420232"><ele>3766.69921875</ele><time>2026-04-12T16:21:27Z</time></rtept><rtept lat="37.647493" lon="-107.420195"><ele>3766.3984375</ele><time>2026-04-12T16:21:27Z</time></rtept><rtept lat="37.647483" lon="-107.420106"><ele>3765.69921875</ele><time>2026-04-12T16:21:27Z</time></rtept><rtept lat="37.647467" lon="-107.420024"><ele>3765.09765625</ele><time>2026-04-12T16:21:27Z</time></rtept><rtept lat="37.647451" lon="-107.419942"><ele>3764.19921875</ele><time>2026-04-12T16:21:27Z</time></rtept><rtept lat="37.647423" lon="-107.419882"><ele>3763.296875</ele><time>2026-04-12T16:21:27Z</time></rtept><rtept lat="37.647405" lon="-107.419844"><ele>3762.796875</ele><time>2026-04-12T16:21:27Z</time></rtept><rtept lat="37.6474" lon="-107.419785"><ele>3762.296875</ele><time>2026-04-12T16:21:27Z</time></rtept><rtept lat="37.647379" lon="-107.419703"><ele>3761.19921875</ele><time>2026-04-12T16:21:27Z</time></rtept><rtept lat="37.647358" lon="-107.419621"><ele>3759.8984375</ele><time>2026-04-12T16:21:27Z</time></rtept><rtept lat="37.647341" lon="-107.419561"><ele>3758.8984375</ele><time>2026-04-12T16:21:27Z</time></rtept><rtept lat="37.647313" lon="-107.419494"><ele>3757.59765625</ele><time>2026-04-12T16:21:27Z</time></rtept><rtept lat="37.647238" lon="-107.419447"><ele>3755.8984375</ele><time>2026-04-12T16:21:27Z</time></rtept><rtept lat="37.647196" lon="-107.419402"><ele>3755.5</ele><time>2026-04-12T16:21:27Z</time></rtept><rtept lat="37.647189" lon="-107.419393"><ele>3755.3984375</ele><time>2026-04-12T16:21:27Z</time></rtept><rtept lat="37.647174" lon="-107.419378"><ele>3755.09765625</ele><time>2026-04-12T16:21:27Z</time></rtept><rtept lat="37.647163" lon="-107.419341"><ele>3755.19921875</ele><time>2026-04-12T16:21:27Z</time></rtept><rtept lat="37.647153" lon="-107.419297"><ele>3755.3984375</ele><time>2026-04-12T16:21:27Z</time></rtept><rtept lat="37.647159" lon="-107.419245"><ele>3756.0</ele><time>2026-04-12T16:21:27Z</time></rtept><rtept lat="37.647166" lon="-107.419194"><ele>3756.69921875</ele><time>2026-04-12T16:21:27Z</time></rtept><rtept lat="37.647167" lon="-107.419157"><ele>3756.8984375</ele><time>2026-04-12T16:21:27Z</time></rtept><rtept lat="37.647144" lon="-107.419067"><ele>3756.19921875</ele><time>2026-04-12T16:21:27Z</time></rtept><rtept lat="37.647095" lon="-107.418947"><ele>3755.3984375</ele><time>2026-04-12T16:21:27Z</time></rtept><rtept lat="37.647061" lon="-107.41885"><ele>3754.3984375</ele><time>2026-04-12T16:21:27Z</time></rtept><rtept lat="37.647022" lon="-107.418738"><ele>3753.296875</ele><time>2026-04-12T16:21:27Z</time></rtept><rtept lat="37.646984" lon="-107.418634"><ele>3752.5</ele><time>2026-04-12T16:21:27Z</time></rtept><rtept lat="37.646933" lon="-107.418483"><ele>3751.69921875</ele><time>2026-04-12T16:21:27Z</time></rtept><rtept lat="37.646884" lon="-107.418364"><ele>3750.69921875</ele><time>2026-04-12T16:21:27Z</time></rtept><rtept lat="37.646846" lon="-107.41823"><ele>3749.5</ele><time>2026-04-12T16:21:27Z</time></rtept><rtept lat="37.646783" lon="-107.418102"><ele>3746.8984375</ele><time>2026-04-12T16:21:27Z</time></rtept><rtept lat="37.646756" lon="-107.418005"><ele>3746.296875</ele><time>2026-04-12T16:21:27Z</time></rtept><rtept lat="37.646728" lon="-107.417916"><ele>3745.8984375</ele><time>2026-04-12T16:21:27Z</time></rtept><rtept lat="37.646731" lon="-107.417812"><ele>3746.0</ele><time>2026-04-12T16:21:27Z</time></rtept><rtept lat="37.646767" lon="-107.417703"><ele>3746.296875</ele><time>2026-04-12T16:21:27Z</time></rtept><rtept lat="37.646787" lon="-107.417592"><ele>3745.69921875</ele><time>2026-04-12T16:21:27Z</time></rtept><rtept lat="37.646807" lon="-107.41749"><ele>3745.09765625</ele><time>2026-04-12T16:21:27Z</time></rtept><rtept lat="37.646834" lon="-107.41738"><ele>3744.59765625</ele><time>2026-04-12T16:21:27Z</time></rtept><rtept lat="37.646852" lon="-107.417291"><ele>3744.296875</ele><time>2026-04-12T16:21:27Z</time></rtept><rtept lat="37.64685" lon="-107.417166"><ele>3743.0</ele><time>2026-04-12T16:21:27Z</time></rtept><rtept lat="37.646834" lon="-107.417076"><ele>3741.296875</ele><time>2026-04-12T16:21:27Z</time></rtept><rtept lat="37.646837" lon="-107.416914"><ele>3739.8984375</ele><time>2026-04-12T16:21:27Z</time></rtept><rtept lat="37.646853" lon="-107.416678"><ele>3737.59765625</ele><time>2026-04-12T16:21:27Z</time></rtept><rtept lat="37.646874" lon="-107.416509"><ele>3736.296875</ele><time>2026-04-12T16:21:27Z</time></rtept><rtept lat="37.646907" lon="-107.416377"><ele>3735.796875</ele><time>2026-04-12T16:21:27Z</time></rtept><rtept lat="37.646927" lon="-107.416259"><ele>3734.09765625</ele><time>2026-04-12T16:21:27Z</time></rtept><rtept lat="37.646948" lon="-107.416119"><ele>3731.796875</ele><time>2026-04-12T16:21:27Z</time></rtept><rtept lat="37.64699" lon="-107.416032"><ele>3731.0</ele><time>2026-04-12T16:21:27Z</time></rtept><rtept lat="37.647032" lon="-107.415989"><ele>3730.8984375</ele><time>2026-04-12T16:21:27Z</time></rtept><rtept lat="37.647091" lon="-107.415947"><ele>3731.296875</ele><time>2026-04-12T16:21:27Z</time></rtept><rtept lat="37.647151" lon="-107.41586"><ele>3732.09765625</ele><time>2026-04-12T16:21:27Z</time></rtept><rtept lat="37.647189" lon="-107.415765"><ele>3732.69921875</ele><time>2026-04-12T16:21:27Z</time></rtept><rtept lat="37.647222" lon="-107.415626"><ele>3732.59765625</ele><time>2026-04-12T16:21:27Z</time></rtept><rtept lat="37.647223" lon="-107.415621"><ele>3732.5</ele><time>2026-04-12T16:21:27Z</time></rtept><rtept lat="37.647246" lon="-107.415543"><ele>3732.59765625</ele><time>2026-04-12T16:21:27Z</time></rtept><rtept lat="37.647246" lon="-107.415538"><ele>3732.59765625</ele><time>2026-04-12T16:21:27Z</time></rtept><rtept lat="37.647277" lon="-107.415435"><ele>3731.796875</ele><time>2026-04-12T16:21:27Z</time></rtept><rtept lat="37.647293" lon="-107.415347"><ele>3730.59765625</ele><time>2026-04-12T16:21:27Z</time></rtept><rtept lat="37.647321" lon="-107.415234"><ele>3729.3984375</ele><time>2026-04-12T16:21:27Z</time></rtept><rtept lat="37.647373" lon="-107.415036"><ele>3727.796875</ele><time>2026-04-12T16:21:27Z</time></rtept><rtept lat="37.647442" lon="-107.414841"><ele>3727.296875</ele><time>2026-04-12T16:21:27Z</time></rtept><rtept lat="37.647513" lon="-107.414741"><ele>3727.8984375</ele><time>2026-04-12T16:21:27Z</time></rtept><rtept lat="37.647517" lon="-107.414693"><ele>3727.8984375</ele><time>2026-04-12T16:21:27Z</time></rtept><rtept lat="37.647526" lon="-107.414591"><ele>3727.69921875</ele><time>2026-04-12T16:21:27Z</time></rtept><rtept lat="37.64756" lon="-107.414446"><ele>3728.19921875</ele><time>2026-04-12T16:21:27Z</time></rtept><rtept lat="37.647506" lon="-107.414175"><ele>3727.69921875</ele><time>2026-04-12T16:21:27Z</time></rtept><rtept lat="37.647437" lon="-107.413925"><ele>3726.0</ele><time>2026-04-12T16:21:27Z</time></rtept><rtept lat="37.647442" lon="-107.413821"><ele>3725.59765625</ele><time>2026-04-12T16:21:27Z</time></rtept><rtept lat="37.647357" lon="-107.413585"><ele>3721.8984375</ele><time>2026-04-12T16:21:27Z</time></rtept><rtept lat="37.647263" lon="-107.413486"><ele>3719.69921875</ele><time>2026-04-12T16:21:27Z</time></rtept><rtept lat="37.647182" lon="-107.413389"><ele>3717.8984375</ele><time>2026-04-12T16:21:27Z</time></rtept><rtept lat="37.647144" lon="-107.413249"><ele>3717.0</ele><time>2026-04-12T16:21:27Z</time></rtept><rtept lat="37.647153" lon="-107.413124"><ele>3717.0</ele><time>2026-04-12T16:21:27Z</time></rtept><rtept lat="37.647191" lon="-107.412979"><ele>3717.0</ele><time>2026-04-12T16:21:27Z</time></rtept><rtept lat="37.647208" lon="-107.412909"><ele>3716.796875</ele><time>2026-04-12T16:21:27Z</time></rtept><rtept lat="37.64717" lon="-107.412716"><ele>3714.69921875</ele><time>2026-04-12T16:21:27Z</time></rtept><rtept lat="37.647169" lon="-107.412477"><ele>3712.3984375</ele><time>2026-04-12T16:21:27Z</time></rtept><rtept lat="37.647191" lon="-107.4124"><ele>3711.5</ele><time>2026-04-12T16:21:27Z</time></rtept><rtept lat="37.647293" lon="-107.412244"><ele>3710.0</ele><time>2026-04-12T16:21:27Z</time></rtept><rtept lat="37.647356" lon="-107.412203"><ele>3709.796875</ele><time>2026-04-12T16:21:27Z</time></rtept><rtept lat="37.647454" lon="-107.412067"><ele>3709.19921875</ele><time>2026-04-12T16:21:27Z</time></rtept><rtept lat="37.647489" lon="-107.411999"><ele>3708.8984375</ele><time>2026-04-12T16:21:27Z</time></rtept><rtept lat="37.647522" lon="-107.411933"><ele>3708.5</ele><time>2026-04-12T16:21:27Z</time></rtept><rtept lat="37.647513" lon="-107.411865"><ele>3707.3984375</ele><time>2026-04-12T16:21:27Z</time></rtept><rtept lat="37.647446" lon="-107.411724"><ele>3704.19921875</ele><time>2026-04-12T16:21:27Z</time></rtept><rtept lat="37.647471" lon="-107.411662"><ele>3703.5</ele><time>2026-04-12T16:21:27Z</time></rtept><rtept lat="37.647582" lon="-107.411499"><ele>3702.59765625</ele><time>2026-04-12T16:21:27Z</time></rtept><rtept lat="37.647713" lon="-107.411399"><ele>3703.3984375</ele><time>2026-04-12T16:21:27Z</time></rtept><rtept lat="37.647742" lon="-107.411332"><ele>3703.0</ele><time>2026-04-12T16:21:27Z</time></rtept><rtept lat="37.64776" lon="-107.411291"><ele>3702.8984375</ele><time>2026-04-12T16:21:27Z</time></rtept><rtept lat="37.647764" lon="-107.41119"><ele>3701.59765625</ele><time>2026-04-12T16:21:27Z</time></rtept><rtept lat="37.647765" lon="-107.411064"><ele>3700.09765625</ele><time>2026-04-12T16:21:27Z</time></rtept><rtept lat="37.647794" lon="-107.410984"><ele>3699.296875</ele><time>2026-04-12T16:21:27Z</time></rtept><rtept lat="37.648002" lon="-107.410753"><ele>3698.3984375</ele><time>2026-04-12T16:21:27Z</time></rtept><rtept lat="37.648083" lon="-107.410699"><ele>3698.09765625</ele><time>2026-04-12T16:21:27Z</time></rtept><rtept lat="37.648227" lon="-107.41061"><ele>3697.296875</ele><time>2026-04-12T16:21:27Z</time></rtept><rtept lat="37.648376" lon="-107.410299"><ele>3694.09765625</ele><time>2026-04-12T16:21:27Z</time></rtept><rtept lat="37.648529" lon="-107.409945"><ele>3688.3984375</ele><time>2026-04-12T16:21:27Z</time></rtept><rtept lat="37.648622" lon="-107.409669"><ele>3686.5</ele><time>2026-04-12T16:21:27Z</time></rtept><rtept lat="37.648649" lon="-107.409524"><ele>3685.0</ele><time>2026-04-12T16:21:27Z</time></rtept><rtept lat="37.64873" lon="-107.40943"><ele>3685.3984375</ele><time>2026-04-12T16:21:27Z</time></rtept><rtept lat="37.648935" lon="-107.409294"><ele>3686.8984375</ele><time>2026-04-12T16:21:27Z</time></rtept><rtept lat="37.649013" lon="-107.409194"><ele>3685.3984375</ele><time>2026-04-12T16:21:27Z</time></rtept><rtept lat="37.649062" lon="-107.409049"><ele>3685.5</ele><time>2026-04-12T16:21:27Z</time></rtept><rtept lat="37.649083" lon="-107.408749"><ele>3684.69921875</ele><time>2026-04-12T16:21:27Z</time></rtept><rtept lat="37.649105" lon="-107.408629"><ele>3684.09765625</ele><time>2026-04-12T16:21:27Z</time></rtept><rtept lat="37.64914" lon="-107.40858"><ele>3683.59765625</ele><time>2026-04-12T16:21:27Z</time></rtept><rtept lat="37.64927" lon="-107.40851"><ele>3682.8984375</ele><time>2026-04-12T16:21:27Z</time></rtept><rtept lat="37.649389" lon="-107.408489"><ele>3682.3984375</ele><time>2026-04-12T16:21:27Z</time></rtept><rtept lat="37.649463" lon="-107.408435"><ele>3681.59765625</ele><time>2026-04-12T16:21:27Z</time></rtept><rtept lat="37.64948" lon="-107.408411"><ele>3681.19921875</ele><time>2026-04-12T16:21:27Z</time></rtept><rtept lat="37.649479" lon="-107.408376"><ele>3680.8984375</ele><time>2026-04-12T16:21:27Z</time></rtept><rtept lat="37.649415" lon="-107.408315"><ele>3680.5</ele><time>2026-04-12T16:21:27Z</time></rtept><rtept lat="37.649302" lon="-107.408208"><ele>3679.59765625</ele><time>2026-04-12T16:21:27Z</time></rtept><rtept lat="37.64918" lon="-107.408068"><ele>3677.69921875</ele><time>2026-04-12T16:21:27Z</time></rtept><rtept lat="37.649119" lon="-107.408011"><ele>3676.796875</ele><time>2026-04-12T16:21:27Z</time></rtept><rtept lat="37.649043" lon="-107.407926"><ele>3675.69921875</ele><time>2026-04-12T16:21:27Z</time></rtept><rtept lat="37.649272" lon="-107.407255"><ele>3676.19921875</ele><time>2026-04-12T16:21:27Z</time></rtept><rtept lat="37.649357" lon="-107.407091"><ele>3679.296875</ele><time>2026-04-12T16:21:27Z</time></rtept><rtept lat="37.649497" lon="-107.406982"><ele>3681.8984375</ele><time>2026-04-12T16:21:27Z</time></rtept><rtept lat="37.649625" lon="-107.406874"><ele>3683.69921875</ele><time>2026-04-12T16:21:27Z</time></rtept><rtept lat="37.649628" lon="-107.406807"><ele>3684.59765625</ele><time>2026-04-12T16:21:27Z</time></rtept><rtept lat="37.649684" lon="-107.406501"><ele>3688.69921875</ele><time>2026-04-12T16:21:27Z</time></rtept><rtept lat="37.649608" lon="-107.406113"><ele>3694.3984375</ele><time>2026-04-12T16:21:27Z</time></rtept><rtept lat="37.649667" lon="-107.405903"><ele>3701.0</ele><time>2026-04-12T16:21:27Z</time></rtept><rtept lat="37.649684" lon="-107.405793"><ele>3704.59765625</ele><time>2026-04-12T16:21:27Z</time></rtept><rtept lat="37.649628" lon="-107.405568"><ele>3711.5</ele><time>2026-04-12T16:21:27Z</time></rtept><rtept lat="37.649552" lon="-107.405359"><ele>3715.796875</ele><time>2026-04-12T16:21:27Z</time></rtept><rtept lat="37.649522" lon="-107.405197"><ele>3718.8984375</ele><time>2026-04-12T16:21:27Z</time></rtept><rtept lat="37.649578" lon="-107.405088"><ele>3722.296875</ele><time>2026-04-12T16:21:27Z</time></rtept><rtept lat="37.64976" lon="-107.405027"><ele>3726.59765625</ele><time>2026-04-12T16:21:27Z</time></rtept><rtept lat="37.649797" lon="-107.404891"><ele>3729.5</ele><time>2026-04-12T16:21:27Z</time></rtept><rtept lat="37.650001" lon="-107.404736"><ele>3735.69921875</ele><time>2026-04-12T16:21:27Z</time></rtept><rtept lat="37.650016" lon="-107.404615"><ele>3738.59765625</ele><time>2026-04-12T16:21:27Z</time></rtept><rtept lat="37.650105" lon="-107.404482"><ele>3743.59765625</ele><time>2026-04-12T16:21:27Z</time></rtept><rtept lat="37.650219" lon="-107.404439"><ele>3746.296875</ele><time>2026-04-12T16:21:27Z</time></rtept><rtept lat="37.650273" lon="-107.404319"><ele>3749.796875</ele><time>2026-04-12T16:21:27Z</time></rtept><rtept lat="37.650356" lon="-107.404248"><ele>3752.8984375</ele><time>2026-04-12T16:21:27Z</time></rtept><rtept lat="37.650385" lon="-107.404157"><ele>3755.59765625</ele><time>2026-04-12T16:21:27Z</time></rtept><rtept lat="37.650559" lon="-107.403951"><ele>3762.296875</ele><time>2026-04-12T16:21:27Z</time></rtept><rtept lat="37.650679" lon="-107.403722"><ele>3768.19921875</ele><time>2026-04-12T16:21:27Z</time></rtept><rtept lat="37.650988" lon="-107.403409"><ele>3771.69921875</ele><time>2026-04-12T16:21:27Z</time></rtept><rtept lat="37.651239" lon="-107.403087"><ele>3772.796875</ele><time>2026-04-12T16:21:27Z</time></rtept><rtept lat="37.651375" lon="-107.40284"><ele>3774.3984375</ele><time>2026-04-12T16:21:27Z</time></rtept><rtept lat="37.651503" lon="-107.402705"><ele>3775.5</ele><time>2026-04-12T16:21:27Z</time></rtept><rtept lat="37.651834" lon="-107.402642"><ele>3775.3984375</ele><time>2026-04-12T16:21:27Z</time></rtept><rtept lat="37.652025" lon="-107.402631"><ele>3774.3984375</ele><time>2026-04-12T16:21:27Z</time></rtept><rtept lat="37.652327" lon="-107.402512"><ele>3774.0</ele><time>2026-04-12T16:21:27Z</time></rtept><rtept lat="37.652763" lon="-107.402151"><ele>3778.69921875</ele><time>2026-04-12T16:21:27Z</time></rtept><rtept lat="37.653696" lon="-107.401667"><ele>3788.09765625</ele><time>2026-04-12T16:21:27Z</time></rtept><rtept lat="37.654169" lon="-107.401147"><ele>3797.19921875</ele><time>2026-04-12T16:21:27Z</time></rtept><rtept lat="37.654227" lon="-107.401069"><ele>3799.0</ele><time>2026-04-12T16:21:27Z</time></rtept><rtept lat="37.654355" lon="-107.400967"><ele>3801.5</ele><time>2026-04-12T16:21:27Z</time></rtept><rtept lat="37.654516" lon="-107.400892"><ele>3803.69921875</ele><time>2026-04-12T16:21:27Z</time></rtept><rtept lat="37.654628" lon="-107.40077"><ele>3806.69921875</ele><time>2026-04-12T16:21:27Z</time></rtept><rtept lat="37.655275" lon="-107.40029"><ele>3814.8984375</ele><time>2026-04-12T16:21:27Z</time></rtept><rtept lat="37.655423" lon="-107.400237"><ele>3814.296875</ele><time>2026-04-12T16:21:27Z</time></rtept><rtept lat="37.655873" lon="-107.399917"><ele>3818.19921875</ele><time>2026-04-12T16:21:27Z</time></rtept><rtept lat="37.655962" lon="-107.399815"><ele>3820.59765625</ele><time>2026-04-12T16:21:27Z</time></rtept><rtept lat="37.656467" lon="-107.399504"><ele>3826.5</ele><time>2026-04-12T16:21:27Z</time></rtept><rtept lat="37.656777" lon="-107.399305"><ele>3830.69921875</ele><time>2026-04-12T16:21:27Z</time></rtept><rtept lat="37.657002" lon="-107.399206"><ele>3831.3984375</ele><time>2026-04-12T16:21:27Z</time></rtept><rtept lat="37.657215" lon="-107.399069"><ele>3834.59765625</ele><time>2026-04-12T16:21:27Z</time></rtept><rtept lat="37.657367" lon="-107.398865"><ele>3841.796875</ele><time>2026-04-12T16:21:27Z</time></rtept><rtept lat="37.657715" lon="-107.398685"><ele>3843.3984375</ele><time>2026-04-12T16:21:27Z</time></rtept><rtept lat="37.657779" lon="-107.398589"><ele>3847.09765625</ele><time>2026-04-12T16:21:27Z</time></rtept><rtept lat="37.658008" lon="-107.398406"><ele>3848.09765625</ele><time>2026-04-12T16:21:27Z</time></rtept><rtept lat="37.658212" lon="-107.398222"><ele>3849.296875</ele><time>2026-04-12T16:21:27Z</time></rtept><rtept lat="37.658323" lon="-107.398109"><ele>3850.59765625</ele><time>2026-04-12T16:21:27Z</time></rtept><rtept lat="37.658459" lon="-107.398045"><ele>3850.19921875</ele><time>2026-04-12T16:21:27Z</time></rtept><rtept lat="37.658624" lon="-107.397859"><ele>3850.0</ele><time>2026-04-12T16:21:27Z</time></rtept><rtept lat="37.658786" lon="-107.397701"><ele>3848.8984375</ele><time>2026-04-12T16:21:27Z</time></rtept><rtept lat="37.658996" lon="-107.397544"><ele>3848.09765625</ele><time>2026-04-12T16:21:27Z</time></rtept><rtept lat="37.659284" lon="-107.397383"><ele>3847.59765625</ele><time>2026-04-12T16:21:27Z</time></rtept><rtept lat="37.659562" lon="-107.397179"><ele>3848.5</ele><time>2026-04-12T16:21:27Z</time></rtept><rtept lat="37.659723" lon="-107.396947"><ele>3849.5</ele><time>2026-04-12T16:21:27Z</time></rtept><rtept lat="37.659778" lon="-107.396723"><ele>3848.19921875</ele><time>2026-04-12T16:21:27Z</time></rtept><rtept lat="37.659651" lon="-107.396418"><ele>3841.5</ele><time>2026-04-12T16:21:27Z</time></rtept><rtept lat="37.659681" lon="-107.396102"><ele>3838.59765625</ele><time>2026-04-12T16:21:27Z</time></rtept><rtept lat="37.659707" lon="-107.395784"><ele>3834.796875</ele><time>2026-04-12T16:21:27Z</time></rtept><rtept lat="37.659745" lon="-107.395526"><ele>3834.59765625</ele><time>2026-04-12T16:21:27Z</time></rtept><rtept lat="37.659771" lon="-107.39523"><ele>3832.19921875</ele><time>2026-04-12T16:21:27Z</time></rtept><rtept lat="37.659771" lon="-107.395"><ele>3828.3984375</ele><time>2026-04-12T16:21:27Z</time></rtept><rtept lat="37.659805" lon="-107.394741"><ele>3824.59765625</ele><time>2026-04-12T16:21:27Z</time></rtept><rtept lat="37.659797" lon="-107.394432"><ele>3819.796875</ele><time>2026-04-12T16:21:27Z</time></rtept><rtept lat="37.659893" lon="-107.394115"><ele>3817.0</ele><time>2026-04-12T16:21:27Z</time></rtept><rtept lat="37.660008" lon="-107.393659"><ele>3819.3984375</ele><time>2026-04-12T16:21:27Z</time></rtept><rtept lat="37.660025" lon="-107.393373"><ele>3815.296875</ele><time>2026-04-12T16:21:27Z</time></rtept><rtept lat="37.660133" lon="-107.393159"><ele>3814.296875</ele><time>2026-04-12T16:21:27Z</time></rtept><rtept lat="37.660336" lon="-107.392958"><ele>3816.8984375</ele><time>2026-04-12T16:21:27Z</time></rtept><rtept lat="37.660412" lon="-107.392782"><ele>3814.796875</ele><time>2026-04-12T16:21:27Z</time></rtept><rtept lat="37.660434" lon="-107.392632"><ele>3811.69921875</ele><time>2026-04-12T16:21:27Z</time></rtept><rtept lat="37.660481" lon="-107.392509"><ele>3810.09765625</ele><time>2026-04-12T16:21:27Z</time></rtept><rtept lat="37.660557" lon="-107.39241"><ele>3810.5</ele><time>2026-04-12T16:21:27Z</time></rtept><rtept lat="37.660634" lon="-107.392258"><ele>3809.3984375</ele><time>2026-04-12T16:21:27Z</time></rtept><rtept lat="37.66065" lon="-107.392133"><ele>3807.3984375</ele><time>2026-04-12T16:21:27Z</time></rtept><rtept lat="37.660777" lon="-107.391926"><ele>3807.0</ele><time>2026-04-12T16:21:27Z</time></rtept><rtept lat="37.660879" lon="-107.391781"><ele>3807.5</ele><time>2026-04-12T16:21:27Z</time></rtept><rtept lat="37.66093" lon="-107.391513"><ele>3804.8984375</ele><time>2026-04-12T16:21:27Z</time></rtept><rtept lat="37.660995" lon="-107.391388"><ele>3804.19921875</ele><time>2026-04-12T16:21:27Z</time></rtept><rtept lat="37.661117" lon="-107.390815"><ele>3795.5</ele><time>2026-04-12T16:21:27Z</time></rtept><rtept lat="37.661159" lon="-107.39037"><ele>3793.5</ele><time>2026-04-12T16:21:27Z</time></rtept><rtept lat="37.661212" lon="-107.389732"><ele>3789.59765625</ele><time>2026-04-12T16:21:27Z</time></rtept><rtept lat="37.661359" lon="-107.389088"><ele>3785.3984375</ele><time>2026-04-12T16:21:27Z</time></rtept><rtept lat="37.661537" lon="-107.38875"><ele>3784.19921875</ele><time>2026-04-12T16:21:27Z</time></rtept><rtept lat="37.661546" lon="-107.388609"><ele>3783.296875</ele><time>2026-04-12T16:21:27Z</time></rtept><rtept lat="37.661689" lon="-107.388342"><ele>3783.796875</ele><time>2026-04-12T16:21:27Z</time></rtept><rtept lat="37.661869" lon="-107.388029"><ele>3782.296875</ele><time>2026-04-12T16:21:27Z</time></rtept><rtept lat="37.66195" lon="-107.387805"><ele>3780.5</ele><time>2026-04-12T16:21:27Z</time></rtept><rtept lat="37.662177" lon="-107.387457"><ele>3778.5</ele><time>2026-04-12T16:21:27Z</time></rtept><rtept lat="37.662375" lon="-107.387325"><ele>3778.5</ele><time>2026-04-12T16:21:27Z</time></rtept><rtept lat="37.662615" lon="-107.387118"><ele>3779.09765625</ele><time>2026-04-12T16:21:27Z</time></rtept><rtept lat="37.662764" lon="-107.386717"><ele>3774.19921875</ele><time>2026-04-12T16:21:27Z</time></rtept><rtept lat="37.662999" lon="-107.386319"><ele>3770.09765625</ele><time>2026-04-12T16:21:27Z</time></rtept><rtept lat="37.663228" lon="-107.386016"><ele>3769.3984375</ele><time>2026-04-12T16:21:27Z</time></rtept><rtept lat="37.663447" lon="-107.385689"><ele>3764.296875</ele><time>2026-04-12T16:21:27Z</time></rtept><rtept lat="37.663801" lon="-107.38544"><ele>3758.796875</ele><time>2026-04-12T16:21:27Z</time></rtept><rtept lat="37.664039" lon="-107.385234"><ele>3756.19921875</ele><time>2026-04-12T16:21:27Z</time></rtept><rtept lat="37.664152" lon="-107.385168"><ele>3755.5</ele><time>2026-04-12T16:21:27Z</time></rtept><rtept lat="37.664565" lon="-107.385102"><ele>3753.796875</ele><time>2026-04-12T16:21:27Z</time></rtept><rtept lat="37.664867" lon="-107.385057"><ele>3750.796875</ele><time>2026-04-12T16:21:27Z</time></rtept><rtept lat="37.665075" lon="-107.385009"><ele>3750.09765625</ele><time>2026-04-12T16:21:27Z</time></rtept><rtept lat="37.665244" lon="-107.385022"><ele>3751.69921875</ele><time>2026-04-12T16:21:27Z</time></rtept><rtept lat="37.665508" lon="-107.385047"><ele>3755.69921875</ele><time>2026-04-12T16:21:27Z</time></rtept><rtept lat="37.665763" lon="-107.385122"><ele>3757.09765625</ele><time>2026-04-12T16:21:27Z</time></rtept><rtept lat="37.665966" lon="-107.385172"><ele>3757.19921875</ele><time>2026-04-12T16:21:27Z</time></rtept><rtept lat="37.666145" lon="-107.385237"><ele>3756.19921875</ele><time>2026-04-12T16:21:27Z</time></rtept><rtept lat="37.666506" lon="-107.385697"><ele>3749.09765625</ele><time>2026-04-12T16:21:27Z</time></rtept><rtept lat="37.666533" lon="-107.385938"><ele>3750.09765625</ele><time>2026-04-12T16:21:27Z</time></rtept><rtept lat="37.666534" lon="-107.38596"><ele>3750.3984375</ele><time>2026-04-12T16:21:27Z</time></rtept><rtept lat="37.666685" lon="-107.385942"><ele>3749.19921875</ele><time>2026-04-12T16:21:27Z</time></rtept><rtept lat="37.666781" lon="-107.385887"><ele>3748.0</ele><time>2026-04-12T16:21:27Z</time></rtept><rtept lat="37.666914" lon="-107.385753"><ele>3747.0</ele><time>2026-04-12T16:21:27Z</time></rtept><rtept lat="37.66698" lon="-107.385611"><ele>3746.09765625</ele><time>2026-04-12T16:21:27Z</time></rtept><rtept lat="37.667099" lon="-107.385536"><ele>3746.296875</ele><time>2026-04-12T16:21:27Z</time></rtept><rtept lat="37.667116" lon="-107.385236"><ele>3746.796875</ele><time>2026-04-12T16:21:27Z</time></rtept><rtept lat="37.667137" lon="-107.385069"><ele>3746.69921875</ele><time>2026-04-12T16:21:27Z</time></rtept><rtept lat="37.667254" lon="-107.384801"><ele>3745.69921875</ele><time>2026-04-12T16:21:27Z</time></rtept><rtept lat="37.667362" lon="-107.384673"><ele>3745.19921875</ele><time>2026-04-12T16:21:27Z</time></rtept><rtept lat="37.667536" lon="-107.384622"><ele>3744.5</ele><time>2026-04-12T16:21:27Z</time></rtept><rtept lat="37.667751" lon="-107.384538"><ele>3743.5</ele><time>2026-04-12T16:21:27Z</time></rtept><rtept lat="37.668094" lon="-107.384453"><ele>3743.69921875</ele><time>2026-04-12T16:21:27Z</time></rtept><rtept lat="37.668259" lon="-107.384422"><ele>3743.3984375</ele><time>2026-04-12T16:21:27Z</time></rtept><rtept lat="37.668428" lon="-107.384219"><ele>3740.59765625</ele><time>2026-04-12T16:21:27Z</time></rtept><rtept lat="37.668564" lon="-107.384091"><ele>3738.69921875</ele><time>2026-04-12T16:21:27Z</time></rtept><rtept lat="37.668721" lon="-107.383731"><ele>3734.796875</ele><time>2026-04-12T16:21:27Z</time></rtept><rtept lat="37.668804" lon="-107.383436"><ele>3733.69921875</ele><time>2026-04-12T16:21:27Z</time></rtept><rtept lat="37.668974" lon="-107.383294"><ele>3734.296875</ele><time>2026-04-12T16:21:27Z</time></rtept><rtept lat="37.66924" lon="-107.383026"><ele>3732.59765625</ele><time>2026-04-12T16:21:27Z</time></rtept><rtept lat="37.669506" lon="-107.382825"><ele>3728.5</ele><time>2026-04-12T16:21:27Z</time></rtept><rtept lat="37.669603" lon="-107.382785"><ele>3728.296875</ele><time>2026-04-12T16:21:27Z</time></rtept><rtept lat="37.670263" lon="-107.382497"><ele>3733.3984375</ele><time>2026-04-12T16:21:27Z</time></rtept><rtept lat="37.670421" lon="-107.382415"><ele>3733.69921875</ele><time>2026-04-12T16:21:27Z</time></rtept><rtept lat="37.670519" lon="-107.382397"><ele>3733.296875</ele><time>2026-04-12T16:21:27Z</time></rtept><rtept lat="37.670718" lon="-107.38245"><ele>3732.69921875</ele><time>2026-04-12T16:21:27Z</time></rtept><rtept lat="37.670931" lon="-107.382406"><ele>3732.09765625</ele><time>2026-04-12T16:21:27Z</time></rtept><rtept lat="37.671113" lon="-107.38218"><ele>3735.5</ele><time>2026-04-12T16:21:27Z</time></rtept><rtept lat="37.671206" lon="-107.381959"><ele>3738.0</ele><time>2026-04-12T16:21:27Z</time></rtept><rtept lat="37.671313" lon="-107.38179"><ele>3739.8984375</ele><time>2026-04-12T16:21:27Z</time></rtept><rtept lat="37.671414" lon="-107.381669"><ele>3742.0</ele><time>2026-04-12T16:21:27Z</time></rtept><rtept lat="37.671471" lon="-107.38155"><ele>3743.19921875</ele><time>2026-04-12T16:21:27Z</time></rtept><rtept lat="37.671536" lon="-107.381496"><ele>3744.5</ele><time>2026-04-12T16:21:27Z</time></rtept><rtept lat="37.671589" lon="-107.381452"><ele>3744.796875</ele><time>2026-04-12T16:21:27Z</time></rtept><rtept lat="37.67175" lon="-107.381361"><ele>3746.296875</ele><time>2026-04-12T16:21:27Z</time></rtept><rtept lat="37.672041" lon="-107.381189"><ele>3746.5</ele><time>2026-04-12T16:21:27Z</time></rtept><rtept lat="37.672157" lon="-107.380999"><ele>3745.5</ele><time>2026-04-12T16:21:27Z</time></rtept><rtept lat="37.672242" lon="-107.380838"><ele>3744.5</ele><time>2026-04-12T16:21:27Z</time></rtept><rtept lat="37.672311" lon="-107.380594"><ele>3742.59765625</ele><time>2026-04-12T16:21:27Z</time></rtept><rtept lat="37.672416" lon="-107.380253"><ele>3739.296875</ele><time>2026-04-12T16:21:27Z</time></rtept><rtept lat="37.672502" lon="-107.379934"><ele>3736.0</ele><time>2026-04-12T16:21:27Z</time></rtept><rtept lat="37.672604" lon="-107.379698"><ele>3734.09765625</ele><time>2026-04-12T16:21:27Z</time></rtept><rtept lat="37.672716" lon="-107.379392"><ele>3733.296875</ele><time>2026-04-12T16:21:27Z</time></rtept><rtept lat="37.672761" lon="-107.379269"><ele>3733.3984375</ele><time>2026-04-12T16:21:27Z</time></rtept><rtept lat="37.67306" lon="-107.378774"><ele>3730.09765625</ele><time>2026-04-12T16:21:27Z</time></rtept><rtept lat="37.673156" lon="-107.378658"><ele>3730.0</ele><time>2026-04-12T16:21:27Z</time></rtept><rtept lat="37.673334" lon="-107.378567"><ele>3732.09765625</ele><time>2026-04-12T16:21:27Z</time></rtept><rtept lat="37.673448" lon="-107.378471"><ele>3733.59765625</ele><time>2026-04-12T16:21:27Z</time></rtept><rtept lat="37.673642" lon="-107.378143"><ele>3733.296875</ele><time>2026-04-12T16:21:27Z</time></rtept><rtept lat="37.673752" lon="-107.377667"><ele>3731.796875</ele><time>2026-04-12T16:21:27Z</time></rtept><rtept lat="37.673797" lon="-107.377558"><ele>3731.3984375</ele><time>2026-04-12T16:21:27Z</time></rtept><rtept lat="37.673856" lon="-107.377474"><ele>3731.296875</ele><time>2026-04-12T16:21:27Z</time></rtept><rtept lat="37.673926" lon="-107.377312"><ele>3730.5</ele><time>2026-04-12T16:21:27Z</time></rtept><rtept lat="37.67397" lon="-107.377244"><ele>3730.3984375</ele><time>2026-04-12T16:21:27Z</time></rtept><rtept lat="37.673997" lon="-107.377166"><ele>3730.0</ele><time>2026-04-12T16:21:27Z</time></rtept><rtept lat="37.674069" lon="-107.37707"><ele>3729.69921875</ele><time>2026-04-12T16:21:27Z</time></rtept><rtept lat="37.674183" lon="-107.376845"><ele>3728.09765625</ele><time>2026-04-12T16:21:27Z</time></rtept><rtept lat="37.674226" lon="-107.376807"><ele>3728.0</ele><time>2026-04-12T16:21:27Z</time></rtept><rtept lat="37.674301" lon="-107.376809"><ele>3728.5</ele><time>2026-04-12T16:21:27Z</time></rtept><rtept lat="37.67434" lon="-107.376745"><ele>3728.19921875</ele><time>2026-04-12T16:21:27Z</time></rtept><rtept lat="37.674438" lon="-107.376544"><ele>3726.3984375</ele><time>2026-04-12T16:21:27Z</time></rtept><rtept lat="37.674523" lon="-107.376469"><ele>3725.8984375</ele><time>2026-04-12T16:21:27Z</time></rtept><rtept lat="37.674604" lon="-107.376431"><ele>3725.59765625</ele><time>2026-04-12T16:21:27Z</time></rtept><rtept lat="37.674701" lon="-107.376337"><ele>3724.0</ele><time>2026-04-12T16:21:27Z</time></rtept><rtept lat="37.674799" lon="-107.376329"><ele>3723.3984375</ele><time>2026-04-12T16:21:27Z</time></rtept><rtept lat="37.674956" lon="-107.376324"><ele>3722.8984375</ele><time>2026-04-12T16:21:27Z</time></rtept><rtept lat="37.675045" lon="-107.376299"><ele>3722.5</ele><time>2026-04-12T16:21:27Z</time></rtept><rtept lat="37.675164" lon="-107.376233"><ele>3721.0</ele><time>2026-04-12T16:21:27Z</time></rtept><rtept lat="37.6753" lon="-107.376206"><ele>3719.3984375</ele><time>2026-04-12T16:21:27Z</time></rtept><rtept lat="37.675346" lon="-107.376112"><ele>3717.5</ele><time>2026-04-12T16:21:27Z</time></rtept><rtept lat="37.675384" lon="-107.375881"><ele>3714.8984375</ele><time>2026-04-12T16:21:27Z</time></rtept><rtept lat="37.675432" lon="-107.375793"><ele>3713.3984375</ele><time>2026-04-12T16:21:27Z</time></rtept><rtept lat="37.675469" lon="-107.375581"><ele>3711.19921875</ele><time>2026-04-12T16:21:27Z</time></rtept><rtept lat="37.675542" lon="-107.375525"><ele>3709.59765625</ele><time>2026-04-12T16:21:27Z</time></rtept><rtept lat="37.675584" lon="-107.375428"><ele>3708.296875</ele><time>2026-04-12T16:21:27Z</time></rtept><rtept lat="37.675687" lon="-107.375215"><ele>3704.5</ele><time>2026-04-12T16:21:27Z</time></rtept><rtept lat="37.675769" lon="-107.374883"><ele>3699.0</ele><time>2026-04-12T16:21:27Z</time></rtept><rtept lat="37.675759" lon="-107.374655"><ele>3697.19921875</ele><time>2026-04-12T16:21:27Z</time></rtept><rtept lat="37.675769" lon="-107.374507"><ele>3695.296875</ele><time>2026-04-12T16:21:27Z</time></rtept><rtept lat="37.675822" lon="-107.374339"><ele>3691.59765625</ele><time>2026-04-12T16:21:27Z</time></rtept><rtept lat="37.675872" lon="-107.374223"><ele>3688.3984375</ele><time>2026-04-12T16:21:27Z</time></rtept><rtept lat="37.675899" lon="-107.373981"><ele>3684.19921875</ele><time>2026-04-12T16:21:27Z</time></rtept><rtept lat="37.675958" lon="-107.373824"><ele>3680.296875</ele><time>2026-04-12T16:21:27Z</time></rtept><rtept lat="37.675957" lon="-107.373537"><ele>3676.0</ele><time>2026-04-12T16:21:27Z</time></rtept><rtept lat="37.675856" lon="-107.373197"><ele>3671.0</ele><time>2026-04-12T16:21:27Z</time></rtept><rtept lat="37.675784" lon="-107.372859"><ele>3665.296875</ele><time>2026-04-12T16:21:27Z</time></rtept><rtept lat="37.675776" lon="-107.372617"><ele>3660.0</ele><time>2026-04-12T16:21:27Z</time></rtept><rtept lat="37.675681" lon="-107.372357"><ele>3656.0</ele><time>2026-04-12T16:21:27Z</time></rtept><rtept lat="37.675626" lon="-107.372072"><ele>3650.0</ele><time>2026-04-12T16:21:27Z</time></rtept><rtept lat="37.675623" lon="-107.371925"><ele>3647.19921875</ele><time>2026-04-12T16:21:27Z</time></rtept><rtept lat="37.675613" lon="-107.37175"><ele>3644.796875</ele><time>2026-04-12T16:21:27Z</time></rtept><rtept lat="37.675627" lon="-107.371646"><ele>3643.0</ele><time>2026-04-12T16:21:27Z</time></rtept><rtept lat="37.675622" lon="-107.37145"><ele>3641.19921875</ele><time>2026-04-12T16:21:27Z</time></rtept><rtept lat="37.675575" lon="-107.371203"><ele>3640.09765625</ele><time>2026-04-12T16:21:27Z</time></rtept><rtept lat="37.675504" lon="-107.370917"><ele>3638.69921875</ele><time>2026-04-12T16:21:27Z</time></rtept><rtept lat="37.675504" lon="-107.37074"><ele>3636.296875</ele><time>2026-04-12T16:21:27Z</time></rtept><rtept lat="37.675584" lon="-107.370543"><ele>3632.5</ele><time>2026-04-12T16:21:27Z</time></rtept><rtept lat="37.675627" lon="-107.370384"><ele>3630.5</ele><time>2026-04-12T16:21:27Z</time></rtept><rtept lat="37.67564" lon="-107.370017"><ele>3627.59765625</ele><time>2026-04-12T16:21:27Z</time></rtept><rtept lat="37.675695" lon="-107.369869"><ele>3626.5</ele><time>2026-04-12T16:21:27Z</time></rtept><rtept lat="37.675726" lon="-107.369671"><ele>3625.296875</ele><time>2026-04-12T16:21:27Z</time></rtept><rtept lat="37.675793" lon="-107.369495"><ele>3623.19921875</ele><time>2026-04-12T16:21:27Z</time></rtept><rtept lat="37.675999" lon="-107.369327"><ele>3616.59765625</ele><time>2026-04-12T16:21:27Z</time></rtept><rtept lat="37.676069" lon="-107.369448"><ele>3617.59765625</ele><time>2026-04-12T16:21:27Z</time></rtept><rtept lat="37.676077" lon="-107.369308"><ele>3614.59765625</ele><time>2026-04-12T16:21:27Z</time></rtept><rtept lat="37.676094" lon="-107.369303"><ele>3614.296875</ele><time>2026-04-12T16:21:27Z</time></rtept><rtept lat="37.676153" lon="-107.369285"><ele>3613.09765625</ele><time>2026-04-12T16:21:27Z</time></rtept><rtept lat="37.676204" lon="-107.369222"><ele>3611.296875</ele><time>2026-04-12T16:21:27Z</time></rtept><rtept lat="37.676336" lon="-107.369214"><ele>3615.09765625</ele><time>2026-04-12T16:21:27Z</time></rtept><rtept lat="37.676427" lon="-107.3691"><ele>3617.796875</ele><time>2026-04-12T16:21:27Z</time></rtept><rtept lat="37.676385" lon="-107.368963"><ele>3613.296875</ele><time>2026-04-12T16:21:27Z</time></rtept><rtept lat="37.676318" lon="-107.368913"><ele>3609.3984375</ele><time>2026-04-12T16:21:27Z</time></rtept><rtept lat="37.676242" lon="-107.36888"><ele>3605.8984375</ele><time>2026-04-12T16:21:27Z</time></rtept><rtept lat="37.676257" lon="-107.368767"><ele>3605.09765625</ele><time>2026-04-12T16:21:27Z</time></rtept><rtept lat="37.676234" lon="-107.368605"><ele>3602.59765625</ele><time>2026-04-12T16:21:27Z</time></rtept><rtept lat="37.676266" lon="-107.368477"><ele>3603.0</ele><time>2026-04-12T16:21:27Z</time></rtept><rtept lat="37.676216" lon="-107.368398"><ele>3601.5</ele><time>2026-04-12T16:21:27Z</time></rtept><rtept lat="37.676111" lon="-107.368336"><ele>3598.5</ele><time>2026-04-12T16:21:27Z</time></rtept><rtept lat="37.67603" lon="-107.368247"><ele>3595.59765625</ele><time>2026-04-12T16:21:27Z</time></rtept><rtept lat="37.67592" lon="-107.36824"><ele>3592.3984375</ele><time>2026-04-12T16:21:27Z</time></rtept><rtept lat="37.675816" lon="-107.368127"><ele>3588.8984375</ele><time>2026-04-12T16:21:27Z</time></rtept><rtept lat="37.675865" lon="-107.368022"><ele>3589.09765625</ele><time>2026-04-12T16:21:27Z</time></rtept><rtept lat="37.675843" lon="-107.367887"><ele>3585.8984375</ele><time>2026-04-12T16:21:27Z</time></rtept><rtept lat="37.67574" lon="-107.367769"><ele>3581.0</ele><time>2026-04-12T16:21:27Z</time></rtept><rtept lat="37.675656" lon="-107.367906"><ele>3581.5</ele><time>2026-04-12T16:21:27Z</time></rtept><rtept lat="37.675482" lon="-107.367822"><ele>3574.0</ele><time>2026-04-12T16:21:27Z</time></rtept><rtept lat="37.675478" lon="-107.367516"><ele>3569.69921875</ele><time>2026-04-12T16:21:27Z</time></rtept><rtept lat="37.675383" lon="-107.367479"><ele>3566.59765625</ele><time>2026-04-12T16:21:27Z</time></rtept><rtept lat="37.675313" lon="-107.367552"><ele>3565.296875</ele><time>2026-04-12T16:21:27Z</time></rtept><rtept lat="37.67522" lon="-107.367517"><ele>3562.3984375</ele><time>2026-04-12T16:21:27Z</time></rtept><rtept lat="37.675158" lon="-107.367262"><ele>3558.69921875</ele><time>2026-04-12T16:21:27Z</time></rtept><rtept lat="37.675075" lon="-107.367338"><ele>3556.8984375</ele><time>2026-04-12T16:21:27Z</time></rtept><rtept lat="37.67502" lon="-107.367258"><ele>3554.69921875</ele><time>2026-04-12T16:21:27Z</time></rtept><rtept lat="37.674795" lon="-107.36714"><ele>3547.8984375</ele><time>2026-04-12T16:21:27Z</time></rtept><rtept lat="37.674512" lon="-107.366959"><ele>3540.3984375</ele><time>2026-04-12T16:21:27Z</time></rtept><rtept lat="37.674356" lon="-107.366733"><ele>3538.3984375</ele><time>2026-04-12T16:21:27Z</time></rtept><rtept lat="37.674114" lon="-107.366469"><ele>3532.59765625</ele><time>2026-04-12T16:21:27Z</time></rtept><rtept lat="37.674012" lon="-107.366203"><ele>3528.296875</ele><time>2026-04-12T16:21:27Z</time></rtept><rtept lat="37.673916" lon="-107.365977"><ele>3523.69921875</ele><time>2026-04-12T16:21:27Z</time></rtept><rtept lat="37.673884" lon="-107.365742"><ele>3518.69921875</ele><time>2026-04-12T16:21:27Z</time></rtept><rtept lat="37.673795" lon="-107.36538"><ele>3511.296875</ele><time>2026-04-12T16:21:27Z</time></rtept><rtept lat="37.673619" lon="-107.365232"><ele>3506.3984375</ele><time>2026-04-12T16:21:27Z</time></rtept><rtept lat="37.673698" lon="-107.365041"><ele>3503.59765625</ele><time>2026-04-12T16:21:27Z</time></rtept><rtept lat="37.673534" lon="-107.364923"><ele>3496.69921875</ele><time>2026-04-12T16:21:27Z</time></rtept><rtept lat="37.673625" lon="-107.364776"><ele>3496.19921875</ele><time>2026-04-12T16:21:27Z</time></rtept><rtept lat="37.673444" lon="-107.364664"><ele>3490.59765625</ele><time>2026-04-12T16:21:27Z</time></rtept><rtept lat="37.673545" lon="-107.36458"><ele>3490.3984375</ele><time>2026-04-12T16:21:27Z</time></rtept><rtept lat="37.673385" lon="-107.364392"><ele>3484.8984375</ele><time>2026-04-12T16:21:27Z</time></rtept><rtept lat="37.673425" lon="-107.364366"><ele>3484.8984375</ele><time>2026-04-12T16:21:27Z</time></rtept><rtept lat="37.673349" lon="-107.36428"><ele>3481.296875</ele><time>2026-04-12T16:21:27Z</time></rtept><rtept lat="37.673523" lon="-107.364261"><ele>3483.8984375</ele><time>2026-04-12T16:21:27Z</time></rtept><rtept lat="37.673373" lon="-107.36414"><ele>3478.0</ele><time>2026-04-12T16:21:27Z</time></rtept><rtept lat="37.673496" lon="-107.364033"><ele>3479.3984375</ele><time>2026-04-12T16:21:27Z</time></rtept><rtept lat="37.673336" lon="-107.363961"><ele>3474.296875</ele><time>2026-04-12T16:21:27Z</time></rtept><rtept lat="37.67336" lon="-107.363818"><ele>3472.69921875</ele><time>2026-04-12T16:21:27Z</time></rtept><rtept lat="37.673152" lon="-107.363794"><ele>3467.0</ele><time>2026-04-12T16:21:27Z</time></rtept><rtept lat="37.672995" lon="-107.363515"><ele>3458.5</ele><time>2026-04-12T16:21:27Z</time></rtept><rtept lat="37.672884" lon="-107.362739"><ele>3454.69921875</ele><time>2026-04-12T16:21:27Z</time></rtept><rtept lat="37.67295" lon="-107.362436"><ele>3453.59765625</ele><time>2026-04-12T16:21:27Z</time></rtept><rtept lat="37.672642" lon="-107.361983"><ele>3445.09765625</ele><time>2026-04-12T16:21:27Z</time></rtept><rtept lat="37.672509" lon="-107.361598"><ele>3442.8984375</ele><time>2026-04-12T16:21:27Z</time></rtept><rtept lat="37.67267" lon="-107.361477"><ele>3443.59765625</ele><time>2026-04-12T16:21:27Z</time></rtept><rtept lat="37.672774" lon="-107.361242"><ele>3443.09765625</ele><time>2026-04-12T16:21:27Z</time></rtept><rtept lat="37.672799" lon="-107.361184"><ele>3443.09765625</ele><time>2026-04-12T16:21:27Z</time></rtept><rtept lat="37.67281" lon="-107.360925"><ele>3443.0</ele><time>2026-04-12T16:21:27Z</time></rtept><rtept lat="37.672625" lon="-107.360559"><ele>3441.69921875</ele><time>2026-04-12T16:21:27Z</time></rtept><rtept lat="37.672476" lon="-107.360581"><ele>3439.69921875</ele><time>2026-04-12T16:21:27Z</time></rtept><rtept lat="37.672245" lon="-107.360457"><ele>3437.69921875</ele><time>2026-04-12T16:21:27Z</time></rtept><rtept lat="37.671808" lon="-107.359982"><ele>3435.09765625</ele><time>2026-04-12T16:21:27Z</time></rtept><rtept lat="37.671676" lon="-107.359682"><ele>3434.3984375</ele><time>2026-04-12T16:21:27Z</time></rtept><rtept lat="37.671282" lon="-107.35935"><ele>3431.3984375</ele><time>2026-04-12T16:21:27Z</time></rtept><rtept lat="37.670623" lon="-107.359336"><ele>3419.796875</ele><time>2026-04-12T16:21:27Z</time></rtept><rtept lat="37.670385" lon="-107.359128"><ele>3414.796875</ele><time>2026-04-12T16:21:27Z</time></rtept><rtept lat="37.669957" lon="-107.357977"><ele>3410.8984375</ele><time>2026-04-12T16:21:27Z</time></rtept><rtept lat="37.669983" lon="-107.357059"><ele>3415.796875</ele><time>2026-04-12T16:21:27Z</time></rtept><rtept lat="37.669912" lon="-107.356809"><ele>3416.0</ele><time>2026-04-12T16:21:27Z</time></rtept><rtept lat="37.669245" lon="-107.355713"><ele>3393.296875</ele><time>2026-04-12T16:21:27Z</time></rtept><rtept lat="37.669286" lon="-107.355536"><ele>3392.19921875</ele><time>2026-04-12T16:21:27Z</time></rtept><rtept lat="37.669396" lon="-107.355444"><ele>3394.0</ele><time>2026-04-12T16:21:27Z</time></rtept><rtept lat="37.669345" lon="-107.355348"><ele>3390.5</ele><time>2026-04-12T16:21:27Z</time></rtept><rtept lat="37.669076" lon="-107.355283"><ele>3382.296875</ele><time>2026-04-12T16:21:27Z</time></rtept><rtept lat="37.668961" lon="-107.354827"><ele>3373.796875</ele><time>2026-04-12T16:21:27Z</time></rtept><rtept lat="37.669155" lon="-107.354613"><ele>3374.796875</ele><time>2026-04-12T16:21:27Z</time></rtept><rtept lat="37.669443" lon="-107.353873"><ele>3362.69921875</ele><time>2026-04-12T16:21:27Z</time></rtept><rtept lat="37.669343" lon="-107.353563"><ele>3358.3984375</ele><time>2026-04-12T16:21:27Z</time></rtept><rtept lat="37.669539" lon="-107.352832"><ele>3351.0</ele><time>2026-04-12T16:21:27Z</time></rtept><rtept lat="37.669494" lon="-107.35255"><ele>3347.5</ele><time>2026-04-12T16:21:27Z</time></rtept><rtept lat="37.669833" lon="-107.351788"><ele>3344.3984375</ele><time>2026-04-12T16:21:27Z</time></rtept><rtept lat="37.669978" lon="-107.351697"><ele>3343.296875</ele><time>2026-04-12T16:21:27Z</time></rtept><rtept lat="37.670388" lon="-107.35177"><ele>3339.3984375</ele><time>2026-04-12T16:21:27Z</time></rtept><rtept lat="37.670519" lon="-107.35166"><ele>3337.8984375</ele><time>2026-04-12T16:21:27Z</time></rtept><rtept lat="37.670956" lon="-107.351754"><ele>3338.8984375</ele><time>2026-04-12T16:21:27Z</time></rtept><rtept lat="37.671013" lon="-107.351665"><ele>3338.296875</ele><time>2026-04-12T16:21:27Z</time></rtept><rtept lat="37.670999" lon="-107.351478"><ele>3335.5</ele><time>2026-04-12T16:21:27Z</time></rtept><rtept lat="37.671146" lon="-107.351146"><ele>3332.3984375</ele><time>2026-04-12T16:21:27Z</time></rtept><rtept lat="37.671178" lon="-107.350807"><ele>3329.296875</ele><time>2026-04-12T16:21:27Z</time></rtept><rtept lat="37.67141" lon="-107.350636"><ele>3328.69921875</ele><time>2026-04-12T16:21:27Z</time></rtept><rtept lat="37.671617" lon="-107.350392"><ele>3323.3984375</ele><time>2026-04-12T16:21:27Z</time></rtept><rtept lat="37.671655" lon="-107.350297"><ele>3320.69921875</ele><time>2026-04-12T16:21:27Z</time></rtept><rtept lat="37.671758" lon="-107.350268"><ele>3318.3984375</ele><time>2026-04-12T16:21:27Z</time></rtept><rtept lat="37.672305" lon="-107.350748"><ele>3317.69921875</ele><time>2026-04-12T16:21:27Z</time></rtept><rtept lat="37.672235" lon="-107.35037"><ele>3309.796875</ele><time>2026-04-12T16:21:27Z</time></rtept><rtept lat="37.672299" lon="-107.350233"><ele>3306.8984375</ele><time>2026-04-12T16:21:27Z</time></rtept><rtept lat="37.672337" lon="-107.350095"><ele>3306.19921875</ele><time>2026-04-12T16:21:27Z</time></rtept><rtept lat="37.672295" lon="-107.349759"><ele>3302.69921875</ele><time>2026-04-12T16:21:27Z</time></rtept><rtept lat="37.672195" lon="-107.349393"><ele>3297.09765625</ele><time>2026-04-12T16:21:27Z</time></rtept><rtept lat="37.672216" lon="-107.349267"><ele>3296.3984375</ele><time>2026-04-12T16:21:27Z</time></rtept><rtept lat="37.672242" lon="-107.349107"><ele>3295.8984375</ele><time>2026-04-12T16:21:27Z</time></rtept><rtept lat="37.672136" lon="-107.348908"><ele>3293.3984375</ele><time>2026-04-12T16:21:27Z</time></rtept><rtept lat="37.672015" lon="-107.348473"><ele>3289.59765625</ele><time>2026-04-12T16:21:27Z</time></rtept><rtept lat="37.671779" lon="-107.347895"><ele>3285.09765625</ele><time>2026-04-12T16:21:27Z</time></rtept><rtept lat="37.67149" lon="-107.346779"><ele>3280.69921875</ele><time>2026-04-12T16:21:27Z</time></rtept><rtept lat="37.671193" lon="-107.345974"><ele>3278.5</ele><time>2026-04-12T16:21:27Z</time></rtept><rtept lat="37.671066" lon="-107.345255"><ele>3276.69921875</ele><time>2026-04-12T16:21:27Z</time></rtept><rtept lat="37.670837" lon="-107.344376"><ele>3275.0</ele><time>2026-04-12T16:21:27Z</time></rtept><rtept lat="37.670667" lon="-107.343689"><ele>3274.5</ele><time>2026-04-12T16:21:27Z</time></rtept><rtept lat="37.670607" lon="-107.342895"><ele>3274.796875</ele><time>2026-04-12T16:21:27Z</time></rtept><rtept lat="37.670539" lon="-107.342616"><ele>3274.296875</ele><time>2026-04-12T16:21:27Z</time></rtept><rtept lat="37.670335" lon="-107.342005"><ele>3273.3984375</ele><time>2026-04-12T16:21:27Z</time></rtept><rtept lat="37.67003" lon="-107.341275"><ele>3268.5</ele><time>2026-04-12T16:21:27Z</time></rtept><rtept lat="37.669817" lon="-107.340449"><ele>3271.0</ele><time>2026-04-12T16:21:27Z</time></rtept><rtept lat="37.669752" lon="-107.340017"><ele>3270.69921875</ele><time>2026-04-12T16:21:27Z</time></rtept><rtept lat="37.669563" lon="-107.339242"><ele>3271.796875</ele><time>2026-04-12T16:21:27Z</time></rtept><rtept lat="37.669552" lon="-107.338415"><ele>3275.19921875</ele><time>2026-04-12T16:21:27Z</time></rtept><rtept lat="37.669455" lon="-107.338131"><ele>3274.59765625</ele><time>2026-04-12T16:21:27Z</time></rtept><rtept lat="37.669282" lon="-107.337989"><ele>3271.5</ele><time>2026-04-12T16:21:27Z</time></rtept><rtept lat="37.669011" lon="-107.337249"><ele>3263.19921875</ele><time>2026-04-12T16:21:27Z</time></rtept><rtept lat="37.668859" lon="-107.336073"><ele>3247.19921875</ele><time>2026-04-12T16:21:27Z</time></rtept><rtept lat="37.668892" lon="-107.335913"><ele>3246.19921875</ele><time>2026-04-12T16:21:27Z</time></rtept><rtept lat="37.66884" lon="-107.3356"><ele>3242.3984375</ele><time>2026-04-12T16:21:27Z</time></rtept><rtept lat="37.668872" lon="-107.335505"><ele>3241.69921875</ele><time>2026-04-12T16:21:27Z</time></rtept><rtept lat="37.6688" lon="-107.335224"><ele>3234.69921875</ele><time>2026-04-12T16:21:27Z</time></rtept><rtept lat="37.668961" lon="-107.335122"><ele>3234.69921875</ele><time>2026-04-12T16:21:27Z</time></rtept><rtept lat="37.669" lon="-107.335006"><ele>3232.09765625</ele><time>2026-04-12T16:21:27Z</time></rtept><rtept lat="37.668936" lon="-107.334851"><ele>3228.69921875</ele><time>2026-04-12T16:21:27Z</time></rtept><rtept lat="37.668775" lon="-107.334749"><ele>3225.59765625</ele><time>2026-04-12T16:21:27Z</time></rtept><rtept lat="37.668882" lon="-107.334685"><ele>3225.59765625</ele><time>2026-04-12T16:21:27Z</time></rtept><rtept lat="37.668785" lon="-107.334644"><ele>3224.3984375</ele><time>2026-04-12T16:21:27Z</time></rtept><rtept lat="37.668388" lon="-107.334451"><ele>3220.69921875</ele><time>2026-04-12T16:21:27Z</time></rtept><rtept lat="37.667358" lon="-107.333421"><ele>3217.0</ele><time>2026-04-12T16:21:27Z</time></rtept><rtept lat="37.667185" lon="-107.333374"><ele>3216.5</ele><time>2026-04-12T16:21:27Z</time></rtept><rtept lat="37.667131" lon="-107.33336"><ele>3216.296875</ele><time>2026-04-12T16:21:27Z</time></rtept><rtept lat="37.66669" lon="-107.332802"><ele>3215.59765625</ele><time>2026-04-12T16:21:27Z</time></rtept><rtept lat="37.666321" lon="-107.332504"><ele>3215.69921875</ele><time>2026-04-12T16:21:27Z</time></rtept><rtept lat="37.66572" lon="-107.332171"><ele>3214.796875</ele><time>2026-04-12T16:21:27Z</time></rtept><rtept lat="37.664866" lon="-107.331585"><ele>3209.5</ele><time>2026-04-12T16:21:27Z</time></rtept><rtept lat="37.665435" lon="-107.331576"><ele>3210.796875</ele><time>2026-04-12T16:21:27Z</time></rtept><rtept lat="37.665902" lon="-107.331508"><ele>3212.19921875</ele><time>2026-04-12T16:21:27Z</time></rtept><rtept lat="37.666403" lon="-107.331492"><ele>3212.3984375</ele><time>2026-04-12T16:21:27Z</time></rtept><rtept lat="37.666635" lon="-107.331442"><ele>3212.19921875</ele><time>2026-04-12T16:21:27Z</time></rtept><rtept lat="37.666822" lon="-107.33115"><ele>3212.0</ele><time>2026-04-12T16:21:27Z</time></rtept><rtept lat="37.666851" lon="-107.331053"><ele>3211.796875</ele><time>2026-04-12T16:21:27Z</time></rtept><rtept lat="37.66666" lon="-107.330369"><ele>3210.5</ele><time>2026-04-12T16:21:27Z</time></rtept><rtept lat="37.666609" lon="-107.329739"><ele>3210.0</ele><time>2026-04-12T16:21:27Z</time></rtept><rtept lat="37.666237" lon="-107.328891"><ele>3208.0</ele><time>2026-04-12T16:21:27Z</time></rtept><rtept lat="37.666126" lon="-107.328597"><ele>3208.0</ele><time>2026-04-12T16:21:27Z</time></rtept><rtept lat="37.665384" lon="-107.326561"><ele>3205.0</ele><time>2026-04-12T16:21:27Z</time></rtept><rtept lat="37.665267" lon="-107.32645"><ele>3205.0</ele><time>2026-04-12T16:21:27Z</time></rtept><rtept lat="37.665257" lon="-107.326413"><ele>3205.0</ele><time>2026-04-12T16:21:27Z</time></rtept><rtept lat="37.665267" lon="-107.32632"><ele>3205.19921875</ele><time>2026-04-12T16:21:27Z</time></rtept><rtept lat="37.665217" lon="-107.325853"><ele>3206.0</ele><time>2026-04-12T16:21:27Z</time></rtept><rtept lat="37.665163" lon="-107.324436"><ele>3209.09765625</ele><time>2026-04-12T16:21:27Z</time></rtept><rtept lat="37.665012" lon="-107.322724"><ele>3213.69921875</ele><time>2026-04-12T16:21:27Z</time></rtept><rtept lat="37.665014" lon="-107.322477"><ele>3214.69921875</ele><time>2026-04-12T16:21:27Z</time></rtept><rtept lat="37.664694" lon="-107.322302"><ele>3215.3984375</ele><time>2026-04-12T16:21:27Z</time></rtept><rtept lat="37.663777" lon="-107.321563"><ele>3221.796875</ele><time>2026-04-12T16:21:27Z</time></rtept><rtept lat="37.663766" lon="-107.321197"><ele>3230.8984375</ele><time>2026-04-12T16:21:27Z</time></rtept><rtept lat="37.663412" lon="-107.320934"><ele>3234.59765625</ele><time>2026-04-12T16:21:27Z</time></rtept><rtept lat="37.663144" lon="-107.320736"><ele>3237.09765625</ele><time>2026-04-12T16:21:27Z</time></rtept><rtept lat="37.663065" lon="-107.320613"><ele>3238.3984375</ele><time>2026-04-12T16:21:27Z</time></rtept><rtept lat="37.662798" lon="-107.320368"><ele>3238.09765625</ele><time>2026-04-12T16:21:27Z</time></rtept><rtept lat="37.662666" lon="-107.319933"><ele>3238.69921875</ele><time>2026-04-12T16:21:27Z</time></rtept><rtept lat="37.662727" lon="-107.319806"><ele>3240.19921875</ele><time>2026-04-12T16:21:27Z</time></rtept><rtept lat="37.662845" lon="-107.319716"><ele>3242.59765625</ele><time>2026-04-12T16:21:27Z</time></rtept><rtept lat="37.663055" lon="-107.319652"><ele>3245.69921875</ele><time>2026-04-12T16:21:27Z</time></rtept><rtept lat="37.663465" lon="-107.319439"><ele>3250.0</ele><time>2026-04-12T16:21:27Z</time></rtept><rtept lat="37.663539" lon="-107.319323"><ele>3250.8984375</ele><time>2026-04-12T16:21:27Z</time></rtept><rtept lat="37.663645" lon="-107.319233"><ele>3252.8984375</ele><time>2026-04-12T16:21:27Z</time></rtept><rtept lat="37.664235" lon="-107.319008"><ele>3262.69921875</ele><time>2026-04-12T16:21:27Z</time></rtept><rtept lat="37.664703" lon="-107.318621"><ele>3266.796875</ele><time>2026-04-12T16:21:27Z</time></rtept><rtept lat="37.665084" lon="-107.318561"><ele>3271.59765625</ele><time>2026-04-12T16:21:27Z</time></rtept><rtept lat="37.665327" lon="-107.318434"><ele>3274.5</ele><time>2026-04-12T16:21:27Z</time></rtept><rtept lat="37.665681" lon="-107.318329"><ele>3279.69921875</ele><time>2026-04-12T16:21:27Z</time></rtept><rtept lat="37.665855" lon="-107.31817"><ele>3281.796875</ele><time>2026-04-12T16:21:27Z</time></rtept><rtept lat="37.666028" lon="-107.31808"><ele>3284.19921875</ele><time>2026-04-12T16:21:27Z</time></rtept><rtept lat="37.66635" lon="-107.317728"><ele>3286.59765625</ele><time>2026-04-12T16:21:27Z</time></rtept><rtept lat="37.666601" lon="-107.317498"><ele>3289.59765625</ele><time>2026-04-12T16:21:27Z</time></rtept><rtept lat="37.666987" lon="-107.316904"><ele>3291.09765625</ele><time>2026-04-12T16:21:27Z</time></rtept><rtept lat="37.667122" lon="-107.316607"><ele>3291.0</ele><time>2026-04-12T16:21:27Z</time></rtept><rtept lat="37.667324" lon="-107.316367"><ele>3293.09765625</ele><time>2026-04-12T16:21:27Z</time></rtept><rtept lat="37.667524" lon="-107.316207"><ele>3298.3984375</ele><time>2026-04-12T16:21:27Z</time></rtept><rtept lat="37.667749" lon="-107.315938"><ele>3303.69921875</ele><time>2026-04-12T16:21:27Z</time></rtept><rtept lat="37.667977" lon="-107.315563"><ele>3308.3984375</ele><time>2026-04-12T16:21:27Z</time></rtept><rtept lat="37.668085" lon="-107.315209"><ele>3312.09765625</ele><time>2026-04-12T16:21:27Z</time></rtept><rtept lat="37.668259" lon="-107.314944"><ele>3318.0</ele><time>2026-04-12T16:21:27Z</time></rtept><rtept lat="37.668335" lon="-107.31466"><ele>3319.296875</ele><time>2026-04-12T16:21:27Z</time></rtept><rtept lat="37.668583" lon="-107.314279"><ele>3325.69921875</ele><time>2026-04-12T16:21:27Z</time></rtept><rtept lat="37.669102" lon="-107.313731"><ele>3341.8984375</ele><time>2026-04-12T16:21:27Z</time></rtept><rtept lat="37.669261" lon="-107.313444"><ele>3344.59765625</ele><time>2026-04-12T16:21:27Z</time></rtept><rtept lat="37.670074" lon="-107.312516"><ele>3362.796875</ele><time>2026-04-12T16:21:27Z</time></rtept><rtept lat="37.670172" lon="-107.312227"><ele>3360.09765625</ele><time>2026-04-12T16:21:27Z</time></rtept><rtept lat="37.670516" lon="-107.311912"><ele>3370.8984375</ele><time>2026-04-12T16:21:27Z</time></rtept><rtept lat="37.670728" lon="-107.311648"><ele>3376.69921875</ele><time>2026-04-12T16:21:27Z</time></rtept><rtept lat="37.670847" lon="-107.311578"><ele>3382.0</ele><time>2026-04-12T16:21:27Z</time></rtept><rtept lat="37.671064" lon="-107.311188"><ele>3384.69921875</ele><time>2026-04-12T16:21:27Z</time></rtept><rtept lat="37.671166" lon="-107.311063"><ele>3387.59765625</ele><time>2026-04-12T16:21:27Z</time></rtept><rtept lat="37.671233" lon="-107.310902"><ele>3388.09765625</ele><time>2026-04-12T16:21:27Z</time></rtept><rtept lat="37.671404" lon="-107.310693"><ele>3394.0</ele><time>2026-04-12T16:21:27Z</time></rtept><rtept lat="37.671504" lon="-107.310423"><ele>3394.59765625</ele><time>2026-04-12T16:21:27Z</time></rtept><rtept lat="37.67186" lon="-107.309849"><ele>3402.796875</ele><time>2026-04-12T16:21:27Z</time></rtept><rtept lat="37.671989" lon="-107.30973"><ele>3407.3984375</ele><time>2026-04-12T16:21:27Z</time></rtept><rtept lat="37.672057" lon="-107.309569"><ele>3407.0</ele><time>2026-04-12T16:21:27Z</time></rtept><rtept lat="37.672492" lon="-107.309035"><ele>3420.19921875</ele><time>2026-04-12T16:21:27Z</time></rtept><rtept lat="37.672617" lon="-107.308699"><ele>3420.5</ele><time>2026-04-12T16:21:27Z</time></rtept><rtept lat="37.672766" lon="-107.308495"><ele>3425.59765625</ele><time>2026-04-12T16:21:27Z</time></rtept><rtept lat="37.672775" lon="-107.308319"><ele>3424.69921875</ele><time>2026-04-12T16:21:27Z</time></rtept><rtept lat="37.672823" lon="-107.308209"><ele>3426.296875</ele><time>2026-04-12T16:21:27Z</time></rtept><rtept lat="37.673015" lon="-107.308064"><ele>3430.296875</ele><time>2026-04-12T16:21:27Z</time></rtept><rtept lat="37.67321" lon="-107.307614"><ele>3435.19921875</ele><time>2026-04-12T16:21:27Z</time></rtept><rtept lat="37.673337" lon="-107.307552"><ele>3438.8984375</ele><time>2026-04-12T16:21:27Z</time></rtept><rtept lat="37.673442" lon="-107.307436"><ele>3440.09765625</ele><time>2026-04-12T16:21:27Z</time></rtept><rtept lat="37.673539" lon="-107.307426"><ele>3443.8984375</ele><time>2026-04-12T16:21:27Z</time></rtept><rtept lat="37.673972" lon="-107.306708"><ele>3449.5</ele><time>2026-04-12T16:21:27Z</time></rtept><rtept lat="37.674157" lon="-107.306354"><ele>3453.3984375</ele><time>2026-04-12T16:21:27Z</time></rtept><rtept lat="37.674286" lon="-107.306148"><ele>3454.19921875</ele><time>2026-04-12T16:21:27Z</time></rtept><rtept lat="37.674851" lon="-107.305605"><ele>3460.09765625</ele><time>2026-04-12T16:21:27Z</time></rtept><rtept lat="37.675057" lon="-107.305511"><ele>3466.8984375</ele><time>2026-04-12T16:21:27Z</time></rtept><rtept lat="37.675163" lon="-107.305399"><ele>3468.5</ele><time>2026-04-12T16:21:27Z</time></rtept><rtept lat="37.675339" lon="-107.305087"><ele>3470.5</ele><time>2026-04-12T16:21:27Z</time></rtept><rtept lat="37.675541" lon="-107.30482"><ele>3473.59765625</ele><time>2026-04-12T16:21:27Z</time></rtept><rtept lat="37.675715" lon="-107.304645"><ele>3476.19921875</ele><time>2026-04-12T16:21:27Z</time></rtept><rtept lat="37.676324" lon="-107.303938"><ele>3483.796875</ele><time>2026-04-12T16:21:27Z</time></rtept><rtept lat="37.676734" lon="-107.303407"><ele>3485.296875</ele><time>2026-04-12T16:21:27Z</time></rtept><rtept lat="37.676974" lon="-107.302974"><ele>3487.69921875</ele><time>2026-04-12T16:21:27Z</time></rtept><rtept lat="37.677172" lon="-107.302757"><ele>3493.3984375</ele><time>2026-04-12T16:21:27Z</time></rtept><rtept lat="37.677405" lon="-107.302363"><ele>3495.8984375</ele><time>2026-04-12T16:21:27Z</time></rtept><rtept lat="37.677604" lon="-107.302108"><ele>3498.09765625</ele><time>2026-04-12T16:21:27Z</time></rtept><rtept lat="37.677785" lon="-107.301788"><ele>3497.296875</ele><time>2026-04-12T16:21:27Z</time></rtept><rtept lat="37.677986" lon="-107.301454"><ele>3495.8984375</ele><time>2026-04-12T16:21:27Z</time></rtept><rtept lat="37.678277" lon="-107.300772"><ele>3492.5</ele><time>2026-04-12T16:21:27Z</time></rtept><rtept lat="37.678725" lon="-107.300054"><ele>3499.3984375</ele><time>2026-04-12T16:21:27Z</time></rtept><rtept lat="37.678867" lon="-107.299692"><ele>3499.8984375</ele><time>2026-04-12T16:21:27Z</time></rtept><rtept lat="37.679027" lon="-107.29937"><ele>3500.796875</ele><time>2026-04-12T16:21:27Z</time></rtept><rtept lat="37.679154" lon="-107.299169"><ele>3503.19921875</ele><time>2026-04-12T16:21:27Z</time></rtept><rtept lat="37.679277" lon="-107.29894"><ele>3504.8984375</ele><time>2026-04-12T16:21:27Z</time></rtept><rtept lat="37.679354" lon="-107.298667"><ele>3502.296875</ele><time>2026-04-12T16:21:27Z</time></rtept><rtept lat="37.679458" lon="-107.298409"><ele>3503.0</ele><time>2026-04-12T16:21:27Z</time></rtept><rtept lat="37.679521" lon="-107.29813"><ele>3501.5</ele><time>2026-04-12T16:21:27Z</time></rtept><rtept lat="37.679582" lon="-107.29801"><ele>3502.5</ele><time>2026-04-12T16:21:27Z</time></rtept><rtept lat="37.679685" lon="-107.297597"><ele>3503.8984375</ele><time>2026-04-12T16:21:27Z</time></rtept><rtept lat="37.679732" lon="-107.297302"><ele>3503.3984375</ele><time>2026-04-12T16:21:27Z</time></rtept><rtept lat="37.679857" lon="-107.296934"><ele>3505.69921875</ele><time>2026-04-12T16:21:27Z</time></rtept><rtept lat="37.679904" lon="-107.296663"><ele>3503.796875</ele><time>2026-04-12T16:21:27Z</time></rtept><rtept lat="37.680006" lon="-107.296357"><ele>3506.09765625</ele><time>2026-04-12T16:21:27Z</time></rtept><rtept lat="37.680054" lon="-107.296049"><ele>3504.0</ele><time>2026-04-12T16:21:27Z</time></rtept><rtept lat="37.680063" lon="-107.295843"><ele>3502.796875</ele><time>2026-04-12T16:21:27Z</time></rtept><rtept lat="37.680041" lon="-107.295716"><ele>3502.19921875</ele><time>2026-04-12T16:21:27Z</time></rtept><rtept lat="37.679978" lon="-107.295574"><ele>3501.09765625</ele><time>2026-04-12T16:21:27Z</time></rtept><rtept lat="37.67995" lon="-107.295456"><ele>3500.796875</ele><time>2026-04-12T16:21:27Z</time></rtept><rtept lat="37.679957" lon="-107.295336"><ele>3501.296875</ele><time>2026-04-12T16:21:27Z</time></rtept><rtept lat="37.679931" lon="-107.295215"><ele>3501.19921875</ele><time>2026-04-12T16:21:27Z</time></rtept><rtept lat="37.679728" lon="-107.294228"><ele>3500.0</ele><time>2026-04-12T16:21:27Z</time></rtept><rtept lat="37.679721" lon="-107.294008"><ele>3500.0</ele><time>2026-04-12T16:21:27Z</time></rtept><rtept lat="37.679555" lon="-107.293743"><ele>3498.296875</ele><time>2026-04-12T16:21:27Z</time></rtept><rtept lat="37.679498" lon="-107.293624"><ele>3499.19921875</ele><time>2026-04-12T16:21:27Z</time></rtept><rtept lat="37.679421" lon="-107.293319"><ele>3501.09765625</ele><time>2026-04-12T16:21:27Z</time></rtept><rtept lat="37.679422" lon="-107.293005"><ele>3504.5</ele><time>2026-04-12T16:21:27Z</time></rtept><rtept lat="37.679704" lon="-107.292383"><ele>3515.69921875</ele><time>2026-04-12T16:21:27Z</time></rtept><rtept lat="37.679691" lon="-107.292079"><ele>3519.59765625</ele><time>2026-04-12T16:21:27Z</time></rtept><rtept lat="37.679691" lon="-107.291798"><ele>3523.09765625</ele><time>2026-04-12T16:21:27Z</time></rtept><rtept lat="37.679621" lon="-107.291187"><ele>3527.3984375</ele><time>2026-04-12T16:21:27Z</time></rtept><rtept lat="37.679383" lon="-107.290559"><ele>3528.0</ele><time>2026-04-12T16:21:27Z</time></rtept><rtept lat="37.679184" lon="-107.290228"><ele>3530.09765625</ele><time>2026-04-12T16:21:27Z</time></rtept><rtept lat="37.679039" lon="-107.289982"><ele>3532.8984375</ele><time>2026-04-12T16:21:27Z</time></rtept><rtept lat="37.678954" lon="-107.289701"><ele>3535.09765625</ele><time>2026-04-12T16:21:27Z</time></rtept><rtept lat="37.678763" lon="-107.289317"><ele>3537.796875</ele><time>2026-04-12T16:21:27Z</time></rtept><rtept lat="37.678554" lon="-107.289148"><ele>3540.09765625</ele><time>2026-04-12T16:21:27Z</time></rtept><rtept lat="37.678421" lon="-107.288933"><ele>3541.3984375</ele><time>2026-04-12T16:21:27Z</time></rtept><rtept lat="37.678377" lon="-107.288589"><ele>3540.296875</ele><time>2026-04-12T16:21:27Z</time></rtept><rtept lat="37.678445" lon="-107.288134"><ele>3536.19921875</ele><time>2026-04-12T16:21:27Z</time></rtept><rtept lat="37.67822" lon="-107.287905"><ele>3539.0</ele><time>2026-04-12T16:21:27Z</time></rtept><rtept lat="37.677804" lon="-107.287611"><ele>3545.296875</ele><time>2026-04-12T16:21:27Z</time></rtept><rtept lat="37.677562" lon="-107.287098"><ele>3547.69921875</ele><time>2026-04-12T16:21:27Z</time></rtept><rtept lat="37.677428" lon="-107.28682"><ele>3548.59765625</ele><time>2026-04-12T16:21:27Z</time></rtept><rtept lat="37.677231" lon="-107.286305"><ele>3549.5</ele><time>2026-04-12T16:21:27Z</time></rtept><rtept lat="37.676767" lon="-107.285478"><ele>3558.8984375</ele><time>2026-04-12T16:21:27Z</time></rtept><rtept lat="37.676706" lon="-107.285172"><ele>3560.796875</ele><time>2026-04-12T16:21:27Z</time></rtept><rtept lat="37.676587" lon="-107.284845"><ele>3564.59765625</ele><time>2026-04-12T16:21:27Z</time></rtept><rtept lat="37.676566" lon="-107.284488"><ele>3565.796875</ele><time>2026-04-12T16:21:27Z</time></rtept><rtept lat="37.676447" lon="-107.284079"><ele>3570.3984375</ele><time>2026-04-12T16:21:27Z</time></rtept><rtept lat="37.676346" lon="-107.283788"><ele>3575.3984375</ele><time>2026-04-12T16:21:27Z</time></rtept><rtept lat="37.676205" lon="-107.283605"><ele>3581.19921875</ele><time>2026-04-12T16:21:27Z</time></rtept><rtept lat="37.67576" lon="-107.283632"><ele>3593.796875</ele><time>2026-04-12T16:21:27Z</time></rtept><rtept lat="37.675613" lon="-107.283534"><ele>3599.0</ele><time>2026-04-12T16:21:27Z</time></rtept><rtept lat="37.675397" lon="-107.283531"><ele>3603.69921875</ele><time>2026-04-12T16:21:27Z</time></rtept><rtept lat="37.674992" lon="-107.28363"><ele>3612.8984375</ele><time>2026-04-12T16:21:27Z</time></rtept><rtept lat="37.674881" lon="-107.283692"><ele>3614.3984375</ele><time>2026-04-12T16:21:27Z</time></rtept><rtept lat="37.674759" lon="-107.283703"><ele>3616.09765625</ele><time>2026-04-12T16:21:27Z</time></rtept><rtept lat="37.674607" lon="-107.283727"><ele>3618.19921875</ele><time>2026-04-12T16:21:27Z</time></rtept><rtept lat="37.674488" lon="-107.283754"><ele>3620.0</ele><time>2026-04-12T16:21:27Z</time></rtept><rtept lat="37.674326" lon="-107.283717"><ele>3622.59765625</ele><time>2026-04-12T16:21:27Z</time></rtept><rtept lat="37.67425" lon="-107.283683"><ele>3624.19921875</ele><time>2026-04-12T16:21:27Z</time></rtept><rtept lat="37.674208" lon="-107.283628"><ele>3625.09765625</ele><time>2026-04-12T16:21:27Z</time></rtept><rtept lat="37.674141" lon="-107.283583"><ele>3626.69921875</ele><time>2026-04-12T16:21:27Z</time></rtept><rtept lat="37.674091" lon="-107.283603"><ele>3627.69921875</ele><time>2026-04-12T16:21:27Z</time></rtept><rtept lat="37.674006" lon="-107.283611"><ele>3629.296875</ele><time>2026-04-12T16:21:27Z</time></rtept><rtept lat="37.673946" lon="-107.283652"><ele>3630.3984375</ele><time>2026-04-12T16:21:27Z</time></rtept><rtept lat="37.673894" lon="-107.283693"><ele>3631.59765625</ele><time>2026-04-12T16:21:27Z</time></rtept><rtept lat="37.673792" lon="-107.28369"><ele>3633.5</ele><time>2026-04-12T16:21:27Z</time></rtept><rtept lat="37.673682" lon="-107.283708"><ele>3635.3984375</ele><time>2026-04-12T16:21:27Z</time></rtept><rtept lat="37.673553" lon="-107.283736"><ele>3637.296875</ele><time>2026-04-12T16:21:27Z</time></rtept><rtept lat="37.673505" lon="-107.283742"><ele>3637.8984375</ele><time>2026-04-12T16:21:27Z</time></rtept><rtept lat="37.673417" lon="-107.283753"><ele>3639.19921875</ele><time>2026-04-12T16:21:27Z</time></rtept><rtept lat="37.673288" lon="-107.283803"><ele>3641.09765625</ele><time>2026-04-12T16:21:27Z</time></rtept><rtept lat="37.67317" lon="-107.28382"><ele>3642.69921875</ele><time>2026-04-12T16:21:27Z</time></rtept><rtept lat="37.67306" lon="-107.283796"><ele>3643.296875</ele><time>2026-04-12T16:21:27Z</time></rtept><rtept lat="37.672941" lon="-107.283781"><ele>3644.0</ele><time>2026-04-12T16:21:27Z</time></rtept><rtept lat="37.672832" lon="-107.283756"><ele>3643.796875</ele><time>2026-04-12T16:21:27Z</time></rtept><rtept lat="37.672707" lon="-107.283638"><ele>3642.5</ele><time>2026-04-12T16:21:27Z</time></rtept><rtept lat="37.672501" lon="-107.28362"><ele>3641.5</ele><time>2026-04-12T16:21:27Z</time></rtept><rtept lat="37.67237" lon="-107.283637"><ele>3641.09765625</ele><time>2026-04-12T16:21:27Z</time></rtept><rtept lat="37.672343" lon="-107.283643"><ele>3640.8984375</ele><time>2026-04-12T16:21:27Z</time></rtept><rtept lat="37.672304" lon="-107.283635"><ele>3640.3984375</ele><time>2026-04-12T16:21:27Z</time></rtept><rtept lat="37.672217" lon="-107.283625"><ele>3639.5</ele><time>2026-04-12T16:21:27Z</time></rtept><rtept lat="37.672163" lon="-107.283624"><ele>3638.8984375</ele><time>2026-04-12T16:21:27Z</time></rtept><rtept lat="37.672098" lon="-107.283608"><ele>3638.19921875</ele><time>2026-04-12T16:21:27Z</time></rtept><rtept lat="37.672021" lon="-107.283592"><ele>3637.296875</ele><time>2026-04-12T16:21:27Z</time></rtept><rtept lat="37.67194" lon="-107.283582"><ele>3636.3984375</ele><time>2026-04-12T16:21:27Z</time></rtept><rtept lat="37.671864" lon="-107.283573"><ele>3635.59765625</ele><time>2026-04-12T16:21:27Z</time></rtept><rtept lat="37.671772" lon="-107.283536"><ele>3634.69921875</ele><time>2026-04-12T16:21:27Z</time></rtept><rtept lat="37.671691" lon="-107.28352"><ele>3634.19921875</ele><time>2026-04-12T16:21:27Z</time></rtept><rtept lat="37.671599" lon="-107.283517"><ele>3633.5</ele><time>2026-04-12T16:21:27Z</time></rtept><rtept lat="37.671518" lon="-107.283501"><ele>3632.8984375</ele><time>2026-04-12T16:21:27Z</time></rtept><rtept lat="37.671431" lon="-107.283471"><ele>3632.296875</ele><time>2026-04-12T16:21:27Z</time></rtept><rtept lat="37.671301" lon="-107.283447"><ele>3631.3984375</ele><time>2026-04-12T16:21:27Z</time></rtept><rtept lat="37.671213" lon="-107.283437"><ele>3630.59765625</ele><time>2026-04-12T16:21:27Z</time></rtept><rtept lat="37.671112" lon="-107.283413"><ele>3629.59765625</ele><time>2026-04-12T16:21:27Z</time></rtept><rtept lat="37.67104" lon="-107.283411"><ele>3628.8984375</ele><time>2026-04-12T16:21:27Z</time></rtept><rtept lat="37.670921" lon="-107.283414"><ele>3627.8984375</ele><time>2026-04-12T16:21:27Z</time></rtept><rtept lat="37.670833" lon="-107.283432"><ele>3627.296875</ele><time>2026-04-12T16:21:27Z</time></rtept><rtept lat="37.670779" lon="-107.283403"><ele>3626.8984375</ele><time>2026-04-12T16:21:27Z</time></rtept><rtept lat="37.670703" lon="-107.283367"><ele>3626.19921875</ele><time>2026-04-12T16:21:27Z</time></rtept><rtept lat="37.670639" lon="-107.283324"><ele>3625.59765625</ele><time>2026-04-12T16:21:27Z</time></rtept><rtept lat="37.670559" lon="-107.28328"><ele>3624.796875</ele><time>2026-04-12T16:21:27Z</time></rtept><rtept lat="37.670428" lon="-107.283255"><ele>3623.796875</ele><time>2026-04-12T16:21:27Z</time></rtept><rtept lat="37.670316" lon="-107.283252"><ele>3623.59765625</ele><time>2026-04-12T16:21:27Z</time></rtept><rtept lat="37.670206" lon="-107.283235"><ele>3623.3984375</ele><time>2026-04-12T16:21:27Z</time></rtept><rtept lat="37.670102" lon="-107.283218"><ele>3623.09765625</ele><time>2026-04-12T16:21:27Z</time></rtept><rtept lat="37.670017" lon="-107.283209"><ele>3622.8984375</ele><time>2026-04-12T16:21:27Z</time></rtept><rtept lat="37.669864" lon="-107.28317"><ele>3622.3984375</ele><time>2026-04-12T16:21:27Z</time></rtept><rtept lat="37.669723" lon="-107.283138"><ele>3621.796875</ele><time>2026-04-12T16:21:27Z</time></rtept><rtept lat="37.66955" lon="-107.283105"><ele>3621.09765625</ele><time>2026-04-12T16:21:27Z</time></rtept><rtept lat="37.669312" lon="-107.283057"><ele>3620.0</ele><time>2026-04-12T16:21:27Z</time></rtept><rtept lat="37.669113" lon="-107.283023"><ele>3618.5</ele><time>2026-04-12T16:21:27Z</time></rtept><rtept lat="37.668944" lon="-107.283005"><ele>3617.296875</ele><time>2026-04-12T16:21:27Z</time></rtept><rtept lat="37.668738" lon="-107.282957"><ele>3616.0</ele><time>2026-04-12T16:21:27Z</time></rtept><rtept lat="37.66863" lon="-107.282947"><ele>3615.3984375</ele><time>2026-04-12T16:21:27Z</time></rtept><rtept lat="37.668565" lon="-107.282911"><ele>3615.0</ele><time>2026-04-12T16:21:27Z</time></rtept><rtept lat="37.668489" lon="-107.282888"><ele>3614.5</ele><time>2026-04-12T16:21:27Z</time></rtept><rtept lat="37.668424" lon="-107.282845"><ele>3613.8984375</ele><time>2026-04-12T16:21:27Z</time></rtept><rtept lat="37.668317" lon="-107.282814"><ele>3613.0</ele><time>2026-04-12T16:21:27Z</time></rtept><rtept lat="37.668192" lon="-107.282769"><ele>3612.0</ele><time>2026-04-12T16:21:27Z</time></rtept><rtept lat="37.667993" lon="-107.282688"><ele>3611.0</ele><time>2026-04-12T16:21:27Z</time></rtept><rtept lat="37.66783" lon="-107.282594"><ele>3609.09765625</ele><time>2026-04-12T16:21:27Z</time></rtept><rtept lat="37.667674" lon="-107.282521"><ele>3606.5</ele><time>2026-04-12T16:21:27Z</time></rtept><rtept lat="37.667582" lon="-107.282477"><ele>3604.59765625</ele><time>2026-04-12T16:21:27Z</time></rtept><rtept lat="37.66754" lon="-107.282462"><ele>3603.59765625</ele><time>2026-04-12T16:21:27Z</time></rtept><rtept lat="37.667467" lon="-107.282474"><ele>3602.09765625</ele><time>2026-04-12T16:21:27Z</time></rtept><rtept lat="37.667428" lon="-107.282513"><ele>3601.59765625</ele><time>2026-04-12T16:21:27Z</time></rtept><rtept lat="37.667392" lon="-107.282526"><ele>3600.796875</ele><time>2026-04-12T16:21:27Z</time></rtept><rtept lat="37.667347" lon="-107.282524"><ele>3599.8984375</ele><time>2026-04-12T16:21:27Z</time></rtept><rtept lat="37.667304" lon="-107.282537"><ele>3599.0</ele><time>2026-04-12T16:21:27Z</time></rtept><rtept lat="37.667265" lon="-107.282556"><ele>3598.5</ele><time>2026-04-12T16:21:27Z</time></rtept><rtept lat="37.667234" lon="-107.282541"><ele>3597.5</ele><time>2026-04-12T16:21:27Z</time></rtept><rtept lat="37.667201" lon="-107.282499"><ele>3596.5</ele><time>2026-04-12T16:21:27Z</time></rtept><rtept lat="37.667147" lon="-107.282477"><ele>3595.296875</ele><time>2026-04-12T16:21:27Z</time></rtept><rtept lat="37.667082" lon="-107.282462"><ele>3593.59765625</ele><time>2026-04-12T16:21:27Z</time></rtept><rtept lat="37.667017" lon="-107.28246"><ele>3592.296875</ele><time>2026-04-12T16:21:27Z</time></rtept><rtept lat="37.666917" lon="-107.282484"><ele>3590.296875</ele><time>2026-04-12T16:21:27Z</time></rtept><rtept lat="37.666863" lon="-107.282482"><ele>3589.0</ele><time>2026-04-12T16:21:27Z</time></rtept><rtept lat="37.666833" lon="-107.28244"><ele>3588.09765625</ele><time>2026-04-12T16:21:27Z</time></rtept><rtept lat="37.666773" lon="-107.282377"><ele>3586.69921875</ele><time>2026-04-12T16:21:27Z</time></rtept><rtept lat="37.666709" lon="-107.282334"><ele>3585.59765625</ele><time>2026-04-12T16:21:27Z</time></rtept><rtept lat="37.666635" lon="-107.282304"><ele>3584.59765625</ele><time>2026-04-12T16:21:27Z</time></rtept><rtept lat="37.66657" lon="-107.282288"><ele>3583.69921875</ele><time>2026-04-12T16:21:27Z</time></rtept><rtept lat="37.666487" lon="-107.282279"><ele>3583.0</ele><time>2026-04-12T16:21:27Z</time></rtept><rtept lat="37.666395" lon="-107.282249"><ele>3582.19921875</ele><time>2026-04-12T16:21:27Z</time></rtept><rtept lat="37.666299" lon="-107.282191"><ele>3581.09765625</ele><time>2026-04-12T16:21:27Z</time></rtept><rtept lat="37.666163" lon="-107.282132"><ele>3580.296875</ele><time>2026-04-12T16:21:27Z</time></rtept><rtept lat="37.666034" lon="-107.282053"><ele>3579.796875</ele><time>2026-04-12T16:21:27Z</time></rtept><rtept lat="37.665933" lon="-107.281988"><ele>3579.296875</ele><time>2026-04-12T16:21:27Z</time></rtept><rtept lat="37.665797" lon="-107.281922"><ele>3578.8984375</ele><time>2026-04-12T16:21:27Z</time></rtept><rtept lat="37.665728" lon="-107.281893"><ele>3578.796875</ele><time>2026-04-12T16:21:27Z</time></rtept><rtept lat="37.665678" lon="-107.281899"><ele>3578.796875</ele><time>2026-04-12T16:21:27Z</time></rtept><rtept lat="37.665636" lon="-107.28189"><ele>3578.796875</ele><time>2026-04-12T16:21:27Z</time></rtept><rtept lat="37.665602" lon="-107.281862"><ele>3578.69921875</ele><time>2026-04-12T16:21:27Z</time></rtept><rtept lat="37.66556" lon="-107.281826"><ele>3578.59765625</ele><time>2026-04-12T16:21:27Z</time></rtept><rtept lat="37.665485" lon="-107.281769"><ele>3578.3984375</ele><time>2026-04-12T16:21:27Z</time></rtept><rtept lat="37.665437" lon="-107.2817"><ele>3578.09765625</ele><time>2026-04-12T16:21:27Z</time></rtept><rtept lat="37.665402" lon="-107.28165"><ele>3577.8984375</ele><time>2026-04-12T16:21:27Z</time></rtept><rtept lat="37.665369" lon="-107.281588"><ele>3577.796875</ele><time>2026-04-12T16:21:27Z</time></rtept><rtept lat="37.665359" lon="-107.281519"><ele>3577.59765625</ele><time>2026-04-12T16:21:27Z</time></rtept><rtept lat="37.66535" lon="-107.281423"><ele>3577.296875</ele><time>2026-04-12T16:21:27Z</time></rtept><rtept lat="37.665336" lon="-107.28134"><ele>3577.19921875</ele><time>2026-04-12T16:21:27Z</time></rtept><rtept lat="37.66531" lon="-107.281278"><ele>3577.19921875</ele><time>2026-04-12T16:21:27Z</time></rtept><rtept lat="37.665268" lon="-107.281229"><ele>3577.19921875</ele><time>2026-04-12T16:21:27Z</time></rtept><rtept lat="37.665224" lon="-107.281173"><ele>3577.19921875</ele><time>2026-04-12T16:21:27Z</time></rtept><rtept lat="37.665166" lon="-107.281123"><ele>3577.0</ele><time>2026-04-12T16:21:27Z</time></rtept><rtept lat="37.665113" lon="-107.281067"><ele>3576.8984375</ele><time>2026-04-12T16:21:27Z</time></rtept><rtept lat="37.665042" lon="-107.281037"><ele>3576.69921875</ele><time>2026-04-12T16:21:27Z</time></rtept><rtept lat="37.664977" lon="-107.281022"><ele>3576.69921875</ele><time>2026-04-12T16:21:27Z</time></rtept><rtept lat="37.664907" lon="-107.281012"><ele>3576.59765625</ele><time>2026-04-12T16:21:27Z</time></rtept><rtept lat="37.664858" lon="-107.280997"><ele>3576.59765625</ele><time>2026-04-12T16:21:27Z</time></rtept><rtept lat="37.6648" lon="-107.280961"><ele>3576.59765625</ele><time>2026-04-12T16:21:27Z</time></rtept><rtept lat="37.664491" lon="-107.280836"><ele>3577.0</ele><time>2026-04-12T16:21:27Z</time></rtept><rtept lat="37.664377" lon="-107.280798"><ele>3576.8984375</ele><time>2026-04-12T16:21:27Z</time></rtept><rtept lat="37.663996" lon="-107.280657"><ele>3575.8984375</ele><time>2026-04-12T16:21:27Z</time></rtept><rtept lat="37.663876" lon="-107.280646"><ele>3575.59765625</ele><time>2026-04-12T16:21:27Z</time></rtept><rtept lat="37.663837" lon="-107.280658"><ele>3575.59765625</ele><time>2026-04-12T16:21:27Z</time></rtept><rtept lat="37.663755" lon="-107.28069"><ele>3575.5</ele><time>2026-04-12T16:21:27Z</time></rtept><rtept lat="37.663662" lon="-107.280755"><ele>3575.3984375</ele><time>2026-04-12T16:21:27Z</time></rtept><rtept lat="37.663573" lon="-107.280814"><ele>3575.296875</ele><time>2026-04-12T16:21:27Z</time></rtept><rtept lat="37.663518" lon="-107.280826"><ele>3575.19921875</ele><time>2026-04-12T16:21:27Z</time></rtept><rtept lat="37.663495" lon="-107.280839"><ele>3575.09765625</ele><time>2026-04-12T16:21:27Z</time></rtept><rtept lat="37.663463" lon="-107.280879"><ele>3575.19921875</ele><time>2026-04-12T16:21:27Z</time></rtept><rtept lat="37.663406" lon="-107.280932"><ele>3575.59765625</ele><time>2026-04-12T16:21:27Z</time></rtept><rtept lat="37.663285" lon="-107.281011"><ele>3576.296875</ele><time>2026-04-12T16:21:27Z</time></rtept><rtept lat="37.663148" lon="-107.281102"><ele>3577.09765625</ele><time>2026-04-12T16:21:27Z</time></rtept><rtept lat="37.662945" lon="-107.281219"><ele>3578.296875</ele><time>2026-04-12T16:21:27Z</time></rtept><rtept lat="37.662795" lon="-107.281297"><ele>3579.5</ele><time>2026-04-12T16:21:27Z</time></rtept><rtept lat="37.662636" lon="-107.281367"><ele>3580.8984375</ele><time>2026-04-12T16:21:27Z</time></rtept><rtept lat="37.662515" lon="-107.281452"><ele>3582.3984375</ele><time>2026-04-12T16:21:27Z</time></rtept><rtept lat="37.662394" lon="-107.281552"><ele>3583.69921875</ele><time>2026-04-12T16:21:27Z</time></rtept><rtept lat="37.662323" lon="-107.281611"><ele>3584.296875</ele><time>2026-04-12T16:21:27Z</time></rtept><rtept lat="37.662257" lon="-107.281643"><ele>3584.69921875</ele><time>2026-04-12T16:21:27Z</time></rtept><rtept lat="37.662191" lon="-107.281634"><ele>3585.19921875</ele><time>2026-04-12T16:21:27Z</time></rtept><rtept lat="37.662116" lon="-107.281598"><ele>3585.69921875</ele><time>2026-04-12T16:21:27Z</time></rtept><rtept lat="37.66204" lon="-107.281547"><ele>3586.5</ele><time>2026-04-12T16:21:27Z</time></rtept><rtept lat="37.66191" lon="-107.281515"><ele>3587.8984375</ele><time>2026-04-12T16:21:27Z</time></rtept><rtept lat="37.66184" lon="-107.281414"><ele>3588.59765625</ele><time>2026-04-12T16:21:27Z</time></rtept><rtept lat="37.661701" lon="-107.281366"><ele>3590.09765625</ele><time>2026-04-12T16:21:27Z</time></rtept><rtept lat="37.661651" lon="-107.281405"><ele>3590.69921875</ele><time>2026-04-12T16:21:27Z</time></rtept><rtept lat="37.661612" lon="-107.281411"><ele>3591.09765625</ele><time>2026-04-12T16:21:27Z</time></rtept><rtept lat="37.661574" lon="-107.281424"><ele>3591.5</ele><time>2026-04-12T16:21:27Z</time></rtept><rtept lat="37.661546" lon="-107.281478"><ele>3591.796875</ele><time>2026-04-12T16:21:27Z</time></rtept><rtept lat="37.66149" lon="-107.281544"><ele>3592.5</ele><time>2026-04-12T16:21:27Z</time></rtept><rtept lat="37.661446" lon="-107.281598"><ele>3592.8984375</ele><time>2026-04-12T16:21:27Z</time></rtept><rtept lat="37.661396" lon="-107.281658"><ele>3593.3984375</ele><time>2026-04-12T16:21:27Z</time></rtept><rtept lat="37.661341" lon="-107.28169"><ele>3593.8984375</ele><time>2026-04-12T16:21:27Z</time></rtept><rtept lat="37.661252" lon="-107.281756"><ele>3594.69921875</ele><time>2026-04-12T16:21:27Z</time></rtept><rtept lat="37.661159" lon="-107.281794"><ele>3595.3984375</ele><time>2026-04-12T16:21:27Z</time></rtept><rtept lat="37.661045" lon="-107.281846"><ele>3596.0</ele><time>2026-04-12T16:21:27Z</time></rtept><rtept lat="37.66097" lon="-107.28191"><ele>3596.296875</ele><time>2026-04-12T16:21:27Z</time></rtept><rtept lat="37.660901" lon="-107.281957"><ele>3597.0</ele><time>2026-04-12T16:21:27Z</time></rtept><rtept lat="37.66085" lon="-107.282032"><ele>3597.296875</ele><time>2026-04-12T16:21:27Z</time></rtept><rtept lat="37.66078" lon="-107.282079"><ele>3597.8984375</ele><time>2026-04-12T16:21:27Z</time></rtept><rtept lat="37.660693" lon="-107.28211"><ele>3598.8984375</ele><time>2026-04-12T16:21:27Z</time></rtept><rtept lat="37.660605" lon="-107.282129"><ele>3600.59765625</ele><time>2026-04-12T16:21:27Z</time></rtept><rtept lat="37.660532" lon="-107.282161"><ele>3601.69921875</ele><time>2026-04-12T16:21:27Z</time></rtept><rtept lat="37.66049" lon="-107.282164"><ele>3602.5</ele><time>2026-04-12T16:21:27Z</time></rtept><rtept lat="37.660406" lon="-107.282136"><ele>3604.296875</ele><time>2026-04-12T16:21:27Z</time></rtept><rtept lat="37.660205" lon="-107.282216"><ele>3608.19921875</ele><time>2026-04-12T16:21:27Z</time></rtept><rtept lat="37.660196" lon="-107.282127"><ele>3609.5</ele><time>2026-04-12T16:21:27Z</time></rtept><rtept lat="37.660139" lon="-107.282041"><ele>3611.8984375</ele><time>2026-04-12T16:21:27Z</time></rtept><rtept lat="37.660089" lon="-107.282011"><ele>3612.796875</ele><time>2026-04-12T16:21:27Z</time></rtept><rtept lat="37.660079" lon="-107.281966"><ele>3613.296875</ele><time>2026-04-12T16:21:27Z</time></rtept><rtept lat="37.660091" lon="-107.281911"><ele>3613.796875</ele><time>2026-04-12T16:21:27Z</time></rtept><rtept lat="37.660108" lon="-107.281863"><ele>3614.0</ele><time>2026-04-12T16:21:27Z</time></rtept><rtept lat="37.660101" lon="-107.281794"><ele>3614.59765625</ele><time>2026-04-12T16:21:27Z</time></rtept><rtept lat="37.660061" lon="-107.281733"><ele>3615.59765625</ele><time>2026-04-12T16:21:27Z</time></rtept><rtept lat="37.660001" lon="-107.281679"><ele>3616.8984375</ele><time>2026-04-12T16:21:27Z</time></rtept><rtept lat="37.659983" lon="-107.281475"><ele>3619.296875</ele><time>2026-04-12T16:21:27Z</time></rtept><rtept lat="37.659939" lon="-107.281399"><ele>3620.69921875</ele><time>2026-04-12T16:21:27Z</time></rtept><rtept lat="37.659798" lon="-107.281304"><ele>3623.59765625</ele><time>2026-04-12T16:21:27Z</time></rtept><rtept lat="37.659731" lon="-107.281281"><ele>3624.59765625</ele><time>2026-04-12T16:21:27Z</time></rtept><rtept lat="37.659636" lon="-107.281264"><ele>3625.796875</ele><time>2026-04-12T16:21:27Z</time></rtept><rtept lat="37.65964" lon="-107.281209"><ele>3626.296875</ele><time>2026-04-12T16:21:27Z</time></rtept><rtept lat="37.659641" lon="-107.281161"><ele>3626.8984375</ele><time>2026-04-12T16:21:27Z</time></rtept><rtept lat="37.659642" lon="-107.28114"><ele>3627.09765625</ele><time>2026-04-12T16:21:27Z</time></rtept><rtept lat="37.659654" lon="-107.281098"><ele>3627.3984375</ele><time>2026-04-12T16:21:27Z</time></rtept><rtept lat="37.659659" lon="-107.281057"><ele>3627.8984375</ele><time>2026-04-12T16:21:27Z</time></rtept><rtept lat="37.659639" lon="-107.280982"><ele>3629.19921875</ele><time>2026-04-12T16:21:27Z</time></rtept><rtept lat="37.659501" lon="-107.280941"><ele>3631.5</ele><time>2026-04-12T16:21:27Z</time></rtept><rtept lat="37.659425" lon="-107.280953"><ele>3632.19921875</ele><time>2026-04-12T16:21:27Z</time></rtept><rtept lat="37.659384" lon="-107.280965"><ele>3632.59765625</ele><time>2026-04-12T16:21:27Z</time></rtept><rtept lat="37.659329" lon="-107.280984"><ele>3633.09765625</ele><time>2026-04-12T16:21:27Z</time></rtept><rtept lat="37.65928" lon="-107.280989"><ele>3633.59765625</ele><time>2026-04-12T16:21:27Z</time></rtept><rtept lat="37.659241" lon="-107.280982"><ele>3634.09765625</ele><time>2026-04-12T16:21:27Z</time></rtept><rtept lat="37.65922" lon="-107.280932"><ele>3635.0</ele><time>2026-04-12T16:21:27Z</time></rtept><rtept lat="37.65922" lon="-107.280905"><ele>3635.19921875</ele><time>2026-04-12T16:21:27Z</time></rtept><rtept lat="37.659232" lon="-107.28087"><ele>3635.59765625</ele><time>2026-04-12T16:21:27Z</time></rtept><rtept lat="37.659249" lon="-107.280801"><ele>3636.296875</ele><time>2026-04-12T16:21:27Z</time></rtept><rtept lat="37.659163" lon="-107.280715"><ele>3638.8984375</ele><time>2026-04-12T16:21:27Z</time></rtept><rtept lat="37.659136" lon="-107.280714"><ele>3639.3984375</ele><time>2026-04-12T16:21:27Z</time></rtept><rtept lat="37.659096" lon="-107.280713"><ele>3640.09765625</ele><time>2026-04-12T16:21:27Z</time></rtept><rtept lat="37.659042" lon="-107.280718"><ele>3640.796875</ele><time>2026-04-12T16:21:27Z</time></rtept><rtept lat="37.658969" lon="-107.280723"><ele>3641.8984375</ele><time>2026-04-12T16:21:27Z</time></rtept><rtept lat="37.658919" lon="-107.280742"><ele>3642.19921875</ele><time>2026-04-12T16:21:27Z</time></rtept><rtept lat="37.658874" lon="-107.280741"><ele>3643.0</ele><time>2026-04-12T16:21:27Z</time></rtept><rtept lat="37.658836" lon="-107.280733"><ele>3643.59765625</ele><time>2026-04-12T16:21:27Z</time></rtept><rtept lat="37.658821" lon="-107.280698"><ele>3644.3984375</ele><time>2026-04-12T16:21:27Z</time></rtept><rtept lat="37.658811" lon="-107.280642"><ele>3645.59765625</ele><time>2026-04-12T16:21:27Z</time></rtept><rtept lat="37.658823" lon="-107.280593"><ele>3646.3984375</ele><time>2026-04-12T16:21:27Z</time></rtept><rtept lat="37.658829" lon="-107.280524"><ele>3647.3984375</ele><time>2026-04-12T16:21:27Z</time></rtept><rtept lat="37.65883" lon="-107.280462"><ele>3648.19921875</ele><time>2026-04-12T16:21:27Z</time></rtept><rtept lat="37.658831" lon="-107.280434"><ele>3648.69921875</ele><time>2026-04-12T16:21:27Z</time></rtept><rtept lat="37.65882" lon="-107.280413"><ele>3649.09765625</ele><time>2026-04-12T16:21:27Z</time></rtept><rtept lat="37.658804" lon="-107.280412"><ele>3649.3984375</ele><time>2026-04-12T16:21:27Z</time></rtept><rtept lat="37.658777" lon="-107.280425"><ele>3649.3984375</ele><time>2026-04-12T16:21:27Z</time></rtept><rtept lat="37.658754" lon="-107.280445"><ele>3649.5</ele><time>2026-04-12T16:21:27Z</time></rtept><rtept lat="37.658727" lon="-107.280465"><ele>3649.3984375</ele><time>2026-04-12T16:21:27Z</time></rtept><rtept lat="37.658674" lon="-107.280502"><ele>3649.69921875</ele><time>2026-04-12T16:21:27Z</time></rtept><rtept lat="37.658628" lon="-107.280493"><ele>3650.19921875</ele><time>2026-04-12T16:21:27Z</time></rtept><rtept lat="37.658543" lon="-107.280459"><ele>3651.59765625</ele><time>2026-04-12T16:21:27Z</time></rtept><rtept lat="37.658454" lon="-107.280469"><ele>3652.59765625</ele><time>2026-04-12T16:21:27Z</time></rtept><rtept lat="37.658368" lon="-107.280472"><ele>3653.69921875</ele><time>2026-04-12T16:21:27Z</time></rtept><rtept lat="37.658277" lon="-107.280445"><ele>3655.296875</ele><time>2026-04-12T16:21:27Z</time></rtept><rtept lat="37.658093" lon="-107.280356"><ele>3659.19921875</ele><time>2026-04-12T16:21:27Z</time></rtept><rtept lat="37.658015" lon="-107.280326"><ele>3660.59765625</ele><time>2026-04-12T16:21:27Z</time></rtept><rtept lat="37.657966" lon="-107.28031"><ele>3661.69921875</ele><time>2026-04-12T16:21:27Z</time></rtept><rtept lat="37.657894" lon="-107.280273"><ele>3663.296875</ele><time>2026-04-12T16:21:27Z</time></rtept><rtept lat="37.657822" lon="-107.280285"><ele>3663.5</ele><time>2026-04-12T16:21:27Z</time></rtept><rtept lat="37.65778" lon="-107.280269"><ele>3664.09765625</ele><time>2026-04-12T16:21:27Z</time></rtept><rtept lat="37.657713" lon="-107.280233"><ele>3665.19921875</ele><time>2026-04-12T16:21:27Z</time></rtept><rtept lat="37.657664" lon="-107.28019"><ele>3666.09765625</ele><time>2026-04-12T16:21:27Z</time></rtept><rtept lat="37.657633" lon="-107.280168"><ele>3666.59765625</ele><time>2026-04-12T16:21:27Z</time></rtept><rtept lat="37.657592" lon="-107.280167"><ele>3667.0</ele><time>2026-04-12T16:21:27Z</time></rtept><rtept lat="37.657526" lon="-107.280206"><ele>3666.8984375</ele><time>2026-04-12T16:21:27Z</time></rtept><rtept lat="37.657465" lon="-107.280204"><ele>3667.5</ele><time>2026-04-12T16:21:27Z</time></rtept><rtept lat="37.65736" lon="-107.280194"><ele>3668.59765625</ele><time>2026-04-12T16:21:27Z</time></rtept><rtept lat="37.657333" lon="-107.280187"><ele>3669.0</ele><time>2026-04-12T16:21:27Z</time></rtept><rtept lat="37.657261" lon="-107.280149"><ele>3670.59765625</ele><time>2026-04-12T16:21:27Z</time></rtept><rtept lat="37.657186" lon="-107.280119"><ele>3672.0</ele><time>2026-04-12T16:21:27Z</time></rtept><rtept lat="37.65713" lon="-107.280104"><ele>3673.0</ele><time>2026-04-12T16:21:27Z</time></rtept><rtept lat="37.657069" lon="-107.280095"><ele>3673.59765625</ele><time>2026-04-12T16:21:27Z</time></rtept><rtept lat="37.656996" lon="-107.280107"><ele>3673.796875</ele><time>2026-04-12T16:21:27Z</time></rtept><rtept lat="37.656933" lon="-107.280115"><ele>3674.09765625</ele><time>2026-04-12T16:21:27Z</time></rtept><rtept lat="37.656784" lon="-107.280019"><ele>3675.796875</ele><time>2026-04-12T16:21:27Z</time></rtept><rtept lat="37.656709" lon="-107.279914"><ele>3677.09765625</ele><time>2026-04-12T16:21:27Z</time></rtept><rtept lat="37.656612" lon="-107.279796"><ele>3678.69921875</ele><time>2026-04-12T16:21:27Z</time></rtept><rtept lat="37.656419" lon="-107.279645"><ele>3682.09765625</ele><time>2026-04-12T16:21:27Z</time></rtept><rtept lat="37.65617" lon="-107.27956"><ele>3684.59765625</ele><time>2026-04-12T16:21:27Z</time></rtept><rtept lat="37.656026" lon="-107.279468"><ele>3685.69921875</ele><time>2026-04-12T16:21:27Z</time></rtept><rtept lat="37.655994" lon="-107.279381"><ele>3686.69921875</ele><time>2026-04-12T16:21:27Z</time></rtept><rtept lat="37.655969" lon="-107.279304"><ele>3687.5</ele><time>2026-04-12T16:21:27Z</time></rtept><rtept lat="37.655964" lon="-107.279206"><ele>3688.3984375</ele><time>2026-04-12T16:21:27Z</time></rtept><rtept lat="37.655945" lon="-107.279136"><ele>3689.0</ele><time>2026-04-12T16:21:27Z</time></rtept><rtept lat="37.655906" lon="-107.279072"><ele>3689.19921875</ele><time>2026-04-12T16:21:27Z</time></rtept><rtept lat="37.655881" lon="-107.278974"><ele>3690.0</ele><time>2026-04-12T16:21:27Z</time></rtept><rtept lat="37.655865" lon="-107.278946"><ele>3690.19921875</ele><time>2026-04-12T16:21:27Z</time></rtept><rtept lat="37.655821" lon="-107.278889"><ele>3690.296875</ele><time>2026-04-12T16:21:27Z</time></rtept><rtept lat="37.655791" lon="-107.278805"><ele>3691.296875</ele><time>2026-04-12T16:21:27Z</time></rtept><rtept lat="37.655741" lon="-107.278713"><ele>3692.19921875</ele><time>2026-04-12T16:21:27Z</time></rtept><rtept lat="37.655682" lon="-107.278635"><ele>3692.5</ele><time>2026-04-12T16:21:27Z</time></rtept><rtept lat="37.655619" lon="-107.278508"><ele>3694.19921875</ele><time>2026-04-12T16:21:27Z</time></rtept><rtept lat="37.655561" lon="-107.278381"><ele>3695.796875</ele><time>2026-04-12T16:21:27Z</time></rtept><rtept lat="37.655509" lon="-107.278268"><ele>3697.09765625</ele><time>2026-04-12T16:21:27Z</time></rtept><rtept lat="37.65547" lon="-107.278183"><ele>3698.296875</ele><time>2026-04-12T16:21:27Z</time></rtept><rtept lat="37.655445" lon="-107.278085"><ele>3699.69921875</ele><time>2026-04-12T16:21:27Z</time></rtept><rtept lat="37.655423" lon="-107.278043"><ele>3700.19921875</ele><time>2026-04-12T16:21:27Z</time></rtept><rtept lat="37.655393" lon="-107.277993"><ele>3700.59765625</ele><time>2026-04-12T16:21:27Z</time></rtept><rtept lat="37.655333" lon="-107.277936"><ele>3701.09765625</ele><time>2026-04-12T16:21:27Z</time></rtept><rtept lat="37.655294" lon="-107.277844"><ele>3702.19921875</ele><time>2026-04-12T16:21:27Z</time></rtept><rtept lat="37.655264" lon="-107.277781"><ele>3703.0</ele><time>2026-04-12T16:21:27Z</time></rtept><rtept lat="37.655227" lon="-107.277696"><ele>3704.0</ele><time>2026-04-12T16:21:27Z</time></rtept><rtept lat="37.655206" lon="-107.277633"><ele>3705.0</ele><time>2026-04-12T16:21:27Z</time></rtept><rtept lat="37.655174" lon="-107.277542"><ele>3706.296875</ele><time>2026-04-12T16:21:27Z</time></rtept><rtept lat="37.655137" lon="-107.277444"><ele>3707.3984375</ele><time>2026-04-12T16:21:27Z</time></rtept><rtept lat="37.655116" lon="-107.27738"><ele>3708.0</ele><time>2026-04-12T16:21:27Z</time></rtept><rtept lat="37.655067" lon="-107.277344"><ele>3708.5</ele><time>2026-04-12T16:21:27Z</time></rtept><rtept lat="37.655018" lon="-107.277343"><ele>3708.796875</ele><time>2026-04-12T16:21:27Z</time></rtept><rtept lat="37.65495" lon="-107.277334"><ele>3709.296875</ele><time>2026-04-12T16:21:27Z</time></rtept><rtept lat="37.654881" lon="-107.277325"><ele>3709.69921875</ele><time>2026-04-12T16:21:27Z</time></rtept><rtept lat="37.654775" lon="-107.277328"><ele>3710.19921875</ele><time>2026-04-12T16:21:27Z</time></rtept><rtept lat="37.654736" lon="-107.277327"><ele>3710.3984375</ele><time>2026-04-12T16:21:27Z</time></rtept><rtept lat="37.654649" lon="-107.277276"><ele>3711.296875</ele><time>2026-04-12T16:21:27Z</time></rtept><rtept lat="37.654583" lon="-107.277239"><ele>3711.8984375</ele><time>2026-04-12T16:21:27Z</time></rtept><rtept lat="37.654546" lon="-107.277168"><ele>3712.59765625</ele><time>2026-04-12T16:21:27Z</time></rtept><rtept lat="37.654502" lon="-107.277104"><ele>3713.296875</ele><time>2026-04-12T16:21:27Z</time></rtept><rtept lat="37.654448" lon="-107.277075"><ele>3713.5</ele><time>2026-04-12T16:21:27Z</time></rtept><rtept lat="37.654388" lon="-107.277052"><ele>3713.8984375</ele><time>2026-04-12T16:21:27Z</time></rtept><rtept lat="37.654312" lon="-107.277008"><ele>3714.296875</ele><time>2026-04-12T16:21:27Z</time></rtept><rtept lat="37.654244" lon="-107.27702"><ele>3714.5</ele><time>2026-04-12T16:21:27Z</time></rtept><rtept lat="37.654129" lon="-107.277024"><ele>3715.0</ele><time>2026-04-12T16:21:27Z</time></rtept><rtept lat="37.6541" lon="-107.277028"><ele>3715.0</ele><time>2026-04-12T16:21:27Z</time></rtept><rtept lat="37.654098" lon="-107.277024"><ele>3715.09765625</ele><time>2026-04-12T16:21:27Z</time></rtept><rtept lat="37.654062" lon="-107.277023"><ele>3715.296875</ele><time>2026-04-12T16:21:27Z</time></rtept><rtept lat="37.653992" lon="-107.277015"><ele>3715.796875</ele><time>2026-04-12T16:21:27Z</time></rtept><rtept lat="37.653911" lon="-107.277013"><ele>3716.5</ele><time>2026-04-12T16:21:27Z</time></rtept><rtept lat="37.653818" lon="-107.277032"><ele>3717.09765625</ele><time>2026-04-12T16:21:27Z</time></rtept><rtept lat="37.653704" lon="-107.277029"><ele>3718.296875</ele><time>2026-04-12T16:21:27Z</time></rtept><rtept lat="37.653575" lon="-107.277025"><ele>3719.796875</ele><time>2026-04-12T16:21:27Z</time></rtept><rtept lat="37.653505" lon="-107.277028"><ele>3720.59765625</ele><time>2026-04-12T16:21:27Z</time></rtept><rtept lat="37.653424" lon="-107.27702"><ele>3721.796875</ele><time>2026-04-12T16:21:27Z</time></rtept><rtept lat="37.653324" lon="-107.276989"><ele>3723.19921875</ele><time>2026-04-12T16:21:27Z</time></rtept><rtept lat="37.653223" lon="-107.276964"><ele>3724.59765625</ele><time>2026-04-12T16:21:27Z</time></rtept><rtept lat="37.653144" lon="-107.276951"><ele>3726.0</ele><time>2026-04-12T16:21:27Z</time></rtept><rtept lat="37.653029" lon="-107.276952"><ele>3728.0</ele><time>2026-04-12T16:21:27Z</time></rtept><rtept lat="37.652944" lon="-107.27695"><ele>3729.59765625</ele><time>2026-04-12T16:21:27Z</time></rtept><rtept lat="37.652809" lon="-107.276918"><ele>3731.5</ele><time>2026-04-12T16:21:27Z</time></rtept><rtept lat="37.652708" lon="-107.276909"><ele>3732.8984375</ele><time>2026-04-12T16:21:27Z</time></rtept><rtept lat="37.652595" lon="-107.2769"><ele>3734.3984375</ele><time>2026-04-12T16:21:27Z</time></rtept><rtept lat="37.652513" lon="-107.276864"><ele>3735.3984375</ele><time>2026-04-12T16:21:27Z</time></rtept><rtept lat="37.652457" lon="-107.276829"><ele>3735.8984375</ele><time>2026-04-12T16:21:27Z</time></rtept><rtept lat="37.652417" lon="-107.276778"><ele>3736.09765625</ele><time>2026-04-12T16:21:27Z</time></rtept><rtept lat="37.652357" lon="-107.276748"><ele>3736.59765625</ele><time>2026-04-12T16:21:27Z</time></rtept><rtept lat="37.652308" lon="-107.276708"><ele>3737.19921875</ele><time>2026-04-12T16:21:27Z</time></rtept><rtept lat="37.652277" lon="-107.276696"><ele>3737.59765625</ele><time>2026-04-12T16:21:27Z</time></rtept><rtept lat="37.652244" lon="-107.276678"><ele>3738.19921875</ele><time>2026-04-12T16:21:27Z</time></rtept><rtept lat="37.652167" lon="-107.276665"><ele>3739.3984375</ele><time>2026-04-12T16:21:27Z</time></rtept><rtept lat="37.652089" lon="-107.27664"><ele>3740.69921875</ele><time>2026-04-12T16:21:27Z</time></rtept><rtept lat="37.651979" lon="-107.276609"><ele>3742.19921875</ele><time>2026-04-12T16:21:27Z</time></rtept><rtept lat="37.651873" lon="-107.276595"><ele>3744.0</ele><time>2026-04-12T16:21:27Z</time></rtept><rtept lat="37.651793" lon="-107.276587"><ele>3745.296875</ele><time>2026-04-12T16:21:27Z</time></rtept><rtept lat="37.651727" lon="-107.276579"><ele>3746.296875</ele><time>2026-04-12T16:21:27Z</time></rtept><rtept lat="37.651674" lon="-107.276566"><ele>3747.296875</ele><time>2026-04-12T16:21:27Z</time></rtept><rtept lat="37.651587" lon="-107.276508"><ele>3748.3984375</ele><time>2026-04-12T16:21:27Z</time></rtept><rtept lat="37.651509" lon="-107.276467"><ele>3749.59765625</ele><time>2026-04-12T16:21:27Z</time></rtept><rtept lat="37.651456" lon="-107.276426"><ele>3750.296875</ele><time>2026-04-12T16:21:27Z</time></rtept><rtept lat="37.651405" lon="-107.276391"><ele>3751.296875</ele><time>2026-04-12T16:21:27Z</time></rtept><rtept lat="37.651333" lon="-107.27635"><ele>3752.5</ele><time>2026-04-12T16:21:27Z</time></rtept><rtept lat="37.651228" lon="-107.276314"><ele>3754.0</ele><time>2026-04-12T16:21:27Z</time></rtept><rtept lat="37.651127" lon="-107.276299"><ele>3755.3984375</ele><time>2026-04-12T16:21:27Z</time></rtept><rtept lat="37.650999" lon="-107.276268"><ele>3757.19921875</ele><time>2026-04-12T16:21:27Z</time></rtept><rtept lat="37.650862" lon="-107.27623"><ele>3758.8984375</ele><time>2026-04-12T16:21:27Z</time></rtept><rtept lat="37.650766" lon="-107.2762"><ele>3760.0</ele><time>2026-04-12T16:21:27Z</time></rtept><rtept lat="37.650739" lon="-107.276192"><ele>3760.3984375</ele><time>2026-04-12T16:21:27Z</time></rtept><rtept lat="37.650701" lon="-107.276181"><ele>3760.8984375</ele><time>2026-04-12T16:21:27Z</time></rtept><rtept lat="37.650604" lon="-107.276172"><ele>3762.0</ele><time>2026-04-12T16:21:27Z</time></rtept><rtept lat="37.650507" lon="-107.276186"><ele>3763.0</ele><time>2026-04-12T16:21:27Z</time></rtept><rtept lat="37.650394" lon="-107.276194"><ele>3764.3984375</ele><time>2026-04-12T16:21:27Z</time></rtept><rtept lat="37.650319" lon="-107.276219"><ele>3765.3984375</ele><time>2026-04-12T16:21:27Z</time></rtept><rtept lat="37.650235" lon="-107.276272"><ele>3766.5</ele><time>2026-04-12T16:21:27Z</time></rtept><rtept lat="37.650171" lon="-107.27632"><ele>3767.59765625</ele><time>2026-04-12T16:21:27Z</time></rtept><rtept lat="37.650087" lon="-107.276362"><ele>3768.5</ele><time>2026-04-12T16:21:27Z</time></rtept><rtept lat="37.650021" lon="-107.276377"><ele>3769.296875</ele><time>2026-04-12T16:21:27Z</time></rtept><rtept lat="37.649897" lon="-107.276395"><ele>3770.59765625</ele><time>2026-04-12T16:21:27Z</time></rtept><rtept lat="37.649811" lon="-107.276432"><ele>3771.59765625</ele><time>2026-04-12T16:21:27Z</time></rtept><rtept lat="37.649726" lon="-107.27649"><ele>3772.3984375</ele><time>2026-04-12T16:21:27Z</time></rtept><rtept lat="37.649624" lon="-107.276548"><ele>3773.59765625</ele><time>2026-04-12T16:21:27Z</time></rtept><rtept lat="37.649535" lon="-107.276601"><ele>3774.5</ele><time>2026-04-12T16:21:27Z</time></rtept><rtept lat="37.649446" lon="-107.276665"><ele>3775.5</ele><time>2026-04-12T16:21:27Z</time></rtept><rtept lat="37.649346" lon="-107.276718"><ele>3776.69921875</ele><time>2026-04-12T16:21:27Z</time></rtept><rtept lat="37.649248" lon="-107.276765"><ele>3778.0</ele><time>2026-04-12T16:21:27Z</time></rtept><rtept lat="37.649159" lon="-107.276817"><ele>3779.09765625</ele><time>2026-04-12T16:21:27Z</time></rtept><rtept lat="37.649089" lon="-107.276849"><ele>3780.0</ele><time>2026-04-12T16:21:27Z</time></rtept><rtept lat="37.649012" lon="-107.276863"><ele>3780.796875</ele><time>2026-04-12T16:21:27Z</time></rtept><rtept lat="37.648892" lon="-107.276904"><ele>3781.796875</ele><time>2026-04-12T16:21:27Z</time></rtept><rtept lat="37.648855" lon="-107.27691"><ele>3782.19921875</ele><time>2026-04-12T16:21:27Z</time></rtept><rtept lat="37.648641" lon="-107.277041"><ele>3783.5</ele><time>2026-04-12T16:21:27Z</time></rtept><rtept lat="37.648513" lon="-107.277116"><ele>3784.3984375</ele><time>2026-04-12T16:21:27Z</time></rtept><rtept lat="37.648404" lon="-107.277192"><ele>3785.3984375</ele><time>2026-04-12T16:21:27Z</time></rtept><rtept lat="37.648278" lon="-107.277266"><ele>3786.3984375</ele><time>2026-04-12T16:21:27Z</time></rtept><rtept lat="37.648226" lon="-107.277306"><ele>3786.796875</ele><time>2026-04-12T16:21:27Z</time></rtept><rtept lat="37.648133" lon="-107.277348"><ele>3787.296875</ele><time>2026-04-12T16:21:27Z</time></rtept><rtept lat="37.64803" lon="-107.277406"><ele>3788.0</ele><time>2026-04-12T16:21:27Z</time></rtept><rtept lat="37.647926" lon="-107.277447"><ele>3788.69921875</ele><time>2026-04-12T16:21:27Z</time></rtept><rtept lat="37.647837" lon="-107.277472"><ele>3789.69921875</ele><time>2026-04-12T16:21:27Z</time></rtept><rtept lat="37.647749" lon="-107.277508"><ele>3790.796875</ele><time>2026-04-12T16:21:27Z</time></rtept><rtept lat="37.647606" lon="-107.277576"><ele>3792.19921875</ele><time>2026-04-12T16:21:27Z</time></rtept><rtept lat="37.647517" lon="-107.277596"><ele>3792.8984375</ele><time>2026-04-12T16:21:27Z</time></rtept><rtept lat="37.647433" lon="-107.277649"><ele>3793.5</ele><time>2026-04-12T16:21:27Z</time></rtept><rtept lat="37.647351" lon="-107.277696"><ele>3794.0</ele><time>2026-04-12T16:21:27Z</time></rtept><rtept lat="37.647276" lon="-107.277722"><ele>3794.0</ele><time>2026-04-12T16:21:27Z</time></rtept><rtept lat="37.647179" lon="-107.277758"><ele>3794.0</ele><time>2026-04-12T16:21:27Z</time></rtept><rtept lat="37.647059" lon="-107.277788"><ele>3794.09765625</ele><time>2026-04-12T16:21:27Z</time></rtept><rtept lat="37.646947" lon="-107.277823"><ele>3794.5</ele><time>2026-04-12T16:21:27Z</time></rtept><rtept lat="37.646846" lon="-107.277847"><ele>3794.796875</ele><time>2026-04-12T16:21:27Z</time></rtept><rtept lat="37.646809" lon="-107.277852"><ele>3795.0</ele><time>2026-04-12T16:21:27Z</time></rtept><rtept lat="37.646721" lon="-107.277883"><ele>3795.0</ele><time>2026-04-12T16:21:27Z</time></rtept><rtept lat="37.646689" lon="-107.277904"><ele>3795.0</ele><time>2026-04-12T16:21:27Z</time></rtept><rtept lat="37.646627" lon="-107.277969"><ele>3795.0</ele><time>2026-04-12T16:21:27Z</time></rtept><rtept lat="37.646541" lon="-107.278011"><ele>3795.0</ele><time>2026-04-12T16:21:27Z</time></rtept><rtept lat="37.646461" lon="-107.278052"><ele>3795.0</ele><time>2026-04-12T16:21:27Z</time></rtept><rtept lat="37.646363" lon="-107.278077"><ele>3795.0</ele><time>2026-04-12T16:21:27Z</time></rtept><rtept lat="37.646291" lon="-107.278086"><ele>3795.0</ele><time>2026-04-12T16:21:27Z</time></rtept><rtept lat="37.646208" lon="-107.2781"><ele>3794.8984375</ele><time>2026-04-12T16:21:27Z</time></rtept><rtept lat="37.646115" lon="-107.278109"><ele>3794.5</ele><time>2026-04-12T16:21:27Z</time></rtept><rtept lat="37.646041" lon="-107.278123"><ele>3794.19921875</ele><time>2026-04-12T16:21:27Z</time></rtept><rtept lat="37.645946" lon="-107.27812"><ele>3793.796875</ele><time>2026-04-12T16:21:27Z</time></rtept><rtept lat="37.64584" lon="-107.278139"><ele>3793.0</ele><time>2026-04-12T16:21:27Z</time></rtept><rtept lat="37.645757" lon="-107.27812"><ele>3792.5</ele><time>2026-04-12T16:21:27Z</time></rtept><rtept lat="37.645698" lon="-107.278118"><ele>3792.0</ele><time>2026-04-12T16:21:27Z</time></rtept><rtept lat="37.645652" lon="-107.278078"><ele>3791.69921875</ele><time>2026-04-12T16:21:27Z</time></rtept><rtept lat="37.645589" lon="-107.278048"><ele>3791.19921875</ele><time>2026-04-12T16:21:27Z</time></rtept><rtept lat="37.645524" lon="-107.278035"><ele>3790.69921875</ele><time>2026-04-12T16:21:27Z</time></rtept><rtept lat="37.645445" lon="-107.278033"><ele>3790.19921875</ele><time>2026-04-12T16:21:27Z</time></rtept><rtept lat="37.645378" lon="-107.278008"><ele>3789.8984375</ele><time>2026-04-12T16:21:27Z</time></rtept><rtept lat="37.645299" lon="-107.278017"><ele>3789.59765625</ele><time>2026-04-12T16:21:27Z</time></rtept><rtept lat="37.645236" lon="-107.278021"><ele>3789.3984375</ele><time>2026-04-12T16:21:27Z</time></rtept><rtept lat="37.645135" lon="-107.278001"><ele>3789.0</ele><time>2026-04-12T16:21:27Z</time></rtept><rtept lat="37.645039" lon="-107.277976"><ele>3789.0</ele><time>2026-04-12T16:21:27Z</time></rtept><rtept lat="37.644969" lon="-107.277957"><ele>3789.0</ele><time>2026-04-12T16:21:27Z</time></rtept><rtept lat="37.644911" lon="-107.277916"><ele>3789.0</ele><time>2026-04-12T16:21:27Z</time></rtept><rtept lat="37.644614" lon="-107.277959"><ele>3789.0</ele><time>2026-04-12T16:21:27Z</time></rtept><rtept lat="37.644415" lon="-107.277934"><ele>3789.59765625</ele><time>2026-04-12T16:21:27Z</time></rtept><rtept lat="37.64398" lon="-107.277838"><ele>3791.5</ele><time>2026-04-12T16:21:27Z</time></rtept><rtept lat="37.643905" lon="-107.277858"><ele>3792.19921875</ele><time>2026-04-12T16:21:27Z</time></rtept><rtept lat="37.643869" lon="-107.277868"><ele>3792.5</ele><time>2026-04-12T16:21:27Z</time></rtept><rtept lat="37.643808" lon="-107.277888"><ele>3793.0</ele><time>2026-04-12T16:21:27Z</time></rtept><rtept lat="37.643749" lon="-107.277909"><ele>3793.5</ele><time>2026-04-12T16:21:27Z</time></rtept><rtept lat="37.643605" lon="-107.277993"><ele>3793.69921875</ele><time>2026-04-12T16:21:27Z</time></rtept><rtept lat="37.643488" lon="-107.278012"><ele>3794.09765625</ele><time>2026-04-12T16:21:27Z</time></rtept><rtept lat="37.643249" lon="-107.278125"><ele>3794.69921875</ele><time>2026-04-12T16:21:27Z</time></rtept><rtept lat="37.642861" lon="-107.278165"><ele>3796.0</ele><time>2026-04-12T16:21:27Z</time></rtept><rtept lat="37.642754" lon="-107.27823"><ele>3796.0</ele><time>2026-04-12T16:21:27Z</time></rtept><rtept lat="37.64269" lon="-107.278267"><ele>3796.0</ele><time>2026-04-12T16:21:27Z</time></rtept><rtept lat="37.642624" lon="-107.278318"><ele>3796.0</ele><time>2026-04-12T16:21:27Z</time></rtept><rtept lat="37.642421" lon="-107.278455"><ele>3795.5</ele><time>2026-04-12T16:21:27Z</time></rtept><rtept lat="37.642159" lon="-107.278495"><ele>3796.09765625</ele><time>2026-04-12T16:21:27Z</time></rtept><rtept lat="37.641997" lon="-107.278465"><ele>3796.69921875</ele><time>2026-04-12T16:21:27Z</time></rtept><rtept lat="37.641941" lon="-107.278446"><ele>3796.796875</ele><time>2026-04-12T16:21:27Z</time></rtept><rtept lat="37.641893" lon="-107.278456"><ele>3796.8984375</ele><time>2026-04-12T16:21:27Z</time></rtept><rtept lat="37.641818" lon="-107.278485"><ele>3797.0</ele><time>2026-04-12T16:21:27Z</time></rtept><rtept lat="37.641726" lon="-107.278569"><ele>3797.0</ele><time>2026-04-12T16:21:27Z</time></rtept><rtept lat="37.641608" lon="-107.278625"><ele>3796.8984375</ele><time>2026-04-12T16:21:27Z</time></rtept><rtept lat="37.641531" lon="-107.278658"><ele>3797.0</ele><time>2026-04-12T16:21:27Z</time></rtept><rtept lat="37.641447" lon="-107.278715"><ele>3797.09765625</ele><time>2026-04-12T16:21:27Z</time></rtept><rtept lat="37.641389" lon="-107.278761"><ele>3797.296875</ele><time>2026-04-12T16:21:27Z</time></rtept><rtept lat="37.641325" lon="-107.278812"><ele>3797.5</ele><time>2026-04-12T16:21:27Z</time></rtept><rtept lat="37.641266" lon="-107.278901"><ele>3797.796875</ele><time>2026-04-12T16:21:27Z</time></rtept><rtept lat="37.641163" lon="-107.278943"><ele>3797.3984375</ele><time>2026-04-12T16:21:27Z</time></rtept><rtept lat="37.641054" lon="-107.279005"><ele>3797.0</ele><time>2026-04-12T16:21:27Z</time></rtept><rtept lat="37.64094" lon="-107.279067"><ele>3796.8984375</ele><time>2026-04-12T16:21:27Z</time></rtept><rtept lat="37.640814" lon="-107.279129"><ele>3796.3984375</ele><time>2026-04-12T16:21:27Z</time></rtept><rtept lat="37.640721" lon="-107.279167"><ele>3796.09765625</ele><time>2026-04-12T16:21:27Z</time></rtept><rtept lat="37.640635" lon="-107.279212"><ele>3795.3984375</ele><time>2026-04-12T16:21:27Z</time></rtept><rtept lat="37.640557" lon="-107.279263"><ele>3794.69921875</ele><time>2026-04-12T16:21:27Z</time></rtept><rtept lat="37.6405" lon="-107.27932"><ele>3794.296875</ele><time>2026-04-12T16:21:27Z</time></rtept><rtept lat="37.640462" lon="-107.279397"><ele>3794.19921875</ele><time>2026-04-12T16:21:27Z</time></rtept><rtept lat="37.640427" lon="-107.279478"><ele>3794.0</ele><time>2026-04-12T16:21:27Z</time></rtept><rtept lat="37.640387" lon="-107.27956"><ele>3793.0</ele><time>2026-04-12T16:21:27Z</time></rtept><rtept lat="37.640359" lon="-107.279625"><ele>3792.19921875</ele><time>2026-04-12T16:21:27Z</time></rtept><rtept lat="37.640192" lon="-107.279851"><ele>3787.8984375</ele><time>2026-04-12T16:21:27Z</time></rtept><rtept lat="37.640177" lon="-107.279916"><ele>3787.19921875</ele><time>2026-04-12T16:21:27Z</time></rtept><rtept lat="37.640145" lon="-107.279968"><ele>3786.19921875</ele><time>2026-04-12T16:21:27Z</time></rtept><rtept lat="37.640097" lon="-107.280014"><ele>3785.296875</ele><time>2026-04-12T16:21:27Z</time></rtept><rtept lat="37.640033" lon="-107.28003"><ele>3784.0</ele><time>2026-04-12T16:21:27Z</time></rtept><rtept lat="37.639973" lon="-107.280034"><ele>3783.0</ele><time>2026-04-12T16:21:27Z</time></rtept><rtept lat="37.639934" lon="-107.280021"><ele>3782.296875</ele><time>2026-04-12T16:21:27Z</time></rtept><rtept lat="37.639878" lon="-107.280001"><ele>3781.296875</ele><time>2026-04-12T16:21:27Z</time></rtept><rtept lat="37.639832" lon="-107.27997"><ele>3780.3984375</ele><time>2026-04-12T16:21:27Z</time></rtept><rtept lat="37.639791" lon="-107.279957"><ele>3779.59765625</ele><time>2026-04-12T16:21:27Z</time></rtept><rtept lat="37.639748" lon="-107.279962"><ele>3778.796875</ele><time>2026-04-12T16:21:27Z</time></rtept><rtept lat="37.639731" lon="-107.279961"><ele>3778.3984375</ele><time>2026-04-12T16:21:27Z</time></rtept><rtept lat="37.639688" lon="-107.27996"><ele>3777.69921875</ele><time>2026-04-12T16:21:27Z</time></rtept><rtept lat="37.639654" lon="-107.279982"><ele>3777.0</ele><time>2026-04-12T16:21:27Z</time></rtept><rtept lat="37.639615" lon="-107.279981"><ele>3776.5</ele><time>2026-04-12T16:21:27Z</time></rtept><rtept lat="37.639559" lon="-107.279962"><ele>3775.19921875</ele><time>2026-04-12T16:21:27Z</time></rtept><rtept lat="37.639512" lon="-107.279949"><ele>3774.3984375</ele><time>2026-04-12T16:21:27Z</time></rtept><rtept lat="37.639447" lon="-107.279964"><ele>3773.59765625</ele><time>2026-04-12T16:21:27Z</time></rtept><rtept lat="37.639399" lon="-107.279981"><ele>3773.09765625</ele><time>2026-04-12T16:21:27Z</time></rtept><rtept lat="37.639351" lon="-107.280003"><ele>3772.59765625</ele><time>2026-04-12T16:21:27Z</time></rtept><rtept lat="37.639299" lon="-107.280025"><ele>3772.09765625</ele><time>2026-04-12T16:21:27Z</time></rtept><rtept lat="37.639274" lon="-107.280031"><ele>3771.69921875</ele><time>2026-04-12T16:21:27Z</time></rtept><rtept lat="37.639238" lon="-107.280041"><ele>3771.3984375</ele><time>2026-04-12T16:21:27Z</time></rtept><rtept lat="37.639161" lon="-107.280038"><ele>3770.296875</ele><time>2026-04-12T16:21:27Z</time></rtept><rtept lat="37.639015" lon="-107.280046"><ele>3768.19921875</ele><time>2026-04-12T16:21:27Z</time></rtept><rtept lat="37.638963" lon="-107.280045"><ele>3765.8984375</ele><time>2026-04-12T16:21:27Z</time></rtept><rtept lat="37.638954" lon="-107.279862"><ele>3761.296875</ele><time>2026-04-12T16:21:27Z</time></rtept><rtept lat="37.639038" lon="-107.279815"><ele>3763.09765625</ele><time>2026-04-12T16:21:27Z</time></rtept><rtept lat="37.638971" lon="-107.279747"><ele>3759.09765625</ele><time>2026-04-12T16:21:27Z</time></rtept><rtept lat="37.638886" lon="-107.279804"><ele>3757.8984375</ele><time>2026-04-12T16:21:27Z</time></rtept><rtept lat="37.63876" lon="-107.280061"><ele>3758.0</ele><time>2026-04-12T16:21:27Z</time></rtept><rtept lat="37.638761" lon="-107.280177"><ele>3759.296875</ele><time>2026-04-12T16:21:27Z</time></rtept><rtept lat="37.638705" lon="-107.280261"><ele>3757.69921875</ele><time>2026-04-12T16:21:27Z</time></rtept><rtept lat="37.638611" lon="-107.280015"><ele>3750.09765625</ele><time>2026-04-12T16:21:27Z</time></rtept><rtept lat="37.638639" lon="-107.279797"><ele>3748.69921875</ele><time>2026-04-12T16:21:27Z</time></rtept><rtept lat="37.638678" lon="-107.279745"><ele>3749.69921875</ele><time>2026-04-12T16:21:27Z</time></rtept><rtept lat="37.638732" lon="-107.279646"><ele>3749.5</ele><time>2026-04-12T16:21:27Z</time></rtept><rtept lat="37.638799" lon="-107.279524"><ele>3748.296875</ele><time>2026-04-12T16:21:27Z</time></rtept><rtept lat="37.638828" lon="-107.279447"><ele>3747.3984375</ele><time>2026-04-12T16:21:27Z</time></rtept><rtept lat="37.638858" lon="-107.279413"><ele>3747.5</ele><time>2026-04-12T16:21:27Z</time></rtept><rtept lat="37.638868" lon="-107.279348"><ele>3746.69921875</ele><time>2026-04-12T16:21:27Z</time></rtept><rtept lat="37.638847" lon="-107.279305"><ele>3745.3984375</ele><time>2026-04-12T16:21:27Z</time></rtept><rtept lat="37.638827" lon="-107.279269"><ele>3744.19921875</ele><time>2026-04-12T16:21:27Z</time></rtept><rtept lat="37.638801" lon="-107.279233"><ele>3742.8984375</ele><time>2026-04-12T16:21:27Z</time></rtept><rtept lat="37.63875" lon="-107.27919"><ele>3741.296875</ele><time>2026-04-12T16:21:27Z</time></rtept><rtept lat="37.638689" lon="-107.279159"><ele>3740.09765625</ele><time>2026-04-12T16:21:27Z</time></rtept><rtept lat="37.638631" lon="-107.279117"><ele>3739.0</ele><time>2026-04-12T16:21:27Z</time></rtept><rtept lat="37.638647" lon="-107.279024"><ele>3738.796875</ele><time>2026-04-12T16:21:27Z</time></rtept><rtept lat="37.638647" lon="-107.278927"><ele>3738.3984375</ele><time>2026-04-12T16:21:27Z</time></rtept><rtept lat="37.638637" lon="-107.278842"><ele>3737.5</ele><time>2026-04-12T16:21:27Z</time></rtept><rtept lat="37.638591" lon="-107.278788"><ele>3736.0</ele><time>2026-04-12T16:21:27Z</time></rtept><rtept lat="37.638551" lon="-107.278721"><ele>3734.296875</ele><time>2026-04-12T16:21:27Z</time></rtept><rtept lat="37.638524" lon="-107.278614"><ele>3732.19921875</ele><time>2026-04-12T16:21:27Z</time></rtept><rtept lat="37.638508" lon="-107.278536"><ele>3731.0</ele><time>2026-04-12T16:21:27Z</time></rtept><rtept lat="37.638482" lon="-107.278322"><ele>3727.19921875</ele><time>2026-04-12T16:21:27Z</time></rtept><rtept lat="37.638458" lon="-107.278191"><ele>3725.3984375</ele><time>2026-04-12T16:21:27Z</time></rtept><rtept lat="37.638416" lon="-107.277911"><ele>3721.19921875</ele><time>2026-04-12T16:21:27Z</time></rtept><rtept lat="37.638394" lon="-107.27775"><ele>3718.3984375</ele><time>2026-04-12T16:21:27Z</time></rtept><rtept lat="37.638355" lon="-107.277577"><ele>3715.0</ele><time>2026-04-12T16:21:27Z</time></rtept><rtept lat="37.638343" lon="-107.277509"><ele>3713.8984375</ele><time>2026-04-12T16:21:27Z</time></rtept><rtept lat="37.638308" lon="-107.27735"><ele>3710.59765625</ele><time>2026-04-12T16:21:27Z</time></rtept><rtept lat="37.638292" lon="-107.277202"><ele>3708.0</ele><time>2026-04-12T16:21:27Z</time></rtept><rtept lat="37.638267" lon="-107.276981"><ele>3705.09765625</ele><time>2026-04-12T16:21:27Z</time></rtept><rtept lat="37.638281" lon="-107.276864"><ele>3704.5</ele><time>2026-04-12T16:21:27Z</time></rtept><rtept lat="37.638315" lon="-107.276722"><ele>3705.0</ele><time>2026-04-12T16:21:27Z</time></rtept><rtept lat="37.638346" lon="-107.276628"><ele>3705.3984375</ele><time>2026-04-12T16:21:27Z</time></rtept><rtept lat="37.638375" lon="-107.276528"><ele>3705.69921875</ele><time>2026-04-12T16:21:27Z</time></rtept><rtept lat="37.638369" lon="-107.276409"><ele>3704.19921875</ele><time>2026-04-12T16:21:27Z</time></rtept><rtept lat="37.638352" lon="-107.27635"><ele>3702.8984375</ele><time>2026-04-12T16:21:27Z</time></rtept><rtept lat="37.638328" lon="-107.276289"><ele>3701.796875</ele><time>2026-04-12T16:21:27Z</time></rtept><rtept lat="37.638311" lon="-107.276224"><ele>3700.69921875</ele><time>2026-04-12T16:21:27Z</time></rtept><rtept lat="37.638271" lon="-107.276116"><ele>3698.796875</ele><time>2026-04-12T16:21:27Z</time></rtept><rtept lat="37.638222" lon="-107.275931"><ele>3696.296875</ele><time>2026-04-12T16:21:27Z</time></rtept><rtept lat="37.638222" lon="-107.275735"><ele>3695.19921875</ele><time>2026-04-12T16:21:27Z</time></rtept><rtept lat="37.638206" lon="-107.275344"><ele>3691.8984375</ele><time>2026-04-12T16:21:27Z</time></rtept><rtept lat="37.638123" lon="-107.274883"><ele>3685.8984375</ele><time>2026-04-12T16:21:27Z</time></rtept><rtept lat="37.637735" lon="-107.273517"><ele>3687.09765625</ele><time>2026-04-12T16:21:27Z</time></rtept><rtept lat="37.637463" lon="-107.273168"><ele>3695.0</ele><time>2026-04-12T16:21:27Z</time></rtept><rtept lat="37.637391" lon="-107.272959"><ele>3699.0</ele><time>2026-04-12T16:21:27Z</time></rtept><rtept lat="37.637165" lon="-107.272702"><ele>3705.296875</ele><time>2026-04-12T16:21:27Z</time></rtept><rtept lat="37.63701" lon="-107.272036"><ele>3715.8984375</ele><time>2026-04-12T16:21:27Z</time></rtept><rtept lat="37.636853" lon="-107.271853"><ele>3719.5</ele><time>2026-04-12T16:21:27Z</time></rtept><rtept lat="37.636806" lon="-107.27154"><ele>3723.296875</ele><time>2026-04-12T16:21:27Z</time></rtept><rtept lat="37.636619" lon="-107.27105"><ele>3729.3984375</ele><time>2026-04-12T16:21:27Z</time></rtept><rtept lat="37.636543" lon="-107.270663"><ele>3731.59765625</ele><time>2026-04-12T16:21:27Z</time></rtept><rtept lat="37.636356" lon="-107.270162"><ele>3735.3984375</ele><time>2026-04-12T16:21:27Z</time></rtept><rtept lat="37.636222" lon="-107.270041"><ele>3737.5</ele><time>2026-04-12T16:21:27Z</time></rtept><rtept lat="37.636126" lon="-107.269842"><ele>3739.19921875</ele><time>2026-04-12T16:21:27Z</time></rtept><rtept lat="37.63581" lon="-107.269423"><ele>3744.19921875</ele><time>2026-04-12T16:21:27Z</time></rtept><rtept lat="37.635711" lon="-107.269175"><ele>3743.8984375</ele><time>2026-04-12T16:21:27Z</time></rtept><rtept lat="37.63512" lon="-107.268169"><ele>3760.5</ele><time>2026-04-12T16:21:27Z</time></rtept><rtept lat="37.634774" lon="-107.268035"><ele>3767.796875</ele><time>2026-04-12T16:21:27Z</time></rtept><rtept lat="37.634623" lon="-107.267701"><ele>3773.09765625</ele><time>2026-04-12T16:21:27Z</time></rtept><rtept lat="37.634602" lon="-107.267575"><ele>3774.796875</ele><time>2026-04-12T16:21:27Z</time></rtept><rtept lat="37.634326" lon="-107.267208"><ele>3784.59765625</ele><time>2026-04-12T16:21:27Z</time></rtept><rtept lat="37.634081" lon="-107.26716"><ele>3790.8984375</ele><time>2026-04-12T16:21:27Z</time></rtept><rtept lat="37.633901" lon="-107.266892"><ele>3798.3984375</ele><time>2026-04-12T16:21:27Z</time></rtept><rtept lat="37.633837" lon="-107.26674"><ele>3800.8984375</ele><time>2026-04-12T16:21:27Z</time></rtept><rtept lat="37.633871" lon="-107.266511"><ele>3803.0</ele><time>2026-04-12T16:21:27Z</time></rtept><rtept lat="37.633813" lon="-107.266267"><ele>3806.296875</ele><time>2026-04-12T16:21:27Z</time></rtept><rtept lat="37.633589" lon="-107.265837"><ele>3813.296875</ele><time>2026-04-12T16:21:27Z</time></rtept><rtept lat="37.633704" lon="-107.265583"><ele>3811.69921875</ele><time>2026-04-12T16:21:27Z</time></rtept><rtept lat="37.633929" lon="-107.265377"><ele>3808.19921875</ele><time>2026-04-12T16:21:27Z</time></rtept><rtept lat="37.634083" lon="-107.265288"><ele>3806.19921875</ele><time>2026-04-12T16:21:27Z</time></rtept><rtept lat="37.634123" lon="-107.265218"><ele>3805.296875</ele><time>2026-04-12T16:21:27Z</time></rtept><rtept lat="37.634325" lon="-107.26506"><ele>3801.8984375</ele><time>2026-04-12T16:21:27Z</time></rtept><rtept lat="37.634516" lon="-107.264964"><ele>3798.19921875</ele><time>2026-04-12T16:21:27Z</time></rtept><rtept lat="37.634593" lon="-107.26487"><ele>3797.3984375</ele><time>2026-04-12T16:21:27Z</time></rtept><rtept lat="37.634851" lon="-107.264502"><ele>3795.8984375</ele><time>2026-04-12T16:21:27Z</time></rtept><rtept lat="37.634928" lon="-107.264435"><ele>3794.796875</ele><time>2026-04-12T16:21:27Z</time></rtept><rtept lat="37.635073" lon="-107.264395"><ele>3792.3984375</ele><time>2026-04-12T16:21:27Z</time></rtept><rtept lat="37.635152" lon="-107.264323"><ele>3791.59765625</ele><time>2026-04-12T16:21:27Z</time></rtept><rtept lat="37.635258" lon="-107.264293"><ele>3788.3984375</ele><time>2026-04-12T16:21:27Z</time></rtept><rtept lat="37.635335" lon="-107.264296"><ele>3785.8984375</ele><time>2026-04-12T16:21:27Z</time></rtept><rtept lat="37.63567" lon="-107.264003"><ele>3779.8984375</ele><time>2026-04-12T16:21:27Z</time></rtept><rtept lat="37.635849" lon="-107.26369"><ele>3777.59765625</ele><time>2026-04-12T16:21:27Z</time></rtept><rtept lat="37.63595" lon="-107.263569"><ele>3776.09765625</ele><time>2026-04-12T16:21:27Z</time></rtept><rtept lat="37.636002" lon="-107.263462"><ele>3776.0</ele><time>2026-04-12T16:21:27Z</time></rtept><rtept lat="37.636119" lon="-107.263354"><ele>3772.796875</ele><time>2026-04-12T16:21:27Z</time></rtept><rtept lat="37.636349" lon="-107.263164"><ele>3765.8984375</ele><time>2026-04-12T16:21:27Z</time></rtept><rtept lat="37.636478" lon="-107.262992"><ele>3763.296875</ele><time>2026-04-12T16:21:27Z</time></rtept><rtept lat="37.636533" lon="-107.262848"><ele>3763.19921875</ele><time>2026-04-12T16:21:27Z</time></rtept><rtept lat="37.6366" lon="-107.262853"><ele>3761.69921875</ele><time>2026-04-12T16:21:27Z</time></rtept><rtept lat="37.636739" lon="-107.262799"><ele>3759.19921875</ele><time>2026-04-12T16:21:27Z</time></rtept><rtept lat="37.636798" lon="-107.262807"><ele>3757.796875</ele><time>2026-04-12T16:21:27Z</time></rtept><rtept lat="37.636944" lon="-107.262839"><ele>3754.0</ele><time>2026-04-12T16:21:27Z</time></rtept><rtept lat="37.636999" lon="-107.262823"><ele>3752.796875</ele><time>2026-04-12T16:21:27Z</time></rtept><rtept lat="37.637034" lon="-107.262759"><ele>3751.8984375</ele><time>2026-04-12T16:21:27Z</time></rtept><rtept lat="37.637074" lon="-107.262748"><ele>3750.69921875</ele><time>2026-04-12T16:21:27Z</time></rtept><rtept lat="37.637137" lon="-107.262703"><ele>3748.5</ele><time>2026-04-12T16:21:27Z</time></rtept><rtept lat="37.63717" lon="-107.262671"><ele>3747.59765625</ele><time>2026-04-12T16:21:27Z</time></rtept><rtept lat="37.637295" lon="-107.262625"><ele>3745.59765625</ele><time>2026-04-12T16:21:27Z</time></rtept><rtept lat="37.63739" lon="-107.26263"><ele>3744.3984375</ele><time>2026-04-12T16:21:27Z</time></rtept><rtept lat="37.637475" lon="-107.26259"><ele>3742.3984375</ele><time>2026-04-12T16:21:27Z</time></rtept><rtept lat="37.637518" lon="-107.26255"><ele>3741.3984375</ele><time>2026-04-12T16:21:27Z</time></rtept><rtept lat="37.637624" lon="-107.262547"><ele>3739.5</ele><time>2026-04-12T16:21:27Z</time></rtept><rtept lat="37.637692" lon="-107.262493"><ele>3738.09765625</ele><time>2026-04-12T16:21:27Z</time></rtept><rtept lat="37.637875" lon="-107.262469"><ele>3735.59765625</ele><time>2026-04-12T16:21:27Z</time></rtept><rtept lat="37.638027" lon="-107.26237"><ele>3731.796875</ele><time>2026-04-12T16:21:27Z</time></rtept><rtept lat="37.638115" lon="-107.262333"><ele>3730.8984375</ele><time>2026-04-12T16:21:27Z</time></rtept><rtept lat="37.63827" lon="-107.262244"><ele>3728.69921875</ele><time>2026-04-12T16:21:27Z</time></rtept><rtept lat="37.638345" lon="-107.262217"><ele>3726.5</ele><time>2026-04-12T16:21:27Z</time></rtept><rtept lat="37.638439" lon="-107.262091"><ele>3722.796875</ele><time>2026-04-12T16:21:27Z</time></rtept><rtept lat="37.638576" lon="-107.261981"><ele>3720.5</ele><time>2026-04-12T16:21:27Z</time></rtept><rtept lat="37.638737" lon="-107.261903"><ele>3717.0</ele><time>2026-04-12T16:21:27Z</time></rtept><rtept lat="37.638824" lon="-107.261815"><ele>3714.5</ele><time>2026-04-12T16:21:27Z</time></rtept><rtept lat="37.638966" lon="-107.261595"><ele>3711.3984375</ele><time>2026-04-12T16:21:27Z</time></rtept><rtept lat="37.639041" lon="-107.261544"><ele>3711.19921875</ele><time>2026-04-12T16:21:27Z</time></rtept><rtept lat="37.63908" lon="-107.261488"><ele>3710.69921875</ele><time>2026-04-12T16:21:27Z</time></rtept><rtept lat="37.639152" lon="-107.261455"><ele>3710.8984375</ele><time>2026-04-12T16:21:27Z</time></rtept><rtept lat="37.639201" lon="-107.26145"><ele>3711.19921875</ele><time>2026-04-12T16:21:27Z</time></rtept><rtept lat="37.639563" lon="-107.261037"><ele>3704.5</ele><time>2026-04-12T16:21:27Z</time></rtept><rtept lat="37.640044" lon="-107.260302"><ele>3698.09765625</ele><time>2026-04-12T16:21:27Z</time></rtept><rtept lat="37.640091" lon="-107.260187"><ele>3697.796875</ele><time>2026-04-12T16:21:27Z</time></rtept><rtept lat="37.640255" lon="-107.259969"><ele>3697.59765625</ele><time>2026-04-12T16:21:27Z</time></rtept><rtept lat="37.640275" lon="-107.259809"><ele>3696.296875</ele><time>2026-04-12T16:21:27Z</time></rtept><rtept lat="37.640345" lon="-107.259693"><ele>3696.3984375</ele><time>2026-04-12T16:21:27Z</time></rtept><rtept lat="37.640358" lon="-107.259626"><ele>3695.796875</ele><time>2026-04-12T16:21:27Z</time></rtept><rtept lat="37.640424" lon="-107.259524"><ele>3695.796875</ele><time>2026-04-12T16:21:27Z</time></rtept><rtept lat="37.64051" lon="-107.259277"><ele>3693.59765625</ele><time>2026-04-12T16:21:27Z</time></rtept><rtept lat="37.640549" lon="-107.259108"><ele>3691.69921875</ele><time>2026-04-12T16:21:27Z</time></rtept><rtept lat="37.640636" lon="-107.258958"><ele>3690.59765625</ele><time>2026-04-12T16:21:27Z</time></rtept><rtept lat="37.640748" lon="-107.258655"><ele>3687.5</ele><time>2026-04-12T16:21:27Z</time></rtept><rtept lat="37.640988" lon="-107.258373"><ele>3684.19921875</ele><time>2026-04-12T16:21:27Z</time></rtept><rtept lat="37.641044" lon="-107.258358"><ele>3683.59765625</ele><time>2026-04-12T16:21:27Z</time></rtept><rtept lat="37.641106" lon="-107.258256"><ele>3681.69921875</ele><time>2026-04-12T16:21:27Z</time></rtept><rtept lat="37.64111" lon="-107.258087"><ele>3679.8984375</ele><time>2026-04-12T16:21:27Z</time></rtept><rtept lat="37.641163" lon="-107.257979"><ele>3678.296875</ele><time>2026-04-12T16:21:27Z</time></rtept><rtept lat="37.641172" lon="-107.257918"><ele>3677.5</ele><time>2026-04-12T16:21:27Z</time></rtept><rtept lat="37.641197" lon="-107.257867"><ele>3676.8984375</ele><time>2026-04-12T16:21:27Z</time></rtept><rtept lat="37.641182" lon="-107.257765"><ele>3675.59765625</ele><time>2026-04-12T16:21:27Z</time></rtept><rtept lat="37.641243" lon="-107.257711"><ele>3675.0</ele><time>2026-04-12T16:21:27Z</time></rtept><rtept lat="37.641265" lon="-107.257641"><ele>3674.0</ele><time>2026-04-12T16:21:27Z</time></rtept><rtept lat="37.641349" lon="-107.257537"><ele>3672.5</ele><time>2026-04-12T16:21:27Z</time></rtept><rtept lat="37.641425" lon="-107.257395"><ele>3670.8984375</ele><time>2026-04-12T16:21:27Z</time></rtept><rtept lat="37.641446" lon="-107.257097"><ele>3667.59765625</ele><time>2026-04-12T16:21:27Z</time></rtept><rtept lat="37.641583" lon="-107.256858"><ele>3664.69921875</ele><time>2026-04-12T16:21:27Z</time></rtept><rtept lat="37.641628" lon="-107.256603"><ele>3660.69921875</ele><time>2026-04-12T16:21:27Z</time></rtept><rtept lat="37.64172" lon="-107.2564"><ele>3657.59765625</ele><time>2026-04-12T16:21:27Z</time></rtept><rtept lat="37.641897" lon="-107.256295"><ele>3655.19921875</ele><time>2026-04-12T16:21:27Z</time></rtept><rtept lat="37.641942" lon="-107.256214"><ele>3652.796875</ele><time>2026-04-12T16:21:27Z</time></rtept><rtept lat="37.642021" lon="-107.256174"><ele>3651.5</ele><time>2026-04-12T16:21:27Z</time></rtept><rtept lat="37.64205" lon="-107.256093"><ele>3649.69921875</ele><time>2026-04-12T16:21:27Z</time></rtept><rtept lat="37.642034" lon="-107.255925"><ele>3646.796875</ele><time>2026-04-12T16:21:27Z</time></rtept><rtept lat="37.641885" lon="-107.25582"><ele>3644.69921875</ele><time>2026-04-12T16:21:27Z</time></rtept><rtept lat="37.641811" lon="-107.255482"><ele>3636.59765625</ele><time>2026-04-12T16:21:27Z</time></rtept><rtept lat="37.641845" lon="-107.255211"><ele>3632.19921875</ele><time>2026-04-12T16:21:27Z</time></rtept><rtept lat="37.641809" lon="-107.25512"><ele>3630.69921875</ele><time>2026-04-12T16:21:27Z</time></rtept><rtept lat="37.641688" lon="-107.255048"><ele>3629.0</ele><time>2026-04-12T16:21:27Z</time></rtept><rtept lat="37.641543" lon="-107.254804"><ele>3623.5</ele><time>2026-04-12T16:21:27Z</time></rtept><rtept lat="37.641369" lon="-107.254723"><ele>3619.69921875</ele><time>2026-04-12T16:21:27Z</time></rtept><rtept lat="37.64128" lon="-107.254742"><ele>3618.8984375</ele><time>2026-04-12T16:21:27Z</time></rtept><rtept lat="37.641138" lon="-107.254721"><ele>3611.59765625</ele><time>2026-04-12T16:21:27Z</time></rtept><rtept lat="37.641068" lon="-107.254796"><ele>3611.0</ele><time>2026-04-12T16:21:27Z</time></rtept><rtept lat="37.640959" lon="-107.25482"><ele>3606.09765625</ele><time>2026-04-12T16:21:27Z</time></rtept><rtept lat="37.640598" lon="-107.255115"><ele>3592.8984375</ele><time>2026-04-12T16:21:27Z</time></rtept><rtept lat="37.640214" lon="-107.255348"><ele>3576.0</ele><time>2026-04-12T16:21:27Z</time></rtept><rtept lat="37.640004" lon="-107.25538"><ele>3567.19921875</ele><time>2026-04-12T16:21:27Z</time></rtept><rtept lat="37.639798" lon="-107.255576"><ele>3563.3984375</ele><time>2026-04-12T16:21:27Z</time></rtept><rtept lat="37.639727" lon="-107.255565"><ele>3561.0</ele><time>2026-04-12T16:21:27Z</time></rtept><rtept lat="37.639566" lon="-107.255592"><ele>3556.09765625</ele><time>2026-04-12T16:21:27Z</time></rtept><rtept lat="37.6394" lon="-107.255697"><ele>3552.796875</ele><time>2026-04-12T16:21:27Z</time></rtept><rtept lat="37.639224" lon="-107.255775"><ele>3549.3984375</ele><time>2026-04-12T16:21:27Z</time></rtept><rtept lat="37.638976" lon="-107.255922"><ele>3547.0</ele><time>2026-04-12T16:21:27Z</time></rtept><rtept lat="37.638935" lon="-107.256019"><ele>3547.0</ele><time>2026-04-12T16:21:27Z</time></rtept><rtept lat="37.63884" lon="-107.256016"><ele>3546.296875</ele><time>2026-04-12T16:21:27Z</time></rtept><rtept lat="37.638711" lon="-107.256061"><ele>3546.0</ele><time>2026-04-12T16:21:27Z</time></rtept><rtept lat="37.638656" lon="-107.256067"><ele>3546.19921875</ele><time>2026-04-12T16:21:27Z</time></rtept><rtept lat="37.63859" lon="-107.256075"><ele>3546.5</ele><time>2026-04-12T16:21:27Z</time></rtept><rtept lat="37.638362" lon="-107.256043"><ele>3547.0</ele><time>2026-04-12T16:21:27Z</time></rtept><rtept lat="37.638043" lon="-107.255517"><ele>3547.0</ele><time>2026-04-12T16:21:27Z</time></rtept><rtept lat="37.63779" lon="-107.255267"><ele>3547.0</ele><time>2026-04-12T16:21:27Z</time></rtept><rtept lat="37.637573" lon="-107.255047"><ele>3547.0</ele><time>2026-04-12T16:21:27Z</time></rtept><rtept lat="37.637573" lon="-107.255047"><ele>3547.0</ele><time>2026-04-12T16:21:27Z</time></rtept></rte></gpx>