<?xml version="1.0" ?><gpx xmlns="http://www.topografix.com/GPX/1/1" creator="GaiaGPS" version="1.1" xmlns:xsi="http://www.w3.org/2001/XMLSchema-instance" xsi:schemaLocation="http://www.topografix.com/GPX/1/1 http://www.topografix.com/GPX/1/1/gpx.xsd"><rte><name>TD21:S5:D4 Grizzly Lake to Cimarrona CG</name><desc></desc><extensions><line xmlns="http://www.topografix.com/GPX/gpx_style/0/2"><color>FFEF00</color></line></extensions><rtept lat="37.638325" lon="-107.256138"><ele>3547.2</ele><time>2026-04-12T16:12:14Z</time></rtept><rtept lat="37.638362" lon="-107.256043"><ele>3547.2</ele><time>2026-04-12T16:12:14Z</time></rtept><rtept lat="37.63859" lon="-107.256075"><ele>3547.0</ele><time>2026-04-12T16:12:14Z</time></rtept><rtept lat="37.638656" lon="-107.256067"><ele>3546.4</ele><time>2026-04-12T16:12:14Z</time></rtept><rtept lat="37.638711" lon="-107.256061"><ele>3545.8</ele><time>2026-04-12T16:12:14Z</time></rtept><rtept lat="37.63884" lon="-107.256016"><ele>3546.0</ele><time>2026-04-12T16:12:14Z</time></rtept><rtept lat="37.638935" lon="-107.256019"><ele>3546.6</ele><time>2026-04-12T16:12:14Z</time></rtept><rtept lat="37.638976" lon="-107.255922"><ele>3547.2</ele><time>2026-04-12T16:12:14Z</time></rtept><rtept lat="37.639224" lon="-107.255775"><ele>3549.0</ele><time>2026-04-12T16:12:14Z</time></rtept><rtept lat="37.6394" lon="-107.255697"><ele>3553.4</ele><time>2026-04-12T16:12:14Z</time></rtept><rtept lat="37.639566" lon="-107.255592"><ele>3556.4</ele><time>2026-04-12T16:12:14Z</time></rtept><rtept lat="37.639727" lon="-107.255565"><ele>3561.4</ele><time>2026-04-12T16:12:14Z</time></rtept><rtept lat="37.639798" lon="-107.255576"><ele>3565.2</ele><time>2026-04-12T16:12:14Z</time></rtept><rtept lat="37.640004" lon="-107.25538"><ele>3568.2</ele><time>2026-04-12T16:12:14Z</time></rtept><rtept lat="37.640214" lon="-107.255348"><ele>3577.8</ele><time>2026-04-12T16:12:14Z</time></rtept><rtept lat="37.640598" lon="-107.255115"><ele>3591.8</ele><time>2026-04-12T16:12:14Z</time></rtept><rtept lat="37.640959" lon="-107.25482"><ele>3612.0</ele><time>2026-04-12T16:12:14Z</time></rtept><rtept lat="37.641068" lon="-107.254796"><ele>3612.0</ele><time>2026-04-12T16:12:14Z</time></rtept><rtept lat="37.641138" lon="-107.254721"><ele>3616.2</ele><time>2026-04-12T16:12:14Z</time></rtept><rtept lat="37.64128" lon="-107.254742"><ele>3621.6</ele><time>2026-04-12T16:12:14Z</time></rtept><rtept lat="37.641369" lon="-107.254723"><ele>3622.8</ele><time>2026-04-12T16:12:14Z</time></rtept><rtept lat="37.641543" lon="-107.254804"><ele>3625.2</ele><time>2026-04-12T16:12:14Z</time></rtept><rtept lat="37.641688" lon="-107.255048"><ele>3629.0</ele><time>2026-04-12T16:12:14Z</time></rtept><rtept lat="37.641809" lon="-107.25512"><ele>3631.0</ele><time>2026-04-12T16:12:14Z</time></rtept><rtept lat="37.641845" lon="-107.255211"><ele>3632.6</ele><time>2026-04-12T16:12:14Z</time></rtept><rtept lat="37.641811" lon="-107.255482"><ele>3636.4</ele><time>2026-04-12T16:12:14Z</time></rtept><rtept lat="37.641885" lon="-107.25582"><ele>3645.2</ele><time>2026-04-12T16:12:14Z</time></rtept><rtept lat="37.642034" lon="-107.255925"><ele>3649.0</ele><time>2026-04-12T16:12:14Z</time></rtept><rtept lat="37.64205" lon="-107.256093"><ele>3651.8</ele><time>2026-04-12T16:12:14Z</time></rtept><rtept lat="37.642021" lon="-107.256174"><ele>3652.2</ele><time>2026-04-12T16:12:14Z</time></rtept><rtept lat="37.641942" lon="-107.256214"><ele>3654.2</ele><time>2026-04-12T16:12:14Z</time></rtept><rtept lat="37.641897" lon="-107.256295"><ele>3656.4</ele><time>2026-04-12T16:12:14Z</time></rtept><rtept lat="37.64172" lon="-107.2564"><ele>3658.8</ele><time>2026-04-12T16:12:14Z</time></rtept><rtept lat="37.641628" lon="-107.256603"><ele>3661.4</ele><time>2026-04-12T16:12:14Z</time></rtept><rtept lat="37.641583" lon="-107.256858"><ele>3664.6</ele><time>2026-04-12T16:12:14Z</time></rtept><rtept lat="37.641446" lon="-107.257097"><ele>3667.8</ele><time>2026-04-12T16:12:14Z</time></rtept><rtept lat="37.641425" lon="-107.257395"><ele>3672.2</ele><time>2026-04-12T16:12:14Z</time></rtept><rtept lat="37.641349" lon="-107.257537"><ele>3673.0</ele><time>2026-04-12T16:12:14Z</time></rtept><rtept lat="37.641265" lon="-107.257641"><ele>3675.0</ele><time>2026-04-12T16:12:14Z</time></rtept><rtept lat="37.641243" lon="-107.257711"><ele>3675.0</ele><time>2026-04-12T16:12:14Z</time></rtept><rtept lat="37.641182" lon="-107.257765"><ele>3676.0</ele><time>2026-04-12T16:12:14Z</time></rtept><rtept lat="37.641197" lon="-107.257867"><ele>3677.2</ele><time>2026-04-12T16:12:14Z</time></rtept><rtept lat="37.641172" lon="-107.257918"><ele>3678.2</ele><time>2026-04-12T16:12:14Z</time></rtept><rtept lat="37.641163" lon="-107.257979"><ele>3679.4</ele><time>2026-04-12T16:12:14Z</time></rtept><rtept lat="37.64111" lon="-107.258087"><ele>3681.0</ele><time>2026-04-12T16:12:14Z</time></rtept><rtept lat="37.641106" lon="-107.258256"><ele>3682.8</ele><time>2026-04-12T16:12:14Z</time></rtept><rtept lat="37.641044" lon="-107.258358"><ele>3684.4</ele><time>2026-04-12T16:12:14Z</time></rtept><rtept lat="37.640988" lon="-107.258373"><ele>3685.0</ele><time>2026-04-12T16:12:14Z</time></rtept><rtept lat="37.640748" lon="-107.258655"><ele>3687.8</ele><time>2026-04-12T16:12:14Z</time></rtept><rtept lat="37.640636" lon="-107.258958"><ele>3691.6</ele><time>2026-04-12T16:12:14Z</time></rtept><rtept lat="37.640549" lon="-107.259108"><ele>3693.4</ele><time>2026-04-12T16:12:14Z</time></rtept><rtept lat="37.64051" lon="-107.259277"><ele>3695.0</ele><time>2026-04-12T16:12:14Z</time></rtept><rtept lat="37.640424" lon="-107.259524"><ele>3697.2</ele><time>2026-04-12T16:12:14Z</time></rtept><rtept lat="37.640358" lon="-107.259626"><ele>3697.4</ele><time>2026-04-12T16:12:14Z</time></rtept><rtept lat="37.640345" lon="-107.259693"><ele>3697.4</ele><time>2026-04-12T16:12:14Z</time></rtept><rtept lat="37.640275" lon="-107.259809"><ele>3698.2</ele><time>2026-04-12T16:12:14Z</time></rtept><rtept lat="37.640255" lon="-107.259969"><ele>3699.0</ele><time>2026-04-12T16:12:14Z</time></rtept><rtept lat="37.640091" lon="-107.260187"><ele>3698.8</ele><time>2026-04-12T16:12:14Z</time></rtept><rtept lat="37.640044" lon="-107.260302"><ele>3700.0</ele><time>2026-04-12T16:12:14Z</time></rtept><rtept lat="37.639563" lon="-107.261037"><ele>3705.6</ele><time>2026-04-12T16:12:14Z</time></rtept><rtept lat="37.639201" lon="-107.26145"><ele>3712.0</ele><time>2026-04-12T16:12:14Z</time></rtept><rtept lat="37.639152" lon="-107.261455"><ele>3712.0</ele><time>2026-04-12T16:12:14Z</time></rtept><rtept lat="37.63908" lon="-107.261488"><ele>3711.6</ele><time>2026-04-12T16:12:14Z</time></rtept><rtept lat="37.639041" lon="-107.261544"><ele>3712.4</ele><time>2026-04-12T16:12:14Z</time></rtept><rtept lat="37.638966" lon="-107.261595"><ele>3713.0</ele><time>2026-04-12T16:12:14Z</time></rtept><rtept lat="37.638824" lon="-107.261815"><ele>3716.0</ele><time>2026-04-12T16:12:14Z</time></rtept><rtept lat="37.638737" lon="-107.261903"><ele>3718.4</ele><time>2026-04-12T16:12:14Z</time></rtept><rtept lat="37.638576" lon="-107.261981"><ele>3721.2</ele><time>2026-04-12T16:12:14Z</time></rtept><rtept lat="37.638439" lon="-107.262091"><ele>3723.2</ele><time>2026-04-12T16:12:14Z</time></rtept><rtept lat="37.638345" lon="-107.262217"><ele>3727.4</ele><time>2026-04-12T16:12:14Z</time></rtept><rtept lat="37.63827" lon="-107.262244"><ele>3729.8</ele><time>2026-04-12T16:12:14Z</time></rtept><rtept lat="37.638115" lon="-107.262333"><ele>3733.4</ele><time>2026-04-12T16:12:14Z</time></rtept><rtept lat="37.638027" lon="-107.26237"><ele>3734.4</ele><time>2026-04-12T16:12:14Z</time></rtept><rtept lat="37.637875" lon="-107.262469"><ele>3736.6</ele><time>2026-04-12T16:12:14Z</time></rtept><rtept lat="37.637692" lon="-107.262493"><ele>3737.6</ele><time>2026-04-12T16:12:14Z</time></rtept><rtept lat="37.637624" lon="-107.262547"><ele>3740.0</ele><time>2026-04-12T16:12:14Z</time></rtept><rtept lat="37.637518" lon="-107.26255"><ele>3743.4</ele><time>2026-04-12T16:12:14Z</time></rtept><rtept lat="37.637475" lon="-107.26259"><ele>3745.0</ele><time>2026-04-12T16:12:14Z</time></rtept><rtept lat="37.63739" lon="-107.26263"><ele>3746.0</ele><time>2026-04-12T16:12:14Z</time></rtept><rtept lat="37.637295" lon="-107.262625"><ele>3747.0</ele><time>2026-04-12T16:12:14Z</time></rtept><rtept lat="37.63717" lon="-107.262671"><ele>3748.0</ele><time>2026-04-12T16:12:14Z</time></rtept><rtept lat="37.637137" lon="-107.262703"><ele>3750.0</ele><time>2026-04-12T16:12:14Z</time></rtept><rtept lat="37.637074" lon="-107.262748"><ele>3750.0</ele><time>2026-04-12T16:12:14Z</time></rtept><rtept lat="37.637034" lon="-107.262759"><ele>3752.0</ele><time>2026-04-12T16:12:14Z</time></rtept><rtept lat="37.636999" lon="-107.262823"><ele>3753.6</ele><time>2026-04-12T16:12:14Z</time></rtept><rtept lat="37.636944" lon="-107.262839"><ele>3753.6</ele><time>2026-04-12T16:12:14Z</time></rtept><rtept lat="37.636798" lon="-107.262807"><ele>3758.4</ele><time>2026-04-12T16:12:14Z</time></rtept><rtept lat="37.636739" lon="-107.262799"><ele>3758.4</ele><time>2026-04-12T16:12:14Z</time></rtept><rtept lat="37.6366" lon="-107.262853"><ele>3761.0</ele><time>2026-04-12T16:12:14Z</time></rtept><rtept lat="37.636533" lon="-107.262848"><ele>3763.2</ele><time>2026-04-12T16:12:14Z</time></rtept><rtept lat="37.636478" lon="-107.262992"><ele>3762.2</ele><time>2026-04-12T16:12:14Z</time></rtept><rtept lat="37.636349" lon="-107.263164"><ele>3763.4</ele><time>2026-04-12T16:12:14Z</time></rtept><rtept lat="37.636119" lon="-107.263354"><ele>3773.6</ele><time>2026-04-12T16:12:14Z</time></rtept><rtept lat="37.636002" lon="-107.263462"><ele>3775.6</ele><time>2026-04-12T16:12:14Z</time></rtept><rtept lat="37.63595" lon="-107.263569"><ele>3775.6</ele><time>2026-04-12T16:12:14Z</time></rtept><rtept lat="37.635849" lon="-107.26369"><ele>3779.0</ele><time>2026-04-12T16:12:14Z</time></rtept><rtept lat="37.63567" lon="-107.264003"><ele>3778.2</ele><time>2026-04-12T16:12:14Z</time></rtept><rtept lat="37.635335" lon="-107.264296"><ele>3785.2</ele><time>2026-04-12T16:12:14Z</time></rtept><rtept lat="37.635258" lon="-107.264293"><ele>3787.6</ele><time>2026-04-12T16:12:14Z</time></rtept><rtept lat="37.635152" lon="-107.264323"><ele>3792.2</ele><time>2026-04-12T16:12:14Z</time></rtept><rtept lat="37.635073" lon="-107.264395"><ele>3793.2</ele><time>2026-04-12T16:12:14Z</time></rtept><rtept lat="37.634928" lon="-107.264435"><ele>3795.0</ele><time>2026-04-12T16:12:14Z</time></rtept><rtept lat="37.634851" lon="-107.264502"><ele>3795.4</ele><time>2026-04-12T16:12:14Z</time></rtept><rtept lat="37.634593" lon="-107.26487"><ele>3797.4</ele><time>2026-04-12T16:12:14Z</time></rtept><rtept lat="37.634516" lon="-107.264964"><ele>3798.6</ele><time>2026-04-12T16:12:14Z</time></rtept><rtept lat="37.634325" lon="-107.26506"><ele>3802.6</ele><time>2026-04-12T16:12:14Z</time></rtept><rtept lat="37.634123" lon="-107.265218"><ele>3806.4</ele><time>2026-04-12T16:12:14Z</time></rtept><rtept lat="37.634083" lon="-107.265288"><ele>3806.4</ele><time>2026-04-12T16:12:14Z</time></rtept><rtept lat="37.633929" lon="-107.265377"><ele>3808.8</ele><time>2026-04-12T16:12:14Z</time></rtept><rtept lat="37.633704" lon="-107.265583"><ele>3811.4</ele><time>2026-04-12T16:12:14Z</time></rtept><rtept lat="37.633591" lon="-107.265832"><ele>3813.4</ele><time>2026-04-12T16:12:14Z</time></rtept><rtept lat="37.633588" lon="-107.265836"><ele>3813.4</ele><time>2026-04-12T16:12:14Z</time></rtept><rtept lat="37.633437" lon="-107.265883"><ele>3815.4</ele><time>2026-04-12T16:12:14Z</time></rtept><rtept lat="37.633334" lon="-107.265909"><ele>3817.8</ele><time>2026-04-12T16:12:14Z</time></rtept><rtept lat="37.633265" lon="-107.265942"><ele>3819.2</ele><time>2026-04-12T16:12:14Z</time></rtept><rtept lat="37.633226" lon="-107.265967"><ele>3818.6</ele><time>2026-04-12T16:12:14Z</time></rtept><rtept lat="37.633153" lon="-107.265987"><ele>3820.0</ele><time>2026-04-12T16:12:14Z</time></rtept><rtept lat="37.633111" lon="-107.265975"><ele>3821.2</ele><time>2026-04-12T16:12:14Z</time></rtept><rtept lat="37.633056" lon="-107.26598"><ele>3822.8</ele><time>2026-04-12T16:12:14Z</time></rtept><rtept lat="37.633025" lon="-107.265969"><ele>3822.8</ele><time>2026-04-12T16:12:14Z</time></rtept><rtept lat="37.633" lon="-107.265988"><ele>3822.8</ele><time>2026-04-12T16:12:14Z</time></rtept><rtept lat="37.632975" lon="-107.266002"><ele>3824.6</ele><time>2026-04-12T16:12:14Z</time></rtept><rtept lat="37.632943" lon="-107.266006"><ele>3824.6</ele><time>2026-04-12T16:12:14Z</time></rtept><rtept lat="37.632914" lon="-107.266001"><ele>3826.4</ele><time>2026-04-12T16:12:14Z</time></rtept><rtept lat="37.632889" lon="-107.265997"><ele>3826.4</ele><time>2026-04-12T16:12:14Z</time></rtept><rtept lat="37.632824" lon="-107.266"><ele>3828.4</ele><time>2026-04-12T16:12:14Z</time></rtept><rtept lat="37.632799" lon="-107.266009"><ele>3828.4</ele><time>2026-04-12T16:12:14Z</time></rtept><rtept lat="37.63277" lon="-107.266013"><ele>3830.0</ele><time>2026-04-12T16:12:14Z</time></rtept><rtept lat="37.63274" lon="-107.266019"><ele>3830.0</ele><time>2026-04-12T16:12:14Z</time></rtept><rtept lat="37.63272" lon="-107.266026"><ele>3831.0</ele><time>2026-04-12T16:12:14Z</time></rtept><rtept lat="37.632702" lon="-107.26604"><ele>3831.0</ele><time>2026-04-12T16:12:14Z</time></rtept><rtept lat="37.632666" lon="-107.266029"><ele>3831.0</ele><time>2026-04-12T16:12:14Z</time></rtept><rtept lat="37.632636" lon="-107.266028"><ele>3832.0</ele><time>2026-04-12T16:12:14Z</time></rtept><rtept lat="37.632612" lon="-107.266038"><ele>3832.0</ele><time>2026-04-12T16:12:14Z</time></rtept><rtept lat="37.632582" lon="-107.266042"><ele>3833.0</ele><time>2026-04-12T16:12:14Z</time></rtept><rtept lat="37.632557" lon="-107.266049"><ele>3832.8</ele><time>2026-04-12T16:12:14Z</time></rtept><rtept lat="37.632541" lon="-107.266057"><ele>3832.8</ele><time>2026-04-12T16:12:14Z</time></rtept><rtept lat="37.632516" lon="-107.266075"><ele>3834.0</ele><time>2026-04-12T16:12:14Z</time></rtept><rtept lat="37.6325" lon="-107.266074"><ele>3834.0</ele><time>2026-04-12T16:12:14Z</time></rtept><rtept lat="37.63248" lon="-107.266083"><ele>3834.0</ele><time>2026-04-12T16:12:14Z</time></rtept><rtept lat="37.632455" lon="-107.266085"><ele>3834.0</ele><time>2026-04-12T16:12:14Z</time></rtept><rtept lat="37.632426" lon="-107.266086"><ele>3835.0</ele><time>2026-04-12T16:12:14Z</time></rtept><rtept lat="37.632394" lon="-107.266092"><ele>3835.0</ele><time>2026-04-12T16:12:14Z</time></rtept><rtept lat="37.632371" lon="-107.266108"><ele>3836.2</ele><time>2026-04-12T16:12:14Z</time></rtept><rtept lat="37.632355" lon="-107.266132"><ele>3837.2</ele><time>2026-04-12T16:12:14Z</time></rtept><rtept lat="37.632348" lon="-107.266158"><ele>3837.2</ele><time>2026-04-12T16:12:14Z</time></rtept><rtept lat="37.632331" lon="-107.266191"><ele>3837.2</ele><time>2026-04-12T16:12:14Z</time></rtept><rtept lat="37.632317" lon="-107.266222"><ele>3837.8</ele><time>2026-04-12T16:12:14Z</time></rtept><rtept lat="37.632301" lon="-107.266239"><ele>3839.8</ele><time>2026-04-12T16:12:14Z</time></rtept><rtept lat="37.632279" lon="-107.266234"><ele>3839.8</ele><time>2026-04-12T16:12:14Z</time></rtept><rtept lat="37.632257" lon="-107.266227"><ele>3839.8</ele><time>2026-04-12T16:12:14Z</time></rtept><rtept lat="37.632245" lon="-107.26624"><ele>3841.2</ele><time>2026-04-12T16:12:14Z</time></rtept><rtept lat="37.632242" lon="-107.266262"><ele>3841.2</ele><time>2026-04-12T16:12:14Z</time></rtept><rtept lat="37.632244" lon="-107.266284"><ele>3841.2</ele><time>2026-04-12T16:12:14Z</time></rtept><rtept lat="37.63225" lon="-107.266306"><ele>3840.2</ele><time>2026-04-12T16:12:14Z</time></rtept><rtept lat="37.632261" lon="-107.266338"><ele>3840.2</ele><time>2026-04-12T16:12:14Z</time></rtept><rtept lat="37.632263" lon="-107.266376"><ele>3840.2</ele><time>2026-04-12T16:12:14Z</time></rtept><rtept lat="37.632262" lon="-107.266414"><ele>3840.0</ele><time>2026-04-12T16:12:14Z</time></rtept><rtept lat="37.632261" lon="-107.266446"><ele>3840.0</ele><time>2026-04-12T16:12:14Z</time></rtept><rtept lat="37.632261" lon="-107.266482"><ele>3839.4</ele><time>2026-04-12T16:12:14Z</time></rtept><rtept lat="37.63226" lon="-107.266515"><ele>3839.4</ele><time>2026-04-12T16:12:14Z</time></rtept><rtept lat="37.632255" lon="-107.26654"><ele>3839.4</ele><time>2026-04-12T16:12:14Z</time></rtept><rtept lat="37.63225" lon="-107.266564"><ele>3838.4</ele><time>2026-04-12T16:12:14Z</time></rtept><rtept lat="37.632229" lon="-107.266585"><ele>3840.6</ele><time>2026-04-12T16:12:14Z</time></rtept><rtept lat="37.632213" lon="-107.266605"><ele>3840.6</ele><time>2026-04-12T16:12:14Z</time></rtept><rtept lat="37.632204" lon="-107.266626"><ele>3840.6</ele><time>2026-04-12T16:12:14Z</time></rtept><rtept lat="37.632188" lon="-107.266643"><ele>3840.6</ele><time>2026-04-12T16:12:14Z</time></rtept><rtept lat="37.632169" lon="-107.266653"><ele>3841.2</ele><time>2026-04-12T16:12:14Z</time></rtept><rtept lat="37.632151" lon="-107.266662"><ele>3841.2</ele><time>2026-04-12T16:12:14Z</time></rtept><rtept lat="37.632126" lon="-107.266671"><ele>3841.2</ele><time>2026-04-12T16:12:14Z</time></rtept><rtept lat="37.632097" lon="-107.266683"><ele>3843.0</ele><time>2026-04-12T16:12:14Z</time></rtept><rtept lat="37.632067" lon="-107.266696"><ele>3843.0</ele><time>2026-04-12T16:12:14Z</time></rtept><rtept lat="37.632036" lon="-107.266702"><ele>3844.4</ele><time>2026-04-12T16:12:14Z</time></rtept><rtept lat="37.632006" lon="-107.266712"><ele>3844.4</ele><time>2026-04-12T16:12:14Z</time></rtept><rtept lat="37.631974" lon="-107.266721"><ele>3846.0</ele><time>2026-04-12T16:12:14Z</time></rtept><rtept lat="37.631954" lon="-107.266742"><ele>3845.0</ele><time>2026-04-12T16:12:14Z</time></rtept><rtept lat="37.631937" lon="-107.266774"><ele>3845.0</ele><time>2026-04-12T16:12:14Z</time></rtept><rtept lat="37.631921" lon="-107.266806"><ele>3845.0</ele><time>2026-04-12T16:12:14Z</time></rtept><rtept lat="37.631905" lon="-107.266835"><ele>3845.6</ele><time>2026-04-12T16:12:14Z</time></rtept><rtept lat="37.631831" lon="-107.266919"><ele>3846.2</ele><time>2026-04-12T16:12:14Z</time></rtept><rtept lat="37.631817" lon="-107.266934"><ele>3846.2</ele><time>2026-04-12T16:12:14Z</time></rtept><rtept lat="37.631808" lon="-107.266943"><ele>3846.2</ele><time>2026-04-12T16:12:14Z</time></rtept><rtept lat="37.631716" lon="-107.267023"><ele>3846.6</ele><time>2026-04-12T16:12:14Z</time></rtept><rtept lat="37.631696" lon="-107.267042"><ele>3847.8</ele><time>2026-04-12T16:12:14Z</time></rtept><rtept lat="37.631679" lon="-107.267062"><ele>3847.8</ele><time>2026-04-12T16:12:14Z</time></rtept><rtept lat="37.631659" lon="-107.267085"><ele>3847.0</ele><time>2026-04-12T16:12:14Z</time></rtept><rtept lat="37.631634" lon="-107.267093"><ele>3847.8</ele><time>2026-04-12T16:12:14Z</time></rtept><rtept lat="37.631627" lon="-107.267081"><ele>3847.8</ele><time>2026-04-12T16:12:14Z</time></rtept><rtept lat="37.63163" lon="-107.267049"><ele>3848.8</ele><time>2026-04-12T16:12:14Z</time></rtept><rtept lat="37.631631" lon="-107.267018"><ele>3848.8</ele><time>2026-04-12T16:12:14Z</time></rtept><rtept lat="37.631625" lon="-107.266988"><ele>3850.0</ele><time>2026-04-12T16:12:14Z</time></rtept><rtept lat="37.631634" lon="-107.266957"><ele>3850.0</ele><time>2026-04-12T16:12:14Z</time></rtept><rtept lat="37.631639" lon="-107.266928"><ele>3848.8</ele><time>2026-04-12T16:12:14Z</time></rtept><rtept lat="37.63164" lon="-107.266892"><ele>3849.8</ele><time>2026-04-12T16:12:14Z</time></rtept><rtept lat="37.631638" lon="-107.266854"><ele>3849.8</ele><time>2026-04-12T16:12:14Z</time></rtept><rtept lat="37.631619" lon="-107.266839"><ele>3851.0</ele><time>2026-04-12T16:12:14Z</time></rtept><rtept lat="37.631582" lon="-107.266837"><ele>3851.0</ele><time>2026-04-12T16:12:14Z</time></rtept><rtept lat="37.631484" lon="-107.266884"><ele>3853.0</ele><time>2026-04-12T16:12:14Z</time></rtept><rtept lat="37.631367" lon="-107.266942"><ele>3852.8</ele><time>2026-04-12T16:12:14Z</time></rtept><rtept lat="37.631267" lon="-107.267009"><ele>3853.8</ele><time>2026-04-12T16:12:14Z</time></rtept><rtept lat="37.631154" lon="-107.267076"><ele>3855.6</ele><time>2026-04-12T16:12:14Z</time></rtept><rtept lat="37.631075" lon="-107.267118"><ele>3857.6</ele><time>2026-04-12T16:12:14Z</time></rtept><rtept lat="37.631026" lon="-107.267154"><ele>3857.6</ele><time>2026-04-12T16:12:14Z</time></rtept><rtept lat="37.630938" lon="-107.267212"><ele>3860.2</ele><time>2026-04-12T16:12:14Z</time></rtept><rtept lat="37.630949" lon="-107.26718"><ele>3860.2</ele><time>2026-04-12T16:12:14Z</time></rtept><rtept lat="37.630949" lon="-107.26718"><ele>3860.2</ele><time>2026-04-12T16:12:14Z</time></rtept><rtept lat="37.630965" lon="-107.267131"><ele>3859.8</ele><time>2026-04-12T16:12:14Z</time></rtept><rtept lat="37.63101" lon="-107.267052"><ele>3862.0</ele><time>2026-04-12T16:12:14Z</time></rtept><rtept lat="37.631052" lon="-107.266916"><ele>3862.0</ele><time>2026-04-12T16:12:14Z</time></rtept><rtept lat="37.63103" lon="-107.266879"><ele>3864.2</ele><time>2026-04-12T16:12:14Z</time></rtept><rtept lat="37.631007" lon="-107.266896"><ele>3867.0</ele><time>2026-04-12T16:12:14Z</time></rtept><rtept lat="37.630986" lon="-107.266916"><ele>3864.2</ele><time>2026-04-12T16:12:14Z</time></rtept><rtept lat="37.630968" lon="-107.266929"><ele>3864.2</ele><time>2026-04-12T16:12:14Z</time></rtept><rtept lat="37.63095" lon="-107.266928"><ele>3867.2</ele><time>2026-04-12T16:12:14Z</time></rtept><rtept lat="37.630975" lon="-107.266845"><ele>3867.0</ele><time>2026-04-12T16:12:14Z</time></rtept><rtept lat="37.630931" lon="-107.266858"><ele>3870.4</ele><time>2026-04-12T16:12:14Z</time></rtept><rtept lat="37.630883" lon="-107.266932"><ele>3870.8</ele><time>2026-04-12T16:12:14Z</time></rtept><rtept lat="37.630835" lon="-107.266981"><ele>3870.8</ele><time>2026-04-12T16:12:14Z</time></rtept><rtept lat="37.630788" lon="-107.267024"><ele>3871.8</ele><time>2026-04-12T16:12:14Z</time></rtept><rtept lat="37.630757" lon="-107.267026"><ele>3871.8</ele><time>2026-04-12T16:12:14Z</time></rtept><rtept lat="37.630746" lon="-107.266983"><ele>3880.8</ele><time>2026-04-12T16:12:14Z</time></rtept><rtept lat="37.630749" lon="-107.266961"><ele>3880.8</ele><time>2026-04-12T16:12:14Z</time></rtept><rtept lat="37.630754" lon="-107.266927"><ele>3875.2</ele><time>2026-04-12T16:12:14Z</time></rtept><rtept lat="37.630759" lon="-107.266891"><ele>3878.8</ele><time>2026-04-12T16:12:14Z</time></rtept><rtept lat="37.630774" lon="-107.26686"><ele>3878.8</ele><time>2026-04-12T16:12:14Z</time></rtept><rtept lat="37.630775" lon="-107.26682"><ele>3878.8</ele><time>2026-04-12T16:12:14Z</time></rtept><rtept lat="37.630789" lon="-107.266784"><ele>3882.4</ele><time>2026-04-12T16:12:14Z</time></rtept><rtept lat="37.630797" lon="-107.266747"><ele>3882.4</ele><time>2026-04-12T16:12:14Z</time></rtept><rtept lat="37.630799" lon="-107.266712"><ele>3885.8</ele><time>2026-04-12T16:12:14Z</time></rtept><rtept lat="37.63081" lon="-107.266681"><ele>3885.8</ele><time>2026-04-12T16:12:14Z</time></rtept><rtept lat="37.630822" lon="-107.266648"><ele>3881.4</ele><time>2026-04-12T16:12:14Z</time></rtept><rtept lat="37.630825" lon="-107.266618"><ele>3884.0</ele><time>2026-04-12T16:12:14Z</time></rtept><rtept lat="37.630814" lon="-107.266591"><ele>3888.2</ele><time>2026-04-12T16:12:14Z</time></rtept><rtept lat="37.630795" lon="-107.266565"><ele>3888.2</ele><time>2026-04-12T16:12:14Z</time></rtept><rtept lat="37.63077" lon="-107.266539"><ele>3889.0</ele><time>2026-04-12T16:12:14Z</time></rtept><rtept lat="37.630746" lon="-107.266519"><ele>3892.2</ele><time>2026-04-12T16:12:14Z</time></rtept><rtept lat="37.630719" lon="-107.266499"><ele>3892.2</ele><time>2026-04-12T16:12:14Z</time></rtept><rtept lat="37.63069" lon="-107.26648"><ele>3892.2</ele><time>2026-04-12T16:12:14Z</time></rtept><rtept lat="37.630661" lon="-107.266461"><ele>3893.6</ele><time>2026-04-12T16:12:14Z</time></rtept><rtept lat="37.63063" lon="-107.266444"><ele>3893.6</ele><time>2026-04-12T16:12:14Z</time></rtept><rtept lat="37.630603" lon="-107.266422"><ele>3895.0</ele><time>2026-04-12T16:12:14Z</time></rtept><rtept lat="37.630581" lon="-107.266399"><ele>3895.0</ele><time>2026-04-12T16:12:14Z</time></rtept><rtept lat="37.630557" lon="-107.26638"><ele>3894.2</ele><time>2026-04-12T16:12:14Z</time></rtept><rtept lat="37.630533" lon="-107.266362"><ele>3895.2</ele><time>2026-04-12T16:12:14Z</time></rtept><rtept lat="37.630506" lon="-107.266346"><ele>3895.2</ele><time>2026-04-12T16:12:14Z</time></rtept><rtept lat="37.630484" lon="-107.266333"><ele>3895.2</ele><time>2026-04-12T16:12:14Z</time></rtept><rtept lat="37.630461" lon="-107.266312"><ele>3896.2</ele><time>2026-04-12T16:12:14Z</time></rtept><rtept lat="37.630442" lon="-107.266292"><ele>3895.2</ele><time>2026-04-12T16:12:14Z</time></rtept><rtept lat="37.630417" lon="-107.266282"><ele>3895.2</ele><time>2026-04-12T16:12:14Z</time></rtept><rtept lat="37.63039" lon="-107.266273"><ele>3896.0</ele><time>2026-04-12T16:12:14Z</time></rtept><rtept lat="37.630368" lon="-107.26626"><ele>3896.0</ele><time>2026-04-12T16:12:14Z</time></rtept><rtept lat="37.630352" lon="-107.266247"><ele>3896.0</ele><time>2026-04-12T16:12:14Z</time></rtept><rtept lat="37.63028" lon="-107.266162"><ele>3896.0</ele><time>2026-04-12T16:12:14Z</time></rtept><rtept lat="37.630271" lon="-107.266132"><ele>3896.2</ele><time>2026-04-12T16:12:14Z</time></rtept><rtept lat="37.630267" lon="-107.266115"><ele>3895.8</ele><time>2026-04-12T16:12:14Z</time></rtept><rtept lat="37.630254" lon="-107.266093"><ele>3895.8</ele><time>2026-04-12T16:12:14Z</time></rtept><rtept lat="37.630232" lon="-107.26606"><ele>3895.8</ele><time>2026-04-12T16:12:14Z</time></rtept><rtept lat="37.630226" lon="-107.266025"><ele>3894.8</ele><time>2026-04-12T16:12:14Z</time></rtept><rtept lat="37.630204" lon="-107.265976"><ele>3895.4</ele><time>2026-04-12T16:12:14Z</time></rtept><rtept lat="37.630198" lon="-107.265968"><ele>3895.4</ele><time>2026-04-12T16:12:14Z</time></rtept><rtept lat="37.630176" lon="-107.265941"><ele>3894.8</ele><time>2026-04-12T16:12:14Z</time></rtept><rtept lat="37.630151" lon="-107.265913"><ele>3894.8</ele><time>2026-04-12T16:12:14Z</time></rtept><rtept lat="37.630132" lon="-107.265884"><ele>3894.6</ele><time>2026-04-12T16:12:14Z</time></rtept><rtept lat="37.630108" lon="-107.265856"><ele>3893.8</ele><time>2026-04-12T16:12:14Z</time></rtept><rtept lat="37.630094" lon="-107.265833"><ele>3893.8</ele><time>2026-04-12T16:12:14Z</time></rtept><rtept lat="37.630091" lon="-107.265801"><ele>3893.8</ele><time>2026-04-12T16:12:14Z</time></rtept><rtept lat="37.630075" lon="-107.265764"><ele>3892.2</ele><time>2026-04-12T16:12:14Z</time></rtept><rtept lat="37.630056" lon="-107.265732"><ele>3891.2</ele><time>2026-04-12T16:12:14Z</time></rtept><rtept lat="37.630034" lon="-107.265696"><ele>3889.4</ele><time>2026-04-12T16:12:14Z</time></rtept><rtept lat="37.630019" lon="-107.265668"><ele>3889.4</ele><time>2026-04-12T16:12:14Z</time></rtept><rtept lat="37.630004" lon="-107.265639"><ele>3889.4</ele><time>2026-04-12T16:12:14Z</time></rtept><rtept lat="37.629986" lon="-107.265606"><ele>3884.0</ele><time>2026-04-12T16:12:14Z</time></rtept><rtept lat="37.629967" lon="-107.265569"><ele>3884.0</ele><time>2026-04-12T16:12:14Z</time></rtept><rtept lat="37.629943" lon="-107.265536"><ele>3884.0</ele><time>2026-04-12T16:12:14Z</time></rtept><rtept lat="37.629923" lon="-107.265507"><ele>3879.8</ele><time>2026-04-12T16:12:14Z</time></rtept><rtept lat="37.629901" lon="-107.265473"><ele>3879.8</ele><time>2026-04-12T16:12:14Z</time></rtept><rtept lat="37.629879" lon="-107.26544"><ele>3878.8</ele><time>2026-04-12T16:12:14Z</time></rtept><rtept lat="37.629857" lon="-107.26541"><ele>3877.4</ele><time>2026-04-12T16:12:14Z</time></rtept><rtept lat="37.629831" lon="-107.265385"><ele>3877.4</ele><time>2026-04-12T16:12:14Z</time></rtept><rtept lat="37.629808" lon="-107.265362"><ele>3877.4</ele><time>2026-04-12T16:12:14Z</time></rtept><rtept lat="37.629777" lon="-107.26534"><ele>3875.4</ele><time>2026-04-12T16:12:14Z</time></rtept><rtept lat="37.629746" lon="-107.265318"><ele>3875.4</ele><time>2026-04-12T16:12:14Z</time></rtept><rtept lat="37.629722" lon="-107.265295"><ele>3874.2</ele><time>2026-04-12T16:12:14Z</time></rtept><rtept lat="37.6297" lon="-107.265276"><ele>3874.2</ele><time>2026-04-12T16:12:14Z</time></rtept><rtept lat="37.629673" lon="-107.265238"><ele>3873.6</ele><time>2026-04-12T16:12:14Z</time></rtept><rtept lat="37.629656" lon="-107.26521"><ele>3872.6</ele><time>2026-04-12T16:12:14Z</time></rtept><rtept lat="37.629638" lon="-107.265179"><ele>3872.2</ele><time>2026-04-12T16:12:14Z</time></rtept><rtept lat="37.629626" lon="-107.265141"><ele>3872.2</ele><time>2026-04-12T16:12:14Z</time></rtept><rtept lat="37.629613" lon="-107.265109"><ele>3872.2</ele><time>2026-04-12T16:12:14Z</time></rtept><rtept lat="37.629595" lon="-107.265073"><ele>3870.6</ele><time>2026-04-12T16:12:14Z</time></rtept><rtept lat="37.62958" lon="-107.265037"><ele>3870.6</ele><time>2026-04-12T16:12:14Z</time></rtept><rtept lat="37.62957" lon="-107.264996"><ele>3870.2</ele><time>2026-04-12T16:12:14Z</time></rtept><rtept lat="37.629552" lon="-107.264963"><ele>3870.2</ele><time>2026-04-12T16:12:14Z</time></rtept><rtept lat="37.629535" lon="-107.264933"><ele>3870.2</ele><time>2026-04-12T16:12:14Z</time></rtept><rtept lat="37.629513" lon="-107.264902"><ele>3868.8</ele><time>2026-04-12T16:12:14Z</time></rtept><rtept lat="37.629491" lon="-107.264885"><ele>3868.8</ele><time>2026-04-12T16:12:14Z</time></rtept><rtept lat="37.629466" lon="-107.264858"><ele>3868.8</ele><time>2026-04-12T16:12:14Z</time></rtept><rtept lat="37.629445" lon="-107.264824"><ele>3866.8</ele><time>2026-04-12T16:12:14Z</time></rtept><rtept lat="37.629423" lon="-107.264793"><ele>3866.8</ele><time>2026-04-12T16:12:14Z</time></rtept><rtept lat="37.629401" lon="-107.264759"><ele>3866.8</ele><time>2026-04-12T16:12:14Z</time></rtept><rtept lat="37.629386" lon="-107.264712"><ele>3864.8</ele><time>2026-04-12T16:12:14Z</time></rtept><rtept lat="37.629378" lon="-107.264678"><ele>3864.8</ele><time>2026-04-12T16:12:14Z</time></rtept><rtept lat="37.629367" lon="-107.26465"><ele>3864.2</ele><time>2026-04-12T16:12:14Z</time></rtept><rtept lat="37.629345" lon="-107.264629"><ele>3864.2</ele><time>2026-04-12T16:12:14Z</time></rtept><rtept lat="37.629323" lon="-107.264611"><ele>3862.6</ele><time>2026-04-12T16:12:14Z</time></rtept><rtept lat="37.629301" lon="-107.264551"><ele>3862.0</ele><time>2026-04-12T16:12:14Z</time></rtept><rtept lat="37.629293" lon="-107.264526"><ele>3862.0</ele><time>2026-04-12T16:12:14Z</time></rtept><rtept lat="37.629287" lon="-107.264494"><ele>3861.4</ele><time>2026-04-12T16:12:14Z</time></rtept><rtept lat="37.629269" lon="-107.264474"><ele>3861.4</ele><time>2026-04-12T16:12:14Z</time></rtept><rtept lat="37.629254" lon="-107.264438"><ele>3859.8</ele><time>2026-04-12T16:12:14Z</time></rtept><rtept lat="37.629243" lon="-107.26441"><ele>3859.4</ele><time>2026-04-12T16:12:14Z</time></rtept><rtept lat="37.629239" lon="-107.26438"><ele>3859.4</ele><time>2026-04-12T16:12:14Z</time></rtept><rtept lat="37.629233" lon="-107.264355"><ele>3859.4</ele><time>2026-04-12T16:12:14Z</time></rtept><rtept lat="37.629231" lon="-107.264316"><ele>3859.0</ele><time>2026-04-12T16:12:14Z</time></rtept><rtept lat="37.629244" lon="-107.264279"><ele>3859.0</ele><time>2026-04-12T16:12:14Z</time></rtept><rtept lat="37.629251" lon="-107.264242"><ele>3858.6</ele><time>2026-04-12T16:12:14Z</time></rtept><rtept lat="37.629249" lon="-107.264202"><ele>3858.6</ele><time>2026-04-12T16:12:14Z</time></rtept><rtept lat="37.629246" lon="-107.264168"><ele>3858.6</ele><time>2026-04-12T16:12:14Z</time></rtept><rtept lat="37.629239" lon="-107.264141"><ele>3858.2</ele><time>2026-04-12T16:12:14Z</time></rtept><rtept lat="37.629231" lon="-107.264123"><ele>3858.2</ele><time>2026-04-12T16:12:14Z</time></rtept><rtept lat="37.629215" lon="-107.264102"><ele>3858.2</ele><time>2026-04-12T16:12:14Z</time></rtept><rtept lat="37.629211" lon="-107.264069"><ele>3857.6</ele><time>2026-04-12T16:12:14Z</time></rtept><rtept lat="37.629201" lon="-107.264045"><ele>3857.6</ele><time>2026-04-12T16:12:14Z</time></rtept><rtept lat="37.629185" lon="-107.264021"><ele>3855.8</ele><time>2026-04-12T16:12:14Z</time></rtept><rtept lat="37.629181" lon="-107.263988"><ele>3855.8</ele><time>2026-04-12T16:12:14Z</time></rtept><rtept lat="37.629182" lon="-107.263947"><ele>3855.0</ele><time>2026-04-12T16:12:14Z</time></rtept><rtept lat="37.629167" lon="-107.263905"><ele>3855.0</ele><time>2026-04-12T16:12:14Z</time></rtept><rtept lat="37.629159" lon="-107.263872"><ele>3854.0</ele><time>2026-04-12T16:12:14Z</time></rtept><rtept lat="37.629146" lon="-107.263835"><ele>3854.0</ele><time>2026-04-12T16:12:14Z</time></rtept><rtept lat="37.629138" lon="-107.263795"><ele>3852.8</ele><time>2026-04-12T16:12:14Z</time></rtept><rtept lat="37.629129" lon="-107.263759"><ele>3852.8</ele><time>2026-04-12T16:12:14Z</time></rtept><rtept lat="37.629116" lon="-107.263732"><ele>3850.8</ele><time>2026-04-12T16:12:14Z</time></rtept><rtept lat="37.62911" lon="-107.26372"><ele>3849.6</ele><time>2026-04-12T16:12:14Z</time></rtept><rtept lat="37.629099" lon="-107.263695"><ele>3849.6</ele><time>2026-04-12T16:12:14Z</time></rtept><rtept lat="37.629093" lon="-107.263678"><ele>3849.6</ele><time>2026-04-12T16:12:14Z</time></rtept><rtept lat="37.629082" lon="-107.26365"><ele>3849.6</ele><time>2026-04-12T16:12:14Z</time></rtept><rtept lat="37.629076" lon="-107.263614"><ele>3848.2</ele><time>2026-04-12T16:12:14Z</time></rtept><rtept lat="37.629077" lon="-107.263582"><ele>3848.2</ele><time>2026-04-12T16:12:14Z</time></rtept><rtept lat="37.629068" lon="-107.263548"><ele>3846.2</ele><time>2026-04-12T16:12:14Z</time></rtept><rtept lat="37.629064" lon="-107.263513"><ele>3846.2</ele><time>2026-04-12T16:12:14Z</time></rtept><rtept lat="37.629054" lon="-107.263478"><ele>3846.2</ele><time>2026-04-12T16:12:14Z</time></rtept><rtept lat="37.629045" lon="-107.263452"><ele>3843.6</ele><time>2026-04-12T16:12:14Z</time></rtept><rtept lat="37.629028" lon="-107.26342"><ele>3843.6</ele><time>2026-04-12T16:12:14Z</time></rtept><rtept lat="37.62901" lon="-107.263393"><ele>3843.6</ele><time>2026-04-12T16:12:14Z</time></rtept><rtept lat="37.628995" lon="-107.263364"><ele>3841.8</ele><time>2026-04-12T16:12:14Z</time></rtept><rtept lat="37.628987" lon="-107.263333"><ele>3841.8</ele><time>2026-04-12T16:12:14Z</time></rtept><rtept lat="37.628976" lon="-107.263301"><ele>3840.2</ele><time>2026-04-12T16:12:14Z</time></rtept><rtept lat="37.628965" lon="-107.263267"><ele>3838.6</ele><time>2026-04-12T16:12:14Z</time></rtept><rtept lat="37.628957" lon="-107.263232"><ele>3838.6</ele><time>2026-04-12T16:12:14Z</time></rtept><rtept lat="37.628951" lon="-107.263198"><ele>3836.8</ele><time>2026-04-12T16:12:14Z</time></rtept><rtept lat="37.628938" lon="-107.263162"><ele>3836.8</ele><time>2026-04-12T16:12:14Z</time></rtept><rtept lat="37.628925" lon="-107.26312"><ele>3835.0</ele><time>2026-04-12T16:12:14Z</time></rtept><rtept lat="37.628913" lon="-107.263082"><ele>3833.6</ele><time>2026-04-12T16:12:14Z</time></rtept><rtept lat="37.628909" lon="-107.263051"><ele>3833.6</ele><time>2026-04-12T16:12:14Z</time></rtept><rtept lat="37.628893" lon="-107.263023"><ele>3832.4</ele><time>2026-04-12T16:12:14Z</time></rtept><rtept lat="37.628887" lon="-107.262993"><ele>3832.4</ele><time>2026-04-12T16:12:14Z</time></rtept><rtept lat="37.628883" lon="-107.262968"><ele>3832.4</ele><time>2026-04-12T16:12:14Z</time></rtept><rtept lat="37.628877" lon="-107.262959"><ele>3832.4</ele><time>2026-04-12T16:12:14Z</time></rtept><rtept lat="37.628866" lon="-107.262945"><ele>3831.4</ele><time>2026-04-12T16:12:14Z</time></rtept><rtept lat="37.62886" lon="-107.26291"><ele>3831.4</ele><time>2026-04-12T16:12:14Z</time></rtept><rtept lat="37.62886" lon="-107.262876"><ele>3831.4</ele><time>2026-04-12T16:12:14Z</time></rtept><rtept lat="37.62885" lon="-107.262837"><ele>3830.0</ele><time>2026-04-12T16:12:14Z</time></rtept><rtept lat="37.628839" lon="-107.262794"><ele>3829.6</ele><time>2026-04-12T16:12:14Z</time></rtept><rtept lat="37.628833" lon="-107.262755"><ele>3828.8</ele><time>2026-04-12T16:12:14Z</time></rtept><rtept lat="37.628827" lon="-107.262708"><ele>3828.8</ele><time>2026-04-12T16:12:14Z</time></rtept><rtept lat="37.628819" lon="-107.262666"><ele>3827.4</ele><time>2026-04-12T16:12:14Z</time></rtept><rtept lat="37.628811" lon="-107.262624"><ele>3827.4</ele><time>2026-04-12T16:12:14Z</time></rtept><rtept lat="37.628798" lon="-107.262587"><ele>3825.6</ele><time>2026-04-12T16:12:14Z</time></rtept><rtept lat="37.628789" lon="-107.262494"><ele>3824.2</ele><time>2026-04-12T16:12:14Z</time></rtept><rtept lat="37.628787" lon="-107.262472"><ele>3824.2</ele><time>2026-04-12T16:12:14Z</time></rtept><rtept lat="37.628778" lon="-107.262436"><ele>3823.8</ele><time>2026-04-12T16:12:14Z</time></rtept><rtept lat="37.62877" lon="-107.2624"><ele>3823.8</ele><time>2026-04-12T16:12:14Z</time></rtept><rtept lat="37.628764" lon="-107.262362"><ele>3823.8</ele><time>2026-04-12T16:12:14Z</time></rtept><rtept lat="37.628758" lon="-107.262331"><ele>3824.6</ele><time>2026-04-12T16:12:14Z</time></rtept><rtept lat="37.628752" lon="-107.262286"><ele>3824.6</ele><time>2026-04-12T16:12:14Z</time></rtept><rtept lat="37.628751" lon="-107.262243"><ele>3825.8</ele><time>2026-04-12T16:12:14Z</time></rtept><rtept lat="37.628749" lon="-107.2622"><ele>3825.8</ele><time>2026-04-12T16:12:14Z</time></rtept><rtept lat="37.628746" lon="-107.26216"><ele>3826.2</ele><time>2026-04-12T16:12:14Z</time></rtept><rtept lat="37.628737" lon="-107.262118"><ele>3826.2</ele><time>2026-04-12T16:12:14Z</time></rtept><rtept lat="37.628729" lon="-107.262077"><ele>3825.8</ele><time>2026-04-12T16:12:14Z</time></rtept><rtept lat="37.628725" lon="-107.262034"><ele>3825.8</ele><time>2026-04-12T16:12:14Z</time></rtept><rtept lat="37.628724" lon="-107.261991"><ele>3825.2</ele><time>2026-04-12T16:12:14Z</time></rtept><rtept lat="37.628716" lon="-107.261948"><ele>3825.2</ele><time>2026-04-12T16:12:14Z</time></rtept><rtept lat="37.628717" lon="-107.261903"><ele>3824.8</ele><time>2026-04-12T16:12:14Z</time></rtept><rtept lat="37.628711" lon="-107.261856"><ele>3822.8</ele><time>2026-04-12T16:12:14Z</time></rtept><rtept lat="37.628707" lon="-107.261809"><ele>3822.6</ele><time>2026-04-12T16:12:14Z</time></rtept><rtept lat="37.628706" lon="-107.261766"><ele>3822.6</ele><time>2026-04-12T16:12:14Z</time></rtept><rtept lat="37.628709" lon="-107.261715"><ele>3822.6</ele><time>2026-04-12T16:12:14Z</time></rtept><rtept lat="37.628719" lon="-107.261677"><ele>3823.8</ele><time>2026-04-12T16:12:14Z</time></rtept><rtept lat="37.628727" lon="-107.261633"><ele>3823.8</ele><time>2026-04-12T16:12:14Z</time></rtept><rtept lat="37.628727" lon="-107.261592"><ele>3823.8</ele><time>2026-04-12T16:12:14Z</time></rtept><rtept lat="37.628726" lon="-107.261548"><ele>3825.6</ele><time>2026-04-12T16:12:14Z</time></rtept><rtept lat="37.628733" lon="-107.261505"><ele>3825.6</ele><time>2026-04-12T16:12:14Z</time></rtept><rtept lat="37.628735" lon="-107.261439"><ele>3829.2</ele><time>2026-04-12T16:12:14Z</time></rtept><rtept lat="37.628735" lon="-107.261426"><ele>3829.2</ele><time>2026-04-12T16:12:14Z</time></rtept><rtept lat="37.62874" lon="-107.261389"><ele>3831.0</ele><time>2026-04-12T16:12:14Z</time></rtept><rtept lat="37.628743" lon="-107.261349"><ele>3831.0</ele><time>2026-04-12T16:12:14Z</time></rtept><rtept lat="37.628742" lon="-107.261305"><ele>3831.4</ele><time>2026-04-12T16:12:14Z</time></rtept><rtept lat="37.62874" lon="-107.26126"><ele>3831.4</ele><time>2026-04-12T16:12:14Z</time></rtept><rtept lat="37.628741" lon="-107.261216"><ele>3831.4</ele><time>2026-04-12T16:12:14Z</time></rtept><rtept lat="37.628744" lon="-107.261174"><ele>3831.4</ele><time>2026-04-12T16:12:14Z</time></rtept><rtept lat="37.628747" lon="-107.261126"><ele>3830.8</ele><time>2026-04-12T16:12:14Z</time></rtept><rtept lat="37.628753" lon="-107.261082"><ele>3830.8</ele><time>2026-04-12T16:12:14Z</time></rtept><rtept lat="37.628762" lon="-107.261044"><ele>3828.8</ele><time>2026-04-12T16:12:14Z</time></rtept><rtept lat="37.628761" lon="-107.261005"><ele>3828.8</ele><time>2026-04-12T16:12:14Z</time></rtept><rtept lat="37.62876" lon="-107.260959"><ele>3825.6</ele><time>2026-04-12T16:12:14Z</time></rtept><rtept lat="37.628763" lon="-107.260918"><ele>3825.6</ele><time>2026-04-12T16:12:14Z</time></rtept><rtept lat="37.628761" lon="-107.260872"><ele>3822.6</ele><time>2026-04-12T16:12:14Z</time></rtept><rtept lat="37.628758" lon="-107.260828"><ele>3822.6</ele><time>2026-04-12T16:12:14Z</time></rtept><rtept lat="37.628752" lon="-107.260782"><ele>3821.2</ele><time>2026-04-12T16:12:14Z</time></rtept><rtept lat="37.628746" lon="-107.260732"><ele>3821.2</ele><time>2026-04-12T16:12:14Z</time></rtept><rtept lat="37.628745" lon="-107.26068"><ele>3820.6</ele><time>2026-04-12T16:12:14Z</time></rtept><rtept lat="37.628741" lon="-107.260635"><ele>3820.4</ele><time>2026-04-12T16:12:14Z</time></rtept><rtept lat="37.628738" lon="-107.260581"><ele>3820.4</ele><time>2026-04-12T16:12:14Z</time></rtept><rtept lat="37.628739" lon="-107.260533"><ele>3820.8</ele><time>2026-04-12T16:12:14Z</time></rtept><rtept lat="37.628742" lon="-107.260489"><ele>3820.8</ele><time>2026-04-12T16:12:14Z</time></rtept><rtept lat="37.628738" lon="-107.260446"><ele>3822.0</ele><time>2026-04-12T16:12:14Z</time></rtept><rtept lat="37.628734" lon="-107.260389"><ele>3822.0</ele><time>2026-04-12T16:12:14Z</time></rtept><rtept lat="37.628735" lon="-107.260371"><ele>3823.2</ele><time>2026-04-12T16:12:14Z</time></rtept><rtept lat="37.628753" lon="-107.260243"><ele>3824.6</ele><time>2026-04-12T16:12:14Z</time></rtept><rtept lat="37.628751" lon="-107.260214"><ele>3824.6</ele><time>2026-04-12T16:12:14Z</time></rtept><rtept lat="37.628748" lon="-107.260169"><ele>3826.0</ele><time>2026-04-12T16:12:14Z</time></rtept><rtept lat="37.628744" lon="-107.260126"><ele>3826.0</ele><time>2026-04-12T16:12:14Z</time></rtept><rtept lat="37.62874" lon="-107.26008"><ele>3827.2</ele><time>2026-04-12T16:12:14Z</time></rtept><rtept lat="37.628744" lon="-107.260036"><ele>3827.8</ele><time>2026-04-12T16:12:14Z</time></rtept><rtept lat="37.62874" lon="-107.259997"><ele>3827.8</ele><time>2026-04-12T16:12:14Z</time></rtept><rtept lat="37.628736" lon="-107.259958"><ele>3827.8</ele><time>2026-04-12T16:12:14Z</time></rtept><rtept lat="37.628734" lon="-107.259947"><ele>3828.6</ele><time>2026-04-12T16:12:14Z</time></rtept><rtept lat="37.628728" lon="-107.259903"><ele>3828.6</ele><time>2026-04-12T16:12:14Z</time></rtept><rtept lat="37.62872" lon="-107.259856"><ele>3829.2</ele><time>2026-04-12T16:12:14Z</time></rtept><rtept lat="37.628716" lon="-107.259811"><ele>3829.2</ele><time>2026-04-12T16:12:14Z</time></rtept><rtept lat="37.628708" lon="-107.259765"><ele>3826.2</ele><time>2026-04-12T16:12:14Z</time></rtept><rtept lat="37.628702" lon="-107.259718"><ele>3826.2</ele><time>2026-04-12T16:12:14Z</time></rtept><rtept lat="37.628692" lon="-107.259672"><ele>3826.8</ele><time>2026-04-12T16:12:14Z</time></rtept><rtept lat="37.628684" lon="-107.259625"><ele>3826.8</ele><time>2026-04-12T16:12:14Z</time></rtept><rtept lat="37.628669" lon="-107.259577"><ele>3827.4</ele><time>2026-04-12T16:12:14Z</time></rtept><rtept lat="37.628652" lon="-107.259534"><ele>3827.4</ele><time>2026-04-12T16:12:14Z</time></rtept><rtept lat="37.628641" lon="-107.259488"><ele>3824.0</ele><time>2026-04-12T16:12:14Z</time></rtept><rtept lat="37.628622" lon="-107.259442"><ele>3824.0</ele><time>2026-04-12T16:12:14Z</time></rtept><rtept lat="37.628607" lon="-107.259394"><ele>3824.4</ele><time>2026-04-12T16:12:14Z</time></rtept><rtept lat="37.628583" lon="-107.259355"><ele>3824.4</ele><time>2026-04-12T16:12:14Z</time></rtept><rtept lat="37.628559" lon="-107.259312"><ele>3820.8</ele><time>2026-04-12T16:12:14Z</time></rtept><rtept lat="37.628535" lon="-107.259267"><ele>3820.8</ele><time>2026-04-12T16:12:14Z</time></rtept><rtept lat="37.628485" lon="-107.259167"><ele>3817.8</ele><time>2026-04-12T16:12:14Z</time></rtept><rtept lat="37.628463" lon="-107.25913"><ele>3817.8</ele><time>2026-04-12T16:12:14Z</time></rtept><rtept lat="37.628439" lon="-107.259091"><ele>3816.6</ele><time>2026-04-12T16:12:14Z</time></rtept><rtept lat="37.628422" lon="-107.25905"><ele>3816.6</ele><time>2026-04-12T16:12:14Z</time></rtept><rtept lat="37.6284" lon="-107.259012"><ele>3816.6</ele><time>2026-04-12T16:12:14Z</time></rtept><rtept lat="37.628381" lon="-107.258971"><ele>3817.4</ele><time>2026-04-12T16:12:14Z</time></rtept><rtept lat="37.628361" lon="-107.258932"><ele>3815.2</ele><time>2026-04-12T16:12:14Z</time></rtept><rtept lat="37.628342" lon="-107.258894"><ele>3815.8</ele><time>2026-04-12T16:12:14Z</time></rtept><rtept lat="37.62832" lon="-107.258849"><ele>3815.8</ele><time>2026-04-12T16:12:14Z</time></rtept><rtept lat="37.628303" lon="-107.258805"><ele>3814.8</ele><time>2026-04-12T16:12:14Z</time></rtept><rtept lat="37.628286" lon="-107.258764"><ele>3814.8</ele><time>2026-04-12T16:12:14Z</time></rtept><rtept lat="37.628264" lon="-107.258726"><ele>3815.6</ele><time>2026-04-12T16:12:14Z</time></rtept><rtept lat="37.628249" lon="-107.258683"><ele>3815.6</ele><time>2026-04-12T16:12:14Z</time></rtept><rtept lat="37.628237" lon="-107.258635"><ele>3816.4</ele><time>2026-04-12T16:12:14Z</time></rtept><rtept lat="37.628217" lon="-107.258604"><ele>3814.6</ele><time>2026-04-12T16:12:14Z</time></rtept><rtept lat="37.628204" lon="-107.258565"><ele>3815.4</ele><time>2026-04-12T16:12:14Z</time></rtept><rtept lat="37.628187" lon="-107.258526"><ele>3815.4</ele><time>2026-04-12T16:12:14Z</time></rtept><rtept lat="37.628163" lon="-107.258489"><ele>3814.4</ele><time>2026-04-12T16:12:14Z</time></rtept><rtept lat="37.628141" lon="-107.258451"><ele>3814.4</ele><time>2026-04-12T16:12:14Z</time></rtept><rtept lat="37.628119" lon="-107.258414"><ele>3814.4</ele><time>2026-04-12T16:12:14Z</time></rtept><rtept lat="37.628097" lon="-107.258371"><ele>3813.2</ele><time>2026-04-12T16:12:14Z</time></rtept><rtept lat="37.628078" lon="-107.258331"><ele>3813.2</ele><time>2026-04-12T16:12:14Z</time></rtept><rtept lat="37.628054" lon="-107.258288"><ele>3813.8</ele><time>2026-04-12T16:12:14Z</time></rtept><rtept lat="37.628027" lon="-107.258255"><ele>3812.0</ele><time>2026-04-12T16:12:14Z</time></rtept><rtept lat="37.627999" lon="-107.25822"><ele>3812.6</ele><time>2026-04-12T16:12:14Z</time></rtept><rtept lat="37.627968" lon="-107.258187"><ele>3812.6</ele><time>2026-04-12T16:12:14Z</time></rtept><rtept lat="37.627937" lon="-107.25816"><ele>3810.6</ele><time>2026-04-12T16:12:14Z</time></rtept><rtept lat="37.627906" lon="-107.258131"><ele>3811.0</ele><time>2026-04-12T16:12:14Z</time></rtept><rtept lat="37.62788" lon="-107.258093"><ele>3809.4</ele><time>2026-04-12T16:12:14Z</time></rtept><rtept lat="37.627851" lon="-107.25806"><ele>3809.8</ele><time>2026-04-12T16:12:14Z</time></rtept><rtept lat="37.627831" lon="-107.258023"><ele>3809.8</ele><time>2026-04-12T16:12:14Z</time></rtept><rtept lat="37.627812" lon="-107.257984"><ele>3808.2</ele><time>2026-04-12T16:12:14Z</time></rtept><rtept lat="37.627801" lon="-107.257948"><ele>3808.6</ele><time>2026-04-12T16:12:14Z</time></rtept><rtept lat="37.627788" lon="-107.257911"><ele>3808.6</ele><time>2026-04-12T16:12:14Z</time></rtept><rtept lat="37.627773" lon="-107.257875"><ele>3809.0</ele><time>2026-04-12T16:12:14Z</time></rtept><rtept lat="37.627752" lon="-107.257837"><ele>3807.2</ele><time>2026-04-12T16:12:14Z</time></rtept><rtept lat="37.627732" lon="-107.257804"><ele>3807.6</ele><time>2026-04-12T16:12:14Z</time></rtept><rtept lat="37.62771" lon="-107.257774"><ele>3807.6</ele><time>2026-04-12T16:12:14Z</time></rtept><rtept lat="37.627681" lon="-107.257745"><ele>3806.0</ele><time>2026-04-12T16:12:14Z</time></rtept><rtept lat="37.627659" lon="-107.257715"><ele>3806.4</ele><time>2026-04-12T16:12:14Z</time></rtept><rtept lat="37.627642" lon="-107.257691"><ele>3806.4</ele><time>2026-04-12T16:12:14Z</time></rtept><rtept lat="37.627609" lon="-107.257636"><ele>3804.8</ele><time>2026-04-12T16:12:14Z</time></rtept><rtept lat="37.627593" lon="-107.257621"><ele>3805.4</ele><time>2026-04-12T16:12:14Z</time></rtept><rtept lat="37.627574" lon="-107.257592"><ele>3805.4</ele><time>2026-04-12T16:12:14Z</time></rtept><rtept lat="37.627554" lon="-107.257559"><ele>3804.0</ele><time>2026-04-12T16:12:14Z</time></rtept><rtept lat="37.627539" lon="-107.257527"><ele>3804.6</ele><time>2026-04-12T16:12:14Z</time></rtept><rtept lat="37.627526" lon="-107.257499"><ele>3804.6</ele><time>2026-04-12T16:12:14Z</time></rtept><rtept lat="37.627511" lon="-107.257471"><ele>3804.6</ele><time>2026-04-12T16:12:14Z</time></rtept><rtept lat="37.627493" lon="-107.257441"><ele>3805.0</ele><time>2026-04-12T16:12:14Z</time></rtept><rtept lat="37.627469" lon="-107.257412"><ele>3804.0</ele><time>2026-04-12T16:12:14Z</time></rtept><rtept lat="37.627445" lon="-107.257394"><ele>3804.0</ele><time>2026-04-12T16:12:14Z</time></rtept><rtept lat="37.62742" lon="-107.257362"><ele>3803.4</ele><time>2026-04-12T16:12:14Z</time></rtept><rtept lat="37.627399" lon="-107.257328"><ele>3803.4</ele><time>2026-04-12T16:12:14Z</time></rtept><rtept lat="37.627379" lon="-107.257296"><ele>3803.4</ele><time>2026-04-12T16:12:14Z</time></rtept><rtept lat="37.627352" lon="-107.257279"><ele>3803.2</ele><time>2026-04-12T16:12:14Z</time></rtept><rtept lat="37.627323" lon="-107.257249"><ele>3803.2</ele><time>2026-04-12T16:12:14Z</time></rtept><rtept lat="37.627297" lon="-107.257224"><ele>3803.2</ele><time>2026-04-12T16:12:14Z</time></rtept><rtept lat="37.627268" lon="-107.257201"><ele>3803.2</ele><time>2026-04-12T16:12:14Z</time></rtept><rtept lat="37.627235" lon="-107.257177"><ele>3803.2</ele><time>2026-04-12T16:12:14Z</time></rtept><rtept lat="37.627206" lon="-107.257141"><ele>3802.6</ele><time>2026-04-12T16:12:14Z</time></rtept><rtept lat="37.627175" lon="-107.257106"><ele>3803.4</ele><time>2026-04-12T16:12:14Z</time></rtept><rtept lat="37.627144" lon="-107.257081"><ele>3802.8</ele><time>2026-04-12T16:12:14Z</time></rtept><rtept lat="37.627113" lon="-107.257055"><ele>3802.8</ele><time>2026-04-12T16:12:14Z</time></rtept><rtept lat="37.627087" lon="-107.257031"><ele>3803.8</ele><time>2026-04-12T16:12:14Z</time></rtept><rtept lat="37.626994" lon="-107.256925"><ele>3803.0</ele><time>2026-04-12T16:12:14Z</time></rtept><rtept lat="37.626813" lon="-107.256773"><ele>3802.2</ele><time>2026-04-12T16:12:14Z</time></rtept><rtept lat="37.626737" lon="-107.256639"><ele>3799.6</ele><time>2026-04-12T16:12:14Z</time></rtept><rtept lat="37.626707" lon="-107.256378"><ele>3798.8</ele><time>2026-04-12T16:12:14Z</time></rtept><rtept lat="37.626694" lon="-107.256295"><ele>3798.4</ele><time>2026-04-12T16:12:14Z</time></rtept><rtept lat="37.626766" lon="-107.256195"><ele>3799.2</ele><time>2026-04-12T16:12:14Z</time></rtept><rtept lat="37.626971" lon="-107.255979"><ele>3800.4</ele><time>2026-04-12T16:12:14Z</time></rtept><rtept lat="37.627094" lon="-107.255721"><ele>3799.0</ele><time>2026-04-12T16:12:14Z</time></rtept><rtept lat="37.627246" lon="-107.255301"><ele>3794.4</ele><time>2026-04-12T16:12:14Z</time></rtept><rtept lat="37.62704" lon="-107.25549"><ele>3792.4</ele><time>2026-04-12T16:12:14Z</time></rtept><rtept lat="37.626634" lon="-107.255698"><ele>3783.2</ele><time>2026-04-12T16:12:14Z</time></rtept><rtept lat="37.626584" lon="-107.25569"><ele>3781.4</ele><time>2026-04-12T16:12:14Z</time></rtept><rtept lat="37.626556" lon="-107.25562"><ele>3778.8</ele><time>2026-04-12T16:12:14Z</time></rtept><rtept lat="37.626598" lon="-107.255196"><ele>3771.8</ele><time>2026-04-12T16:12:14Z</time></rtept><rtept lat="37.626652" lon="-107.25509"><ele>3771.2</ele><time>2026-04-12T16:12:14Z</time></rtept><rtept lat="37.62678" lon="-107.254954"><ele>3768.2</ele><time>2026-04-12T16:12:14Z</time></rtept><rtept lat="37.626947" lon="-107.254907"><ele>3771.6</ele><time>2026-04-12T16:12:14Z</time></rtept><rtept lat="37.627123" lon="-107.254752"><ele>3770.4</ele><time>2026-04-12T16:12:14Z</time></rtept><rtept lat="37.627408" lon="-107.254407"><ele>3772.2</ele><time>2026-04-12T16:12:14Z</time></rtept><rtept lat="37.627524" lon="-107.254197"><ele>3770.0</ele><time>2026-04-12T16:12:14Z</time></rtept><rtept lat="37.627622" lon="-107.253819"><ele>3758.0</ele><time>2026-04-12T16:12:14Z</time></rtept><rtept lat="37.627658" lon="-107.253642"><ele>3756.4</ele><time>2026-04-12T16:12:14Z</time></rtept><rtept lat="37.627714" lon="-107.253422"><ele>3751.8</ele><time>2026-04-12T16:12:14Z</time></rtept><rtept lat="37.627775" lon="-107.253012"><ele>3745.8</ele><time>2026-04-12T16:12:14Z</time></rtept><rtept lat="37.627811" lon="-107.252618"><ele>3737.2</ele><time>2026-04-12T16:12:14Z</time></rtept><rtept lat="37.627824" lon="-107.25236"><ele>3733.4</ele><time>2026-04-12T16:12:14Z</time></rtept><rtept lat="37.627854" lon="-107.252188"><ele>3735.0</ele><time>2026-04-12T16:12:14Z</time></rtept><rtept lat="37.627868" lon="-107.2521"><ele>3734.2</ele><time>2026-04-12T16:12:14Z</time></rtept><rtept lat="37.627827" lon="-107.251864"><ele>3726.2</ele><time>2026-04-12T16:12:14Z</time></rtept><rtept lat="37.627679" lon="-107.251389"><ele>3713.4</ele><time>2026-04-12T16:12:14Z</time></rtept><rtept lat="37.627588" lon="-107.25115"><ele>3708.8</ele><time>2026-04-12T16:12:14Z</time></rtept><rtept lat="37.627575" lon="-107.251059"><ele>3709.0</ele><time>2026-04-12T16:12:14Z</time></rtept><rtept lat="37.627495" lon="-107.250746"><ele>3705.4</ele><time>2026-04-12T16:12:14Z</time></rtept><rtept lat="37.627417" lon="-107.250526"><ele>3695.2</ele><time>2026-04-12T16:12:14Z</time></rtept><rtept lat="37.627306" lon="-107.250217"><ele>3687.8</ele><time>2026-04-12T16:12:14Z</time></rtept><rtept lat="37.627237" lon="-107.250096"><ele>3683.6</ele><time>2026-04-12T16:12:14Z</time></rtept><rtept lat="37.627153" lon="-107.249927"><ele>3680.0</ele><time>2026-04-12T16:12:14Z</time></rtept><rtept lat="37.627096" lon="-107.249888"><ele>3677.8</ele><time>2026-04-12T16:12:14Z</time></rtept><rtept lat="37.626978" lon="-107.24993"><ele>3675.4</ele><time>2026-04-12T16:12:14Z</time></rtept><rtept lat="37.626885" lon="-107.250083"><ele>3675.8</ele><time>2026-04-12T16:12:14Z</time></rtept><rtept lat="37.626721" lon="-107.250399"><ele>3674.8</ele><time>2026-04-12T16:12:14Z</time></rtept><rtept lat="37.626524" lon="-107.250609"><ele>3672.6</ele><time>2026-04-12T16:12:14Z</time></rtept><rtept lat="37.626427" lon="-107.250754"><ele>3672.0</ele><time>2026-04-12T16:12:14Z</time></rtept><rtept lat="37.626369" lon="-107.25095"><ele>3672.6</ele><time>2026-04-12T16:12:14Z</time></rtept><rtept lat="37.626343" lon="-107.251078"><ele>3673.2</ele><time>2026-04-12T16:12:14Z</time></rtept><rtept lat="37.626224" lon="-107.251325"><ele>3674.2</ele><time>2026-04-12T16:12:14Z</time></rtept><rtept lat="37.626044" lon="-107.251628"><ele>3675.2</ele><time>2026-04-12T16:12:14Z</time></rtept><rtept lat="37.625891" lon="-107.251732"><ele>3675.4</ele><time>2026-04-12T16:12:14Z</time></rtept><rtept lat="37.625702" lon="-107.251711"><ele>3676.4</ele><time>2026-04-12T16:12:14Z</time></rtept><rtept lat="37.625457" lon="-107.251625"><ele>3676.0</ele><time>2026-04-12T16:12:14Z</time></rtept><rtept lat="37.625326" lon="-107.251636"><ele>3678.8</ele><time>2026-04-12T16:12:14Z</time></rtept><rtept lat="37.625069" lon="-107.251647"><ele>3678.6</ele><time>2026-04-12T16:12:14Z</time></rtept><rtept lat="37.624768" lon="-107.251631"><ele>3679.8</ele><time>2026-04-12T16:12:14Z</time></rtept><rtept lat="37.624572" lon="-107.251582"><ele>3676.0</ele><time>2026-04-12T16:12:14Z</time></rtept><rtept lat="37.624317" lon="-107.251502"><ele>3672.0</ele><time>2026-04-12T16:12:14Z</time></rtept><rtept lat="37.6241" lon="-107.25137"><ele>3667.8</ele><time>2026-04-12T16:12:14Z</time></rtept><rtept lat="37.623892" lon="-107.251365"><ele>3666.6</ele><time>2026-04-12T16:12:14Z</time></rtept><rtept lat="37.623818" lon="-107.251322"><ele>3667.8</ele><time>2026-04-12T16:12:14Z</time></rtept><rtept lat="37.623715" lon="-107.251201"><ele>3666.4</ele><time>2026-04-12T16:12:14Z</time></rtept><rtept lat="37.623453" lon="-107.25106"><ele>3664.2</ele><time>2026-04-12T16:12:14Z</time></rtept><rtept lat="37.622841" lon="-107.250732"><ele>3668.2</ele><time>2026-04-12T16:12:14Z</time></rtept><rtept lat="37.621982" lon="-107.250196"><ele>3668.6</ele><time>2026-04-12T16:12:14Z</time></rtept><rtept lat="37.621761" lon="-107.250026"><ele>3667.0</ele><time>2026-04-12T16:12:14Z</time></rtept><rtept lat="37.621629" lon="-107.24971"><ele>3664.6</ele><time>2026-04-12T16:12:14Z</time></rtept><rtept lat="37.621608" lon="-107.249327"><ele>3662.2</ele><time>2026-04-12T16:12:14Z</time></rtept><rtept lat="37.621524" lon="-107.249085"><ele>3661.4</ele><time>2026-04-12T16:12:14Z</time></rtept><rtept lat="37.621519" lon="-107.248798"><ele>3659.0</ele><time>2026-04-12T16:12:14Z</time></rtept><rtept lat="37.621553" lon="-107.248503"><ele>3661.6</ele><time>2026-04-12T16:12:14Z</time></rtept><rtept lat="37.621647" lon="-107.248206"><ele>3656.2</ele><time>2026-04-12T16:12:14Z</time></rtept><rtept lat="37.621757" lon="-107.248068"><ele>3654.8</ele><time>2026-04-12T16:12:14Z</time></rtept><rtept lat="37.621961" lon="-107.247929"><ele>3651.4</ele><time>2026-04-12T16:12:14Z</time></rtept><rtept lat="37.622165" lon="-107.247784"><ele>3641.6</ele><time>2026-04-12T16:12:14Z</time></rtept><rtept lat="37.622318" lon="-107.247771"><ele>3634.6</ele><time>2026-04-12T16:12:14Z</time></rtept><rtept lat="37.622364" lon="-107.247693"><ele>3634.4</ele><time>2026-04-12T16:12:14Z</time></rtept><rtept lat="37.622414" lon="-107.247428"><ele>3638.8</ele><time>2026-04-12T16:12:14Z</time></rtept><rtept lat="37.62239" lon="-107.24731"><ele>3643.0</ele><time>2026-04-12T16:12:14Z</time></rtept><rtept lat="37.622222" lon="-107.247167"><ele>3647.4</ele><time>2026-04-12T16:12:14Z</time></rtept><rtept lat="37.622111" lon="-107.247154"><ele>3649.6</ele><time>2026-04-12T16:12:14Z</time></rtept><rtept lat="37.621935" lon="-107.247079"><ele>3651.8</ele><time>2026-04-12T16:12:14Z</time></rtept><rtept lat="37.621856" lon="-107.246988"><ele>3650.4</ele><time>2026-04-12T16:12:14Z</time></rtept><rtept lat="37.621619" lon="-107.246977"><ele>3652.2</ele><time>2026-04-12T16:12:14Z</time></rtept><rtept lat="37.621419" lon="-107.246814"><ele>3653.0</ele><time>2026-04-12T16:12:14Z</time></rtept><rtept lat="37.621264" lon="-107.246714"><ele>3654.4</ele><time>2026-04-12T16:12:14Z</time></rtept><rtept lat="37.621202" lon="-107.246693"><ele>3654.6</ele><time>2026-04-12T16:12:14Z</time></rtept><rtept lat="37.621036" lon="-107.246642"><ele>3652.8</ele><time>2026-04-12T16:12:14Z</time></rtept><rtept lat="37.620771" lon="-107.246612"><ele>3651.0</ele><time>2026-04-12T16:12:14Z</time></rtept><rtept lat="37.620529" lon="-107.246631"><ele>3646.4</ele><time>2026-04-12T16:12:14Z</time></rtept><rtept lat="37.620187" lon="-107.246701"><ele>3641.6</ele><time>2026-04-12T16:12:14Z</time></rtept><rtept lat="37.619992" lon="-107.24676"><ele>3638.8</ele><time>2026-04-12T16:12:14Z</time></rtept><rtept lat="37.619893" lon="-107.246717"><ele>3637.0</ele><time>2026-04-12T16:12:14Z</time></rtept><rtept lat="37.619798" lon="-107.246542"><ele>3633.6</ele><time>2026-04-12T16:12:14Z</time></rtept><rtept lat="37.619772" lon="-107.246376"><ele>3632.4</ele><time>2026-04-12T16:12:14Z</time></rtept><rtept lat="37.619768" lon="-107.246221"><ele>3631.6</ele><time>2026-04-12T16:12:14Z</time></rtept><rtept lat="37.619739" lon="-107.246014"><ele>3628.0</ele><time>2026-04-12T16:12:14Z</time></rtept><rtept lat="37.619745" lon="-107.245923"><ele>3626.4</ele><time>2026-04-12T16:12:14Z</time></rtept><rtept lat="37.619766" lon="-107.245813"><ele>3625.0</ele><time>2026-04-12T16:12:14Z</time></rtept><rtept lat="37.619798" lon="-107.245719"><ele>3623.6</ele><time>2026-04-12T16:12:14Z</time></rtept><rtept lat="37.619809" lon="-107.245609"><ele>3621.8</ele><time>2026-04-12T16:12:14Z</time></rtept><rtept lat="37.619787" lon="-107.245494"><ele>3620.4</ele><time>2026-04-12T16:12:14Z</time></rtept><rtept lat="37.61976" lon="-107.245319"><ele>3619.6</ele><time>2026-04-12T16:12:14Z</time></rtept><rtept lat="37.619728" lon="-107.24522"><ele>3616.8</ele><time>2026-04-12T16:12:14Z</time></rtept><rtept lat="37.619618" lon="-107.245143"><ele>3614.8</ele><time>2026-04-12T16:12:14Z</time></rtept><rtept lat="37.619439" lon="-107.245059"><ele>3616.4</ele><time>2026-04-12T16:12:14Z</time></rtept><rtept lat="37.619299" lon="-107.244877"><ele>3622.2</ele><time>2026-04-12T16:12:14Z</time></rtept><rtept lat="37.61918" lon="-107.244764"><ele>3624.4</ele><time>2026-04-12T16:12:14Z</time></rtept><rtept lat="37.619114" lon="-107.244627"><ele>3625.8</ele><time>2026-04-12T16:12:14Z</time></rtept><rtept lat="37.619093" lon="-107.244501"><ele>3626.4</ele><time>2026-04-12T16:12:14Z</time></rtept><rtept lat="37.619076" lon="-107.244386"><ele>3626.6</ele><time>2026-04-12T16:12:14Z</time></rtept><rtept lat="37.619031" lon="-107.244179"><ele>3627.6</ele><time>2026-04-12T16:12:14Z</time></rtept><rtept lat="37.618991" lon="-107.243941"><ele>3627.0</ele><time>2026-04-12T16:12:14Z</time></rtept><rtept lat="37.619003" lon="-107.243745"><ele>3626.2</ele><time>2026-04-12T16:12:14Z</time></rtept><rtept lat="37.619031" lon="-107.243571"><ele>3625.8</ele><time>2026-04-12T16:12:14Z</time></rtept><rtept lat="37.619086" lon="-107.243428"><ele>3624.2</ele><time>2026-04-12T16:12:14Z</time></rtept><rtept lat="37.619127" lon="-107.243155"><ele>3623.2</ele><time>2026-04-12T16:12:14Z</time></rtept><rtept lat="37.619118" lon="-107.242997"><ele>3624.4</ele><time>2026-04-12T16:12:14Z</time></rtept><rtept lat="37.619074" lon="-107.242878"><ele>3623.6</ele><time>2026-04-12T16:12:14Z</time></rtept><rtept lat="37.61898" lon="-107.242729"><ele>3626.6</ele><time>2026-04-12T16:12:14Z</time></rtept><rtept lat="37.618869" lon="-107.242506"><ele>3626.4</ele><time>2026-04-12T16:12:14Z</time></rtept><rtept lat="37.618825" lon="-107.24239"><ele>3627.0</ele><time>2026-04-12T16:12:14Z</time></rtept><rtept lat="37.618795" lon="-107.242237"><ele>3625.2</ele><time>2026-04-12T16:12:14Z</time></rtept><rtept lat="37.618753" lon="-107.242098"><ele>3625.0</ele><time>2026-04-12T16:12:14Z</time></rtept><rtept lat="37.618697" lon="-107.242039"><ele>3623.8</ele><time>2026-04-12T16:12:14Z</time></rtept><rtept lat="37.618536" lon="-107.242018"><ele>3625.4</ele><time>2026-04-12T16:12:14Z</time></rtept><rtept lat="37.618341" lon="-107.241967"><ele>3630.8</ele><time>2026-04-12T16:12:14Z</time></rtept><rtept lat="37.618198" lon="-107.241921"><ele>3632.2</ele><time>2026-04-12T16:12:14Z</time></rtept><rtept lat="37.617967" lon="-107.241894"><ele>3632.0</ele><time>2026-04-12T16:12:14Z</time></rtept><rtept lat="37.617671" lon="-107.241881"><ele>3629.4</ele><time>2026-04-12T16:12:14Z</time></rtept><rtept lat="37.617447" lon="-107.241763"><ele>3624.0</ele><time>2026-04-12T16:12:14Z</time></rtept><rtept lat="37.617355" lon="-107.241725"><ele>3621.2</ele><time>2026-04-12T16:12:14Z</time></rtept><rtept lat="37.617214" lon="-107.24169"><ele>3620.2</ele><time>2026-04-12T16:12:14Z</time></rtept><rtept lat="37.616955" lon="-107.241696"><ele>3620.0</ele><time>2026-04-12T16:12:14Z</time></rtept><rtept lat="37.616762" lon="-107.241647"><ele>3619.0</ele><time>2026-04-12T16:12:14Z</time></rtept><rtept lat="37.616403" lon="-107.241698"><ele>3619.4</ele><time>2026-04-12T16:12:14Z</time></rtept><rtept lat="37.61608" lon="-107.24176"><ele>3619.8</ele><time>2026-04-12T16:12:14Z</time></rtept><rtept lat="37.615717" lon="-107.241884"><ele>3620.6</ele><time>2026-04-12T16:12:14Z</time></rtept><rtept lat="37.615537" lon="-107.241988"><ele>3621.0</ele><time>2026-04-12T16:12:14Z</time></rtept><rtept lat="37.615333" lon="-107.242039"><ele>3622.0</ele><time>2026-04-12T16:12:14Z</time></rtept><rtept lat="37.615205" lon="-107.242007"><ele>3621.6</ele><time>2026-04-12T16:12:14Z</time></rtept><rtept lat="37.615062" lon="-107.241822"><ele>3620.6</ele><time>2026-04-12T16:12:14Z</time></rtept><rtept lat="37.614873" lon="-107.241696"><ele>3621.6</ele><time>2026-04-12T16:12:14Z</time></rtept><rtept lat="37.61469" lon="-107.241658"><ele>3623.0</ele><time>2026-04-12T16:12:14Z</time></rtept><rtept lat="37.614359" lon="-107.241642"><ele>3624.4</ele><time>2026-04-12T16:12:14Z</time></rtept><rtept lat="37.614138" lon="-107.241527"><ele>3624.4</ele><time>2026-04-12T16:12:14Z</time></rtept><rtept lat="37.613896" lon="-107.241234"><ele>3623.0</ele><time>2026-04-12T16:12:14Z</time></rtept><rtept lat="37.613777" lon="-107.241041"><ele>3622.0</ele><time>2026-04-12T16:12:14Z</time></rtept><rtept lat="37.613811" lon="-107.240921"><ele>3621.8</ele><time>2026-04-12T16:12:14Z</time></rtept><rtept lat="37.613815" lon="-107.240762"><ele>3621.8</ele><time>2026-04-12T16:12:14Z</time></rtept><rtept lat="37.613824" lon="-107.240685"><ele>3621.8</ele><time>2026-04-12T16:12:14Z</time></rtept><rtept lat="37.613811" lon="-107.240529"><ele>3622.2</ele><time>2026-04-12T16:12:14Z</time></rtept><rtept lat="37.613815" lon="-107.240413"><ele>3623.0</ele><time>2026-04-12T16:12:14Z</time></rtept><rtept lat="37.613879" lon="-107.240285"><ele>3624.2</ele><time>2026-04-12T16:12:14Z</time></rtept><rtept lat="37.613917" lon="-107.240172"><ele>3624.8</ele><time>2026-04-12T16:12:14Z</time></rtept><rtept lat="37.613888" lon="-107.239982"><ele>3626.2</ele><time>2026-04-12T16:12:14Z</time></rtept><rtept lat="37.613849" lon="-107.239705"><ele>3625.4</ele><time>2026-04-12T16:12:14Z</time></rtept><rtept lat="37.613874" lon="-107.239603"><ele>3622.6</ele><time>2026-04-12T16:12:14Z</time></rtept><rtept lat="37.613901" lon="-107.239392"><ele>3622.2</ele><time>2026-04-12T16:12:14Z</time></rtept><rtept lat="37.613752" lon="-107.239075"><ele>3623.0</ele><time>2026-04-12T16:12:14Z</time></rtept><rtept lat="37.613629" lon="-107.238979"><ele>3623.4</ele><time>2026-04-12T16:12:14Z</time></rtept><rtept lat="37.613497" lon="-107.238571"><ele>3627.8</ele><time>2026-04-12T16:12:14Z</time></rtept><rtept lat="37.613408" lon="-107.238244"><ele>3632.8</ele><time>2026-04-12T16:12:14Z</time></rtept><rtept lat="37.613237" lon="-107.237897"><ele>3636.0</ele><time>2026-04-12T16:12:14Z</time></rtept><rtept lat="37.613144" lon="-107.237471"><ele>3642.4</ele><time>2026-04-12T16:12:14Z</time></rtept><rtept lat="37.613008" lon="-107.237112"><ele>3649.8</ele><time>2026-04-12T16:12:14Z</time></rtept><rtept lat="37.612923" lon="-107.236927"><ele>3657.8</ele><time>2026-04-12T16:12:14Z</time></rtept><rtept lat="37.612957" lon="-107.236814"><ele>3654.2</ele><time>2026-04-12T16:12:14Z</time></rtept><rtept lat="37.613004" lon="-107.236661"><ele>3658.0</ele><time>2026-04-12T16:12:14Z</time></rtept><rtept lat="37.613008" lon="-107.236506"><ele>3654.2</ele><time>2026-04-12T16:12:14Z</time></rtept><rtept lat="37.612952" lon="-107.236294"><ele>3656.8</ele><time>2026-04-12T16:12:14Z</time></rtept><rtept lat="37.612872" lon="-107.236087"><ele>3656.2</ele><time>2026-04-12T16:12:14Z</time></rtept><rtept lat="37.612817" lon="-107.235953"><ele>3658.8</ele><time>2026-04-12T16:12:14Z</time></rtept><rtept lat="37.612813" lon="-107.235782"><ele>3659.8</ele><time>2026-04-12T16:12:14Z</time></rtept><rtept lat="37.612872" lon="-107.235626"><ele>3660.0</ele><time>2026-04-12T16:12:14Z</time></rtept><rtept lat="37.61294" lon="-107.235516"><ele>3658.6</ele><time>2026-04-12T16:12:14Z</time></rtept><rtept lat="37.612936" lon="-107.235374"><ele>3662.4</ele><time>2026-04-12T16:12:14Z</time></rtept><rtept lat="37.612897" lon="-107.235188"><ele>3662.6</ele><time>2026-04-12T16:12:14Z</time></rtept><rtept lat="37.612804" lon="-107.234942"><ele>3658.2</ele><time>2026-04-12T16:12:14Z</time></rtept><rtept lat="37.612736" lon="-107.234748"><ele>3656.8</ele><time>2026-04-12T16:12:14Z</time></rtept><rtept lat="37.612723" lon="-107.234534"><ele>3660.4</ele><time>2026-04-12T16:12:14Z</time></rtept><rtept lat="37.612732" lon="-107.234405"><ele>3660.6</ele><time>2026-04-12T16:12:14Z</time></rtept><rtept lat="37.612787" lon="-107.23418"><ele>3656.6</ele><time>2026-04-12T16:12:14Z</time></rtept><rtept lat="37.612711" lon="-107.233856"><ele>3657.6</ele><time>2026-04-12T16:12:14Z</time></rtept><rtept lat="37.612762" lon="-107.233534"><ele>3657.2</ele><time>2026-04-12T16:12:14Z</time></rtept><rtept lat="37.612867" lon="-107.233236"><ele>3661.0</ele><time>2026-04-12T16:12:14Z</time></rtept><rtept lat="37.612966" lon="-107.233121"><ele>3654.2</ele><time>2026-04-12T16:12:14Z</time></rtept><rtept lat="37.613072" lon="-107.233008"><ele>3652.2</ele><time>2026-04-12T16:12:14Z</time></rtept><rtept lat="37.613071" lon="-107.232812"><ele>3660.2</ele><time>2026-04-12T16:12:14Z</time></rtept><rtept lat="37.613097" lon="-107.232713"><ele>3658.8</ele><time>2026-04-12T16:12:14Z</time></rtept><rtept lat="37.613156" lon="-107.232667"><ele>3655.4</ele><time>2026-04-12T16:12:14Z</time></rtept><rtept lat="37.61319" lon="-107.232619"><ele>3657.4</ele><time>2026-04-12T16:12:14Z</time></rtept><rtept lat="37.613199" lon="-107.232386"><ele>3663.6</ele><time>2026-04-12T16:12:14Z</time></rtept><rtept lat="37.613233" lon="-107.232166"><ele>3663.6</ele><time>2026-04-12T16:12:14Z</time></rtept><rtept lat="37.61334" lon="-107.232027"><ele>3666.4</ele><time>2026-04-12T16:12:14Z</time></rtept><rtept lat="37.613424" lon="-107.231782"><ele>3665.4</ele><time>2026-04-12T16:12:14Z</time></rtept><rtept lat="37.613441" lon="-107.231503"><ele>3670.0</ele><time>2026-04-12T16:12:14Z</time></rtept><rtept lat="37.61345" lon="-107.231331"><ele>3672.8</ele><time>2026-04-12T16:12:14Z</time></rtept><rtept lat="37.613509" lon="-107.231106"><ele>3673.0</ele><time>2026-04-12T16:12:14Z</time></rtept><rtept lat="37.613548" lon="-107.230884"><ele>3677.0</ele><time>2026-04-12T16:12:14Z</time></rtept><rtept lat="37.613522" lon="-107.230607"><ele>3679.0</ele><time>2026-04-12T16:12:14Z</time></rtept><rtept lat="37.613429" lon="-107.230337"><ele>3682.6</ele><time>2026-04-12T16:12:14Z</time></rtept><rtept lat="37.61331" lon="-107.23023"><ele>3683.8</ele><time>2026-04-12T16:12:14Z</time></rtept><rtept lat="37.613157" lon="-107.230187"><ele>3683.4</ele><time>2026-04-12T16:12:14Z</time></rtept><rtept lat="37.613046" lon="-107.230253"><ele>3682.0</ele><time>2026-04-12T16:12:14Z</time></rtept><rtept lat="37.612668" lon="-107.230364"><ele>3681.8</ele><time>2026-04-12T16:12:14Z</time></rtept><rtept lat="37.612362" lon="-107.230573"><ele>3681.6</ele><time>2026-04-12T16:12:14Z</time></rtept><rtept lat="37.612235" lon="-107.230648"><ele>3684.2</ele><time>2026-04-12T16:12:14Z</time></rtept><rtept lat="37.61206" lon="-107.23065"><ele>3683.2</ele><time>2026-04-12T16:12:14Z</time></rtept><rtept lat="37.611861" lon="-107.230616"><ele>3679.8</ele><time>2026-04-12T16:12:14Z</time></rtept><rtept lat="37.611605" lon="-107.23065"><ele>3674.4</ele><time>2026-04-12T16:12:14Z</time></rtept><rtept lat="37.611427" lon="-107.230613"><ele>3671.8</ele><time>2026-04-12T16:12:14Z</time></rtept><rtept lat="37.611007" lon="-107.230605"><ele>3667.4</ele><time>2026-04-12T16:12:14Z</time></rtept><rtept lat="37.610828" lon="-107.230693"><ele>3666.0</ele><time>2026-04-12T16:12:14Z</time></rtept><rtept lat="37.610462" lon="-107.230854"><ele>3660.6</ele><time>2026-04-12T16:12:14Z</time></rtept><rtept lat="37.610093" lon="-107.230997"><ele>3653.8</ele><time>2026-04-12T16:12:14Z</time></rtept><rtept lat="37.609957" lon="-107.231168"><ele>3652.0</ele><time>2026-04-12T16:12:14Z</time></rtept><rtept lat="37.609766" lon="-107.231367"><ele>3648.8</ele><time>2026-04-12T16:12:14Z</time></rtept><rtept lat="37.609571" lon="-107.231472"><ele>3645.8</ele><time>2026-04-12T16:12:14Z</time></rtept><rtept lat="37.609528" lon="-107.231495"><ele>3645.4</ele><time>2026-04-12T16:12:14Z</time></rtept><rtept lat="37.609388" lon="-107.231512"><ele>3644.0</ele><time>2026-04-12T16:12:14Z</time></rtept><rtept lat="37.609115" lon="-107.231482"><ele>3642.2</ele><time>2026-04-12T16:12:14Z</time></rtept><rtept lat="37.608864" lon="-107.231519"><ele>3641.0</ele><time>2026-04-12T16:12:14Z</time></rtept><rtept lat="37.608554" lon="-107.231501"><ele>3634.4</ele><time>2026-04-12T16:12:14Z</time></rtept><rtept lat="37.608457" lon="-107.231495"><ele>3634.0</ele><time>2026-04-12T16:12:14Z</time></rtept><rtept lat="37.608172" lon="-107.231433"><ele>3635.8</ele><time>2026-04-12T16:12:14Z</time></rtept><rtept lat="37.608014" lon="-107.231272"><ele>3634.2</ele><time>2026-04-12T16:12:14Z</time></rtept><rtept lat="37.607722" lon="-107.23083"><ele>3631.0</ele><time>2026-04-12T16:12:14Z</time></rtept><rtept lat="37.607628" lon="-107.230543"><ele>3628.0</ele><time>2026-04-12T16:12:14Z</time></rtept><rtept lat="37.607636" lon="-107.230393"><ele>3625.2</ele><time>2026-04-12T16:12:14Z</time></rtept><rtept lat="37.607637" lon="-107.230294"><ele>3622.8</ele><time>2026-04-12T16:12:14Z</time></rtept><rtept lat="37.607466" lon="-107.23013"><ele>3621.0</ele><time>2026-04-12T16:12:14Z</time></rtept><rtept lat="37.607365" lon="-107.229967"><ele>3616.0</ele><time>2026-04-12T16:12:14Z</time></rtept><rtept lat="37.607211" lon="-107.229904"><ele>3612.2</ele><time>2026-04-12T16:12:14Z</time></rtept><rtept lat="37.606982" lon="-107.229881"><ele>3611.8</ele><time>2026-04-12T16:12:14Z</time></rtept><rtept lat="37.606561" lon="-107.229706"><ele>3609.0</ele><time>2026-04-12T16:12:14Z</time></rtept><rtept lat="37.606209" lon="-107.229575"><ele>3605.2</ele><time>2026-04-12T16:12:14Z</time></rtept><rtept lat="37.606115" lon="-107.229414"><ele>3599.6</ele><time>2026-04-12T16:12:14Z</time></rtept><rtept lat="37.605975" lon="-107.229271"><ele>3596.4</ele><time>2026-04-12T16:12:14Z</time></rtept><rtept lat="37.605835" lon="-107.229124"><ele>3593.6</ele><time>2026-04-12T16:12:14Z</time></rtept><rtept lat="37.605713" lon="-107.228877"><ele>3589.2</ele><time>2026-04-12T16:12:14Z</time></rtept><rtept lat="37.605611" lon="-107.228727"><ele>3588.4</ele><time>2026-04-12T16:12:14Z</time></rtept><rtept lat="37.60552" lon="-107.228593"><ele>3586.6</ele><time>2026-04-12T16:12:14Z</time></rtept><rtept lat="37.605474" lon="-107.228457"><ele>3585.8</ele><time>2026-04-12T16:12:14Z</time></rtept><rtept lat="37.605142" lon="-107.228188"><ele>3581.2</ele><time>2026-04-12T16:12:14Z</time></rtept><rtept lat="37.604967" lon="-107.228008"><ele>3578.8</ele><time>2026-04-12T16:12:14Z</time></rtept><rtept lat="37.604865" lon="-107.227853"><ele>3578.2</ele><time>2026-04-12T16:12:14Z</time></rtept><rtept lat="37.604774" lon="-107.227719"><ele>3576.8</ele><time>2026-04-12T16:12:14Z</time></rtept><rtept lat="37.604625" lon="-107.227558"><ele>3575.4</ele><time>2026-04-12T16:12:14Z</time></rtept><rtept lat="37.604311" lon="-107.227308"><ele>3571.6</ele><time>2026-04-12T16:12:14Z</time></rtept><rtept lat="37.604145" lon="-107.227225"><ele>3568.4</ele><time>2026-04-12T16:12:14Z</time></rtept><rtept lat="37.60403" lon="-107.227233"><ele>3566.8</ele><time>2026-04-12T16:12:14Z</time></rtept><rtept lat="37.603652" lon="-107.227206"><ele>3564.6</ele><time>2026-04-12T16:12:14Z</time></rtept><rtept lat="37.60327" lon="-107.22715"><ele>3563.2</ele><time>2026-04-12T16:12:14Z</time></rtept><rtept lat="37.603023" lon="-107.227019"><ele>3562.8</ele><time>2026-04-12T16:12:14Z</time></rtept><rtept lat="37.602715" lon="-107.226922"><ele>3561.0</ele><time>2026-04-12T16:12:14Z</time></rtept><rtept lat="37.602532" lon="-107.22682"><ele>3558.2</ele><time>2026-04-12T16:12:14Z</time></rtept><rtept lat="37.602409" lon="-107.226732"><ele>3556.4</ele><time>2026-04-12T16:12:14Z</time></rtept><rtept lat="37.602277" lon="-107.226718"><ele>3556.2</ele><time>2026-04-12T16:12:14Z</time></rtept><rtept lat="37.602094" lon="-107.226745"><ele>3556.0</ele><time>2026-04-12T16:12:14Z</time></rtept><rtept lat="37.601822" lon="-107.226675"><ele>3555.6</ele><time>2026-04-12T16:12:14Z</time></rtept><rtept lat="37.601529" lon="-107.226552"><ele>3555.0</ele><time>2026-04-12T16:12:14Z</time></rtept><rtept lat="37.601291" lon="-107.226493"><ele>3553.2</ele><time>2026-04-12T16:12:14Z</time></rtept><rtept lat="37.601015" lon="-107.22645"><ele>3551.6</ele><time>2026-04-12T16:12:14Z</time></rtept><rtept lat="37.600802" lon="-107.226364"><ele>3550.8</ele><time>2026-04-12T16:12:14Z</time></rtept><rtept lat="37.600594" lon="-107.226262"><ele>3550.0</ele><time>2026-04-12T16:12:14Z</time></rtept><rtept lat="37.600454" lon="-107.226192"><ele>3548.8</ele><time>2026-04-12T16:12:14Z</time></rtept><rtept lat="37.60036" lon="-107.226101"><ele>3547.0</ele><time>2026-04-12T16:12:14Z</time></rtept><rtept lat="37.600309" lon="-107.225929"><ele>3546.4</ele><time>2026-04-12T16:12:14Z</time></rtept><rtept lat="37.600229" lon="-107.22575"><ele>3544.4</ele><time>2026-04-12T16:12:14Z</time></rtept><rtept lat="37.600156" lon="-107.225575"><ele>3541.8</ele><time>2026-04-12T16:12:14Z</time></rtept><rtept lat="37.60011" lon="-107.225436"><ele>3541.0</ele><time>2026-04-12T16:12:14Z</time></rtept><rtept lat="37.600076" lon="-107.22528"><ele>3540.2</ele><time>2026-04-12T16:12:14Z</time></rtept><rtept lat="37.60005" lon="-107.225178"><ele>3539.4</ele><time>2026-04-12T16:12:14Z</time></rtept><rtept lat="37.599961" lon="-107.22505"><ele>3539.2</ele><time>2026-04-12T16:12:14Z</time></rtept><rtept lat="37.599678" lon="-107.22493"><ele>3533.6</ele><time>2026-04-12T16:12:14Z</time></rtept><rtept lat="37.599529" lon="-107.224935"><ele>3530.4</ele><time>2026-04-12T16:12:14Z</time></rtept><rtept lat="37.599457" lon="-107.224863"><ele>3527.2</ele><time>2026-04-12T16:12:14Z</time></rtept><rtept lat="37.599261" lon="-107.224783"><ele>3521.4</ele><time>2026-04-12T16:12:14Z</time></rtept><rtept lat="37.599145" lon="-107.224815"><ele>3520.0</ele><time>2026-04-12T16:12:14Z</time></rtept><rtept lat="37.599006" lon="-107.224785"><ele>3518.2</ele><time>2026-04-12T16:12:14Z</time></rtept><rtept lat="37.59889" lon="-107.2248"><ele>3516.8</ele><time>2026-04-12T16:12:14Z</time></rtept><rtept lat="37.59885" lon="-107.224778"><ele>3516.0</ele><time>2026-04-12T16:12:14Z</time></rtept><rtept lat="37.598836" lon="-107.224698"><ele>3515.4</ele><time>2026-04-12T16:12:14Z</time></rtept><rtept lat="37.598962" lon="-107.224355"><ele>3514.8</ele><time>2026-04-12T16:12:14Z</time></rtept><rtept lat="37.599087" lon="-107.224166"><ele>3516.8</ele><time>2026-04-12T16:12:14Z</time></rtept><rtept lat="37.599164" lon="-107.223811"><ele>3519.6</ele><time>2026-04-12T16:12:14Z</time></rtept><rtept lat="37.599219" lon="-107.223626"><ele>3519.0</ele><time>2026-04-12T16:12:14Z</time></rtept><rtept lat="37.599351" lon="-107.223543"><ele>3516.6</ele><time>2026-04-12T16:12:14Z</time></rtept><rtept lat="37.599572" lon="-107.223234"><ele>3513.6</ele><time>2026-04-12T16:12:14Z</time></rtept><rtept lat="37.599559" lon="-107.223037"><ele>3513.0</ele><time>2026-04-12T16:12:14Z</time></rtept><rtept lat="37.599623" lon="-107.222845"><ele>3509.6</ele><time>2026-04-12T16:12:14Z</time></rtept><rtept lat="37.599644" lon="-107.222681"><ele>3508.6</ele><time>2026-04-12T16:12:14Z</time></rtept><rtept lat="37.599757" lon="-107.222344"><ele>3503.4</ele><time>2026-04-12T16:12:14Z</time></rtept><rtept lat="37.599765" lon="-107.222169"><ele>3502.4</ele><time>2026-04-12T16:12:14Z</time></rtept><rtept lat="37.599925" lon="-107.221947"><ele>3496.4</ele><time>2026-04-12T16:12:14Z</time></rtept><rtept lat="37.599935" lon="-107.220501"><ele>3477.6</ele><time>2026-04-12T16:12:14Z</time></rtept><rtept lat="37.599876" lon="-107.220469"><ele>3478.6</ele><time>2026-04-12T16:12:14Z</time></rtept><rtept lat="37.599876" lon="-107.220375"><ele>3474.0</ele><time>2026-04-12T16:12:14Z</time></rtept><rtept lat="37.59982" lon="-107.220348"><ele>3474.0</ele><time>2026-04-12T16:12:14Z</time></rtept><rtept lat="37.599737" lon="-107.220345"><ele>3475.8</ele><time>2026-04-12T16:12:14Z</time></rtept><rtept lat="37.599319" lon="-107.220093"><ele>3470.8</ele><time>2026-04-12T16:12:14Z</time></rtept><rtept lat="37.599353" lon="-107.220045"><ele>3470.4</ele><time>2026-04-12T16:12:14Z</time></rtept><rtept lat="37.599687" lon="-107.219959"><ele>3464.8</ele><time>2026-04-12T16:12:14Z</time></rtept><rtept lat="37.599956" lon="-107.219836"><ele>3455.6</ele><time>2026-04-12T16:12:14Z</time></rtept><rtept lat="37.600148" lon="-107.219779"><ele>3451.4</ele><time>2026-04-12T16:12:14Z</time></rtept><rtept lat="37.600328" lon="-107.219815"><ele>3450.4</ele><time>2026-04-12T16:12:14Z</time></rtept><rtept lat="37.600743" lon="-107.220107"><ele>3447.4</ele><time>2026-04-12T16:12:14Z</time></rtept><rtept lat="37.600985" lon="-107.220179"><ele>3443.0</ele><time>2026-04-12T16:12:14Z</time></rtept><rtept lat="37.601147" lon="-107.22034"><ele>3442.6</ele><time>2026-04-12T16:12:14Z</time></rtept><rtept lat="37.601363" lon="-107.220372"><ele>3438.2</ele><time>2026-04-12T16:12:14Z</time></rtept><rtept lat="37.601406" lon="-107.220267"><ele>3435.8</ele><time>2026-04-12T16:12:14Z</time></rtept><rtept lat="37.601406" lon="-107.220039"><ele>3432.8</ele><time>2026-04-12T16:12:14Z</time></rtept><rtept lat="37.601497" lon="-107.219533"><ele>3426.8</ele><time>2026-04-12T16:12:14Z</time></rtept><rtept lat="37.601631" lon="-107.21941"><ele>3424.0</ele><time>2026-04-12T16:12:14Z</time></rtept><rtept lat="37.601652" lon="-107.219316"><ele>3423.2</ele><time>2026-04-12T16:12:14Z</time></rtept><rtept lat="37.601578" lon="-107.219197"><ele>3423.0</ele><time>2026-04-12T16:12:14Z</time></rtept><rtept lat="37.601642" lon="-107.218884"><ele>3419.6</ele><time>2026-04-12T16:12:14Z</time></rtept><rtept lat="37.601618" lon="-107.218613"><ele>3418.0</ele><time>2026-04-12T16:12:14Z</time></rtept><rtept lat="37.601724" lon="-107.218565"><ele>3416.8</ele><time>2026-04-12T16:12:14Z</time></rtept><rtept lat="37.601733" lon="-107.2183"><ele>3415.8</ele><time>2026-04-12T16:12:14Z</time></rtept><rtept lat="37.601738" lon="-107.218143"><ele>3416.0</ele><time>2026-04-12T16:12:14Z</time></rtept><rtept lat="37.601832" lon="-107.217943"><ele>3416.2</ele><time>2026-04-12T16:12:14Z</time></rtept><rtept lat="37.601852" lon="-107.217797"><ele>3416.8</ele><time>2026-04-12T16:12:14Z</time></rtept><rtept lat="37.601858" lon="-107.217774"><ele>3416.6</ele><time>2026-04-12T16:12:14Z</time></rtept><rtept lat="37.601858" lon="-107.217774"><ele>3416.6</ele><time>2026-04-12T16:12:14Z</time></rtept><rtept lat="37.602006" lon="-107.217152"><ele>3417.4</ele><time>2026-04-12T16:12:14Z</time></rtept><rtept lat="37.602114" lon="-107.216881"><ele>3418.0</ele><time>2026-04-12T16:12:14Z</time></rtept><rtept lat="37.601869" lon="-107.216831"><ele>3418.6</ele><time>2026-04-12T16:12:14Z</time></rtept><rtept lat="37.601678" lon="-107.216702"><ele>3419.0</ele><time>2026-04-12T16:12:14Z</time></rtept><rtept lat="37.601548" lon="-107.216562"><ele>3419.4</ele><time>2026-04-12T16:12:14Z</time></rtept><rtept lat="37.601454" lon="-107.216504"><ele>3419.4</ele><time>2026-04-12T16:12:14Z</time></rtept><rtept lat="37.60119" lon="-107.216244"><ele>3419.2</ele><time>2026-04-12T16:12:14Z</time></rtept><rtept lat="37.600765" lon="-107.215996"><ele>3417.8</ele><time>2026-04-12T16:12:14Z</time></rtept><rtept lat="37.600549" lon="-107.21585"><ele>3417.0</ele><time>2026-04-12T16:12:14Z</time></rtept><rtept lat="37.600447" lon="-107.215815"><ele>3416.6</ele><time>2026-04-12T16:12:14Z</time></rtept><rtept lat="37.600203" lon="-107.215625"><ele>3414.0</ele><time>2026-04-12T16:12:14Z</time></rtept><rtept lat="37.600016" lon="-107.215511"><ele>3411.2</ele><time>2026-04-12T16:12:14Z</time></rtept><rtept lat="37.599944" lon="-107.215447"><ele>3410.2</ele><time>2026-04-12T16:12:14Z</time></rtept><rtept lat="37.599833" lon="-107.215458"><ele>3410.2</ele><time>2026-04-12T16:12:14Z</time></rtept><rtept lat="37.599797" lon="-107.215488"><ele>3410.6</ele><time>2026-04-12T16:12:14Z</time></rtept><rtept lat="37.599706" lon="-107.215509"><ele>3411.4</ele><time>2026-04-12T16:12:14Z</time></rtept><rtept lat="37.599631" lon="-107.215571"><ele>3412.0</ele><time>2026-04-12T16:12:14Z</time></rtept><rtept lat="37.599319" lon="-107.215636"><ele>3416.8</ele><time>2026-04-12T16:12:14Z</time></rtept><rtept lat="37.598943" lon="-107.215507"><ele>3425.2</ele><time>2026-04-12T16:12:14Z</time></rtept><rtept lat="37.598919" lon="-107.215528"><ele>3427.0</ele><time>2026-04-12T16:12:14Z</time></rtept><rtept lat="37.598637" lon="-107.215496"><ele>3432.4</ele><time>2026-04-12T16:12:14Z</time></rtept><rtept lat="37.598433" lon="-107.215432"><ele>3436.4</ele><time>2026-04-12T16:12:14Z</time></rtept><rtept lat="37.598159" lon="-107.215174"><ele>3440.6</ele><time>2026-04-12T16:12:14Z</time></rtept><rtept lat="37.597967" lon="-107.215019"><ele>3444.0</ele><time>2026-04-12T16:12:14Z</time></rtept><rtept lat="37.597842" lon="-107.214955"><ele>3446.4</ele><time>2026-04-12T16:12:14Z</time></rtept><rtept lat="37.597641" lon="-107.214882"><ele>3449.0</ele><time>2026-04-12T16:12:14Z</time></rtept><rtept lat="37.597549" lon="-107.214702"><ele>3450.8</ele><time>2026-04-12T16:12:14Z</time></rtept><rtept lat="37.597139" lon="-107.214367"><ele>3457.4</ele><time>2026-04-12T16:12:14Z</time></rtept><rtept lat="37.596947" lon="-107.214096"><ele>3460.4</ele><time>2026-04-12T16:12:14Z</time></rtept><rtept lat="37.59679" lon="-107.214027"><ele>3462.8</ele><time>2026-04-12T16:12:14Z</time></rtept><rtept lat="37.596709" lon="-107.213948"><ele>3464.2</ele><time>2026-04-12T16:12:14Z</time></rtept><rtept lat="37.596314" lon="-107.213774"><ele>3467.6</ele><time>2026-04-12T16:12:14Z</time></rtept><rtept lat="37.596218" lon="-107.213709"><ele>3467.6</ele><time>2026-04-12T16:12:14Z</time></rtept><rtept lat="37.596116" lon="-107.213685"><ele>3468.0</ele><time>2026-04-12T16:12:14Z</time></rtept><rtept lat="37.596016" lon="-107.213702"><ele>3469.4</ele><time>2026-04-12T16:12:14Z</time></rtept><rtept lat="37.595944" lon="-107.213761"><ele>3470.0</ele><time>2026-04-12T16:12:14Z</time></rtept><rtept lat="37.595863" lon="-107.213734"><ele>3471.2</ele><time>2026-04-12T16:12:14Z</time></rtept><rtept lat="37.595655" lon="-107.213625"><ele>3472.8</ele><time>2026-04-12T16:12:14Z</time></rtept><rtept lat="37.595547" lon="-107.213621"><ele>3473.4</ele><time>2026-04-12T16:12:14Z</time></rtept><rtept lat="37.595351" lon="-107.213487"><ele>3473.6</ele><time>2026-04-12T16:12:14Z</time></rtept><rtept lat="37.594996" lon="-107.213152"><ele>3474.2</ele><time>2026-04-12T16:12:14Z</time></rtept><rtept lat="37.594847" lon="-107.213059"><ele>3475.8</ele><time>2026-04-12T16:12:14Z</time></rtept><rtept lat="37.594735" lon="-107.213026"><ele>3476.6</ele><time>2026-04-12T16:12:14Z</time></rtept><rtept lat="37.594565" lon="-107.212875"><ele>3478.4</ele><time>2026-04-12T16:12:14Z</time></rtept><rtept lat="37.594445" lon="-107.212805"><ele>3478.8</ele><time>2026-04-12T16:12:14Z</time></rtept><rtept lat="37.594229" lon="-107.212779"><ele>3481.6</ele><time>2026-04-12T16:12:14Z</time></rtept><rtept lat="37.594083" lon="-107.212604"><ele>3482.6</ele><time>2026-04-12T16:12:14Z</time></rtept><rtept lat="37.593736" lon="-107.212411"><ele>3485.4</ele><time>2026-04-12T16:12:14Z</time></rtept><rtept lat="37.593137" lon="-107.212168"><ele>3493.2</ele><time>2026-04-12T16:12:14Z</time></rtept><rtept lat="37.592835" lon="-107.211994"><ele>3498.6</ele><time>2026-04-12T16:12:14Z</time></rtept><rtept lat="37.592667" lon="-107.211932"><ele>3502.4</ele><time>2026-04-12T16:12:14Z</time></rtept><rtept lat="37.592493" lon="-107.211827"><ele>3505.0</ele><time>2026-04-12T16:12:14Z</time></rtept><rtept lat="37.592171" lon="-107.211701"><ele>3511.2</ele><time>2026-04-12T16:12:14Z</time></rtept><rtept lat="37.591866" lon="-107.211494"><ele>3514.4</ele><time>2026-04-12T16:12:14Z</time></rtept><rtept lat="37.591634" lon="-107.211416"><ele>3517.6</ele><time>2026-04-12T16:12:14Z</time></rtept><rtept lat="37.591506" lon="-107.211333"><ele>3518.2</ele><time>2026-04-12T16:12:14Z</time></rtept><rtept lat="37.591415" lon="-107.211312"><ele>3519.2</ele><time>2026-04-12T16:12:14Z</time></rtept><rtept lat="37.591305" lon="-107.211263"><ele>3519.6</ele><time>2026-04-12T16:12:14Z</time></rtept><rtept lat="37.591031" lon="-107.211274"><ele>3523.8</ele><time>2026-04-12T16:12:14Z</time></rtept><rtept lat="37.590611" lon="-107.211153"><ele>3534.0</ele><time>2026-04-12T16:12:14Z</time></rtept><rtept lat="37.590387" lon="-107.210999"><ele>3534.0</ele><time>2026-04-12T16:12:14Z</time></rtept><rtept lat="37.590169" lon="-107.21085"><ele>3533.4</ele><time>2026-04-12T16:12:14Z</time></rtept><rtept lat="37.590051" lon="-107.210682"><ele>3531.2</ele><time>2026-04-12T16:12:14Z</time></rtept><rtept lat="37.589896" lon="-107.21057"><ele>3531.6</ele><time>2026-04-12T16:12:14Z</time></rtept><rtept lat="37.589804" lon="-107.210554"><ele>3534.6</ele><time>2026-04-12T16:12:14Z</time></rtept><rtept lat="37.589702" lon="-107.210433"><ele>3533.6</ele><time>2026-04-12T16:12:14Z</time></rtept><rtept lat="37.589572" lon="-107.210355"><ele>3534.6</ele><time>2026-04-12T16:12:14Z</time></rtept><rtept lat="37.589477" lon="-107.210237"><ele>3533.4</ele><time>2026-04-12T16:12:14Z</time></rtept><rtept lat="37.589226" lon="-107.210051"><ele>3532.6</ele><time>2026-04-12T16:12:14Z</time></rtept><rtept lat="37.588956" lon="-107.209887"><ele>3535.2</ele><time>2026-04-12T16:12:14Z</time></rtept><rtept lat="37.588726" lon="-107.209716"><ele>3541.2</ele><time>2026-04-12T16:12:14Z</time></rtept><rtept lat="37.58862" lon="-107.209592"><ele>3541.6</ele><time>2026-04-12T16:12:14Z</time></rtept><rtept lat="37.588452" lon="-107.209486"><ele>3547.4</ele><time>2026-04-12T16:12:14Z</time></rtept><rtept lat="37.58834" lon="-107.209343"><ele>3544.8</ele><time>2026-04-12T16:12:14Z</time></rtept><rtept lat="37.588087" lon="-107.209128"><ele>3547.8</ele><time>2026-04-12T16:12:14Z</time></rtept><rtept lat="37.587891" lon="-107.20893"><ele>3551.0</ele><time>2026-04-12T16:12:14Z</time></rtept><rtept lat="37.587668" lon="-107.208752"><ele>3554.6</ele><time>2026-04-12T16:12:14Z</time></rtept><rtept lat="37.58744" lon="-107.208493"><ele>3557.8</ele><time>2026-04-12T16:12:14Z</time></rtept><rtept lat="37.587128" lon="-107.208156"><ele>3563.0</ele><time>2026-04-12T16:12:14Z</time></rtept><rtept lat="37.586918" lon="-107.207989"><ele>3566.2</ele><time>2026-04-12T16:12:14Z</time></rtept><rtept lat="37.58678" lon="-107.207922"><ele>3571.0</ele><time>2026-04-12T16:12:14Z</time></rtept><rtept lat="37.586401" lon="-107.207527"><ele>3578.6</ele><time>2026-04-12T16:12:14Z</time></rtept><rtept lat="37.585821" lon="-107.207246"><ele>3587.0</ele><time>2026-04-12T16:12:14Z</time></rtept><rtept lat="37.585732" lon="-107.207109"><ele>3587.0</ele><time>2026-04-12T16:12:14Z</time></rtept><rtept lat="37.585449" lon="-107.206985"><ele>3586.8</ele><time>2026-04-12T16:12:14Z</time></rtept><rtept lat="37.584851" lon="-107.207018"><ele>3595.4</ele><time>2026-04-12T16:12:14Z</time></rtept><rtept lat="37.584722" lon="-107.206974"><ele>3593.8</ele><time>2026-04-12T16:12:14Z</time></rtept><rtept lat="37.584579" lon="-107.206999"><ele>3593.6</ele><time>2026-04-12T16:12:14Z</time></rtept><rtept lat="37.584382" lon="-107.20719"><ele>3591.8</ele><time>2026-04-12T16:12:14Z</time></rtept><rtept lat="37.58431" lon="-107.207514"><ele>3585.2</ele><time>2026-04-12T16:12:14Z</time></rtept><rtept lat="37.584316" lon="-107.207868"><ele>3577.2</ele><time>2026-04-12T16:12:14Z</time></rtept><rtept lat="37.584479" lon="-107.208109"><ele>3577.0</ele><time>2026-04-12T16:12:14Z</time></rtept><rtept lat="37.58455" lon="-107.20834"><ele>3576.6</ele><time>2026-04-12T16:12:14Z</time></rtept><rtept lat="37.584537" lon="-107.208648"><ele>3570.4</ele><time>2026-04-12T16:12:14Z</time></rtept><rtept lat="37.584707" lon="-107.209145"><ele>3568.4</ele><time>2026-04-12T16:12:14Z</time></rtept><rtept lat="37.584722" lon="-107.209295"><ele>3570.2</ele><time>2026-04-12T16:12:14Z</time></rtept><rtept lat="37.584654" lon="-107.209399"><ele>3564.6</ele><time>2026-04-12T16:12:14Z</time></rtept><rtept lat="37.584505" lon="-107.209324"><ele>3557.0</ele><time>2026-04-12T16:12:14Z</time></rtept><rtept lat="37.584479" lon="-107.209638"><ele>3553.4</ele><time>2026-04-12T16:12:14Z</time></rtept><rtept lat="37.584384" lon="-107.210151"><ele>3545.4</ele><time>2026-04-12T16:12:14Z</time></rtept><rtept lat="37.584314" lon="-107.210293"><ele>3540.8</ele><time>2026-04-12T16:12:14Z</time></rtept><rtept lat="37.584212" lon="-107.210365"><ele>3532.4</ele><time>2026-04-12T16:12:14Z</time></rtept><rtept lat="37.584099" lon="-107.210591"><ele>3523.6</ele><time>2026-04-12T16:12:14Z</time></rtept><rtept lat="37.583983" lon="-107.210983"><ele>3519.2</ele><time>2026-04-12T16:12:14Z</time></rtept><rtept lat="37.584018" lon="-107.211293"><ele>3517.6</ele><time>2026-04-12T16:12:14Z</time></rtept><rtept lat="37.584084" lon="-107.211596"><ele>3519.2</ele><time>2026-04-12T16:12:14Z</time></rtept><rtept lat="37.584097" lon="-107.212189"><ele>3514.0</ele><time>2026-04-12T16:12:14Z</time></rtept><rtept lat="37.584226" lon="-107.213055"><ele>3514.0</ele><time>2026-04-12T16:12:14Z</time></rtept><rtept lat="37.584184" lon="-107.213326"><ele>3512.8</ele><time>2026-04-12T16:12:14Z</time></rtept><rtept lat="37.584055" lon="-107.213549"><ele>3508.0</ele><time>2026-04-12T16:12:14Z</time></rtept><rtept lat="37.58405" lon="-107.213653"><ele>3509.2</ele><time>2026-04-12T16:12:14Z</time></rtept><rtept lat="37.583984" lon="-107.2137"><ele>3510.2</ele><time>2026-04-12T16:12:14Z</time></rtept><rtept lat="37.583863" lon="-107.213702"><ele>3508.6</ele><time>2026-04-12T16:12:14Z</time></rtept><rtept lat="37.583721" lon="-107.213793"><ele>3510.2</ele><time>2026-04-12T16:12:14Z</time></rtept><rtept lat="37.583632" lon="-107.213815"><ele>3510.0</ele><time>2026-04-12T16:12:14Z</time></rtept><rtept lat="37.583393" lon="-107.213962"><ele>3513.2</ele><time>2026-04-12T16:12:14Z</time></rtept><rtept lat="37.582954" lon="-107.214093"><ele>3516.4</ele><time>2026-04-12T16:12:14Z</time></rtept><rtept lat="37.582594" lon="-107.214091"><ele>3510.4</ele><time>2026-04-12T16:12:14Z</time></rtept><rtept lat="37.582248" lon="-107.214176"><ele>3504.0</ele><time>2026-04-12T16:12:14Z</time></rtept><rtept lat="37.581969" lon="-107.214431"><ele>3500.2</ele><time>2026-04-12T16:12:14Z</time></rtept><rtept lat="37.581863" lon="-107.214677"><ele>3500.4</ele><time>2026-04-12T16:12:14Z</time></rtept><rtept lat="37.581786" lon="-107.21518"><ele>3498.4</ele><time>2026-04-12T16:12:14Z</time></rtept><rtept lat="37.581616" lon="-107.215343"><ele>3499.2</ele><time>2026-04-12T16:12:14Z</time></rtept><rtept lat="37.581264" lon="-107.215641"><ele>3494.6</ele><time>2026-04-12T16:12:14Z</time></rtept><rtept lat="37.581092" lon="-107.215714"><ele>3489.0</ele><time>2026-04-12T16:12:14Z</time></rtept><rtept lat="37.580909" lon="-107.215899"><ele>3489.6</ele><time>2026-04-12T16:12:14Z</time></rtept><rtept lat="37.580635" lon="-107.215922"><ele>3486.2</ele><time>2026-04-12T16:12:14Z</time></rtept><rtept lat="37.580347" lon="-107.216047"><ele>3482.2</ele><time>2026-04-12T16:12:14Z</time></rtept><rtept lat="37.580097" lon="-107.216315"><ele>3478.2</ele><time>2026-04-12T16:12:14Z</time></rtept><rtept lat="37.579974" lon="-107.217137"><ele>3471.2</ele><time>2026-04-12T16:12:14Z</time></rtept><rtept lat="37.579904" lon="-107.217261"><ele>3467.4</ele><time>2026-04-12T16:12:14Z</time></rtept><rtept lat="37.579805" lon="-107.217242"><ele>3462.2</ele><time>2026-04-12T16:12:14Z</time></rtept><rtept lat="37.579518" lon="-107.217186"><ele>3457.2</ele><time>2026-04-12T16:12:14Z</time></rtept><rtept lat="37.579142" lon="-107.217082"><ele>3450.2</ele><time>2026-04-12T16:12:14Z</time></rtept><rtept lat="37.578944" lon="-107.216792"><ele>3445.8</ele><time>2026-04-12T16:12:14Z</time></rtept><rtept lat="37.578894" lon="-107.216614"><ele>3443.8</ele><time>2026-04-12T16:12:14Z</time></rtept><rtept lat="37.578925" lon="-107.216508"><ele>3439.8</ele><time>2026-04-12T16:12:14Z</time></rtept><rtept lat="37.578885" lon="-107.216398"><ele>3437.0</ele><time>2026-04-12T16:12:14Z</time></rtept><rtept lat="37.578918" lon="-107.216331"><ele>3433.8</ele><time>2026-04-12T16:12:14Z</time></rtept><rtept lat="37.5789" lon="-107.216181"><ele>3430.6</ele><time>2026-04-12T16:12:14Z</time></rtept><rtept lat="37.578823" lon="-107.215969"><ele>3424.6</ele><time>2026-04-12T16:12:14Z</time></rtept><rtept lat="37.578634" lon="-107.215551"><ele>3415.8</ele><time>2026-04-12T16:12:14Z</time></rtept><rtept lat="37.578455" lon="-107.215317"><ele>3412.0</ele><time>2026-04-12T16:12:14Z</time></rtept><rtept lat="37.578377" lon="-107.215034"><ele>3406.0</ele><time>2026-04-12T16:12:14Z</time></rtept><rtept lat="37.578252" lon="-107.214822"><ele>3401.2</ele><time>2026-04-12T16:12:14Z</time></rtept><rtept lat="37.578092" lon="-107.21468"><ele>3395.8</ele><time>2026-04-12T16:12:14Z</time></rtept><rtept lat="37.578092" lon="-107.21468"><ele>3395.8</ele><time>2026-04-12T16:12:14Z</time></rtept><rtept lat="37.577849" lon="-107.214827"><ele>3397.2</ele><time>2026-04-12T16:12:14Z</time></rtept><rtept lat="37.577664" lon="-107.214938"><ele>3395.8</ele><time>2026-04-12T16:12:14Z</time></rtept><rtept lat="37.577664" lon="-107.214938"><ele>3395.8</ele><time>2026-04-12T16:12:14Z</time></rtept><rtept lat="37.577907" lon="-107.214791"><ele>3395.0</ele><time>2026-04-12T16:12:14Z</time></rtept><rtept lat="37.578092" lon="-107.21468"><ele>3395.8</ele><time>2026-04-12T16:12:14Z</time></rtept><rtept lat="37.578106" lon="-107.21453"><ele>3391.6</ele><time>2026-04-12T16:12:14Z</time></rtept><rtept lat="37.577982" lon="-107.214358"><ele>3387.4</ele><time>2026-04-12T16:12:14Z</time></rtept><rtept lat="37.577992" lon="-107.214285"><ele>3386.0</ele><time>2026-04-12T16:12:14Z</time></rtept><rtept lat="37.577766" lon="-107.21409"><ele>3383.2</ele><time>2026-04-12T16:12:14Z</time></rtept><rtept lat="37.577633" lon="-107.213797"><ele>3379.8</ele><time>2026-04-12T16:12:14Z</time></rtept><rtept lat="37.577553" lon="-107.213521"><ele>3376.2</ele><time>2026-04-12T16:12:14Z</time></rtept><rtept lat="37.577649" lon="-107.213398"><ele>3374.0</ele><time>2026-04-12T16:12:14Z</time></rtept><rtept lat="37.577632" lon="-107.213154"><ele>3370.4</ele><time>2026-04-12T16:12:14Z</time></rtept><rtept lat="37.577718" lon="-107.212948"><ele>3367.8</ele><time>2026-04-12T16:12:14Z</time></rtept><rtept lat="37.577652" lon="-107.212749"><ele>3365.6</ele><time>2026-04-12T16:12:14Z</time></rtept><rtept lat="37.57745" lon="-107.212755"><ele>3366.8</ele><time>2026-04-12T16:12:14Z</time></rtept><rtept lat="37.577197" lon="-107.212597"><ele>3366.0</ele><time>2026-04-12T16:12:14Z</time></rtept><rtept lat="37.576889" lon="-107.212577"><ele>3363.4</ele><time>2026-04-12T16:12:14Z</time></rtept><rtept lat="37.576822" lon="-107.212632"><ele>3361.8</ele><time>2026-04-12T16:12:14Z</time></rtept><rtept lat="37.576679" lon="-107.212787"><ele>3360.8</ele><time>2026-04-12T16:12:14Z</time></rtept><rtept lat="37.576604" lon="-107.213061"><ele>3362.0</ele><time>2026-04-12T16:12:14Z</time></rtept><rtept lat="37.576431" lon="-107.213183"><ele>3359.0</ele><time>2026-04-12T16:12:14Z</time></rtept><rtept lat="37.5762" lon="-107.213362"><ele>3357.0</ele><time>2026-04-12T16:12:14Z</time></rtept><rtept lat="37.575993" lon="-107.213313"><ele>3355.6</ele><time>2026-04-12T16:12:14Z</time></rtept><rtept lat="37.575634" lon="-107.212948"><ele>3350.6</ele><time>2026-04-12T16:12:14Z</time></rtept><rtept lat="37.575391" lon="-107.212846"><ele>3348.8</ele><time>2026-04-12T16:12:14Z</time></rtept><rtept lat="37.575018" lon="-107.212924"><ele>3346.8</ele><time>2026-04-12T16:12:14Z</time></rtept><rtept lat="37.574755" lon="-107.213084"><ele>3346.2</ele><time>2026-04-12T16:12:14Z</time></rtept><rtept lat="37.574296" lon="-107.213083"><ele>3344.0</ele><time>2026-04-12T16:12:14Z</time></rtept><rtept lat="37.574057" lon="-107.213232"><ele>3340.6</ele><time>2026-04-12T16:12:14Z</time></rtept><rtept lat="37.573992" lon="-107.213369"><ele>3337.4</ele><time>2026-04-12T16:12:14Z</time></rtept><rtept lat="37.574068" lon="-107.213831"><ele>3333.2</ele><time>2026-04-12T16:12:14Z</time></rtept><rtept lat="37.573827" lon="-107.214317"><ele>3333.4</ele><time>2026-04-12T16:12:14Z</time></rtept><rtept lat="37.573509" lon="-107.214727"><ele>3329.8</ele><time>2026-04-12T16:12:14Z</time></rtept><rtept lat="37.573488" lon="-107.214876"><ele>3327.4</ele><time>2026-04-12T16:12:14Z</time></rtept><rtept lat="37.573513" lon="-107.214997"><ele>3330.8</ele><time>2026-04-12T16:12:14Z</time></rtept><rtept lat="37.573488" lon="-107.215043"><ele>3329.2</ele><time>2026-04-12T16:12:14Z</time></rtept><rtept lat="37.573428" lon="-107.215003"><ele>3329.2</ele><time>2026-04-12T16:12:14Z</time></rtept><rtept lat="37.573315" lon="-107.214965"><ele>3325.4</ele><time>2026-04-12T16:12:14Z</time></rtept><rtept lat="37.573035" lon="-107.215164"><ele>3328.8</ele><time>2026-04-12T16:12:14Z</time></rtept><rtept lat="37.572969" lon="-107.215341"><ele>3332.0</ele><time>2026-04-12T16:12:14Z</time></rtept><rtept lat="37.572554" lon="-107.215754"><ele>3326.0</ele><time>2026-04-12T16:12:14Z</time></rtept><rtept lat="37.572354" lon="-107.216031"><ele>3322.8</ele><time>2026-04-12T16:12:14Z</time></rtept><rtept lat="37.572117" lon="-107.216291"><ele>3318.8</ele><time>2026-04-12T16:12:14Z</time></rtept><rtept lat="37.571839" lon="-107.216705"><ele>3319.0</ele><time>2026-04-12T16:12:14Z</time></rtept><rtept lat="37.571578" lon="-107.217033"><ele>3313.0</ele><time>2026-04-12T16:12:14Z</time></rtept><rtept lat="37.571484" lon="-107.217261"><ele>3305.6</ele><time>2026-04-12T16:12:14Z</time></rtept><rtept lat="37.571678" lon="-107.217735"><ele>3303.6</ele><time>2026-04-12T16:12:14Z</time></rtept><rtept lat="37.571657" lon="-107.217832"><ele>3301.6</ele><time>2026-04-12T16:12:14Z</time></rtept><rtept lat="37.571472" lon="-107.217778"><ele>3298.8</ele><time>2026-04-12T16:12:14Z</time></rtept><rtept lat="37.571242" lon="-107.217743"><ele>3305.8</ele><time>2026-04-12T16:12:14Z</time></rtept><rtept lat="37.571049" lon="-107.217848"><ele>3315.4</ele><time>2026-04-12T16:12:14Z</time></rtept><rtept lat="37.570679" lon="-107.21793"><ele>3319.6</ele><time>2026-04-12T16:12:14Z</time></rtept><rtept lat="37.570036" lon="-107.218296"><ele>3318.2</ele><time>2026-04-12T16:12:14Z</time></rtept><rtept lat="37.569479" lon="-107.218439"><ele>3324.0</ele><time>2026-04-12T16:12:14Z</time></rtept><rtept lat="37.569176" lon="-107.218655"><ele>3321.0</ele><time>2026-04-12T16:12:14Z</time></rtept><rtept lat="37.568891" lon="-107.218696"><ele>3312.8</ele><time>2026-04-12T16:12:14Z</time></rtept><rtept lat="37.568849" lon="-107.218702"><ele>3312.6</ele><time>2026-04-12T16:12:14Z</time></rtept><rtept lat="37.568755" lon="-107.218792"><ele>3318.6</ele><time>2026-04-12T16:12:14Z</time></rtept><rtept lat="37.568378" lon="-107.218878"><ele>3333.6</ele><time>2026-04-12T16:12:14Z</time></rtept><rtept lat="37.567952" lon="-107.219051"><ele>3339.6</ele><time>2026-04-12T16:12:14Z</time></rtept><rtept lat="37.567675" lon="-107.219066"><ele>3335.8</ele><time>2026-04-12T16:12:14Z</time></rtept><rtept lat="37.567394" lon="-107.219429"><ele>3339.4</ele><time>2026-04-12T16:12:14Z</time></rtept><rtept lat="37.56719" lon="-107.219558"><ele>3333.8</ele><time>2026-04-12T16:12:14Z</time></rtept><rtept lat="37.566828" lon="-107.220028"><ele>3323.0</ele><time>2026-04-12T16:12:14Z</time></rtept><rtept lat="37.56671" lon="-107.220448"><ele>3328.4</ele><time>2026-04-12T16:12:14Z</time></rtept><rtept lat="37.566289" lon="-107.22061"><ele>3333.8</ele><time>2026-04-12T16:12:14Z</time></rtept><rtept lat="37.566015" lon="-107.220651"><ele>3329.8</ele><time>2026-04-12T16:12:14Z</time></rtept><rtept lat="37.565891" lon="-107.220756"><ele>3326.6</ele><time>2026-04-12T16:12:14Z</time></rtept><rtept lat="37.565573" lon="-107.220831"><ele>3313.6</ele><time>2026-04-12T16:12:14Z</time></rtept><rtept lat="37.565441" lon="-107.221059"><ele>3315.8</ele><time>2026-04-12T16:12:14Z</time></rtept><rtept lat="37.565288" lon="-107.221201"><ele>3320.2</ele><time>2026-04-12T16:12:14Z</time></rtept><rtept lat="37.565129" lon="-107.221442"><ele>3326.8</ele><time>2026-04-12T16:12:14Z</time></rtept><rtept lat="37.564728" lon="-107.221897"><ele>3320.8</ele><time>2026-04-12T16:12:14Z</time></rtept><rtept lat="37.564365" lon="-107.222351"><ele>3311.8</ele><time>2026-04-12T16:12:14Z</time></rtept><rtept lat="37.564184" lon="-107.222676"><ele>3310.0</ele><time>2026-04-12T16:12:14Z</time></rtept><rtept lat="37.564062" lon="-107.222899"><ele>3307.4</ele><time>2026-04-12T16:12:14Z</time></rtept><rtept lat="37.564038" lon="-107.223185"><ele>3308.2</ele><time>2026-04-12T16:12:14Z</time></rtept><rtept lat="37.563873" lon="-107.223436"><ele>3310.2</ele><time>2026-04-12T16:12:14Z</time></rtept><rtept lat="37.563486" lon="-107.223633"><ele>3303.0</ele><time>2026-04-12T16:12:14Z</time></rtept><rtept lat="37.56335" lon="-107.223744"><ele>3303.2</ele><time>2026-04-12T16:12:14Z</time></rtept><rtept lat="37.56322" lon="-107.223906"><ele>3296.6</ele><time>2026-04-12T16:12:14Z</time></rtept><rtept lat="37.563184" lon="-107.224363"><ele>3297.2</ele><time>2026-04-12T16:12:14Z</time></rtept><rtept lat="37.563244" lon="-107.225044"><ele>3285.8</ele><time>2026-04-12T16:12:14Z</time></rtept><rtept lat="37.563701" lon="-107.225896"><ele>3283.8</ele><time>2026-04-12T16:12:14Z</time></rtept><rtept lat="37.563752" lon="-107.226239"><ele>3276.0</ele><time>2026-04-12T16:12:14Z</time></rtept><rtept lat="37.563871" lon="-107.226431"><ele>3279.6</ele><time>2026-04-12T16:12:14Z</time></rtept><rtept lat="37.563985" lon="-107.226763"><ele>3268.8</ele><time>2026-04-12T16:12:14Z</time></rtept><rtept lat="37.564302" lon="-107.227045"><ele>3259.4</ele><time>2026-04-12T16:12:14Z</time></rtept><rtept lat="37.564758" lon="-107.227233"><ele>3262.0</ele><time>2026-04-12T16:12:14Z</time></rtept><rtept lat="37.564981" lon="-107.22722"><ele>3274.2</ele><time>2026-04-12T16:12:14Z</time></rtept><rtept lat="37.565416" lon="-107.227681"><ele>3264.6</ele><time>2026-04-12T16:12:14Z</time></rtept><rtept lat="37.565827" lon="-107.228088"><ele>3264.6</ele><time>2026-04-12T16:12:14Z</time></rtept><rtept lat="37.565927" lon="-107.228286"><ele>3248.4</ele><time>2026-04-12T16:12:14Z</time></rtept><rtept lat="37.565452" lon="-107.22814"><ele>3242.0</ele><time>2026-04-12T16:12:14Z</time></rtept><rtept lat="37.565694" lon="-107.228521"><ele>3232.0</ele><time>2026-04-12T16:12:14Z</time></rtept><rtept lat="37.565708" lon="-107.228594"><ele>3224.0</ele><time>2026-04-12T16:12:14Z</time></rtept><rtept lat="37.565636" lon="-107.228556"><ele>3223.0</ele><time>2026-04-12T16:12:14Z</time></rtept><rtept lat="37.565442" lon="-107.22839"><ele>3229.2</ele><time>2026-04-12T16:12:14Z</time></rtept><rtept lat="37.564767" lon="-107.228129"><ele>3219.4</ele><time>2026-04-12T16:12:14Z</time></rtept><rtept lat="37.564619" lon="-107.22813"><ele>3214.8</ele><time>2026-04-12T16:12:14Z</time></rtept><rtept lat="37.564448" lon="-107.228021"><ele>3216.0</ele><time>2026-04-12T16:12:14Z</time></rtept><rtept lat="37.56418" lon="-107.228008"><ele>3208.8</ele><time>2026-04-12T16:12:14Z</time></rtept><rtept lat="37.563852" lon="-107.227895"><ele>3210.0</ele><time>2026-04-12T16:12:14Z</time></rtept><rtept lat="37.563636" lon="-107.227858"><ele>3206.2</ele><time>2026-04-12T16:12:14Z</time></rtept><rtept lat="37.563351" lon="-107.227907"><ele>3197.4</ele><time>2026-04-12T16:12:14Z</time></rtept><rtept lat="37.563249" lon="-107.227768"><ele>3198.0</ele><time>2026-04-12T16:12:14Z</time></rtept><rtept lat="37.563101" lon="-107.227616"><ele>3197.2</ele><time>2026-04-12T16:12:14Z</time></rtept><rtept lat="37.563032" lon="-107.227523"><ele>3196.0</ele><time>2026-04-12T16:12:14Z</time></rtept><rtept lat="37.56284" lon="-107.227341"><ele>3185.6</ele><time>2026-04-12T16:12:14Z</time></rtept><rtept lat="37.562828" lon="-107.227461"><ele>3183.2</ele><time>2026-04-12T16:12:14Z</time></rtept><rtept lat="37.562954" lon="-107.227636"><ele>3189.4</ele><time>2026-04-12T16:12:14Z</time></rtept><rtept lat="37.562964" lon="-107.227884"><ele>3181.8</ele><time>2026-04-12T16:12:14Z</time></rtept><rtept lat="37.563073" lon="-107.228271"><ele>3172.2</ele><time>2026-04-12T16:12:14Z</time></rtept><rtept lat="37.563459" lon="-107.228522"><ele>3173.0</ele><time>2026-04-12T16:12:14Z</time></rtept><rtept lat="37.563517" lon="-107.228668"><ele>3168.4</ele><time>2026-04-12T16:12:14Z</time></rtept><rtept lat="37.563781" lon="-107.228772"><ele>3169.6</ele><time>2026-04-12T16:12:14Z</time></rtept><rtept lat="37.563976" lon="-107.229097"><ele>3158.6</ele><time>2026-04-12T16:12:14Z</time></rtept><rtept lat="37.563804" lon="-107.229071"><ele>3155.2</ele><time>2026-04-12T16:12:14Z</time></rtept><rtept lat="37.563679" lon="-107.228983"><ele>3155.4</ele><time>2026-04-12T16:12:14Z</time></rtept><rtept lat="37.563453" lon="-107.228875"><ele>3161.2</ele><time>2026-04-12T16:12:14Z</time></rtept><rtept lat="37.563213" lon="-107.228762"><ele>3161.2</ele><time>2026-04-12T16:12:14Z</time></rtept><rtept lat="37.562932" lon="-107.228704"><ele>3157.4</ele><time>2026-04-12T16:12:14Z</time></rtept><rtept lat="37.562626" lon="-107.228464"><ele>3146.8</ele><time>2026-04-12T16:12:14Z</time></rtept><rtept lat="37.562405" lon="-107.228304"><ele>3132.6</ele><time>2026-04-12T16:12:14Z</time></rtept><rtept lat="37.562244" lon="-107.228112"><ele>3130.8</ele><time>2026-04-12T16:12:14Z</time></rtept><rtept lat="37.561973" lon="-107.228163"><ele>3126.0</ele><time>2026-04-12T16:12:14Z</time></rtept><rtept lat="37.561594" lon="-107.228125"><ele>3120.0</ele><time>2026-04-12T16:12:14Z</time></rtept><rtept lat="37.561465" lon="-107.228046"><ele>3118.4</ele><time>2026-04-12T16:12:14Z</time></rtept><rtept lat="37.561551" lon="-107.227278"><ele>3125.4</ele><time>2026-04-12T16:12:14Z</time></rtept><rtept lat="37.56152" lon="-107.227257"><ele>3122.8</ele><time>2026-04-12T16:12:14Z</time></rtept><rtept lat="37.561449" lon="-107.227439"><ele>3121.8</ele><time>2026-04-12T16:12:14Z</time></rtept><rtept lat="37.561455" lon="-107.22761"><ele>3124.4</ele><time>2026-04-12T16:12:14Z</time></rtept><rtept lat="37.561283" lon="-107.227912"><ele>3116.0</ele><time>2026-04-12T16:12:14Z</time></rtept><rtept lat="37.561269" lon="-107.228157"><ele>3111.0</ele><time>2026-04-12T16:12:14Z</time></rtept><rtept lat="37.561267" lon="-107.228276"><ele>3109.2</ele><time>2026-04-12T16:12:14Z</time></rtept><rtept lat="37.561305" lon="-107.228476"><ele>3103.2</ele><time>2026-04-12T16:12:14Z</time></rtept><rtept lat="37.561417" lon="-107.228667"><ele>3101.8</ele><time>2026-04-12T16:12:14Z</time></rtept><rtept lat="37.561553" lon="-107.228764"><ele>3102.0</ele><time>2026-04-12T16:12:14Z</time></rtept><rtept lat="37.561681" lon="-107.228955"><ele>3099.0</ele><time>2026-04-12T16:12:14Z</time></rtept><rtept lat="37.561925" lon="-107.229059"><ele>3102.0</ele><time>2026-04-12T16:12:14Z</time></rtept><rtept lat="37.562044" lon="-107.229907"><ele>3100.4</ele><time>2026-04-12T16:12:14Z</time></rtept><rtept lat="37.56203" lon="-107.229978"><ele>3097.8</ele><time>2026-04-12T16:12:14Z</time></rtept><rtept lat="37.562" lon="-107.229968"><ele>3097.8</ele><time>2026-04-12T16:12:14Z</time></rtept><rtept lat="37.561796" lon="-107.229795"><ele>3100.0</ele><time>2026-04-12T16:12:14Z</time></rtept><rtept lat="37.561662" lon="-107.229428"><ele>3090.0</ele><time>2026-04-12T16:12:14Z</time></rtept><rtept lat="37.561467" lon="-107.229384"><ele>3083.0</ele><time>2026-04-12T16:12:14Z</time></rtept><rtept lat="37.561242" lon="-107.229222"><ele>3081.6</ele><time>2026-04-12T16:12:14Z</time></rtept><rtept lat="37.560742" lon="-107.228941"><ele>3079.2</ele><time>2026-04-12T16:12:14Z</time></rtept><rtept lat="37.56059" lon="-107.228742"><ele>3079.6</ele><time>2026-04-12T16:12:14Z</time></rtept><rtept lat="37.560505" lon="-107.228723"><ele>3077.8</ele><time>2026-04-12T16:12:14Z</time></rtept><rtept lat="37.56029" lon="-107.228535"><ele>3075.6</ele><time>2026-04-12T16:12:14Z</time></rtept><rtept lat="37.560138" lon="-107.228199"><ele>3077.2</ele><time>2026-04-12T16:12:14Z</time></rtept><rtept lat="37.560156" lon="-107.227509"><ele>3067.8</ele><time>2026-04-12T16:12:14Z</time></rtept><rtept lat="37.560302" lon="-107.227003"><ele>3062.8</ele><time>2026-04-12T16:12:14Z</time></rtept><rtept lat="37.560222" lon="-107.226993"><ele>3055.0</ele><time>2026-04-12T16:12:14Z</time></rtept><rtept lat="37.560061" lon="-107.227274"><ele>3057.6</ele><time>2026-04-12T16:12:14Z</time></rtept><rtept lat="37.559724" lon="-107.228002"><ele>3058.6</ele><time>2026-04-12T16:12:14Z</time></rtept><rtept lat="37.559656" lon="-107.228233"><ele>3054.2</ele><time>2026-04-12T16:12:14Z</time></rtept><rtept lat="37.559638" lon="-107.228535"><ele>3046.6</ele><time>2026-04-12T16:12:14Z</time></rtept><rtept lat="37.559574" lon="-107.228658"><ele>3031.4</ele><time>2026-04-12T16:12:14Z</time></rtept><rtept lat="37.559486" lon="-107.228435"><ele>3044.0</ele><time>2026-04-12T16:12:14Z</time></rtept><rtept lat="37.559427" lon="-107.227848"><ele>3043.6</ele><time>2026-04-12T16:12:14Z</time></rtept><rtept lat="37.559632" lon="-107.22722"><ele>3031.2</ele><time>2026-04-12T16:12:14Z</time></rtept><rtept lat="37.55946" lon="-107.227465"><ele>3035.6</ele><time>2026-04-12T16:12:14Z</time></rtept><rtept lat="37.559143" lon="-107.227732"><ele>3031.8</ele><time>2026-04-12T16:12:14Z</time></rtept><rtept lat="37.559026" lon="-107.228152"><ele>3024.4</ele><time>2026-04-12T16:12:14Z</time></rtept><rtept lat="37.558988" lon="-107.22792"><ele>3021.4</ele><time>2026-04-12T16:12:14Z</time></rtept><rtept lat="37.558873" lon="-107.227834"><ele>3017.2</ele><time>2026-04-12T16:12:14Z</time></rtept><rtept lat="37.558837" lon="-107.227729"><ele>3013.2</ele><time>2026-04-12T16:12:14Z</time></rtept><rtept lat="37.55901" lon="-107.22742"><ele>3019.0</ele><time>2026-04-12T16:12:14Z</time></rtept><rtept lat="37.559199" lon="-107.227113"><ele>3006.2</ele><time>2026-04-12T16:12:14Z</time></rtept><rtept lat="37.558911" lon="-107.226832"><ele>2996.0</ele><time>2026-04-12T16:12:14Z</time></rtept><rtept lat="37.55861" lon="-107.226828"><ele>2987.6</ele><time>2026-04-12T16:12:14Z</time></rtept><rtept lat="37.558181" lon="-107.226567"><ele>2989.2</ele><time>2026-04-12T16:12:14Z</time></rtept><rtept lat="37.557844" lon="-107.226077"><ele>2984.2</ele><time>2026-04-12T16:12:14Z</time></rtept><rtept lat="37.558031" lon="-107.225699"><ele>2983.4</ele><time>2026-04-12T16:12:14Z</time></rtept><rtept lat="37.558273" lon="-107.225416"><ele>2982.6</ele><time>2026-04-12T16:12:14Z</time></rtept><rtept lat="37.55836" lon="-107.225172"><ele>2975.6</ele><time>2026-04-12T16:12:14Z</time></rtept><rtept lat="37.558577" lon="-107.224873"><ele>2979.4</ele><time>2026-04-12T16:12:14Z</time></rtept><rtept lat="37.558988" lon="-107.224749"><ele>2980.8</ele><time>2026-04-12T16:12:14Z</time></rtept><rtept lat="37.559071" lon="-107.224609"><ele>2975.6</ele><time>2026-04-12T16:12:14Z</time></rtept><rtept lat="37.558666" lon="-107.224662"><ele>2975.8</ele><time>2026-04-12T16:12:14Z</time></rtept><rtept lat="37.558505" lon="-107.224609"><ele>2971.6</ele><time>2026-04-12T16:12:14Z</time></rtept><rtept lat="37.558421" lon="-107.224425"><ele>2966.2</ele><time>2026-04-12T16:12:14Z</time></rtept><rtept lat="37.558235" lon="-107.224371"><ele>2955.8</ele><time>2026-04-12T16:12:14Z</time></rtept><rtept lat="37.558127" lon="-107.224532"><ele>2952.2</ele><time>2026-04-12T16:12:14Z</time></rtept><rtept lat="37.558121" lon="-107.224736"><ele>2954.8</ele><time>2026-04-12T16:12:14Z</time></rtept><rtept lat="37.558014" lon="-107.224862"><ele>2953.2</ele><time>2026-04-12T16:12:14Z</time></rtept><rtept lat="37.557918" lon="-107.225086"><ele>2956.6</ele><time>2026-04-12T16:12:14Z</time></rtept><rtept lat="37.55767" lon="-107.22518"><ele>2945.2</ele><time>2026-04-12T16:12:14Z</time></rtept><rtept lat="37.557248" lon="-107.225539"><ele>2946.6</ele><time>2026-04-12T16:12:14Z</time></rtept><rtept lat="37.556987" lon="-107.225595"><ele>2932.6</ele><time>2026-04-12T16:12:14Z</time></rtept><rtept lat="37.556976" lon="-107.225457"><ele>2930.2</ele><time>2026-04-12T16:12:14Z</time></rtept><rtept lat="37.557293" lon="-107.22532"><ele>2931.2</ele><time>2026-04-12T16:12:14Z</time></rtept><rtept lat="37.55737" lon="-107.225208"><ele>2928.0</ele><time>2026-04-12T16:12:14Z</time></rtept><rtept lat="37.557341" lon="-107.225082"><ele>2920.6</ele><time>2026-04-12T16:12:14Z</time></rtept><rtept lat="37.557371" lon="-107.224925"><ele>2917.8</ele><time>2026-04-12T16:12:14Z</time></rtept><rtept lat="37.557567" lon="-107.224715"><ele>2919.8</ele><time>2026-04-12T16:12:14Z</time></rtept><rtept lat="37.557603" lon="-107.224605"><ele>2920.2</ele><time>2026-04-12T16:12:14Z</time></rtept><rtept lat="37.557531" lon="-107.224378"><ele>2909.6</ele><time>2026-04-12T16:12:14Z</time></rtept><rtept lat="37.557508" lon="-107.224046"><ele>2901.2</ele><time>2026-04-12T16:12:14Z</time></rtept><rtept lat="37.557539" lon="-107.223707"><ele>2902.2</ele><time>2026-04-12T16:12:14Z</time></rtept><rtept lat="37.557401" lon="-107.223536"><ele>2893.6</ele><time>2026-04-12T16:12:14Z</time></rtept><rtept lat="37.557385" lon="-107.223419"><ele>2893.4</ele><time>2026-04-12T16:12:14Z</time></rtept><rtept lat="37.557512" lon="-107.223317"><ele>2899.4</ele><time>2026-04-12T16:12:14Z</time></rtept><rtept lat="37.55778" lon="-107.223143"><ele>2902.6</ele><time>2026-04-12T16:12:14Z</time></rtept><rtept lat="37.557774" lon="-107.22291"><ele>2892.2</ele><time>2026-04-12T16:12:14Z</time></rtept><rtept lat="37.557909" lon="-107.222791"><ele>2889.0</ele><time>2026-04-12T16:12:14Z</time></rtept><rtept lat="37.557832" lon="-107.222551"><ele>2885.6</ele><time>2026-04-12T16:12:14Z</time></rtept><rtept lat="37.557728" lon="-107.222452"><ele>2883.2</ele><time>2026-04-12T16:12:14Z</time></rtept><rtept lat="37.557662" lon="-107.222246"><ele>2883.8</ele><time>2026-04-12T16:12:14Z</time></rtept><rtept lat="37.55755" lon="-107.221899"><ele>2886.0</ele><time>2026-04-12T16:12:14Z</time></rtept><rtept lat="37.557263" lon="-107.221673"><ele>2881.6</ele><time>2026-04-12T16:12:14Z</time></rtept><rtept lat="37.557154" lon="-107.221539"><ele>2879.8</ele><time>2026-04-12T16:12:14Z</time></rtept><rtept lat="37.557013" lon="-107.22144"><ele>2874.4</ele><time>2026-04-12T16:12:14Z</time></rtept><rtept lat="37.556831" lon="-107.221181"><ele>2871.2</ele><time>2026-04-12T16:12:14Z</time></rtept><rtept lat="37.556732" lon="-107.22095"><ele>2870.8</ele><time>2026-04-12T16:12:14Z</time></rtept><rtept lat="37.556666" lon="-107.220708"><ele>2870.8</ele><time>2026-04-12T16:12:14Z</time></rtept><rtept lat="37.556586" lon="-107.220589"><ele>2868.0</ele><time>2026-04-12T16:12:14Z</time></rtept><rtept lat="37.556555" lon="-107.220937"><ele>2865.8</ele><time>2026-04-12T16:12:14Z</time></rtept><rtept lat="37.556596" lon="-107.221289"><ele>2862.2</ele><time>2026-04-12T16:12:14Z</time></rtept><rtept lat="37.556361" lon="-107.221581"><ele>2856.6</ele><time>2026-04-12T16:12:14Z</time></rtept><rtept lat="37.556302" lon="-107.221443"><ele>2855.6</ele><time>2026-04-12T16:12:14Z</time></rtept><rtept lat="37.556255" lon="-107.22093"><ele>2855.4</ele><time>2026-04-12T16:12:14Z</time></rtept><rtept lat="37.556201" lon="-107.220835"><ele>2854.0</ele><time>2026-04-12T16:12:14Z</time></rtept><rtept lat="37.556189" lon="-107.220673"><ele>2853.6</ele><time>2026-04-12T16:12:14Z</time></rtept><rtept lat="37.556339" lon="-107.220364"><ele>2855.0</ele><time>2026-04-12T16:12:14Z</time></rtept><rtept lat="37.556327" lon="-107.219739"><ele>2846.8</ele><time>2026-04-12T16:12:14Z</time></rtept><rtept lat="37.556301" lon="-107.21972"><ele>2846.8</ele><time>2026-04-12T16:12:14Z</time></rtept><rtept lat="37.556126" lon="-107.220114"><ele>2845.2</ele><time>2026-04-12T16:12:14Z</time></rtept><rtept lat="37.555768" lon="-107.220299"><ele>2845.0</ele><time>2026-04-12T16:12:14Z</time></rtept><rtept lat="37.555532" lon="-107.220194"><ele>2844.0</ele><time>2026-04-12T16:12:14Z</time></rtept><rtept lat="37.555312" lon="-107.220004"><ele>2844.4</ele><time>2026-04-12T16:12:14Z</time></rtept><rtept lat="37.555155" lon="-107.219723"><ele>2836.6</ele><time>2026-04-12T16:12:14Z</time></rtept><rtept lat="37.554987" lon="-107.219614"><ele>2834.4</ele><time>2026-04-12T16:12:14Z</time></rtept><rtept lat="37.55486" lon="-107.219406"><ele>2823.2</ele><time>2026-04-12T16:12:14Z</time></rtept><rtept lat="37.554535" lon="-107.219267"><ele>2817.8</ele><time>2026-04-12T16:12:14Z</time></rtept><rtept lat="37.554251" lon="-107.219243"><ele>2815.2</ele><time>2026-04-12T16:12:14Z</time></rtept><rtept lat="37.554079" lon="-107.219113"><ele>2812.4</ele><time>2026-04-12T16:12:14Z</time></rtept><rtept lat="37.553695" lon="-107.219068"><ele>2807.8</ele><time>2026-04-12T16:12:14Z</time></rtept><rtept lat="37.553419" lon="-107.218937"><ele>2804.8</ele><time>2026-04-12T16:12:14Z</time></rtept><rtept lat="37.55324" lon="-107.218933"><ele>2804.2</ele><time>2026-04-12T16:12:14Z</time></rtept><rtept lat="37.552736" lon="-107.218672"><ele>2793.2</ele><time>2026-04-12T16:12:14Z</time></rtept><rtept lat="37.552327" lon="-107.2186"><ele>2784.0</ele><time>2026-04-12T16:12:14Z</time></rtept><rtept lat="37.552653" lon="-107.218135"><ele>2782.0</ele><time>2026-04-12T16:12:14Z</time></rtept><rtept lat="37.552848" lon="-107.217927"><ele>2780.0</ele><time>2026-04-12T16:12:14Z</time></rtept><rtept lat="37.553083" lon="-107.217792"><ele>2777.8</ele><time>2026-04-12T16:12:14Z</time></rtept><rtept lat="37.553077" lon="-107.217755"><ele>2777.8</ele><time>2026-04-12T16:12:14Z</time></rtept><rtept lat="37.552707" lon="-107.217533"><ele>2772.6</ele><time>2026-04-12T16:12:14Z</time></rtept><rtept lat="37.552583" lon="-107.21735"><ele>2769.6</ele><time>2026-04-12T16:12:14Z</time></rtept><rtept lat="37.552404" lon="-107.217248"><ele>2767.8</ele><time>2026-04-12T16:12:14Z</time></rtept><rtept lat="37.552301" lon="-107.217106"><ele>2764.6</ele><time>2026-04-12T16:12:14Z</time></rtept><rtept lat="37.551962" lon="-107.217035"><ele>2760.8</ele><time>2026-04-12T16:12:14Z</time></rtept><rtept lat="37.55178" lon="-107.217018"><ele>2759.0</ele><time>2026-04-12T16:12:14Z</time></rtept><rtept lat="37.551505" lon="-107.216817"><ele>2754.2</ele><time>2026-04-12T16:12:14Z</time></rtept><rtept lat="37.551435" lon="-107.216834"><ele>2752.8</ele><time>2026-04-12T16:12:14Z</time></rtept><rtept lat="37.551363" lon="-107.217081"><ele>2751.0</ele><time>2026-04-12T16:12:14Z</time></rtept><rtept lat="37.551265" lon="-107.217167"><ele>2747.6</ele><time>2026-04-12T16:12:14Z</time></rtept><rtept lat="37.551202" lon="-107.217056"><ele>2747.0</ele><time>2026-04-12T16:12:14Z</time></rtept><rtept lat="37.551192" lon="-107.216884"><ele>2749.0</ele><time>2026-04-12T16:12:14Z</time></rtept><rtept lat="37.551052" lon="-107.216663"><ele>2749.6</ele><time>2026-04-12T16:12:14Z</time></rtept><rtept lat="37.551039" lon="-107.216253"><ele>2752.0</ele><time>2026-04-12T16:12:14Z</time></rtept><rtept lat="37.55111" lon="-107.215977"><ele>2750.6</ele><time>2026-04-12T16:12:14Z</time></rtept><rtept lat="37.550987" lon="-107.215796"><ele>2750.6</ele><time>2026-04-12T16:12:14Z</time></rtept><rtept lat="37.550854" lon="-107.215721"><ele>2749.8</ele><time>2026-04-12T16:12:14Z</time></rtept><rtept lat="37.5506" lon="-107.215656"><ele>2746.4</ele><time>2026-04-12T16:12:14Z</time></rtept><rtept lat="37.550385" lon="-107.215658"><ele>2743.0</ele><time>2026-04-12T16:12:14Z</time></rtept><rtept lat="37.550161" lon="-107.215581"><ele>2736.4</ele><time>2026-04-12T16:12:14Z</time></rtept><rtept lat="37.549971" lon="-107.215619"><ele>2729.0</ele><time>2026-04-12T16:12:14Z</time></rtept><rtept lat="37.549908" lon="-107.215835"><ele>2730.8</ele><time>2026-04-12T16:12:14Z</time></rtept><rtept lat="37.549747" lon="-107.215866"><ele>2723.4</ele><time>2026-04-12T16:12:14Z</time></rtept><rtept lat="37.549625" lon="-107.215933"><ele>2725.6</ele><time>2026-04-12T16:12:14Z</time></rtept><rtept lat="37.549377" lon="-107.21603"><ele>2724.0</ele><time>2026-04-12T16:12:14Z</time></rtept><rtept lat="37.549087" lon="-107.215946"><ele>2718.4</ele><time>2026-04-12T16:12:14Z</time></rtept><rtept lat="37.548823" lon="-107.216065"><ele>2714.0</ele><time>2026-04-12T16:12:14Z</time></rtept><rtept lat="37.548752" lon="-107.21604"><ele>2712.2</ele><time>2026-04-12T16:12:14Z</time></rtept><rtept lat="37.548798" lon="-107.2159"><ele>2712.8</ele><time>2026-04-12T16:12:14Z</time></rtept><rtept lat="37.548822" lon="-107.21581"><ele>2712.0</ele><time>2026-04-12T16:12:14Z</time></rtept><rtept lat="37.548784" lon="-107.215721"><ele>2711.2</ele><time>2026-04-12T16:12:14Z</time></rtept><rtept lat="37.548531" lon="-107.215815"><ele>2708.6</ele><time>2026-04-12T16:12:14Z</time></rtept><rtept lat="37.54849" lon="-107.216061"><ele>2699.6</ele><time>2026-04-12T16:12:14Z</time></rtept><rtept lat="37.548571" lon="-107.216258"><ele>2699.0</ele><time>2026-04-12T16:12:14Z</time></rtept><rtept lat="37.548455" lon="-107.216287"><ele>2694.2</ele><time>2026-04-12T16:12:14Z</time></rtept><rtept lat="37.548303" lon="-107.216159"><ele>2693.6</ele><time>2026-04-12T16:12:14Z</time></rtept><rtept lat="37.548247" lon="-107.216019"><ele>2693.8</ele><time>2026-04-12T16:12:14Z</time></rtept><rtept lat="37.547997" lon="-107.215764"><ele>2694.8</ele><time>2026-04-12T16:12:14Z</time></rtept><rtept lat="37.547684" lon="-107.215645"><ele>2691.8</ele><time>2026-04-12T16:12:14Z</time></rtept><rtept lat="37.547539" lon="-107.215515"><ele>2689.6</ele><time>2026-04-12T16:12:14Z</time></rtept><rtept lat="37.547178" lon="-107.215386"><ele>2683.2</ele><time>2026-04-12T16:12:14Z</time></rtept><rtept lat="37.547077" lon="-107.215266"><ele>2680.4</ele><time>2026-04-12T16:12:14Z</time></rtept><rtept lat="37.546914" lon="-107.215145"><ele>2677.6</ele><time>2026-04-12T16:12:14Z</time></rtept><rtept lat="37.546599" lon="-107.214973"><ele>2670.0</ele><time>2026-04-12T16:12:14Z</time></rtept><rtept lat="37.546555" lon="-107.215008"><ele>2668.8</ele><time>2026-04-12T16:12:14Z</time></rtept><rtept lat="37.546653" lon="-107.215204"><ele>2668.2</ele><time>2026-04-12T16:12:14Z</time></rtept><rtept lat="37.546621" lon="-107.215305"><ele>2667.2</ele><time>2026-04-12T16:12:14Z</time></rtept><rtept lat="37.546357" lon="-107.215071"><ele>2661.8</ele><time>2026-04-12T16:12:14Z</time></rtept><rtept lat="37.546" lon="-107.214705"><ele>2654.2</ele><time>2026-04-12T16:12:14Z</time></rtept><rtept lat="37.545849" lon="-107.214397"><ele>2652.4</ele><time>2026-04-12T16:12:14Z</time></rtept><rtept lat="37.54588" lon="-107.21427"><ele>2654.0</ele><time>2026-04-12T16:12:14Z</time></rtept><rtept lat="37.545793" lon="-107.214184"><ele>2651.0</ele><time>2026-04-12T16:12:14Z</time></rtept><rtept lat="37.545702" lon="-107.214428"><ele>2648.6</ele><time>2026-04-12T16:12:14Z</time></rtept><rtept lat="37.545587" lon="-107.214329"><ele>2646.0</ele><time>2026-04-12T16:12:14Z</time></rtept><rtept lat="37.545453" lon="-107.214177"><ele>2644.8</ele><time>2026-04-12T16:12:14Z</time></rtept><rtept lat="37.545136" lon="-107.214231"><ele>2639.6</ele><time>2026-04-12T16:12:14Z</time></rtept><rtept lat="37.544698" lon="-107.214104"><ele>2636.8</ele><time>2026-04-12T16:12:14Z</time></rtept><rtept lat="37.544462" lon="-107.213896"><ele>2636.2</ele><time>2026-04-12T16:12:14Z</time></rtept><rtept lat="37.544232" lon="-107.213784"><ele>2634.4</ele><time>2026-04-12T16:12:14Z</time></rtept><rtept lat="37.543875" lon="-107.21374"><ele>2630.8</ele><time>2026-04-12T16:12:14Z</time></rtept><rtept lat="37.543607" lon="-107.213698"><ele>2622.0</ele><time>2026-04-12T16:12:14Z</time></rtept><rtept lat="37.543418" lon="-107.213514"><ele>2624.8</ele><time>2026-04-12T16:12:14Z</time></rtept><rtept lat="37.543393" lon="-107.213254"><ele>2629.2</ele><time>2026-04-12T16:12:14Z</time></rtept><rtept lat="37.543471" lon="-107.212991"><ele>2629.0</ele><time>2026-04-12T16:12:14Z</time></rtept><rtept lat="37.543354" lon="-107.212759"><ele>2622.8</ele><time>2026-04-12T16:12:14Z</time></rtept><rtept lat="37.543263" lon="-107.212757"><ele>2621.2</ele><time>2026-04-12T16:12:14Z</time></rtept><rtept lat="37.543192" lon="-107.212825"><ele>2620.4</ele><time>2026-04-12T16:12:14Z</time></rtept><rtept lat="37.543163" lon="-107.212945"><ele>2621.0</ele><time>2026-04-12T16:12:14Z</time></rtept><rtept lat="37.542823" lon="-107.212969"><ele>2613.4</ele><time>2026-04-12T16:12:14Z</time></rtept><rtept lat="37.542634" lon="-107.213084"><ele>2609.4</ele><time>2026-04-12T16:12:14Z</time></rtept><rtept lat="37.54232" lon="-107.213136"><ele>2602.6</ele><time>2026-04-12T16:12:14Z</time></rtept><rtept lat="37.542147" lon="-107.213053"><ele>2603.6</ele><time>2026-04-12T16:12:14Z</time></rtept><rtept lat="37.542122" lon="-107.212878"><ele>2606.4</ele><time>2026-04-12T16:12:14Z</time></rtept><rtept lat="37.542174" lon="-107.212635"><ele>2611.4</ele><time>2026-04-12T16:12:14Z</time></rtept><rtept lat="37.542316" lon="-107.212509"><ele>2613.4</ele><time>2026-04-12T16:12:14Z</time></rtept><rtept lat="37.542391" lon="-107.212338"><ele>2613.8</ele><time>2026-04-12T16:12:14Z</time></rtept><rtept lat="37.542512" lon="-107.212108"><ele>2613.4</ele><time>2026-04-12T16:12:14Z</time></rtept><rtept lat="37.542639" lon="-107.21178"><ele>2608.8</ele><time>2026-04-12T16:12:14Z</time></rtept><rtept lat="37.542692" lon="-107.211455"><ele>2601.4</ele><time>2026-04-12T16:12:14Z</time></rtept><rtept lat="37.542472" lon="-107.211112"><ele>2594.8</ele><time>2026-04-12T16:12:14Z</time></rtept><rtept lat="37.541888" lon="-107.210638"><ele>2581.4</ele><time>2026-04-12T16:12:14Z</time></rtept><rtept lat="37.541615" lon="-107.210634"><ele>2576.8</ele><time>2026-04-12T16:12:14Z</time></rtept><rtept lat="37.541423" lon="-107.210846"><ele>2576.2</ele><time>2026-04-12T16:12:14Z</time></rtept><rtept lat="37.541274" lon="-107.210859"><ele>2576.2</ele><time>2026-04-12T16:12:14Z</time></rtept><rtept lat="37.541052" lon="-107.210807"><ele>2573.0</ele><time>2026-04-12T16:12:14Z</time></rtept><rtept lat="37.540779" lon="-107.210808"><ele>2568.8</ele><time>2026-04-12T16:12:14Z</time></rtept><rtept lat="37.54057" lon="-107.210651"><ele>2562.0</ele><time>2026-04-12T16:12:14Z</time></rtept><rtept lat="37.540381" lon="-107.210687"><ele>2560.2</ele><time>2026-04-12T16:12:14Z</time></rtept><rtept lat="37.54022" lon="-107.210818"><ele>2558.6</ele><time>2026-04-12T16:12:14Z</time></rtept><rtept lat="37.540094" lon="-107.210766"><ele>2557.8</ele><time>2026-04-12T16:12:14Z</time></rtept><rtept lat="37.540217" lon="-107.21063"><ele>2557.8</ele><time>2026-04-12T16:12:14Z</time></rtept><rtept lat="37.540381" lon="-107.210448"><ele>2558.4</ele><time>2026-04-12T16:12:14Z</time></rtept></rte></gpx>