<?xml version="1.0" ?><gpx xmlns="http://www.topografix.com/GPX/1/1" creator="GaiaGPS" version="1.1" xmlns:xsi="http://www.w3.org/2001/XMLSchema-instance" xsi:schemaLocation="http://www.topografix.com/GPX/1/1 http://www.topografix.com/GPX/1/1/gpx.xsd"><rte><name>TD23:S6:D2 Williams Creek Lake to Piedra Pass</name><desc></desc><extensions><line xmlns="http://www.topografix.com/GPX/gpx_style/0/2"><color>BAF200</color></line></extensions><rtept lat="37.630446" lon="-107.150427"><ele>3549.6</ele><time>2026-04-12T15:45:10Z</time></rtept><rtept lat="37.630469" lon="-107.150402"><ele>3549.6</ele><time>2026-04-12T15:45:10Z</time></rtept><rtept lat="37.630207" lon="-107.150012"><ele>3548.0</ele><time>2026-04-12T15:45:10Z</time></rtept><rtept lat="37.629859" lon="-107.149868"><ele>3548.2</ele><time>2026-04-12T15:45:10Z</time></rtept><rtept lat="37.629736" lon="-107.149846"><ele>3547.8</ele><time>2026-04-12T15:45:10Z</time></rtept><rtept lat="37.629477" lon="-107.149621"><ele>3550.0</ele><time>2026-04-12T15:45:10Z</time></rtept><rtept lat="37.629213" lon="-107.149519"><ele>3548.8</ele><time>2026-04-12T15:45:10Z</time></rtept><rtept lat="37.628958" lon="-107.149497"><ele>3546.2</ele><time>2026-04-12T15:45:10Z</time></rtept><rtept lat="37.628665" lon="-107.149615"><ele>3541.2</ele><time>2026-04-12T15:45:10Z</time></rtept><rtept lat="37.628504" lon="-107.149755"><ele>3536.8</ele><time>2026-04-12T15:45:10Z</time></rtept><rtept lat="37.628457" lon="-107.150329"><ele>3536.8</ele><time>2026-04-12T15:45:10Z</time></rtept><rtept lat="37.628312" lon="-107.15057"><ele>3532.6</ele><time>2026-04-12T15:45:10Z</time></rtept><rtept lat="37.628202" lon="-107.150522"><ele>3528.8</ele><time>2026-04-12T15:45:10Z</time></rtept><rtept lat="37.628045" lon="-107.150479"><ele>3526.2</ele><time>2026-04-12T15:45:10Z</time></rtept><rtept lat="37.627879" lon="-107.150661"><ele>3524.4</ele><time>2026-04-12T15:45:10Z</time></rtept><rtept lat="37.627696" lon="-107.150715"><ele>3524.2</ele><time>2026-04-12T15:45:10Z</time></rtept><rtept lat="37.627361" lon="-107.150879"><ele>3520.6</ele><time>2026-04-12T15:45:10Z</time></rtept><rtept lat="37.627473" lon="-107.150905"><ele>3522.2</ele><time>2026-04-12T15:45:10Z</time></rtept><rtept lat="37.627618" lon="-107.150914"><ele>3526.0</ele><time>2026-04-12T15:45:10Z</time></rtept><rtept lat="37.627758" lon="-107.151026"><ele>3533.0</ele><time>2026-04-12T15:45:10Z</time></rtept><rtept lat="37.627864" lon="-107.151227"><ele>3541.2</ele><time>2026-04-12T15:45:10Z</time></rtept><rtept lat="37.627824" lon="-107.151458"><ele>3544.2</ele><time>2026-04-12T15:45:10Z</time></rtept><rtept lat="37.627888" lon="-107.151611"><ele>3548.2</ele><time>2026-04-12T15:45:10Z</time></rtept><rtept lat="37.627983" lon="-107.151758"><ele>3553.6</ele><time>2026-04-12T15:45:10Z</time></rtept><rtept lat="37.628151" lon="-107.151877"><ele>3556.2</ele><time>2026-04-12T15:45:10Z</time></rtept><rtept lat="37.62837" lon="-107.151965"><ele>3561.2</ele><time>2026-04-12T15:45:10Z</time></rtept><rtept lat="37.628486" lon="-107.152078"><ele>3561.6</ele><time>2026-04-12T15:45:10Z</time></rtept><rtept lat="37.628605" lon="-107.152145"><ele>3562.6</ele><time>2026-04-12T15:45:10Z</time></rtept><rtept lat="37.628782" lon="-107.152201"><ele>3563.4</ele><time>2026-04-12T15:45:10Z</time></rtept><rtept lat="37.628873" lon="-107.152271"><ele>3563.4</ele><time>2026-04-12T15:45:10Z</time></rtept><rtept lat="37.628943" lon="-107.152464"><ele>3563.2</ele><time>2026-04-12T15:45:10Z</time></rtept><rtept lat="37.628999" lon="-107.152536"><ele>3563.6</ele><time>2026-04-12T15:45:10Z</time></rtept><rtept lat="37.62937" lon="-107.152617"><ele>3564.4</ele><time>2026-04-12T15:45:10Z</time></rtept><rtept lat="37.629597" lon="-107.152641"><ele>3565.6</ele><time>2026-04-12T15:45:10Z</time></rtept><rtept lat="37.629757" lon="-107.152732"><ele>3566.2</ele><time>2026-04-12T15:45:10Z</time></rtept><rtept lat="37.629961" lon="-107.152751"><ele>3566.4</ele><time>2026-04-12T15:45:10Z</time></rtept><rtept lat="37.630209" lon="-107.152716"><ele>3566.4</ele><time>2026-04-12T15:45:10Z</time></rtept><rtept lat="37.630439" lon="-107.15267"><ele>3567.2</ele><time>2026-04-12T15:45:10Z</time></rtept><rtept lat="37.63066" lon="-107.152657"><ele>3569.4</ele><time>2026-04-12T15:45:10Z</time></rtept><rtept lat="37.630834" lon="-107.152729"><ele>3572.8</ele><time>2026-04-12T15:45:10Z</time></rtept><rtept lat="37.630991" lon="-107.15285"><ele>3574.8</ele><time>2026-04-12T15:45:10Z</time></rtept><rtept lat="37.631161" lon="-107.152968"><ele>3577.4</ele><time>2026-04-12T15:45:10Z</time></rtept><rtept lat="37.631282" lon="-107.153086"><ele>3578.4</ele><time>2026-04-12T15:45:10Z</time></rtept><rtept lat="37.631349" lon="-107.153164"><ele>3580.0</ele><time>2026-04-12T15:45:10Z</time></rtept><rtept lat="37.63145" lon="-107.153128"><ele>3583.2</ele><time>2026-04-12T15:45:10Z</time></rtept><rtept lat="37.631514" lon="-107.153178"><ele>3585.4</ele><time>2026-04-12T15:45:10Z</time></rtept><rtept lat="37.631591" lon="-107.153255"><ele>3586.2</ele><time>2026-04-12T15:45:10Z</time></rtept><rtept lat="37.63168" lon="-107.153365"><ele>3587.0</ele><time>2026-04-12T15:45:10Z</time></rtept><rtept lat="37.631832" lon="-107.153406"><ele>3587.6</ele><time>2026-04-12T15:45:10Z</time></rtept><rtept lat="37.631896" lon="-107.153396"><ele>3588.0</ele><time>2026-04-12T15:45:10Z</time></rtept><rtept lat="37.632048" lon="-107.153458"><ele>3589.6</ele><time>2026-04-12T15:45:10Z</time></rtept><rtept lat="37.63211" lon="-107.153462"><ele>3589.6</ele><time>2026-04-12T15:45:10Z</time></rtept><rtept lat="37.632233" lon="-107.153504"><ele>3592.8</ele><time>2026-04-12T15:45:10Z</time></rtept><rtept lat="37.632393" lon="-107.153671"><ele>3597.6</ele><time>2026-04-12T15:45:10Z</time></rtept><rtept lat="37.632603" lon="-107.153846"><ele>3607.6</ele><time>2026-04-12T15:45:10Z</time></rtept><rtept lat="37.632651" lon="-107.153918"><ele>3607.4</ele><time>2026-04-12T15:45:10Z</time></rtept><rtept lat="37.632736" lon="-107.153997"><ele>3611.8</ele><time>2026-04-12T15:45:10Z</time></rtept><rtept lat="37.632857" lon="-107.15417"><ele>3613.2</ele><time>2026-04-12T15:45:10Z</time></rtept><rtept lat="37.633033" lon="-107.154382"><ele>3618.2</ele><time>2026-04-12T15:45:10Z</time></rtept><rtept lat="37.633271" lon="-107.154594"><ele>3626.4</ele><time>2026-04-12T15:45:10Z</time></rtept><rtept lat="37.633336" lon="-107.154726"><ele>3630.8</ele><time>2026-04-12T15:45:10Z</time></rtept><rtept lat="37.633445" lon="-107.154889"><ele>3633.6</ele><time>2026-04-12T15:45:10Z</time></rtept><rtept lat="37.633484" lon="-107.154917"><ele>3635.2</ele><time>2026-04-12T15:45:10Z</time></rtept><rtept lat="37.633648" lon="-107.155095"><ele>3637.6</ele><time>2026-04-12T15:45:10Z</time></rtept><rtept lat="37.6339" lon="-107.155445"><ele>3643.2</ele><time>2026-04-12T15:45:10Z</time></rtept><rtept lat="37.634185" lon="-107.155648"><ele>3644.2</ele><time>2026-04-12T15:45:10Z</time></rtept><rtept lat="37.634322" lon="-107.155728"><ele>3644.4</ele><time>2026-04-12T15:45:10Z</time></rtept><rtept lat="37.634339" lon="-107.155765"><ele>3644.8</ele><time>2026-04-12T15:45:10Z</time></rtept><rtept lat="37.634376" lon="-107.155803"><ele>3644.8</ele><time>2026-04-12T15:45:10Z</time></rtept><rtept lat="37.634491" lon="-107.155827"><ele>3645.2</ele><time>2026-04-12T15:45:10Z</time></rtept><rtept lat="37.634724" lon="-107.15591"><ele>3646.8</ele><time>2026-04-12T15:45:10Z</time></rtept><rtept lat="37.634819" lon="-107.155924"><ele>3648.4</ele><time>2026-04-12T15:45:10Z</time></rtept><rtept lat="37.63487" lon="-107.155909"><ele>3648.8</ele><time>2026-04-12T15:45:10Z</time></rtept><rtept lat="37.634903" lon="-107.155853"><ele>3650.2</ele><time>2026-04-12T15:45:10Z</time></rtept><rtept lat="37.635016" lon="-107.155799"><ele>3651.2</ele><time>2026-04-12T15:45:10Z</time></rtept><rtept lat="37.635231" lon="-107.155768"><ele>3654.2</ele><time>2026-04-12T15:45:10Z</time></rtept><rtept lat="37.635334" lon="-107.155794"><ele>3656.0</ele><time>2026-04-12T15:45:10Z</time></rtept><rtept lat="37.635602" lon="-107.155789"><ele>3659.0</ele><time>2026-04-12T15:45:10Z</time></rtept><rtept lat="37.635715" lon="-107.155809"><ele>3660.4</ele><time>2026-04-12T15:45:10Z</time></rtept><rtept lat="37.635835" lon="-107.155845"><ele>3661.0</ele><time>2026-04-12T15:45:10Z</time></rtept><rtept lat="37.635988" lon="-107.15583"><ele>3661.6</ele><time>2026-04-12T15:45:10Z</time></rtept><rtept lat="37.636057" lon="-107.155839"><ele>3661.4</ele><time>2026-04-12T15:45:10Z</time></rtept><rtept lat="37.636138" lon="-107.155831"><ele>3661.6</ele><time>2026-04-12T15:45:10Z</time></rtept><rtept lat="37.636213" lon="-107.155798"><ele>3661.4</ele><time>2026-04-12T15:45:10Z</time></rtept><rtept lat="37.6364" lon="-107.155779"><ele>3660.8</ele><time>2026-04-12T15:45:10Z</time></rtept><rtept lat="37.636275" lon="-107.156022"><ele>3661.2</ele><time>2026-04-12T15:45:10Z</time></rtept><rtept lat="37.636187" lon="-107.156133"><ele>3661.4</ele><time>2026-04-12T15:45:10Z</time></rtept><rtept lat="37.636352" lon="-107.155873"><ele>3661.2</ele><time>2026-04-12T15:45:10Z</time></rtept><rtept lat="37.63647" lon="-107.15588"><ele>3660.4</ele><time>2026-04-12T15:45:10Z</time></rtept><rtept lat="37.636504" lon="-107.155869"><ele>3660.4</ele><time>2026-04-12T15:45:10Z</time></rtept><rtept lat="37.636521" lon="-107.155859"><ele>3660.4</ele><time>2026-04-12T15:45:10Z</time></rtept><rtept lat="37.636521" lon="-107.155859"><ele>3660.4</ele><time>2026-04-12T15:45:10Z</time></rtept><rtept lat="37.636504" lon="-107.155869"><ele>3660.4</ele><time>2026-04-12T15:45:10Z</time></rtept><rtept lat="37.63647" lon="-107.15588"><ele>3660.4</ele><time>2026-04-12T15:45:10Z</time></rtept><rtept lat="37.636352" lon="-107.155873"><ele>3661.2</ele><time>2026-04-12T15:45:10Z</time></rtept><rtept lat="37.636187" lon="-107.156133"><ele>3661.4</ele><time>2026-04-12T15:45:10Z</time></rtept><rtept lat="37.636275" lon="-107.156022"><ele>3661.2</ele><time>2026-04-12T15:45:10Z</time></rtept><rtept lat="37.6364" lon="-107.155779"><ele>3660.8</ele><time>2026-04-12T15:45:10Z</time></rtept><rtept lat="37.636526" lon="-107.155563"><ele>3660.6</ele><time>2026-04-12T15:45:10Z</time></rtept><rtept lat="37.636612" lon="-107.155445"><ele>3660.0</ele><time>2026-04-12T15:45:10Z</time></rtept><rtept lat="37.636671" lon="-107.155395"><ele>3660.0</ele><time>2026-04-12T15:45:10Z</time></rtept><rtept lat="37.636713" lon="-107.155328"><ele>3660.0</ele><time>2026-04-12T15:45:10Z</time></rtept><rtept lat="37.636803" lon="-107.155204"><ele>3661.0</ele><time>2026-04-12T15:45:10Z</time></rtept><rtept lat="37.636826" lon="-107.155163"><ele>3661.0</ele><time>2026-04-12T15:45:10Z</time></rtept><rtept lat="37.63684" lon="-107.155137"><ele>3662.4</ele><time>2026-04-12T15:45:10Z</time></rtept><rtept lat="37.636932" lon="-107.155072"><ele>3662.0</ele><time>2026-04-12T15:45:10Z</time></rtept><rtept lat="37.636995" lon="-107.155061"><ele>3663.2</ele><time>2026-04-12T15:45:10Z</time></rtept><rtept lat="37.637056" lon="-107.155027"><ele>3662.8</ele><time>2026-04-12T15:45:10Z</time></rtept><rtept lat="37.63723" lon="-107.154893"><ele>3665.0</ele><time>2026-04-12T15:45:10Z</time></rtept><rtept lat="37.637349" lon="-107.154781"><ele>3665.2</ele><time>2026-04-12T15:45:10Z</time></rtept><rtept lat="37.637446" lon="-107.154653"><ele>3666.4</ele><time>2026-04-12T15:45:10Z</time></rtept><rtept lat="37.637498" lon="-107.154549"><ele>3670.0</ele><time>2026-04-12T15:45:10Z</time></rtept><rtept lat="37.637569" lon="-107.154455"><ele>3671.2</ele><time>2026-04-12T15:45:10Z</time></rtept><rtept lat="37.63763" lon="-107.154346"><ele>3672.0</ele><time>2026-04-12T15:45:10Z</time></rtept><rtept lat="37.637685" lon="-107.154292"><ele>3672.4</ele><time>2026-04-12T15:45:10Z</time></rtept><rtept lat="37.637738" lon="-107.154224"><ele>3672.4</ele><time>2026-04-12T15:45:10Z</time></rtept><rtept lat="37.637796" lon="-107.154132"><ele>3672.6</ele><time>2026-04-12T15:45:10Z</time></rtept><rtept lat="37.637853" lon="-107.154076"><ele>3672.4</ele><time>2026-04-12T15:45:10Z</time></rtept><rtept lat="37.637954" lon="-107.153998"><ele>3672.2</ele><time>2026-04-12T15:45:10Z</time></rtept><rtept lat="37.638005" lon="-107.153935"><ele>3672.0</ele><time>2026-04-12T15:45:10Z</time></rtept><rtept lat="37.638014" lon="-107.153895"><ele>3672.0</ele><time>2026-04-12T15:45:10Z</time></rtept><rtept lat="37.638052" lon="-107.153825"><ele>3671.4</ele><time>2026-04-12T15:45:10Z</time></rtept><rtept lat="37.638088" lon="-107.153797"><ele>3671.4</ele><time>2026-04-12T15:45:10Z</time></rtept><rtept lat="37.638132" lon="-107.153721"><ele>3670.4</ele><time>2026-04-12T15:45:10Z</time></rtept><rtept lat="37.63816" lon="-107.153694"><ele>3666.2</ele><time>2026-04-12T15:45:10Z</time></rtept><rtept lat="37.638215" lon="-107.153521"><ele>3671.4</ele><time>2026-04-12T15:45:10Z</time></rtept><rtept lat="37.638212" lon="-107.153443"><ele>3673.2</ele><time>2026-04-12T15:45:10Z</time></rtept><rtept lat="37.638236" lon="-107.153361"><ele>3670.6</ele><time>2026-04-12T15:45:10Z</time></rtept><rtept lat="37.638237" lon="-107.153299"><ele>3672.0</ele><time>2026-04-12T15:45:10Z</time></rtept><rtept lat="37.638252" lon="-107.153211"><ele>3673.2</ele><time>2026-04-12T15:45:10Z</time></rtept><rtept lat="37.638241" lon="-107.153094"><ele>3674.2</ele><time>2026-04-12T15:45:10Z</time></rtept><rtept lat="37.638248" lon="-107.153054"><ele>3674.8</ele><time>2026-04-12T15:45:10Z</time></rtept><rtept lat="37.638279" lon="-107.152968"><ele>3675.0</ele><time>2026-04-12T15:45:10Z</time></rtept><rtept lat="37.638317" lon="-107.152754"><ele>3670.2</ele><time>2026-04-12T15:45:10Z</time></rtept><rtept lat="37.638315" lon="-107.152733"><ele>3669.2</ele><time>2026-04-12T15:45:10Z</time></rtept><rtept lat="37.638282" lon="-107.152672"><ele>3673.0</ele><time>2026-04-12T15:45:10Z</time></rtept><rtept lat="37.638266" lon="-107.152553"><ele>3670.4</ele><time>2026-04-12T15:45:10Z</time></rtept><rtept lat="37.638202" lon="-107.152402"><ele>3670.0</ele><time>2026-04-12T15:45:10Z</time></rtept><rtept lat="37.638131" lon="-107.152177"><ele>3667.8</ele><time>2026-04-12T15:45:10Z</time></rtept><rtept lat="37.638094" lon="-107.152093"><ele>3664.4</ele><time>2026-04-12T15:45:10Z</time></rtept><rtept lat="37.638051" lon="-107.152025"><ele>3664.2</ele><time>2026-04-12T15:45:10Z</time></rtept><rtept lat="37.637989" lon="-107.151976"><ele>3667.8</ele><time>2026-04-12T15:45:10Z</time></rtept><rtept lat="37.637947" lon="-107.151907"><ele>3668.0</ele><time>2026-04-12T15:45:10Z</time></rtept><rtept lat="37.637915" lon="-107.151832"><ele>3664.0</ele><time>2026-04-12T15:45:10Z</time></rtept><rtept lat="37.637884" lon="-107.151798"><ele>3664.0</ele><time>2026-04-12T15:45:10Z</time></rtept><rtept lat="37.637862" lon="-107.15176"><ele>3664.0</ele><time>2026-04-12T15:45:10Z</time></rtept><rtept lat="37.637832" lon="-107.151678"><ele>3660.0</ele><time>2026-04-12T15:45:10Z</time></rtept><rtept lat="37.637771" lon="-107.151573"><ele>3659.8</ele><time>2026-04-12T15:45:10Z</time></rtept><rtept lat="37.637689" lon="-107.151467"><ele>3659.6</ele><time>2026-04-12T15:45:10Z</time></rtept><rtept lat="37.637661" lon="-107.15139"><ele>3659.4</ele><time>2026-04-12T15:45:10Z</time></rtept><rtept lat="37.63764" lon="-107.151305"><ele>3655.2</ele><time>2026-04-12T15:45:10Z</time></rtept><rtept lat="37.637605" lon="-107.151251"><ele>3655.2</ele><time>2026-04-12T15:45:10Z</time></rtept><rtept lat="37.637595" lon="-107.151213"><ele>3655.2</ele><time>2026-04-12T15:45:10Z</time></rtept><rtept lat="37.637579" lon="-107.151184"><ele>3652.0</ele><time>2026-04-12T15:45:10Z</time></rtept><rtept lat="37.637517" lon="-107.151142"><ele>3656.2</ele><time>2026-04-12T15:45:10Z</time></rtept><rtept lat="37.637448" lon="-107.151083"><ele>3658.0</ele><time>2026-04-12T15:45:10Z</time></rtept><rtept lat="37.637389" lon="-107.150997"><ele>3659.8</ele><time>2026-04-12T15:45:10Z</time></rtept><rtept lat="37.637327" lon="-107.150947"><ele>3664.2</ele><time>2026-04-12T15:45:10Z</time></rtept><rtept lat="37.637316" lon="-107.150924"><ele>3661.8</ele><time>2026-04-12T15:45:10Z</time></rtept><rtept lat="37.637328" lon="-107.150902"><ele>3661.8</ele><time>2026-04-12T15:45:10Z</time></rtept><rtept lat="37.637338" lon="-107.150853"><ele>3659.2</ele><time>2026-04-12T15:45:10Z</time></rtept><rtept lat="37.637311" lon="-107.150718"><ele>3656.2</ele><time>2026-04-12T15:45:10Z</time></rtept><rtept lat="37.637304" lon="-107.150616"><ele>3653.2</ele><time>2026-04-12T15:45:10Z</time></rtept><rtept lat="37.637261" lon="-107.150458"><ele>3652.0</ele><time>2026-04-12T15:45:10Z</time></rtept><rtept lat="37.637106" lon="-107.150204"><ele>3653.6</ele><time>2026-04-12T15:45:10Z</time></rtept><rtept lat="37.637083" lon="-107.15014"><ele>3650.8</ele><time>2026-04-12T15:45:10Z</time></rtept><rtept lat="37.637073" lon="-107.150067"><ele>3648.0</ele><time>2026-04-12T15:45:10Z</time></rtept><rtept lat="37.637055" lon="-107.150034"><ele>3653.6</ele><time>2026-04-12T15:45:10Z</time></rtept><rtept lat="37.637029" lon="-107.150013"><ele>3653.6</ele><time>2026-04-12T15:45:10Z</time></rtept><rtept lat="37.637007" lon="-107.149981"><ele>3650.8</ele><time>2026-04-12T15:45:10Z</time></rtept><rtept lat="37.636985" lon="-107.149945"><ele>3656.6</ele><time>2026-04-12T15:45:10Z</time></rtept><rtept lat="37.636974" lon="-107.149906"><ele>3653.6</ele><time>2026-04-12T15:45:10Z</time></rtept><rtept lat="37.636939" lon="-107.149857"><ele>3653.6</ele><time>2026-04-12T15:45:10Z</time></rtept><rtept lat="37.63694" lon="-107.149824"><ele>3650.4</ele><time>2026-04-12T15:45:10Z</time></rtept><rtept lat="37.636929" lon="-107.149788"><ele>3656.4</ele><time>2026-04-12T15:45:10Z</time></rtept><rtept lat="37.636858" lon="-107.1497"><ele>3659.4</ele><time>2026-04-12T15:45:10Z</time></rtept><rtept lat="37.636811" lon="-107.149585"><ele>3655.2</ele><time>2026-04-12T15:45:10Z</time></rtept><rtept lat="37.636799" lon="-107.149472"><ele>3651.4</ele><time>2026-04-12T15:45:10Z</time></rtept><rtept lat="37.636765" lon="-107.149403"><ele>3651.4</ele><time>2026-04-12T15:45:10Z</time></rtept><rtept lat="37.636723" lon="-107.149338"><ele>3652.8</ele><time>2026-04-12T15:45:10Z</time></rtept><rtept lat="37.636503" lon="-107.149157"><ele>3653.8</ele><time>2026-04-12T15:45:10Z</time></rtept><rtept lat="37.636248" lon="-107.149074"><ele>3653.4</ele><time>2026-04-12T15:45:10Z</time></rtept><rtept lat="37.636091" lon="-107.149052"><ele>3648.8</ele><time>2026-04-12T15:45:10Z</time></rtept><rtept lat="37.636027" lon="-107.148991"><ele>3650.2</ele><time>2026-04-12T15:45:10Z</time></rtept><rtept lat="37.635944" lon="-107.148941"><ele>3646.8</ele><time>2026-04-12T15:45:10Z</time></rtept><rtept lat="37.635729" lon="-107.148861"><ele>3649.8</ele><time>2026-04-12T15:45:10Z</time></rtept><rtept lat="37.63556" lon="-107.148753"><ele>3653.0</ele><time>2026-04-12T15:45:10Z</time></rtept><rtept lat="37.635536" lon="-107.148731"><ele>3653.0</ele><time>2026-04-12T15:45:10Z</time></rtept><rtept lat="37.63546" lon="-107.148653"><ele>3650.8</ele><time>2026-04-12T15:45:10Z</time></rtept><rtept lat="37.635304" lon="-107.14847"><ele>3652.6</ele><time>2026-04-12T15:45:10Z</time></rtept><rtept lat="37.635267" lon="-107.148412"><ele>3649.6</ele><time>2026-04-12T15:45:10Z</time></rtept><rtept lat="37.635236" lon="-107.148336"><ele>3652.6</ele><time>2026-04-12T15:45:10Z</time></rtept><rtept lat="37.635158" lon="-107.148173"><ele>3654.6</ele><time>2026-04-12T15:45:10Z</time></rtept><rtept lat="37.635133" lon="-107.148098"><ele>3652.8</ele><time>2026-04-12T15:45:10Z</time></rtept><rtept lat="37.635093" lon="-107.148032"><ele>3658.0</ele><time>2026-04-12T15:45:10Z</time></rtept><rtept lat="37.635053" lon="-107.147876"><ele>3654.2</ele><time>2026-04-12T15:45:10Z</time></rtept><rtept lat="37.634991" lon="-107.147737"><ele>3654.2</ele><time>2026-04-12T15:45:10Z</time></rtept><rtept lat="37.634979" lon="-107.147652"><ele>3651.8</ele><time>2026-04-12T15:45:10Z</time></rtept><rtept lat="37.634979" lon="-107.147527"><ele>3649.6</ele><time>2026-04-12T15:45:10Z</time></rtept><rtept lat="37.634968" lon="-107.147487"><ele>3648.0</ele><time>2026-04-12T15:45:10Z</time></rtept><rtept lat="37.634893" lon="-107.147291"><ele>3655.0</ele><time>2026-04-12T15:45:10Z</time></rtept><rtept lat="37.634887" lon="-107.147254"><ele>3653.8</ele><time>2026-04-12T15:45:10Z</time></rtept><rtept lat="37.634848" lon="-107.147132"><ele>3652.4</ele><time>2026-04-12T15:45:10Z</time></rtept><rtept lat="37.634804" lon="-107.147071"><ele>3655.2</ele><time>2026-04-12T15:45:10Z</time></rtept><rtept lat="37.63479" lon="-107.147004"><ele>3655.2</ele><time>2026-04-12T15:45:10Z</time></rtept><rtept lat="37.634788" lon="-107.146972"><ele>3653.4</ele><time>2026-04-12T15:45:10Z</time></rtept><rtept lat="37.634804" lon="-107.146861"><ele>3652.0</ele><time>2026-04-12T15:45:10Z</time></rtept><rtept lat="37.634798" lon="-107.146778"><ele>3650.8</ele><time>2026-04-12T15:45:10Z</time></rtept><rtept lat="37.634802" lon="-107.146694"><ele>3650.0</ele><time>2026-04-12T15:45:10Z</time></rtept><rtept lat="37.63476" lon="-107.146531"><ele>3652.2</ele><time>2026-04-12T15:45:10Z</time></rtept><rtept lat="37.634714" lon="-107.146472"><ele>3650.4</ele><time>2026-04-12T15:45:10Z</time></rtept><rtept lat="37.634734" lon="-107.146382"><ele>3648.8</ele><time>2026-04-12T15:45:10Z</time></rtept><rtept lat="37.63473" lon="-107.146344"><ele>3648.8</ele><time>2026-04-12T15:45:10Z</time></rtept><rtept lat="37.634711" lon="-107.146279"><ele>3647.2</ele><time>2026-04-12T15:45:10Z</time></rtept><rtept lat="37.634691" lon="-107.146004"><ele>3646.6</ele><time>2026-04-12T15:45:10Z</time></rtept><rtept lat="37.634658" lon="-107.14595"><ele>3644.8</ele><time>2026-04-12T15:45:10Z</time></rtept><rtept lat="37.634639" lon="-107.145885"><ele>3644.8</ele><time>2026-04-12T15:45:10Z</time></rtept><rtept lat="37.634656" lon="-107.145804"><ele>3643.2</ele><time>2026-04-12T15:45:10Z</time></rtept><rtept lat="37.634605" lon="-107.145622"><ele>3648.4</ele><time>2026-04-12T15:45:10Z</time></rtept><rtept lat="37.634606" lon="-107.145589"><ele>3648.4</ele><time>2026-04-12T15:45:10Z</time></rtept><rtept lat="37.634623" lon="-107.145541"><ele>3648.4</ele><time>2026-04-12T15:45:10Z</time></rtept><rtept lat="37.634626" lon="-107.145482"><ele>3643.2</ele><time>2026-04-12T15:45:10Z</time></rtept><rtept lat="37.634606" lon="-107.145322"><ele>3653.6</ele><time>2026-04-12T15:45:10Z</time></rtept><rtept lat="37.634605" lon="-107.145136"><ele>3656.8</ele><time>2026-04-12T15:45:10Z</time></rtept><rtept lat="37.634598" lon="-107.14502"><ele>3657.8</ele><time>2026-04-12T15:45:10Z</time></rtept><rtept lat="37.634719" lon="-107.144198"><ele>3649.2</ele><time>2026-04-12T15:45:10Z</time></rtept><rtept lat="37.634715" lon="-107.144176"><ele>3649.2</ele><time>2026-04-12T15:45:10Z</time></rtept><rtept lat="37.634719" lon="-107.144069"><ele>3652.8</ele><time>2026-04-12T15:45:10Z</time></rtept><rtept lat="37.634707" lon="-107.144012"><ele>3652.8</ele><time>2026-04-12T15:45:10Z</time></rtept><rtept lat="37.634723" lon="-107.143856"><ele>3654.4</ele><time>2026-04-12T15:45:10Z</time></rtept><rtept lat="37.63473" lon="-107.143834"><ele>3654.4</ele><time>2026-04-12T15:45:10Z</time></rtept><rtept lat="37.634734" lon="-107.143737"><ele>3654.8</ele><time>2026-04-12T15:45:10Z</time></rtept><rtept lat="37.634749" lon="-107.143675"><ele>3654.8</ele><time>2026-04-12T15:45:10Z</time></rtept><rtept lat="37.634738" lon="-107.143529"><ele>3652.8</ele><time>2026-04-12T15:45:10Z</time></rtept><rtept lat="37.634749" lon="-107.14342"><ele>3651.2</ele><time>2026-04-12T15:45:10Z</time></rtept><rtept lat="37.634759" lon="-107.143389"><ele>3650.4</ele><time>2026-04-12T15:45:10Z</time></rtept><rtept lat="37.634764" lon="-107.143321"><ele>3646.6</ele><time>2026-04-12T15:45:10Z</time></rtept><rtept lat="37.634826" lon="-107.143141"><ele>3646.0</ele><time>2026-04-12T15:45:10Z</time></rtept><rtept lat="37.634848" lon="-107.143042"><ele>3642.4</ele><time>2026-04-12T15:45:10Z</time></rtept><rtept lat="37.634881" lon="-107.142983"><ele>3642.4</ele><time>2026-04-12T15:45:10Z</time></rtept><rtept lat="37.634905" lon="-107.142912"><ele>3639.8</ele><time>2026-04-12T15:45:10Z</time></rtept><rtept lat="37.634954" lon="-107.142813"><ele>3640.4</ele><time>2026-04-12T15:45:10Z</time></rtept><rtept lat="37.634999" lon="-107.142672"><ele>3640.4</ele><time>2026-04-12T15:45:10Z</time></rtept><rtept lat="37.635005" lon="-107.142612"><ele>3641.2</ele><time>2026-04-12T15:45:10Z</time></rtept><rtept lat="37.634997" lon="-107.14255"><ele>3641.2</ele><time>2026-04-12T15:45:10Z</time></rtept><rtept lat="37.635022" lon="-107.142435"><ele>3640.8</ele><time>2026-04-12T15:45:10Z</time></rtept><rtept lat="37.635011" lon="-107.142379"><ele>3640.8</ele><time>2026-04-12T15:45:10Z</time></rtept><rtept lat="37.635022" lon="-107.142301"><ele>3639.8</ele><time>2026-04-12T15:45:10Z</time></rtept><rtept lat="37.635009" lon="-107.142263"><ele>3638.2</ele><time>2026-04-12T15:45:10Z</time></rtept><rtept lat="37.634993" lon="-107.142272"><ele>3638.2</ele><time>2026-04-12T15:45:10Z</time></rtept><rtept lat="37.634965" lon="-107.142321"><ele>3638.0</ele><time>2026-04-12T15:45:10Z</time></rtept><rtept lat="37.634934" lon="-107.142419"><ele>3639.6</ele><time>2026-04-12T15:45:10Z</time></rtept><rtept lat="37.634924" lon="-107.142503"><ele>3640.8</ele><time>2026-04-12T15:45:10Z</time></rtept><rtept lat="37.634904" lon="-107.142575"><ele>3641.4</ele><time>2026-04-12T15:45:10Z</time></rtept><rtept lat="37.634888" lon="-107.142596"><ele>3638.4</ele><time>2026-04-12T15:45:10Z</time></rtept><rtept lat="37.634848" lon="-107.142709"><ele>3641.4</ele><time>2026-04-12T15:45:10Z</time></rtept><rtept lat="37.634825" lon="-107.142746"><ele>3636.6</ele><time>2026-04-12T15:45:10Z</time></rtept><rtept lat="37.634815" lon="-107.142781"><ele>3636.6</ele><time>2026-04-12T15:45:10Z</time></rtept><rtept lat="37.634801" lon="-107.142914"><ele>3639.8</ele><time>2026-04-12T15:45:10Z</time></rtept><rtept lat="37.634789" lon="-107.14295"><ele>3639.8</ele><time>2026-04-12T15:45:10Z</time></rtept><rtept lat="37.634593" lon="-107.143241"><ele>3643.4</ele><time>2026-04-12T15:45:10Z</time></rtept><rtept lat="37.634422" lon="-107.143553"><ele>3644.2</ele><time>2026-04-12T15:45:10Z</time></rtept><rtept lat="37.634307" lon="-107.143675"><ele>3641.0</ele><time>2026-04-12T15:45:10Z</time></rtept><rtept lat="37.634138" lon="-107.143825"><ele>3638.4</ele><time>2026-04-12T15:45:10Z</time></rtept><rtept lat="37.63396" lon="-107.143957"><ele>3637.6</ele><time>2026-04-12T15:45:10Z</time></rtept><rtept lat="37.633882" lon="-107.144032"><ele>3639.2</ele><time>2026-04-12T15:45:10Z</time></rtept><rtept lat="37.633784" lon="-107.144068"><ele>3635.0</ele><time>2026-04-12T15:45:10Z</time></rtept><rtept lat="37.633695" lon="-107.144139"><ele>3637.0</ele><time>2026-04-12T15:45:10Z</time></rtept><rtept lat="37.633615" lon="-107.144215"><ele>3639.0</ele><time>2026-04-12T15:45:10Z</time></rtept><rtept lat="37.633501" lon="-107.144269"><ele>3639.8</ele><time>2026-04-12T15:45:10Z</time></rtept><rtept lat="37.633329" lon="-107.14431"><ele>3635.6</ele><time>2026-04-12T15:45:10Z</time></rtept><rtept lat="37.633207" lon="-107.14436"><ele>3638.4</ele><time>2026-04-12T15:45:10Z</time></rtept><rtept lat="37.633052" lon="-107.144305"><ele>3630.4</ele><time>2026-04-12T15:45:10Z</time></rtept><rtept lat="37.633007" lon="-107.14431"><ele>3630.4</ele><time>2026-04-12T15:45:10Z</time></rtept><rtept lat="37.63293" lon="-107.144335"><ele>3628.8</ele><time>2026-04-12T15:45:10Z</time></rtept><rtept lat="37.632808" lon="-107.144336"><ele>3625.8</ele><time>2026-04-12T15:45:10Z</time></rtept><rtept lat="37.632719" lon="-107.144309"><ele>3624.0</ele><time>2026-04-12T15:45:10Z</time></rtept><rtept lat="37.632648" lon="-107.144249"><ele>3620.6</ele><time>2026-04-12T15:45:10Z</time></rtept><rtept lat="37.632637" lon="-107.144223"><ele>3620.6</ele><time>2026-04-12T15:45:10Z</time></rtept><rtept lat="37.632538" lon="-107.144099"><ele>3617.4</ele><time>2026-04-12T15:45:10Z</time></rtept><rtept lat="37.632536" lon="-107.144073"><ele>3613.6</ele><time>2026-04-12T15:45:10Z</time></rtept><rtept lat="37.632541" lon="-107.144059"><ele>3613.6</ele><time>2026-04-12T15:45:10Z</time></rtept><rtept lat="37.632561" lon="-107.14405"><ele>3613.6</ele><time>2026-04-12T15:45:10Z</time></rtept><rtept lat="37.632581" lon="-107.144058"><ele>3613.6</ele><time>2026-04-12T15:45:10Z</time></rtept><rtept lat="37.632616" lon="-107.144042"><ele>3613.8</ele><time>2026-04-12T15:45:10Z</time></rtept><rtept lat="37.632667" lon="-107.144036"><ele>3614.0</ele><time>2026-04-12T15:45:10Z</time></rtept><rtept lat="37.632686" lon="-107.144028"><ele>3614.0</ele><time>2026-04-12T15:45:10Z</time></rtept><rtept lat="37.63271" lon="-107.144036"><ele>3614.0</ele><time>2026-04-12T15:45:10Z</time></rtept><rtept lat="37.632733" lon="-107.144034"><ele>3614.4</ele><time>2026-04-12T15:45:10Z</time></rtept><rtept lat="37.632814" lon="-107.144019"><ele>3615.2</ele><time>2026-04-12T15:45:10Z</time></rtept><rtept lat="37.632835" lon="-107.144009"><ele>3615.2</ele><time>2026-04-12T15:45:10Z</time></rtept><rtept lat="37.632855" lon="-107.143996"><ele>3615.2</ele><time>2026-04-12T15:45:10Z</time></rtept><rtept lat="37.632934" lon="-107.14389"><ele>3610.0</ele><time>2026-04-12T15:45:10Z</time></rtept><rtept lat="37.63304" lon="-107.143839"><ele>3610.6</ele><time>2026-04-12T15:45:10Z</time></rtept><rtept lat="37.633034" lon="-107.143824"><ele>3610.6</ele><time>2026-04-12T15:45:10Z</time></rtept><rtept lat="37.633016" lon="-107.143818"><ele>3606.4</ele><time>2026-04-12T15:45:10Z</time></rtept><rtept lat="37.632994" lon="-107.14382"><ele>3606.2</ele><time>2026-04-12T15:45:10Z</time></rtept><rtept lat="37.632915" lon="-107.143795"><ele>3605.8</ele><time>2026-04-12T15:45:10Z</time></rtept><rtept lat="37.63289" lon="-107.143796"><ele>3605.8</ele><time>2026-04-12T15:45:10Z</time></rtept><rtept lat="37.63285" lon="-107.143779"><ele>3605.4</ele><time>2026-04-12T15:45:10Z</time></rtept><rtept lat="37.63274" lon="-107.143766"><ele>3604.8</ele><time>2026-04-12T15:45:10Z</time></rtept><rtept lat="37.632678" lon="-107.143728"><ele>3601.0</ele><time>2026-04-12T15:45:10Z</time></rtept><rtept lat="37.632651" lon="-107.143723"><ele>3600.6</ele><time>2026-04-12T15:45:10Z</time></rtept><rtept lat="37.632555" lon="-107.143763"><ele>3603.6</ele><time>2026-04-12T15:45:10Z</time></rtept><rtept lat="37.632483" lon="-107.143784"><ele>3603.4</ele><time>2026-04-12T15:45:10Z</time></rtept><rtept lat="37.632417" lon="-107.143782"><ele>3603.2</ele><time>2026-04-12T15:45:10Z</time></rtept><rtept lat="37.632339" lon="-107.14379"><ele>3603.2</ele><time>2026-04-12T15:45:10Z</time></rtept><rtept lat="37.632273" lon="-107.143782"><ele>3603.0</ele><time>2026-04-12T15:45:10Z</time></rtept><rtept lat="37.632155" lon="-107.143749"><ele>3603.0</ele><time>2026-04-12T15:45:10Z</time></rtept><rtept lat="37.631964" lon="-107.143673"><ele>3600.6</ele><time>2026-04-12T15:45:10Z</time></rtept><rtept lat="37.631832" lon="-107.143654"><ele>3601.8</ele><time>2026-04-12T15:45:10Z</time></rtept><rtept lat="37.631648" lon="-107.143593"><ele>3599.0</ele><time>2026-04-12T15:45:10Z</time></rtept><rtept lat="37.631499" lon="-107.143597"><ele>3600.0</ele><time>2026-04-12T15:45:10Z</time></rtept><rtept lat="37.631425" lon="-107.143575"><ele>3600.8</ele><time>2026-04-12T15:45:10Z</time></rtept><rtept lat="37.631313" lon="-107.143561"><ele>3597.6</ele><time>2026-04-12T15:45:10Z</time></rtept><rtept lat="37.631279" lon="-107.143545"><ele>3597.8</ele><time>2026-04-12T15:45:10Z</time></rtept><rtept lat="37.631224" lon="-107.143497"><ele>3597.8</ele><time>2026-04-12T15:45:10Z</time></rtept><rtept lat="37.631119" lon="-107.143466"><ele>3594.4</ele><time>2026-04-12T15:45:10Z</time></rtept><rtept lat="37.631063" lon="-107.143441"><ele>3594.4</ele><time>2026-04-12T15:45:10Z</time></rtept><rtept lat="37.631034" lon="-107.14342"><ele>3594.4</ele><time>2026-04-12T15:45:10Z</time></rtept><rtept lat="37.630944" lon="-107.143388"><ele>3591.4</ele><time>2026-04-12T15:45:10Z</time></rtept><rtept lat="37.630882" lon="-107.143346"><ele>3591.4</ele><time>2026-04-12T15:45:10Z</time></rtept><rtept lat="37.630828" lon="-107.143342"><ele>3591.4</ele><time>2026-04-12T15:45:10Z</time></rtept><rtept lat="37.630754" lon="-107.143358"><ele>3591.4</ele><time>2026-04-12T15:45:10Z</time></rtept><rtept lat="37.63072" lon="-107.143355"><ele>3591.2</ele><time>2026-04-12T15:45:10Z</time></rtept><rtept lat="37.630639" lon="-107.143335"><ele>3591.0</ele><time>2026-04-12T15:45:10Z</time></rtept><rtept lat="37.630566" lon="-107.143285"><ele>3587.6</ele><time>2026-04-12T15:45:10Z</time></rtept><rtept lat="37.630527" lon="-107.143282"><ele>3587.2</ele><time>2026-04-12T15:45:10Z</time></rtept><rtept lat="37.6305" lon="-107.143294"><ele>3587.2</ele><time>2026-04-12T15:45:10Z</time></rtept><rtept lat="37.630447" lon="-107.143335"><ele>3589.4</ele><time>2026-04-12T15:45:10Z</time></rtept><rtept lat="37.63035" lon="-107.14339"><ele>3588.4</ele><time>2026-04-12T15:45:10Z</time></rtept><rtept lat="37.630271" lon="-107.1434"><ele>3589.6</ele><time>2026-04-12T15:45:10Z</time></rtept><rtept lat="37.630241" lon="-107.143414"><ele>3589.6</ele><time>2026-04-12T15:45:10Z</time></rtept><rtept lat="37.6302" lon="-107.143423"><ele>3588.6</ele><time>2026-04-12T15:45:10Z</time></rtept><rtept lat="37.630078" lon="-107.143477"><ele>3587.8</ele><time>2026-04-12T15:45:10Z</time></rtept><rtept lat="37.630019" lon="-107.143469"><ele>3587.0</ele><time>2026-04-12T15:45:10Z</time></rtept><rtept lat="37.62997" lon="-107.14344"><ele>3586.0</ele><time>2026-04-12T15:45:10Z</time></rtept><rtept lat="37.629953" lon="-107.143412"><ele>3586.0</ele><time>2026-04-12T15:45:10Z</time></rtept><rtept lat="37.62994" lon="-107.143356"><ele>3583.2</ele><time>2026-04-12T15:45:10Z</time></rtept><rtept lat="37.629856" lon="-107.143267"><ele>3579.2</ele><time>2026-04-12T15:45:10Z</time></rtept><rtept lat="37.629867" lon="-107.143193"><ele>3576.2</ele><time>2026-04-12T15:45:10Z</time></rtept><rtept lat="37.629854" lon="-107.143159"><ele>3576.2</ele><time>2026-04-12T15:45:10Z</time></rtept><rtept lat="37.629769" lon="-107.143089"><ele>3573.8</ele><time>2026-04-12T15:45:10Z</time></rtept><rtept lat="37.629507" lon="-107.142919"><ele>3570.8</ele><time>2026-04-12T15:45:10Z</time></rtept><rtept lat="37.629456" lon="-107.142853"><ele>3569.8</ele><time>2026-04-12T15:45:10Z</time></rtept><rtept lat="37.629392" lon="-107.142796"><ele>3569.8</ele><time>2026-04-12T15:45:10Z</time></rtept><rtept lat="37.629365" lon="-107.142763"><ele>3569.6</ele><time>2026-04-12T15:45:10Z</time></rtept><rtept lat="37.62935" lon="-107.142721"><ele>3569.6</ele><time>2026-04-12T15:45:10Z</time></rtept><rtept lat="37.629275" lon="-107.14265"><ele>3569.8</ele><time>2026-04-12T15:45:10Z</time></rtept><rtept lat="37.62926" lon="-107.142619"><ele>3568.2</ele><time>2026-04-12T15:45:10Z</time></rtept><rtept lat="37.629121" lon="-107.142465"><ele>3569.2</ele><time>2026-04-12T15:45:10Z</time></rtept><rtept lat="37.629094" lon="-107.142426"><ele>3568.8</ele><time>2026-04-12T15:45:10Z</time></rtept><rtept lat="37.628973" lon="-107.142163"><ele>3566.6</ele><time>2026-04-12T15:45:10Z</time></rtept><rtept lat="37.628885" lon="-107.14205"><ele>3568.2</ele><time>2026-04-12T15:45:10Z</time></rtept><rtept lat="37.628874" lon="-107.142014"><ele>3567.8</ele><time>2026-04-12T15:45:10Z</time></rtept><rtept lat="37.628837" lon="-107.141956"><ele>3569.8</ele><time>2026-04-12T15:45:10Z</time></rtept><rtept lat="37.628744" lon="-107.141867"><ele>3571.4</ele><time>2026-04-12T15:45:10Z</time></rtept><rtept lat="37.628688" lon="-107.141745"><ele>3572.2</ele><time>2026-04-12T15:45:10Z</time></rtept><rtept lat="37.628617" lon="-107.141629"><ele>3572.6</ele><time>2026-04-12T15:45:10Z</time></rtept><rtept lat="37.628571" lon="-107.141572"><ele>3573.0</ele><time>2026-04-12T15:45:10Z</time></rtept><rtept lat="37.628502" lon="-107.141423"><ele>3573.4</ele><time>2026-04-12T15:45:10Z</time></rtept><rtept lat="37.628485" lon="-107.14138"><ele>3573.0</ele><time>2026-04-12T15:45:10Z</time></rtept><rtept lat="37.628491" lon="-107.141287"><ele>3572.8</ele><time>2026-04-12T15:45:10Z</time></rtept><rtept lat="37.628486" lon="-107.141193"><ele>3572.4</ele><time>2026-04-12T15:45:10Z</time></rtept><rtept lat="37.628478" lon="-107.141142"><ele>3572.2</ele><time>2026-04-12T15:45:10Z</time></rtept><rtept lat="37.628465" lon="-107.141106"><ele>3572.2</ele><time>2026-04-12T15:45:10Z</time></rtept><rtept lat="37.628451" lon="-107.141015"><ele>3572.4</ele><time>2026-04-12T15:45:10Z</time></rtept><rtept lat="37.628456" lon="-107.140971"><ele>3573.0</ele><time>2026-04-12T15:45:10Z</time></rtept><rtept lat="37.628448" lon="-107.140788"><ele>3574.4</ele><time>2026-04-12T15:45:10Z</time></rtept><rtept lat="37.628449" lon="-107.140489"><ele>3576.8</ele><time>2026-04-12T15:45:10Z</time></rtept><rtept lat="37.628429" lon="-107.140122"><ele>3580.6</ele><time>2026-04-12T15:45:10Z</time></rtept><rtept lat="37.628409" lon="-107.139945"><ele>3581.0</ele><time>2026-04-12T15:45:10Z</time></rtept><rtept lat="37.628409" lon="-107.139855"><ele>3580.8</ele><time>2026-04-12T15:45:10Z</time></rtept><rtept lat="37.628399" lon="-107.139763"><ele>3580.8</ele><time>2026-04-12T15:45:10Z</time></rtept><rtept lat="37.628354" lon="-107.139521"><ele>3582.8</ele><time>2026-04-12T15:45:10Z</time></rtept><rtept lat="37.628347" lon="-107.139423"><ele>3582.8</ele><time>2026-04-12T15:45:10Z</time></rtept><rtept lat="37.628348" lon="-107.139334"><ele>3583.0</ele><time>2026-04-12T15:45:10Z</time></rtept><rtept lat="37.628335" lon="-107.139186"><ele>3582.4</ele><time>2026-04-12T15:45:10Z</time></rtept><rtept lat="37.628313" lon="-107.139158"><ele>3582.4</ele><time>2026-04-12T15:45:10Z</time></rtept><rtept lat="37.628273" lon="-107.139138"><ele>3584.6</ele><time>2026-04-12T15:45:10Z</time></rtept><rtept lat="37.628244" lon="-107.139103"><ele>3584.6</ele><time>2026-04-12T15:45:10Z</time></rtept><rtept lat="37.628208" lon="-107.139021"><ele>3585.6</ele><time>2026-04-12T15:45:10Z</time></rtept><rtept lat="37.62817" lon="-107.138957"><ele>3585.8</ele><time>2026-04-12T15:45:10Z</time></rtept><rtept lat="37.628037" lon="-107.138977"><ele>3587.2</ele><time>2026-04-12T15:45:10Z</time></rtept><rtept lat="37.62775" lon="-107.13906"><ele>3586.2</ele><time>2026-04-12T15:45:10Z</time></rtept><rtept lat="37.627556" lon="-107.13915"><ele>3583.6</ele><time>2026-04-12T15:45:10Z</time></rtept><rtept lat="37.627484" lon="-107.139137"><ele>3582.6</ele><time>2026-04-12T15:45:10Z</time></rtept><rtept lat="37.62736" lon="-107.139167"><ele>3580.8</ele><time>2026-04-12T15:45:10Z</time></rtept><rtept lat="37.627183" lon="-107.139244"><ele>3578.8</ele><time>2026-04-12T15:45:10Z</time></rtept><rtept lat="37.627081" lon="-107.139269"><ele>3578.4</ele><time>2026-04-12T15:45:10Z</time></rtept><rtept lat="37.627001" lon="-107.139312"><ele>3579.8</ele><time>2026-04-12T15:45:10Z</time></rtept><rtept lat="37.62688" lon="-107.139319"><ele>3579.6</ele><time>2026-04-12T15:45:10Z</time></rtept><rtept lat="37.626844" lon="-107.139315"><ele>3579.2</ele><time>2026-04-12T15:45:10Z</time></rtept><rtept lat="37.626778" lon="-107.139322"><ele>3579.0</ele><time>2026-04-12T15:45:10Z</time></rtept><rtept lat="37.626713" lon="-107.139339"><ele>3578.4</ele><time>2026-04-12T15:45:10Z</time></rtept><rtept lat="37.626665" lon="-107.139376"><ele>3579.2</ele><time>2026-04-12T15:45:10Z</time></rtept><rtept lat="37.626641" lon="-107.139409"><ele>3579.2</ele><time>2026-04-12T15:45:10Z</time></rtept><rtept lat="37.626588" lon="-107.139487"><ele>3579.0</ele><time>2026-04-12T15:45:10Z</time></rtept><rtept lat="37.626553" lon="-107.139561"><ele>3580.8</ele><time>2026-04-12T15:45:10Z</time></rtept><rtept lat="37.626502" lon="-107.139639"><ele>3580.0</ele><time>2026-04-12T15:45:10Z</time></rtept><rtept lat="37.626468" lon="-107.139632"><ele>3577.0</ele><time>2026-04-12T15:45:10Z</time></rtept><rtept lat="37.626444" lon="-107.139608"><ele>3576.0</ele><time>2026-04-12T15:45:10Z</time></rtept><rtept lat="37.626384" lon="-107.139584"><ele>3574.6</ele><time>2026-04-12T15:45:10Z</time></rtept><rtept lat="37.626149" lon="-107.139354"><ele>3570.6</ele><time>2026-04-12T15:45:10Z</time></rtept><rtept lat="37.626048" lon="-107.139318"><ele>3571.0</ele><time>2026-04-12T15:45:10Z</time></rtept><rtept lat="37.626028" lon="-107.139297"><ele>3571.0</ele><time>2026-04-12T15:45:10Z</time></rtept><rtept lat="37.626018" lon="-107.139232"><ele>3568.8</ele><time>2026-04-12T15:45:10Z</time></rtept><rtept lat="37.626003" lon="-107.139199"><ele>3568.8</ele><time>2026-04-12T15:45:10Z</time></rtept><rtept lat="37.625959" lon="-107.139144"><ele>3569.0</ele><time>2026-04-12T15:45:10Z</time></rtept><rtept lat="37.625935" lon="-107.139098"><ele>3568.0</ele><time>2026-04-12T15:45:10Z</time></rtept><rtept lat="37.625929" lon="-107.138952"><ele>3567.2</ele><time>2026-04-12T15:45:10Z</time></rtept><rtept lat="37.625931" lon="-107.13871"><ele>3564.4</ele><time>2026-04-12T15:45:10Z</time></rtept><rtept lat="37.62592" lon="-107.138688"><ele>3568.0</ele><time>2026-04-12T15:45:10Z</time></rtept><rtept lat="37.625854" lon="-107.138456"><ele>3561.6</ele><time>2026-04-12T15:45:10Z</time></rtept><rtept lat="37.625801" lon="-107.138388"><ele>3556.8</ele><time>2026-04-12T15:45:10Z</time></rtept><rtept lat="37.625722" lon="-107.138315"><ele>3554.6</ele><time>2026-04-12T15:45:10Z</time></rtept><rtept lat="37.625579" lon="-107.138104"><ele>3552.4</ele><time>2026-04-12T15:45:10Z</time></rtept><rtept lat="37.625418" lon="-107.137948"><ele>3548.8</ele><time>2026-04-12T15:45:10Z</time></rtept><rtept lat="37.625304" lon="-107.137864"><ele>3547.6</ele><time>2026-04-12T15:45:10Z</time></rtept><rtept lat="37.625244" lon="-107.137839"><ele>3548.4</ele><time>2026-04-12T15:45:10Z</time></rtept><rtept lat="37.625138" lon="-107.137809"><ele>3546.0</ele><time>2026-04-12T15:45:10Z</time></rtept><rtept lat="37.625039" lon="-107.137811"><ele>3547.2</ele><time>2026-04-12T15:45:10Z</time></rtept><rtept lat="37.624956" lon="-107.137821"><ele>3551.4</ele><time>2026-04-12T15:45:10Z</time></rtept><rtept lat="37.62465" lon="-107.137805"><ele>3550.0</ele><time>2026-04-12T15:45:10Z</time></rtept><rtept lat="37.624543" lon="-107.137821"><ele>3556.0</ele><time>2026-04-12T15:45:10Z</time></rtept><rtept lat="37.624467" lon="-107.137818"><ele>3556.8</ele><time>2026-04-12T15:45:10Z</time></rtept><rtept lat="37.624431" lon="-107.137826"><ele>3556.8</ele><time>2026-04-12T15:45:10Z</time></rtept><rtept lat="37.624392" lon="-107.137838"><ele>3557.6</ele><time>2026-04-12T15:45:10Z</time></rtept><rtept lat="37.624294" lon="-107.137889"><ele>3558.0</ele><time>2026-04-12T15:45:10Z</time></rtept><rtept lat="37.624263" lon="-107.137891"><ele>3558.4</ele><time>2026-04-12T15:45:10Z</time></rtept><rtept lat="37.624155" lon="-107.137846"><ele>3558.8</ele><time>2026-04-12T15:45:10Z</time></rtept><rtept lat="37.624081" lon="-107.137852"><ele>3558.8</ele><time>2026-04-12T15:45:10Z</time></rtept><rtept lat="37.623993" lon="-107.137869"><ele>3558.6</ele><time>2026-04-12T15:45:10Z</time></rtept><rtept lat="37.623961" lon="-107.137884"><ele>3558.6</ele><time>2026-04-12T15:45:10Z</time></rtept><rtept lat="37.623894" lon="-107.137877"><ele>3558.4</ele><time>2026-04-12T15:45:10Z</time></rtept><rtept lat="37.623783" lon="-107.137886"><ele>3557.6</ele><time>2026-04-12T15:45:10Z</time></rtept><rtept lat="37.623642" lon="-107.137937"><ele>3561.6</ele><time>2026-04-12T15:45:10Z</time></rtept><rtept lat="37.623561" lon="-107.137945"><ele>3560.6</ele><time>2026-04-12T15:45:10Z</time></rtept><rtept lat="37.623527" lon="-107.137963"><ele>3559.4</ele><time>2026-04-12T15:45:10Z</time></rtept><rtept lat="37.62347" lon="-107.138009"><ele>3564.0</ele><time>2026-04-12T15:45:10Z</time></rtept><rtept lat="37.623438" lon="-107.138018"><ele>3564.0</ele><time>2026-04-12T15:45:10Z</time></rtept><rtept lat="37.623323" lon="-107.138019"><ele>3561.6</ele><time>2026-04-12T15:45:10Z</time></rtept><rtept lat="37.623255" lon="-107.138042"><ele>3560.4</ele><time>2026-04-12T15:45:10Z</time></rtept><rtept lat="37.623194" lon="-107.138071"><ele>3559.0</ele><time>2026-04-12T15:45:10Z</time></rtept><rtept lat="37.623107" lon="-107.138128"><ele>3563.8</ele><time>2026-04-12T15:45:10Z</time></rtept><rtept lat="37.62301" lon="-107.138158"><ele>3568.0</ele><time>2026-04-12T15:45:10Z</time></rtept><rtept lat="37.622955" lon="-107.138213"><ele>3565.6</ele><time>2026-04-12T15:45:10Z</time></rtept><rtept lat="37.622895" lon="-107.138263"><ele>3569.8</ele><time>2026-04-12T15:45:10Z</time></rtept><rtept lat="37.62287" lon="-107.138276"><ele>3569.8</ele><time>2026-04-12T15:45:10Z</time></rtept><rtept lat="37.622732" lon="-107.138306"><ele>3563.4</ele><time>2026-04-12T15:45:10Z</time></rtept><rtept lat="37.622565" lon="-107.138319"><ele>3558.0</ele><time>2026-04-12T15:45:10Z</time></rtept><rtept lat="37.622534" lon="-107.138311"><ele>3558.0</ele><time>2026-04-12T15:45:10Z</time></rtept><rtept lat="37.622485" lon="-107.138279"><ele>3558.6</ele><time>2026-04-12T15:45:10Z</time></rtept><rtept lat="37.622461" lon="-107.138252"><ele>3558.6</ele><time>2026-04-12T15:45:10Z</time></rtept><rtept lat="37.622369" lon="-107.138209"><ele>3555.0</ele><time>2026-04-12T15:45:10Z</time></rtept><rtept lat="37.622335" lon="-107.1382"><ele>3555.0</ele><time>2026-04-12T15:45:10Z</time></rtept><rtept lat="37.622295" lon="-107.138202"><ele>3555.8</ele><time>2026-04-12T15:45:10Z</time></rtept><rtept lat="37.622229" lon="-107.138223"><ele>3556.6</ele><time>2026-04-12T15:45:10Z</time></rtept><rtept lat="37.622157" lon="-107.138208"><ele>3557.4</ele><time>2026-04-12T15:45:10Z</time></rtept><rtept lat="37.622047" lon="-107.13817"><ele>3558.8</ele><time>2026-04-12T15:45:10Z</time></rtept><rtept lat="37.622014" lon="-107.138149"><ele>3553.8</ele><time>2026-04-12T15:45:10Z</time></rtept><rtept lat="37.62188" lon="-107.138111"><ele>3555.4</ele><time>2026-04-12T15:45:10Z</time></rtept><rtept lat="37.621822" lon="-107.138077"><ele>3556.2</ele><time>2026-04-12T15:45:10Z</time></rtept><rtept lat="37.62171" lon="-107.138045"><ele>3552.0</ele><time>2026-04-12T15:45:10Z</time></rtept><rtept lat="37.62159" lon="-107.137963"><ele>3550.0</ele><time>2026-04-12T15:45:10Z</time></rtept><rtept lat="37.621489" lon="-107.137914"><ele>3554.2</ele><time>2026-04-12T15:45:10Z</time></rtept><rtept lat="37.621316" lon="-107.137904"><ele>3558.2</ele><time>2026-04-12T15:45:10Z</time></rtept><rtept lat="37.621289" lon="-107.137879"><ele>3553.8</ele><time>2026-04-12T15:45:10Z</time></rtept><rtept lat="37.621243" lon="-107.137813"><ele>3546.8</ele><time>2026-04-12T15:45:10Z</time></rtept><rtept lat="37.621214" lon="-107.137783"><ele>3548.6</ele><time>2026-04-12T15:45:10Z</time></rtept><rtept lat="37.621183" lon="-107.137765"><ele>3548.6</ele><time>2026-04-12T15:45:10Z</time></rtept><rtept lat="37.621147" lon="-107.137753"><ele>3550.8</ele><time>2026-04-12T15:45:10Z</time></rtept><rtept lat="37.621111" lon="-107.137752"><ele>3550.8</ele><time>2026-04-12T15:45:10Z</time></rtept><rtept lat="37.621079" lon="-107.137764"><ele>3553.8</ele><time>2026-04-12T15:45:10Z</time></rtept><rtept lat="37.620752" lon="-107.137662"><ele>3558.4</ele><time>2026-04-12T15:45:10Z</time></rtept><rtept lat="37.620684" lon="-107.137567"><ele>3551.8</ele><time>2026-04-12T15:45:10Z</time></rtept><rtept lat="37.620653" lon="-107.137556"><ele>3545.6</ele><time>2026-04-12T15:45:10Z</time></rtept><rtept lat="37.620574" lon="-107.137578"><ele>3552.6</ele><time>2026-04-12T15:45:10Z</time></rtept><rtept lat="37.620549" lon="-107.137577"><ele>3554.2</ele><time>2026-04-12T15:45:10Z</time></rtept><rtept lat="37.620402" lon="-107.137496"><ele>3553.8</ele><time>2026-04-12T15:45:10Z</time></rtept><rtept lat="37.620198" lon="-107.137425"><ele>3555.2</ele><time>2026-04-12T15:45:10Z</time></rtept><rtept lat="37.620167" lon="-107.137402"><ele>3555.2</ele><time>2026-04-12T15:45:10Z</time></rtept><rtept lat="37.6201" lon="-107.137372"><ele>3552.8</ele><time>2026-04-12T15:45:10Z</time></rtept><rtept lat="37.620004" lon="-107.137315"><ele>3560.2</ele><time>2026-04-12T15:45:10Z</time></rtept><rtept lat="37.619903" lon="-107.137281"><ele>3558.4</ele><time>2026-04-12T15:45:10Z</time></rtept><rtept lat="37.61981" lon="-107.137217"><ele>3562.2</ele><time>2026-04-12T15:45:10Z</time></rtept><rtept lat="37.619716" lon="-107.137133"><ele>3562.8</ele><time>2026-04-12T15:45:10Z</time></rtept><rtept lat="37.619652" lon="-107.137095"><ele>3561.0</ele><time>2026-04-12T15:45:10Z</time></rtept><rtept lat="37.619592" lon="-107.137044"><ele>3565.6</ele><time>2026-04-12T15:45:10Z</time></rtept><rtept lat="37.619556" lon="-107.137035"><ele>3560.6</ele><time>2026-04-12T15:45:10Z</time></rtept><rtept lat="37.619523" lon="-107.137014"><ele>3565.2</ele><time>2026-04-12T15:45:10Z</time></rtept><rtept lat="37.619403" lon="-107.136916"><ele>3564.0</ele><time>2026-04-12T15:45:10Z</time></rtept><rtept lat="37.619229" lon="-107.136819"><ele>3570.0</ele><time>2026-04-12T15:45:10Z</time></rtept><rtept lat="37.619062" lon="-107.136701"><ele>3574.0</ele><time>2026-04-12T15:45:10Z</time></rtept><rtept lat="37.618969" lon="-107.136623"><ele>3580.6</ele><time>2026-04-12T15:45:10Z</time></rtept><rtept lat="37.618916" lon="-107.13657"><ele>3582.0</ele><time>2026-04-12T15:45:10Z</time></rtept><rtept lat="37.618872" lon="-107.1365"><ele>3578.4</ele><time>2026-04-12T15:45:10Z</time></rtept><rtept lat="37.618816" lon="-107.136378"><ele>3580.0</ele><time>2026-04-12T15:45:10Z</time></rtept><rtept lat="37.618774" lon="-107.136302"><ele>3581.4</ele><time>2026-04-12T15:45:10Z</time></rtept><rtept lat="37.61875" lon="-107.136272"><ele>3581.4</ele><time>2026-04-12T15:45:10Z</time></rtept><rtept lat="37.61872" lon="-107.136197"><ele>3578.8</ele><time>2026-04-12T15:45:10Z</time></rtept><rtept lat="37.618709" lon="-107.136156"><ele>3580.6</ele><time>2026-04-12T15:45:10Z</time></rtept><rtept lat="37.61871" lon="-107.136113"><ele>3580.6</ele><time>2026-04-12T15:45:10Z</time></rtept><rtept lat="37.618737" lon="-107.13599"><ele>3574.0</ele><time>2026-04-12T15:45:10Z</time></rtept><rtept lat="37.618737" lon="-107.135952"><ele>3574.0</ele><time>2026-04-12T15:45:10Z</time></rtept><rtept lat="37.618723" lon="-107.135868"><ele>3573.4</ele><time>2026-04-12T15:45:10Z</time></rtept><rtept lat="37.61871" lon="-107.135834"><ele>3575.6</ele><time>2026-04-12T15:45:10Z</time></rtept><rtept lat="37.618686" lon="-107.135817"><ele>3575.6</ele><time>2026-04-12T15:45:10Z</time></rtept><rtept lat="37.618641" lon="-107.135837"><ele>3577.4</ele><time>2026-04-12T15:45:10Z</time></rtept><rtept lat="37.61862" lon="-107.135862"><ele>3578.8</ele><time>2026-04-12T15:45:10Z</time></rtept><rtept lat="37.618567" lon="-107.1359"><ele>3580.2</ele><time>2026-04-12T15:45:10Z</time></rtept><rtept lat="37.618549" lon="-107.136"><ele>3582.0</ele><time>2026-04-12T15:45:10Z</time></rtept><rtept lat="37.61848" lon="-107.13613"><ele>3586.2</ele><time>2026-04-12T15:45:10Z</time></rtept><rtept lat="37.618323" lon="-107.136475"><ele>3594.2</ele><time>2026-04-12T15:45:10Z</time></rtept><rtept lat="37.61825" lon="-107.136587"><ele>3595.6</ele><time>2026-04-12T15:45:10Z</time></rtept><rtept lat="37.618174" lon="-107.13675"><ele>3596.6</ele><time>2026-04-12T15:45:10Z</time></rtept><rtept lat="37.618147" lon="-107.137069"><ele>3600.4</ele><time>2026-04-12T15:45:10Z</time></rtept><rtept lat="37.618156" lon="-107.137213"><ele>3602.0</ele><time>2026-04-12T15:45:10Z</time></rtept><rtept lat="37.618151" lon="-107.137376"><ele>3602.6</ele><time>2026-04-12T15:45:10Z</time></rtept><rtept lat="37.618143" lon="-107.137459"><ele>3603.4</ele><time>2026-04-12T15:45:10Z</time></rtept><rtept lat="37.618131" lon="-107.137842"><ele>3606.8</ele><time>2026-04-12T15:45:10Z</time></rtept><rtept lat="37.61812" lon="-107.137963"><ele>3607.6</ele><time>2026-04-12T15:45:10Z</time></rtept><rtept lat="37.618122" lon="-107.138082"><ele>3608.8</ele><time>2026-04-12T15:45:10Z</time></rtept><rtept lat="37.618117" lon="-107.138128"><ele>3608.8</ele><time>2026-04-12T15:45:10Z</time></rtept><rtept lat="37.618093" lon="-107.138217"><ele>3608.6</ele><time>2026-04-12T15:45:10Z</time></rtept><rtept lat="37.61795" lon="-107.138515"><ele>3609.8</ele><time>2026-04-12T15:45:10Z</time></rtept><rtept lat="37.617888" lon="-107.138617"><ele>3609.2</ele><time>2026-04-12T15:45:10Z</time></rtept><rtept lat="37.617842" lon="-107.138671"><ele>3609.2</ele><time>2026-04-12T15:45:10Z</time></rtept><rtept lat="37.617783" lon="-107.138721"><ele>3608.6</ele><time>2026-04-12T15:45:10Z</time></rtept><rtept lat="37.617606" lon="-107.138926"><ele>3605.6</ele><time>2026-04-12T15:45:10Z</time></rtept><rtept lat="37.617427" lon="-107.139089"><ele>3604.4</ele><time>2026-04-12T15:45:10Z</time></rtept><rtept lat="37.617379" lon="-107.139142"><ele>3603.6</ele><time>2026-04-12T15:45:10Z</time></rtept><rtept lat="37.617316" lon="-107.139239"><ele>3602.8</ele><time>2026-04-12T15:45:10Z</time></rtept><rtept lat="37.617199" lon="-107.13929"><ele>3600.6</ele><time>2026-04-12T15:45:10Z</time></rtept><rtept lat="37.617162" lon="-107.139331"><ele>3600.6</ele><time>2026-04-12T15:45:10Z</time></rtept><rtept lat="37.617124" lon="-107.139343"><ele>3599.0</ele><time>2026-04-12T15:45:10Z</time></rtept><rtept lat="37.617001" lon="-107.139419"><ele>3597.4</ele><time>2026-04-12T15:45:10Z</time></rtept><rtept lat="37.616969" lon="-107.139427"><ele>3597.4</ele><time>2026-04-12T15:45:10Z</time></rtept><rtept lat="37.616912" lon="-107.139478"><ele>3597.4</ele><time>2026-04-12T15:45:10Z</time></rtept><rtept lat="37.616812" lon="-107.139651"><ele>3597.4</ele><time>2026-04-12T15:45:10Z</time></rtept><rtept lat="37.616734" lon="-107.139739"><ele>3597.0</ele><time>2026-04-12T15:45:10Z</time></rtept><rtept lat="37.616642" lon="-107.139827"><ele>3596.6</ele><time>2026-04-12T15:45:10Z</time></rtept><rtept lat="37.616616" lon="-107.139869"><ele>3596.6</ele><time>2026-04-12T15:45:10Z</time></rtept><rtept lat="37.61659" lon="-107.139961"><ele>3599.4</ele><time>2026-04-12T15:45:10Z</time></rtept><rtept lat="37.616541" lon="-107.140038"><ele>3596.6</ele><time>2026-04-12T15:45:10Z</time></rtept><rtept lat="37.616481" lon="-107.140098"><ele>3599.8</ele><time>2026-04-12T15:45:10Z</time></rtept><rtept lat="37.616433" lon="-107.140164"><ele>3600.4</ele><time>2026-04-12T15:45:10Z</time></rtept><rtept lat="37.616314" lon="-107.140264"><ele>3599.2</ele><time>2026-04-12T15:45:10Z</time></rtept><rtept lat="37.616262" lon="-107.140294"><ele>3596.8</ele><time>2026-04-12T15:45:10Z</time></rtept><rtept lat="37.616148" lon="-107.140327"><ele>3597.4</ele><time>2026-04-12T15:45:10Z</time></rtept><rtept lat="37.616121" lon="-107.140347"><ele>3594.8</ele><time>2026-04-12T15:45:10Z</time></rtept><rtept lat="37.61604" lon="-107.14047"><ele>3595.2</ele><time>2026-04-12T15:45:10Z</time></rtept><rtept lat="37.616032" lon="-107.140507"><ele>3598.2</ele><time>2026-04-12T15:45:10Z</time></rtept><rtept lat="37.615997" lon="-107.140585"><ele>3598.8</ele><time>2026-04-12T15:45:10Z</time></rtept><rtept lat="37.615934" lon="-107.140719"><ele>3602.2</ele><time>2026-04-12T15:45:10Z</time></rtept><rtept lat="37.615911" lon="-107.140749"><ele>3603.0</ele><time>2026-04-12T15:45:10Z</time></rtept><rtept lat="37.615799" lon="-107.140861"><ele>3604.2</ele><time>2026-04-12T15:45:10Z</time></rtept><rtept lat="37.615725" lon="-107.140952"><ele>3603.6</ele><time>2026-04-12T15:45:10Z</time></rtept><rtept lat="37.615548" lon="-107.141111"><ele>3607.0</ele><time>2026-04-12T15:45:10Z</time></rtept><rtept lat="37.615498" lon="-107.141171"><ele>3608.8</ele><time>2026-04-12T15:45:10Z</time></rtept><rtept lat="37.615461" lon="-107.141239"><ele>3608.8</ele><time>2026-04-12T15:45:10Z</time></rtept><rtept lat="37.61541" lon="-107.141313"><ele>3610.6</ele><time>2026-04-12T15:45:10Z</time></rtept><rtept lat="37.615292" lon="-107.141453"><ele>3613.8</ele><time>2026-04-12T15:45:10Z</time></rtept><rtept lat="37.615166" lon="-107.141586"><ele>3613.0</ele><time>2026-04-12T15:45:10Z</time></rtept><rtept lat="37.614968" lon="-107.141673"><ele>3610.2</ele><time>2026-04-12T15:45:10Z</time></rtept><rtept lat="37.614702" lon="-107.141818"><ele>3613.4</ele><time>2026-04-12T15:45:10Z</time></rtept><rtept lat="37.614555" lon="-107.141873"><ele>3617.0</ele><time>2026-04-12T15:45:10Z</time></rtept><rtept lat="37.614441" lon="-107.141907"><ele>3616.2</ele><time>2026-04-12T15:45:10Z</time></rtept><rtept lat="37.614364" lon="-107.141917"><ele>3615.0</ele><time>2026-04-12T15:45:10Z</time></rtept><rtept lat="37.614288" lon="-107.141914"><ele>3614.4</ele><time>2026-04-12T15:45:10Z</time></rtept><rtept lat="37.614211" lon="-107.141929"><ele>3614.2</ele><time>2026-04-12T15:45:10Z</time></rtept><rtept lat="37.613966" lon="-107.142031"><ele>3621.4</ele><time>2026-04-12T15:45:10Z</time></rtept><rtept lat="37.613803" lon="-107.142048"><ele>3618.0</ele><time>2026-04-12T15:45:10Z</time></rtept><rtept lat="37.613641" lon="-107.142078"><ele>3616.6</ele><time>2026-04-12T15:45:10Z</time></rtept><rtept lat="37.613602" lon="-107.142076"><ele>3616.2</ele><time>2026-04-12T15:45:10Z</time></rtept><rtept lat="37.613532" lon="-107.142093"><ele>3615.8</ele><time>2026-04-12T15:45:10Z</time></rtept><rtept lat="37.613476" lon="-107.142091"><ele>3615.6</ele><time>2026-04-12T15:45:10Z</time></rtept><rtept lat="37.613351" lon="-107.142029"><ele>3615.4</ele><time>2026-04-12T15:45:10Z</time></rtept><rtept lat="37.613315" lon="-107.142024"><ele>3615.4</ele><time>2026-04-12T15:45:10Z</time></rtept><rtept lat="37.613255" lon="-107.141998"><ele>3615.6</ele><time>2026-04-12T15:45:10Z</time></rtept><rtept lat="37.613187" lon="-107.141988"><ele>3615.8</ele><time>2026-04-12T15:45:10Z</time></rtept><rtept lat="37.612784" lon="-107.141833"><ele>3618.4</ele><time>2026-04-12T15:45:10Z</time></rtept><rtept lat="37.612749" lon="-107.141818"><ele>3618.4</ele><time>2026-04-12T15:45:10Z</time></rtept><rtept lat="37.612619" lon="-107.141734"><ele>3619.0</ele><time>2026-04-12T15:45:10Z</time></rtept><rtept lat="37.612546" lon="-107.141705"><ele>3618.2</ele><time>2026-04-12T15:45:10Z</time></rtept><rtept lat="37.612438" lon="-107.141646"><ele>3618.8</ele><time>2026-04-12T15:45:10Z</time></rtept><rtept lat="37.612362" lon="-107.141626"><ele>3617.8</ele><time>2026-04-12T15:45:10Z</time></rtept><rtept lat="37.612322" lon="-107.141624"><ele>3617.0</ele><time>2026-04-12T15:45:10Z</time></rtept><rtept lat="37.612283" lon="-107.141631"><ele>3617.0</ele><time>2026-04-12T15:45:10Z</time></rtept><rtept lat="37.612246" lon="-107.141608"><ele>3615.8</ele><time>2026-04-12T15:45:10Z</time></rtept><rtept lat="37.612142" lon="-107.141597"><ele>3614.8</ele><time>2026-04-12T15:45:10Z</time></rtept><rtept lat="37.612111" lon="-107.141594"><ele>3614.0</ele><time>2026-04-12T15:45:10Z</time></rtept><rtept lat="37.612072" lon="-107.141605"><ele>3614.0</ele><time>2026-04-12T15:45:10Z</time></rtept><rtept lat="37.611995" lon="-107.141608"><ele>3613.0</ele><time>2026-04-12T15:45:10Z</time></rtept><rtept lat="37.611836" lon="-107.141592"><ele>3611.6</ele><time>2026-04-12T15:45:10Z</time></rtept><rtept lat="37.611725" lon="-107.141614"><ele>3611.4</ele><time>2026-04-12T15:45:10Z</time></rtept><rtept lat="37.61166" lon="-107.141613"><ele>3611.4</ele><time>2026-04-12T15:45:10Z</time></rtept><rtept lat="37.611556" lon="-107.141638"><ele>3611.2</ele><time>2026-04-12T15:45:10Z</time></rtept><rtept lat="37.611487" lon="-107.141716"><ele>3609.2</ele><time>2026-04-12T15:45:10Z</time></rtept><rtept lat="37.611457" lon="-107.141733"><ele>3609.2</ele><time>2026-04-12T15:45:10Z</time></rtept><rtept lat="37.611352" lon="-107.141784"><ele>3605.2</ele><time>2026-04-12T15:45:10Z</time></rtept><rtept lat="37.611244" lon="-107.14182"><ele>3604.0</ele><time>2026-04-12T15:45:10Z</time></rtept><rtept lat="37.611214" lon="-107.141838"><ele>3603.2</ele><time>2026-04-12T15:45:10Z</time></rtept><rtept lat="37.611189" lon="-107.141873"><ele>3603.0</ele><time>2026-04-12T15:45:10Z</time></rtept><rtept lat="37.611159" lon="-107.141895"><ele>3602.8</ele><time>2026-04-12T15:45:10Z</time></rtept><rtept lat="37.611106" lon="-107.141957"><ele>3601.8</ele><time>2026-04-12T15:45:10Z</time></rtept><rtept lat="37.611076" lon="-107.141982"><ele>3601.8</ele><time>2026-04-12T15:45:10Z</time></rtept><rtept lat="37.611028" lon="-107.142044"><ele>3600.0</ele><time>2026-04-12T15:45:10Z</time></rtept><rtept lat="37.610955" lon="-107.14208"><ele>3600.2</ele><time>2026-04-12T15:45:10Z</time></rtept><rtept lat="37.610919" lon="-107.142088"><ele>3600.2</ele><time>2026-04-12T15:45:10Z</time></rtept><rtept lat="37.6109" lon="-107.142118"><ele>3597.2</ele><time>2026-04-12T15:45:10Z</time></rtept><rtept lat="37.61087" lon="-107.142144"><ele>3597.4</ele><time>2026-04-12T15:45:10Z</time></rtept><rtept lat="37.610772" lon="-107.142205"><ele>3593.2</ele><time>2026-04-12T15:45:10Z</time></rtept><rtept lat="37.610729" lon="-107.142221"><ele>3593.4</ele><time>2026-04-12T15:45:10Z</time></rtept><rtept lat="37.610684" lon="-107.142232"><ele>3593.4</ele><time>2026-04-12T15:45:10Z</time></rtept><rtept lat="37.610553" lon="-107.142239"><ele>3592.0</ele><time>2026-04-12T15:45:10Z</time></rtept><rtept lat="37.610445" lon="-107.142267"><ele>3591.8</ele><time>2026-04-12T15:45:10Z</time></rtept><rtept lat="37.610411" lon="-107.142284"><ele>3591.6</ele><time>2026-04-12T15:45:10Z</time></rtept><rtept lat="37.610334" lon="-107.142305"><ele>3591.8</ele><time>2026-04-12T15:45:10Z</time></rtept><rtept lat="37.610256" lon="-107.142339"><ele>3592.0</ele><time>2026-04-12T15:45:10Z</time></rtept><rtept lat="37.610064" lon="-107.142358"><ele>3591.2</ele><time>2026-04-12T15:45:10Z</time></rtept><rtept lat="37.60994" lon="-107.142394"><ele>3590.6</ele><time>2026-04-12T15:45:10Z</time></rtept><rtept lat="37.60987" lon="-107.142405"><ele>3590.8</ele><time>2026-04-12T15:45:10Z</time></rtept><rtept lat="37.609811" lon="-107.142444"><ele>3590.8</ele><time>2026-04-12T15:45:10Z</time></rtept><rtept lat="37.609772" lon="-107.142458"><ele>3588.8</ele><time>2026-04-12T15:45:10Z</time></rtept><rtept lat="37.60966" lon="-107.142448"><ele>3590.6</ele><time>2026-04-12T15:45:10Z</time></rtept><rtept lat="37.609588" lon="-107.14243"><ele>3590.6</ele><time>2026-04-12T15:45:10Z</time></rtept><rtept lat="37.609554" lon="-107.142432"><ele>3590.6</ele><time>2026-04-12T15:45:10Z</time></rtept><rtept lat="37.60952" lon="-107.142423"><ele>3591.0</ele><time>2026-04-12T15:45:10Z</time></rtept><rtept lat="37.609379" lon="-107.142407"><ele>3592.8</ele><time>2026-04-12T15:45:10Z</time></rtept><rtept lat="37.609244" lon="-107.142363"><ele>3592.2</ele><time>2026-04-12T15:45:10Z</time></rtept><rtept lat="37.60921" lon="-107.142367"><ele>3592.2</ele><time>2026-04-12T15:45:10Z</time></rtept><rtept lat="37.609087" lon="-107.142349"><ele>3594.6</ele><time>2026-04-12T15:45:10Z</time></rtept><rtept lat="37.609011" lon="-107.142317"><ele>3593.4</ele><time>2026-04-12T15:45:10Z</time></rtept><rtept lat="37.60898" lon="-107.142281"><ele>3592.0</ele><time>2026-04-12T15:45:10Z</time></rtept><rtept lat="37.608918" lon="-107.142232"><ele>3594.0</ele><time>2026-04-12T15:45:10Z</time></rtept><rtept lat="37.608854" lon="-107.142162"><ele>3595.6</ele><time>2026-04-12T15:45:10Z</time></rtept><rtept lat="37.608814" lon="-107.142084"><ele>3598.4</ele><time>2026-04-12T15:45:10Z</time></rtept><rtept lat="37.608764" lon="-107.142011"><ele>3599.0</ele><time>2026-04-12T15:45:10Z</time></rtept><rtept lat="37.608668" lon="-107.141938"><ele>3597.2</ele><time>2026-04-12T15:45:10Z</time></rtept><rtept lat="37.608617" lon="-107.141931"><ele>3597.2</ele><time>2026-04-12T15:45:10Z</time></rtept><rtept lat="37.608556" lon="-107.141933"><ele>3595.8</ele><time>2026-04-12T15:45:10Z</time></rtept><rtept lat="37.608509" lon="-107.14192"><ele>3594.0</ele><time>2026-04-12T15:45:10Z</time></rtept><rtept lat="37.608429" lon="-107.141869"><ele>3592.8</ele><time>2026-04-12T15:45:10Z</time></rtept><rtept lat="37.608378" lon="-107.141809"><ele>3593.4</ele><time>2026-04-12T15:45:10Z</time></rtept><rtept lat="37.608316" lon="-107.141757"><ele>3594.0</ele><time>2026-04-12T15:45:10Z</time></rtept><rtept lat="37.608272" lon="-107.141698"><ele>3594.0</ele><time>2026-04-12T15:45:10Z</time></rtept><rtept lat="37.608212" lon="-107.141653"><ele>3594.8</ele><time>2026-04-12T15:45:10Z</time></rtept><rtept lat="37.607953" lon="-107.141389"><ele>3600.0</ele><time>2026-04-12T15:45:10Z</time></rtept><rtept lat="37.607924" lon="-107.141365"><ele>3600.0</ele><time>2026-04-12T15:45:10Z</time></rtept><rtept lat="37.607837" lon="-107.141313"><ele>3602.2</ele><time>2026-04-12T15:45:10Z</time></rtept><rtept lat="37.607818" lon="-107.141283"><ele>3602.2</ele><time>2026-04-12T15:45:10Z</time></rtept><rtept lat="37.607769" lon="-107.14124"><ele>3605.6</ele><time>2026-04-12T15:45:10Z</time></rtept><rtept lat="37.607729" lon="-107.141189"><ele>3605.6</ele><time>2026-04-12T15:45:10Z</time></rtept><rtept lat="37.607705" lon="-107.141171"><ele>3605.6</ele><time>2026-04-12T15:45:10Z</time></rtept><rtept lat="37.607676" lon="-107.141161"><ele>3606.6</ele><time>2026-04-12T15:45:10Z</time></rtept><rtept lat="37.607614" lon="-107.141085"><ele>3610.0</ele><time>2026-04-12T15:45:10Z</time></rtept><rtept lat="37.607582" lon="-107.141075"><ele>3611.4</ele><time>2026-04-12T15:45:10Z</time></rtept><rtept lat="37.607554" lon="-107.141052"><ele>3612.2</ele><time>2026-04-12T15:45:10Z</time></rtept><rtept lat="37.607507" lon="-107.140998"><ele>3612.2</ele><time>2026-04-12T15:45:10Z</time></rtept><rtept lat="37.607391" lon="-107.140918"><ele>3613.8</ele><time>2026-04-12T15:45:10Z</time></rtept><rtept lat="37.607372" lon="-107.140888"><ele>3614.2</ele><time>2026-04-12T15:45:10Z</time></rtept><rtept lat="37.607299" lon="-107.140834"><ele>3614.4</ele><time>2026-04-12T15:45:10Z</time></rtept><rtept lat="37.607263" lon="-107.140776"><ele>3614.0</ele><time>2026-04-12T15:45:10Z</time></rtept><rtept lat="37.60722" lon="-107.140719"><ele>3614.0</ele><time>2026-04-12T15:45:10Z</time></rtept><rtept lat="37.607164" lon="-107.140676"><ele>3614.0</ele><time>2026-04-12T15:45:10Z</time></rtept><rtept lat="37.607061" lon="-107.140653"><ele>3615.2</ele><time>2026-04-12T15:45:10Z</time></rtept><rtept lat="37.607029" lon="-107.140638"><ele>3615.4</ele><time>2026-04-12T15:45:10Z</time></rtept><rtept lat="37.606962" lon="-107.140629"><ele>3615.8</ele><time>2026-04-12T15:45:10Z</time></rtept><rtept lat="37.606906" lon="-107.140605"><ele>3617.2</ele><time>2026-04-12T15:45:10Z</time></rtept><rtept lat="37.606793" lon="-107.140602"><ele>3621.2</ele><time>2026-04-12T15:45:10Z</time></rtept><rtept lat="37.606699" lon="-107.140579"><ele>3622.2</ele><time>2026-04-12T15:45:10Z</time></rtept><rtept lat="37.606535" lon="-107.140565"><ele>3623.4</ele><time>2026-04-12T15:45:10Z</time></rtept><rtept lat="37.606255" lon="-107.140489"><ele>3625.4</ele><time>2026-04-12T15:45:10Z</time></rtept><rtept lat="37.60611" lon="-107.140499"><ele>3625.0</ele><time>2026-04-12T15:45:10Z</time></rtept><rtept lat="37.605974" lon="-107.140458"><ele>3626.8</ele><time>2026-04-12T15:45:10Z</time></rtept><rtept lat="37.605765" lon="-107.140418"><ele>3627.6</ele><time>2026-04-12T15:45:10Z</time></rtept><rtept lat="37.60567" lon="-107.140412"><ele>3628.0</ele><time>2026-04-12T15:45:10Z</time></rtept><rtept lat="37.605628" lon="-107.140392"><ele>3628.6</ele><time>2026-04-12T15:45:10Z</time></rtept><rtept lat="37.605603" lon="-107.140397"><ele>3628.6</ele><time>2026-04-12T15:45:10Z</time></rtept><rtept lat="37.605511" lon="-107.140379"><ele>3632.6</ele><time>2026-04-12T15:45:10Z</time></rtept><rtept lat="37.605365" lon="-107.140377"><ele>3635.4</ele><time>2026-04-12T15:45:10Z</time></rtept><rtept lat="37.605333" lon="-107.140364"><ele>3635.4</ele><time>2026-04-12T15:45:10Z</time></rtept><rtept lat="37.605284" lon="-107.140325"><ele>3636.4</ele><time>2026-04-12T15:45:10Z</time></rtept><rtept lat="37.605231" lon="-107.140322"><ele>3637.0</ele><time>2026-04-12T15:45:10Z</time></rtept><rtept lat="37.605174" lon="-107.140332"><ele>3637.0</ele><time>2026-04-12T15:45:10Z</time></rtept><rtept lat="37.604913" lon="-107.140302"><ele>3638.6</ele><time>2026-04-12T15:45:10Z</time></rtept><rtept lat="37.604756" lon="-107.140255"><ele>3637.6</ele><time>2026-04-12T15:45:10Z</time></rtept><rtept lat="37.604711" lon="-107.140254"><ele>3637.0</ele><time>2026-04-12T15:45:10Z</time></rtept><rtept lat="37.60464" lon="-107.140206"><ele>3639.0</ele><time>2026-04-12T15:45:10Z</time></rtept><rtept lat="37.604584" lon="-107.14019"><ele>3639.0</ele><time>2026-04-12T15:45:10Z</time></rtept><rtept lat="37.604483" lon="-107.140152"><ele>3638.0</ele><time>2026-04-12T15:45:10Z</time></rtept><rtept lat="37.604376" lon="-107.140093"><ele>3639.6</ele><time>2026-04-12T15:45:10Z</time></rtept><rtept lat="37.604318" lon="-107.14008"><ele>3639.2</ele><time>2026-04-12T15:45:10Z</time></rtept><rtept lat="37.604231" lon="-107.14002"><ele>3639.8</ele><time>2026-04-12T15:45:10Z</time></rtept><rtept lat="37.604198" lon="-107.14001"><ele>3639.8</ele><time>2026-04-12T15:45:10Z</time></rtept><rtept lat="37.604133" lon="-107.139977"><ele>3638.2</ele><time>2026-04-12T15:45:10Z</time></rtept><rtept lat="37.604102" lon="-107.139965"><ele>3638.2</ele><time>2026-04-12T15:45:10Z</time></rtept><rtept lat="37.604007" lon="-107.139959"><ele>3639.6</ele><time>2026-04-12T15:45:10Z</time></rtept><rtept lat="37.603917" lon="-107.139929"><ele>3639.4</ele><time>2026-04-12T15:45:10Z</time></rtept><rtept lat="37.603848" lon="-107.139895"><ele>3638.6</ele><time>2026-04-12T15:45:10Z</time></rtept><rtept lat="37.603781" lon="-107.139876"><ele>3637.6</ele><time>2026-04-12T15:45:10Z</time></rtept><rtept lat="37.603721" lon="-107.139836"><ele>3639.2</ele><time>2026-04-12T15:45:10Z</time></rtept><rtept lat="37.603549" lon="-107.139749"><ele>3639.2</ele><time>2026-04-12T15:45:10Z</time></rtept><rtept lat="37.603473" lon="-107.139727"><ele>3638.4</ele><time>2026-04-12T15:45:10Z</time></rtept><rtept lat="37.60322" lon="-107.13962"><ele>3639.4</ele><time>2026-04-12T15:45:10Z</time></rtept><rtept lat="37.603117" lon="-107.139585"><ele>3638.8</ele><time>2026-04-12T15:45:10Z</time></rtept><rtept lat="37.603081" lon="-107.139586"><ele>3638.8</ele><time>2026-04-12T15:45:10Z</time></rtept><rtept lat="37.603006" lon="-107.139614"><ele>3639.0</ele><time>2026-04-12T15:45:10Z</time></rtept><rtept lat="37.602966" lon="-107.139606"><ele>3639.0</ele><time>2026-04-12T15:45:10Z</time></rtept><rtept lat="37.602848" lon="-107.139617"><ele>3637.0</ele><time>2026-04-12T15:45:10Z</time></rtept><rtept lat="37.602792" lon="-107.139607"><ele>3639.4</ele><time>2026-04-12T15:45:10Z</time></rtept><rtept lat="37.602741" lon="-107.139579"><ele>3639.4</ele><time>2026-04-12T15:45:10Z</time></rtept><rtept lat="37.602665" lon="-107.139558"><ele>3639.0</ele><time>2026-04-12T15:45:10Z</time></rtept><rtept lat="37.60262" lon="-107.139534"><ele>3639.0</ele><time>2026-04-12T15:45:10Z</time></rtept><rtept lat="37.602561" lon="-107.139548"><ele>3639.4</ele><time>2026-04-12T15:45:10Z</time></rtept><rtept lat="37.602523" lon="-107.139541"><ele>3639.8</ele><time>2026-04-12T15:45:10Z</time></rtept><rtept lat="37.602439" lon="-107.139465"><ele>3643.4</ele><time>2026-04-12T15:45:10Z</time></rtept><rtept lat="37.602386" lon="-107.1394"><ele>3646.8</ele><time>2026-04-12T15:45:10Z</time></rtept><rtept lat="37.602368" lon="-107.13939"><ele>3646.8</ele><time>2026-04-12T15:45:10Z</time></rtept><rtept lat="37.602327" lon="-107.139396"><ele>3647.8</ele><time>2026-04-12T15:45:10Z</time></rtept><rtept lat="37.602298" lon="-107.139376"><ele>3647.8</ele><time>2026-04-12T15:45:10Z</time></rtept><rtept lat="37.602256" lon="-107.139367"><ele>3648.4</ele><time>2026-04-12T15:45:10Z</time></rtept><rtept lat="37.602213" lon="-107.13934"><ele>3649.6</ele><time>2026-04-12T15:45:10Z</time></rtept><rtept lat="37.602181" lon="-107.139296"><ele>3650.0</ele><time>2026-04-12T15:45:10Z</time></rtept><rtept lat="37.602156" lon="-107.139286"><ele>3650.0</ele><time>2026-04-12T15:45:10Z</time></rtept><rtept lat="37.602141" lon="-107.139262"><ele>3650.0</ele><time>2026-04-12T15:45:10Z</time></rtept><rtept lat="37.602121" lon="-107.13925"><ele>3650.4</ele><time>2026-04-12T15:45:10Z</time></rtept><rtept lat="37.602094" lon="-107.139248"><ele>3650.4</ele><time>2026-04-12T15:45:10Z</time></rtept><rtept lat="37.602058" lon="-107.139215"><ele>3649.8</ele><time>2026-04-12T15:45:10Z</time></rtept><rtept lat="37.601935" lon="-107.139158"><ele>3649.4</ele><time>2026-04-12T15:45:10Z</time></rtept><rtept lat="37.601911" lon="-107.139135"><ele>3648.6</ele><time>2026-04-12T15:45:10Z</time></rtept><rtept lat="37.601821" lon="-107.139024"><ele>3648.0</ele><time>2026-04-12T15:45:10Z</time></rtept><rtept lat="37.601756" lon="-107.138858"><ele>3648.2</ele><time>2026-04-12T15:45:10Z</time></rtept><rtept lat="37.601694" lon="-107.138776"><ele>3647.2</ele><time>2026-04-12T15:45:10Z</time></rtept><rtept lat="37.601624" lon="-107.138659"><ele>3646.8</ele><time>2026-04-12T15:45:10Z</time></rtept><rtept lat="37.60158" lon="-107.138605"><ele>3644.8</ele><time>2026-04-12T15:45:10Z</time></rtept><rtept lat="37.601543" lon="-107.138541"><ele>3645.0</ele><time>2026-04-12T15:45:10Z</time></rtept><rtept lat="37.60147" lon="-107.138354"><ele>3642.8</ele><time>2026-04-12T15:45:10Z</time></rtept><rtept lat="37.601339" lon="-107.138149"><ele>3640.8</ele><time>2026-04-12T15:45:10Z</time></rtept><rtept lat="37.601317" lon="-107.13808"><ele>3640.8</ele><time>2026-04-12T15:45:10Z</time></rtept><rtept lat="37.601267" lon="-107.137968"><ele>3641.4</ele><time>2026-04-12T15:45:10Z</time></rtept><rtept lat="37.601226" lon="-107.137901"><ele>3641.6</ele><time>2026-04-12T15:45:10Z</time></rtept><rtept lat="37.601209" lon="-107.137809"><ele>3644.0</ele><time>2026-04-12T15:45:10Z</time></rtept><rtept lat="37.601115" lon="-107.137695"><ele>3646.2</ele><time>2026-04-12T15:45:10Z</time></rtept><rtept lat="37.60105" lon="-107.137553"><ele>3649.6</ele><time>2026-04-12T15:45:10Z</time></rtept><rtept lat="37.601079" lon="-107.13758"><ele>3648.2</ele><time>2026-04-12T15:45:10Z</time></rtept><rtept lat="37.601032" lon="-107.137512"><ele>3650.4</ele><time>2026-04-12T15:45:10Z</time></rtept><rtept lat="37.601017" lon="-107.137474"><ele>3650.4</ele><time>2026-04-12T15:45:10Z</time></rtept><rtept lat="37.601009" lon="-107.13742"><ele>3652.4</ele><time>2026-04-12T15:45:10Z</time></rtept><rtept lat="37.600926" lon="-107.137295"><ele>3658.0</ele><time>2026-04-12T15:45:10Z</time></rtept><rtept lat="37.60083" lon="-107.137104"><ele>3664.6</ele><time>2026-04-12T15:45:10Z</time></rtept><rtept lat="37.600809" lon="-107.136934"><ele>3669.0</ele><time>2026-04-12T15:45:10Z</time></rtept><rtept lat="37.600809" lon="-107.136901"><ele>3669.0</ele><time>2026-04-12T15:45:10Z</time></rtept><rtept lat="37.60084" lon="-107.136542"><ele>3674.4</ele><time>2026-04-12T15:45:10Z</time></rtept><rtept lat="37.60084" lon="-107.13646"><ele>3675.0</ele><time>2026-04-12T15:45:10Z</time></rtept><rtept lat="37.600858" lon="-107.136335"><ele>3675.8</ele><time>2026-04-12T15:45:10Z</time></rtept><rtept lat="37.600865" lon="-107.136076"><ele>3676.0</ele><time>2026-04-12T15:45:10Z</time></rtept><rtept lat="37.600892" lon="-107.135826"><ele>3675.8</ele><time>2026-04-12T15:45:10Z</time></rtept><rtept lat="37.600922" lon="-107.135658"><ele>3675.4</ele><time>2026-04-12T15:45:10Z</time></rtept><rtept lat="37.600958" lon="-107.135552"><ele>3674.8</ele><time>2026-04-12T15:45:10Z</time></rtept><rtept lat="37.60103" lon="-107.135406"><ele>3674.2</ele><time>2026-04-12T15:45:10Z</time></rtept><rtept lat="37.601174" lon="-107.135171"><ele>3674.0</ele><time>2026-04-12T15:45:10Z</time></rtept><rtept lat="37.60128" lon="-107.135057"><ele>3673.6</ele><time>2026-04-12T15:45:10Z</time></rtept><rtept lat="37.601392" lon="-107.134955"><ele>3673.8</ele><time>2026-04-12T15:45:10Z</time></rtept><rtept lat="37.601428" lon="-107.134941"><ele>3673.8</ele><time>2026-04-12T15:45:10Z</time></rtept><rtept lat="37.601481" lon="-107.1349"><ele>3674.2</ele><time>2026-04-12T15:45:10Z</time></rtept><rtept lat="37.601578" lon="-107.134855"><ele>3673.8</ele><time>2026-04-12T15:45:10Z</time></rtept><rtept lat="37.601679" lon="-107.134747"><ele>3673.6</ele><time>2026-04-12T15:45:10Z</time></rtept><rtept lat="37.601814" lon="-107.134641"><ele>3673.6</ele><time>2026-04-12T15:45:10Z</time></rtept><rtept lat="37.601934" lon="-107.134519"><ele>3672.0</ele><time>2026-04-12T15:45:10Z</time></rtept><rtept lat="37.601948" lon="-107.134491"><ele>3672.0</ele><time>2026-04-12T15:45:10Z</time></rtept><rtept lat="37.602085" lon="-107.134381"><ele>3670.2</ele><time>2026-04-12T15:45:10Z</time></rtept><rtept lat="37.602221" lon="-107.134225"><ele>3666.0</ele><time>2026-04-12T15:45:10Z</time></rtept><rtept lat="37.602259" lon="-107.134197"><ele>3664.8</ele><time>2026-04-12T15:45:10Z</time></rtept><rtept lat="37.602292" lon="-107.134136"><ele>3664.4</ele><time>2026-04-12T15:45:10Z</time></rtept><rtept lat="37.60234" lon="-107.134086"><ele>3663.2</ele><time>2026-04-12T15:45:10Z</time></rtept><rtept lat="37.602359" lon="-107.134056"><ele>3663.2</ele><time>2026-04-12T15:45:10Z</time></rtept><rtept lat="37.602407" lon="-107.133908"><ele>3661.2</ele><time>2026-04-12T15:45:10Z</time></rtept><rtept lat="37.602463" lon="-107.1338"><ele>3659.8</ele><time>2026-04-12T15:45:10Z</time></rtept><rtept lat="37.602477" lon="-107.133759"><ele>3658.4</ele><time>2026-04-12T15:45:10Z</time></rtept><rtept lat="37.602497" lon="-107.133666"><ele>3657.2</ele><time>2026-04-12T15:45:10Z</time></rtept><rtept lat="37.602497" lon="-107.13362"><ele>3657.2</ele><time>2026-04-12T15:45:10Z</time></rtept><rtept lat="37.602489" lon="-107.133568"><ele>3656.0</ele><time>2026-04-12T15:45:10Z</time></rtept><rtept lat="37.602538" lon="-107.133386"><ele>3654.2</ele><time>2026-04-12T15:45:10Z</time></rtept><rtept lat="37.602553" lon="-107.13331"><ele>3653.2</ele><time>2026-04-12T15:45:10Z</time></rtept><rtept lat="37.602598" lon="-107.133173"><ele>3651.4</ele><time>2026-04-12T15:45:10Z</time></rtept><rtept lat="37.602708" lon="-107.132667"><ele>3646.4</ele><time>2026-04-12T15:45:10Z</time></rtept><rtept lat="37.602755" lon="-107.132486"><ele>3643.2</ele><time>2026-04-12T15:45:10Z</time></rtept><rtept lat="37.602771" lon="-107.132337"><ele>3642.4</ele><time>2026-04-12T15:45:10Z</time></rtept><rtept lat="37.602814" lon="-107.132045"><ele>3639.8</ele><time>2026-04-12T15:45:10Z</time></rtept><rtept lat="37.602825" lon="-107.131949"><ele>3639.6</ele><time>2026-04-12T15:45:10Z</time></rtept><rtept lat="37.602838" lon="-107.131594"><ele>3639.8</ele><time>2026-04-12T15:45:10Z</time></rtept><rtept lat="37.602846" lon="-107.131549"><ele>3639.8</ele><time>2026-04-12T15:45:10Z</time></rtept><rtept lat="37.602841" lon="-107.131463"><ele>3639.8</ele><time>2026-04-12T15:45:10Z</time></rtept><rtept lat="37.602863" lon="-107.131226"><ele>3639.2</ele><time>2026-04-12T15:45:10Z</time></rtept><rtept lat="37.602861" lon="-107.13098"><ele>3638.8</ele><time>2026-04-12T15:45:10Z</time></rtept><rtept lat="37.602846" lon="-107.130797"><ele>3638.6</ele><time>2026-04-12T15:45:10Z</time></rtept><rtept lat="37.602854" lon="-107.130707"><ele>3638.4</ele><time>2026-04-12T15:45:10Z</time></rtept><rtept lat="37.602848" lon="-107.130568"><ele>3638.4</ele><time>2026-04-12T15:45:10Z</time></rtept><rtept lat="37.602822" lon="-107.130382"><ele>3637.8</ele><time>2026-04-12T15:45:10Z</time></rtept><rtept lat="37.60281" lon="-107.130048"><ele>3633.8</ele><time>2026-04-12T15:45:10Z</time></rtept><rtept lat="37.60278" lon="-107.129822"><ele>3630.0</ele><time>2026-04-12T15:45:10Z</time></rtept><rtept lat="37.602721" lon="-107.129489"><ele>3628.6</ele><time>2026-04-12T15:45:10Z</time></rtept><rtept lat="37.602632" lon="-107.129166"><ele>3630.4</ele><time>2026-04-12T15:45:10Z</time></rtept><rtept lat="37.602591" lon="-107.129077"><ele>3632.2</ele><time>2026-04-12T15:45:10Z</time></rtept><rtept lat="37.602561" lon="-107.128987"><ele>3633.8</ele><time>2026-04-12T15:45:10Z</time></rtept><rtept lat="37.602478" lon="-107.128815"><ele>3636.6</ele><time>2026-04-12T15:45:10Z</time></rtept><rtept lat="37.602425" lon="-107.128643"><ele>3638.2</ele><time>2026-04-12T15:45:10Z</time></rtept><rtept lat="37.602373" lon="-107.128538"><ele>3638.8</ele><time>2026-04-12T15:45:10Z</time></rtept><rtept lat="37.602315" lon="-107.128496"><ele>3637.4</ele><time>2026-04-12T15:45:10Z</time></rtept><rtept lat="37.602318" lon="-107.128469"><ele>3637.4</ele><time>2026-04-12T15:45:10Z</time></rtept><rtept lat="37.602327" lon="-107.128439"><ele>3636.6</ele><time>2026-04-12T15:45:10Z</time></rtept><rtept lat="37.602383" lon="-107.128351"><ele>3635.6</ele><time>2026-04-12T15:45:10Z</time></rtept><rtept lat="37.602491" lon="-107.128236"><ele>3633.0</ele><time>2026-04-12T15:45:10Z</time></rtept><rtept lat="37.602732" lon="-107.128128"><ele>3622.6</ele><time>2026-04-12T15:45:10Z</time></rtept><rtept lat="37.602875" lon="-107.127961"><ele>3613.4</ele><time>2026-04-12T15:45:10Z</time></rtept><rtept lat="37.602958" lon="-107.127821"><ele>3607.4</ele><time>2026-04-12T15:45:10Z</time></rtept><rtept lat="37.603053" lon="-107.127707"><ele>3604.8</ele><time>2026-04-12T15:45:10Z</time></rtept><rtept lat="37.603138" lon="-107.127591"><ele>3602.2</ele><time>2026-04-12T15:45:10Z</time></rtept><rtept lat="37.603169" lon="-107.127494"><ele>3601.2</ele><time>2026-04-12T15:45:10Z</time></rtept><rtept lat="37.603206" lon="-107.127306"><ele>3601.4</ele><time>2026-04-12T15:45:10Z</time></rtept><rtept lat="37.603256" lon="-107.127167"><ele>3600.0</ele><time>2026-04-12T15:45:10Z</time></rtept><rtept lat="37.603312" lon="-107.127054"><ele>3599.0</ele><time>2026-04-12T15:45:10Z</time></rtept><rtept lat="37.603336" lon="-107.126974"><ele>3597.4</ele><time>2026-04-12T15:45:10Z</time></rtept><rtept lat="37.603371" lon="-107.126899"><ele>3596.4</ele><time>2026-04-12T15:45:10Z</time></rtept><rtept lat="37.603383" lon="-107.126859"><ele>3596.4</ele><time>2026-04-12T15:45:10Z</time></rtept><rtept lat="37.603486" lon="-107.126651"><ele>3594.2</ele><time>2026-04-12T15:45:10Z</time></rtept><rtept lat="37.6035" lon="-107.126617"><ele>3596.0</ele><time>2026-04-12T15:45:10Z</time></rtept><rtept lat="37.603508" lon="-107.126575"><ele>3596.0</ele><time>2026-04-12T15:45:10Z</time></rtept><rtept lat="37.603545" lon="-107.126499"><ele>3596.8</ele><time>2026-04-12T15:45:10Z</time></rtept><rtept lat="37.603626" lon="-107.126285"><ele>3598.2</ele><time>2026-04-12T15:45:10Z</time></rtept><rtept lat="37.603665" lon="-107.126221"><ele>3595.8</ele><time>2026-04-12T15:45:10Z</time></rtept><rtept lat="37.603673" lon="-107.126188"><ele>3595.8</ele><time>2026-04-12T15:45:10Z</time></rtept><rtept lat="37.603727" lon="-107.126069"><ele>3591.6</ele><time>2026-04-12T15:45:10Z</time></rtept><rtept lat="37.603829" lon="-107.12575"><ele>3583.2</ele><time>2026-04-12T15:45:10Z</time></rtept><rtept lat="37.603857" lon="-107.125695"><ele>3581.6</ele><time>2026-04-12T15:45:10Z</time></rtept><rtept lat="37.603865" lon="-107.125664"><ele>3581.6</ele><time>2026-04-12T15:45:10Z</time></rtept><rtept lat="37.603946" lon="-107.125543"><ele>3580.6</ele><time>2026-04-12T15:45:10Z</time></rtept><rtept lat="37.603958" lon="-107.125495"><ele>3579.8</ele><time>2026-04-12T15:45:10Z</time></rtept><rtept lat="37.603959" lon="-107.125429"><ele>3579.4</ele><time>2026-04-12T15:45:10Z</time></rtept><rtept lat="37.604033" lon="-107.125214"><ele>3577.8</ele><time>2026-04-12T15:45:10Z</time></rtept><rtept lat="37.604045" lon="-107.125131"><ele>3577.6</ele><time>2026-04-12T15:45:10Z</time></rtept><rtept lat="37.604044" lon="-107.125087"><ele>3577.4</ele><time>2026-04-12T15:45:10Z</time></rtept><rtept lat="37.604058" lon="-107.125046"><ele>3577.4</ele><time>2026-04-12T15:45:10Z</time></rtept><rtept lat="37.604098" lon="-107.12494"><ele>3577.6</ele><time>2026-04-12T15:45:10Z</time></rtept><rtept lat="37.604104" lon="-107.124858"><ele>3576.8</ele><time>2026-04-12T15:45:10Z</time></rtept><rtept lat="37.604097" lon="-107.124658"><ele>3577.2</ele><time>2026-04-12T15:45:10Z</time></rtept><rtept lat="37.604107" lon="-107.12461"><ele>3577.4</ele><time>2026-04-12T15:45:10Z</time></rtept><rtept lat="37.604193" lon="-107.124461"><ele>3578.4</ele><time>2026-04-12T15:45:10Z</time></rtept><rtept lat="37.604213" lon="-107.124436"><ele>3578.4</ele><time>2026-04-12T15:45:10Z</time></rtept><rtept lat="37.604221" lon="-107.124401"><ele>3579.6</ele><time>2026-04-12T15:45:10Z</time></rtept><rtept lat="37.604222" lon="-107.124323"><ele>3581.0</ele><time>2026-04-12T15:45:10Z</time></rtept><rtept lat="37.604229" lon="-107.124284"><ele>3581.0</ele><time>2026-04-12T15:45:10Z</time></rtept><rtept lat="37.604275" lon="-107.124153"><ele>3585.2</ele><time>2026-04-12T15:45:10Z</time></rtept><rtept lat="37.604319" lon="-107.123963"><ele>3589.2</ele><time>2026-04-12T15:45:10Z</time></rtept><rtept lat="37.604319" lon="-107.12384"><ele>3589.8</ele><time>2026-04-12T15:45:10Z</time></rtept><rtept lat="37.604353" lon="-107.123678"><ele>3590.2</ele><time>2026-04-12T15:45:10Z</time></rtept><rtept lat="37.604382" lon="-107.123471"><ele>3591.0</ele><time>2026-04-12T15:45:10Z</time></rtept><rtept lat="37.604416" lon="-107.123297"><ele>3591.8</ele><time>2026-04-12T15:45:10Z</time></rtept><rtept lat="37.604419" lon="-107.123251"><ele>3591.8</ele><time>2026-04-12T15:45:10Z</time></rtept><rtept lat="37.60441" lon="-107.123155"><ele>3592.6</ele><time>2026-04-12T15:45:10Z</time></rtept><rtept lat="37.604412" lon="-107.123021"><ele>3595.2</ele><time>2026-04-12T15:45:10Z</time></rtept><rtept lat="37.604399" lon="-107.122895"><ele>3596.4</ele><time>2026-04-12T15:45:10Z</time></rtept><rtept lat="37.604365" lon="-107.122759"><ele>3597.6</ele><time>2026-04-12T15:45:10Z</time></rtept><rtept lat="37.604318" lon="-107.122632"><ele>3599.8</ele><time>2026-04-12T15:45:10Z</time></rtept><rtept lat="37.604261" lon="-107.122513"><ele>3602.8</ele><time>2026-04-12T15:45:10Z</time></rtept><rtept lat="37.604235" lon="-107.12247"><ele>3600.0</ele><time>2026-04-12T15:45:10Z</time></rtept><rtept lat="37.604205" lon="-107.122393"><ele>3603.0</ele><time>2026-04-12T15:45:10Z</time></rtept><rtept lat="37.604192" lon="-107.122252"><ele>3608.8</ele><time>2026-04-12T15:45:10Z</time></rtept><rtept lat="37.604193" lon="-107.122207"><ele>3608.8</ele><time>2026-04-12T15:45:10Z</time></rtept><rtept lat="37.604207" lon="-107.122182"><ele>3611.2</ele><time>2026-04-12T15:45:10Z</time></rtept><rtept lat="37.604238" lon="-107.122181"><ele>3613.0</ele><time>2026-04-12T15:45:10Z</time></rtept><rtept lat="37.604261" lon="-107.122169"><ele>3613.0</ele><time>2026-04-12T15:45:10Z</time></rtept><rtept lat="37.604268" lon="-107.122137"><ele>3613.0</ele><time>2026-04-12T15:45:10Z</time></rtept><rtept lat="37.604262" lon="-107.122105"><ele>3614.6</ele><time>2026-04-12T15:45:10Z</time></rtept><rtept lat="37.604281" lon="-107.122083"><ele>3614.6</ele><time>2026-04-12T15:45:10Z</time></rtept><rtept lat="37.604328" lon="-107.122064"><ele>3615.6</ele><time>2026-04-12T15:45:10Z</time></rtept><rtept lat="37.604346" lon="-107.122044"><ele>3615.6</ele><time>2026-04-12T15:45:10Z</time></rtept><rtept lat="37.604356" lon="-107.122017"><ele>3616.2</ele><time>2026-04-12T15:45:10Z</time></rtept><rtept lat="37.604352" lon="-107.121989"><ele>3616.2</ele><time>2026-04-12T15:45:10Z</time></rtept><rtept lat="37.6043" lon="-107.121862"><ele>3616.6</ele><time>2026-04-12T15:45:10Z</time></rtept><rtept lat="37.604202" lon="-107.121684"><ele>3619.0</ele><time>2026-04-12T15:45:10Z</time></rtept><rtept lat="37.604092" lon="-107.121436"><ele>3623.2</ele><time>2026-04-12T15:45:10Z</time></rtept><rtept lat="37.604037" lon="-107.12133"><ele>3625.0</ele><time>2026-04-12T15:45:10Z</time></rtept><rtept lat="37.603959" lon="-107.121138"><ele>3626.2</ele><time>2026-04-12T15:45:10Z</time></rtept><rtept lat="37.603886" lon="-107.12099"><ele>3626.8</ele><time>2026-04-12T15:45:10Z</time></rtept><rtept lat="37.603847" lon="-107.120867"><ele>3626.6</ele><time>2026-04-12T15:45:10Z</time></rtept><rtept lat="37.603721" lon="-107.120602"><ele>3627.6</ele><time>2026-04-12T15:45:10Z</time></rtept><rtept lat="37.603668" lon="-107.120436"><ele>3627.4</ele><time>2026-04-12T15:45:10Z</time></rtept><rtept lat="37.603648" lon="-107.1203"><ele>3627.4</ele><time>2026-04-12T15:45:10Z</time></rtept><rtept lat="37.603663" lon="-107.120077"><ele>3628.0</ele><time>2026-04-12T15:45:10Z</time></rtept><rtept lat="37.603662" lon="-107.120033"><ele>3627.8</ele><time>2026-04-12T15:45:10Z</time></rtept><rtept lat="37.603645" lon="-107.119948"><ele>3627.6</ele><time>2026-04-12T15:45:10Z</time></rtept><rtept lat="37.603644" lon="-107.119862"><ele>3627.4</ele><time>2026-04-12T15:45:10Z</time></rtept><rtept lat="37.603655" lon="-107.11977"><ele>3627.4</ele><time>2026-04-12T15:45:10Z</time></rtept><rtept lat="37.603665" lon="-107.119732"><ele>3627.4</ele><time>2026-04-12T15:45:10Z</time></rtept><rtept lat="37.603666" lon="-107.11969"><ele>3627.4</ele><time>2026-04-12T15:45:10Z</time></rtept><rtept lat="37.603678" lon="-107.119651"><ele>3627.4</ele><time>2026-04-12T15:45:10Z</time></rtept><rtept lat="37.603678" lon="-107.119621"><ele>3627.4</ele><time>2026-04-12T15:45:10Z</time></rtept><rtept lat="37.603705" lon="-107.1195"><ele>3626.8</ele><time>2026-04-12T15:45:10Z</time></rtept><rtept lat="37.603745" lon="-107.119409"><ele>3626.8</ele><time>2026-04-12T15:45:10Z</time></rtept><rtept lat="37.603784" lon="-107.11935"><ele>3625.8</ele><time>2026-04-12T15:45:10Z</time></rtept><rtept lat="37.603801" lon="-107.11928"><ele>3625.8</ele><time>2026-04-12T15:45:10Z</time></rtept><rtept lat="37.603817" lon="-107.119168"><ele>3625.6</ele><time>2026-04-12T15:45:10Z</time></rtept><rtept lat="37.603844" lon="-107.119037"><ele>3623.0</ele><time>2026-04-12T15:45:10Z</time></rtept><rtept lat="37.603863" lon="-107.119"><ele>3621.8</ele><time>2026-04-12T15:45:10Z</time></rtept><rtept lat="37.603896" lon="-107.118886"><ele>3620.2</ele><time>2026-04-12T15:45:10Z</time></rtept><rtept lat="37.603941" lon="-107.118673"><ele>3615.0</ele><time>2026-04-12T15:45:10Z</time></rtept><rtept lat="37.60395" lon="-107.118543"><ele>3614.0</ele><time>2026-04-12T15:45:10Z</time></rtept><rtept lat="37.603981" lon="-107.118335"><ele>3607.0</ele><time>2026-04-12T15:45:10Z</time></rtept><rtept lat="37.60398" lon="-107.118253"><ele>3605.2</ele><time>2026-04-12T15:45:10Z</time></rtept><rtept lat="37.604024" lon="-107.118075"><ele>3603.0</ele><time>2026-04-12T15:45:10Z</time></rtept><rtept lat="37.604023" lon="-107.117971"><ele>3601.8</ele><time>2026-04-12T15:45:10Z</time></rtept><rtept lat="37.604048" lon="-107.117854"><ele>3599.8</ele><time>2026-04-12T15:45:10Z</time></rtept><rtept lat="37.604058" lon="-107.11777"><ele>3599.6</ele><time>2026-04-12T15:45:10Z</time></rtept><rtept lat="37.604062" lon="-107.117728"><ele>3599.4</ele><time>2026-04-12T15:45:10Z</time></rtept><rtept lat="37.604054" lon="-107.117649"><ele>3599.4</ele><time>2026-04-12T15:45:10Z</time></rtept><rtept lat="37.604068" lon="-107.117471"><ele>3598.4</ele><time>2026-04-12T15:45:10Z</time></rtept><rtept lat="37.604121" lon="-107.117181"><ele>3595.6</ele><time>2026-04-12T15:45:10Z</time></rtept><rtept lat="37.604182" lon="-107.117008"><ele>3597.0</ele><time>2026-04-12T15:45:10Z</time></rtept><rtept lat="37.604255" lon="-107.116734"><ele>3601.0</ele><time>2026-04-12T15:45:10Z</time></rtept><rtept lat="37.604331" lon="-107.116521"><ele>3601.6</ele><time>2026-04-12T15:45:10Z</time></rtept><rtept lat="37.604406" lon="-107.116365"><ele>3601.6</ele><time>2026-04-12T15:45:10Z</time></rtept><rtept lat="37.60445" lon="-107.116288"><ele>3601.4</ele><time>2026-04-12T15:45:10Z</time></rtept><rtept lat="37.604494" lon="-107.116228"><ele>3601.2</ele><time>2026-04-12T15:45:10Z</time></rtept><rtept lat="37.604536" lon="-107.116144"><ele>3601.2</ele><time>2026-04-12T15:45:10Z</time></rtept><rtept lat="37.60457" lon="-107.116097"><ele>3600.6</ele><time>2026-04-12T15:45:10Z</time></rtept><rtept lat="37.604615" lon="-107.116014"><ele>3600.6</ele><time>2026-04-12T15:45:10Z</time></rtept><rtept lat="37.604659" lon="-107.115954"><ele>3599.8</ele><time>2026-04-12T15:45:10Z</time></rtept><rtept lat="37.604684" lon="-107.11593"><ele>3599.8</ele><time>2026-04-12T15:45:10Z</time></rtept><rtept lat="37.604709" lon="-107.115925"><ele>3599.2</ele><time>2026-04-12T15:45:10Z</time></rtept><rtept lat="37.604763" lon="-107.115891"><ele>3597.4</ele><time>2026-04-12T15:45:10Z</time></rtept><rtept lat="37.604819" lon="-107.115812"><ele>3595.4</ele><time>2026-04-12T15:45:10Z</time></rtept><rtept lat="37.604855" lon="-107.115794"><ele>3593.0</ele><time>2026-04-12T15:45:10Z</time></rtept><rtept lat="37.604899" lon="-107.115762"><ele>3593.0</ele><time>2026-04-12T15:45:10Z</time></rtept><rtept lat="37.604919" lon="-107.11573"><ele>3591.6</ele><time>2026-04-12T15:45:10Z</time></rtept><rtept lat="37.604927" lon="-107.115693"><ele>3591.6</ele><time>2026-04-12T15:45:10Z</time></rtept><rtept lat="37.604978" lon="-107.115633"><ele>3591.2</ele><time>2026-04-12T15:45:10Z</time></rtept><rtept lat="37.605014" lon="-107.115609"><ele>3590.6</ele><time>2026-04-12T15:45:10Z</time></rtept><rtept lat="37.605037" lon="-107.115576"><ele>3590.4</ele><time>2026-04-12T15:45:10Z</time></rtept><rtept lat="37.605045" lon="-107.115545"><ele>3590.4</ele><time>2026-04-12T15:45:10Z</time></rtept><rtept lat="37.605065" lon="-107.115519"><ele>3590.2</ele><time>2026-04-12T15:45:10Z</time></rtept><rtept lat="37.605087" lon="-107.115457"><ele>3590.0</ele><time>2026-04-12T15:45:10Z</time></rtept><rtept lat="37.605132" lon="-107.115419"><ele>3589.8</ele><time>2026-04-12T15:45:10Z</time></rtept><rtept lat="37.605142" lon="-107.115396"><ele>3589.6</ele><time>2026-04-12T15:45:10Z</time></rtept><rtept lat="37.605272" lon="-107.115282"><ele>3589.6</ele><time>2026-04-12T15:45:10Z</time></rtept><rtept lat="37.605374" lon="-107.115168"><ele>3589.8</ele><time>2026-04-12T15:45:10Z</time></rtept><rtept lat="37.605512" lon="-107.115083"><ele>3590.4</ele><time>2026-04-12T15:45:10Z</time></rtept><rtept lat="37.605579" lon="-107.115028"><ele>3590.8</ele><time>2026-04-12T15:45:10Z</time></rtept><rtept lat="37.605593" lon="-107.114998"><ele>3590.8</ele><time>2026-04-12T15:45:10Z</time></rtept><rtept lat="37.605658" lon="-107.114908"><ele>3591.0</ele><time>2026-04-12T15:45:10Z</time></rtept><rtept lat="37.605826" lon="-107.114708"><ele>3591.4</ele><time>2026-04-12T15:45:10Z</time></rtept><rtept lat="37.605893" lon="-107.114574"><ele>3591.0</ele><time>2026-04-12T15:45:10Z</time></rtept><rtept lat="37.605896" lon="-107.114533"><ele>3590.4</ele><time>2026-04-12T15:45:10Z</time></rtept><rtept lat="37.605931" lon="-107.114493"><ele>3590.4</ele><time>2026-04-12T15:45:10Z</time></rtept><rtept lat="37.605973" lon="-107.114403"><ele>3590.0</ele><time>2026-04-12T15:45:10Z</time></rtept><rtept lat="37.606039" lon="-107.114347"><ele>3589.2</ele><time>2026-04-12T15:45:10Z</time></rtept><rtept lat="37.606108" lon="-107.1143"><ele>3590.2</ele><time>2026-04-12T15:45:10Z</time></rtept><rtept lat="37.606128" lon="-107.114305"><ele>3590.2</ele><time>2026-04-12T15:45:10Z</time></rtept><rtept lat="37.606333" lon="-107.114165"><ele>3589.2</ele><time>2026-04-12T15:45:10Z</time></rtept><rtept lat="37.606412" lon="-107.114145"><ele>3589.8</ele><time>2026-04-12T15:45:10Z</time></rtept><rtept lat="37.606515" lon="-107.114058"><ele>3590.2</ele><time>2026-04-12T15:45:10Z</time></rtept><rtept lat="37.606547" lon="-107.114038"><ele>3588.8</ele><time>2026-04-12T15:45:10Z</time></rtept><rtept lat="37.606574" lon="-107.11403"><ele>3589.4</ele><time>2026-04-12T15:45:10Z</time></rtept><rtept lat="37.606645" lon="-107.113975"><ele>3590.0</ele><time>2026-04-12T15:45:10Z</time></rtept><rtept lat="37.6067" lon="-107.113951"><ele>3589.8</ele><time>2026-04-12T15:45:10Z</time></rtept><rtept lat="37.606791" lon="-107.11387"><ele>3590.0</ele><time>2026-04-12T15:45:10Z</time></rtept><rtept lat="37.606863" lon="-107.113777"><ele>3588.8</ele><time>2026-04-12T15:45:10Z</time></rtept><rtept lat="37.606913" lon="-107.113756"><ele>3589.6</ele><time>2026-04-12T15:45:10Z</time></rtept><rtept lat="37.606927" lon="-107.11361"><ele>3588.4</ele><time>2026-04-12T15:45:10Z</time></rtept><rtept lat="37.606959" lon="-107.113542"><ele>3588.2</ele><time>2026-04-12T15:45:10Z</time></rtept><rtept lat="37.607035" lon="-107.113491"><ele>3587.8</ele><time>2026-04-12T15:45:10Z</time></rtept><rtept lat="37.607076" lon="-107.113475"><ele>3587.8</ele><time>2026-04-12T15:45:10Z</time></rtept><rtept lat="37.607107" lon="-107.113478"><ele>3588.8</ele><time>2026-04-12T15:45:10Z</time></rtept><rtept lat="37.607192" lon="-107.113405"><ele>3588.8</ele><time>2026-04-12T15:45:10Z</time></rtept><rtept lat="37.607214" lon="-107.1134"><ele>3588.8</ele><time>2026-04-12T15:45:10Z</time></rtept><rtept lat="37.60725" lon="-107.113315"><ele>3588.8</ele><time>2026-04-12T15:45:10Z</time></rtept><rtept lat="37.607289" lon="-107.113249"><ele>3587.6</ele><time>2026-04-12T15:45:10Z</time></rtept><rtept lat="37.60734" lon="-107.113177"><ele>3587.6</ele><time>2026-04-12T15:45:10Z</time></rtept><rtept lat="37.607409" lon="-107.113104"><ele>3588.4</ele><time>2026-04-12T15:45:10Z</time></rtept><rtept lat="37.607451" lon="-107.113023"><ele>3588.8</ele><time>2026-04-12T15:45:10Z</time></rtept><rtept lat="37.607534" lon="-107.112905"><ele>3588.6</ele><time>2026-04-12T15:45:10Z</time></rtept><rtept lat="37.607625" lon="-107.112737"><ele>3589.4</ele><time>2026-04-12T15:45:10Z</time></rtept><rtept lat="37.607838" lon="-107.112415"><ele>3596.2</ele><time>2026-04-12T15:45:10Z</time></rtept><rtept lat="37.607882" lon="-107.112359"><ele>3598.4</ele><time>2026-04-12T15:45:10Z</time></rtept><rtept lat="37.607925" lon="-107.11232"><ele>3600.6</ele><time>2026-04-12T15:45:10Z</time></rtept><rtept lat="37.607946" lon="-107.112311"><ele>3600.6</ele><time>2026-04-12T15:45:10Z</time></rtept><rtept lat="37.608017" lon="-107.112221"><ele>3602.2</ele><time>2026-04-12T15:45:10Z</time></rtept><rtept lat="37.608085" lon="-107.112079"><ele>3603.6</ele><time>2026-04-12T15:45:10Z</time></rtept><rtept lat="37.608138" lon="-107.111998"><ele>3606.2</ele><time>2026-04-12T15:45:10Z</time></rtept><rtept lat="37.60814" lon="-107.111907"><ele>3607.0</ele><time>2026-04-12T15:45:10Z</time></rtept><rtept lat="37.608134" lon="-107.111841"><ele>3607.6</ele><time>2026-04-12T15:45:10Z</time></rtept><rtept lat="37.608107" lon="-107.11175"><ele>3606.2</ele><time>2026-04-12T15:45:10Z</time></rtept><rtept lat="37.608126" lon="-107.111701"><ele>3607.8</ele><time>2026-04-12T15:45:10Z</time></rtept><rtept lat="37.608067" lon="-107.111599"><ele>3606.2</ele><time>2026-04-12T15:45:10Z</time></rtept><rtept lat="37.608075" lon="-107.111512"><ele>3606.2</ele><time>2026-04-12T15:45:10Z</time></rtept><rtept lat="37.608097" lon="-107.111413"><ele>3605.8</ele><time>2026-04-12T15:45:10Z</time></rtept><rtept lat="37.608066" lon="-107.111257"><ele>3605.0</ele><time>2026-04-12T15:45:10Z</time></rtept><rtept lat="37.608087" lon="-107.11121"><ele>3605.0</ele><time>2026-04-12T15:45:10Z</time></rtept><rtept lat="37.608099" lon="-107.111157"><ele>3604.4</ele><time>2026-04-12T15:45:10Z</time></rtept><rtept lat="37.60807" lon="-107.111026"><ele>3602.8</ele><time>2026-04-12T15:45:10Z</time></rtept><rtept lat="37.608049" lon="-107.110972"><ele>3602.8</ele><time>2026-04-12T15:45:10Z</time></rtept><rtept lat="37.608018" lon="-107.110808"><ele>3601.6</ele><time>2026-04-12T15:45:10Z</time></rtept><rtept lat="37.607925" lon="-107.110683"><ele>3600.6</ele><time>2026-04-12T15:45:10Z</time></rtept><rtept lat="37.607928" lon="-107.110661"><ele>3600.6</ele><time>2026-04-12T15:45:10Z</time></rtept><rtept lat="37.607881" lon="-107.110649"><ele>3600.6</ele><time>2026-04-12T15:45:10Z</time></rtept><rtept lat="37.607833" lon="-107.110552"><ele>3598.8</ele><time>2026-04-12T15:45:10Z</time></rtept><rtept lat="37.607827" lon="-107.11052"><ele>3598.8</ele><time>2026-04-12T15:45:10Z</time></rtept><rtept lat="37.60761" lon="-107.110161"><ele>3586.0</ele><time>2026-04-12T15:45:10Z</time></rtept><rtept lat="37.60759" lon="-107.110138"><ele>3586.0</ele><time>2026-04-12T15:45:10Z</time></rtept><rtept lat="37.607563" lon="-107.110059"><ele>3583.6</ele><time>2026-04-12T15:45:10Z</time></rtept><rtept lat="37.607519" lon="-107.109962"><ele>3583.0</ele><time>2026-04-12T15:45:10Z</time></rtept><rtept lat="37.607499" lon="-107.109935"><ele>3580.8</ele><time>2026-04-12T15:45:10Z</time></rtept><rtept lat="37.607471" lon="-107.109865"><ele>3580.4</ele><time>2026-04-12T15:45:10Z</time></rtept><rtept lat="37.607445" lon="-107.109823"><ele>3579.8</ele><time>2026-04-12T15:45:10Z</time></rtept><rtept lat="37.607433" lon="-107.109753"><ele>3579.8</ele><time>2026-04-12T15:45:10Z</time></rtept><rtept lat="37.607409" lon="-107.109723"><ele>3577.8</ele><time>2026-04-12T15:45:10Z</time></rtept><rtept lat="37.607371" lon="-107.109707"><ele>3577.8</ele><time>2026-04-12T15:45:10Z</time></rtept><rtept lat="37.607316" lon="-107.109599"><ele>3576.2</ele><time>2026-04-12T15:45:10Z</time></rtept><rtept lat="37.607248" lon="-107.109532"><ele>3574.2</ele><time>2026-04-12T15:45:10Z</time></rtept><rtept lat="37.60725" lon="-107.109521"><ele>3574.2</ele><time>2026-04-12T15:45:10Z</time></rtept><rtept lat="37.607222" lon="-107.109433"><ele>3572.4</ele><time>2026-04-12T15:45:10Z</time></rtept><rtept lat="37.607205" lon="-107.109394"><ele>3572.4</ele><time>2026-04-12T15:45:10Z</time></rtept><rtept lat="37.60717" lon="-107.109348"><ele>3572.4</ele><time>2026-04-12T15:45:10Z</time></rtept><rtept lat="37.607098" lon="-107.109313"><ele>3570.6</ele><time>2026-04-12T15:45:10Z</time></rtept><rtept lat="37.607039" lon="-107.109244"><ele>3569.0</ele><time>2026-04-12T15:45:10Z</time></rtept><rtept lat="37.607014" lon="-107.109234"><ele>3567.2</ele><time>2026-04-12T15:45:10Z</time></rtept><rtept lat="37.60694" lon="-107.109224"><ele>3565.8</ele><time>2026-04-12T15:45:10Z</time></rtept><rtept lat="37.606853" lon="-107.109189"><ele>3564.2</ele><time>2026-04-12T15:45:10Z</time></rtept><rtept lat="37.606831" lon="-107.109146"><ele>3564.2</ele><time>2026-04-12T15:45:10Z</time></rtept><rtept lat="37.606755" lon="-107.109112"><ele>3562.8</ele><time>2026-04-12T15:45:10Z</time></rtept><rtept lat="37.606745" lon="-107.10906"><ele>3561.4</ele><time>2026-04-12T15:45:10Z</time></rtept><rtept lat="37.606725" lon="-107.109028"><ele>3561.4</ele><time>2026-04-12T15:45:10Z</time></rtept><rtept lat="37.606694" lon="-107.109004"><ele>3561.4</ele><time>2026-04-12T15:45:10Z</time></rtept><rtept lat="37.606672" lon="-107.108977"><ele>3559.8</ele><time>2026-04-12T15:45:10Z</time></rtept><rtept lat="37.606592" lon="-107.108916"><ele>3558.6</ele><time>2026-04-12T15:45:10Z</time></rtept><rtept lat="37.606565" lon="-107.108903"><ele>3558.6</ele><time>2026-04-12T15:45:10Z</time></rtept><rtept lat="37.606529" lon="-107.108896"><ele>3557.2</ele><time>2026-04-12T15:45:10Z</time></rtept><rtept lat="37.606446" lon="-107.10875"><ele>3556.6</ele><time>2026-04-12T15:45:10Z</time></rtept><rtept lat="37.606385" lon="-107.108739"><ele>3555.4</ele><time>2026-04-12T15:45:10Z</time></rtept><rtept lat="37.606344" lon="-107.108758"><ele>3554.2</ele><time>2026-04-12T15:45:10Z</time></rtept><rtept lat="37.606306" lon="-107.108744"><ele>3554.2</ele><time>2026-04-12T15:45:10Z</time></rtept><rtept lat="37.60627" lon="-107.108746"><ele>3553.0</ele><time>2026-04-12T15:45:10Z</time></rtept><rtept lat="37.60623" lon="-107.108739"><ele>3553.0</ele><time>2026-04-12T15:45:10Z</time></rtept><rtept lat="37.606192" lon="-107.108719"><ele>3551.8</ele><time>2026-04-12T15:45:10Z</time></rtept><rtept lat="37.60605" lon="-107.108709"><ele>3550.2</ele><time>2026-04-12T15:45:10Z</time></rtept><rtept lat="37.60599" lon="-107.108679"><ele>3549.0</ele><time>2026-04-12T15:45:10Z</time></rtept><rtept lat="37.605952" lon="-107.108675"><ele>3549.0</ele><time>2026-04-12T15:45:10Z</time></rtept><rtept lat="37.605909" lon="-107.108683"><ele>3548.0</ele><time>2026-04-12T15:45:10Z</time></rtept><rtept lat="37.605742" lon="-107.108675"><ele>3545.8</ele><time>2026-04-12T15:45:10Z</time></rtept><rtept lat="37.605626" lon="-107.108642"><ele>3543.4</ele><time>2026-04-12T15:45:10Z</time></rtept><rtept lat="37.605547" lon="-107.108609"><ele>3543.8</ele><time>2026-04-12T15:45:10Z</time></rtept><rtept lat="37.605502" lon="-107.108603"><ele>3543.0</ele><time>2026-04-12T15:45:10Z</time></rtept><rtept lat="37.605409" lon="-107.108522"><ele>3543.4</ele><time>2026-04-12T15:45:10Z</time></rtept><rtept lat="37.605273" lon="-107.10832"><ele>3544.0</ele><time>2026-04-12T15:45:10Z</time></rtept><rtept lat="37.605254" lon="-107.108279"><ele>3544.4</ele><time>2026-04-12T15:45:10Z</time></rtept><rtept lat="37.605222" lon="-107.108257"><ele>3544.4</ele><time>2026-04-12T15:45:10Z</time></rtept><rtept lat="37.605194" lon="-107.10822"><ele>3544.4</ele><time>2026-04-12T15:45:10Z</time></rtept><rtept lat="37.605077" lon="-107.108168"><ele>3544.0</ele><time>2026-04-12T15:45:10Z</time></rtept><rtept lat="37.604975" lon="-107.108108"><ele>3543.8</ele><time>2026-04-12T15:45:10Z</time></rtept><rtept lat="37.604731" lon="-107.107903"><ele>3544.6</ele><time>2026-04-12T15:45:10Z</time></rtept><rtept lat="37.604563" lon="-107.10773"><ele>3546.2</ele><time>2026-04-12T15:45:10Z</time></rtept><rtept lat="37.604497" lon="-107.107645"><ele>3547.2</ele><time>2026-04-12T15:45:10Z</time></rtept><rtept lat="37.604399" lon="-107.107544"><ele>3548.2</ele><time>2026-04-12T15:45:10Z</time></rtept><rtept lat="37.604348" lon="-107.107501"><ele>3549.4</ele><time>2026-04-12T15:45:10Z</time></rtept><rtept lat="37.604297" lon="-107.107471"><ele>3549.6</ele><time>2026-04-12T15:45:10Z</time></rtept><rtept lat="37.604257" lon="-107.107409"><ele>3550.8</ele><time>2026-04-12T15:45:10Z</time></rtept><rtept lat="37.604169" lon="-107.107323"><ele>3552.2</ele><time>2026-04-12T15:45:10Z</time></rtept><rtept lat="37.604163" lon="-107.107297"><ele>3552.8</ele><time>2026-04-12T15:45:10Z</time></rtept><rtept lat="37.604131" lon="-107.107285"><ele>3552.8</ele><time>2026-04-12T15:45:10Z</time></rtept><rtept lat="37.604074" lon="-107.107244"><ele>3555.4</ele><time>2026-04-12T15:45:10Z</time></rtept><rtept lat="37.604028" lon="-107.107168"><ele>3558.6</ele><time>2026-04-12T15:45:10Z</time></rtept><rtept lat="37.603985" lon="-107.107144"><ele>3558.6</ele><time>2026-04-12T15:45:10Z</time></rtept><rtept lat="37.603972" lon="-107.107119"><ele>3558.6</ele><time>2026-04-12T15:45:10Z</time></rtept><rtept lat="37.603901" lon="-107.10706"><ele>3561.4</ele><time>2026-04-12T15:45:10Z</time></rtept><rtept lat="37.603865" lon="-107.107047"><ele>3562.4</ele><time>2026-04-12T15:45:10Z</time></rtept><rtept lat="37.603761" lon="-107.106961"><ele>3563.4</ele><time>2026-04-12T15:45:10Z</time></rtept><rtept lat="37.603725" lon="-107.106923"><ele>3564.0</ele><time>2026-04-12T15:45:10Z</time></rtept><rtept lat="37.603735" lon="-107.106889"><ele>3563.8</ele><time>2026-04-12T15:45:10Z</time></rtept><rtept lat="37.603704" lon="-107.106869"><ele>3563.8</ele><time>2026-04-12T15:45:10Z</time></rtept><rtept lat="37.603662" lon="-107.106808"><ele>3564.0</ele><time>2026-04-12T15:45:10Z</time></rtept><rtept lat="37.603538" lon="-107.106677"><ele>3565.0</ele><time>2026-04-12T15:45:10Z</time></rtept><rtept lat="37.603403" lon="-107.106576"><ele>3565.6</ele><time>2026-04-12T15:45:10Z</time></rtept><rtept lat="37.603373" lon="-107.106582"><ele>3565.6</ele><time>2026-04-12T15:45:10Z</time></rtept><rtept lat="37.603363" lon="-107.106551"><ele>3565.4</ele><time>2026-04-12T15:45:10Z</time></rtept><rtept lat="37.603336" lon="-107.106523"><ele>3566.0</ele><time>2026-04-12T15:45:10Z</time></rtept><rtept lat="37.603325" lon="-107.10649"><ele>3566.0</ele><time>2026-04-12T15:45:10Z</time></rtept><rtept lat="37.603281" lon="-107.106485"><ele>3566.2</ele><time>2026-04-12T15:45:10Z</time></rtept><rtept lat="37.603254" lon="-107.106471"><ele>3566.2</ele><time>2026-04-12T15:45:10Z</time></rtept><rtept lat="37.603231" lon="-107.106487"><ele>3566.4</ele><time>2026-04-12T15:45:10Z</time></rtept><rtept lat="37.603131" lon="-107.106503"><ele>3567.2</ele><time>2026-04-12T15:45:10Z</time></rtept><rtept lat="37.603058" lon="-107.106475"><ele>3567.6</ele><time>2026-04-12T15:45:10Z</time></rtept><rtept lat="37.602986" lon="-107.106434"><ele>3568.2</ele><time>2026-04-12T15:45:10Z</time></rtept><rtept lat="37.60295" lon="-107.106434"><ele>3568.2</ele><time>2026-04-12T15:45:10Z</time></rtept><rtept lat="37.602889" lon="-107.106446"><ele>3568.8</ele><time>2026-04-12T15:45:10Z</time></rtept><rtept lat="37.602755" lon="-107.106492"><ele>3570.6</ele><time>2026-04-12T15:45:10Z</time></rtept><rtept lat="37.602724" lon="-107.106506"><ele>3571.2</ele><time>2026-04-12T15:45:10Z</time></rtept><rtept lat="37.602698" lon="-107.106529"><ele>3571.2</ele><time>2026-04-12T15:45:10Z</time></rtept><rtept lat="37.602544" lon="-107.106564"><ele>3572.8</ele><time>2026-04-12T15:45:10Z</time></rtept><rtept lat="37.602462" lon="-107.106653"><ele>3574.8</ele><time>2026-04-12T15:45:10Z</time></rtept><rtept lat="37.602435" lon="-107.106665"><ele>3574.8</ele><time>2026-04-12T15:45:10Z</time></rtept><rtept lat="37.602371" lon="-107.106673"><ele>3575.8</ele><time>2026-04-12T15:45:10Z</time></rtept><rtept lat="37.602313" lon="-107.10665"><ele>3576.2</ele><time>2026-04-12T15:45:10Z</time></rtept><rtept lat="37.602282" lon="-107.106645"><ele>3576.2</ele><time>2026-04-12T15:45:10Z</time></rtept><rtept lat="37.602207" lon="-107.106674"><ele>3577.4</ele><time>2026-04-12T15:45:10Z</time></rtept><rtept lat="37.602106" lon="-107.106634"><ele>3579.2</ele><time>2026-04-12T15:45:10Z</time></rtept><rtept lat="37.602097" lon="-107.106657"><ele>3579.2</ele><time>2026-04-12T15:45:10Z</time></rtept><rtept lat="37.602056" lon="-107.106687"><ele>3580.6</ele><time>2026-04-12T15:45:10Z</time></rtept><rtept lat="37.602029" lon="-107.106676"><ele>3580.6</ele><time>2026-04-12T15:45:10Z</time></rtept><rtept lat="37.602025" lon="-107.106648"><ele>3580.6</ele><time>2026-04-12T15:45:10Z</time></rtept><rtept lat="37.601981" lon="-107.106608"><ele>3582.0</ele><time>2026-04-12T15:45:10Z</time></rtept><rtept lat="37.601897" lon="-107.106631"><ele>3583.8</ele><time>2026-04-12T15:45:10Z</time></rtept><rtept lat="37.601842" lon="-107.10666"><ele>3585.6</ele><time>2026-04-12T15:45:10Z</time></rtept><rtept lat="37.601715" lon="-107.106709"><ele>3588.4</ele><time>2026-04-12T15:45:10Z</time></rtept><rtept lat="37.60167" lon="-107.106708"><ele>3588.4</ele><time>2026-04-12T15:45:10Z</time></rtept><rtept lat="37.601634" lon="-107.106731"><ele>3589.6</ele><time>2026-04-12T15:45:10Z</time></rtept><rtept lat="37.6016" lon="-107.106722"><ele>3589.6</ele><time>2026-04-12T15:45:10Z</time></rtept><rtept lat="37.601544" lon="-107.106727"><ele>3590.8</ele><time>2026-04-12T15:45:10Z</time></rtept><rtept lat="37.601489" lon="-107.106747"><ele>3592.6</ele><time>2026-04-12T15:45:10Z</time></rtept><rtept lat="37.601435" lon="-107.106733"><ele>3594.0</ele><time>2026-04-12T15:45:10Z</time></rtept><rtept lat="37.601393" lon="-107.106711"><ele>3594.0</ele><time>2026-04-12T15:45:10Z</time></rtept><rtept lat="37.60115" lon="-107.106679"><ele>3599.6</ele><time>2026-04-12T15:45:10Z</time></rtept><rtept lat="37.601097" lon="-107.106652"><ele>3600.0</ele><time>2026-04-12T15:45:10Z</time></rtept><rtept lat="37.601038" lon="-107.106632"><ele>3600.8</ele><time>2026-04-12T15:45:10Z</time></rtept><rtept lat="37.60088" lon="-107.106551"><ele>3601.8</ele><time>2026-04-12T15:45:10Z</time></rtept><rtept lat="37.600694" lon="-107.106497"><ele>3604.6</ele><time>2026-04-12T15:45:10Z</time></rtept><rtept lat="37.600609" lon="-107.106443"><ele>3605.0</ele><time>2026-04-12T15:45:10Z</time></rtept><rtept lat="37.600408" lon="-107.106356"><ele>3607.6</ele><time>2026-04-12T15:45:10Z</time></rtept><rtept lat="37.600377" lon="-107.106348"><ele>3607.6</ele><time>2026-04-12T15:45:10Z</time></rtept><rtept lat="37.60033" lon="-107.106297"><ele>3607.6</ele><time>2026-04-12T15:45:10Z</time></rtept><rtept lat="37.60032" lon="-107.106264"><ele>3607.6</ele><time>2026-04-12T15:45:10Z</time></rtept><rtept lat="37.60023" lon="-107.106128"><ele>3606.2</ele><time>2026-04-12T15:45:10Z</time></rtept><rtept lat="37.600201" lon="-107.106099"><ele>3607.4</ele><time>2026-04-12T15:45:10Z</time></rtept><rtept lat="37.600096" lon="-107.105918"><ele>3606.2</ele><time>2026-04-12T15:45:10Z</time></rtept><rtept lat="37.600047" lon="-107.105739"><ele>3605.0</ele><time>2026-04-12T15:45:10Z</time></rtept><rtept lat="37.599984" lon="-107.105717"><ele>3606.0</ele><time>2026-04-12T15:45:10Z</time></rtept><rtept lat="37.599929" lon="-107.105544"><ele>3604.8</ele><time>2026-04-12T15:45:10Z</time></rtept><rtept lat="37.599898" lon="-107.105409"><ele>3603.0</ele><time>2026-04-12T15:45:10Z</time></rtept><rtept lat="37.599857" lon="-107.105171"><ele>3601.4</ele><time>2026-04-12T15:45:10Z</time></rtept><rtept lat="37.599792" lon="-107.105003"><ele>3600.6</ele><time>2026-04-12T15:45:10Z</time></rtept><rtept lat="37.59974" lon="-107.104899"><ele>3599.8</ele><time>2026-04-12T15:45:10Z</time></rtept><rtept lat="37.599701" lon="-107.104838"><ele>3598.4</ele><time>2026-04-12T15:45:10Z</time></rtept><rtept lat="37.599668" lon="-107.104745"><ele>3597.2</ele><time>2026-04-12T15:45:10Z</time></rtept><rtept lat="37.599644" lon="-107.104719"><ele>3597.2</ele><time>2026-04-12T15:45:10Z</time></rtept><rtept lat="37.599629" lon="-107.104688"><ele>3597.2</ele><time>2026-04-12T15:45:10Z</time></rtept><rtept lat="37.599608" lon="-107.104607"><ele>3596.0</ele><time>2026-04-12T15:45:10Z</time></rtept><rtept lat="37.59961" lon="-107.104512"><ele>3594.4</ele><time>2026-04-12T15:45:10Z</time></rtept><rtept lat="37.599593" lon="-107.104446"><ele>3592.8</ele><time>2026-04-12T15:45:10Z</time></rtept><rtept lat="37.599524" lon="-107.104012"><ele>3586.2</ele><time>2026-04-12T15:45:10Z</time></rtept><rtept lat="37.599473" lon="-107.103834"><ele>3583.4</ele><time>2026-04-12T15:45:10Z</time></rtept><rtept lat="37.599463" lon="-107.103776"><ele>3581.0</ele><time>2026-04-12T15:45:10Z</time></rtept><rtept lat="37.599461" lon="-107.10373"><ele>3578.8</ele><time>2026-04-12T15:45:10Z</time></rtept><rtept lat="37.599411" lon="-107.103613"><ele>3576.8</ele><time>2026-04-12T15:45:10Z</time></rtept><rtept lat="37.599417" lon="-107.103561"><ele>3574.8</ele><time>2026-04-12T15:45:10Z</time></rtept><rtept lat="37.599388" lon="-107.103438"><ele>3574.8</ele><time>2026-04-12T15:45:10Z</time></rtept><rtept lat="37.599378" lon="-107.103355"><ele>3573.0</ele><time>2026-04-12T15:45:10Z</time></rtept><rtept lat="37.599349" lon="-107.103212"><ele>3568.8</ele><time>2026-04-12T15:45:10Z</time></rtept><rtept lat="37.599354" lon="-107.103153"><ele>3568.8</ele><time>2026-04-12T15:45:10Z</time></rtept><rtept lat="37.599341" lon="-107.103013"><ele>3564.8</ele><time>2026-04-12T15:45:10Z</time></rtept><rtept lat="37.599303" lon="-107.102884"><ele>3564.8</ele><time>2026-04-12T15:45:10Z</time></rtept><rtept lat="37.599308" lon="-107.102458"><ele>3557.6</ele><time>2026-04-12T15:45:10Z</time></rtept><rtept lat="37.599334" lon="-107.102283"><ele>3554.8</ele><time>2026-04-12T15:45:10Z</time></rtept><rtept lat="37.599331" lon="-107.102168"><ele>3553.0</ele><time>2026-04-12T15:45:10Z</time></rtept><rtept lat="37.599336" lon="-107.102132"><ele>3553.0</ele><time>2026-04-12T15:45:10Z</time></rtept><rtept lat="37.599329" lon="-107.102049"><ele>3552.8</ele><time>2026-04-12T15:45:10Z</time></rtept><rtept lat="37.599352" lon="-107.101914"><ele>3548.8</ele><time>2026-04-12T15:45:10Z</time></rtept><rtept lat="37.599356" lon="-107.101809"><ele>3547.8</ele><time>2026-04-12T15:45:10Z</time></rtept><rtept lat="37.599353" lon="-107.101726"><ele>3547.2</ele><time>2026-04-12T15:45:10Z</time></rtept><rtept lat="37.599361" lon="-107.101509"><ele>3546.2</ele><time>2026-04-12T15:45:10Z</time></rtept><rtept lat="37.599352" lon="-107.101439"><ele>3545.8</ele><time>2026-04-12T15:45:10Z</time></rtept><rtept lat="37.599352" lon="-107.101439"><ele>3545.8</ele><time>2026-04-12T15:45:10Z</time></rtept><rtept lat="37.599349" lon="-107.101417"><ele>3545.4</ele><time>2026-04-12T15:45:10Z</time></rtept><rtept lat="37.599363" lon="-107.101296"><ele>3544.8</ele><time>2026-04-12T15:45:10Z</time></rtept><rtept lat="37.599406" lon="-107.101168"><ele>3544.2</ele><time>2026-04-12T15:45:10Z</time></rtept><rtept lat="37.599418" lon="-107.101102"><ele>3541.6</ele><time>2026-04-12T15:45:10Z</time></rtept><rtept lat="37.599421" lon="-107.10106"><ele>3541.4</ele><time>2026-04-12T15:45:10Z</time></rtept><rtept lat="37.59941" lon="-107.101016"><ele>3541.4</ele><time>2026-04-12T15:45:10Z</time></rtept><rtept lat="37.599421" lon="-107.100936"><ele>3541.4</ele><time>2026-04-12T15:45:10Z</time></rtept><rtept lat="37.59942" lon="-107.100885"><ele>3541.2</ele><time>2026-04-12T15:45:10Z</time></rtept><rtept lat="37.599454" lon="-107.100695"><ele>3541.4</ele><time>2026-04-12T15:45:10Z</time></rtept><rtept lat="37.599496" lon="-107.100529"><ele>3540.2</ele><time>2026-04-12T15:45:10Z</time></rtept><rtept lat="37.599499" lon="-107.100487"><ele>3540.2</ele><time>2026-04-12T15:45:10Z</time></rtept><rtept lat="37.599476" lon="-107.10036"><ele>3541.4</ele><time>2026-04-12T15:45:10Z</time></rtept><rtept lat="37.59946" lon="-107.100152"><ele>3541.2</ele><time>2026-04-12T15:45:10Z</time></rtept><rtept lat="37.599458" lon="-107.100099"><ele>3541.0</ele><time>2026-04-12T15:45:10Z</time></rtept><rtept lat="37.599474" lon="-107.100001"><ele>3540.6</ele><time>2026-04-12T15:45:10Z</time></rtept><rtept lat="37.599472" lon="-107.099956"><ele>3540.2</ele><time>2026-04-12T15:45:10Z</time></rtept><rtept lat="37.599442" lon="-107.099879"><ele>3540.2</ele><time>2026-04-12T15:45:10Z</time></rtept><rtept lat="37.599421" lon="-107.099783"><ele>3540.0</ele><time>2026-04-12T15:45:10Z</time></rtept><rtept lat="37.599418" lon="-107.099728"><ele>3540.0</ele><time>2026-04-12T15:45:10Z</time></rtept><rtept lat="37.599389" lon="-107.099579"><ele>3539.8</ele><time>2026-04-12T15:45:10Z</time></rtept><rtept lat="37.599389" lon="-107.099448"><ele>3539.8</ele><time>2026-04-12T15:45:10Z</time></rtept><rtept lat="37.599371" lon="-107.099332"><ele>3540.0</ele><time>2026-04-12T15:45:10Z</time></rtept><rtept lat="37.599278" lon="-107.099206"><ele>3540.4</ele><time>2026-04-12T15:45:10Z</time></rtept><rtept lat="37.59911" lon="-107.098916"><ele>3538.8</ele><time>2026-04-12T15:45:10Z</time></rtept><rtept lat="37.598993" lon="-107.098765"><ele>3536.4</ele><time>2026-04-12T15:45:10Z</time></rtept><rtept lat="37.598862" lon="-107.098565"><ele>3536.0</ele><time>2026-04-12T15:45:10Z</time></rtept><rtept lat="37.598749" lon="-107.098448"><ele>3536.0</ele><time>2026-04-12T15:45:10Z</time></rtept><rtept lat="37.598692" lon="-107.098377"><ele>3535.6</ele><time>2026-04-12T15:45:10Z</time></rtept><rtept lat="37.59861" lon="-107.098253"><ele>3535.2</ele><time>2026-04-12T15:45:10Z</time></rtept><rtept lat="37.598519" lon="-107.098081"><ele>3535.4</ele><time>2026-04-12T15:45:10Z</time></rtept><rtept lat="37.598373" lon="-107.097687"><ele>3540.0</ele><time>2026-04-12T15:45:10Z</time></rtept><rtept lat="37.598284" lon="-107.09734"><ele>3544.0</ele><time>2026-04-12T15:45:10Z</time></rtept><rtept lat="37.598278" lon="-107.097297"><ele>3544.6</ele><time>2026-04-12T15:45:10Z</time></rtept><rtept lat="37.59827" lon="-107.097136"><ele>3545.2</ele><time>2026-04-12T15:45:10Z</time></rtept><rtept lat="37.59826" lon="-107.097063"><ele>3545.6</ele><time>2026-04-12T15:45:10Z</time></rtept><rtept lat="37.598266" lon="-107.096962"><ele>3546.2</ele><time>2026-04-12T15:45:10Z</time></rtept><rtept lat="37.598249" lon="-107.096889"><ele>3547.6</ele><time>2026-04-12T15:45:10Z</time></rtept><rtept lat="37.59824" lon="-107.096804"><ele>3548.2</ele><time>2026-04-12T15:45:10Z</time></rtept><rtept lat="37.598231" lon="-107.096648"><ele>3550.0</ele><time>2026-04-12T15:45:10Z</time></rtept><rtept lat="37.598162" lon="-107.096497"><ele>3554.2</ele><time>2026-04-12T15:45:10Z</time></rtept><rtept lat="37.598137" lon="-107.096344"><ele>3558.0</ele><time>2026-04-12T15:45:10Z</time></rtept><rtept lat="37.598127" lon="-107.096308"><ele>3558.0</ele><time>2026-04-12T15:45:10Z</time></rtept><rtept lat="37.598121" lon="-107.096244"><ele>3559.6</ele><time>2026-04-12T15:45:10Z</time></rtept><rtept lat="37.598108" lon="-107.096211"><ele>3561.4</ele><time>2026-04-12T15:45:10Z</time></rtept><rtept lat="37.598103" lon="-107.096135"><ele>3562.2</ele><time>2026-04-12T15:45:10Z</time></rtept><rtept lat="37.59808" lon="-107.096024"><ele>3563.0</ele><time>2026-04-12T15:45:10Z</time></rtept><rtept lat="37.598048" lon="-107.095906"><ele>3565.2</ele><time>2026-04-12T15:45:10Z</time></rtept><rtept lat="37.598018" lon="-107.095842"><ele>3565.8</ele><time>2026-04-12T15:45:10Z</time></rtept><rtept lat="37.598021" lon="-107.095681"><ele>3566.6</ele><time>2026-04-12T15:45:10Z</time></rtept><rtept lat="37.597999" lon="-107.095608"><ele>3567.4</ele><time>2026-04-12T15:45:10Z</time></rtept><rtept lat="37.597987" lon="-107.095515"><ele>3568.4</ele><time>2026-04-12T15:45:10Z</time></rtept><rtept lat="37.597993" lon="-107.095449"><ele>3569.2</ele><time>2026-04-12T15:45:10Z</time></rtept><rtept lat="37.597987" lon="-107.095313"><ele>3571.2</ele><time>2026-04-12T15:45:10Z</time></rtept><rtept lat="37.597969" lon="-107.095285"><ele>3571.8</ele><time>2026-04-12T15:45:10Z</time></rtept><rtept lat="37.597945" lon="-107.095266"><ele>3571.8</ele><time>2026-04-12T15:45:10Z</time></rtept><rtept lat="37.597913" lon="-107.095161"><ele>3572.6</ele><time>2026-04-12T15:45:10Z</time></rtept><rtept lat="37.597891" lon="-107.095139"><ele>3574.0</ele><time>2026-04-12T15:45:10Z</time></rtept><rtept lat="37.59784" lon="-107.095058"><ele>3575.0</ele><time>2026-04-12T15:45:10Z</time></rtept><rtept lat="37.597792" lon="-107.094996"><ele>3575.0</ele><time>2026-04-12T15:45:10Z</time></rtept><rtept lat="37.597777" lon="-107.094958"><ele>3575.6</ele><time>2026-04-12T15:45:10Z</time></rtept><rtept lat="37.59775" lon="-107.09493"><ele>3575.8</ele><time>2026-04-12T15:45:10Z</time></rtept><rtept lat="37.597682" lon="-107.094823"><ele>3576.6</ele><time>2026-04-12T15:45:10Z</time></rtept><rtept lat="37.597549" lon="-107.094575"><ele>3578.0</ele><time>2026-04-12T15:45:10Z</time></rtept><rtept lat="37.597534" lon="-107.094528"><ele>3578.2</ele><time>2026-04-12T15:45:10Z</time></rtept><rtept lat="37.59751" lon="-107.094485"><ele>3578.2</ele><time>2026-04-12T15:45:10Z</time></rtept><rtept lat="37.597396" lon="-107.094216"><ele>3579.2</ele><time>2026-04-12T15:45:10Z</time></rtept><rtept lat="37.597197" lon="-107.093976"><ele>3579.8</ele><time>2026-04-12T15:45:10Z</time></rtept><rtept lat="37.597173" lon="-107.093937"><ele>3580.0</ele><time>2026-04-12T15:45:10Z</time></rtept><rtept lat="37.596983" lon="-107.093724"><ele>3579.8</ele><time>2026-04-12T15:45:10Z</time></rtept><rtept lat="37.596913" lon="-107.093607"><ele>3579.6</ele><time>2026-04-12T15:45:10Z</time></rtept><rtept lat="37.596844" lon="-107.093426"><ele>3579.0</ele><time>2026-04-12T15:45:10Z</time></rtept><rtept lat="37.596746" lon="-107.093218"><ele>3578.0</ele><time>2026-04-12T15:45:10Z</time></rtept><rtept lat="37.596584" lon="-107.092945"><ele>3576.4</ele><time>2026-04-12T15:45:10Z</time></rtept><rtept lat="37.59651" lon="-107.092833"><ele>3574.8</ele><time>2026-04-12T15:45:10Z</time></rtept><rtept lat="37.596345" lon="-107.092608"><ele>3572.2</ele><time>2026-04-12T15:45:10Z</time></rtept><rtept lat="37.596303" lon="-107.092536"><ele>3571.6</ele><time>2026-04-12T15:45:10Z</time></rtept><rtept lat="37.596224" lon="-107.092434"><ele>3570.6</ele><time>2026-04-12T15:45:10Z</time></rtept><rtept lat="37.596098" lon="-107.092314"><ele>3568.6</ele><time>2026-04-12T15:45:10Z</time></rtept><rtept lat="37.595962" lon="-107.092236"><ele>3567.2</ele><time>2026-04-12T15:45:10Z</time></rtept><rtept lat="37.595926" lon="-107.092239"><ele>3566.8</ele><time>2026-04-12T15:45:10Z</time></rtept><rtept lat="37.59588" lon="-107.092253"><ele>3566.8</ele><time>2026-04-12T15:45:10Z</time></rtept><rtept lat="37.595835" lon="-107.092287"><ele>3566.2</ele><time>2026-04-12T15:45:10Z</time></rtept><rtept lat="37.595801" lon="-107.092298"><ele>3565.4</ele><time>2026-04-12T15:45:10Z</time></rtept><rtept lat="37.595726" lon="-107.092301"><ele>3564.4</ele><time>2026-04-12T15:45:10Z</time></rtept><rtept lat="37.595659" lon="-107.092281"><ele>3563.2</ele><time>2026-04-12T15:45:10Z</time></rtept><rtept lat="37.595596" lon="-107.092272"><ele>3562.0</ele><time>2026-04-12T15:45:10Z</time></rtept><rtept lat="37.595481" lon="-107.092279"><ele>3560.6</ele><time>2026-04-12T15:45:10Z</time></rtept><rtept lat="37.595407" lon="-107.092267"><ele>3559.2</ele><time>2026-04-12T15:45:10Z</time></rtept><rtept lat="37.595328" lon="-107.092268"><ele>3557.4</ele><time>2026-04-12T15:45:10Z</time></rtept><rtept lat="37.595292" lon="-107.092254"><ele>3555.8</ele><time>2026-04-12T15:45:10Z</time></rtept><rtept lat="37.595232" lon="-107.0922"><ele>3554.0</ele><time>2026-04-12T15:45:10Z</time></rtept><rtept lat="37.595192" lon="-107.092196"><ele>3554.0</ele><time>2026-04-12T15:45:10Z</time></rtept><rtept lat="37.595115" lon="-107.092207"><ele>3550.8</ele><time>2026-04-12T15:45:10Z</time></rtept><rtept lat="37.595081" lon="-107.092198"><ele>3550.8</ele><time>2026-04-12T15:45:10Z</time></rtept><rtept lat="37.595053" lon="-107.092163"><ele>3549.0</ele><time>2026-04-12T15:45:10Z</time></rtept><rtept lat="37.595019" lon="-107.092146"><ele>3549.4</ele><time>2026-04-12T15:45:10Z</time></rtept><rtept lat="37.594986" lon="-107.092145"><ele>3547.6</ele><time>2026-04-12T15:45:10Z</time></rtept><rtept lat="37.594949" lon="-107.092153"><ele>3547.2</ele><time>2026-04-12T15:45:10Z</time></rtept><rtept lat="37.594869" lon="-107.09212"><ele>3545.6</ele><time>2026-04-12T15:45:10Z</time></rtept><rtept lat="37.594803" lon="-107.092038"><ele>3544.8</ele><time>2026-04-12T15:45:10Z</time></rtept><rtept lat="37.594769" lon="-107.09202"><ele>3543.2</ele><time>2026-04-12T15:45:10Z</time></rtept><rtept lat="37.594736" lon="-107.091986"><ele>3543.2</ele><time>2026-04-12T15:45:10Z</time></rtept><rtept lat="37.594705" lon="-107.091943"><ele>3543.0</ele><time>2026-04-12T15:45:10Z</time></rtept><rtept lat="37.594669" lon="-107.09194"><ele>3543.0</ele><time>2026-04-12T15:45:10Z</time></rtept><rtept lat="37.594573" lon="-107.091914"><ele>3541.8</ele><time>2026-04-12T15:45:10Z</time></rtept><rtept lat="37.594537" lon="-107.091891"><ele>3542.6</ele><time>2026-04-12T15:45:10Z</time></rtept><rtept lat="37.594471" lon="-107.091828"><ele>3542.2</ele><time>2026-04-12T15:45:10Z</time></rtept><rtept lat="37.594433" lon="-107.091821"><ele>3542.0</ele><time>2026-04-12T15:45:10Z</time></rtept><rtept lat="37.594404" lon="-107.091796"><ele>3542.8</ele><time>2026-04-12T15:45:10Z</time></rtept><rtept lat="37.594361" lon="-107.091796"><ele>3542.8</ele><time>2026-04-12T15:45:10Z</time></rtept><rtept lat="37.594318" lon="-107.091785"><ele>3542.8</ele><time>2026-04-12T15:45:10Z</time></rtept><rtept lat="37.594243" lon="-107.091725"><ele>3542.8</ele><time>2026-04-12T15:45:10Z</time></rtept><rtept lat="37.594198" lon="-107.091726"><ele>3543.2</ele><time>2026-04-12T15:45:10Z</time></rtept><rtept lat="37.59414" lon="-107.091673"><ele>3544.0</ele><time>2026-04-12T15:45:10Z</time></rtept><rtept lat="37.594077" lon="-107.091692"><ele>3544.4</ele><time>2026-04-12T15:45:10Z</time></rtept><rtept lat="37.594031" lon="-107.091737"><ele>3544.8</ele><time>2026-04-12T15:45:10Z</time></rtept><rtept lat="37.593965" lon="-107.09176"><ele>3545.6</ele><time>2026-04-12T15:45:10Z</time></rtept><rtept lat="37.593868" lon="-107.091883"><ele>3546.2</ele><time>2026-04-12T15:45:10Z</time></rtept><rtept lat="37.593839" lon="-107.091909"><ele>3545.8</ele><time>2026-04-12T15:45:10Z</time></rtept><rtept lat="37.593725" lon="-107.091982"><ele>3548.8</ele><time>2026-04-12T15:45:10Z</time></rtept><rtept lat="37.593659" lon="-107.092004"><ele>3550.2</ele><time>2026-04-12T15:45:10Z</time></rtept><rtept lat="37.593568" lon="-107.092053"><ele>3551.6</ele><time>2026-04-12T15:45:10Z</time></rtept><rtept lat="37.593536" lon="-107.092059"><ele>3552.0</ele><time>2026-04-12T15:45:10Z</time></rtept><rtept lat="37.593483" lon="-107.092122"><ele>3551.2</ele><time>2026-04-12T15:45:10Z</time></rtept><rtept lat="37.593453" lon="-107.092149"><ele>3551.2</ele><time>2026-04-12T15:45:10Z</time></rtept><rtept lat="37.593426" lon="-107.092161"><ele>3549.4</ele><time>2026-04-12T15:45:10Z</time></rtept><rtept lat="37.593395" lon="-107.092164"><ele>3547.0</ele><time>2026-04-12T15:45:10Z</time></rtept><rtept lat="37.593361" lon="-107.092156"><ele>3547.0</ele><time>2026-04-12T15:45:10Z</time></rtept><rtept lat="37.593312" lon="-107.092132"><ele>3546.6</ele><time>2026-04-12T15:45:10Z</time></rtept><rtept lat="37.593275" lon="-107.092154"><ele>3539.6</ele><time>2026-04-12T15:45:10Z</time></rtept><rtept lat="37.593239" lon="-107.092153"><ele>3539.6</ele><time>2026-04-12T15:45:10Z</time></rtept><rtept lat="37.593212" lon="-107.092144"><ele>3538.8</ele><time>2026-04-12T15:45:10Z</time></rtept><rtept lat="37.59313" lon="-107.092091"><ele>3535.8</ele><time>2026-04-12T15:45:10Z</time></rtept><rtept lat="37.593054" lon="-107.092061"><ele>3534.4</ele><time>2026-04-12T15:45:10Z</time></rtept><rtept lat="37.592988" lon="-107.091992"><ele>3531.8</ele><time>2026-04-12T15:45:10Z</time></rtept><rtept lat="37.592941" lon="-107.091955"><ele>3530.4</ele><time>2026-04-12T15:45:10Z</time></rtept><rtept lat="37.592885" lon="-107.091922"><ele>3530.4</ele><time>2026-04-12T15:45:10Z</time></rtept><rtept lat="37.592865" lon="-107.091925"><ele>3528.2</ele><time>2026-04-12T15:45:10Z</time></rtept><rtept lat="37.592847" lon="-107.091948"><ele>3528.2</ele><time>2026-04-12T15:45:10Z</time></rtept><rtept lat="37.5928" lon="-107.092056"><ele>3525.2</ele><time>2026-04-12T15:45:10Z</time></rtept><rtept lat="37.592781" lon="-107.092082"><ele>3524.4</ele><time>2026-04-12T15:45:10Z</time></rtept><rtept lat="37.592738" lon="-107.092108"><ele>3522.6</ele><time>2026-04-12T15:45:10Z</time></rtept><rtept lat="37.592719" lon="-107.092134"><ele>3522.6</ele><time>2026-04-12T15:45:10Z</time></rtept><rtept lat="37.59269" lon="-107.092149"><ele>3522.6</ele><time>2026-04-12T15:45:10Z</time></rtept><rtept lat="37.59266" lon="-107.092149"><ele>3521.0</ele><time>2026-04-12T15:45:10Z</time></rtept><rtept lat="37.592597" lon="-107.092167"><ele>3519.0</ele><time>2026-04-12T15:45:10Z</time></rtept><rtept lat="37.59253" lon="-107.092153"><ele>3518.2</ele><time>2026-04-12T15:45:10Z</time></rtept><rtept lat="37.5925" lon="-107.092164"><ele>3518.2</ele><time>2026-04-12T15:45:10Z</time></rtept><rtept lat="37.592361" lon="-107.092164"><ele>3517.8</ele><time>2026-04-12T15:45:10Z</time></rtept><rtept lat="37.592118" lon="-107.09223"><ele>3517.8</ele><time>2026-04-12T15:45:10Z</time></rtept><rtept lat="37.592018" lon="-107.092278"><ele>3517.8</ele><time>2026-04-12T15:45:10Z</time></rtept><rtept lat="37.592" lon="-107.092321"><ele>3517.8</ele><time>2026-04-12T15:45:10Z</time></rtept><rtept lat="37.591979" lon="-107.092345"><ele>3517.0</ele><time>2026-04-12T15:45:10Z</time></rtept><rtept lat="37.591908" lon="-107.092375"><ele>3517.4</ele><time>2026-04-12T15:45:10Z</time></rtept><rtept lat="37.591822" lon="-107.09243"><ele>3516.8</ele><time>2026-04-12T15:45:10Z</time></rtept><rtept lat="37.591732" lon="-107.092414"><ele>3517.0</ele><time>2026-04-12T15:45:10Z</time></rtept><rtept lat="37.591705" lon="-107.092391"><ele>3518.2</ele><time>2026-04-12T15:45:10Z</time></rtept><rtept lat="37.591699" lon="-107.092376"><ele>3518.2</ele><time>2026-04-12T15:45:10Z</time></rtept><rtept lat="37.591668" lon="-107.092357"><ele>3518.2</ele><time>2026-04-12T15:45:10Z</time></rtept><rtept lat="37.591596" lon="-107.092353"><ele>3518.6</ele><time>2026-04-12T15:45:10Z</time></rtept><rtept lat="37.591549" lon="-107.092323"><ele>3519.8</ele><time>2026-04-12T15:45:10Z</time></rtept><rtept lat="37.591519" lon="-107.092328"><ele>3520.2</ele><time>2026-04-12T15:45:10Z</time></rtept><rtept lat="37.591499" lon="-107.092349"><ele>3520.2</ele><time>2026-04-12T15:45:10Z</time></rtept><rtept lat="37.591481" lon="-107.092337"><ele>3520.2</ele><time>2026-04-12T15:45:10Z</time></rtept><rtept lat="37.591413" lon="-107.092364"><ele>3521.4</ele><time>2026-04-12T15:45:10Z</time></rtept><rtept lat="37.591185" lon="-107.092289"><ele>3526.2</ele><time>2026-04-12T15:45:10Z</time></rtept><rtept lat="37.591142" lon="-107.092269"><ele>3527.4</ele><time>2026-04-12T15:45:10Z</time></rtept><rtept lat="37.591113" lon="-107.092265"><ele>3527.4</ele><time>2026-04-12T15:45:10Z</time></rtept><rtept lat="37.591074" lon="-107.092277"><ele>3528.6</ele><time>2026-04-12T15:45:10Z</time></rtept><rtept lat="37.590996" lon="-107.092228"><ele>3530.0</ele><time>2026-04-12T15:45:10Z</time></rtept><rtept lat="37.590954" lon="-107.09222"><ele>3531.6</ele><time>2026-04-12T15:45:10Z</time></rtept><rtept lat="37.590935" lon="-107.092228"><ele>3531.6</ele><time>2026-04-12T15:45:10Z</time></rtept><rtept lat="37.590917" lon="-107.092254"><ele>3531.8</ele><time>2026-04-12T15:45:10Z</time></rtept><rtept lat="37.590892" lon="-107.092273"><ele>3533.8</ele><time>2026-04-12T15:45:10Z</time></rtept><rtept lat="37.590865" lon="-107.092274"><ele>3533.8</ele><time>2026-04-12T15:45:10Z</time></rtept><rtept lat="37.590843" lon="-107.092248"><ele>3533.8</ele><time>2026-04-12T15:45:10Z</time></rtept><rtept lat="37.590786" lon="-107.092245"><ele>3535.8</ele><time>2026-04-12T15:45:10Z</time></rtept><rtept lat="37.590797" lon="-107.092288"><ele>3535.8</ele><time>2026-04-12T15:45:10Z</time></rtept><rtept lat="37.590745" lon="-107.092277"><ele>3537.6</ele><time>2026-04-12T15:45:10Z</time></rtept><rtept lat="37.590696" lon="-107.092251"><ele>3539.2</ele><time>2026-04-12T15:45:10Z</time></rtept><rtept lat="37.59064" lon="-107.092251"><ele>3539.2</ele><time>2026-04-12T15:45:10Z</time></rtept><rtept lat="37.590587" lon="-107.092209"><ele>3540.2</ele><time>2026-04-12T15:45:10Z</time></rtept><rtept lat="37.590512" lon="-107.092195"><ele>3541.2</ele><time>2026-04-12T15:45:10Z</time></rtept><rtept lat="37.590499" lon="-107.092214"><ele>3542.0</ele><time>2026-04-12T15:45:10Z</time></rtept><rtept lat="37.590458" lon="-107.092207"><ele>3542.0</ele><time>2026-04-12T15:45:10Z</time></rtept><rtept lat="37.590431" lon="-107.092196"><ele>3543.2</ele><time>2026-04-12T15:45:10Z</time></rtept><rtept lat="37.590409" lon="-107.092156"><ele>3543.2</ele><time>2026-04-12T15:45:10Z</time></rtept><rtept lat="37.590372" lon="-107.092111"><ele>3543.0</ele><time>2026-04-12T15:45:10Z</time></rtept><rtept lat="37.590348" lon="-107.092056"><ele>3543.4</ele><time>2026-04-12T15:45:10Z</time></rtept><rtept lat="37.59033" lon="-107.09208"><ele>3544.8</ele><time>2026-04-12T15:45:10Z</time></rtept><rtept lat="37.590322" lon="-107.092138"><ele>3544.8</ele><time>2026-04-12T15:45:10Z</time></rtept><rtept lat="37.590295" lon="-107.092133"><ele>3546.6</ele><time>2026-04-12T15:45:10Z</time></rtept><rtept lat="37.590257" lon="-107.092115"><ele>3546.6</ele><time>2026-04-12T15:45:10Z</time></rtept><rtept lat="37.590246" lon="-107.09213"><ele>3546.6</ele><time>2026-04-12T15:45:10Z</time></rtept><rtept lat="37.590175" lon="-107.09215"><ele>3548.4</ele><time>2026-04-12T15:45:10Z</time></rtept><rtept lat="37.590148" lon="-107.092149"><ele>3550.0</ele><time>2026-04-12T15:45:10Z</time></rtept><rtept lat="37.590139" lon="-107.092175"><ele>3550.2</ele><time>2026-04-12T15:45:10Z</time></rtept><rtept lat="37.590107" lon="-107.092184"><ele>3550.2</ele><time>2026-04-12T15:45:10Z</time></rtept><rtept lat="37.59004" lon="-107.092166"><ele>3551.8</ele><time>2026-04-12T15:45:10Z</time></rtept><rtept lat="37.59" lon="-107.092138"><ele>3553.0</ele><time>2026-04-12T15:45:10Z</time></rtept><rtept lat="37.589944" lon="-107.092132"><ele>3553.8</ele><time>2026-04-12T15:45:10Z</time></rtept><rtept lat="37.58991" lon="-107.092114"><ele>3553.8</ele><time>2026-04-12T15:45:10Z</time></rtept><rtept lat="37.589842" lon="-107.092136"><ele>3554.0</ele><time>2026-04-12T15:45:10Z</time></rtept><rtept lat="37.589797" lon="-107.092137"><ele>3554.8</ele><time>2026-04-12T15:45:10Z</time></rtept><rtept lat="37.589777" lon="-107.092144"><ele>3554.8</ele><time>2026-04-12T15:45:10Z</time></rtept><rtept lat="37.589741" lon="-107.092127"><ele>3556.2</ele><time>2026-04-12T15:45:10Z</time></rtept><rtept lat="37.589707" lon="-107.09213"><ele>3556.2</ele><time>2026-04-12T15:45:10Z</time></rtept><rtept lat="37.58965" lon="-107.092152"><ele>3558.4</ele><time>2026-04-12T15:45:10Z</time></rtept><rtept lat="37.589621" lon="-107.092145"><ele>3557.8</ele><time>2026-04-12T15:45:10Z</time></rtept><rtept lat="37.589551" lon="-107.092146"><ele>3559.6</ele><time>2026-04-12T15:45:10Z</time></rtept><rtept lat="37.589522" lon="-107.092152"><ele>3561.8</ele><time>2026-04-12T15:45:10Z</time></rtept><rtept lat="37.58944" lon="-107.092205"><ele>3563.0</ele><time>2026-04-12T15:45:10Z</time></rtept><rtept lat="37.589404" lon="-107.092199"><ele>3564.0</ele><time>2026-04-12T15:45:10Z</time></rtept><rtept lat="37.589382" lon="-107.092178"><ele>3564.0</ele><time>2026-04-12T15:45:10Z</time></rtept><rtept lat="37.589292" lon="-107.092138"><ele>3563.6</ele><time>2026-04-12T15:45:10Z</time></rtept><rtept lat="37.589218" lon="-107.092133"><ele>3564.0</ele><time>2026-04-12T15:45:10Z</time></rtept><rtept lat="37.589178" lon="-107.092122"><ele>3564.0</ele><time>2026-04-12T15:45:10Z</time></rtept><rtept lat="37.589147" lon="-107.092099"><ele>3564.0</ele><time>2026-04-12T15:45:10Z</time></rtept><rtept lat="37.589115" lon="-107.092086"><ele>3564.0</ele><time>2026-04-12T15:45:10Z</time></rtept><rtept lat="37.589007" lon="-107.09208"><ele>3564.0</ele><time>2026-04-12T15:45:10Z</time></rtept><rtept lat="37.588987" lon="-107.092092"><ele>3564.2</ele><time>2026-04-12T15:45:10Z</time></rtept><rtept lat="37.588949" lon="-107.092087"><ele>3564.2</ele><time>2026-04-12T15:45:10Z</time></rtept><rtept lat="37.588815" lon="-107.092136"><ele>3564.2</ele><time>2026-04-12T15:45:10Z</time></rtept><rtept lat="37.588532" lon="-107.092179"><ele>3566.4</ele><time>2026-04-12T15:45:10Z</time></rtept><rtept lat="37.588471" lon="-107.092198"><ele>3567.0</ele><time>2026-04-12T15:45:10Z</time></rtept><rtept lat="37.588435" lon="-107.092194"><ele>3567.0</ele><time>2026-04-12T15:45:10Z</time></rtept><rtept lat="37.58837" lon="-107.092171"><ele>3566.8</ele><time>2026-04-12T15:45:10Z</time></rtept><rtept lat="37.588339" lon="-107.092172"><ele>3566.8</ele><time>2026-04-12T15:45:10Z</time></rtept><rtept lat="37.588309" lon="-107.092187"><ele>3566.4</ele><time>2026-04-12T15:45:10Z</time></rtept><rtept lat="37.588239" lon="-107.092191"><ele>3565.0</ele><time>2026-04-12T15:45:10Z</time></rtept><rtept lat="37.588212" lon="-107.092205"><ele>3565.0</ele><time>2026-04-12T15:45:10Z</time></rtept><rtept lat="37.588183" lon="-107.092207"><ele>3563.2</ele><time>2026-04-12T15:45:10Z</time></rtept><rtept lat="37.588131" lon="-107.092227"><ele>3563.2</ele><time>2026-04-12T15:45:10Z</time></rtept><rtept lat="37.588056" lon="-107.092217"><ele>3561.2</ele><time>2026-04-12T15:45:10Z</time></rtept><rtept lat="37.587993" lon="-107.092222"><ele>3558.8</ele><time>2026-04-12T15:45:10Z</time></rtept><rtept lat="37.587895" lon="-107.092296"><ele>3555.4</ele><time>2026-04-12T15:45:10Z</time></rtept><rtept lat="37.587786" lon="-107.092312"><ele>3554.2</ele><time>2026-04-12T15:45:10Z</time></rtept><rtept lat="37.587762" lon="-107.092321"><ele>3553.6</ele><time>2026-04-12T15:45:10Z</time></rtept><rtept lat="37.587693" lon="-107.092368"><ele>3553.6</ele><time>2026-04-12T15:45:10Z</time></rtept><rtept lat="37.587607" lon="-107.092381"><ele>3553.2</ele><time>2026-04-12T15:45:10Z</time></rtept><rtept lat="37.587564" lon="-107.092406"><ele>3553.0</ele><time>2026-04-12T15:45:10Z</time></rtept><rtept lat="37.587496" lon="-107.09241"><ele>3552.8</ele><time>2026-04-12T15:45:10Z</time></rtept><rtept lat="37.587465" lon="-107.092428"><ele>3552.8</ele><time>2026-04-12T15:45:10Z</time></rtept><rtept lat="37.587414" lon="-107.09248"><ele>3552.8</ele><time>2026-04-12T15:45:10Z</time></rtept><rtept lat="37.587347" lon="-107.092477"><ele>3552.6</ele><time>2026-04-12T15:45:10Z</time></rtept><rtept lat="37.587274" lon="-107.092489"><ele>3552.4</ele><time>2026-04-12T15:45:10Z</time></rtept><rtept lat="37.587234" lon="-107.092478"><ele>3552.4</ele><time>2026-04-12T15:45:10Z</time></rtept><rtept lat="37.587195" lon="-107.092492"><ele>3552.4</ele><time>2026-04-12T15:45:10Z</time></rtept><rtept lat="37.587145" lon="-107.09253"><ele>3553.8</ele><time>2026-04-12T15:45:10Z</time></rtept><rtept lat="37.587086" lon="-107.09255"><ele>3554.0</ele><time>2026-04-12T15:45:10Z</time></rtept><rtept lat="37.587081" lon="-107.092576"><ele>3554.0</ele><time>2026-04-12T15:45:10Z</time></rtept><rtept lat="37.587001" lon="-107.092661"><ele>3556.2</ele><time>2026-04-12T15:45:10Z</time></rtept><rtept lat="37.58694" lon="-107.092648"><ele>3557.0</ele><time>2026-04-12T15:45:10Z</time></rtept><rtept lat="37.586834" lon="-107.092667"><ele>3560.0</ele><time>2026-04-12T15:45:10Z</time></rtept><rtept lat="37.586798" lon="-107.092647"><ele>3558.2</ele><time>2026-04-12T15:45:10Z</time></rtept><rtept lat="37.586733" lon="-107.09264"><ele>3558.8</ele><time>2026-04-12T15:45:10Z</time></rtept><rtept lat="37.586697" lon="-107.092618"><ele>3558.8</ele><time>2026-04-12T15:45:10Z</time></rtept><rtept lat="37.586653" lon="-107.092607"><ele>3559.6</ele><time>2026-04-12T15:45:10Z</time></rtept><rtept lat="37.586619" lon="-107.092622"><ele>3560.2</ele><time>2026-04-12T15:45:10Z</time></rtept><rtept lat="37.58651" lon="-107.092617"><ele>3561.0</ele><time>2026-04-12T15:45:10Z</time></rtept><rtept lat="37.586497" lon="-107.092625"><ele>3561.0</ele><time>2026-04-12T15:45:10Z</time></rtept><rtept lat="37.586452" lon="-107.092599"><ele>3561.6</ele><time>2026-04-12T15:45:10Z</time></rtept><rtept lat="37.586287" lon="-107.092618"><ele>3563.0</ele><time>2026-04-12T15:45:10Z</time></rtept><rtept lat="37.586204" lon="-107.092603"><ele>3564.6</ele><time>2026-04-12T15:45:10Z</time></rtept><rtept lat="37.586177" lon="-107.092597"><ele>3564.6</ele><time>2026-04-12T15:45:10Z</time></rtept><rtept lat="37.586" lon="-107.092564"><ele>3563.4</ele><time>2026-04-12T15:45:10Z</time></rtept><rtept lat="37.585833" lon="-107.092566"><ele>3564.6</ele><time>2026-04-12T15:45:10Z</time></rtept><rtept lat="37.585656" lon="-107.092529"><ele>3566.0</ele><time>2026-04-12T15:45:10Z</time></rtept><rtept lat="37.585546" lon="-107.092537"><ele>3566.2</ele><time>2026-04-12T15:45:10Z</time></rtept><rtept lat="37.585391" lon="-107.092496"><ele>3567.6</ele><time>2026-04-12T15:45:10Z</time></rtept><rtept lat="37.585352" lon="-107.092501"><ele>3567.6</ele><time>2026-04-12T15:45:10Z</time></rtept><rtept lat="37.585235" lon="-107.092496"><ele>3569.0</ele><time>2026-04-12T15:45:10Z</time></rtept><rtept lat="37.585136" lon="-107.092471"><ele>3565.6</ele><time>2026-04-12T15:45:10Z</time></rtept><rtept lat="37.585031" lon="-107.092465"><ele>3568.0</ele><time>2026-04-12T15:45:10Z</time></rtept><rtept lat="37.584954" lon="-107.092442"><ele>3569.2</ele><time>2026-04-12T15:45:10Z</time></rtept><rtept lat="37.584923" lon="-107.092445"><ele>3569.2</ele><time>2026-04-12T15:45:10Z</time></rtept><rtept lat="37.584892" lon="-107.092419"><ele>3570.6</ele><time>2026-04-12T15:45:10Z</time></rtept><rtept lat="37.584756" lon="-107.09234"><ele>3569.4</ele><time>2026-04-12T15:45:10Z</time></rtept><rtept lat="37.584729" lon="-107.092313"><ele>3565.2</ele><time>2026-04-12T15:45:10Z</time></rtept><rtept lat="37.584655" lon="-107.092296"><ele>3566.6</ele><time>2026-04-12T15:45:10Z</time></rtept><rtept lat="37.584523" lon="-107.092247"><ele>3569.6</ele><time>2026-04-12T15:45:10Z</time></rtept><rtept lat="37.5844" lon="-107.092225"><ele>3568.6</ele><time>2026-04-12T15:45:10Z</time></rtept><rtept lat="37.584364" lon="-107.092213"><ele>3569.6</ele><time>2026-04-12T15:45:10Z</time></rtept><rtept lat="37.584256" lon="-107.092213"><ele>3570.6</ele><time>2026-04-12T15:45:10Z</time></rtept><rtept lat="37.584111" lon="-107.092243"><ele>3575.6</ele><time>2026-04-12T15:45:10Z</time></rtept><rtept lat="37.583951" lon="-107.092252"><ele>3575.2</ele><time>2026-04-12T15:45:10Z</time></rtept><rtept lat="37.583747" lon="-107.092285"><ele>3572.6</ele><time>2026-04-12T15:45:10Z</time></rtept><rtept lat="37.583568" lon="-107.092342"><ele>3574.6</ele><time>2026-04-12T15:45:10Z</time></rtept><rtept lat="37.583428" lon="-107.092368"><ele>3572.4</ele><time>2026-04-12T15:45:10Z</time></rtept><rtept lat="37.583147" lon="-107.092485"><ele>3568.2</ele><time>2026-04-12T15:45:10Z</time></rtept><rtept lat="37.582935" lon="-107.092613"><ele>3567.6</ele><time>2026-04-12T15:45:10Z</time></rtept><rtept lat="37.582858" lon="-107.092653"><ele>3565.0</ele><time>2026-04-12T15:45:10Z</time></rtept><rtept lat="37.582592" lon="-107.092877"><ele>3565.0</ele><time>2026-04-12T15:45:10Z</time></rtept><rtept lat="37.582533" lon="-107.092948"><ele>3565.2</ele><time>2026-04-12T15:45:10Z</time></rtept><rtept lat="37.582498" lon="-107.092976"><ele>3565.2</ele><time>2026-04-12T15:45:10Z</time></rtept><rtept lat="37.58246" lon="-107.092993"><ele>3563.2</ele><time>2026-04-12T15:45:10Z</time></rtept><rtept lat="37.582367" lon="-107.093114"><ele>3565.2</ele><time>2026-04-12T15:45:10Z</time></rtept><rtept lat="37.582346" lon="-107.093166"><ele>3565.2</ele><time>2026-04-12T15:45:10Z</time></rtept><rtept lat="37.582323" lon="-107.093203"><ele>3564.8</ele><time>2026-04-12T15:45:10Z</time></rtept><rtept lat="37.582261" lon="-107.093267"><ele>3562.8</ele><time>2026-04-12T15:45:10Z</time></rtept><rtept lat="37.582218" lon="-107.093296"><ele>3564.2</ele><time>2026-04-12T15:45:10Z</time></rtept><rtept lat="37.582153" lon="-107.093383"><ele>3563.6</ele><time>2026-04-12T15:45:10Z</time></rtept><rtept lat="37.582052" lon="-107.093467"><ele>3560.4</ele><time>2026-04-12T15:45:10Z</time></rtept><rtept lat="37.582016" lon="-107.093486"><ele>3560.4</ele><time>2026-04-12T15:45:10Z</time></rtept><rtept lat="37.581975" lon="-107.093519"><ele>3558.0</ele><time>2026-04-12T15:45:10Z</time></rtept><rtept lat="37.581928" lon="-107.093626"><ele>3557.8</ele><time>2026-04-12T15:45:10Z</time></rtept><rtept lat="37.581855" lon="-107.093653"><ele>3555.8</ele><time>2026-04-12T15:45:10Z</time></rtept><rtept lat="37.581825" lon="-107.093695"><ele>3555.8</ele><time>2026-04-12T15:45:10Z</time></rtept><rtept lat="37.581813" lon="-107.093741"><ele>3556.6</ele><time>2026-04-12T15:45:10Z</time></rtept><rtept lat="37.581766" lon="-107.093758"><ele>3554.8</ele><time>2026-04-12T15:45:10Z</time></rtept><rtept lat="37.581697" lon="-107.093809"><ele>3554.2</ele><time>2026-04-12T15:45:10Z</time></rtept><rtept lat="37.581606" lon="-107.093851"><ele>3552.8</ele><time>2026-04-12T15:45:10Z</time></rtept><rtept lat="37.581437" lon="-107.093754"><ele>3550.6</ele><time>2026-04-12T15:45:10Z</time></rtept><rtept lat="37.581328" lon="-107.093697"><ele>3551.8</ele><time>2026-04-12T15:45:10Z</time></rtept><rtept lat="37.581201" lon="-107.093659"><ele>3553.0</ele><time>2026-04-12T15:45:10Z</time></rtept><rtept lat="37.581134" lon="-107.093667"><ele>3554.0</ele><time>2026-04-12T15:45:10Z</time></rtept><rtept lat="37.581087" lon="-107.093675"><ele>3554.8</ele><time>2026-04-12T15:45:10Z</time></rtept><rtept lat="37.581032" lon="-107.093708"><ele>3557.4</ele><time>2026-04-12T15:45:10Z</time></rtept><rtept lat="37.580991" lon="-107.09372"><ele>3557.4</ele><time>2026-04-12T15:45:10Z</time></rtept><rtept lat="37.580937" lon="-107.093701"><ele>3557.6</ele><time>2026-04-12T15:45:10Z</time></rtept><rtept lat="37.580869" lon="-107.093637"><ele>3555.4</ele><time>2026-04-12T15:45:10Z</time></rtept><rtept lat="37.580797" lon="-107.09362"><ele>3554.6</ele><time>2026-04-12T15:45:10Z</time></rtept><rtept lat="37.580726" lon="-107.093565"><ele>3551.4</ele><time>2026-04-12T15:45:10Z</time></rtept><rtept lat="37.580683" lon="-107.093541"><ele>3550.2</ele><time>2026-04-12T15:45:10Z</time></rtept><rtept lat="37.580526" lon="-107.093387"><ele>3543.6</ele><time>2026-04-12T15:45:10Z</time></rtept><rtept lat="37.580517" lon="-107.093382"><ele>3543.6</ele><time>2026-04-12T15:45:10Z</time></rtept><rtept lat="37.580481" lon="-107.093371"><ele>3542.6</ele><time>2026-04-12T15:45:10Z</time></rtept><rtept lat="37.580441" lon="-107.093374"><ele>3542.6</ele><time>2026-04-12T15:45:10Z</time></rtept><rtept lat="37.580362" lon="-107.093364"><ele>3540.8</ele><time>2026-04-12T15:45:10Z</time></rtept><rtept lat="37.580278" lon="-107.09339"><ele>3540.0</ele><time>2026-04-12T15:45:10Z</time></rtept><rtept lat="37.580195" lon="-107.093372"><ele>3539.4</ele><time>2026-04-12T15:45:10Z</time></rtept><rtept lat="37.580136" lon="-107.0934"><ele>3539.0</ele><time>2026-04-12T15:45:10Z</time></rtept><rtept lat="37.580074" lon="-107.093372"><ele>3538.8</ele><time>2026-04-12T15:45:10Z</time></rtept><rtept lat="37.58" lon="-107.093333"><ele>3537.0</ele><time>2026-04-12T15:45:10Z</time></rtept><rtept lat="37.579971" lon="-107.093306"><ele>3537.0</ele><time>2026-04-12T15:45:10Z</time></rtept><rtept lat="37.579948" lon="-107.093193"><ele>3535.8</ele><time>2026-04-12T15:45:10Z</time></rtept><rtept lat="37.579935" lon="-107.09316"><ele>3534.6</ele><time>2026-04-12T15:45:10Z</time></rtept><rtept lat="37.579847" lon="-107.093169"><ele>3534.8</ele><time>2026-04-12T15:45:10Z</time></rtept><rtept lat="37.579772" lon="-107.09312"><ele>3535.2</ele><time>2026-04-12T15:45:10Z</time></rtept><rtept lat="37.579651" lon="-107.093097"><ele>3536.2</ele><time>2026-04-12T15:45:10Z</time></rtept><rtept lat="37.579606" lon="-107.093079"><ele>3535.2</ele><time>2026-04-12T15:45:10Z</time></rtept><rtept lat="37.579535" lon="-107.093025"><ele>3536.0</ele><time>2026-04-12T15:45:10Z</time></rtept><rtept lat="37.579499" lon="-107.093017"><ele>3536.0</ele><time>2026-04-12T15:45:10Z</time></rtept><rtept lat="37.579418" lon="-107.09297"><ele>3535.0</ele><time>2026-04-12T15:45:10Z</time></rtept><rtept lat="37.579347" lon="-107.092908"><ele>3534.0</ele><time>2026-04-12T15:45:10Z</time></rtept><rtept lat="37.579337" lon="-107.092872"><ele>3534.8</ele><time>2026-04-12T15:45:10Z</time></rtept><rtept lat="37.579313" lon="-107.092851"><ele>3534.8</ele><time>2026-04-12T15:45:10Z</time></rtept><rtept lat="37.57918" lon="-107.092799"><ele>3534.6</ele><time>2026-04-12T15:45:10Z</time></rtept><rtept lat="37.579106" lon="-107.092809"><ele>3535.4</ele><time>2026-04-12T15:45:10Z</time></rtept><rtept lat="37.579077" lon="-107.092796"><ele>3535.4</ele><time>2026-04-12T15:45:10Z</time></rtept><rtept lat="37.579055" lon="-107.092774"><ele>3536.2</ele><time>2026-04-12T15:45:10Z</time></rtept><rtept lat="37.579016" lon="-107.092818"><ele>3536.2</ele><time>2026-04-12T15:45:10Z</time></rtept><rtept lat="37.578988" lon="-107.092748"><ele>3535.0</ele><time>2026-04-12T15:45:10Z</time></rtept><rtept lat="37.57897" lon="-107.092719"><ele>3535.0</ele><time>2026-04-12T15:45:10Z</time></rtept><rtept lat="37.57893" lon="-107.092561"><ele>3532.0</ele><time>2026-04-12T15:45:10Z</time></rtept><rtept lat="37.578809" lon="-107.092523"><ele>3532.8</ele><time>2026-04-12T15:45:10Z</time></rtept><rtept lat="37.578769" lon="-107.092488"><ele>3531.6</ele><time>2026-04-12T15:45:10Z</time></rtept><rtept lat="37.578693" lon="-107.092459"><ele>3532.4</ele><time>2026-04-12T15:45:10Z</time></rtept><rtept lat="37.578582" lon="-107.092382"><ele>3532.8</ele><time>2026-04-12T15:45:10Z</time></rtept><rtept lat="37.578543" lon="-107.092385"><ele>3532.8</ele><time>2026-04-12T15:45:10Z</time></rtept><rtept lat="37.578442" lon="-107.09237"><ele>3534.6</ele><time>2026-04-12T15:45:10Z</time></rtept><rtept lat="37.578371" lon="-107.092345"><ele>3535.6</ele><time>2026-04-12T15:45:10Z</time></rtept><rtept lat="37.578056" lon="-107.092152"><ele>3537.0</ele><time>2026-04-12T15:45:10Z</time></rtept><rtept lat="37.577854" lon="-107.092004"><ele>3537.4</ele><time>2026-04-12T15:45:10Z</time></rtept><rtept lat="37.577707" lon="-107.091924"><ele>3537.0</ele><time>2026-04-12T15:45:10Z</time></rtept><rtept lat="37.577583" lon="-107.091902"><ele>3537.2</ele><time>2026-04-12T15:45:10Z</time></rtept><rtept lat="37.577466" lon="-107.091901"><ele>3536.6</ele><time>2026-04-12T15:45:10Z</time></rtept><rtept lat="37.577419" lon="-107.091887"><ele>3533.6</ele><time>2026-04-12T15:45:10Z</time></rtept><rtept lat="37.577381" lon="-107.091865"><ele>3533.6</ele><time>2026-04-12T15:45:10Z</time></rtept><rtept lat="37.57732" lon="-107.091811"><ele>3534.6</ele><time>2026-04-12T15:45:10Z</time></rtept><rtept lat="37.57727" lon="-107.091738"><ele>3534.2</ele><time>2026-04-12T15:45:10Z</time></rtept><rtept lat="37.577225" lon="-107.091727"><ele>3536.4</ele><time>2026-04-12T15:45:10Z</time></rtept><rtept lat="37.577176" lon="-107.091727"><ele>3536.4</ele><time>2026-04-12T15:45:10Z</time></rtept><rtept lat="37.577148" lon="-107.091688"><ele>3535.6</ele><time>2026-04-12T15:45:10Z</time></rtept><rtept lat="37.57713" lon="-107.091648"><ele>3535.6</ele><time>2026-04-12T15:45:10Z</time></rtept><rtept lat="37.577075" lon="-107.091587"><ele>3534.6</ele><time>2026-04-12T15:45:10Z</time></rtept><rtept lat="37.576986" lon="-107.091507"><ele>3533.6</ele><time>2026-04-12T15:45:10Z</time></rtept><rtept lat="37.576962" lon="-107.091469"><ele>3535.2</ele><time>2026-04-12T15:45:10Z</time></rtept><rtept lat="37.576841" lon="-107.091337"><ele>3536.8</ele><time>2026-04-12T15:45:10Z</time></rtept><rtept lat="37.576701" lon="-107.091206"><ele>3541.4</ele><time>2026-04-12T15:45:10Z</time></rtept><rtept lat="37.576653" lon="-107.091124"><ele>3543.4</ele><time>2026-04-12T15:45:10Z</time></rtept><rtept lat="37.576589" lon="-107.091066"><ele>3544.2</ele><time>2026-04-12T15:45:10Z</time></rtept><rtept lat="37.576574" lon="-107.091022"><ele>3542.8</ele><time>2026-04-12T15:45:10Z</time></rtept><rtept lat="37.576504" lon="-107.090903"><ele>3543.0</ele><time>2026-04-12T15:45:10Z</time></rtept><rtept lat="37.576471" lon="-107.090821"><ele>3542.8</ele><time>2026-04-12T15:45:10Z</time></rtept><rtept lat="37.576449" lon="-107.090787"><ele>3542.8</ele><time>2026-04-12T15:45:10Z</time></rtept><rtept lat="37.576378" lon="-107.090717"><ele>3542.6</ele><time>2026-04-12T15:45:10Z</time></rtept><rtept lat="37.576339" lon="-107.090661"><ele>3542.0</ele><time>2026-04-12T15:45:10Z</time></rtept><rtept lat="37.576286" lon="-107.090611"><ele>3542.0</ele><time>2026-04-12T15:45:10Z</time></rtept><rtept lat="37.576229" lon="-107.090496"><ele>3539.2</ele><time>2026-04-12T15:45:10Z</time></rtept><rtept lat="37.576116" lon="-107.090381"><ele>3538.6</ele><time>2026-04-12T15:45:10Z</time></rtept><rtept lat="37.575991" lon="-107.090208"><ele>3537.8</ele><time>2026-04-12T15:45:10Z</time></rtept><rtept lat="37.575963" lon="-107.090151"><ele>3537.4</ele><time>2026-04-12T15:45:10Z</time></rtept><rtept lat="37.575938" lon="-107.090118"><ele>3539.6</ele><time>2026-04-12T15:45:10Z</time></rtept><rtept lat="37.575876" lon="-107.090064"><ele>3539.2</ele><time>2026-04-12T15:45:10Z</time></rtept><rtept lat="37.575828" lon="-107.090002"><ele>3541.0</ele><time>2026-04-12T15:45:10Z</time></rtept><rtept lat="37.575801" lon="-107.089978"><ele>3543.2</ele><time>2026-04-12T15:45:10Z</time></rtept><rtept lat="37.575601" lon="-107.089821"><ele>3547.2</ele><time>2026-04-12T15:45:10Z</time></rtept><rtept lat="37.575515" lon="-107.089768"><ele>3548.8</ele><time>2026-04-12T15:45:10Z</time></rtept><rtept lat="37.575463" lon="-107.089726"><ele>3550.4</ele><time>2026-04-12T15:45:10Z</time></rtept><rtept lat="37.575433" lon="-107.089667"><ele>3550.4</ele><time>2026-04-12T15:45:10Z</time></rtept><rtept lat="37.575389" lon="-107.089609"><ele>3552.0</ele><time>2026-04-12T15:45:10Z</time></rtept><rtept lat="37.575359" lon="-107.08954"><ele>3551.4</ele><time>2026-04-12T15:45:10Z</time></rtept><rtept lat="37.575321" lon="-107.08948"><ele>3552.6</ele><time>2026-04-12T15:45:10Z</time></rtept><rtept lat="37.575259" lon="-107.089419"><ele>3554.8</ele><time>2026-04-12T15:45:10Z</time></rtept><rtept lat="37.575125" lon="-107.089251"><ele>3557.4</ele><time>2026-04-12T15:45:10Z</time></rtept><rtept lat="37.57493" lon="-107.088923"><ele>3555.2</ele><time>2026-04-12T15:45:10Z</time></rtept><rtept lat="37.574842" lon="-107.088801"><ele>3555.6</ele><time>2026-04-12T15:45:10Z</time></rtept><rtept lat="37.574806" lon="-107.088696"><ele>3553.8</ele><time>2026-04-12T15:45:10Z</time></rtept><rtept lat="37.574786" lon="-107.088657"><ele>3556.0</ele><time>2026-04-12T15:45:10Z</time></rtept><rtept lat="37.574735" lon="-107.088603"><ele>3554.8</ele><time>2026-04-12T15:45:10Z</time></rtept><rtept lat="37.574685" lon="-107.088532"><ele>3557.6</ele><time>2026-04-12T15:45:10Z</time></rtept><rtept lat="37.57456" lon="-107.088456"><ele>3560.6</ele><time>2026-04-12T15:45:10Z</time></rtept><rtept lat="37.574494" lon="-107.08836"><ele>3563.4</ele><time>2026-04-12T15:45:10Z</time></rtept><rtept lat="37.574466" lon="-107.088288"><ele>3566.0</ele><time>2026-04-12T15:45:10Z</time></rtept><rtept lat="37.574458" lon="-107.08825"><ele>3566.0</ele><time>2026-04-12T15:45:10Z</time></rtept><rtept lat="37.574452" lon="-107.088168"><ele>3569.0</ele><time>2026-04-12T15:45:10Z</time></rtept><rtept lat="37.574444" lon="-107.088129"><ele>3572.8</ele><time>2026-04-12T15:45:10Z</time></rtept><rtept lat="37.574431" lon="-107.088095"><ele>3574.6</ele><time>2026-04-12T15:45:10Z</time></rtept><rtept lat="37.574396" lon="-107.088042"><ele>3574.6</ele><time>2026-04-12T15:45:10Z</time></rtept><rtept lat="37.57439" lon="-107.088006"><ele>3575.4</ele><time>2026-04-12T15:45:10Z</time></rtept><rtept lat="37.574394" lon="-107.087933"><ele>3576.0</ele><time>2026-04-12T15:45:10Z</time></rtept><rtept lat="37.574459" lon="-107.087885"><ele>3573.6</ele><time>2026-04-12T15:45:10Z</time></rtept><rtept lat="37.574493" lon="-107.087804"><ele>3574.4</ele><time>2026-04-12T15:45:10Z</time></rtept><rtept lat="37.574476" lon="-107.087739"><ele>3575.0</ele><time>2026-04-12T15:45:10Z</time></rtept><rtept lat="37.574467" lon="-107.087583"><ele>3576.0</ele><time>2026-04-12T15:45:10Z</time></rtept><rtept lat="37.574455" lon="-107.087527"><ele>3576.0</ele><time>2026-04-12T15:45:10Z</time></rtept><rtept lat="37.574414" lon="-107.087402"><ele>3578.2</ele><time>2026-04-12T15:45:10Z</time></rtept><rtept lat="37.574362" lon="-107.087295"><ele>3580.0</ele><time>2026-04-12T15:45:10Z</time></rtept><rtept lat="37.574345" lon="-107.087207"><ele>3580.0</ele><time>2026-04-12T15:45:10Z</time></rtept><rtept lat="37.57433" lon="-107.087165"><ele>3580.0</ele><time>2026-04-12T15:45:10Z</time></rtept><rtept lat="37.574267" lon="-107.087048"><ele>3581.2</ele><time>2026-04-12T15:45:10Z</time></rtept><rtept lat="37.574235" lon="-107.086965"><ele>3582.2</ele><time>2026-04-12T15:45:10Z</time></rtept><rtept lat="37.574216" lon="-107.086877"><ele>3582.0</ele><time>2026-04-12T15:45:10Z</time></rtept><rtept lat="37.574201" lon="-107.086838"><ele>3582.0</ele><time>2026-04-12T15:45:10Z</time></rtept><rtept lat="37.574092" lon="-107.086613"><ele>3582.8</ele><time>2026-04-12T15:45:10Z</time></rtept><rtept lat="37.574015" lon="-107.086504"><ele>3583.2</ele><time>2026-04-12T15:45:10Z</time></rtept><rtept lat="37.573969" lon="-107.086425"><ele>3583.8</ele><time>2026-04-12T15:45:10Z</time></rtept><rtept lat="37.573896" lon="-107.086269"><ele>3584.8</ele><time>2026-04-12T15:45:10Z</time></rtept><rtept lat="37.573846" lon="-107.086138"><ele>3584.4</ele><time>2026-04-12T15:45:10Z</time></rtept><rtept lat="37.573838" lon="-107.086092"><ele>3584.4</ele><time>2026-04-12T15:45:10Z</time></rtept><rtept lat="37.573827" lon="-107.085962"><ele>3585.2</ele><time>2026-04-12T15:45:10Z</time></rtept><rtept lat="37.57383" lon="-107.085914"><ele>3585.2</ele><time>2026-04-12T15:45:10Z</time></rtept><rtept lat="37.573847" lon="-107.085835"><ele>3585.2</ele><time>2026-04-12T15:45:10Z</time></rtept><rtept lat="37.573823" lon="-107.085764"><ele>3587.2</ele><time>2026-04-12T15:45:10Z</time></rtept><rtept lat="37.573824" lon="-107.085727"><ele>3587.2</ele><time>2026-04-12T15:45:10Z</time></rtept><rtept lat="37.573836" lon="-107.085702"><ele>3587.6</ele><time>2026-04-12T15:45:10Z</time></rtept><rtept lat="37.573866" lon="-107.085493"><ele>3591.2</ele><time>2026-04-12T15:45:10Z</time></rtept><rtept lat="37.573853" lon="-107.085388"><ele>3592.8</ele><time>2026-04-12T15:45:10Z</time></rtept><rtept lat="37.57384" lon="-107.085192"><ele>3597.4</ele><time>2026-04-12T15:45:10Z</time></rtept><rtept lat="37.573851" lon="-107.085102"><ele>3598.2</ele><time>2026-04-12T15:45:10Z</time></rtept><rtept lat="37.573845" lon="-107.084934"><ele>3599.2</ele><time>2026-04-12T15:45:10Z</time></rtept><rtept lat="37.573846" lon="-107.084729"><ele>3600.0</ele><time>2026-04-12T15:45:10Z</time></rtept><rtept lat="37.57383" lon="-107.084642"><ele>3601.6</ele><time>2026-04-12T15:45:10Z</time></rtept><rtept lat="37.573838" lon="-107.084551"><ele>3600.6</ele><time>2026-04-12T15:45:10Z</time></rtept><rtept lat="37.573838" lon="-107.084302"><ele>3602.6</ele><time>2026-04-12T15:45:10Z</time></rtept><rtept lat="37.573824" lon="-107.084177"><ele>3604.8</ele><time>2026-04-12T15:45:10Z</time></rtept><rtept lat="37.573792" lon="-107.08399"><ele>3608.2</ele><time>2026-04-12T15:45:10Z</time></rtept><rtept lat="37.57378" lon="-107.083867"><ele>3609.4</ele><time>2026-04-12T15:45:10Z</time></rtept><rtept lat="37.573767" lon="-107.083827"><ele>3609.4</ele><time>2026-04-12T15:45:10Z</time></rtept><rtept lat="37.573694" lon="-107.083675"><ele>3613.4</ele><time>2026-04-12T15:45:10Z</time></rtept><rtept lat="37.573679" lon="-107.083632"><ele>3613.6</ele><time>2026-04-12T15:45:10Z</time></rtept><rtept lat="37.573664" lon="-107.083546"><ele>3613.4</ele><time>2026-04-12T15:45:10Z</time></rtept><rtept lat="37.57363" lon="-107.083476"><ele>3614.2</ele><time>2026-04-12T15:45:10Z</time></rtept><rtept lat="37.57357" lon="-107.083413"><ele>3614.2</ele><time>2026-04-12T15:45:10Z</time></rtept><rtept lat="37.573535" lon="-107.083365"><ele>3615.8</ele><time>2026-04-12T15:45:10Z</time></rtept><rtept lat="37.573488" lon="-107.083334"><ele>3617.8</ele><time>2026-04-12T15:45:10Z</time></rtept><rtept lat="37.573486" lon="-107.083319"><ele>3617.8</ele><time>2026-04-12T15:45:10Z</time></rtept><rtept lat="37.573448" lon="-107.08329"><ele>3618.4</ele><time>2026-04-12T15:45:10Z</time></rtept><rtept lat="37.573428" lon="-107.083253"><ele>3618.4</ele><time>2026-04-12T15:45:10Z</time></rtept><rtept lat="37.573355" lon="-107.083201"><ele>3623.0</ele><time>2026-04-12T15:45:10Z</time></rtept><rtept lat="37.573328" lon="-107.083192"><ele>3623.0</ele><time>2026-04-12T15:45:10Z</time></rtept><rtept lat="37.57327" lon="-107.083192"><ele>3624.0</ele><time>2026-04-12T15:45:10Z</time></rtept><rtept lat="37.573183" lon="-107.083123"><ele>3625.0</ele><time>2026-04-12T15:45:10Z</time></rtept><rtept lat="37.57304" lon="-107.082929"><ele>3626.2</ele><time>2026-04-12T15:45:10Z</time></rtept><rtept lat="37.572996" lon="-107.082843"><ele>3626.8</ele><time>2026-04-12T15:45:10Z</time></rtept><rtept lat="37.57297" lon="-107.082816"><ele>3626.8</ele><time>2026-04-12T15:45:10Z</time></rtept><rtept lat="37.5728" lon="-107.082588"><ele>3629.4</ele><time>2026-04-12T15:45:10Z</time></rtept><rtept lat="37.572755" lon="-107.0825"><ele>3629.2</ele><time>2026-04-12T15:45:10Z</time></rtept><rtept lat="37.572675" lon="-107.082257"><ele>3631.0</ele><time>2026-04-12T15:45:10Z</time></rtept><rtept lat="37.572602" lon="-107.082077"><ele>3630.6</ele><time>2026-04-12T15:45:10Z</time></rtept><rtept lat="37.572549" lon="-107.081914"><ele>3628.4</ele><time>2026-04-12T15:45:10Z</time></rtept><rtept lat="37.572486" lon="-107.081754"><ele>3625.6</ele><time>2026-04-12T15:45:10Z</time></rtept><rtept lat="37.572433" lon="-107.081701"><ele>3625.4</ele><time>2026-04-12T15:45:10Z</time></rtept><rtept lat="37.57231" lon="-107.081552"><ele>3622.0</ele><time>2026-04-12T15:45:10Z</time></rtept><rtept lat="37.572191" lon="-107.081385"><ele>3619.8</ele><time>2026-04-12T15:45:10Z</time></rtept><rtept lat="37.572127" lon="-107.081311"><ele>3619.0</ele><time>2026-04-12T15:45:10Z</time></rtept><rtept lat="37.572091" lon="-107.081286"><ele>3619.0</ele><time>2026-04-12T15:45:10Z</time></rtept><rtept lat="37.572008" lon="-107.081174"><ele>3618.4</ele><time>2026-04-12T15:45:10Z</time></rtept><rtept lat="37.571969" lon="-107.081152"><ele>3618.2</ele><time>2026-04-12T15:45:10Z</time></rtept><rtept lat="37.571879" lon="-107.081072"><ele>3618.6</ele><time>2026-04-12T15:45:10Z</time></rtept><rtept lat="37.57183" lon="-107.081009"><ele>3620.6</ele><time>2026-04-12T15:45:10Z</time></rtept><rtept lat="37.571795" lon="-107.080935"><ele>3620.4</ele><time>2026-04-12T15:45:10Z</time></rtept><rtept lat="37.571751" lon="-107.080769"><ele>3621.8</ele><time>2026-04-12T15:45:10Z</time></rtept><rtept lat="37.571644" lon="-107.080463"><ele>3625.4</ele><time>2026-04-12T15:45:10Z</time></rtept><rtept lat="37.571618" lon="-107.080372"><ele>3625.2</ele><time>2026-04-12T15:45:10Z</time></rtept><rtept lat="37.571572" lon="-107.080294"><ele>3626.6</ele><time>2026-04-12T15:45:10Z</time></rtept><rtept lat="37.571423" lon="-107.079965"><ele>3628.2</ele><time>2026-04-12T15:45:10Z</time></rtept><rtept lat="37.571253" lon="-107.079501"><ele>3625.0</ele><time>2026-04-12T15:45:10Z</time></rtept><rtept lat="37.57123" lon="-107.079405"><ele>3625.2</ele><time>2026-04-12T15:45:10Z</time></rtept><rtept lat="37.571226" lon="-107.079362"><ele>3623.6</ele><time>2026-04-12T15:45:10Z</time></rtept><rtept lat="37.571213" lon="-107.079321"><ele>3623.6</ele><time>2026-04-12T15:45:10Z</time></rtept><rtept lat="37.571168" lon="-107.079208"><ele>3624.0</ele><time>2026-04-12T15:45:10Z</time></rtept><rtept lat="37.571098" lon="-107.079096"><ele>3622.2</ele><time>2026-04-12T15:45:10Z</time></rtept><rtept lat="37.571039" lon="-107.078967"><ele>3622.6</ele><time>2026-04-12T15:45:10Z</time></rtept><rtept lat="37.571007" lon="-107.078877"><ele>3620.6</ele><time>2026-04-12T15:45:10Z</time></rtept><rtept lat="37.570901" lon="-107.078522"><ele>3619.0</ele><time>2026-04-12T15:45:10Z</time></rtept><rtept lat="37.570881" lon="-107.078474"><ele>3617.4</ele><time>2026-04-12T15:45:10Z</time></rtept><rtept lat="37.570869" lon="-107.078426"><ele>3617.4</ele><time>2026-04-12T15:45:10Z</time></rtept><rtept lat="37.57087" lon="-107.078381"><ele>3615.8</ele><time>2026-04-12T15:45:10Z</time></rtept><rtept lat="37.570836" lon="-107.078246"><ele>3615.6</ele><time>2026-04-12T15:45:10Z</time></rtept><rtept lat="37.570822" lon="-107.078146"><ele>3614.6</ele><time>2026-04-12T15:45:10Z</time></rtept><rtept lat="37.570804" lon="-107.078123"><ele>3614.6</ele><time>2026-04-12T15:45:10Z</time></rtept><rtept lat="37.570791" lon="-107.078087"><ele>3614.6</ele><time>2026-04-12T15:45:10Z</time></rtept><rtept lat="37.570824" lon="-107.077891"><ele>3611.8</ele><time>2026-04-12T15:45:10Z</time></rtept><rtept lat="37.570836" lon="-107.077864"><ele>3611.8</ele><time>2026-04-12T15:45:10Z</time></rtept><rtept lat="37.570862" lon="-107.077754"><ele>3609.2</ele><time>2026-04-12T15:45:10Z</time></rtept><rtept lat="37.570885" lon="-107.0775"><ele>3607.6</ele><time>2026-04-12T15:45:10Z</time></rtept><rtept lat="37.570902" lon="-107.077424"><ele>3607.6</ele><time>2026-04-12T15:45:10Z</time></rtept><rtept lat="37.570931" lon="-107.077341"><ele>3605.4</ele><time>2026-04-12T15:45:10Z</time></rtept><rtept lat="37.570931" lon="-107.077292"><ele>3604.8</ele><time>2026-04-12T15:45:10Z</time></rtept><rtept lat="37.570943" lon="-107.077271"><ele>3604.8</ele><time>2026-04-12T15:45:10Z</time></rtept><rtept lat="37.570953" lon="-107.077219"><ele>3604.8</ele><time>2026-04-12T15:45:10Z</time></rtept><rtept lat="37.570979" lon="-107.077164"><ele>3602.6</ele><time>2026-04-12T15:45:10Z</time></rtept><rtept lat="37.571022" lon="-107.077135"><ele>3602.6</ele><time>2026-04-12T15:45:10Z</time></rtept><rtept lat="37.571053" lon="-107.077056"><ele>3601.6</ele><time>2026-04-12T15:45:10Z</time></rtept><rtept lat="37.571055" lon="-107.076925"><ele>3600.6</ele><time>2026-04-12T15:45:10Z</time></rtept><rtept lat="37.57108" lon="-107.076906"><ele>3600.6</ele><time>2026-04-12T15:45:10Z</time></rtept><rtept lat="37.571122" lon="-107.07685"><ele>3599.8</ele><time>2026-04-12T15:45:10Z</time></rtept><rtept lat="37.571143" lon="-107.076791"><ele>3599.8</ele><time>2026-04-12T15:45:10Z</time></rtept><rtept lat="37.571142" lon="-107.07671"><ele>3598.4</ele><time>2026-04-12T15:45:10Z</time></rtept><rtept lat="37.571181" lon="-107.076659"><ele>3596.4</ele><time>2026-04-12T15:45:10Z</time></rtept><rtept lat="37.57118" lon="-107.076611"><ele>3594.8</ele><time>2026-04-12T15:45:10Z</time></rtept><rtept lat="37.571199" lon="-107.076574"><ele>3593.4</ele><time>2026-04-12T15:45:10Z</time></rtept><rtept lat="37.571235" lon="-107.076442"><ele>3591.0</ele><time>2026-04-12T15:45:10Z</time></rtept><rtept lat="37.571238" lon="-107.076395"><ele>3591.0</ele><time>2026-04-12T15:45:10Z</time></rtept><rtept lat="37.57126" lon="-107.076305"><ele>3589.2</ele><time>2026-04-12T15:45:10Z</time></rtept><rtept lat="37.571314" lon="-107.07618"><ele>3589.2</ele><time>2026-04-12T15:45:10Z</time></rtept><rtept lat="37.571358" lon="-107.076104"><ele>3588.0</ele><time>2026-04-12T15:45:10Z</time></rtept><rtept lat="37.571361" lon="-107.076055"><ele>3588.2</ele><time>2026-04-12T15:45:10Z</time></rtept><rtept lat="37.571352" lon="-107.07591"><ele>3588.6</ele><time>2026-04-12T15:45:10Z</time></rtept><rtept lat="37.571381" lon="-107.075818"><ele>3589.0</ele><time>2026-04-12T15:45:10Z</time></rtept><rtept lat="37.571389" lon="-107.075768"><ele>3587.8</ele><time>2026-04-12T15:45:10Z</time></rtept><rtept lat="37.571386" lon="-107.075676"><ele>3589.0</ele><time>2026-04-12T15:45:10Z</time></rtept><rtept lat="37.571392" lon="-107.07554"><ele>3595.0</ele><time>2026-04-12T15:45:10Z</time></rtept><rtept lat="37.571446" lon="-107.075089"><ele>3594.2</ele><time>2026-04-12T15:45:10Z</time></rtept><rtept lat="37.571474" lon="-107.074998"><ele>3589.8</ele><time>2026-04-12T15:45:10Z</time></rtept><rtept lat="37.57154" lon="-107.074845"><ele>3587.4</ele><time>2026-04-12T15:45:10Z</time></rtept><rtept lat="37.571548" lon="-107.074777"><ele>3587.2</ele><time>2026-04-12T15:45:10Z</time></rtept><rtept lat="37.571577" lon="-107.074682"><ele>3587.0</ele><time>2026-04-12T15:45:10Z</time></rtept><rtept lat="37.571636" lon="-107.074622"><ele>3585.8</ele><time>2026-04-12T15:45:10Z</time></rtept><rtept lat="37.571651" lon="-107.07431"><ele>3584.2</ele><time>2026-04-12T15:45:10Z</time></rtept><rtept lat="37.571739" lon="-107.074181"><ele>3581.2</ele><time>2026-04-12T15:45:10Z</time></rtept><rtept lat="37.571952" lon="-107.073701"><ele>3578.0</ele><time>2026-04-12T15:45:10Z</time></rtept><rtept lat="37.571996" lon="-107.073613"><ele>3574.8</ele><time>2026-04-12T15:45:10Z</time></rtept><rtept lat="37.572091" lon="-107.073484"><ele>3572.2</ele><time>2026-04-12T15:45:10Z</time></rtept><rtept lat="37.572105" lon="-107.073474"><ele>3572.2</ele><time>2026-04-12T15:45:10Z</time></rtept><rtept lat="37.572123" lon="-107.073467"><ele>3572.2</ele><time>2026-04-12T15:45:10Z</time></rtept><rtept lat="37.572195" lon="-107.073462"><ele>3572.2</ele><time>2026-04-12T15:45:10Z</time></rtept><rtept lat="37.57226" lon="-107.073469"><ele>3571.8</ele><time>2026-04-12T15:45:10Z</time></rtept><rtept lat="37.57233" lon="-107.073448"><ele>3571.4</ele><time>2026-04-12T15:45:10Z</time></rtept><rtept lat="37.57236" lon="-107.073448"><ele>3570.8</ele><time>2026-04-12T15:45:10Z</time></rtept><rtept lat="37.572417" lon="-107.073417"><ele>3569.2</ele><time>2026-04-12T15:45:10Z</time></rtept><rtept lat="37.572474" lon="-107.073374"><ele>3568.2</ele><time>2026-04-12T15:45:10Z</time></rtept><rtept lat="37.572515" lon="-107.07336"><ele>3568.2</ele><time>2026-04-12T15:45:10Z</time></rtept><rtept lat="37.57254" lon="-107.073335"><ele>3567.6</ele><time>2026-04-12T15:45:10Z</time></rtept><rtept lat="37.572586" lon="-107.073269"><ele>3566.6</ele><time>2026-04-12T15:45:10Z</time></rtept><rtept lat="37.572596" lon="-107.073231"><ele>3566.0</ele><time>2026-04-12T15:45:10Z</time></rtept><rtept lat="37.572649" lon="-107.073177"><ele>3564.0</ele><time>2026-04-12T15:45:10Z</time></rtept><rtept lat="37.572678" lon="-107.073149"><ele>3564.0</ele><time>2026-04-12T15:45:10Z</time></rtept><rtept lat="37.572721" lon="-107.073136"><ele>3562.8</ele><time>2026-04-12T15:45:10Z</time></rtept><rtept lat="37.572904" lon="-107.072981"><ele>3561.4</ele><time>2026-04-12T15:45:10Z</time></rtept><rtept lat="37.572978" lon="-107.072879"><ele>3563.0</ele><time>2026-04-12T15:45:10Z</time></rtept><rtept lat="37.573006" lon="-107.072816"><ele>3564.6</ele><time>2026-04-12T15:45:10Z</time></rtept><rtept lat="37.573039" lon="-107.072762"><ele>3563.8</ele><time>2026-04-12T15:45:10Z</time></rtept><rtept lat="37.57322" lon="-107.072558"><ele>3570.8</ele><time>2026-04-12T15:45:10Z</time></rtept><rtept lat="37.573273" lon="-107.072519"><ele>3571.6</ele><time>2026-04-12T15:45:10Z</time></rtept><rtept lat="37.573435" lon="-107.072505"><ele>3574.0</ele><time>2026-04-12T15:45:10Z</time></rtept><rtept lat="37.573476" lon="-107.072512"><ele>3574.0</ele><time>2026-04-12T15:45:10Z</time></rtept><rtept lat="37.573548" lon="-107.072511"><ele>3574.8</ele><time>2026-04-12T15:45:10Z</time></rtept><rtept lat="37.573595" lon="-107.072522"><ele>3576.0</ele><time>2026-04-12T15:45:10Z</time></rtept><rtept lat="37.573705" lon="-107.072522"><ele>3578.8</ele><time>2026-04-12T15:45:10Z</time></rtept><rtept lat="37.573847" lon="-107.072557"><ele>3581.8</ele><time>2026-04-12T15:45:10Z</time></rtept><rtept lat="37.573953" lon="-107.07254"><ele>3583.2</ele><time>2026-04-12T15:45:10Z</time></rtept><rtept lat="37.573969" lon="-107.072546"><ele>3583.2</ele><time>2026-04-12T15:45:10Z</time></rtept><rtept lat="37.574016" lon="-107.072527"><ele>3584.4</ele><time>2026-04-12T15:45:10Z</time></rtept><rtept lat="37.574059" lon="-107.07252"><ele>3585.4</ele><time>2026-04-12T15:45:10Z</time></rtept><rtept lat="37.574188" lon="-107.072472"><ele>3589.8</ele><time>2026-04-12T15:45:10Z</time></rtept><rtept lat="37.574225" lon="-107.072452"><ele>3589.8</ele><time>2026-04-12T15:45:10Z</time></rtept><rtept lat="37.574234" lon="-107.072458"><ele>3589.8</ele><time>2026-04-12T15:45:10Z</time></rtept><rtept lat="37.574304" lon="-107.072421"><ele>3589.8</ele><time>2026-04-12T15:45:10Z</time></rtept><rtept lat="37.574404" lon="-107.072411"><ele>3589.8</ele><time>2026-04-12T15:45:10Z</time></rtept><rtept lat="37.57443" lon="-107.072418"><ele>3589.8</ele><time>2026-04-12T15:45:10Z</time></rtept><rtept lat="37.574462" lon="-107.072405"><ele>3592.0</ele><time>2026-04-12T15:45:10Z</time></rtept><rtept lat="37.574489" lon="-107.072407"><ele>3592.0</ele><time>2026-04-12T15:45:10Z</time></rtept><rtept lat="37.574569" lon="-107.072369"><ele>3591.6</ele><time>2026-04-12T15:45:10Z</time></rtept><rtept lat="37.574582" lon="-107.072369"><ele>3591.6</ele><time>2026-04-12T15:45:10Z</time></rtept><rtept lat="37.574628" lon="-107.072322"><ele>3593.2</ele><time>2026-04-12T15:45:10Z</time></rtept><rtept lat="37.574656" lon="-107.072245"><ele>3592.4</ele><time>2026-04-12T15:45:10Z</time></rtept><rtept lat="37.574706" lon="-107.072139"><ele>3598.0</ele><time>2026-04-12T15:45:10Z</time></rtept><rtept lat="37.574717" lon="-107.072107"><ele>3598.0</ele><time>2026-04-12T15:45:10Z</time></rtept><rtept lat="37.57475" lon="-107.071898"><ele>3601.0</ele><time>2026-04-12T15:45:10Z</time></rtept><rtept lat="37.574774" lon="-107.071841"><ele>3602.0</ele><time>2026-04-12T15:45:10Z</time></rtept><rtept lat="37.574811" lon="-107.071791"><ele>3598.8</ele><time>2026-04-12T15:45:10Z</time></rtept><rtept lat="37.574823" lon="-107.071754"><ele>3598.8</ele><time>2026-04-12T15:45:10Z</time></rtept><rtept lat="37.574813" lon="-107.071686"><ele>3598.2</ele><time>2026-04-12T15:45:10Z</time></rtept><rtept lat="37.574776" lon="-107.071582"><ele>3601.2</ele><time>2026-04-12T15:45:10Z</time></rtept><rtept lat="37.574764" lon="-107.071508"><ele>3599.8</ele><time>2026-04-12T15:45:10Z</time></rtept><rtept lat="37.574719" lon="-107.071393"><ele>3598.0</ele><time>2026-04-12T15:45:10Z</time></rtept><rtept lat="37.574673" lon="-107.071331"><ele>3600.2</ele><time>2026-04-12T15:45:10Z</time></rtept><rtept lat="37.574642" lon="-107.071273"><ele>3602.2</ele><time>2026-04-12T15:45:10Z</time></rtept><rtept lat="37.574625" lon="-107.071212"><ele>3602.2</ele><time>2026-04-12T15:45:10Z</time></rtept><rtept lat="37.574615" lon="-107.071142"><ele>3600.8</ele><time>2026-04-12T15:45:10Z</time></rtept><rtept lat="37.574579" lon="-107.071047"><ele>3602.4</ele><time>2026-04-12T15:45:10Z</time></rtept><rtept lat="37.574554" lon="-107.070922"><ele>3598.6</ele><time>2026-04-12T15:45:10Z</time></rtept><rtept lat="37.574528" lon="-107.070847"><ele>3595.6</ele><time>2026-04-12T15:45:10Z</time></rtept><rtept lat="37.57448" lon="-107.070744"><ele>3595.2</ele><time>2026-04-12T15:45:10Z</time></rtept><rtept lat="37.574445" lon="-107.070717"><ele>3597.0</ele><time>2026-04-12T15:45:10Z</time></rtept><rtept lat="37.574425" lon="-107.07069"><ele>3593.6</ele><time>2026-04-12T15:45:10Z</time></rtept><rtept lat="37.574421" lon="-107.070665"><ele>3593.6</ele><time>2026-04-12T15:45:10Z</time></rtept><rtept lat="37.574403" lon="-107.070646"><ele>3593.6</ele><time>2026-04-12T15:45:10Z</time></rtept><rtept lat="37.574383" lon="-107.070627"><ele>3593.6</ele><time>2026-04-12T15:45:10Z</time></rtept><rtept lat="37.574356" lon="-107.070614"><ele>3595.2</ele><time>2026-04-12T15:45:10Z</time></rtept><rtept lat="37.574321" lon="-107.070573"><ele>3592.0</ele><time>2026-04-12T15:45:10Z</time></rtept><rtept lat="37.574285" lon="-107.070551"><ele>3593.4</ele><time>2026-04-12T15:45:10Z</time></rtept><rtept lat="37.57425" lon="-107.070514"><ele>3590.6</ele><time>2026-04-12T15:45:10Z</time></rtept><rtept lat="37.574204" lon="-107.070441"><ele>3592.2</ele><time>2026-04-12T15:45:10Z</time></rtept><rtept lat="37.574215" lon="-107.070429"><ele>3589.4</ele><time>2026-04-12T15:45:10Z</time></rtept><rtept lat="37.574159" lon="-107.070288"><ele>3588.2</ele><time>2026-04-12T15:45:10Z</time></rtept><rtept lat="37.574135" lon="-107.070248"><ele>3585.0</ele><time>2026-04-12T15:45:10Z</time></rtept><rtept lat="37.574111" lon="-107.070226"><ele>3585.0</ele><time>2026-04-12T15:45:10Z</time></rtept><rtept lat="37.574065" lon="-107.070138"><ele>3583.8</ele><time>2026-04-12T15:45:10Z</time></rtept><rtept lat="37.57404" lon="-107.070116"><ele>3583.8</ele><time>2026-04-12T15:45:10Z</time></rtept><rtept lat="37.574001" lon="-107.070042"><ele>3582.8</ele><time>2026-04-12T15:45:10Z</time></rtept><rtept lat="37.573959" lon="-107.070007"><ele>3582.4</ele><time>2026-04-12T15:45:10Z</time></rtept><rtept lat="37.573898" lon="-107.069927"><ele>3584.6</ele><time>2026-04-12T15:45:10Z</time></rtept><rtept lat="37.57382" lon="-107.069847"><ele>3584.6</ele><time>2026-04-12T15:45:10Z</time></rtept><rtept lat="37.573794" lon="-107.069764"><ele>3582.8</ele><time>2026-04-12T15:45:10Z</time></rtept><rtept lat="37.573793" lon="-107.069729"><ele>3582.0</ele><time>2026-04-12T15:45:10Z</time></rtept><rtept lat="37.573822" lon="-107.069599"><ele>3581.6</ele><time>2026-04-12T15:45:10Z</time></rtept><rtept lat="37.573826" lon="-107.069529"><ele>3581.2</ele><time>2026-04-12T15:45:10Z</time></rtept><rtept lat="37.573811" lon="-107.069469"><ele>3581.2</ele><time>2026-04-12T15:45:10Z</time></rtept><rtept lat="37.573754" lon="-107.069339"><ele>3584.0</ele><time>2026-04-12T15:45:10Z</time></rtept><rtept lat="37.57374" lon="-107.069289"><ele>3584.4</ele><time>2026-04-12T15:45:10Z</time></rtept><rtept lat="37.57374" lon="-107.069251"><ele>3584.4</ele><time>2026-04-12T15:45:10Z</time></rtept><rtept lat="37.573746" lon="-107.069217"><ele>3585.6</ele><time>2026-04-12T15:45:10Z</time></rtept><rtept lat="37.573766" lon="-107.069195"><ele>3585.6</ele><time>2026-04-12T15:45:10Z</time></rtept><rtept lat="37.573765" lon="-107.069111"><ele>3587.0</ele><time>2026-04-12T15:45:10Z</time></rtept><rtept lat="37.573793" lon="-107.069093"><ele>3585.6</ele><time>2026-04-12T15:45:10Z</time></rtept><rtept lat="37.573811" lon="-107.069065"><ele>3585.6</ele><time>2026-04-12T15:45:10Z</time></rtept><rtept lat="37.573823" lon="-107.069029"><ele>3587.0</ele><time>2026-04-12T15:45:10Z</time></rtept><rtept lat="37.573822" lon="-107.06898"><ele>3587.0</ele><time>2026-04-12T15:45:10Z</time></rtept><rtept lat="37.573838" lon="-107.068951"><ele>3586.4</ele><time>2026-04-12T15:45:10Z</time></rtept><rtept lat="37.573845" lon="-107.068824"><ele>3586.8</ele><time>2026-04-12T15:45:10Z</time></rtept><rtept lat="37.573864" lon="-107.068746"><ele>3586.8</ele><time>2026-04-12T15:45:10Z</time></rtept><rtept lat="37.573863" lon="-107.068683"><ele>3586.8</ele><time>2026-04-12T15:45:10Z</time></rtept><rtept lat="37.573873" lon="-107.06861"><ele>3586.4</ele><time>2026-04-12T15:45:10Z</time></rtept><rtept lat="37.573867" lon="-107.068471"><ele>3586.0</ele><time>2026-04-12T15:45:10Z</time></rtept><rtept lat="37.573805" lon="-107.068236"><ele>3587.4</ele><time>2026-04-12T15:45:10Z</time></rtept><rtept lat="37.573788" lon="-107.067924"><ele>3583.6</ele><time>2026-04-12T15:45:10Z</time></rtept><rtept lat="37.573802" lon="-107.067813"><ele>3583.0</ele><time>2026-04-12T15:45:10Z</time></rtept><rtept lat="37.573828" lon="-107.067699"><ele>3583.4</ele><time>2026-04-12T15:45:10Z</time></rtept><rtept lat="37.573827" lon="-107.067638"><ele>3584.4</ele><time>2026-04-12T15:45:10Z</time></rtept><rtept lat="37.573838" lon="-107.06755"><ele>3584.8</ele><time>2026-04-12T15:45:10Z</time></rtept><rtept lat="37.573731" lon="-107.067595"><ele>3587.8</ele><time>2026-04-12T15:45:10Z</time></rtept><rtept lat="37.573702" lon="-107.067563"><ele>3587.8</ele><time>2026-04-12T15:45:10Z</time></rtept><rtept lat="37.573694" lon="-107.067533"><ele>3589.8</ele><time>2026-04-12T15:45:10Z</time></rtept><rtept lat="37.573704" lon="-107.067475"><ele>3589.8</ele><time>2026-04-12T15:45:10Z</time></rtept><rtept lat="37.573727" lon="-107.067421"><ele>3592.0</ele><time>2026-04-12T15:45:10Z</time></rtept><rtept lat="37.573743" lon="-107.067399"><ele>3592.0</ele><time>2026-04-12T15:45:10Z</time></rtept><rtept lat="37.573753" lon="-107.067368"><ele>3592.0</ele><time>2026-04-12T15:45:10Z</time></rtept><rtept lat="37.573746" lon="-107.067287"><ele>3593.8</ele><time>2026-04-12T15:45:10Z</time></rtept><rtept lat="37.573748" lon="-107.067153"><ele>3597.6</ele><time>2026-04-12T15:45:10Z</time></rtept><rtept lat="37.573776" lon="-107.067077"><ele>3598.2</ele><time>2026-04-12T15:45:10Z</time></rtept><rtept lat="37.573794" lon="-107.066983"><ele>3600.0</ele><time>2026-04-12T15:45:10Z</time></rtept><rtept lat="37.573848" lon="-107.066822"><ele>3602.0</ele><time>2026-04-12T15:45:10Z</time></rtept><rtept lat="37.573853" lon="-107.06679"><ele>3602.0</ele><time>2026-04-12T15:45:10Z</time></rtept><rtept lat="37.573839" lon="-107.066705"><ele>3604.0</ele><time>2026-04-12T15:45:10Z</time></rtept><rtept lat="37.573851" lon="-107.066668"><ele>3604.0</ele><time>2026-04-12T15:45:10Z</time></rtept><rtept lat="37.573873" lon="-107.066541"><ele>3607.8</ele><time>2026-04-12T15:45:10Z</time></rtept><rtept lat="37.573875" lon="-107.066466"><ele>3609.4</ele><time>2026-04-12T15:45:10Z</time></rtept><rtept lat="37.573867" lon="-107.066411"><ele>3609.4</ele><time>2026-04-12T15:45:10Z</time></rtept><rtept lat="37.573874" lon="-107.066354"><ele>3610.8</ele><time>2026-04-12T15:45:10Z</time></rtept><rtept lat="37.573898" lon="-107.066279"><ele>3612.0</ele><time>2026-04-12T15:45:10Z</time></rtept><rtept lat="37.573899" lon="-107.066241"><ele>3612.0</ele><time>2026-04-12T15:45:10Z</time></rtept><rtept lat="37.573911" lon="-107.066201"><ele>3611.2</ele><time>2026-04-12T15:45:10Z</time></rtept><rtept lat="37.573936" lon="-107.066177"><ele>3611.2</ele><time>2026-04-12T15:45:10Z</time></rtept><rtept lat="37.573953" lon="-107.066138"><ele>3612.2</ele><time>2026-04-12T15:45:10Z</time></rtept><rtept lat="37.574005" lon="-107.065867"><ele>3613.0</ele><time>2026-04-12T15:45:10Z</time></rtept><rtept lat="37.574009" lon="-107.065777"><ele>3614.0</ele><time>2026-04-12T15:45:10Z</time></rtept><rtept lat="37.573997" lon="-107.065634"><ele>3615.0</ele><time>2026-04-12T15:45:10Z</time></rtept><rtept lat="37.574005" lon="-107.06559"><ele>3616.2</ele><time>2026-04-12T15:45:10Z</time></rtept><rtept lat="37.574022" lon="-107.06555"><ele>3616.2</ele><time>2026-04-12T15:45:10Z</time></rtept><rtept lat="37.574068" lon="-107.065484"><ele>3615.4</ele><time>2026-04-12T15:45:10Z</time></rtept><rtept lat="37.574186" lon="-107.065264"><ele>3615.2</ele><time>2026-04-12T15:45:10Z</time></rtept><rtept lat="37.574221" lon="-107.06508"><ele>3617.4</ele><time>2026-04-12T15:45:10Z</time></rtept><rtept lat="37.574237" lon="-107.064949"><ele>3618.4</ele><time>2026-04-12T15:45:10Z</time></rtept><rtept lat="37.574299" lon="-107.064729"><ele>3618.8</ele><time>2026-04-12T15:45:10Z</time></rtept><rtept lat="37.574301" lon="-107.064643"><ele>3619.6</ele><time>2026-04-12T15:45:10Z</time></rtept><rtept lat="37.574316" lon="-107.064558"><ele>3617.4</ele><time>2026-04-12T15:45:10Z</time></rtept><rtept lat="37.574315" lon="-107.06447"><ele>3618.0</ele><time>2026-04-12T15:45:10Z</time></rtept><rtept lat="37.574321" lon="-107.064431"><ele>3618.0</ele><time>2026-04-12T15:45:10Z</time></rtept><rtept lat="37.574337" lon="-107.06439"><ele>3618.6</ele><time>2026-04-12T15:45:10Z</time></rtept><rtept lat="37.574352" lon="-107.064298"><ele>3619.4</ele><time>2026-04-12T15:45:10Z</time></rtept><rtept lat="37.574409" lon="-107.064139"><ele>3618.8</ele><time>2026-04-12T15:45:10Z</time></rtept><rtept lat="37.574415" lon="-107.064051"><ele>3619.8</ele><time>2026-04-12T15:45:10Z</time></rtept><rtept lat="37.574452" lon="-107.063866"><ele>3620.4</ele><time>2026-04-12T15:45:10Z</time></rtept><rtept lat="37.574479" lon="-107.063771"><ele>3621.8</ele><time>2026-04-12T15:45:10Z</time></rtept><rtept lat="37.574491" lon="-107.063681"><ele>3623.2</ele><time>2026-04-12T15:45:10Z</time></rtept><rtept lat="37.574537" lon="-107.063535"><ele>3624.4</ele><time>2026-04-12T15:45:10Z</time></rtept><rtept lat="37.574566" lon="-107.063371"><ele>3628.6</ele><time>2026-04-12T15:45:10Z</time></rtept><rtept lat="37.574659" lon="-107.063215"><ele>3626.6</ele><time>2026-04-12T15:45:10Z</time></rtept><rtept lat="37.574673" lon="-107.063178"><ele>3626.6</ele><time>2026-04-12T15:45:10Z</time></rtept><rtept lat="37.57468" lon="-107.063054"><ele>3629.8</ele><time>2026-04-12T15:45:10Z</time></rtept><rtept lat="37.574677" lon="-107.062971"><ele>3629.8</ele><time>2026-04-12T15:45:10Z</time></rtept><rtept lat="37.574687" lon="-107.062899"><ele>3631.4</ele><time>2026-04-12T15:45:10Z</time></rtept><rtept lat="37.574699" lon="-107.062864"><ele>3632.8</ele><time>2026-04-12T15:45:10Z</time></rtept><rtept lat="37.57472" lon="-107.062835"><ele>3629.8</ele><time>2026-04-12T15:45:10Z</time></rtept><rtept lat="37.574773" lon="-107.062792"><ele>3631.6</ele><time>2026-04-12T15:45:10Z</time></rtept><rtept lat="37.574828" lon="-107.062715"><ele>3629.2</ele><time>2026-04-12T15:45:10Z</time></rtept><rtept lat="37.574912" lon="-107.062682"><ele>3629.2</ele><time>2026-04-12T15:45:10Z</time></rtept><rtept lat="37.574924" lon="-107.062662"><ele>3626.8</ele><time>2026-04-12T15:45:10Z</time></rtept><rtept lat="37.574892" lon="-107.062642"><ele>3629.2</ele><time>2026-04-12T15:45:10Z</time></rtept><rtept lat="37.574891" lon="-107.062609"><ele>3630.8</ele><time>2026-04-12T15:45:10Z</time></rtept><rtept lat="37.57486" lon="-107.062564"><ele>3630.8</ele><time>2026-04-12T15:45:10Z</time></rtept><rtept lat="37.574767" lon="-107.062489"><ele>3634.6</ele><time>2026-04-12T15:45:10Z</time></rtept><rtept lat="37.574703" lon="-107.06239"><ele>3636.4</ele><time>2026-04-12T15:45:10Z</time></rtept><rtept lat="37.574684" lon="-107.062343"><ele>3636.2</ele><time>2026-04-12T15:45:10Z</time></rtept><rtept lat="37.574609" lon="-107.062209"><ele>3637.4</ele><time>2026-04-12T15:45:10Z</time></rtept><rtept lat="37.574601" lon="-107.062169"><ele>3637.2</ele><time>2026-04-12T15:45:10Z</time></rtept><rtept lat="37.5746" lon="-107.062123"><ele>3637.2</ele><time>2026-04-12T15:45:10Z</time></rtept><rtept lat="37.574589" lon="-107.062081"><ele>3636.8</ele><time>2026-04-12T15:45:10Z</time></rtept><rtept lat="37.574574" lon="-107.062043"><ele>3638.2</ele><time>2026-04-12T15:45:10Z</time></rtept><rtept lat="37.57453" lon="-107.061977"><ele>3637.8</ele><time>2026-04-12T15:45:10Z</time></rtept><rtept lat="37.574483" lon="-107.061857"><ele>3638.6</ele><time>2026-04-12T15:45:10Z</time></rtept><rtept lat="37.574434" lon="-107.061795"><ele>3639.2</ele><time>2026-04-12T15:45:10Z</time></rtept><rtept lat="37.574251" lon="-107.061448"><ele>3639.0</ele><time>2026-04-12T15:45:10Z</time></rtept><rtept lat="37.574181" lon="-107.061345"><ele>3639.0</ele><time>2026-04-12T15:45:10Z</time></rtept><rtept lat="37.574129" lon="-107.06123"><ele>3637.6</ele><time>2026-04-12T15:45:10Z</time></rtept><rtept lat="37.574063" lon="-107.061121"><ele>3637.0</ele><time>2026-04-12T15:45:10Z</time></rtept><rtept lat="37.574006" lon="-107.061046"><ele>3636.6</ele><time>2026-04-12T15:45:10Z</time></rtept><rtept lat="37.573917" lon="-107.060969"><ele>3636.8</ele><time>2026-04-12T15:45:10Z</time></rtept><rtept lat="37.573888" lon="-107.060929"><ele>3638.0</ele><time>2026-04-12T15:45:10Z</time></rtept><rtept lat="37.573862" lon="-107.060858"><ele>3637.2</ele><time>2026-04-12T15:45:10Z</time></rtept><rtept lat="37.573834" lon="-107.060819"><ele>3637.8</ele><time>2026-04-12T15:45:10Z</time></rtept><rtept lat="37.573757" lon="-107.060845"><ele>3639.6</ele><time>2026-04-12T15:45:10Z</time></rtept><rtept lat="37.573723" lon="-107.060837"><ele>3639.6</ele><time>2026-04-12T15:45:10Z</time></rtept><rtept lat="37.573629" lon="-107.060795"><ele>3641.2</ele><time>2026-04-12T15:45:10Z</time></rtept><rtept lat="37.573564" lon="-107.06079"><ele>3641.2</ele><time>2026-04-12T15:45:10Z</time></rtept><rtept lat="37.573499" lon="-107.060764"><ele>3642.2</ele><time>2026-04-12T15:45:10Z</time></rtept><rtept lat="37.573434" lon="-107.060766"><ele>3643.4</ele><time>2026-04-12T15:45:10Z</time></rtept><rtept lat="37.573337" lon="-107.060728"><ele>3645.4</ele><time>2026-04-12T15:45:10Z</time></rtept><rtept lat="37.573306" lon="-107.060705"><ele>3645.4</ele><time>2026-04-12T15:45:10Z</time></rtept><rtept lat="37.573285" lon="-107.060672"><ele>3646.8</ele><time>2026-04-12T15:45:10Z</time></rtept><rtept lat="37.573242" lon="-107.060548"><ele>3645.4</ele><time>2026-04-12T15:45:10Z</time></rtept><rtept lat="37.573235" lon="-107.06051"><ele>3645.4</ele><time>2026-04-12T15:45:10Z</time></rtept><rtept lat="37.573218" lon="-107.06047"><ele>3646.0</ele><time>2026-04-12T15:45:10Z</time></rtept><rtept lat="37.573172" lon="-107.060404"><ele>3646.0</ele><time>2026-04-12T15:45:10Z</time></rtept><rtept lat="37.573103" lon="-107.060255"><ele>3645.4</ele><time>2026-04-12T15:45:10Z</time></rtept><rtept lat="37.573076" lon="-107.060224"><ele>3646.6</ele><time>2026-04-12T15:45:10Z</time></rtept><rtept lat="37.573015" lon="-107.060114"><ele>3646.0</ele><time>2026-04-12T15:45:10Z</time></rtept><rtept lat="37.573" lon="-107.060075"><ele>3646.0</ele><time>2026-04-12T15:45:10Z</time></rtept><rtept lat="37.572976" lon="-107.060005"><ele>3645.2</ele><time>2026-04-12T15:45:10Z</time></rtept><rtept lat="37.572965" lon="-107.059872"><ele>3643.6</ele><time>2026-04-12T15:45:10Z</time></rtept><rtept lat="37.572936" lon="-107.059737"><ele>3644.0</ele><time>2026-04-12T15:45:10Z</time></rtept><rtept lat="37.572921" lon="-107.059699"><ele>3643.2</ele><time>2026-04-12T15:45:10Z</time></rtept><rtept lat="37.572903" lon="-107.059663"><ele>3643.2</ele><time>2026-04-12T15:45:10Z</time></rtept><rtept lat="37.572857" lon="-107.059596"><ele>3643.8</ele><time>2026-04-12T15:45:10Z</time></rtept><rtept lat="37.572823" lon="-107.059516"><ele>3643.0</ele><time>2026-04-12T15:45:10Z</time></rtept><rtept lat="37.572812" lon="-107.059471"><ele>3644.4</ele><time>2026-04-12T15:45:10Z</time></rtept><rtept lat="37.572795" lon="-107.05943"><ele>3643.8</ele><time>2026-04-12T15:45:10Z</time></rtept><rtept lat="37.57272" lon="-107.059312"><ele>3644.6</ele><time>2026-04-12T15:45:10Z</time></rtept><rtept lat="37.572664" lon="-107.059198"><ele>3645.6</ele><time>2026-04-12T15:45:10Z</time></rtept><rtept lat="37.572621" lon="-107.059084"><ele>3644.2</ele><time>2026-04-12T15:45:10Z</time></rtept><rtept lat="37.572564" lon="-107.058985"><ele>3645.4</ele><time>2026-04-12T15:45:10Z</time></rtept><rtept lat="37.572534" lon="-107.058876"><ele>3646.8</ele><time>2026-04-12T15:45:10Z</time></rtept><rtept lat="37.572457" lon="-107.058777"><ele>3648.2</ele><time>2026-04-12T15:45:10Z</time></rtept><rtept lat="37.572384" lon="-107.058708"><ele>3649.6</ele><time>2026-04-12T15:45:10Z</time></rtept><rtept lat="37.572274" lon="-107.058557"><ele>3649.8</ele><time>2026-04-12T15:45:10Z</time></rtept><rtept lat="37.572241" lon="-107.058489"><ele>3650.8</ele><time>2026-04-12T15:45:10Z</time></rtept><rtept lat="37.572085" lon="-107.058263"><ele>3651.8</ele><time>2026-04-12T15:45:10Z</time></rtept><rtept lat="37.57205" lon="-107.058187"><ele>3652.0</ele><time>2026-04-12T15:45:10Z</time></rtept><rtept lat="37.572009" lon="-107.058116"><ele>3651.0</ele><time>2026-04-12T15:45:10Z</time></rtept><rtept lat="37.571922" lon="-107.05803"><ele>3652.4</ele><time>2026-04-12T15:45:10Z</time></rtept><rtept lat="37.571896" lon="-107.057992"><ele>3652.4</ele><time>2026-04-12T15:45:10Z</time></rtept><rtept lat="37.571785" lon="-107.057783"><ele>3651.6</ele><time>2026-04-12T15:45:10Z</time></rtept><rtept lat="37.571719" lon="-107.05768"><ele>3652.0</ele><time>2026-04-12T15:45:10Z</time></rtept><rtept lat="37.571615" lon="-107.057442"><ele>3650.4</ele><time>2026-04-12T15:45:10Z</time></rtept><rtept lat="37.57151" lon="-107.057124"><ele>3653.4</ele><time>2026-04-12T15:45:10Z</time></rtept><rtept lat="37.571438" lon="-107.056996"><ele>3656.0</ele><time>2026-04-12T15:45:10Z</time></rtept><rtept lat="37.571417" lon="-107.056919"><ele>3655.8</ele><time>2026-04-12T15:45:10Z</time></rtept><rtept lat="37.571378" lon="-107.056814"><ele>3658.8</ele><time>2026-04-12T15:45:10Z</time></rtept><rtept lat="37.571375" lon="-107.056736"><ele>3658.6</ele><time>2026-04-12T15:45:10Z</time></rtept><rtept lat="37.571356" lon="-107.056667"><ele>3658.6</ele><time>2026-04-12T15:45:10Z</time></rtept><rtept lat="37.571341" lon="-107.056635"><ele>3658.6</ele><time>2026-04-12T15:45:10Z</time></rtept><rtept lat="37.571311" lon="-107.05653"><ele>3660.4</ele><time>2026-04-12T15:45:10Z</time></rtept><rtept lat="37.571254" lon="-107.056425"><ele>3660.4</ele><time>2026-04-12T15:45:10Z</time></rtept><rtept lat="37.571224" lon="-107.056349"><ele>3661.8</ele><time>2026-04-12T15:45:10Z</time></rtept><rtept lat="37.571186" lon="-107.05622"><ele>3661.6</ele><time>2026-04-12T15:45:10Z</time></rtept><rtept lat="37.571092" lon="-107.056025"><ele>3663.2</ele><time>2026-04-12T15:45:10Z</time></rtept><rtept lat="37.571002" lon="-107.055876"><ele>3663.4</ele><time>2026-04-12T15:45:10Z</time></rtept><rtept lat="37.57095" lon="-107.055772"><ele>3664.0</ele><time>2026-04-12T15:45:10Z</time></rtept><rtept lat="37.570898" lon="-107.055695"><ele>3664.2</ele><time>2026-04-12T15:45:10Z</time></rtept><rtept lat="37.570861" lon="-107.055614"><ele>3663.8</ele><time>2026-04-12T15:45:10Z</time></rtept><rtept lat="37.570796" lon="-107.055431"><ele>3663.4</ele><time>2026-04-12T15:45:10Z</time></rtept><rtept lat="37.570775" lon="-107.055349"><ele>3663.2</ele><time>2026-04-12T15:45:10Z</time></rtept><rtept lat="37.570737" lon="-107.055106"><ele>3662.6</ele><time>2026-04-12T15:45:10Z</time></rtept><rtept lat="37.570707" lon="-107.05499"><ele>3662.6</ele><time>2026-04-12T15:45:10Z</time></rtept><rtept lat="37.570677" lon="-107.054914"><ele>3662.2</ele><time>2026-04-12T15:45:10Z</time></rtept><rtept lat="37.570669" lon="-107.054829"><ele>3661.8</ele><time>2026-04-12T15:45:10Z</time></rtept><rtept lat="37.570674" lon="-107.05479"><ele>3661.2</ele><time>2026-04-12T15:45:10Z</time></rtept><rtept lat="37.570647" lon="-107.054572"><ele>3660.2</ele><time>2026-04-12T15:45:10Z</time></rtept><rtept lat="37.570645" lon="-107.054529"><ele>3659.2</ele><time>2026-04-12T15:45:10Z</time></rtept><rtept lat="37.57066" lon="-107.054463"><ele>3658.2</ele><time>2026-04-12T15:45:10Z</time></rtept><rtept lat="37.570658" lon="-107.054436"><ele>3658.2</ele><time>2026-04-12T15:45:10Z</time></rtept><rtept lat="37.57063" lon="-107.054337"><ele>3657.2</ele><time>2026-04-12T15:45:10Z</time></rtept><rtept lat="37.57059" lon="-107.054088"><ele>3655.6</ele><time>2026-04-12T15:45:10Z</time></rtept><rtept lat="37.570584" lon="-107.054017"><ele>3655.2</ele><time>2026-04-12T15:45:10Z</time></rtept><rtept lat="37.570598" lon="-107.053851"><ele>3654.2</ele><time>2026-04-12T15:45:10Z</time></rtept><rtept lat="37.570629" lon="-107.053658"><ele>3653.6</ele><time>2026-04-12T15:45:10Z</time></rtept><rtept lat="37.570626" lon="-107.053576"><ele>3653.2</ele><time>2026-04-12T15:45:10Z</time></rtept><rtept lat="37.570615" lon="-107.053513"><ele>3652.8</ele><time>2026-04-12T15:45:10Z</time></rtept><rtept lat="37.570628" lon="-107.05344"><ele>3652.2</ele><time>2026-04-12T15:45:10Z</time></rtept><rtept lat="37.570629" lon="-107.053376"><ele>3652.2</ele><time>2026-04-12T15:45:10Z</time></rtept><rtept lat="37.570678" lon="-107.05328"><ele>3649.4</ele><time>2026-04-12T15:45:10Z</time></rtept><rtept lat="37.570678" lon="-107.05328"><ele>3649.4</ele><time>2026-04-12T15:45:10Z</time></rtept><rtept lat="37.570713" lon="-107.05321"><ele>3646.4</ele><time>2026-04-12T15:45:10Z</time></rtept><rtept lat="37.570664" lon="-107.053197"><ele>3649.2</ele><time>2026-04-12T15:45:10Z</time></rtept><rtept lat="37.570673" lon="-107.053165"><ele>3649.2</ele><time>2026-04-12T15:45:10Z</time></rtept><rtept lat="37.570713" lon="-107.053105"><ele>3645.8</ele><time>2026-04-12T15:45:10Z</time></rtept><rtept lat="37.57072" lon="-107.053069"><ele>3645.6</ele><time>2026-04-12T15:45:10Z</time></rtept><rtept lat="37.570734" lon="-107.053036"><ele>3645.6</ele><time>2026-04-12T15:45:10Z</time></rtept><rtept lat="37.5708" lon="-107.053018"><ele>3641.2</ele><time>2026-04-12T15:45:10Z</time></rtept><rtept lat="37.57085" lon="-107.052978"><ele>3636.6</ele><time>2026-04-12T15:45:10Z</time></rtept><rtept lat="37.57091" lon="-107.052915"><ele>3634.8</ele><time>2026-04-12T15:45:10Z</time></rtept><rtept lat="37.570994" lon="-107.052872"><ele>3632.6</ele><time>2026-04-12T15:45:10Z</time></rtept><rtept lat="37.57102" lon="-107.052813"><ele>3634.0</ele><time>2026-04-12T15:45:10Z</time></rtept><rtept lat="37.57105" lon="-107.052774"><ele>3632.0</ele><time>2026-04-12T15:45:10Z</time></rtept><rtept lat="37.571104" lon="-107.052745"><ele>3633.2</ele><time>2026-04-12T15:45:10Z</time></rtept><rtept lat="37.571162" lon="-107.052684"><ele>3631.6</ele><time>2026-04-12T15:45:10Z</time></rtept><rtept lat="37.571193" lon="-107.052683"><ele>3630.2</ele><time>2026-04-12T15:45:10Z</time></rtept><rtept lat="37.571298" lon="-107.052619"><ele>3630.0</ele><time>2026-04-12T15:45:10Z</time></rtept><rtept lat="37.571344" lon="-107.052562"><ele>3629.8</ele><time>2026-04-12T15:45:10Z</time></rtept><rtept lat="37.571393" lon="-107.052444"><ele>3629.4</ele><time>2026-04-12T15:45:10Z</time></rtept><rtept lat="37.571419" lon="-107.052413"><ele>3629.4</ele><time>2026-04-12T15:45:10Z</time></rtept><rtept lat="37.571448" lon="-107.052406"><ele>3630.6</ele><time>2026-04-12T15:45:10Z</time></rtept><rtept lat="37.571476" lon="-107.052379"><ele>3629.0</ele><time>2026-04-12T15:45:10Z</time></rtept><rtept lat="37.571526" lon="-107.052316"><ele>3628.4</ele><time>2026-04-12T15:45:10Z</time></rtept><rtept lat="37.571608" lon="-107.052146"><ele>3628.8</ele><time>2026-04-12T15:45:10Z</time></rtept><rtept lat="37.571657" lon="-107.052063"><ele>3630.0</ele><time>2026-04-12T15:45:10Z</time></rtept><rtept lat="37.571736" lon="-107.051905"><ele>3627.2</ele><time>2026-04-12T15:45:10Z</time></rtept><rtept lat="37.571785" lon="-107.051798"><ele>3629.2</ele><time>2026-04-12T15:45:10Z</time></rtept><rtept lat="37.571796" lon="-107.051692"><ele>3628.2</ele><time>2026-04-12T15:45:10Z</time></rtept><rtept lat="37.571816" lon="-107.051613"><ele>3629.0</ele><time>2026-04-12T15:45:10Z</time></rtept><rtept lat="37.571829" lon="-107.051469"><ele>3629.8</ele><time>2026-04-12T15:45:10Z</time></rtept><rtept lat="37.571851" lon="-107.05139"><ele>3630.8</ele><time>2026-04-12T15:45:10Z</time></rtept><rtept lat="37.57185" lon="-107.051317"><ele>3631.6</ele><time>2026-04-12T15:45:10Z</time></rtept><rtept lat="37.571887" lon="-107.051247"><ele>3630.4</ele><time>2026-04-12T15:45:10Z</time></rtept><rtept lat="37.57194" lon="-107.051176"><ele>3629.0</ele><time>2026-04-12T15:45:10Z</time></rtept><rtept lat="37.571967" lon="-107.051086"><ele>3629.6</ele><time>2026-04-12T15:45:10Z</time></rtept><rtept lat="37.571988" lon="-107.05105"><ele>3629.6</ele><time>2026-04-12T15:45:10Z</time></rtept><rtept lat="37.572007" lon="-107.05098"><ele>3628.0</ele><time>2026-04-12T15:45:10Z</time></rtept><rtept lat="37.57202" lon="-107.050903"><ele>3628.6</ele><time>2026-04-12T15:45:10Z</time></rtept><rtept lat="37.572036" lon="-107.050868"><ele>3628.6</ele><time>2026-04-12T15:45:10Z</time></rtept><rtept lat="37.572046" lon="-107.050827"><ele>3629.0</ele><time>2026-04-12T15:45:10Z</time></rtept><rtept lat="37.572053" lon="-107.050656"><ele>3629.8</ele><time>2026-04-12T15:45:10Z</time></rtept><rtept lat="37.572108" lon="-107.050376"><ele>3627.8</ele><time>2026-04-12T15:45:10Z</time></rtept><rtept lat="37.572118" lon="-107.05019"><ele>3627.8</ele><time>2026-04-12T15:45:10Z</time></rtept><rtept lat="37.572108" lon="-107.050114"><ele>3628.0</ele><time>2026-04-12T15:45:10Z</time></rtept><rtept lat="37.572122" lon="-107.049811"><ele>3629.0</ele><time>2026-04-12T15:45:10Z</time></rtept><rtept lat="37.572144" lon="-107.049711"><ele>3627.4</ele><time>2026-04-12T15:45:10Z</time></rtept><rtept lat="37.572177" lon="-107.049638"><ele>3628.2</ele><time>2026-04-12T15:45:10Z</time></rtept><rtept lat="37.5722" lon="-107.049565"><ele>3629.0</ele><time>2026-04-12T15:45:10Z</time></rtept><rtept lat="37.572266" lon="-107.049177"><ele>3629.4</ele><time>2026-04-12T15:45:10Z</time></rtept><rtept lat="37.572276" lon="-107.049134"><ele>3628.2</ele><time>2026-04-12T15:45:10Z</time></rtept><rtept lat="37.572311" lon="-107.049038"><ele>3628.4</ele><time>2026-04-12T15:45:10Z</time></rtept><rtept lat="37.572354" lon="-107.048792"><ele>3627.4</ele><time>2026-04-12T15:45:10Z</time></rtept><rtept lat="37.572354" lon="-107.048748"><ele>3627.4</ele><time>2026-04-12T15:45:10Z</time></rtept><rtept lat="37.572345" lon="-107.04867"><ele>3627.6</ele><time>2026-04-12T15:45:10Z</time></rtept><rtept lat="37.572387" lon="-107.048577"><ele>3627.6</ele><time>2026-04-12T15:45:10Z</time></rtept><rtept lat="37.572385" lon="-107.048534"><ele>3627.6</ele><time>2026-04-12T15:45:10Z</time></rtept><rtept lat="37.572414" lon="-107.048294"><ele>3626.4</ele><time>2026-04-12T15:45:10Z</time></rtept><rtept lat="37.572415" lon="-107.048244"><ele>3626.2</ele><time>2026-04-12T15:45:10Z</time></rtept><rtept lat="37.572396" lon="-107.048144"><ele>3627.4</ele><time>2026-04-12T15:45:10Z</time></rtept><rtept lat="37.572393" lon="-107.047952"><ele>3627.0</ele><time>2026-04-12T15:45:10Z</time></rtept><rtept lat="37.57237" lon="-107.047826"><ele>3626.4</ele><time>2026-04-12T15:45:10Z</time></rtept><rtept lat="37.572355" lon="-107.047649"><ele>3625.4</ele><time>2026-04-12T15:45:10Z</time></rtept><rtept lat="37.572361" lon="-107.047459"><ele>3624.0</ele><time>2026-04-12T15:45:10Z</time></rtept><rtept lat="37.572369" lon="-107.047367"><ele>3622.8</ele><time>2026-04-12T15:45:10Z</time></rtept><rtept lat="37.572355" lon="-107.047187"><ele>3619.2</ele><time>2026-04-12T15:45:10Z</time></rtept><rtept lat="37.572346" lon="-107.04716"><ele>3616.6</ele><time>2026-04-12T15:45:10Z</time></rtept><rtept lat="37.572311" lon="-107.047114"><ele>3619.6</ele><time>2026-04-12T15:45:10Z</time></rtept><rtept lat="37.572269" lon="-107.047019"><ele>3620.0</ele><time>2026-04-12T15:45:10Z</time></rtept><rtept lat="37.572259" lon="-107.046969"><ele>3617.0</ele><time>2026-04-12T15:45:10Z</time></rtept><rtept lat="37.572258" lon="-107.046902"><ele>3614.0</ele><time>2026-04-12T15:45:10Z</time></rtept><rtept lat="37.572239" lon="-107.046702"><ele>3609.4</ele><time>2026-04-12T15:45:10Z</time></rtept><rtept lat="37.571975" lon="-107.046241"><ele>3603.8</ele><time>2026-04-12T15:45:10Z</time></rtept><rtept lat="37.571937" lon="-107.046155"><ele>3601.8</ele><time>2026-04-12T15:45:10Z</time></rtept><rtept lat="37.571964" lon="-107.046211"><ele>3601.8</ele><time>2026-04-12T15:45:10Z</time></rtept><rtept lat="37.571944" lon="-107.046185"><ele>3601.8</ele><time>2026-04-12T15:45:10Z</time></rtept><rtept lat="37.571859" lon="-107.046118"><ele>3603.4</ele><time>2026-04-12T15:45:10Z</time></rtept><rtept lat="37.571837" lon="-107.046091"><ele>3603.4</ele><time>2026-04-12T15:45:10Z</time></rtept><rtept lat="37.571804" lon="-107.046068"><ele>3603.4</ele><time>2026-04-12T15:45:10Z</time></rtept><rtept lat="37.571699" lon="-107.046017"><ele>3605.2</ele><time>2026-04-12T15:45:10Z</time></rtept><rtept lat="37.571627" lon="-107.04599"><ele>3606.4</ele><time>2026-04-12T15:45:10Z</time></rtept><rtept lat="37.571536" lon="-107.045923"><ele>3606.0</ele><time>2026-04-12T15:45:10Z</time></rtept><rtept lat="37.571483" lon="-107.045908"><ele>3607.2</ele><time>2026-04-12T15:45:10Z</time></rtept><rtept lat="37.571469" lon="-107.045904"><ele>3607.2</ele><time>2026-04-12T15:45:10Z</time></rtept><rtept lat="37.571315" lon="-107.04583"><ele>3608.4</ele><time>2026-04-12T15:45:10Z</time></rtept><rtept lat="37.571079" lon="-107.045784"><ele>3609.0</ele><time>2026-04-12T15:45:10Z</time></rtept><rtept lat="37.570994" lon="-107.045744"><ele>3609.6</ele><time>2026-04-12T15:45:10Z</time></rtept><rtept lat="37.570861" lon="-107.045727"><ele>3610.8</ele><time>2026-04-12T15:45:10Z</time></rtept><rtept lat="37.570796" lon="-107.045727"><ele>3611.4</ele><time>2026-04-12T15:45:10Z</time></rtept><rtept lat="37.57073" lon="-107.045743"><ele>3612.0</ele><time>2026-04-12T15:45:10Z</time></rtept><rtept lat="37.570667" lon="-107.04574"><ele>3612.6</ele><time>2026-04-12T15:45:10Z</time></rtept><rtept lat="37.570597" lon="-107.045748"><ele>3613.0</ele><time>2026-04-12T15:45:10Z</time></rtept><rtept lat="37.570498" lon="-107.045736"><ele>3613.6</ele><time>2026-04-12T15:45:10Z</time></rtept><rtept lat="37.570444" lon="-107.045749"><ele>3613.6</ele><time>2026-04-12T15:45:10Z</time></rtept><rtept lat="37.570358" lon="-107.045787"><ele>3613.8</ele><time>2026-04-12T15:45:10Z</time></rtept><rtept lat="37.57022" lon="-107.045806"><ele>3616.0</ele><time>2026-04-12T15:45:10Z</time></rtept><rtept lat="37.570188" lon="-107.045819"><ele>3616.0</ele><time>2026-04-12T15:45:10Z</time></rtept><rtept lat="37.570132" lon="-107.045825"><ele>3616.0</ele><time>2026-04-12T15:45:10Z</time></rtept><rtept lat="37.569973" lon="-107.045866"><ele>3616.0</ele><time>2026-04-12T15:45:10Z</time></rtept><rtept lat="37.56991" lon="-107.045862"><ele>3616.0</ele><time>2026-04-12T15:45:10Z</time></rtept><rtept lat="37.569849" lon="-107.045877"><ele>3616.0</ele><time>2026-04-12T15:45:10Z</time></rtept><rtept lat="37.569818" lon="-107.045874"><ele>3615.8</ele><time>2026-04-12T15:45:10Z</time></rtept><rtept lat="37.569784" lon="-107.04588"><ele>3615.8</ele><time>2026-04-12T15:45:10Z</time></rtept><rtept lat="37.569691" lon="-107.045902"><ele>3617.8</ele><time>2026-04-12T15:45:10Z</time></rtept><rtept lat="37.569585" lon="-107.045902"><ele>3617.8</ele><time>2026-04-12T15:45:10Z</time></rtept><rtept lat="37.569418" lon="-107.045926"><ele>3618.0</ele><time>2026-04-12T15:45:10Z</time></rtept><rtept lat="37.569255" lon="-107.045989"><ele>3620.2</ele><time>2026-04-12T15:45:10Z</time></rtept><rtept lat="37.569184" lon="-107.046036"><ele>3620.6</ele><time>2026-04-12T15:45:10Z</time></rtept><rtept lat="37.569171" lon="-107.046037"><ele>3620.6</ele><time>2026-04-12T15:45:10Z</time></rtept><rtept lat="37.569146" lon="-107.046035"><ele>3620.6</ele><time>2026-04-12T15:45:10Z</time></rtept><rtept lat="37.569065" lon="-107.046006"><ele>3622.0</ele><time>2026-04-12T15:45:10Z</time></rtept><rtept lat="37.568852" lon="-107.045966"><ele>3622.4</ele><time>2026-04-12T15:45:10Z</time></rtept><rtept lat="37.568787" lon="-107.045958"><ele>3622.4</ele><time>2026-04-12T15:45:10Z</time></rtept><rtept lat="37.568719" lon="-107.045964"><ele>3622.2</ele><time>2026-04-12T15:45:10Z</time></rtept><rtept lat="37.568622" lon="-107.045956"><ele>3623.0</ele><time>2026-04-12T15:45:10Z</time></rtept><rtept lat="37.568531" lon="-107.045884"><ele>3624.6</ele><time>2026-04-12T15:45:10Z</time></rtept><rtept lat="37.568498" lon="-107.045873"><ele>3627.0</ele><time>2026-04-12T15:45:10Z</time></rtept><rtept lat="37.568398" lon="-107.045873"><ele>3629.2</ele><time>2026-04-12T15:45:10Z</time></rtept><rtept lat="37.568322" lon="-107.045883"><ele>3633.6</ele><time>2026-04-12T15:45:10Z</time></rtept><rtept lat="37.568228" lon="-107.045843"><ele>3636.4</ele><time>2026-04-12T15:45:10Z</time></rtept><rtept lat="37.568199" lon="-107.045825"><ele>3636.4</ele><time>2026-04-12T15:45:10Z</time></rtept><rtept lat="37.568172" lon="-107.045797"><ele>3637.8</ele><time>2026-04-12T15:45:10Z</time></rtept><rtept lat="37.56808" lon="-107.045682"><ele>3639.2</ele><time>2026-04-12T15:45:10Z</time></rtept><rtept lat="37.568049" lon="-107.045611"><ele>3640.4</ele><time>2026-04-12T15:45:10Z</time></rtept><rtept lat="37.567953" lon="-107.045455"><ele>3640.0</ele><time>2026-04-12T15:45:10Z</time></rtept><rtept lat="37.567929" lon="-107.045387"><ele>3640.0</ele><time>2026-04-12T15:45:10Z</time></rtept><rtept lat="37.567879" lon="-107.045294"><ele>3641.0</ele><time>2026-04-12T15:45:10Z</time></rtept><rtept lat="37.567844" lon="-107.045257"><ele>3642.0</ele><time>2026-04-12T15:45:10Z</time></rtept><rtept lat="37.567811" lon="-107.045194"><ele>3640.8</ele><time>2026-04-12T15:45:10Z</time></rtept><rtept lat="37.567714" lon="-107.045044"><ele>3641.8</ele><time>2026-04-12T15:45:10Z</time></rtept><rtept lat="37.567696" lon="-107.044961"><ele>3643.2</ele><time>2026-04-12T15:45:10Z</time></rtept><rtept lat="37.567678" lon="-107.044927"><ele>3641.4</ele><time>2026-04-12T15:45:10Z</time></rtept><rtept lat="37.567607" lon="-107.044873"><ele>3644.6</ele><time>2026-04-12T15:45:10Z</time></rtept><rtept lat="37.567565" lon="-107.04482"><ele>3646.8</ele><time>2026-04-12T15:45:10Z</time></rtept><rtept lat="37.567512" lon="-107.044775"><ele>3646.8</ele><time>2026-04-12T15:45:10Z</time></rtept><rtept lat="37.567421" lon="-107.044665"><ele>3652.0</ele><time>2026-04-12T15:45:10Z</time></rtept><rtept lat="37.567394" lon="-107.044558"><ele>3651.0</ele><time>2026-04-12T15:45:10Z</time></rtept><rtept lat="37.567348" lon="-107.04445"><ele>3652.2</ele><time>2026-04-12T15:45:10Z</time></rtept><rtept lat="37.567329" lon="-107.044422"><ele>3650.6</ele><time>2026-04-12T15:45:10Z</time></rtept><rtept lat="37.567284" lon="-107.044374"><ele>3653.0</ele><time>2026-04-12T15:45:10Z</time></rtept><rtept lat="37.567228" lon="-107.044371"><ele>3655.2</ele><time>2026-04-12T15:45:10Z</time></rtept><rtept lat="37.567195" lon="-107.044361"><ele>3655.2</ele><time>2026-04-12T15:45:10Z</time></rtept><rtept lat="37.567141" lon="-107.044314"><ele>3655.6</ele><time>2026-04-12T15:45:10Z</time></rtept><rtept lat="37.567115" lon="-107.044283"><ele>3655.6</ele><time>2026-04-12T15:45:10Z</time></rtept><rtept lat="37.567041" lon="-107.04414"><ele>3654.0</ele><time>2026-04-12T15:45:10Z</time></rtept><rtept lat="37.567016" lon="-107.044116"><ele>3655.2</ele><time>2026-04-12T15:45:10Z</time></rtept><rtept lat="37.566974" lon="-107.044056"><ele>3653.0</ele><time>2026-04-12T15:45:10Z</time></rtept><rtept lat="37.566923" lon="-107.044019"><ele>3653.8</ele><time>2026-04-12T15:45:10Z</time></rtept><rtept lat="37.566892" lon="-107.043984"><ele>3652.2</ele><time>2026-04-12T15:45:10Z</time></rtept><rtept lat="37.566843" lon="-107.043951"><ele>3652.2</ele><time>2026-04-12T15:45:10Z</time></rtept><rtept lat="37.566816" lon="-107.043945"><ele>3651.8</ele><time>2026-04-12T15:45:10Z</time></rtept><rtept lat="37.566762" lon="-107.043958"><ele>3651.8</ele><time>2026-04-12T15:45:10Z</time></rtept><rtept lat="37.566751" lon="-107.043947"><ele>3651.0</ele><time>2026-04-12T15:45:10Z</time></rtept><rtept lat="37.566759" lon="-107.043894"><ele>3649.8</ele><time>2026-04-12T15:45:10Z</time></rtept><rtept lat="37.566755" lon="-107.043865"><ele>3649.8</ele><time>2026-04-12T15:45:10Z</time></rtept><rtept lat="37.566742" lon="-107.043833"><ele>3649.8</ele><time>2026-04-12T15:45:10Z</time></rtept><rtept lat="37.566646" lon="-107.043764"><ele>3646.2</ele><time>2026-04-12T15:45:10Z</time></rtept><rtept lat="37.566624" lon="-107.043766"><ele>3646.2</ele><time>2026-04-12T15:45:10Z</time></rtept><rtept lat="37.566605" lon="-107.043783"><ele>3643.8</ele><time>2026-04-12T15:45:10Z</time></rtept><rtept lat="37.566593" lon="-107.043812"><ele>3643.8</ele><time>2026-04-12T15:45:10Z</time></rtept><rtept lat="37.566552" lon="-107.043847"><ele>3643.6</ele><time>2026-04-12T15:45:10Z</time></rtept><rtept lat="37.566494" lon="-107.043937"><ele>3645.2</ele><time>2026-04-12T15:45:10Z</time></rtept><rtept lat="37.566439" lon="-107.043993"><ele>3644.4</ele><time>2026-04-12T15:45:10Z</time></rtept><rtept lat="37.566403" lon="-107.04401"><ele>3645.2</ele><time>2026-04-12T15:45:10Z</time></rtept><rtept lat="37.566324" lon="-107.043997"><ele>3645.2</ele><time>2026-04-12T15:45:10Z</time></rtept><rtept lat="37.566257" lon="-107.043962"><ele>3646.0</ele><time>2026-04-12T15:45:10Z</time></rtept><rtept lat="37.566202" lon="-107.043905"><ele>3646.8</ele><time>2026-04-12T15:45:10Z</time></rtept><rtept lat="37.56614" lon="-107.043862"><ele>3649.4</ele><time>2026-04-12T15:45:10Z</time></rtept><rtept lat="37.566085" lon="-107.043751"><ele>3648.2</ele><time>2026-04-12T15:45:10Z</time></rtept><rtept lat="37.566062" lon="-107.043688"><ele>3650.0</ele><time>2026-04-12T15:45:10Z</time></rtept><rtept lat="37.566022" lon="-107.043618"><ele>3649.0</ele><time>2026-04-12T15:45:10Z</time></rtept><rtept lat="37.565991" lon="-107.043452"><ele>3650.2</ele><time>2026-04-12T15:45:10Z</time></rtept><rtept lat="37.565935" lon="-107.043311"><ele>3650.6</ele><time>2026-04-12T15:45:10Z</time></rtept><rtept lat="37.565896" lon="-107.043249"><ele>3650.6</ele><time>2026-04-12T15:45:10Z</time></rtept><rtept lat="37.565792" lon="-107.043145"><ele>3655.6</ele><time>2026-04-12T15:45:10Z</time></rtept><rtept lat="37.565745" lon="-107.043078"><ele>3653.8</ele><time>2026-04-12T15:45:10Z</time></rtept><rtept lat="37.565711" lon="-107.043004"><ele>3655.6</ele><time>2026-04-12T15:45:10Z</time></rtept><rtept lat="37.565677" lon="-107.042882"><ele>3651.2</ele><time>2026-04-12T15:45:10Z</time></rtept><rtept lat="37.56564" lon="-107.042681"><ele>3650.2</ele><time>2026-04-12T15:45:10Z</time></rtept><rtept lat="37.56559" lon="-107.042548"><ele>3650.4</ele><time>2026-04-12T15:45:10Z</time></rtept><rtept lat="37.56558" lon="-107.042494"><ele>3649.6</ele><time>2026-04-12T15:45:10Z</time></rtept><rtept lat="37.565567" lon="-107.042474"><ele>3649.6</ele><time>2026-04-12T15:45:10Z</time></rtept><rtept lat="37.565529" lon="-107.042466"><ele>3650.0</ele><time>2026-04-12T15:45:10Z</time></rtept><rtept lat="37.565424" lon="-107.042511"><ele>3649.4</ele><time>2026-04-12T15:45:10Z</time></rtept><rtept lat="37.565157" lon="-107.042564"><ele>3646.8</ele><time>2026-04-12T15:45:10Z</time></rtept><rtept lat="37.565117" lon="-107.042562"><ele>3646.2</ele><time>2026-04-12T15:45:10Z</time></rtept><rtept lat="37.56502" lon="-107.042535"><ele>3644.0</ele><time>2026-04-12T15:45:10Z</time></rtept><rtept lat="37.56495" lon="-107.042556"><ele>3645.2</ele><time>2026-04-12T15:45:10Z</time></rtept><rtept lat="37.564916" lon="-107.04255"><ele>3645.0</ele><time>2026-04-12T15:45:10Z</time></rtept><rtept lat="37.564882" lon="-107.042563"><ele>3645.0</ele><time>2026-04-12T15:45:10Z</time></rtept><rtept lat="37.564626" lon="-107.042565"><ele>3643.2</ele><time>2026-04-12T15:45:10Z</time></rtept><rtept lat="37.564571" lon="-107.042576"><ele>3642.8</ele><time>2026-04-12T15:45:10Z</time></rtept><rtept lat="37.564493" lon="-107.042573"><ele>3642.6</ele><time>2026-04-12T15:45:10Z</time></rtept><rtept lat="37.564377" lon="-107.042586"><ele>3642.2</ele><time>2026-04-12T15:45:10Z</time></rtept><rtept lat="37.56426" lon="-107.042584"><ele>3641.8</ele><time>2026-04-12T15:45:10Z</time></rtept><rtept lat="37.564181" lon="-107.042593"><ele>3641.6</ele><time>2026-04-12T15:45:10Z</time></rtept><rtept lat="37.563981" lon="-107.042599"><ele>3641.6</ele><time>2026-04-12T15:45:10Z</time></rtept><rtept lat="37.563785" lon="-107.042575"><ele>3641.8</ele><time>2026-04-12T15:45:10Z</time></rtept><rtept lat="37.563709" lon="-107.042554"><ele>3641.8</ele><time>2026-04-12T15:45:10Z</time></rtept><rtept lat="37.563592" lon="-107.042553"><ele>3641.8</ele><time>2026-04-12T15:45:10Z</time></rtept><rtept lat="37.563435" lon="-107.042479"><ele>3641.2</ele><time>2026-04-12T15:45:10Z</time></rtept><rtept lat="37.563399" lon="-107.042468"><ele>3641.4</ele><time>2026-04-12T15:45:10Z</time></rtept><rtept lat="37.563359" lon="-107.04247"><ele>3641.4</ele><time>2026-04-12T15:45:10Z</time></rtept><rtept lat="37.563314" lon="-107.042453"><ele>3641.0</ele><time>2026-04-12T15:45:10Z</time></rtept><rtept lat="37.563248" lon="-107.042378"><ele>3641.4</ele><time>2026-04-12T15:45:10Z</time></rtept><rtept lat="37.563221" lon="-107.042339"><ele>3641.2</ele><time>2026-04-12T15:45:10Z</time></rtept><rtept lat="37.563134" lon="-107.042185"><ele>3640.6</ele><time>2026-04-12T15:45:10Z</time></rtept><rtept lat="37.56309" lon="-107.042123"><ele>3640.6</ele><time>2026-04-12T15:45:10Z</time></rtept><rtept lat="37.562934" lon="-107.042006"><ele>3641.8</ele><time>2026-04-12T15:45:10Z</time></rtept><rtept lat="37.562908" lon="-107.041974"><ele>3641.8</ele><time>2026-04-12T15:45:10Z</time></rtept><rtept lat="37.562841" lon="-107.041925"><ele>3642.0</ele><time>2026-04-12T15:45:10Z</time></rtept><rtept lat="37.562782" lon="-107.041798"><ele>3642.4</ele><time>2026-04-12T15:45:10Z</time></rtept><rtept lat="37.562736" lon="-107.041723"><ele>3643.0</ele><time>2026-04-12T15:45:10Z</time></rtept><rtept lat="37.562721" lon="-107.041675"><ele>3642.8</ele><time>2026-04-12T15:45:10Z</time></rtept><rtept lat="37.562667" lon="-107.041422"><ele>3643.0</ele><time>2026-04-12T15:45:10Z</time></rtept><rtept lat="37.56267" lon="-107.041293"><ele>3642.6</ele><time>2026-04-12T15:45:10Z</time></rtept><rtept lat="37.562646" lon="-107.041209"><ele>3642.0</ele><time>2026-04-12T15:45:10Z</time></rtept><rtept lat="37.562629" lon="-107.041176"><ele>3642.0</ele><time>2026-04-12T15:45:10Z</time></rtept><rtept lat="37.562585" lon="-107.041119"><ele>3642.2</ele><time>2026-04-12T15:45:10Z</time></rtept><rtept lat="37.562445" lon="-107.041015"><ele>3642.0</ele><time>2026-04-12T15:45:10Z</time></rtept><rtept lat="37.562427" lon="-107.040993"><ele>3640.6</ele><time>2026-04-12T15:45:10Z</time></rtept><rtept lat="37.562362" lon="-107.040845"><ele>3639.4</ele><time>2026-04-12T15:45:10Z</time></rtept><rtept lat="37.562347" lon="-107.040763"><ele>3638.4</ele><time>2026-04-12T15:45:10Z</time></rtept><rtept lat="37.562332" lon="-107.040723"><ele>3637.4</ele><time>2026-04-12T15:45:10Z</time></rtept><rtept lat="37.562336" lon="-107.04063"><ele>3636.6</ele><time>2026-04-12T15:45:10Z</time></rtept><rtept lat="37.56229" lon="-107.040275"><ele>3632.8</ele><time>2026-04-12T15:45:10Z</time></rtept><rtept lat="37.562263" lon="-107.040182"><ele>3631.2</ele><time>2026-04-12T15:45:10Z</time></rtept><rtept lat="37.562256" lon="-107.040038"><ele>3629.2</ele><time>2026-04-12T15:45:10Z</time></rtept><rtept lat="37.562265" lon="-107.039941"><ele>3628.4</ele><time>2026-04-12T15:45:10Z</time></rtept><rtept lat="37.562254" lon="-107.039798"><ele>3627.8</ele><time>2026-04-12T15:45:10Z</time></rtept><rtept lat="37.562252" lon="-107.039647"><ele>3626.6</ele><time>2026-04-12T15:45:10Z</time></rtept><rtept lat="37.562246" lon="-107.0396"><ele>3626.2</ele><time>2026-04-12T15:45:10Z</time></rtept><rtept lat="37.562216" lon="-107.039507"><ele>3626.0</ele><time>2026-04-12T15:45:10Z</time></rtept><rtept lat="37.562178" lon="-107.039332"><ele>3625.6</ele><time>2026-04-12T15:45:10Z</time></rtept><rtept lat="37.562146" lon="-107.039252"><ele>3625.2</ele><time>2026-04-12T15:45:10Z</time></rtept><rtept lat="37.562119" lon="-107.039221"><ele>3625.0</ele><time>2026-04-12T15:45:10Z</time></rtept><rtept lat="37.5621" lon="-107.039186"><ele>3625.0</ele><time>2026-04-12T15:45:10Z</time></rtept><rtept lat="37.562063" lon="-107.039097"><ele>3624.2</ele><time>2026-04-12T15:45:10Z</time></rtept><rtept lat="37.562039" lon="-107.039061"><ele>3624.2</ele><time>2026-04-12T15:45:10Z</time></rtept><rtept lat="37.562012" lon="-107.039034"><ele>3624.2</ele><time>2026-04-12T15:45:10Z</time></rtept><rtept lat="37.562" lon="-107.038961"><ele>3623.8</ele><time>2026-04-12T15:45:10Z</time></rtept><rtept lat="37.561931" lon="-107.03879"><ele>3620.0</ele><time>2026-04-12T15:45:10Z</time></rtept><rtept lat="37.561906" lon="-107.038771"><ele>3619.0</ele><time>2026-04-12T15:45:10Z</time></rtept><rtept lat="37.561898" lon="-107.038744"><ele>3616.4</ele><time>2026-04-12T15:45:10Z</time></rtept><rtept lat="37.561835" lon="-107.038714"><ele>3615.6</ele><time>2026-04-12T15:45:10Z</time></rtept><rtept lat="37.561787" lon="-107.03867"><ele>3612.2</ele><time>2026-04-12T15:45:10Z</time></rtept><rtept lat="37.561735" lon="-107.03867"><ele>3612.2</ele><time>2026-04-12T15:45:10Z</time></rtept><rtept lat="37.561719" lon="-107.038655"><ele>3609.6</ele><time>2026-04-12T15:45:10Z</time></rtept><rtept lat="37.561725" lon="-107.038615"><ele>3612.2</ele><time>2026-04-12T15:45:10Z</time></rtept><rtept lat="37.56172" lon="-107.038607"><ele>3609.6</ele><time>2026-04-12T15:45:10Z</time></rtept><rtept lat="37.561682" lon="-107.038603"><ele>3609.6</ele><time>2026-04-12T15:45:10Z</time></rtept><rtept lat="37.561666" lon="-107.038593"><ele>3608.2</ele><time>2026-04-12T15:45:10Z</time></rtept><rtept lat="37.561654" lon="-107.038548"><ele>3604.8</ele><time>2026-04-12T15:45:10Z</time></rtept><rtept lat="37.56165" lon="-107.038494"><ele>3603.2</ele><time>2026-04-12T15:45:10Z</time></rtept><rtept lat="37.561659" lon="-107.038479"><ele>3606.4</ele><time>2026-04-12T15:45:10Z</time></rtept><rtept lat="37.561653" lon="-107.038456"><ele>3603.2</ele><time>2026-04-12T15:45:10Z</time></rtept><rtept lat="37.561658" lon="-107.038426"><ele>3606.4</ele><time>2026-04-12T15:45:10Z</time></rtept><rtept lat="37.561672" lon="-107.038398"><ele>3604.8</ele><time>2026-04-12T15:45:10Z</time></rtept><rtept lat="37.561668" lon="-107.038349"><ele>3604.8</ele><time>2026-04-12T15:45:10Z</time></rtept><rtept lat="37.561678" lon="-107.038324"><ele>3603.0</ele><time>2026-04-12T15:45:10Z</time></rtept><rtept lat="37.56167" lon="-107.038255"><ele>3603.0</ele><time>2026-04-12T15:45:10Z</time></rtept><rtept lat="37.561672" lon="-107.038233"><ele>3601.0</ele><time>2026-04-12T15:45:10Z</time></rtept><rtept lat="37.561639" lon="-107.038101"><ele>3597.6</ele><time>2026-04-12T15:45:10Z</time></rtept><rtept lat="37.561606" lon="-107.038043"><ele>3596.4</ele><time>2026-04-12T15:45:10Z</time></rtept><rtept lat="37.561597" lon="-107.038013"><ele>3596.4</ele><time>2026-04-12T15:45:10Z</time></rtept><rtept lat="37.561637" lon="-107.03791"><ele>3595.2</ele><time>2026-04-12T15:45:10Z</time></rtept><rtept lat="37.561641" lon="-107.03786"><ele>3594.0</ele><time>2026-04-12T15:45:10Z</time></rtept><rtept lat="37.561632" lon="-107.037807"><ele>3592.6</ele><time>2026-04-12T15:45:10Z</time></rtept><rtept lat="37.561587" lon="-107.037671"><ele>3589.6</ele><time>2026-04-12T15:45:10Z</time></rtept><rtept lat="37.561584" lon="-107.037633"><ele>3588.0</ele><time>2026-04-12T15:45:10Z</time></rtept><rtept lat="37.561573" lon="-107.037607"><ele>3588.0</ele><time>2026-04-12T15:45:10Z</time></rtept><rtept lat="37.561535" lon="-107.037569"><ele>3588.0</ele><time>2026-04-12T15:45:10Z</time></rtept><rtept lat="37.561505" lon="-107.037524"><ele>3585.2</ele><time>2026-04-12T15:45:10Z</time></rtept><rtept lat="37.561444" lon="-107.037367"><ele>3581.0</ele><time>2026-04-12T15:45:10Z</time></rtept><rtept lat="37.561409" lon="-107.037342"><ele>3581.0</ele><time>2026-04-12T15:45:10Z</time></rtept><rtept lat="37.561399" lon="-107.037264"><ele>3579.4</ele><time>2026-04-12T15:45:10Z</time></rtept><rtept lat="37.561358" lon="-107.037243"><ele>3577.4</ele><time>2026-04-12T15:45:10Z</time></rtept><rtept lat="37.561291" lon="-107.037229"><ele>3575.8</ele><time>2026-04-12T15:45:10Z</time></rtept><rtept lat="37.561232" lon="-107.037144"><ele>3572.6</ele><time>2026-04-12T15:45:10Z</time></rtept><rtept lat="37.561221" lon="-107.037123"><ele>3571.2</ele><time>2026-04-12T15:45:10Z</time></rtept><rtept lat="37.561222" lon="-107.037072"><ele>3571.2</ele><time>2026-04-12T15:45:10Z</time></rtept><rtept lat="37.561211" lon="-107.037047"><ele>3569.8</ele><time>2026-04-12T15:45:10Z</time></rtept><rtept lat="37.561143" lon="-107.036918"><ele>3567.2</ele><time>2026-04-12T15:45:10Z</time></rtept><rtept lat="37.56106" lon="-107.036788"><ele>3563.8</ele><time>2026-04-12T15:45:10Z</time></rtept><rtept lat="37.561038" lon="-107.036734"><ele>3562.2</ele><time>2026-04-12T15:45:10Z</time></rtept><rtept lat="37.561016" lon="-107.036617"><ele>3559.8</ele><time>2026-04-12T15:45:10Z</time></rtept><rtept lat="37.561038" lon="-107.036592"><ele>3559.8</ele><time>2026-04-12T15:45:10Z</time></rtept><rtept lat="37.561015" lon="-107.036538"><ele>3559.8</ele><time>2026-04-12T15:45:10Z</time></rtept><rtept lat="37.561007" lon="-107.036463"><ele>3558.6</ele><time>2026-04-12T15:45:10Z</time></rtept><rtept lat="37.561014" lon="-107.036427"><ele>3557.6</ele><time>2026-04-12T15:45:10Z</time></rtept><rtept lat="37.561002" lon="-107.036354"><ele>3556.8</ele><time>2026-04-12T15:45:10Z</time></rtept><rtept lat="37.560969" lon="-107.036284"><ele>3555.2</ele><time>2026-04-12T15:45:10Z</time></rtept><rtept lat="37.560968" lon="-107.036246"><ele>3554.6</ele><time>2026-04-12T15:45:10Z</time></rtept><rtept lat="37.56095" lon="-107.036218"><ele>3554.6</ele><time>2026-04-12T15:45:10Z</time></rtept><rtept lat="37.560926" lon="-107.036196"><ele>3554.6</ele><time>2026-04-12T15:45:10Z</time></rtept><rtept lat="37.560915" lon="-107.036173"><ele>3553.8</ele><time>2026-04-12T15:45:10Z</time></rtept><rtept lat="37.560897" lon="-107.03605"><ele>3551.8</ele><time>2026-04-12T15:45:10Z</time></rtept><rtept lat="37.560875" lon="-107.036004"><ele>3551.2</ele><time>2026-04-12T15:45:10Z</time></rtept><rtept lat="37.560867" lon="-107.035965"><ele>3551.2</ele><time>2026-04-12T15:45:10Z</time></rtept><rtept lat="37.560816" lon="-107.035904"><ele>3548.8</ele><time>2026-04-12T15:45:10Z</time></rtept><rtept lat="37.560776" lon="-107.035882"><ele>3548.8</ele><time>2026-04-12T15:45:10Z</time></rtept><rtept lat="37.56077" lon="-107.035834"><ele>3545.6</ele><time>2026-04-12T15:45:10Z</time></rtept><rtept lat="37.560752" lon="-107.035798"><ele>3545.6</ele><time>2026-04-12T15:45:10Z</time></rtept><rtept lat="37.56074" lon="-107.035704"><ele>3544.6</ele><time>2026-04-12T15:45:10Z</time></rtept><rtept lat="37.560734" lon="-107.035695"><ele>3544.6</ele><time>2026-04-12T15:45:10Z</time></rtept><rtept lat="37.560737" lon="-107.035672"><ele>3543.4</ele><time>2026-04-12T15:45:10Z</time></rtept><rtept lat="37.560746" lon="-107.03565"><ele>3543.4</ele><time>2026-04-12T15:45:10Z</time></rtept><rtept lat="37.560776" lon="-107.035628"><ele>3545.8</ele><time>2026-04-12T15:45:10Z</time></rtept><rtept lat="37.560794" lon="-107.035593"><ele>3545.8</ele><time>2026-04-12T15:45:10Z</time></rtept><rtept lat="37.560814" lon="-107.035522"><ele>3544.4</ele><time>2026-04-12T15:45:10Z</time></rtept><rtept lat="37.560817" lon="-107.035478"><ele>3543.0</ele><time>2026-04-12T15:45:10Z</time></rtept><rtept lat="37.560826" lon="-107.035457"><ele>3543.0</ele><time>2026-04-12T15:45:10Z</time></rtept><rtept lat="37.560878" lon="-107.035455"><ele>3545.2</ele><time>2026-04-12T15:45:10Z</time></rtept><rtept lat="37.560816" lon="-107.035375"><ele>3541.2</ele><time>2026-04-12T15:45:10Z</time></rtept><rtept lat="37.56083" lon="-107.035326"><ele>3539.4</ele><time>2026-04-12T15:45:10Z</time></rtept><rtept lat="37.560834" lon="-107.035264"><ele>3539.4</ele><time>2026-04-12T15:45:10Z</time></rtept><rtept lat="37.560859" lon="-107.03522"><ele>3539.6</ele><time>2026-04-12T15:45:10Z</time></rtept><rtept lat="37.560851" lon="-107.035209"><ele>3539.6</ele><time>2026-04-12T15:45:10Z</time></rtept><rtept lat="37.560898" lon="-107.034938"><ele>3535.0</ele><time>2026-04-12T15:45:10Z</time></rtept><rtept lat="37.560862" lon="-107.03494"><ele>3535.0</ele><time>2026-04-12T15:45:10Z</time></rtept><rtept lat="37.560863" lon="-107.03493"><ele>3535.0</ele><time>2026-04-12T15:45:10Z</time></rtept><rtept lat="37.560913" lon="-107.034728"><ele>3531.8</ele><time>2026-04-12T15:45:10Z</time></rtept><rtept lat="37.561038" lon="-107.034515"><ele>3529.2</ele><time>2026-04-12T15:45:10Z</time></rtept><rtept lat="37.561067" lon="-107.034422"><ele>3528.2</ele><time>2026-04-12T15:45:10Z</time></rtept><rtept lat="37.561094" lon="-107.034404"><ele>3528.2</ele><time>2026-04-12T15:45:10Z</time></rtept><rtept lat="37.561116" lon="-107.034337"><ele>3527.0</ele><time>2026-04-12T15:45:10Z</time></rtept><rtept lat="37.561164" lon="-107.034277"><ele>3525.4</ele><time>2026-04-12T15:45:10Z</time></rtept><rtept lat="37.5612" lon="-107.034181"><ele>3524.0</ele><time>2026-04-12T15:45:10Z</time></rtept><rtept lat="37.561296" lon="-107.034053"><ele>3522.6</ele><time>2026-04-12T15:45:10Z</time></rtept><rtept lat="37.561446" lon="-107.033983"><ele>3521.0</ele><time>2026-04-12T15:45:10Z</time></rtept><rtept lat="37.561568" lon="-107.033843"><ele>3518.0</ele><time>2026-04-12T15:45:10Z</time></rtept><rtept lat="37.561631" lon="-107.033697"><ele>3516.0</ele><time>2026-04-12T15:45:10Z</time></rtept><rtept lat="37.561712" lon="-107.033487"><ele>3514.6</ele><time>2026-04-12T15:45:10Z</time></rtept><rtept lat="37.561734" lon="-107.033366"><ele>3512.8</ele><time>2026-04-12T15:45:10Z</time></rtept><rtept lat="37.561764" lon="-107.033069"><ele>3507.6</ele><time>2026-04-12T15:45:10Z</time></rtept><rtept lat="37.561796" lon="-107.032918"><ele>3505.0</ele><time>2026-04-12T15:45:10Z</time></rtept><rtept lat="37.561799" lon="-107.03286"><ele>3505.0</ele><time>2026-04-12T15:45:10Z</time></rtept><rtept lat="37.561782" lon="-107.032826"><ele>3505.4</ele><time>2026-04-12T15:45:10Z</time></rtept><rtept lat="37.561785" lon="-107.032757"><ele>3505.4</ele><time>2026-04-12T15:45:10Z</time></rtept><rtept lat="37.561803" lon="-107.032639"><ele>3504.0</ele><time>2026-04-12T15:45:10Z</time></rtept><rtept lat="37.561781" lon="-107.032459"><ele>3504.2</ele><time>2026-04-12T15:45:10Z</time></rtept><rtept lat="37.561792" lon="-107.03223"><ele>3504.2</ele><time>2026-04-12T15:45:10Z</time></rtept><rtept lat="37.561868" lon="-107.032002"><ele>3503.6</ele><time>2026-04-12T15:45:10Z</time></rtept><rtept lat="37.561903" lon="-107.031936"><ele>3503.6</ele><time>2026-04-12T15:45:10Z</time></rtept><rtept lat="37.562011" lon="-107.031673"><ele>3502.0</ele><time>2026-04-12T15:45:10Z</time></rtept><rtept lat="37.562078" lon="-107.031408"><ele>3501.6</ele><time>2026-04-12T15:45:10Z</time></rtept><rtept lat="37.562115" lon="-107.031156"><ele>3502.4</ele><time>2026-04-12T15:45:10Z</time></rtept><rtept lat="37.562116" lon="-107.031081"><ele>3502.6</ele><time>2026-04-12T15:45:10Z</time></rtept><rtept lat="37.562283" lon="-107.030503"><ele>3502.8</ele><time>2026-04-12T15:45:10Z</time></rtept><rtept lat="37.5624" lon="-107.030249"><ele>3503.6</ele><time>2026-04-12T15:45:10Z</time></rtept><rtept lat="37.562399" lon="-107.030203"><ele>3503.6</ele><time>2026-04-12T15:45:10Z</time></rtept><rtept lat="37.562411" lon="-107.030159"><ele>3503.8</ele><time>2026-04-12T15:45:10Z</time></rtept><rtept lat="37.562439" lon="-107.030121"><ele>3503.8</ele><time>2026-04-12T15:45:10Z</time></rtept><rtept lat="37.562446" lon="-107.030078"><ele>3504.0</ele><time>2026-04-12T15:45:10Z</time></rtept><rtept lat="37.562454" lon="-107.029995"><ele>3504.2</ele><time>2026-04-12T15:45:10Z</time></rtept><rtept lat="37.562453" lon="-107.029943"><ele>3504.2</ele><time>2026-04-12T15:45:10Z</time></rtept><rtept lat="37.562445" lon="-107.029897"><ele>3504.4</ele><time>2026-04-12T15:45:10Z</time></rtept><rtept lat="37.562446" lon="-107.029804"><ele>3504.6</ele><time>2026-04-12T15:45:10Z</time></rtept><rtept lat="37.562432" lon="-107.029747"><ele>3504.8</ele><time>2026-04-12T15:45:10Z</time></rtept><rtept lat="37.562412" lon="-107.029708"><ele>3504.8</ele><time>2026-04-12T15:45:10Z</time></rtept><rtept lat="37.562402" lon="-107.029614"><ele>3505.0</ele><time>2026-04-12T15:45:10Z</time></rtept><rtept lat="37.562379" lon="-107.029527"><ele>3505.2</ele><time>2026-04-12T15:45:10Z</time></rtept><rtept lat="37.562366" lon="-107.029486"><ele>3505.4</ele><time>2026-04-12T15:45:10Z</time></rtept><rtept lat="37.562347" lon="-107.02945"><ele>3505.4</ele><time>2026-04-12T15:45:10Z</time></rtept><rtept lat="37.562334" lon="-107.029404"><ele>3505.4</ele><time>2026-04-12T15:45:10Z</time></rtept><rtept lat="37.562347" lon="-107.02927"><ele>3506.2</ele><time>2026-04-12T15:45:10Z</time></rtept><rtept lat="37.562347" lon="-107.029169"><ele>3506.6</ele><time>2026-04-12T15:45:10Z</time></rtept><rtept lat="37.562367" lon="-107.029072"><ele>3507.2</ele><time>2026-04-12T15:45:10Z</time></rtept><rtept lat="37.562383" lon="-107.028911"><ele>3508.6</ele><time>2026-04-12T15:45:10Z</time></rtept><rtept lat="37.562386" lon="-107.028858"><ele>3509.6</ele><time>2026-04-12T15:45:10Z</time></rtept><rtept lat="37.562381" lon="-107.028766"><ele>3510.8</ele><time>2026-04-12T15:45:10Z</time></rtept><rtept lat="37.562394" lon="-107.028681"><ele>3511.8</ele><time>2026-04-12T15:45:10Z</time></rtept><rtept lat="37.562424" lon="-107.028597"><ele>3512.6</ele><time>2026-04-12T15:45:10Z</time></rtept><rtept lat="37.562417" lon="-107.028503"><ele>3513.4</ele><time>2026-04-12T15:45:10Z</time></rtept><rtept lat="37.56242" lon="-107.02847"><ele>3513.4</ele><time>2026-04-12T15:45:10Z</time></rtept><rtept lat="37.562434" lon="-107.028434"><ele>3514.2</ele><time>2026-04-12T15:45:10Z</time></rtept><rtept lat="37.56244" lon="-107.028345"><ele>3514.6</ele><time>2026-04-12T15:45:10Z</time></rtept><rtept lat="37.562472" lon="-107.028218"><ele>3515.2</ele><time>2026-04-12T15:45:10Z</time></rtept><rtept lat="37.562475" lon="-107.028166"><ele>3515.6</ele><time>2026-04-12T15:45:10Z</time></rtept><rtept lat="37.562469" lon="-107.028116"><ele>3516.0</ele><time>2026-04-12T15:45:10Z</time></rtept><rtept lat="37.562475" lon="-107.028015"><ele>3516.6</ele><time>2026-04-12T15:45:10Z</time></rtept><rtept lat="37.562525" lon="-107.027591"><ele>3520.6</ele><time>2026-04-12T15:45:10Z</time></rtept><rtept lat="37.562517" lon="-107.027546"><ele>3520.6</ele><time>2026-04-12T15:45:10Z</time></rtept><rtept lat="37.562542" lon="-107.027413"><ele>3522.8</ele><time>2026-04-12T15:45:10Z</time></rtept><rtept lat="37.562631" lon="-107.027341"><ele>3524.2</ele><time>2026-04-12T15:45:10Z</time></rtept><rtept lat="37.562687" lon="-107.027313"><ele>3524.6</ele><time>2026-04-12T15:45:10Z</time></rtept><rtept lat="37.562762" lon="-107.027292"><ele>3524.8</ele><time>2026-04-12T15:45:10Z</time></rtept><rtept lat="37.562766" lon="-107.027308"><ele>3524.8</ele><time>2026-04-12T15:45:10Z</time></rtept><rtept lat="37.562848" lon="-107.02726"><ele>3526.4</ele><time>2026-04-12T15:45:10Z</time></rtept><rtept lat="37.562894" lon="-107.027242"><ele>3526.6</ele><time>2026-04-12T15:45:10Z</time></rtept><rtept lat="37.562933" lon="-107.027212"><ele>3526.6</ele><time>2026-04-12T15:45:10Z</time></rtept><rtept lat="37.562942" lon="-107.027197"><ele>3526.6</ele><time>2026-04-12T15:45:10Z</time></rtept><rtept lat="37.562974" lon="-107.027184"><ele>3526.6</ele><time>2026-04-12T15:45:10Z</time></rtept><rtept lat="37.563042" lon="-107.027122"><ele>3527.8</ele><time>2026-04-12T15:45:10Z</time></rtept><rtept lat="37.563085" lon="-107.027104"><ele>3527.8</ele><time>2026-04-12T15:45:10Z</time></rtept><rtept lat="37.563117" lon="-107.027073"><ele>3529.0</ele><time>2026-04-12T15:45:10Z</time></rtept><rtept lat="37.563187" lon="-107.026952"><ele>3530.2</ele><time>2026-04-12T15:45:10Z</time></rtept><rtept lat="37.563346" lon="-107.026776"><ele>3532.4</ele><time>2026-04-12T15:45:10Z</time></rtept><rtept lat="37.563349" lon="-107.026738"><ele>3533.6</ele><time>2026-04-12T15:45:10Z</time></rtept><rtept lat="37.563415" lon="-107.026652"><ele>3534.6</ele><time>2026-04-12T15:45:10Z</time></rtept><rtept lat="37.563425" lon="-107.026623"><ele>3534.6</ele><time>2026-04-12T15:45:10Z</time></rtept><rtept lat="37.563383" lon="-107.026548"><ele>3535.8</ele><time>2026-04-12T15:45:10Z</time></rtept><rtept lat="37.563363" lon="-107.026537"><ele>3535.8</ele><time>2026-04-12T15:45:10Z</time></rtept><rtept lat="37.56335" lon="-107.02654"><ele>3536.0</ele><time>2026-04-12T15:45:10Z</time></rtept><rtept lat="37.563343" lon="-107.02652"><ele>3536.0</ele><time>2026-04-12T15:45:10Z</time></rtept><rtept lat="37.563311" lon="-107.026535"><ele>3536.0</ele><time>2026-04-12T15:45:10Z</time></rtept><rtept lat="37.563206" lon="-107.026532"><ele>3536.6</ele><time>2026-04-12T15:45:10Z</time></rtept><rtept lat="37.56315" lon="-107.02651"><ele>3536.8</ele><time>2026-04-12T15:45:10Z</time></rtept><rtept lat="37.563101" lon="-107.026469"><ele>3538.0</ele><time>2026-04-12T15:45:10Z</time></rtept><rtept lat="37.563081" lon="-107.026462"><ele>3538.2</ele><time>2026-04-12T15:45:10Z</time></rtept><rtept lat="37.56306" lon="-107.026464"><ele>3538.2</ele><time>2026-04-12T15:45:10Z</time></rtept><rtept lat="37.563027" lon="-107.026431"><ele>3538.2</ele><time>2026-04-12T15:45:10Z</time></rtept><rtept lat="37.56301" lon="-107.026386"><ele>3539.8</ele><time>2026-04-12T15:45:10Z</time></rtept><rtept lat="37.562988" lon="-107.026352"><ele>3539.8</ele><time>2026-04-12T15:45:10Z</time></rtept><rtept lat="37.56295" lon="-107.02634"><ele>3539.8</ele><time>2026-04-12T15:45:10Z</time></rtept><rtept lat="37.562925" lon="-107.026342"><ele>3539.8</ele><time>2026-04-12T15:45:10Z</time></rtept><rtept lat="37.562899" lon="-107.02631"><ele>3541.2</ele><time>2026-04-12T15:45:10Z</time></rtept><rtept lat="37.56286" lon="-107.026302"><ele>3541.2</ele><time>2026-04-12T15:45:10Z</time></rtept><rtept lat="37.562823" lon="-107.026263"><ele>3541.2</ele><time>2026-04-12T15:45:10Z</time></rtept><rtept lat="37.562789" lon="-107.026247"><ele>3541.2</ele><time>2026-04-12T15:45:10Z</time></rtept><rtept lat="37.56276" lon="-107.026217"><ele>3542.8</ele><time>2026-04-12T15:45:10Z</time></rtept><rtept lat="37.562736" lon="-107.026205"><ele>3542.8</ele><time>2026-04-12T15:45:10Z</time></rtept><rtept lat="37.562727" lon="-107.026179"><ele>3542.8</ele><time>2026-04-12T15:45:10Z</time></rtept><rtept lat="37.562688" lon="-107.026126"><ele>3544.2</ele><time>2026-04-12T15:45:10Z</time></rtept><rtept lat="37.562664" lon="-107.026062"><ele>3545.8</ele><time>2026-04-12T15:45:10Z</time></rtept><rtept lat="37.562611" lon="-107.026001"><ele>3545.8</ele><time>2026-04-12T15:45:10Z</time></rtept><rtept lat="37.562596" lon="-107.025971"><ele>3547.2</ele><time>2026-04-12T15:45:10Z</time></rtept><rtept lat="37.562536" lon="-107.02589"><ele>3548.2</ele><time>2026-04-12T15:45:10Z</time></rtept><rtept lat="37.562507" lon="-107.025781"><ele>3549.6</ele><time>2026-04-12T15:45:10Z</time></rtept><rtept lat="37.562509" lon="-107.025748"><ele>3549.6</ele><time>2026-04-12T15:45:10Z</time></rtept><rtept lat="37.562498" lon="-107.025731"><ele>3549.6</ele><time>2026-04-12T15:45:10Z</time></rtept><rtept lat="37.562499" lon="-107.025682"><ele>3550.8</ele><time>2026-04-12T15:45:10Z</time></rtept><rtept lat="37.562458" lon="-107.025588"><ele>3551.6</ele><time>2026-04-12T15:45:10Z</time></rtept><rtept lat="37.562429" lon="-107.02555"><ele>3551.6</ele><time>2026-04-12T15:45:10Z</time></rtept><rtept lat="37.562423" lon="-107.025525"><ele>3552.8</ele><time>2026-04-12T15:45:10Z</time></rtept><rtept lat="37.562291" lon="-107.02537"><ele>3555.0</ele><time>2026-04-12T15:45:10Z</time></rtept><rtept lat="37.562239" lon="-107.025329"><ele>3554.6</ele><time>2026-04-12T15:45:10Z</time></rtept><rtept lat="37.562195" lon="-107.025268"><ele>3555.6</ele><time>2026-04-12T15:45:10Z</time></rtept><rtept lat="37.562194" lon="-107.025241"><ele>3555.6</ele><time>2026-04-12T15:45:10Z</time></rtept><rtept lat="37.562181" lon="-107.025218"><ele>3555.6</ele><time>2026-04-12T15:45:10Z</time></rtept><rtept lat="37.562147" lon="-107.025176"><ele>3557.4</ele><time>2026-04-12T15:45:10Z</time></rtept><rtept lat="37.562114" lon="-107.025179"><ele>3557.0</ele><time>2026-04-12T15:45:10Z</time></rtept><rtept lat="37.562085" lon="-107.025162"><ele>3557.0</ele><time>2026-04-12T15:45:10Z</time></rtept><rtept lat="37.562043" lon="-107.025121"><ele>3556.4</ele><time>2026-04-12T15:45:10Z</time></rtept><rtept lat="37.562002" lon="-107.025104"><ele>3558.0</ele><time>2026-04-12T15:45:10Z</time></rtept><rtept lat="37.561987" lon="-107.025087"><ele>3557.4</ele><time>2026-04-12T15:45:10Z</time></rtept><rtept lat="37.56199" lon="-107.025039"><ele>3557.4</ele><time>2026-04-12T15:45:10Z</time></rtept><rtept lat="37.561984" lon="-107.024994"><ele>3559.2</ele><time>2026-04-12T15:45:10Z</time></rtept><rtept lat="37.56196" lon="-107.024963"><ele>3559.2</ele><time>2026-04-12T15:45:10Z</time></rtept><rtept lat="37.561931" lon="-107.024908"><ele>3561.0</ele><time>2026-04-12T15:45:10Z</time></rtept><rtept lat="37.561907" lon="-107.024902"><ele>3560.2</ele><time>2026-04-12T15:45:10Z</time></rtept><rtept lat="37.561887" lon="-107.024886"><ele>3560.2</ele><time>2026-04-12T15:45:10Z</time></rtept><rtept lat="37.56186" lon="-107.02486"><ele>3561.2</ele><time>2026-04-12T15:45:10Z</time></rtept><rtept lat="37.561849" lon="-107.024836"><ele>3561.2</ele><time>2026-04-12T15:45:10Z</time></rtept><rtept lat="37.561827" lon="-107.024824"><ele>3561.2</ele><time>2026-04-12T15:45:10Z</time></rtept><rtept lat="37.561767" lon="-107.02476"><ele>3562.0</ele><time>2026-04-12T15:45:10Z</time></rtept><rtept lat="37.561765" lon="-107.024744"><ele>3562.0</ele><time>2026-04-12T15:45:10Z</time></rtept><rtept lat="37.561721" lon="-107.024677"><ele>3562.8</ele><time>2026-04-12T15:45:10Z</time></rtept><rtept lat="37.561661" lon="-107.024507"><ele>3566.8</ele><time>2026-04-12T15:45:10Z</time></rtept><rtept lat="37.561662" lon="-107.024476"><ele>3566.8</ele><time>2026-04-12T15:45:10Z</time></rtept><rtept lat="37.561655" lon="-107.02445"><ele>3565.0</ele><time>2026-04-12T15:45:10Z</time></rtept><rtept lat="37.561659" lon="-107.024363"><ele>3568.8</ele><time>2026-04-12T15:45:10Z</time></rtept><rtept lat="37.561638" lon="-107.024288"><ele>3568.6</ele><time>2026-04-12T15:45:10Z</time></rtept><rtept lat="37.561644" lon="-107.024195"><ele>3570.4</ele><time>2026-04-12T15:45:10Z</time></rtept><rtept lat="37.561654" lon="-107.02415"><ele>3572.2</ele><time>2026-04-12T15:45:10Z</time></rtept><rtept lat="37.561647" lon="-107.024115"><ele>3572.2</ele><time>2026-04-12T15:45:10Z</time></rtept><rtept lat="37.561673" lon="-107.024098"><ele>3573.8</ele><time>2026-04-12T15:45:10Z</time></rtept><rtept lat="37.561671" lon="-107.024082"><ele>3575.0</ele><time>2026-04-12T15:45:10Z</time></rtept><rtept lat="37.561703" lon="-107.024041"><ele>3575.0</ele><time>2026-04-12T15:45:10Z</time></rtept><rtept lat="37.561732" lon="-107.024022"><ele>3576.2</ele><time>2026-04-12T15:45:10Z</time></rtept><rtept lat="37.561751" lon="-107.023993"><ele>3577.2</ele><time>2026-04-12T15:45:10Z</time></rtept><rtept lat="37.561807" lon="-107.023988"><ele>3578.2</ele><time>2026-04-12T15:45:10Z</time></rtept><rtept lat="37.561819" lon="-107.023971"><ele>3578.2</ele><time>2026-04-12T15:45:10Z</time></rtept><rtept lat="37.561892" lon="-107.023933"><ele>3579.0</ele><time>2026-04-12T15:45:10Z</time></rtept><rtept lat="37.562093" lon="-107.023873"><ele>3582.2</ele><time>2026-04-12T15:45:10Z</time></rtept><rtept lat="37.562134" lon="-107.023868"><ele>3582.4</ele><time>2026-04-12T15:45:10Z</time></rtept><rtept lat="37.562195" lon="-107.023877"><ele>3582.4</ele><time>2026-04-12T15:45:10Z</time></rtept><rtept lat="37.562228" lon="-107.023871"><ele>3582.6</ele><time>2026-04-12T15:45:10Z</time></rtept><rtept lat="37.562239" lon="-107.023885"><ele>3582.6</ele><time>2026-04-12T15:45:10Z</time></rtept><rtept lat="37.562269" lon="-107.023876"><ele>3582.6</ele><time>2026-04-12T15:45:10Z</time></rtept><rtept lat="37.562291" lon="-107.02389"><ele>3582.8</ele><time>2026-04-12T15:45:10Z</time></rtept><rtept lat="37.562318" lon="-107.023891"><ele>3582.8</ele><time>2026-04-12T15:45:10Z</time></rtept><rtept lat="37.562359" lon="-107.023908"><ele>3582.8</ele><time>2026-04-12T15:45:10Z</time></rtept><rtept lat="37.562374" lon="-107.023921"><ele>3581.2</ele><time>2026-04-12T15:45:10Z</time></rtept><rtept lat="37.562412" lon="-107.02393"><ele>3581.0</ele><time>2026-04-12T15:45:10Z</time></rtept><rtept lat="37.562441" lon="-107.023928"><ele>3581.0</ele><time>2026-04-12T15:45:10Z</time></rtept><rtept lat="37.562444" lon="-107.023898"><ele>3582.2</ele><time>2026-04-12T15:45:10Z</time></rtept><rtept lat="37.562456" lon="-107.023886"><ele>3582.2</ele><time>2026-04-12T15:45:10Z</time></rtept><rtept lat="37.562452" lon="-107.02386"><ele>3582.2</ele><time>2026-04-12T15:45:10Z</time></rtept><rtept lat="37.562459" lon="-107.023845"><ele>3582.2</ele><time>2026-04-12T15:45:10Z</time></rtept><rtept lat="37.562471" lon="-107.023769"><ele>3583.6</ele><time>2026-04-12T15:45:10Z</time></rtept><rtept lat="37.562497" lon="-107.023716"><ele>3583.4</ele><time>2026-04-12T15:45:10Z</time></rtept><rtept lat="37.562521" lon="-107.0236"><ele>3584.2</ele><time>2026-04-12T15:45:10Z</time></rtept><rtept lat="37.562637" lon="-107.023302"><ele>3584.4</ele><time>2026-04-12T15:45:10Z</time></rtept><rtept lat="37.562647" lon="-107.023251"><ele>3584.4</ele><time>2026-04-12T15:45:10Z</time></rtept><rtept lat="37.562666" lon="-107.023204"><ele>3585.2</ele><time>2026-04-12T15:45:10Z</time></rtept><rtept lat="37.562685" lon="-107.02313"><ele>3583.6</ele><time>2026-04-12T15:45:10Z</time></rtept><rtept lat="37.562698" lon="-107.023058"><ele>3583.6</ele><time>2026-04-12T15:45:10Z</time></rtept><rtept lat="37.562728" lon="-107.022963"><ele>3584.2</ele><time>2026-04-12T15:45:10Z</time></rtept><rtept lat="37.562807" lon="-107.022835"><ele>3582.2</ele><time>2026-04-12T15:45:10Z</time></rtept><rtept lat="37.562903" lon="-107.02275"><ele>3578.2</ele><time>2026-04-12T15:45:10Z</time></rtept><rtept lat="37.562937" lon="-107.022728"><ele>3578.2</ele><time>2026-04-12T15:45:10Z</time></rtept><rtept lat="37.563032" lon="-107.022713"><ele>3576.8</ele><time>2026-04-12T15:45:10Z</time></rtept><rtept lat="37.563203" lon="-107.022639"><ele>3574.0</ele><time>2026-04-12T15:45:10Z</time></rtept><rtept lat="37.563282" lon="-107.022623"><ele>3574.6</ele><time>2026-04-12T15:45:10Z</time></rtept><rtept lat="37.563486" lon="-107.022545"><ele>3569.4</ele><time>2026-04-12T15:45:10Z</time></rtept><rtept lat="37.563568" lon="-107.022468"><ele>3567.0</ele><time>2026-04-12T15:45:10Z</time></rtept><rtept lat="37.563616" lon="-107.022444"><ele>3568.6</ele><time>2026-04-12T15:45:10Z</time></rtept><rtept lat="37.563637" lon="-107.022422"><ele>3566.6</ele><time>2026-04-12T15:45:10Z</time></rtept><rtept lat="37.563671" lon="-107.022405"><ele>3566.6</ele><time>2026-04-12T15:45:10Z</time></rtept><rtept lat="37.563809" lon="-107.022371"><ele>3564.2</ele><time>2026-04-12T15:45:10Z</time></rtept><rtept lat="37.563843" lon="-107.022353"><ele>3562.6</ele><time>2026-04-12T15:45:10Z</time></rtept><rtept lat="37.563886" lon="-107.022324"><ele>3562.6</ele><time>2026-04-12T15:45:10Z</time></rtept><rtept lat="37.56396" lon="-107.022247"><ele>3562.4</ele><time>2026-04-12T15:45:10Z</time></rtept><rtept lat="37.56404" lon="-107.02218"><ele>3560.4</ele><time>2026-04-12T15:45:10Z</time></rtept><rtept lat="37.56409" lon="-107.02212"><ele>3560.4</ele><time>2026-04-12T15:45:10Z</time></rtept><rtept lat="37.564163" lon="-107.021917"><ele>3561.6</ele><time>2026-04-12T15:45:10Z</time></rtept><rtept lat="37.564206" lon="-107.021832"><ele>3559.2</ele><time>2026-04-12T15:45:10Z</time></rtept><rtept lat="37.564258" lon="-107.02166"><ele>3555.8</ele><time>2026-04-12T15:45:10Z</time></rtept><rtept lat="37.564291" lon="-107.021459"><ele>3558.2</ele><time>2026-04-12T15:45:10Z</time></rtept><rtept lat="37.564279" lon="-107.021379"><ele>3559.0</ele><time>2026-04-12T15:45:10Z</time></rtept><rtept lat="37.564277" lon="-107.021327"><ele>3559.6</ele><time>2026-04-12T15:45:10Z</time></rtept><rtept lat="37.564302" lon="-107.021209"><ele>3560.4</ele><time>2026-04-12T15:45:10Z</time></rtept><rtept lat="37.56434" lon="-107.021078"><ele>3558.2</ele><time>2026-04-12T15:45:10Z</time></rtept><rtept lat="37.564361" lon="-107.021027"><ele>3558.2</ele><time>2026-04-12T15:45:10Z</time></rtept><rtept lat="37.564412" lon="-107.020832"><ele>3552.6</ele><time>2026-04-12T15:45:10Z</time></rtept><rtept lat="37.564427" lon="-107.020724"><ele>3551.8</ele><time>2026-04-12T15:45:10Z</time></rtept><rtept lat="37.564426" lon="-107.020689"><ele>3551.8</ele><time>2026-04-12T15:45:10Z</time></rtept><rtept lat="37.564403" lon="-107.020544"><ele>3553.6</ele><time>2026-04-12T15:45:10Z</time></rtept><rtept lat="37.564369" lon="-107.020427"><ele>3558.4</ele><time>2026-04-12T15:45:10Z</time></rtept><rtept lat="37.564359" lon="-107.020349"><ele>3559.2</ele><time>2026-04-12T15:45:10Z</time></rtept><rtept lat="37.564362" lon="-107.020313"><ele>3559.2</ele><time>2026-04-12T15:45:10Z</time></rtept><rtept lat="37.564437" lon="-107.020056"><ele>3557.0</ele><time>2026-04-12T15:45:10Z</time></rtept><rtept lat="37.564486" lon="-107.019919"><ele>3554.6</ele><time>2026-04-12T15:45:10Z</time></rtept><rtept lat="37.564542" lon="-107.019799"><ele>3552.0</ele><time>2026-04-12T15:45:10Z</time></rtept><rtept lat="37.5646" lon="-107.019616"><ele>3550.4</ele><time>2026-04-12T15:45:10Z</time></rtept><rtept lat="37.564605" lon="-107.019553"><ele>3550.4</ele><time>2026-04-12T15:45:10Z</time></rtept><rtept lat="37.564591" lon="-107.019426"><ele>3550.6</ele><time>2026-04-12T15:45:10Z</time></rtept><rtept lat="37.564592" lon="-107.019387"><ele>3550.6</ele><time>2026-04-12T15:45:10Z</time></rtept><rtept lat="37.564613" lon="-107.019353"><ele>3550.6</ele><time>2026-04-12T15:45:10Z</time></rtept><rtept lat="37.56464" lon="-107.019333"><ele>3550.6</ele><time>2026-04-12T15:45:10Z</time></rtept><rtept lat="37.56467" lon="-107.019294"><ele>3548.2</ele><time>2026-04-12T15:45:10Z</time></rtept><rtept lat="37.56469" lon="-107.019217"><ele>3548.2</ele><time>2026-04-12T15:45:10Z</time></rtept><rtept lat="37.564724" lon="-107.019161"><ele>3546.8</ele><time>2026-04-12T15:45:10Z</time></rtept><rtept lat="37.564764" lon="-107.019113"><ele>3546.8</ele><time>2026-04-12T15:45:10Z</time></rtept><rtept lat="37.564988" lon="-107.018933"><ele>3546.0</ele><time>2026-04-12T15:45:10Z</time></rtept><rtept lat="37.565011" lon="-107.018887"><ele>3544.2</ele><time>2026-04-12T15:45:10Z</time></rtept><rtept lat="37.565031" lon="-107.018783"><ele>3545.4</ele><time>2026-04-12T15:45:10Z</time></rtept><rtept lat="37.565051" lon="-107.018753"><ele>3546.4</ele><time>2026-04-12T15:45:10Z</time></rtept><rtept lat="37.565063" lon="-107.018721"><ele>3544.4</ele><time>2026-04-12T15:45:10Z</time></rtept><rtept lat="37.565061" lon="-107.018689"><ele>3544.4</ele><time>2026-04-12T15:45:10Z</time></rtept><rtept lat="37.564947" lon="-107.018278"><ele>3549.2</ele><time>2026-04-12T15:45:10Z</time></rtept><rtept lat="37.564884" lon="-107.018152"><ele>3549.8</ele><time>2026-04-12T15:45:10Z</time></rtept><rtept lat="37.564893" lon="-107.01811"><ele>3549.8</ele><time>2026-04-12T15:45:10Z</time></rtept><rtept lat="37.564848" lon="-107.017982"><ele>3551.6</ele><time>2026-04-12T15:45:10Z</time></rtept><rtept lat="37.564812" lon="-107.017848"><ele>3552.2</ele><time>2026-04-12T15:45:10Z</time></rtept><rtept lat="37.564811" lon="-107.017807"><ele>3552.8</ele><time>2026-04-12T15:45:10Z</time></rtept><rtept lat="37.564772" lon="-107.017672"><ele>3554.2</ele><time>2026-04-12T15:45:10Z</time></rtept><rtept lat="37.564731" lon="-107.017597"><ele>3554.4</ele><time>2026-04-12T15:45:10Z</time></rtept><rtept lat="37.564713" lon="-107.017578"><ele>3555.4</ele><time>2026-04-12T15:45:10Z</time></rtept><rtept lat="37.564708" lon="-107.017488"><ele>3555.6</ele><time>2026-04-12T15:45:10Z</time></rtept><rtept lat="37.564753" lon="-107.017354"><ele>3554.6</ele><time>2026-04-12T15:45:10Z</time></rtept><rtept lat="37.56485" lon="-107.017101"><ele>3552.6</ele><time>2026-04-12T15:45:10Z</time></rtept><rtept lat="37.564955" lon="-107.016875"><ele>3548.6</ele><time>2026-04-12T15:45:10Z</time></rtept><rtept lat="37.564993" lon="-107.016769"><ele>3546.6</ele><time>2026-04-12T15:45:10Z</time></rtept><rtept lat="37.565033" lon="-107.016692"><ele>3545.2</ele><time>2026-04-12T15:45:10Z</time></rtept><rtept lat="37.565104" lon="-107.016596"><ele>3543.4</ele><time>2026-04-12T15:45:10Z</time></rtept><rtept lat="37.565205" lon="-107.016561"><ele>3542.0</ele><time>2026-04-12T15:45:10Z</time></rtept><rtept lat="37.56527" lon="-107.016538"><ele>3541.2</ele><time>2026-04-12T15:45:10Z</time></rtept><rtept lat="37.565383" lon="-107.016513"><ele>3539.6</ele><time>2026-04-12T15:45:10Z</time></rtept><rtept lat="37.565421" lon="-107.016491"><ele>3538.6</ele><time>2026-04-12T15:45:10Z</time></rtept><rtept lat="37.565661" lon="-107.01641"><ele>3534.4</ele><time>2026-04-12T15:45:10Z</time></rtept><rtept lat="37.565706" lon="-107.016424"><ele>3533.4</ele><time>2026-04-12T15:45:10Z</time></rtept><rtept lat="37.565728" lon="-107.016441"><ele>3533.4</ele><time>2026-04-12T15:45:10Z</time></rtept><rtept lat="37.565904" lon="-107.016458"><ele>3531.2</ele><time>2026-04-12T15:45:10Z</time></rtept><rtept lat="37.565958" lon="-107.01644"><ele>3529.8</ele><time>2026-04-12T15:45:10Z</time></rtept><rtept lat="37.565984" lon="-107.016415"><ele>3529.8</ele><time>2026-04-12T15:45:10Z</time></rtept><rtept lat="37.566003" lon="-107.016351"><ele>3529.2</ele><time>2026-04-12T15:45:10Z</time></rtept><rtept lat="37.565979" lon="-107.016266"><ele>3528.2</ele><time>2026-04-12T15:45:10Z</time></rtept><rtept lat="37.565985" lon="-107.016093"><ele>3526.0</ele><time>2026-04-12T15:45:10Z</time></rtept><rtept lat="37.566011" lon="-107.016007"><ele>3525.0</ele><time>2026-04-12T15:45:10Z</time></rtept><rtept lat="37.565976" lon="-107.015952"><ele>3525.0</ele><time>2026-04-12T15:45:10Z</time></rtept><rtept lat="37.565972" lon="-107.015891"><ele>3524.4</ele><time>2026-04-12T15:45:10Z</time></rtept><rtept lat="37.566002" lon="-107.015856"><ele>3524.4</ele><time>2026-04-12T15:45:10Z</time></rtept><rtept lat="37.566112" lon="-107.015781"><ele>3524.6</ele><time>2026-04-12T15:45:10Z</time></rtept><rtept lat="37.56613" lon="-107.015761"><ele>3524.0</ele><time>2026-04-12T15:45:10Z</time></rtept><rtept lat="37.566154" lon="-107.015695"><ele>3525.0</ele><time>2026-04-12T15:45:10Z</time></rtept><rtept lat="37.566161" lon="-107.015621"><ele>3524.4</ele><time>2026-04-12T15:45:10Z</time></rtept><rtept lat="37.56619" lon="-107.015524"><ele>3524.0</ele><time>2026-04-12T15:45:10Z</time></rtept><rtept lat="37.566185" lon="-107.015292"><ele>3523.2</ele><time>2026-04-12T15:45:10Z</time></rtept><rtept lat="37.566247" lon="-107.015089"><ele>3525.0</ele><time>2026-04-12T15:45:10Z</time></rtept><rtept lat="37.566271" lon="-107.014862"><ele>3525.2</ele><time>2026-04-12T15:45:10Z</time></rtept><rtept lat="37.566228" lon="-107.014655"><ele>3525.6</ele><time>2026-04-12T15:45:10Z</time></rtept><rtept lat="37.566224" lon="-107.014618"><ele>3525.8</ele><time>2026-04-12T15:45:10Z</time></rtept><rtept lat="37.56623" lon="-107.014542"><ele>3526.0</ele><time>2026-04-12T15:45:10Z</time></rtept><rtept lat="37.566189" lon="-107.014399"><ele>3524.2</ele><time>2026-04-12T15:45:10Z</time></rtept><rtept lat="37.566197" lon="-107.014231"><ele>3524.4</ele><time>2026-04-12T15:45:10Z</time></rtept><rtept lat="37.566185" lon="-107.01409"><ele>3524.2</ele><time>2026-04-12T15:45:10Z</time></rtept><rtept lat="37.566195" lon="-107.014057"><ele>3524.2</ele><time>2026-04-12T15:45:10Z</time></rtept><rtept lat="37.566146" lon="-107.014"><ele>3521.2</ele><time>2026-04-12T15:45:10Z</time></rtept><rtept lat="37.566121" lon="-107.013926"><ele>3520.8</ele><time>2026-04-12T15:45:10Z</time></rtept><rtept lat="37.56611" lon="-107.013866"><ele>3520.2</ele><time>2026-04-12T15:45:10Z</time></rtept><rtept lat="37.566134" lon="-107.013811"><ele>3520.2</ele><time>2026-04-12T15:45:10Z</time></rtept><rtept lat="37.566154" lon="-107.013797"><ele>3522.6</ele><time>2026-04-12T15:45:10Z</time></rtept><rtept lat="37.566171" lon="-107.013744"><ele>3522.2</ele><time>2026-04-12T15:45:10Z</time></rtept><rtept lat="37.566148" lon="-107.013637"><ele>3522.2</ele><time>2026-04-12T15:45:10Z</time></rtept><rtept lat="37.566152" lon="-107.013542"><ele>3523.0</ele><time>2026-04-12T15:45:10Z</time></rtept><rtept lat="37.566164" lon="-107.013482"><ele>3524.0</ele><time>2026-04-12T15:45:10Z</time></rtept><rtept lat="37.56616" lon="-107.013447"><ele>3524.0</ele><time>2026-04-12T15:45:10Z</time></rtept><rtept lat="37.566165" lon="-107.013419"><ele>3525.2</ele><time>2026-04-12T15:45:10Z</time></rtept><rtept lat="37.566146" lon="-107.013251"><ele>3524.6</ele><time>2026-04-12T15:45:10Z</time></rtept><rtept lat="37.566149" lon="-107.013211"><ele>3527.0</ele><time>2026-04-12T15:45:10Z</time></rtept><rtept lat="37.566125" lon="-107.01316"><ele>3525.4</ele><time>2026-04-12T15:45:10Z</time></rtept><rtept lat="37.566107" lon="-107.013147"><ele>3525.4</ele><time>2026-04-12T15:45:10Z</time></rtept><rtept lat="37.566061" lon="-107.013043"><ele>3524.0</ele><time>2026-04-12T15:45:10Z</time></rtept><rtept lat="37.566021" lon="-107.012882"><ele>3525.2</ele><time>2026-04-12T15:45:10Z</time></rtept><rtept lat="37.56598" lon="-107.012768"><ele>3523.2</ele><time>2026-04-12T15:45:10Z</time></rtept><rtept lat="37.565947" lon="-107.012619"><ele>3524.0</ele><time>2026-04-12T15:45:10Z</time></rtept><rtept lat="37.565943" lon="-107.012558"><ele>3522.8</ele><time>2026-04-12T15:45:10Z</time></rtept><rtept lat="37.565954" lon="-107.012476"><ele>3526.2</ele><time>2026-04-12T15:45:10Z</time></rtept><rtept lat="37.56595" lon="-107.012455"><ele>3526.2</ele><time>2026-04-12T15:45:10Z</time></rtept><rtept lat="37.565881" lon="-107.012389"><ele>3525.8</ele><time>2026-04-12T15:45:10Z</time></rtept><rtept lat="37.56585" lon="-107.01234"><ele>3523.6</ele><time>2026-04-12T15:45:10Z</time></rtept><rtept lat="37.565827" lon="-107.012276"><ele>3525.0</ele><time>2026-04-12T15:45:10Z</time></rtept><rtept lat="37.56581" lon="-107.012183"><ele>3526.2</ele><time>2026-04-12T15:45:10Z</time></rtept><rtept lat="37.565774" lon="-107.012042"><ele>3525.6</ele><time>2026-04-12T15:45:10Z</time></rtept><rtept lat="37.565741" lon="-107.011996"><ele>3525.6</ele><time>2026-04-12T15:45:10Z</time></rtept><rtept lat="37.565685" lon="-107.011883"><ele>3523.8</ele><time>2026-04-12T15:45:10Z</time></rtept><rtept lat="37.565676" lon="-107.011838"><ele>3523.8</ele><time>2026-04-12T15:45:10Z</time></rtept><rtept lat="37.565679" lon="-107.011807"><ele>3524.2</ele><time>2026-04-12T15:45:10Z</time></rtept><rtept lat="37.565712" lon="-107.01173"><ele>3524.2</ele><time>2026-04-12T15:45:10Z</time></rtept><rtept lat="37.565708" lon="-107.011706"><ele>3524.4</ele><time>2026-04-12T15:45:10Z</time></rtept><rtept lat="37.56569" lon="-107.011688"><ele>3524.4</ele><time>2026-04-12T15:45:10Z</time></rtept><rtept lat="37.565651" lon="-107.011605"><ele>3522.4</ele><time>2026-04-12T15:45:10Z</time></rtept><rtept lat="37.565605" lon="-107.011529"><ele>3523.4</ele><time>2026-04-12T15:45:10Z</time></rtept><rtept lat="37.565569" lon="-107.011409"><ele>3522.4</ele><time>2026-04-12T15:45:10Z</time></rtept><rtept lat="37.565563" lon="-107.011323"><ele>3524.2</ele><time>2026-04-12T15:45:10Z</time></rtept><rtept lat="37.56547" lon="-107.011254"><ele>3523.4</ele><time>2026-04-12T15:45:10Z</time></rtept><rtept lat="37.565464" lon="-107.011221"><ele>3520.8</ele><time>2026-04-12T15:45:10Z</time></rtept><rtept lat="37.565405" lon="-107.011116"><ele>3524.0</ele><time>2026-04-12T15:45:10Z</time></rtept><rtept lat="37.565367" lon="-107.011069"><ele>3521.6</ele><time>2026-04-12T15:45:10Z</time></rtept><rtept lat="37.565337" lon="-107.011015"><ele>3523.0</ele><time>2026-04-12T15:45:10Z</time></rtept><rtept lat="37.565315" lon="-107.01096"><ele>3520.4</ele><time>2026-04-12T15:45:10Z</time></rtept><rtept lat="37.565265" lon="-107.01089"><ele>3521.8</ele><time>2026-04-12T15:45:10Z</time></rtept><rtept lat="37.565241" lon="-107.010823"><ele>3520.4</ele><time>2026-04-12T15:45:10Z</time></rtept><rtept lat="37.565205" lon="-107.01055"><ele>3524.0</ele><time>2026-04-12T15:45:10Z</time></rtept><rtept lat="37.565186" lon="-107.010328"><ele>3523.8</ele><time>2026-04-12T15:45:10Z</time></rtept><rtept lat="37.565147" lon="-107.010257"><ele>3524.4</ele><time>2026-04-12T15:45:10Z</time></rtept><rtept lat="37.565147" lon="-107.010222"><ele>3524.4</ele><time>2026-04-12T15:45:10Z</time></rtept><rtept lat="37.565178" lon="-107.010141"><ele>3524.8</ele><time>2026-04-12T15:45:10Z</time></rtept><rtept lat="37.565172" lon="-107.010101"><ele>3524.8</ele><time>2026-04-12T15:45:10Z</time></rtept><rtept lat="37.565137" lon="-107.010042"><ele>3524.8</ele><time>2026-04-12T15:45:10Z</time></rtept><rtept lat="37.565142" lon="-107.01"><ele>3525.0</ele><time>2026-04-12T15:45:10Z</time></rtept><rtept lat="37.565161" lon="-107.009938"><ele>3525.0</ele><time>2026-04-12T15:45:10Z</time></rtept><rtept lat="37.565239" lon="-107.009737"><ele>3526.2</ele><time>2026-04-12T15:45:10Z</time></rtept><rtept lat="37.565249" lon="-107.009693"><ele>3526.2</ele><time>2026-04-12T15:45:10Z</time></rtept><rtept lat="37.56527" lon="-107.009666"><ele>3527.4</ele><time>2026-04-12T15:45:10Z</time></rtept><rtept lat="37.565284" lon="-107.009616"><ele>3527.4</ele><time>2026-04-12T15:45:10Z</time></rtept><rtept lat="37.5653" lon="-107.009593"><ele>3527.4</ele><time>2026-04-12T15:45:10Z</time></rtept><rtept lat="37.56532" lon="-107.0095"><ele>3525.8</ele><time>2026-04-12T15:45:10Z</time></rtept><rtept lat="37.565444" lon="-107.009366"><ele>3525.6</ele><time>2026-04-12T15:45:10Z</time></rtept><rtept lat="37.565467" lon="-107.009293"><ele>3526.6</ele><time>2026-04-12T15:45:10Z</time></rtept><rtept lat="37.565498" lon="-107.009238"><ele>3526.0</ele><time>2026-04-12T15:45:10Z</time></rtept><rtept lat="37.565506" lon="-107.00917"><ele>3526.0</ele><time>2026-04-12T15:45:10Z</time></rtept><rtept lat="37.565489" lon="-107.009102"><ele>3525.4</ele><time>2026-04-12T15:45:10Z</time></rtept><rtept lat="37.565494" lon="-107.009054"><ele>3524.8</ele><time>2026-04-12T15:45:10Z</time></rtept><rtept lat="37.565508" lon="-107.009031"><ele>3524.8</ele><time>2026-04-12T15:45:10Z</time></rtept><rtept lat="37.565549" lon="-107.008995"><ele>3527.4</ele><time>2026-04-12T15:45:10Z</time></rtept><rtept lat="37.565577" lon="-107.008924"><ele>3526.4</ele><time>2026-04-12T15:45:10Z</time></rtept><rtept lat="37.565695" lon="-107.008898"><ele>3531.8</ele><time>2026-04-12T15:45:10Z</time></rtept><rtept lat="37.565749" lon="-107.008757"><ele>3530.8</ele><time>2026-04-12T15:45:10Z</time></rtept><rtept lat="37.56575" lon="-107.008704"><ele>3528.0</ele><time>2026-04-12T15:45:10Z</time></rtept><rtept lat="37.565778" lon="-107.008661"><ele>3528.0</ele><time>2026-04-12T15:45:10Z</time></rtept><rtept lat="37.565809" lon="-107.008577"><ele>3527.4</ele><time>2026-04-12T15:45:10Z</time></rtept><rtept lat="37.565857" lon="-107.008529"><ele>3524.4</ele><time>2026-04-12T15:45:10Z</time></rtept><rtept lat="37.565908" lon="-107.008453"><ele>3522.8</ele><time>2026-04-12T15:45:10Z</time></rtept><rtept lat="37.565988" lon="-107.008357"><ele>3521.4</ele><time>2026-04-12T15:45:10Z</time></rtept><rtept lat="37.566036" lon="-107.008337"><ele>3522.6</ele><time>2026-04-12T15:45:10Z</time></rtept><rtept lat="37.566072" lon="-107.008304"><ele>3522.6</ele><time>2026-04-12T15:45:10Z</time></rtept><rtept lat="37.566195" lon="-107.008091"><ele>3521.4</ele><time>2026-04-12T15:45:10Z</time></rtept><rtept lat="37.566292" lon="-107.007977"><ele>3524.4</ele><time>2026-04-12T15:45:10Z</time></rtept><rtept lat="37.566326" lon="-107.007953"><ele>3524.4</ele><time>2026-04-12T15:45:10Z</time></rtept><rtept lat="37.566338" lon="-107.007912"><ele>3522.2</ele><time>2026-04-12T15:45:10Z</time></rtept><rtept lat="37.566354" lon="-107.007908"><ele>3524.2</ele><time>2026-04-12T15:45:10Z</time></rtept><rtept lat="37.566368" lon="-107.007852"><ele>3521.4</ele><time>2026-04-12T15:45:10Z</time></rtept><rtept lat="37.566391" lon="-107.007826"><ele>3521.4</ele><time>2026-04-12T15:45:10Z</time></rtept><rtept lat="37.566419" lon="-107.007817"><ele>3521.4</ele><time>2026-04-12T15:45:10Z</time></rtept><rtept lat="37.566439" lon="-107.007824"><ele>3523.0</ele><time>2026-04-12T15:45:10Z</time></rtept><rtept lat="37.566507" lon="-107.007783"><ele>3524.4</ele><time>2026-04-12T15:45:10Z</time></rtept><rtept lat="37.566555" lon="-107.00774"><ele>3520.8</ele><time>2026-04-12T15:45:10Z</time></rtept><rtept lat="37.566578" lon="-107.007702"><ele>3521.6</ele><time>2026-04-12T15:45:10Z</time></rtept><rtept lat="37.566642" lon="-107.007669"><ele>3518.4</ele><time>2026-04-12T15:45:10Z</time></rtept><rtept lat="37.566739" lon="-107.007645"><ele>3519.2</ele><time>2026-04-12T15:45:10Z</time></rtept><rtept lat="37.56681" lon="-107.007582"><ele>3516.0</ele><time>2026-04-12T15:45:10Z</time></rtept><rtept lat="37.566944" lon="-107.007497"><ele>3514.6</ele><time>2026-04-12T15:45:10Z</time></rtept><rtept lat="37.567006" lon="-107.007434"><ele>3512.8</ele><time>2026-04-12T15:45:10Z</time></rtept><rtept lat="37.56718" lon="-107.007176"><ele>3514.6</ele><time>2026-04-12T15:45:10Z</time></rtept><rtept lat="37.56748" lon="-107.006856"><ele>3516.8</ele><time>2026-04-12T15:45:10Z</time></rtept><rtept lat="37.567506" lon="-107.006819"><ele>3514.6</ele><time>2026-04-12T15:45:10Z</time></rtept><rtept lat="37.567631" lon="-107.006712"><ele>3514.6</ele><time>2026-04-12T15:45:10Z</time></rtept><rtept lat="37.567673" lon="-107.006666"><ele>3515.4</ele><time>2026-04-12T15:45:10Z</time></rtept><rtept lat="37.567721" lon="-107.006632"><ele>3513.6</ele><time>2026-04-12T15:45:10Z</time></rtept><rtept lat="37.56775" lon="-107.006618"><ele>3513.6</ele><time>2026-04-12T15:45:10Z</time></rtept><rtept lat="37.567822" lon="-107.006615"><ele>3514.2</ele><time>2026-04-12T15:45:10Z</time></rtept><rtept lat="37.567907" lon="-107.006534"><ele>3512.6</ele><time>2026-04-12T15:45:10Z</time></rtept><rtept lat="37.567963" lon="-107.006449"><ele>3511.0</ele><time>2026-04-12T15:45:10Z</time></rtept><rtept lat="37.568116" lon="-107.006311"><ele>3508.0</ele><time>2026-04-12T15:45:10Z</time></rtept><rtept lat="37.568189" lon="-107.006259"><ele>3510.4</ele><time>2026-04-12T15:45:10Z</time></rtept><rtept lat="37.568822" lon="-107.00573"><ele>3506.4</ele><time>2026-04-12T15:45:10Z</time></rtept><rtept lat="37.568854" lon="-107.005688"><ele>3503.2</ele><time>2026-04-12T15:45:10Z</time></rtept><rtept lat="37.568913" lon="-107.005673"><ele>3503.6</ele><time>2026-04-12T15:45:10Z</time></rtept><rtept lat="37.568972" lon="-107.005638"><ele>3503.8</ele><time>2026-04-12T15:45:10Z</time></rtept><rtept lat="37.569006" lon="-107.005626"><ele>3500.8</ele><time>2026-04-12T15:45:10Z</time></rtept><rtept lat="37.569226" lon="-107.005575"><ele>3498.4</ele><time>2026-04-12T15:45:10Z</time></rtept><rtept lat="37.56925" lon="-107.005574"><ele>3498.4</ele><time>2026-04-12T15:45:10Z</time></rtept><rtept lat="37.569333" lon="-107.005652"><ele>3499.6</ele><time>2026-04-12T15:45:10Z</time></rtept><rtept lat="37.569333" lon="-107.005634"><ele>3497.2</ele><time>2026-04-12T15:45:10Z</time></rtept><rtept lat="37.569364" lon="-107.005511"><ele>3495.8</ele><time>2026-04-12T15:45:10Z</time></rtept><rtept lat="37.569363" lon="-107.005442"><ele>3494.8</ele><time>2026-04-12T15:45:10Z</time></rtept><rtept lat="37.569382" lon="-107.005362"><ele>3493.8</ele><time>2026-04-12T15:45:10Z</time></rtept><rtept lat="37.569376" lon="-107.005333"><ele>3493.8</ele><time>2026-04-12T15:45:10Z</time></rtept><rtept lat="37.569379" lon="-107.005317"><ele>3493.8</ele><time>2026-04-12T15:45:10Z</time></rtept><rtept lat="37.569427" lon="-107.005238"><ele>3495.0</ele><time>2026-04-12T15:45:10Z</time></rtept><rtept lat="37.569446" lon="-107.005222"><ele>3495.0</ele><time>2026-04-12T15:45:10Z</time></rtept><rtept lat="37.569468" lon="-107.005121"><ele>3494.2</ele><time>2026-04-12T15:45:10Z</time></rtept><rtept lat="37.569577" lon="-107.004902"><ele>3497.2</ele><time>2026-04-12T15:45:10Z</time></rtept><rtept lat="37.569617" lon="-107.004837"><ele>3498.4</ele><time>2026-04-12T15:45:10Z</time></rtept><rtept lat="37.569643" lon="-107.004767"><ele>3497.0</ele><time>2026-04-12T15:45:10Z</time></rtept><rtept lat="37.56974" lon="-107.004614"><ele>3497.4</ele><time>2026-04-12T15:45:10Z</time></rtept><rtept lat="37.569768" lon="-107.004527"><ele>3497.6</ele><time>2026-04-12T15:45:10Z</time></rtept><rtept lat="37.569808" lon="-107.004457"><ele>3495.8</ele><time>2026-04-12T15:45:10Z</time></rtept><rtept lat="37.569877" lon="-107.004264"><ele>3494.0</ele><time>2026-04-12T15:45:10Z</time></rtept><rtept lat="37.569953" lon="-107.004136"><ele>3492.2</ele><time>2026-04-12T15:45:10Z</time></rtept><rtept lat="37.570026" lon="-107.003953"><ele>3491.8</ele><time>2026-04-12T15:45:10Z</time></rtept><rtept lat="37.570089" lon="-107.003823"><ele>3488.4</ele><time>2026-04-12T15:45:10Z</time></rtept><rtept lat="37.570239" lon="-107.003644"><ele>3487.4</ele><time>2026-04-12T15:45:10Z</time></rtept><rtept lat="37.570416" lon="-107.003524"><ele>3487.0</ele><time>2026-04-12T15:45:10Z</time></rtept><rtept lat="37.570569" lon="-107.003444"><ele>3486.2</ele><time>2026-04-12T15:45:10Z</time></rtept><rtept lat="37.570782" lon="-107.003369"><ele>3486.2</ele><time>2026-04-12T15:45:10Z</time></rtept><rtept lat="37.570834" lon="-107.003329"><ele>3486.2</ele><time>2026-04-12T15:45:10Z</time></rtept><rtept lat="37.570942" lon="-107.003227"><ele>3481.8</ele><time>2026-04-12T15:45:10Z</time></rtept><rtept lat="37.571015" lon="-107.003171"><ele>3482.6</ele><time>2026-04-12T15:45:10Z</time></rtept><rtept lat="37.571131" lon="-107.002999"><ele>3479.0</ele><time>2026-04-12T15:45:10Z</time></rtept><rtept lat="37.571347" lon="-107.00288"><ele>3478.0</ele><time>2026-04-12T15:45:10Z</time></rtept><rtept lat="37.571378" lon="-107.002865"><ele>3478.0</ele><time>2026-04-12T15:45:10Z</time></rtept><rtept lat="37.571438" lon="-107.002818"><ele>3478.4</ele><time>2026-04-12T15:45:10Z</time></rtept><rtept lat="37.571518" lon="-107.002734"><ele>3477.6</ele><time>2026-04-12T15:45:10Z</time></rtept><rtept lat="37.571585" lon="-107.002626"><ele>3476.6</ele><time>2026-04-12T15:45:10Z</time></rtept><rtept lat="37.571625" lon="-107.002548"><ele>3477.0</ele><time>2026-04-12T15:45:10Z</time></rtept><rtept lat="37.571717" lon="-107.002399"><ele>3476.8</ele><time>2026-04-12T15:45:10Z</time></rtept><rtept lat="37.571778" lon="-107.002266"><ele>3476.8</ele><time>2026-04-12T15:45:10Z</time></rtept><rtept lat="37.571793" lon="-107.002221"><ele>3476.8</ele><time>2026-04-12T15:45:10Z</time></rtept><rtept lat="37.571793" lon="-107.002172"><ele>3476.8</ele><time>2026-04-12T15:45:10Z</time></rtept><rtept lat="37.571761" lon="-107.001991"><ele>3476.6</ele><time>2026-04-12T15:45:10Z</time></rtept><rtept lat="37.571746" lon="-107.00195"><ele>3476.6</ele><time>2026-04-12T15:45:10Z</time></rtept><rtept lat="37.571746" lon="-107.00195"><ele>3476.6</ele><time>2026-04-12T15:45:10Z</time></rtept><rtept lat="37.571761" lon="-107.001991"><ele>3476.6</ele><time>2026-04-12T15:45:10Z</time></rtept><rtept lat="37.571793" lon="-107.002172"><ele>3476.8</ele><time>2026-04-12T15:45:10Z</time></rtept><rtept lat="37.571793" lon="-107.002221"><ele>3476.8</ele><time>2026-04-12T15:45:10Z</time></rtept><rtept lat="37.571778" lon="-107.002266"><ele>3476.8</ele><time>2026-04-12T15:45:10Z</time></rtept><rtept lat="37.571717" lon="-107.002399"><ele>3476.8</ele><time>2026-04-12T15:45:10Z</time></rtept><rtept lat="37.571625" lon="-107.002548"><ele>3477.0</ele><time>2026-04-12T15:45:10Z</time></rtept><rtept lat="37.571585" lon="-107.002626"><ele>3476.6</ele><time>2026-04-12T15:45:10Z</time></rtept><rtept lat="37.571518" lon="-107.002734"><ele>3477.6</ele><time>2026-04-12T15:45:10Z</time></rtept><rtept lat="37.571438" lon="-107.002818"><ele>3478.4</ele><time>2026-04-12T15:45:10Z</time></rtept><rtept lat="37.571378" lon="-107.002865"><ele>3478.0</ele><time>2026-04-12T15:45:10Z</time></rtept><rtept lat="37.571347" lon="-107.00288"><ele>3478.0</ele><time>2026-04-12T15:45:10Z</time></rtept><rtept lat="37.571131" lon="-107.002999"><ele>3479.0</ele><time>2026-04-12T15:45:10Z</time></rtept><rtept lat="37.571015" lon="-107.003171"><ele>3482.6</ele><time>2026-04-12T15:45:10Z</time></rtept><rtept lat="37.570942" lon="-107.003227"><ele>3481.8</ele><time>2026-04-12T15:45:10Z</time></rtept><rtept lat="37.570834" lon="-107.003329"><ele>3486.2</ele><time>2026-04-12T15:45:10Z</time></rtept><rtept lat="37.570782" lon="-107.003369"><ele>3486.2</ele><time>2026-04-12T15:45:10Z</time></rtept><rtept lat="37.570569" lon="-107.003444"><ele>3486.2</ele><time>2026-04-12T15:45:10Z</time></rtept><rtept lat="37.570416" lon="-107.003524"><ele>3487.0</ele><time>2026-04-12T15:45:10Z</time></rtept><rtept lat="37.570239" lon="-107.003644"><ele>3487.4</ele><time>2026-04-12T15:45:10Z</time></rtept><rtept lat="37.570089" lon="-107.003823"><ele>3488.4</ele><time>2026-04-12T15:45:10Z</time></rtept><rtept lat="37.570026" lon="-107.003953"><ele>3491.8</ele><time>2026-04-12T15:45:10Z</time></rtept><rtept lat="37.569953" lon="-107.004136"><ele>3492.2</ele><time>2026-04-12T15:45:10Z</time></rtept><rtept lat="37.569877" lon="-107.004264"><ele>3494.0</ele><time>2026-04-12T15:45:10Z</time></rtept><rtept lat="37.569808" lon="-107.004457"><ele>3495.8</ele><time>2026-04-12T15:45:10Z</time></rtept><rtept lat="37.569768" lon="-107.004527"><ele>3497.6</ele><time>2026-04-12T15:45:10Z</time></rtept><rtept lat="37.56974" lon="-107.004614"><ele>3497.4</ele><time>2026-04-12T15:45:10Z</time></rtept><rtept lat="37.569643" lon="-107.004767"><ele>3497.0</ele><time>2026-04-12T15:45:10Z</time></rtept><rtept lat="37.569617" lon="-107.004837"><ele>3498.4</ele><time>2026-04-12T15:45:10Z</time></rtept><rtept lat="37.569577" lon="-107.004902"><ele>3497.2</ele><time>2026-04-12T15:45:10Z</time></rtept><rtept lat="37.569468" lon="-107.005121"><ele>3494.2</ele><time>2026-04-12T15:45:10Z</time></rtept><rtept lat="37.569446" lon="-107.005222"><ele>3495.0</ele><time>2026-04-12T15:45:10Z</time></rtept><rtept lat="37.569427" lon="-107.005238"><ele>3495.0</ele><time>2026-04-12T15:45:10Z</time></rtept><rtept lat="37.569379" lon="-107.005317"><ele>3493.8</ele><time>2026-04-12T15:45:10Z</time></rtept><rtept lat="37.569376" lon="-107.005333"><ele>3493.8</ele><time>2026-04-12T15:45:10Z</time></rtept><rtept lat="37.569382" lon="-107.005362"><ele>3493.8</ele><time>2026-04-12T15:45:10Z</time></rtept><rtept lat="37.569363" lon="-107.005442"><ele>3494.8</ele><time>2026-04-12T15:45:10Z</time></rtept><rtept lat="37.569364" lon="-107.005511"><ele>3495.8</ele><time>2026-04-12T15:45:10Z</time></rtept><rtept lat="37.569333" lon="-107.005634"><ele>3497.2</ele><time>2026-04-12T15:45:10Z</time></rtept><rtept lat="37.569333" lon="-107.005652"><ele>3499.6</ele><time>2026-04-12T15:45:10Z</time></rtept><rtept lat="37.56925" lon="-107.005574"><ele>3498.4</ele><time>2026-04-12T15:45:10Z</time></rtept><rtept lat="37.569226" lon="-107.005575"><ele>3498.4</ele><time>2026-04-12T15:45:10Z</time></rtept><rtept lat="37.569006" lon="-107.005626"><ele>3500.8</ele><time>2026-04-12T15:45:10Z</time></rtept><rtept lat="37.568972" lon="-107.005638"><ele>3503.8</ele><time>2026-04-12T15:45:10Z</time></rtept><rtept lat="37.568913" lon="-107.005673"><ele>3503.6</ele><time>2026-04-12T15:45:10Z</time></rtept><rtept lat="37.568854" lon="-107.005688"><ele>3503.2</ele><time>2026-04-12T15:45:10Z</time></rtept><rtept lat="37.568822" lon="-107.00573"><ele>3506.4</ele><time>2026-04-12T15:45:10Z</time></rtept><rtept lat="37.568189" lon="-107.006259"><ele>3510.4</ele><time>2026-04-12T15:45:10Z</time></rtept><rtept lat="37.568116" lon="-107.006311"><ele>3508.0</ele><time>2026-04-12T15:45:10Z</time></rtept><rtept lat="37.567963" lon="-107.006449"><ele>3511.0</ele><time>2026-04-12T15:45:10Z</time></rtept><rtept lat="37.567907" lon="-107.006534"><ele>3512.6</ele><time>2026-04-12T15:45:10Z</time></rtept><rtept lat="37.567822" lon="-107.006615"><ele>3514.2</ele><time>2026-04-12T15:45:10Z</time></rtept><rtept lat="37.56775" lon="-107.006618"><ele>3513.6</ele><time>2026-04-12T15:45:10Z</time></rtept><rtept lat="37.567721" lon="-107.006632"><ele>3513.6</ele><time>2026-04-12T15:45:10Z</time></rtept><rtept lat="37.567673" lon="-107.006666"><ele>3515.4</ele><time>2026-04-12T15:45:10Z</time></rtept><rtept lat="37.567631" lon="-107.006712"><ele>3514.6</ele><time>2026-04-12T15:45:10Z</time></rtept><rtept lat="37.567506" lon="-107.006819"><ele>3514.6</ele><time>2026-04-12T15:45:10Z</time></rtept><rtept lat="37.56748" lon="-107.006856"><ele>3516.8</ele><time>2026-04-12T15:45:10Z</time></rtept><rtept lat="37.56718" lon="-107.007176"><ele>3514.6</ele><time>2026-04-12T15:45:10Z</time></rtept><rtept lat="37.567006" lon="-107.007434"><ele>3512.8</ele><time>2026-04-12T15:45:10Z</time></rtept><rtept lat="37.566944" lon="-107.007497"><ele>3514.6</ele><time>2026-04-12T15:45:10Z</time></rtept><rtept lat="37.56681" lon="-107.007582"><ele>3516.0</ele><time>2026-04-12T15:45:10Z</time></rtept><rtept lat="37.566739" lon="-107.007645"><ele>3519.2</ele><time>2026-04-12T15:45:10Z</time></rtept><rtept lat="37.566642" lon="-107.007669"><ele>3518.4</ele><time>2026-04-12T15:45:10Z</time></rtept><rtept lat="37.566578" lon="-107.007702"><ele>3521.6</ele><time>2026-04-12T15:45:10Z</time></rtept><rtept lat="37.566555" lon="-107.00774"><ele>3520.8</ele><time>2026-04-12T15:45:10Z</time></rtept><rtept lat="37.566507" lon="-107.007783"><ele>3524.4</ele><time>2026-04-12T15:45:10Z</time></rtept><rtept lat="37.566439" lon="-107.007824"><ele>3523.0</ele><time>2026-04-12T15:45:10Z</time></rtept><rtept lat="37.566419" lon="-107.007817"><ele>3521.4</ele><time>2026-04-12T15:45:10Z</time></rtept><rtept lat="37.566391" lon="-107.007826"><ele>3521.4</ele><time>2026-04-12T15:45:10Z</time></rtept><rtept lat="37.566368" lon="-107.007852"><ele>3521.4</ele><time>2026-04-12T15:45:10Z</time></rtept><rtept lat="37.566354" lon="-107.007908"><ele>3524.2</ele><time>2026-04-12T15:45:10Z</time></rtept><rtept lat="37.566338" lon="-107.007912"><ele>3522.2</ele><time>2026-04-12T15:45:10Z</time></rtept><rtept lat="37.566326" lon="-107.007953"><ele>3524.4</ele><time>2026-04-12T15:45:10Z</time></rtept><rtept lat="37.566292" lon="-107.007977"><ele>3524.4</ele><time>2026-04-12T15:45:10Z</time></rtept><rtept lat="37.566195" lon="-107.008091"><ele>3521.4</ele><time>2026-04-12T15:45:10Z</time></rtept><rtept lat="37.566072" lon="-107.008304"><ele>3522.6</ele><time>2026-04-12T15:45:10Z</time></rtept><rtept lat="37.566036" lon="-107.008337"><ele>3522.6</ele><time>2026-04-12T15:45:10Z</time></rtept><rtept lat="37.565988" lon="-107.008357"><ele>3521.4</ele><time>2026-04-12T15:45:10Z</time></rtept><rtept lat="37.565908" lon="-107.008453"><ele>3522.8</ele><time>2026-04-12T15:45:10Z</time></rtept><rtept lat="37.565857" lon="-107.008529"><ele>3524.4</ele><time>2026-04-12T15:45:10Z</time></rtept><rtept lat="37.565809" lon="-107.008577"><ele>3527.4</ele><time>2026-04-12T15:45:10Z</time></rtept><rtept lat="37.565778" lon="-107.008661"><ele>3528.0</ele><time>2026-04-12T15:45:10Z</time></rtept><rtept lat="37.56575" lon="-107.008704"><ele>3528.0</ele><time>2026-04-12T15:45:10Z</time></rtept><rtept lat="37.565749" lon="-107.008757"><ele>3530.8</ele><time>2026-04-12T15:45:10Z</time></rtept><rtept lat="37.565695" lon="-107.008898"><ele>3531.8</ele><time>2026-04-12T15:45:10Z</time></rtept><rtept lat="37.565577" lon="-107.008924"><ele>3526.4</ele><time>2026-04-12T15:45:10Z</time></rtept><rtept lat="37.565549" lon="-107.008995"><ele>3527.4</ele><time>2026-04-12T15:45:10Z</time></rtept><rtept lat="37.565508" lon="-107.009031"><ele>3524.8</ele><time>2026-04-12T15:45:10Z</time></rtept><rtept lat="37.565494" lon="-107.009054"><ele>3524.8</ele><time>2026-04-12T15:45:10Z</time></rtept><rtept lat="37.565489" lon="-107.009102"><ele>3525.4</ele><time>2026-04-12T15:45:10Z</time></rtept><rtept lat="37.565506" lon="-107.00917"><ele>3526.0</ele><time>2026-04-12T15:45:10Z</time></rtept><rtept lat="37.565498" lon="-107.009238"><ele>3526.0</ele><time>2026-04-12T15:45:10Z</time></rtept><rtept lat="37.565467" lon="-107.009293"><ele>3526.6</ele><time>2026-04-12T15:45:10Z</time></rtept><rtept lat="37.565444" lon="-107.009366"><ele>3525.6</ele><time>2026-04-12T15:45:10Z</time></rtept><rtept lat="37.56532" lon="-107.0095"><ele>3525.8</ele><time>2026-04-12T15:45:10Z</time></rtept><rtept lat="37.5653" lon="-107.009593"><ele>3527.4</ele><time>2026-04-12T15:45:10Z</time></rtept><rtept lat="37.565284" lon="-107.009616"><ele>3527.4</ele><time>2026-04-12T15:45:10Z</time></rtept><rtept lat="37.56527" lon="-107.009666"><ele>3527.4</ele><time>2026-04-12T15:45:10Z</time></rtept><rtept lat="37.565249" lon="-107.009693"><ele>3526.2</ele><time>2026-04-12T15:45:10Z</time></rtept><rtept lat="37.565239" lon="-107.009737"><ele>3526.2</ele><time>2026-04-12T15:45:10Z</time></rtept><rtept lat="37.565161" lon="-107.009938"><ele>3525.0</ele><time>2026-04-12T15:45:10Z</time></rtept><rtept lat="37.565142" lon="-107.01"><ele>3525.0</ele><time>2026-04-12T15:45:10Z</time></rtept><rtept lat="37.565137" lon="-107.010042"><ele>3524.8</ele><time>2026-04-12T15:45:10Z</time></rtept><rtept lat="37.565172" lon="-107.010101"><ele>3524.8</ele><time>2026-04-12T15:45:10Z</time></rtept><rtept lat="37.565178" lon="-107.010141"><ele>3524.8</ele><time>2026-04-12T15:45:10Z</time></rtept><rtept lat="37.565147" lon="-107.010222"><ele>3524.4</ele><time>2026-04-12T15:45:10Z</time></rtept></rte></gpx>