<?xml version="1.0" ?><gpx xmlns="http://www.topografix.com/GPX/1/1" creator="GaiaGPS" version="1.1" xmlns:xsi="http://www.w3.org/2001/XMLSchema-instance" xsi:schemaLocation="http://www.topografix.com/GPX/1/1 http://www.topografix.com/GPX/1/1/gpx.xsd"><rte><name>TD24:S6:D3 Piedra Pass to Archuleta Lake</name><desc></desc><extensions><line xmlns="http://www.topografix.com/GPX/gpx_style/0/2"><color>0479FF</color></line></extensions><rtept lat="37.571053" lon="-107.001555"><ele>3474.6000000000004</ele><time>2026-04-12T15:55:44Z</time></rtept><rtept lat="37.571171" lon="-107.001393"><ele>3475.4000000000015</ele><time>2026-04-12T15:55:44Z</time></rtept><rtept lat="37.571074" lon="-107.001281"><ele>3475.0</ele><time>2026-04-12T15:55:44Z</time></rtept><rtept lat="37.570991" lon="-107.001163"><ele>3475.6000000000004</ele><time>2026-04-12T15:55:44Z</time></rtept><rtept lat="37.570839" lon="-107.001038"><ele>3476.6000000000004</ele><time>2026-04-12T15:55:44Z</time></rtept><rtept lat="37.570601" lon="-107.000898"><ele>3479.6000000000004</ele><time>2026-04-12T15:55:44Z</time></rtept><rtept lat="37.570528" lon="-107.000901"><ele>3479.800000000001</ele><time>2026-04-12T15:55:44Z</time></rtept><rtept lat="37.57054" lon="-107.000893"><ele>3479.800000000001</ele><time>2026-04-12T15:55:44Z</time></rtept><rtept lat="37.570481" lon="-107.000903"><ele>3480.0</ele><time>2026-04-12T15:55:44Z</time></rtept><rtept lat="37.570408" lon="-107.000967"><ele>3479.800000000001</ele><time>2026-04-12T15:55:44Z</time></rtept><rtept lat="37.570376" lon="-107.000986"><ele>3479.800000000001</ele><time>2026-04-12T15:55:44Z</time></rtept><rtept lat="37.57034" lon="-107.000987"><ele>3479.800000000001</ele><time>2026-04-12T15:55:44Z</time></rtept><rtept lat="37.570307" lon="-107.000976"><ele>3479.800000000001</ele><time>2026-04-12T15:55:44Z</time></rtept><rtept lat="37.570145" lon="-107.00082"><ele>3481.4000000000015</ele><time>2026-04-12T15:55:44Z</time></rtept><rtept lat="37.570074" lon="-107.000733"><ele>3482.800000000001</ele><time>2026-04-12T15:55:44Z</time></rtept><rtept lat="37.570022" lon="-107.000674"><ele>3483.2000000000007</ele><time>2026-04-12T15:55:44Z</time></rtept><rtept lat="37.569975" lon="-107.00062"><ele>3484.0</ele><time>2026-04-12T15:55:44Z</time></rtept><rtept lat="37.569924" lon="-107.000432"><ele>3487.6000000000004</ele><time>2026-04-12T15:55:44Z</time></rtept><rtept lat="37.569929" lon="-107.000383"><ele>3490.2000000000007</ele><time>2026-04-12T15:55:44Z</time></rtept><rtept lat="37.569964" lon="-107.000303"><ele>3491.6000000000004</ele><time>2026-04-12T15:55:44Z</time></rtept><rtept lat="37.57002" lon="-107.000204"><ele>3493.4000000000015</ele><time>2026-04-12T15:55:44Z</time></rtept><rtept lat="37.570018" lon="-107.000185"><ele>3493.4000000000015</ele><time>2026-04-12T15:55:44Z</time></rtept><rtept lat="37.570007" lon="-107.000186"><ele>3493.4000000000015</ele><time>2026-04-12T15:55:44Z</time></rtept><rtept lat="37.569969" lon="-107.000144"><ele>3493.4000000000015</ele><time>2026-04-12T15:55:44Z</time></rtept><rtept lat="37.569867" lon="-107.000173"><ele>3496.0</ele><time>2026-04-12T15:55:44Z</time></rtept><rtept lat="37.569745" lon="-107.000201"><ele>3496.800000000001</ele><time>2026-04-12T15:55:44Z</time></rtept><rtept lat="37.569609" lon="-107.000228"><ele>3494.4000000000015</ele><time>2026-04-12T15:55:44Z</time></rtept><rtept lat="37.569571" lon="-107.000243"><ele>3494.4000000000015</ele><time>2026-04-12T15:55:44Z</time></rtept><rtept lat="37.569303" lon="-107.0001"><ele>3499.800000000001</ele><time>2026-04-12T15:55:44Z</time></rtept><rtept lat="37.569286" lon="-107.000055"><ele>3502.800000000001</ele><time>2026-04-12T15:55:44Z</time></rtept><rtept lat="37.569237" lon="-107.000021"><ele>3502.0</ele><time>2026-04-12T15:55:44Z</time></rtept><rtept lat="37.569162" lon="-106.999923"><ele>3502.800000000001</ele><time>2026-04-12T15:55:44Z</time></rtept><rtept lat="37.569165" lon="-106.99986"><ele>3504.800000000001</ele><time>2026-04-12T15:55:44Z</time></rtept><rtept lat="37.569179" lon="-106.999814"><ele>3504.800000000001</ele><time>2026-04-12T15:55:44Z</time></rtept><rtept lat="37.569165" lon="-106.999736"><ele>3506.6000000000004</ele><time>2026-04-12T15:55:44Z</time></rtept><rtept lat="37.56917" lon="-106.999679"><ele>3508.0</ele><time>2026-04-12T15:55:44Z</time></rtept><rtept lat="37.569219" lon="-106.999581"><ele>3510.4000000000015</ele><time>2026-04-12T15:55:44Z</time></rtept><rtept lat="37.569231" lon="-106.99957"><ele>3510.4000000000015</ele><time>2026-04-12T15:55:44Z</time></rtept><rtept lat="37.569268" lon="-106.9995"><ele>3511.6000000000004</ele><time>2026-04-12T15:55:44Z</time></rtept><rtept lat="37.569345" lon="-106.999457"><ele>3513.4000000000015</ele><time>2026-04-12T15:55:44Z</time></rtept><rtept lat="37.569364" lon="-106.999437"><ele>3514.0</ele><time>2026-04-12T15:55:44Z</time></rtept><rtept lat="37.569353" lon="-106.999408"><ele>3514.0</ele><time>2026-04-12T15:55:44Z</time></rtept><rtept lat="37.56906" lon="-106.999028"><ele>3513.6000000000004</ele><time>2026-04-12T15:55:44Z</time></rtept><rtept lat="37.569027" lon="-106.998947"><ele>3514.800000000001</ele><time>2026-04-12T15:55:44Z</time></rtept><rtept lat="37.569081" lon="-106.998736"><ele>3520.6000000000004</ele><time>2026-04-12T15:55:44Z</time></rtept><rtept lat="37.569138" lon="-106.998643"><ele>3522.4000000000015</ele><time>2026-04-12T15:55:44Z</time></rtept><rtept lat="37.56927" lon="-106.998564"><ele>3526.800000000001</ele><time>2026-04-12T15:55:44Z</time></rtept><rtept lat="37.569128" lon="-106.998411"><ele>3530.2000000000007</ele><time>2026-04-12T15:55:44Z</time></rtept><rtept lat="37.569093" lon="-106.998396"><ele>3530.2000000000007</ele><time>2026-04-12T15:55:44Z</time></rtept><rtept lat="37.568945" lon="-106.998235"><ele>3532.0</ele><time>2026-04-12T15:55:44Z</time></rtept><rtept lat="37.568917" lon="-106.998159"><ele>3532.800000000001</ele><time>2026-04-12T15:55:44Z</time></rtept><rtept lat="37.568915" lon="-106.998119"><ele>3532.800000000001</ele><time>2026-04-12T15:55:44Z</time></rtept><rtept lat="37.568925" lon="-106.998051"><ele>3535.4000000000015</ele><time>2026-04-12T15:55:44Z</time></rtept><rtept lat="37.568905" lon="-106.997943"><ele>3538.2000000000007</ele><time>2026-04-12T15:55:44Z</time></rtept><rtept lat="37.568894" lon="-106.997918"><ele>3538.2000000000007</ele><time>2026-04-12T15:55:44Z</time></rtept><rtept lat="37.568827" lon="-106.997851"><ele>3539.800000000001</ele><time>2026-04-12T15:55:44Z</time></rtept><rtept lat="37.56879" lon="-106.997793"><ele>3541.2000000000007</ele><time>2026-04-12T15:55:44Z</time></rtept><rtept lat="37.568732" lon="-106.997741"><ele>3540.6000000000004</ele><time>2026-04-12T15:55:44Z</time></rtept><rtept lat="37.56871" lon="-106.99771"><ele>3542.6000000000004</ele><time>2026-04-12T15:55:44Z</time></rtept><rtept lat="37.568657" lon="-106.997676"><ele>3541.800000000001</ele><time>2026-04-12T15:55:44Z</time></rtept><rtept lat="37.568619" lon="-106.99764"><ele>3543.800000000001</ele><time>2026-04-12T15:55:44Z</time></rtept><rtept lat="37.568523" lon="-106.997587"><ele>3542.6000000000004</ele><time>2026-04-12T15:55:44Z</time></rtept><rtept lat="37.568465" lon="-106.997542"><ele>3544.800000000001</ele><time>2026-04-12T15:55:44Z</time></rtept><rtept lat="37.568429" lon="-106.997527"><ele>3544.0</ele><time>2026-04-12T15:55:44Z</time></rtept><rtept lat="37.568378" lon="-106.997482"><ele>3543.2000000000007</ele><time>2026-04-12T15:55:44Z</time></rtept><rtept lat="37.568346" lon="-106.997416"><ele>3545.4000000000015</ele><time>2026-04-12T15:55:44Z</time></rtept><rtept lat="37.568333" lon="-106.997401"><ele>3545.4000000000015</ele><time>2026-04-12T15:55:44Z</time></rtept><rtept lat="37.568205" lon="-106.997326"><ele>3546.0</ele><time>2026-04-12T15:55:44Z</time></rtept><rtept lat="37.568161" lon="-106.997279"><ele>3547.4000000000015</ele><time>2026-04-12T15:55:44Z</time></rtept><rtept lat="37.568143" lon="-106.99727"><ele>3547.4000000000015</ele><time>2026-04-12T15:55:44Z</time></rtept><rtept lat="37.568095" lon="-106.997216"><ele>3548.800000000001</ele><time>2026-04-12T15:55:44Z</time></rtept><rtept lat="37.568061" lon="-106.997203"><ele>3548.800000000001</ele><time>2026-04-12T15:55:44Z</time></rtept><rtept lat="37.568043" lon="-106.997171"><ele>3548.0</ele><time>2026-04-12T15:55:44Z</time></rtept><rtept lat="37.568011" lon="-106.99714"><ele>3548.0</ele><time>2026-04-12T15:55:44Z</time></rtept><rtept lat="37.567949" lon="-106.997036"><ele>3551.0</ele><time>2026-04-12T15:55:44Z</time></rtept><rtept lat="37.567948" lon="-106.996938"><ele>3552.6000000000004</ele><time>2026-04-12T15:55:44Z</time></rtept><rtept lat="37.56782" lon="-106.996779"><ele>3554.0</ele><time>2026-04-12T15:55:44Z</time></rtept><rtept lat="37.567743" lon="-106.996664"><ele>3554.4000000000015</ele><time>2026-04-12T15:55:44Z</time></rtept><rtept lat="37.567633" lon="-106.996421"><ele>3556.6000000000004</ele><time>2026-04-12T15:55:44Z</time></rtept><rtept lat="37.567605" lon="-106.99634"><ele>3558.2000000000007</ele><time>2026-04-12T15:55:44Z</time></rtept><rtept lat="37.567624" lon="-106.996262"><ele>3560.0</ele><time>2026-04-12T15:55:44Z</time></rtept><rtept lat="37.567624" lon="-106.996237"><ele>3560.0</ele><time>2026-04-12T15:55:44Z</time></rtept><rtept lat="37.567576" lon="-106.996179"><ele>3562.0</ele><time>2026-04-12T15:55:44Z</time></rtept><rtept lat="37.5675" lon="-106.996142"><ele>3559.800000000001</ele><time>2026-04-12T15:55:44Z</time></rtept><rtept lat="37.567487" lon="-106.996122"><ele>3559.800000000001</ele><time>2026-04-12T15:55:44Z</time></rtept><rtept lat="37.567442" lon="-106.995965"><ele>3564.0</ele><time>2026-04-12T15:55:44Z</time></rtept><rtept lat="37.567434" lon="-106.995895"><ele>3564.800000000001</ele><time>2026-04-12T15:55:44Z</time></rtept><rtept lat="37.5674" lon="-106.995793"><ele>3566.6000000000004</ele><time>2026-04-12T15:55:44Z</time></rtept><rtept lat="37.567387" lon="-106.995771"><ele>3566.6000000000004</ele><time>2026-04-12T15:55:44Z</time></rtept><rtept lat="37.567311" lon="-106.995689"><ele>3567.2000000000007</ele><time>2026-04-12T15:55:44Z</time></rtept><rtept lat="37.567265" lon="-106.995624"><ele>3568.0</ele><time>2026-04-12T15:55:44Z</time></rtept><rtept lat="37.567205" lon="-106.995577"><ele>3568.800000000001</ele><time>2026-04-12T15:55:44Z</time></rtept><rtept lat="37.56715" lon="-106.995518"><ele>3568.0</ele><time>2026-04-12T15:55:44Z</time></rtept><rtept lat="37.5671" lon="-106.995431"><ele>3569.800000000001</ele><time>2026-04-12T15:55:44Z</time></rtept><rtept lat="37.567064" lon="-106.995388"><ele>3570.800000000001</ele><time>2026-04-12T15:55:44Z</time></rtept><rtept lat="37.567043" lon="-106.995334"><ele>3572.800000000001</ele><time>2026-04-12T15:55:44Z</time></rtept><rtept lat="37.567012" lon="-106.995284"><ele>3571.800000000001</ele><time>2026-04-12T15:55:44Z</time></rtept><rtept lat="37.566915" lon="-106.995167"><ele>3572.6000000000004</ele><time>2026-04-12T15:55:44Z</time></rtept><rtept lat="37.566886" lon="-106.99512"><ele>3573.4000000000015</ele><time>2026-04-12T15:55:44Z</time></rtept><rtept lat="37.566835" lon="-106.995066"><ele>3575.4000000000015</ele><time>2026-04-12T15:55:44Z</time></rtept><rtept lat="37.566781" lon="-106.994976"><ele>3576.4000000000015</ele><time>2026-04-12T15:55:44Z</time></rtept><rtept lat="37.566763" lon="-106.99496"><ele>3576.4000000000015</ele><time>2026-04-12T15:55:44Z</time></rtept><rtept lat="37.566681" lon="-106.994849"><ele>3576.2000000000007</ele><time>2026-04-12T15:55:44Z</time></rtept><rtept lat="37.566652" lon="-106.994828"><ele>3576.2000000000007</ele><time>2026-04-12T15:55:44Z</time></rtept><rtept lat="37.566595" lon="-106.994744"><ele>3577.0</ele><time>2026-04-12T15:55:44Z</time></rtept><rtept lat="37.566569" lon="-106.994688"><ele>3579.0</ele><time>2026-04-12T15:55:44Z</time></rtept><rtept lat="37.566538" lon="-106.994558"><ele>3581.2000000000007</ele><time>2026-04-12T15:55:44Z</time></rtept><rtept lat="37.566475" lon="-106.994364"><ele>3583.0</ele><time>2026-04-12T15:55:44Z</time></rtept><rtept lat="37.566467" lon="-106.994217"><ele>3585.800000000001</ele><time>2026-04-12T15:55:44Z</time></rtept><rtept lat="37.566504" lon="-106.993849"><ele>3590.2000000000007</ele><time>2026-04-12T15:55:44Z</time></rtept><rtept lat="37.566527" lon="-106.993737"><ele>3591.2000000000007</ele><time>2026-04-12T15:55:44Z</time></rtept><rtept lat="37.566532" lon="-106.993586"><ele>3593.4000000000015</ele><time>2026-04-12T15:55:44Z</time></rtept><rtept lat="37.566546" lon="-106.993525"><ele>3595.4000000000015</ele><time>2026-04-12T15:55:44Z</time></rtept><rtept lat="37.566547" lon="-106.993492"><ele>3595.4000000000015</ele><time>2026-04-12T15:55:44Z</time></rtept><rtept lat="37.566571" lon="-106.993412"><ele>3597.2000000000007</ele><time>2026-04-12T15:55:44Z</time></rtept><rtept lat="37.566574" lon="-106.993341"><ele>3597.800000000001</ele><time>2026-04-12T15:55:44Z</time></rtept><rtept lat="37.566567" lon="-106.993325"><ele>3597.800000000001</ele><time>2026-04-12T15:55:44Z</time></rtept><rtept lat="37.566547" lon="-106.993326"><ele>3597.800000000001</ele><time>2026-04-12T15:55:44Z</time></rtept><rtept lat="37.566451" lon="-106.993439"><ele>3597.2000000000007</ele><time>2026-04-12T15:55:44Z</time></rtept><rtept lat="37.566397" lon="-106.993516"><ele>3596.2000000000007</ele><time>2026-04-12T15:55:44Z</time></rtept><rtept lat="37.566349" lon="-106.993603"><ele>3595.6000000000004</ele><time>2026-04-12T15:55:44Z</time></rtept><rtept lat="37.566291" lon="-106.993667"><ele>3592.2000000000007</ele><time>2026-04-12T15:55:44Z</time></rtept><rtept lat="37.566268" lon="-106.993683"><ele>3594.2000000000007</ele><time>2026-04-12T15:55:44Z</time></rtept><rtept lat="37.566239" lon="-106.99369"><ele>3594.2000000000007</ele><time>2026-04-12T15:55:44Z</time></rtept><rtept lat="37.566152" lon="-106.993673"><ele>3595.800000000001</ele><time>2026-04-12T15:55:44Z</time></rtept><rtept lat="37.566089" lon="-106.993618"><ele>3599.4000000000015</ele><time>2026-04-12T15:55:44Z</time></rtept><rtept lat="37.565893" lon="-106.993393"><ele>3602.800000000001</ele><time>2026-04-12T15:55:44Z</time></rtept><rtept lat="37.565856" lon="-106.993325"><ele>3604.2000000000007</ele><time>2026-04-12T15:55:44Z</time></rtept><rtept lat="37.565776" lon="-106.993219"><ele>3605.4000000000015</ele><time>2026-04-12T15:55:44Z</time></rtept><rtept lat="37.565734" lon="-106.993191"><ele>3604.4000000000015</ele><time>2026-04-12T15:55:44Z</time></rtept><rtept lat="37.565709" lon="-106.993186"><ele>3606.6000000000004</ele><time>2026-04-12T15:55:44Z</time></rtept><rtept lat="37.565642" lon="-106.99315"><ele>3606.0</ele><time>2026-04-12T15:55:44Z</time></rtept><rtept lat="37.56562" lon="-106.993147"><ele>3606.0</ele><time>2026-04-12T15:55:44Z</time></rtept><rtept lat="37.565556" lon="-106.993068"><ele>3607.6000000000004</ele><time>2026-04-12T15:55:44Z</time></rtept><rtept lat="37.565496" lon="-106.993012"><ele>3609.4000000000015</ele><time>2026-04-12T15:55:44Z</time></rtept><rtept lat="37.565342" lon="-106.992925"><ele>3610.6000000000004</ele><time>2026-04-12T15:55:44Z</time></rtept><rtept lat="37.56532" lon="-106.992892"><ele>3610.0</ele><time>2026-04-12T15:55:44Z</time></rtept><rtept lat="37.565246" lon="-106.992714"><ele>3613.0</ele><time>2026-04-12T15:55:44Z</time></rtept><rtept lat="37.565195" lon="-106.992658"><ele>3615.0</ele><time>2026-04-12T15:55:44Z</time></rtept><rtept lat="37.565137" lon="-106.992613"><ele>3614.6000000000004</ele><time>2026-04-12T15:55:44Z</time></rtept><rtept lat="37.565035" lon="-106.992551"><ele>3615.6000000000004</ele><time>2026-04-12T15:55:44Z</time></rtept><rtept lat="37.564968" lon="-106.992521"><ele>3615.0</ele><time>2026-04-12T15:55:44Z</time></rtept><rtept lat="37.564879" lon="-106.992441"><ele>3616.0</ele><time>2026-04-12T15:55:44Z</time></rtept><rtept lat="37.564822" lon="-106.992323"><ele>3618.800000000001</ele><time>2026-04-12T15:55:44Z</time></rtept><rtept lat="37.564784" lon="-106.992212"><ele>3619.6000000000004</ele><time>2026-04-12T15:55:44Z</time></rtept><rtept lat="37.564726" lon="-106.992139"><ele>3621.4000000000015</ele><time>2026-04-12T15:55:44Z</time></rtept><rtept lat="37.564714" lon="-106.992104"><ele>3620.2000000000007</ele><time>2026-04-12T15:55:44Z</time></rtept><rtept lat="37.564714" lon="-106.992077"><ele>3620.2000000000007</ele><time>2026-04-12T15:55:44Z</time></rtept><rtept lat="37.564734" lon="-106.99197"><ele>3623.6000000000004</ele><time>2026-04-12T15:55:44Z</time></rtept><rtept lat="37.56477" lon="-106.99183"><ele>3624.2000000000007</ele><time>2026-04-12T15:55:44Z</time></rtept><rtept lat="37.564815" lon="-106.991725"><ele>3626.0</ele><time>2026-04-12T15:55:44Z</time></rtept><rtept lat="37.564825" lon="-106.99167"><ele>3626.0</ele><time>2026-04-12T15:55:44Z</time></rtept><rtept lat="37.564863" lon="-106.991536"><ele>3628.2000000000007</ele><time>2026-04-12T15:55:44Z</time></rtept><rtept lat="37.564878" lon="-106.991451"><ele>3628.800000000001</ele><time>2026-04-12T15:55:44Z</time></rtept><rtept lat="37.564915" lon="-106.991363"><ele>3629.4000000000015</ele><time>2026-04-12T15:55:44Z</time></rtept><rtept lat="37.564946" lon="-106.991172"><ele>3631.4000000000015</ele><time>2026-04-12T15:55:44Z</time></rtept><rtept lat="37.565" lon="-106.991006"><ele>3633.4000000000015</ele><time>2026-04-12T15:55:44Z</time></rtept><rtept lat="37.565096" lon="-106.990646"><ele>3636.800000000001</ele><time>2026-04-12T15:55:44Z</time></rtept><rtept lat="37.565172" lon="-106.990455"><ele>3638.4000000000015</ele><time>2026-04-12T15:55:44Z</time></rtept><rtept lat="37.565224" lon="-106.990281"><ele>3640.0</ele><time>2026-04-12T15:55:44Z</time></rtept><rtept lat="37.565264" lon="-106.990199"><ele>3641.0</ele><time>2026-04-12T15:55:44Z</time></rtept><rtept lat="37.565325" lon="-106.990022"><ele>3642.2000000000007</ele><time>2026-04-12T15:55:44Z</time></rtept><rtept lat="37.565381" lon="-106.989801"><ele>3644.2000000000007</ele><time>2026-04-12T15:55:44Z</time></rtept><rtept lat="37.565424" lon="-106.989673"><ele>3645.0</ele><time>2026-04-12T15:55:44Z</time></rtept><rtept lat="37.565465" lon="-106.98949"><ele>3647.6000000000004</ele><time>2026-04-12T15:55:44Z</time></rtept><rtept lat="37.565558" lon="-106.989189"><ele>3652.4000000000015</ele><time>2026-04-12T15:55:44Z</time></rtept><rtept lat="37.565706" lon="-106.988565"><ele>3661.2000000000007</ele><time>2026-04-12T15:55:44Z</time></rtept><rtept lat="37.565804" lon="-106.988237"><ele>3667.4000000000015</ele><time>2026-04-12T15:55:44Z</time></rtept><rtept lat="37.565905" lon="-106.988101"><ele>3670.6000000000004</ele><time>2026-04-12T15:55:44Z</time></rtept><rtept lat="37.565943" lon="-106.988012"><ele>3671.4000000000015</ele><time>2026-04-12T15:55:44Z</time></rtept><rtept lat="37.56605" lon="-106.987827"><ele>3674.2000000000007</ele><time>2026-04-12T15:55:44Z</time></rtept><rtept lat="37.566094" lon="-106.987718"><ele>3675.800000000001</ele><time>2026-04-12T15:55:44Z</time></rtept><rtept lat="37.566153" lon="-106.987599"><ele>3677.800000000001</ele><time>2026-04-12T15:55:44Z</time></rtept><rtept lat="37.566299" lon="-106.987223"><ele>3679.800000000001</ele><time>2026-04-12T15:55:44Z</time></rtept><rtept lat="37.566317" lon="-106.987185"><ele>3679.800000000001</ele><time>2026-04-12T15:55:44Z</time></rtept><rtept lat="37.566368" lon="-106.987118"><ele>3680.2000000000007</ele><time>2026-04-12T15:55:44Z</time></rtept><rtept lat="37.566396" lon="-106.987085"><ele>3679.800000000001</ele><time>2026-04-12T15:55:44Z</time></rtept><rtept lat="37.566572" lon="-106.98693"><ele>3681.4000000000015</ele><time>2026-04-12T15:55:44Z</time></rtept><rtept lat="37.566773" lon="-106.98673"><ele>3682.2000000000007</ele><time>2026-04-12T15:55:44Z</time></rtept><rtept lat="37.566874" lon="-106.986651"><ele>3682.6000000000004</ele><time>2026-04-12T15:55:44Z</time></rtept><rtept lat="37.567004" lon="-106.98657"><ele>3683.6000000000004</ele><time>2026-04-12T15:55:44Z</time></rtept><rtept lat="37.567097" lon="-106.986529"><ele>3684.0</ele><time>2026-04-12T15:55:44Z</time></rtept><rtept lat="37.567106" lon="-106.986504"><ele>3685.6000000000004</ele><time>2026-04-12T15:55:44Z</time></rtept><rtept lat="37.567089" lon="-106.986476"><ele>3684.6000000000004</ele><time>2026-04-12T15:55:44Z</time></rtept><rtept lat="37.566991" lon="-106.986388"><ele>3685.4000000000015</ele><time>2026-04-12T15:55:44Z</time></rtept><rtept lat="37.56698" lon="-106.986361"><ele>3685.4000000000015</ele><time>2026-04-12T15:55:44Z</time></rtept><rtept lat="37.567019" lon="-106.986209"><ele>3687.2000000000007</ele><time>2026-04-12T15:55:44Z</time></rtept><rtept lat="37.567048" lon="-106.985932"><ele>3691.2000000000007</ele><time>2026-04-12T15:55:44Z</time></rtept><rtept lat="37.567068" lon="-106.985828"><ele>3691.4000000000015</ele><time>2026-04-12T15:55:44Z</time></rtept><rtept lat="37.567098" lon="-106.985754"><ele>3691.800000000001</ele><time>2026-04-12T15:55:44Z</time></rtept><rtept lat="37.56712" lon="-106.985662"><ele>3695.2000000000007</ele><time>2026-04-12T15:55:44Z</time></rtept><rtept lat="37.567129" lon="-106.985547"><ele>3697.2000000000007</ele><time>2026-04-12T15:55:44Z</time></rtept><rtept lat="37.567144" lon="-106.985463"><ele>3698.4000000000015</ele><time>2026-04-12T15:55:44Z</time></rtept><rtept lat="37.567148" lon="-106.985332"><ele>3700.2000000000007</ele><time>2026-04-12T15:55:44Z</time></rtept><rtept lat="37.567106" lon="-106.98515"><ele>3703.2000000000007</ele><time>2026-04-12T15:55:44Z</time></rtept><rtept lat="37.567102" lon="-106.985109"><ele>3704.0</ele><time>2026-04-12T15:55:44Z</time></rtept><rtept lat="37.567119" lon="-106.984918"><ele>3703.4000000000015</ele><time>2026-04-12T15:55:44Z</time></rtept><rtept lat="37.567143" lon="-106.984827"><ele>3702.0</ele><time>2026-04-12T15:55:44Z</time></rtept><rtept lat="37.567183" lon="-106.984748"><ele>3703.2000000000007</ele><time>2026-04-12T15:55:44Z</time></rtept><rtept lat="37.567321" lon="-106.984554"><ele>3705.2000000000007</ele><time>2026-04-12T15:55:44Z</time></rtept><rtept lat="37.567348" lon="-106.984473"><ele>3705.2000000000007</ele><time>2026-04-12T15:55:44Z</time></rtept><rtept lat="37.567351" lon="-106.984428"><ele>3705.800000000001</ele><time>2026-04-12T15:55:44Z</time></rtept><rtept lat="37.567331" lon="-106.984369"><ele>3705.800000000001</ele><time>2026-04-12T15:55:44Z</time></rtept><rtept lat="37.567332" lon="-106.984328"><ele>3706.6000000000004</ele><time>2026-04-12T15:55:44Z</time></rtept><rtept lat="37.567321" lon="-106.984285"><ele>3706.6000000000004</ele><time>2026-04-12T15:55:44Z</time></rtept><rtept lat="37.567236" lon="-106.984124"><ele>3708.4000000000015</ele><time>2026-04-12T15:55:44Z</time></rtept><rtept lat="37.567233" lon="-106.984056"><ele>3705.800000000001</ele><time>2026-04-12T15:55:44Z</time></rtept><rtept lat="37.567285" lon="-106.983922"><ele>3707.2000000000007</ele><time>2026-04-12T15:55:44Z</time></rtept><rtept lat="37.56731" lon="-106.98389"><ele>3709.6000000000004</ele><time>2026-04-12T15:55:44Z</time></rtept><rtept lat="37.567344" lon="-106.983882"><ele>3709.6000000000004</ele><time>2026-04-12T15:55:44Z</time></rtept><rtept lat="37.567373" lon="-106.983891"><ele>3713.0</ele><time>2026-04-12T15:55:44Z</time></rtept><rtept lat="37.567396" lon="-106.983881"><ele>3713.0</ele><time>2026-04-12T15:55:44Z</time></rtept><rtept lat="37.567418" lon="-106.983755"><ele>3713.0</ele><time>2026-04-12T15:55:44Z</time></rtept><rtept lat="37.567451" lon="-106.983675"><ele>3716.0</ele><time>2026-04-12T15:55:44Z</time></rtept><rtept lat="37.567457" lon="-106.983587"><ele>3717.0</ele><time>2026-04-12T15:55:44Z</time></rtept><rtept lat="37.567414" lon="-106.983462"><ele>3716.4000000000015</ele><time>2026-04-12T15:55:44Z</time></rtept><rtept lat="37.567388" lon="-106.983426"><ele>3716.4000000000015</ele><time>2026-04-12T15:55:44Z</time></rtept><rtept lat="37.567379" lon="-106.983402"><ele>3717.800000000001</ele><time>2026-04-12T15:55:44Z</time></rtept><rtept lat="37.567373" lon="-106.983371"><ele>3717.800000000001</ele><time>2026-04-12T15:55:44Z</time></rtept><rtept lat="37.567383" lon="-106.983305"><ele>3718.800000000001</ele><time>2026-04-12T15:55:44Z</time></rtept><rtept lat="37.567376" lon="-106.983284"><ele>3718.800000000001</ele><time>2026-04-12T15:55:44Z</time></rtept><rtept lat="37.567365" lon="-106.983138"><ele>3720.4000000000015</ele><time>2026-04-12T15:55:44Z</time></rtept><rtept lat="37.567353" lon="-106.983105"><ele>3720.4000000000015</ele><time>2026-04-12T15:55:44Z</time></rtept><rtept lat="37.567351" lon="-106.983068"><ele>3720.4000000000015</ele><time>2026-04-12T15:55:44Z</time></rtept><rtept lat="37.567365" lon="-106.983009"><ele>3722.800000000001</ele><time>2026-04-12T15:55:44Z</time></rtept><rtept lat="37.567358" lon="-106.982945"><ele>3725.2000000000007</ele><time>2026-04-12T15:55:44Z</time></rtept><rtept lat="37.567366" lon="-106.982838"><ele>3727.0</ele><time>2026-04-12T15:55:44Z</time></rtept><rtept lat="37.567396" lon="-106.982801"><ele>3730.6000000000004</ele><time>2026-04-12T15:55:44Z</time></rtept><rtept lat="37.567405" lon="-106.982776"><ele>3730.6000000000004</ele><time>2026-04-12T15:55:44Z</time></rtept><rtept lat="37.567428" lon="-106.982652"><ele>3731.800000000001</ele><time>2026-04-12T15:55:44Z</time></rtept><rtept lat="37.56743" lon="-106.982629"><ele>3733.0</ele><time>2026-04-12T15:55:44Z</time></rtept><rtept lat="37.567418" lon="-106.982539"><ele>3734.4000000000015</ele><time>2026-04-12T15:55:44Z</time></rtept><rtept lat="37.567436" lon="-106.982412"><ele>3735.800000000001</ele><time>2026-04-12T15:55:44Z</time></rtept><rtept lat="37.567417" lon="-106.982355"><ele>3737.2000000000007</ele><time>2026-04-12T15:55:44Z</time></rtept><rtept lat="37.567405" lon="-106.982282"><ele>3738.800000000001</ele><time>2026-04-12T15:55:44Z</time></rtept><rtept lat="37.567375" lon="-106.982166"><ele>3740.6000000000004</ele><time>2026-04-12T15:55:44Z</time></rtept><rtept lat="37.567371" lon="-106.982128"><ele>3737.800000000001</ele><time>2026-04-12T15:55:44Z</time></rtept><rtept lat="37.567331" lon="-106.98198"><ele>3741.4000000000015</ele><time>2026-04-12T15:55:44Z</time></rtept><rtept lat="37.567327" lon="-106.981945"><ele>3743.6000000000004</ele><time>2026-04-12T15:55:44Z</time></rtept><rtept lat="37.567301" lon="-106.981881"><ele>3740.4000000000015</ele><time>2026-04-12T15:55:44Z</time></rtept><rtept lat="37.567283" lon="-106.981768"><ele>3745.2000000000007</ele><time>2026-04-12T15:55:44Z</time></rtept><rtept lat="37.567253" lon="-106.981677"><ele>3747.6000000000004</ele><time>2026-04-12T15:55:44Z</time></rtept><rtept lat="37.567237" lon="-106.981643"><ele>3747.6000000000004</ele><time>2026-04-12T15:55:44Z</time></rtept><rtept lat="37.567193" lon="-106.981583"><ele>3747.4000000000015</ele><time>2026-04-12T15:55:44Z</time></rtept><rtept lat="37.567168" lon="-106.981511"><ele>3750.0</ele><time>2026-04-12T15:55:44Z</time></rtept><rtept lat="37.567161" lon="-106.981473"><ele>3747.4000000000015</ele><time>2026-04-12T15:55:44Z</time></rtept><rtept lat="37.567135" lon="-106.981402"><ele>3749.800000000001</ele><time>2026-04-12T15:55:44Z</time></rtept><rtept lat="37.567072" lon="-106.981181"><ele>3751.2000000000007</ele><time>2026-04-12T15:55:44Z</time></rtept><rtept lat="37.567057" lon="-106.981101"><ele>3753.6000000000004</ele><time>2026-04-12T15:55:44Z</time></rtept><rtept lat="37.567019" lon="-106.980973"><ele>3755.2000000000007</ele><time>2026-04-12T15:55:44Z</time></rtept><rtept lat="37.566979" lon="-106.980922"><ele>3755.2000000000007</ele><time>2026-04-12T15:55:44Z</time></rtept><rtept lat="37.566929" lon="-106.980823"><ele>3757.0</ele><time>2026-04-12T15:55:44Z</time></rtept><rtept lat="37.566839" lon="-106.980703"><ele>3757.4000000000015</ele><time>2026-04-12T15:55:44Z</time></rtept><rtept lat="37.566798" lon="-106.980599"><ele>3758.2000000000007</ele><time>2026-04-12T15:55:44Z</time></rtept><rtept lat="37.56668" lon="-106.980481"><ele>3761.2000000000007</ele><time>2026-04-12T15:55:44Z</time></rtept><rtept lat="37.566625" lon="-106.980389"><ele>3765.0</ele><time>2026-04-12T15:55:44Z</time></rtept><rtept lat="37.566543" lon="-106.980329"><ele>3761.2000000000007</ele><time>2026-04-12T15:55:44Z</time></rtept><rtept lat="37.566519" lon="-106.980303"><ele>3764.0</ele><time>2026-04-12T15:55:44Z</time></rtept><rtept lat="37.566503" lon="-106.980278"><ele>3764.0</ele><time>2026-04-12T15:55:44Z</time></rtept><rtept lat="37.566467" lon="-106.98018"><ele>3764.6000000000004</ele><time>2026-04-12T15:55:44Z</time></rtept><rtept lat="37.566461" lon="-106.980106"><ele>3767.2000000000007</ele><time>2026-04-12T15:55:44Z</time></rtept><rtept lat="37.566448" lon="-106.980082"><ele>3767.2000000000007</ele><time>2026-04-12T15:55:44Z</time></rtept><rtept lat="37.566401" lon="-106.980047"><ele>3769.2000000000007</ele><time>2026-04-12T15:55:44Z</time></rtept><rtept lat="37.566359" lon="-106.979998"><ele>3769.2000000000007</ele><time>2026-04-12T15:55:44Z</time></rtept><rtept lat="37.566292" lon="-106.979984"><ele>3768.0</ele><time>2026-04-12T15:55:44Z</time></rtept><rtept lat="37.566261" lon="-106.979965"><ele>3769.2000000000007</ele><time>2026-04-12T15:55:44Z</time></rtept><rtept lat="37.566241" lon="-106.979939"><ele>3769.2000000000007</ele><time>2026-04-12T15:55:44Z</time></rtept><rtept lat="37.566207" lon="-106.979915"><ele>3767.800000000001</ele><time>2026-04-12T15:55:44Z</time></rtept><rtept lat="37.566185" lon="-106.979888"><ele>3767.800000000001</ele><time>2026-04-12T15:55:44Z</time></rtept><rtept lat="37.566172" lon="-106.979856"><ele>3770.800000000001</ele><time>2026-04-12T15:55:44Z</time></rtept><rtept lat="37.566141" lon="-106.979835"><ele>3770.4000000000015</ele><time>2026-04-12T15:55:44Z</time></rtept><rtept lat="37.56611" lon="-106.979823"><ele>3770.4000000000015</ele><time>2026-04-12T15:55:44Z</time></rtept><rtept lat="37.565941" lon="-106.979793"><ele>3774.2000000000007</ele><time>2026-04-12T15:55:44Z</time></rtept><rtept lat="37.565879" lon="-106.979763"><ele>3774.2000000000007</ele><time>2026-04-12T15:55:44Z</time></rtept><rtept lat="37.565819" lon="-106.979725"><ele>3774.2000000000007</ele><time>2026-04-12T15:55:44Z</time></rtept><rtept lat="37.565774" lon="-106.979674"><ele>3777.0</ele><time>2026-04-12T15:55:44Z</time></rtept><rtept lat="37.565714" lon="-106.979639"><ele>3776.4000000000015</ele><time>2026-04-12T15:55:44Z</time></rtept><rtept lat="37.56569" lon="-106.979617"><ele>3779.4000000000015</ele><time>2026-04-12T15:55:44Z</time></rtept><rtept lat="37.56565" lon="-106.979561"><ele>3778.6000000000004</ele><time>2026-04-12T15:55:44Z</time></rtept><rtept lat="37.565494" lon="-106.9795"><ele>3781.4000000000015</ele><time>2026-04-12T15:55:44Z</time></rtept><rtept lat="37.565469" lon="-106.979506"><ele>3781.4000000000015</ele><time>2026-04-12T15:55:44Z</time></rtept><rtept lat="37.565459" lon="-106.979529"><ele>3782.6000000000004</ele><time>2026-04-12T15:55:44Z</time></rtept><rtept lat="37.56543" lon="-106.979543"><ele>3779.800000000001</ele><time>2026-04-12T15:55:44Z</time></rtept><rtept lat="37.565331" lon="-106.979535"><ele>3783.800000000001</ele><time>2026-04-12T15:55:44Z</time></rtept><rtept lat="37.565229" lon="-106.979565"><ele>3782.800000000001</ele><time>2026-04-12T15:55:44Z</time></rtept><rtept lat="37.565161" lon="-106.979557"><ele>3783.6000000000004</ele><time>2026-04-12T15:55:44Z</time></rtept><rtept lat="37.56513" lon="-106.979549"><ele>3783.6000000000004</ele><time>2026-04-12T15:55:44Z</time></rtept><rtept lat="37.565083" lon="-106.979514"><ele>3787.4000000000015</ele><time>2026-04-12T15:55:44Z</time></rtept><rtept lat="37.56502" lon="-106.97951"><ele>3788.2000000000007</ele><time>2026-04-12T15:55:44Z</time></rtept><rtept lat="37.564964" lon="-106.979488"><ele>3789.0</ele><time>2026-04-12T15:55:44Z</time></rtept><rtept lat="37.564901" lon="-106.97948"><ele>3789.4000000000015</ele><time>2026-04-12T15:55:44Z</time></rtept><rtept lat="37.564814" lon="-106.979435"><ele>3792.800000000001</ele><time>2026-04-12T15:55:44Z</time></rtept><rtept lat="37.564661" lon="-106.979403"><ele>3793.2000000000007</ele><time>2026-04-12T15:55:44Z</time></rtept><rtept lat="37.564598" lon="-106.979407"><ele>3793.6000000000004</ele><time>2026-04-12T15:55:44Z</time></rtept><rtept lat="37.564496" lon="-106.979432"><ele>3796.0</ele><time>2026-04-12T15:55:44Z</time></rtept><rtept lat="37.564405" lon="-106.979482"><ele>3794.6000000000004</ele><time>2026-04-12T15:55:44Z</time></rtept><rtept lat="37.56438" lon="-106.979504"><ele>3794.6000000000004</ele><time>2026-04-12T15:55:44Z</time></rtept><rtept lat="37.564351" lon="-106.979514"><ele>3795.800000000001</ele><time>2026-04-12T15:55:44Z</time></rtept><rtept lat="37.56432" lon="-106.979507"><ele>3795.800000000001</ele><time>2026-04-12T15:55:44Z</time></rtept><rtept lat="37.56423" lon="-106.979453"><ele>3799.6000000000004</ele><time>2026-04-12T15:55:44Z</time></rtept><rtept lat="37.564194" lon="-106.97945"><ele>3799.6000000000004</ele><time>2026-04-12T15:55:44Z</time></rtept><rtept lat="37.564139" lon="-106.979416"><ele>3800.2000000000007</ele><time>2026-04-12T15:55:44Z</time></rtept><rtept lat="37.564094" lon="-106.979399"><ele>3800.6000000000004</ele><time>2026-04-12T15:55:44Z</time></rtept><rtept lat="37.564065" lon="-106.97938"><ele>3800.6000000000004</ele><time>2026-04-12T15:55:44Z</time></rtept><rtept lat="37.564043" lon="-106.979354"><ele>3803.2000000000007</ele><time>2026-04-12T15:55:44Z</time></rtept><rtept lat="37.564009" lon="-106.979341"><ele>3803.6000000000004</ele><time>2026-04-12T15:55:44Z</time></rtept><rtept lat="37.563975" lon="-106.97934"><ele>3803.6000000000004</ele><time>2026-04-12T15:55:44Z</time></rtept><rtept lat="37.563912" lon="-106.979364"><ele>3804.0</ele><time>2026-04-12T15:55:44Z</time></rtept><rtept lat="37.56386" lon="-106.979355"><ele>3804.6000000000004</ele><time>2026-04-12T15:55:44Z</time></rtept><rtept lat="37.563767" lon="-106.979293"><ele>3805.2000000000007</ele><time>2026-04-12T15:55:44Z</time></rtept><rtept lat="37.563706" lon="-106.979273"><ele>3808.800000000001</ele><time>2026-04-12T15:55:44Z</time></rtept><rtept lat="37.563648" lon="-106.97924"><ele>3809.4000000000015</ele><time>2026-04-12T15:55:44Z</time></rtept><rtept lat="37.563617" lon="-106.97923"><ele>3810.0</ele><time>2026-04-12T15:55:44Z</time></rtept><rtept lat="37.563434" lon="-106.979226"><ele>3811.2000000000007</ele><time>2026-04-12T15:55:44Z</time></rtept><rtept lat="37.563366" lon="-106.979242"><ele>3811.800000000001</ele><time>2026-04-12T15:55:44Z</time></rtept><rtept lat="37.563357" lon="-106.979234"><ele>3812.4000000000015</ele><time>2026-04-12T15:55:44Z</time></rtept><rtept lat="37.563363" lon="-106.979214"><ele>3811.800000000001</ele><time>2026-04-12T15:55:44Z</time></rtept><rtept lat="37.563465" lon="-106.97914"><ele>3814.6000000000004</ele><time>2026-04-12T15:55:44Z</time></rtept><rtept lat="37.563504" lon="-106.979092"><ele>3817.4000000000015</ele><time>2026-04-12T15:55:44Z</time></rtept><rtept lat="37.563611" lon="-106.979036"><ele>3816.800000000001</ele><time>2026-04-12T15:55:44Z</time></rtept><rtept lat="37.563629" lon="-106.979019"><ele>3820.0</ele><time>2026-04-12T15:55:44Z</time></rtept><rtept lat="37.563645" lon="-106.978989"><ele>3819.4000000000015</ele><time>2026-04-12T15:55:44Z</time></rtept><rtept lat="37.563748" lon="-106.978946"><ele>3818.800000000001</ele><time>2026-04-12T15:55:44Z</time></rtept><rtept lat="37.563775" lon="-106.978942"><ele>3818.4000000000015</ele><time>2026-04-12T15:55:44Z</time></rtept><rtept lat="37.563966" lon="-106.978834"><ele>3823.4000000000015</ele><time>2026-04-12T15:55:44Z</time></rtept><rtept lat="37.564009" lon="-106.978791"><ele>3822.6000000000004</ele><time>2026-04-12T15:55:44Z</time></rtept><rtept lat="37.564142" lon="-106.978684"><ele>3824.6000000000004</ele><time>2026-04-12T15:55:44Z</time></rtept><rtept lat="37.56416" lon="-106.978657"><ele>3828.0</ele><time>2026-04-12T15:55:44Z</time></rtept><rtept lat="37.564185" lon="-106.978636"><ele>3827.2000000000007</ele><time>2026-04-12T15:55:44Z</time></rtept><rtept lat="37.564301" lon="-106.97859"><ele>3830.0</ele><time>2026-04-12T15:55:44Z</time></rtept><rtept lat="37.564392" lon="-106.97854"><ele>3829.0</ele><time>2026-04-12T15:55:44Z</time></rtept><rtept lat="37.564447" lon="-106.978498"><ele>3832.2000000000007</ele><time>2026-04-12T15:55:44Z</time></rtept><rtept lat="37.564557" lon="-106.978383"><ele>3835.0</ele><time>2026-04-12T15:55:44Z</time></rtept><rtept lat="37.564727" lon="-106.978305"><ele>3837.6000000000004</ele><time>2026-04-12T15:55:44Z</time></rtept><rtept lat="37.56475" lon="-106.978282"><ele>3837.6000000000004</ele><time>2026-04-12T15:55:44Z</time></rtept><rtept lat="37.564853" lon="-106.978221"><ele>3840.6000000000004</ele><time>2026-04-12T15:55:44Z</time></rtept><rtept lat="37.564878" lon="-106.9782"><ele>3840.2000000000007</ele><time>2026-04-12T15:55:44Z</time></rtept><rtept lat="37.564896" lon="-106.978171"><ele>3840.2000000000007</ele><time>2026-04-12T15:55:44Z</time></rtept><rtept lat="37.564919" lon="-106.978149"><ele>3843.4000000000015</ele><time>2026-04-12T15:55:44Z</time></rtept><rtept lat="37.565102" lon="-106.978149"><ele>3843.0</ele><time>2026-04-12T15:55:44Z</time></rtept><rtept lat="37.565158" lon="-106.978129"><ele>3843.0</ele><time>2026-04-12T15:55:44Z</time></rtept><rtept lat="37.565213" lon="-106.978089"><ele>3842.800000000001</ele><time>2026-04-12T15:55:44Z</time></rtept><rtept lat="37.565301" lon="-106.978067"><ele>3846.4000000000015</ele><time>2026-04-12T15:55:44Z</time></rtept><rtept lat="37.565383" lon="-106.978004"><ele>3846.6000000000004</ele><time>2026-04-12T15:55:44Z</time></rtept><rtept lat="37.565463" lon="-106.977982"><ele>3850.2000000000007</ele><time>2026-04-12T15:55:44Z</time></rtept><rtept lat="37.56549" lon="-106.977963"><ele>3850.800000000001</ele><time>2026-04-12T15:55:44Z</time></rtept><rtept lat="37.565587" lon="-106.977947"><ele>3851.4000000000015</ele><time>2026-04-12T15:55:44Z</time></rtept><rtept lat="37.565652" lon="-106.977955"><ele>3852.2000000000007</ele><time>2026-04-12T15:55:44Z</time></rtept><rtept lat="37.565686" lon="-106.977951"><ele>3852.800000000001</ele><time>2026-04-12T15:55:44Z</time></rtept><rtept lat="37.565722" lon="-106.977939"><ele>3852.800000000001</ele><time>2026-04-12T15:55:44Z</time></rtept><rtept lat="37.56577" lon="-106.977903"><ele>3857.0</ele><time>2026-04-12T15:55:44Z</time></rtept><rtept lat="37.565872" lon="-106.977773"><ele>3860.6000000000004</ele><time>2026-04-12T15:55:44Z</time></rtept><rtept lat="37.565899" lon="-106.977755"><ele>3860.800000000001</ele><time>2026-04-12T15:55:44Z</time></rtept><rtept lat="37.56596" lon="-106.977744"><ele>3860.6000000000004</ele><time>2026-04-12T15:55:44Z</time></rtept><rtept lat="37.566015" lon="-106.97771"><ele>3863.800000000001</ele><time>2026-04-12T15:55:44Z</time></rtept><rtept lat="37.56608" lon="-106.977712"><ele>3863.6000000000004</ele><time>2026-04-12T15:55:44Z</time></rtept><rtept lat="37.566214" lon="-106.977675"><ele>3863.6000000000004</ele><time>2026-04-12T15:55:44Z</time></rtept><rtept lat="37.566311" lon="-106.977633"><ele>3867.800000000001</ele><time>2026-04-12T15:55:44Z</time></rtept><rtept lat="37.566467" lon="-106.977628"><ele>3868.6000000000004</ele><time>2026-04-12T15:55:44Z</time></rtept><rtept lat="37.566578" lon="-106.977554"><ele>3874.4000000000015</ele><time>2026-04-12T15:55:44Z</time></rtept><rtept lat="37.566486" lon="-106.977441"><ele>3877.0</ele><time>2026-04-12T15:55:44Z</time></rtept><rtept lat="37.566392" lon="-106.977395"><ele>3879.800000000001</ele><time>2026-04-12T15:55:44Z</time></rtept><rtept lat="37.566381" lon="-106.977386"><ele>3879.800000000001</ele><time>2026-04-12T15:55:44Z</time></rtept><rtept lat="37.566287" lon="-106.977313"><ele>3879.4000000000015</ele><time>2026-04-12T15:55:44Z</time></rtept><rtept lat="37.566231" lon="-106.977295"><ele>3882.0</ele><time>2026-04-12T15:55:44Z</time></rtept><rtept lat="37.566149" lon="-106.977246"><ele>3881.4000000000015</ele><time>2026-04-12T15:55:44Z</time></rtept><rtept lat="37.566068" lon="-106.977208"><ele>3883.6000000000004</ele><time>2026-04-12T15:55:44Z</time></rtept><rtept lat="37.565932" lon="-106.977121"><ele>3886.4000000000015</ele><time>2026-04-12T15:55:44Z</time></rtept><rtept lat="37.565905" lon="-106.97711"><ele>3886.4000000000015</ele><time>2026-04-12T15:55:44Z</time></rtept><rtept lat="37.565872" lon="-106.977108"><ele>3886.4000000000015</ele><time>2026-04-12T15:55:44Z</time></rtept><rtept lat="37.565811" lon="-106.977084"><ele>3886.4000000000015</ele><time>2026-04-12T15:55:44Z</time></rtept><rtept lat="37.565787" lon="-106.977064"><ele>3886.4000000000015</ele><time>2026-04-12T15:55:44Z</time></rtept><rtept lat="37.565676" lon="-106.976916"><ele>3890.4000000000015</ele><time>2026-04-12T15:55:44Z</time></rtept><rtept lat="37.565402" lon="-106.97665"><ele>3894.800000000001</ele><time>2026-04-12T15:55:44Z</time></rtept><rtept lat="37.565383" lon="-106.97654"><ele>3895.2000000000007</ele><time>2026-04-12T15:55:44Z</time></rtept><rtept lat="37.565344" lon="-106.976344"><ele>3898.4000000000015</ele><time>2026-04-12T15:55:44Z</time></rtept><rtept lat="37.565334" lon="-106.97622"><ele>3899.2000000000007</ele><time>2026-04-12T15:55:44Z</time></rtept><rtept lat="37.565342" lon="-106.976178"><ele>3900.0</ele><time>2026-04-12T15:55:44Z</time></rtept><rtept lat="37.565414" lon="-106.976006"><ele>3903.800000000001</ele><time>2026-04-12T15:55:44Z</time></rtept><rtept lat="37.565422" lon="-106.975971"><ele>3903.800000000001</ele><time>2026-04-12T15:55:44Z</time></rtept><rtept lat="37.565412" lon="-106.975899"><ele>3904.0</ele><time>2026-04-12T15:55:44Z</time></rtept><rtept lat="37.565425" lon="-106.975808"><ele>3904.4000000000015</ele><time>2026-04-12T15:55:44Z</time></rtept><rtept lat="37.565423" lon="-106.975757"><ele>3905.4000000000015</ele><time>2026-04-12T15:55:44Z</time></rtept><rtept lat="37.565419" lon="-106.975733"><ele>3905.4000000000015</ele><time>2026-04-12T15:55:44Z</time></rtept><rtept lat="37.5654" lon="-106.975693"><ele>3905.4000000000015</ele><time>2026-04-12T15:55:44Z</time></rtept><rtept lat="37.565377" lon="-106.975571"><ele>3905.4000000000015</ele><time>2026-04-12T15:55:44Z</time></rtept><rtept lat="37.565355" lon="-106.975513"><ele>3905.4000000000015</ele><time>2026-04-12T15:55:44Z</time></rtept><rtept lat="37.565338" lon="-106.975443"><ele>3906.4000000000015</ele><time>2026-04-12T15:55:44Z</time></rtept><rtept lat="37.565334" lon="-106.975409"><ele>3907.4000000000015</ele><time>2026-04-12T15:55:44Z</time></rtept><rtept lat="37.565342" lon="-106.975341"><ele>3907.4000000000015</ele><time>2026-04-12T15:55:44Z</time></rtept><rtept lat="37.565336" lon="-106.975309"><ele>3908.4000000000015</ele><time>2026-04-12T15:55:44Z</time></rtept><rtept lat="37.565338" lon="-106.975225"><ele>3909.0</ele><time>2026-04-12T15:55:44Z</time></rtept><rtept lat="37.56533" lon="-106.975119"><ele>3907.0</ele><time>2026-04-12T15:55:44Z</time></rtept><rtept lat="37.565313" lon="-106.975069"><ele>3907.800000000001</ele><time>2026-04-12T15:55:44Z</time></rtept><rtept lat="37.565285" lon="-106.975024"><ele>3907.800000000001</ele><time>2026-04-12T15:55:44Z</time></rtept><rtept lat="37.565288" lon="-106.974923"><ele>3908.4000000000015</ele><time>2026-04-12T15:55:44Z</time></rtept><rtept lat="37.56525" lon="-106.974824"><ele>3906.800000000001</ele><time>2026-04-12T15:55:44Z</time></rtept><rtept lat="37.565243" lon="-106.974793"><ele>3907.2000000000007</ele><time>2026-04-12T15:55:44Z</time></rtept><rtept lat="37.565244" lon="-106.974757"><ele>3907.2000000000007</ele><time>2026-04-12T15:55:44Z</time></rtept><rtept lat="37.565265" lon="-106.974688"><ele>3909.2000000000007</ele><time>2026-04-12T15:55:44Z</time></rtept><rtept lat="37.565278" lon="-106.974607"><ele>3909.2000000000007</ele><time>2026-04-12T15:55:44Z</time></rtept><rtept lat="37.565311" lon="-106.97451"><ele>3909.0</ele><time>2026-04-12T15:55:44Z</time></rtept><rtept lat="37.565321" lon="-106.97444"><ele>3909.0</ele><time>2026-04-12T15:55:44Z</time></rtept><rtept lat="37.565345" lon="-106.974351"><ele>3910.4000000000015</ele><time>2026-04-12T15:55:44Z</time></rtept><rtept lat="37.56538" lon="-106.974318"><ele>3910.4000000000015</ele><time>2026-04-12T15:55:44Z</time></rtept><rtept lat="37.565385" lon="-106.974298"><ele>3910.4000000000015</ele><time>2026-04-12T15:55:44Z</time></rtept><rtept lat="37.565451" lon="-106.974234"><ele>3911.4000000000015</ele><time>2026-04-12T15:55:44Z</time></rtept><rtept lat="37.56549" lon="-106.974182"><ele>3912.2000000000007</ele><time>2026-04-12T15:55:44Z</time></rtept><rtept lat="37.565581" lon="-106.97403"><ele>3913.6000000000004</ele><time>2026-04-12T15:55:44Z</time></rtept><rtept lat="37.56565" lon="-106.973934"><ele>3915.0</ele><time>2026-04-12T15:55:44Z</time></rtept><rtept lat="37.565722" lon="-106.973813"><ele>3916.0</ele><time>2026-04-12T15:55:44Z</time></rtept><rtept lat="37.565807" lon="-106.97371"><ele>3915.0</ele><time>2026-04-12T15:55:44Z</time></rtept><rtept lat="37.565858" lon="-106.973607"><ele>3913.0</ele><time>2026-04-12T15:55:44Z</time></rtept><rtept lat="37.565881" lon="-106.973586"><ele>3912.6000000000004</ele><time>2026-04-12T15:55:44Z</time></rtept><rtept lat="37.565909" lon="-106.973546"><ele>3912.6000000000004</ele><time>2026-04-12T15:55:44Z</time></rtept><rtept lat="37.565934" lon="-106.973527"><ele>3911.2000000000007</ele><time>2026-04-12T15:55:44Z</time></rtept><rtept lat="37.566017" lon="-106.973509"><ele>3910.6000000000004</ele><time>2026-04-12T15:55:44Z</time></rtept><rtept lat="37.566065" lon="-106.973486"><ele>3910.6000000000004</ele><time>2026-04-12T15:55:44Z</time></rtept><rtept lat="37.566299" lon="-106.973494"><ele>3908.800000000001</ele><time>2026-04-12T15:55:44Z</time></rtept><rtept lat="37.566374" lon="-106.973506"><ele>3908.2000000000007</ele><time>2026-04-12T15:55:44Z</time></rtept><rtept lat="37.566445" lon="-106.973518"><ele>3907.6000000000004</ele><time>2026-04-12T15:55:44Z</time></rtept><rtept lat="37.566543" lon="-106.973459"><ele>3906.6000000000004</ele><time>2026-04-12T15:55:44Z</time></rtept><rtept lat="37.566573" lon="-106.97345"><ele>3905.4000000000015</ele><time>2026-04-12T15:55:44Z</time></rtept><rtept lat="37.566613" lon="-106.973454"><ele>3905.4000000000015</ele><time>2026-04-12T15:55:44Z</time></rtept><rtept lat="37.566625" lon="-106.973441"><ele>3902.0</ele><time>2026-04-12T15:55:44Z</time></rtept><rtept lat="37.566601" lon="-106.973392"><ele>3904.2000000000007</ele><time>2026-04-12T15:55:44Z</time></rtept><rtept lat="37.566537" lon="-106.973311"><ele>3904.4000000000015</ele><time>2026-04-12T15:55:44Z</time></rtept><rtept lat="37.566412" lon="-106.973216"><ele>3905.2000000000007</ele><time>2026-04-12T15:55:44Z</time></rtept><rtept lat="37.566351" lon="-106.973127"><ele>3904.800000000001</ele><time>2026-04-12T15:55:44Z</time></rtept><rtept lat="37.566337" lon="-106.973099"><ele>3903.2000000000007</ele><time>2026-04-12T15:55:44Z</time></rtept><rtept lat="37.566267" lon="-106.973008"><ele>3902.6000000000004</ele><time>2026-04-12T15:55:44Z</time></rtept><rtept lat="37.566228" lon="-106.972909"><ele>3899.800000000001</ele><time>2026-04-12T15:55:44Z</time></rtept><rtept lat="37.566163" lon="-106.972775"><ele>3898.800000000001</ele><time>2026-04-12T15:55:44Z</time></rtept><rtept lat="37.566105" lon="-106.972567"><ele>3893.0</ele><time>2026-04-12T15:55:44Z</time></rtept><rtept lat="37.566064" lon="-106.972459"><ele>3893.2000000000007</ele><time>2026-04-12T15:55:44Z</time></rtept><rtept lat="37.566056" lon="-106.972399"><ele>3891.800000000001</ele><time>2026-04-12T15:55:44Z</time></rtept><rtept lat="37.566019" lon="-106.972353"><ele>3891.800000000001</ele><time>2026-04-12T15:55:44Z</time></rtept><rtept lat="37.565991" lon="-106.972242"><ele>3889.0</ele><time>2026-04-12T15:55:44Z</time></rtept><rtept lat="37.565985" lon="-106.972201"><ele>3889.0</ele><time>2026-04-12T15:55:44Z</time></rtept><rtept lat="37.565993" lon="-106.972133"><ele>3887.0</ele><time>2026-04-12T15:55:44Z</time></rtept><rtept lat="37.565978" lon="-106.972073"><ele>3885.0</ele><time>2026-04-12T15:55:44Z</time></rtept><rtept lat="37.565952" lon="-106.971898"><ele>3882.800000000001</ele><time>2026-04-12T15:55:44Z</time></rtept><rtept lat="37.565923" lon="-106.97175"><ele>3882.4000000000015</ele><time>2026-04-12T15:55:44Z</time></rtept><rtept lat="37.565923" lon="-106.971631"><ele>3882.0</ele><time>2026-04-12T15:55:44Z</time></rtept><rtept lat="37.565906" lon="-106.971555"><ele>3881.800000000001</ele><time>2026-04-12T15:55:44Z</time></rtept><rtept lat="37.565846" lon="-106.971382"><ele>3881.4000000000015</ele><time>2026-04-12T15:55:44Z</time></rtept><rtept lat="37.565818" lon="-106.971275"><ele>3880.4000000000015</ele><time>2026-04-12T15:55:44Z</time></rtept><rtept lat="37.565817" lon="-106.971198"><ele>3879.2000000000007</ele><time>2026-04-12T15:55:44Z</time></rtept><rtept lat="37.565781" lon="-106.971045"><ele>3880.0</ele><time>2026-04-12T15:55:44Z</time></rtept><rtept lat="37.565757" lon="-106.970884"><ele>3879.0</ele><time>2026-04-12T15:55:44Z</time></rtept><rtept lat="37.56575" lon="-106.970759"><ele>3878.800000000001</ele><time>2026-04-12T15:55:44Z</time></rtept><rtept lat="37.565729" lon="-106.970653"><ele>3882.800000000001</ele><time>2026-04-12T15:55:44Z</time></rtept><rtept lat="37.565667" lon="-106.970506"><ele>3889.800000000001</ele><time>2026-04-12T15:55:44Z</time></rtept><rtept lat="37.565649" lon="-106.970452"><ele>3889.800000000001</ele><time>2026-04-12T15:55:44Z</time></rtept><rtept lat="37.565608" lon="-106.970402"><ele>3893.6000000000004</ele><time>2026-04-12T15:55:44Z</time></rtept><rtept lat="37.565518" lon="-106.970253"><ele>3896.6000000000004</ele><time>2026-04-12T15:55:44Z</time></rtept><rtept lat="37.565453" lon="-106.970174"><ele>3897.2000000000007</ele><time>2026-04-12T15:55:44Z</time></rtept><rtept lat="37.565421" lon="-106.970116"><ele>3897.2000000000007</ele><time>2026-04-12T15:55:44Z</time></rtept><rtept lat="37.56537" lon="-106.969931"><ele>3899.800000000001</ele><time>2026-04-12T15:55:44Z</time></rtept><rtept lat="37.565344" lon="-106.969882"><ele>3902.4000000000015</ele><time>2026-04-12T15:55:44Z</time></rtept><rtept lat="37.565328" lon="-106.969841"><ele>3902.2000000000007</ele><time>2026-04-12T15:55:44Z</time></rtept><rtept lat="37.565318" lon="-106.969778"><ele>3902.2000000000007</ele><time>2026-04-12T15:55:44Z</time></rtept><rtept lat="37.565299" lon="-106.969742"><ele>3904.4000000000015</ele><time>2026-04-12T15:55:44Z</time></rtept><rtept lat="37.565254" lon="-106.96972"><ele>3902.800000000001</ele><time>2026-04-12T15:55:44Z</time></rtept><rtept lat="37.565178" lon="-106.969665"><ele>3904.6000000000004</ele><time>2026-04-12T15:55:44Z</time></rtept><rtept lat="37.565101" lon="-106.969585"><ele>3906.2000000000007</ele><time>2026-04-12T15:55:44Z</time></rtept><rtept lat="37.56505" lon="-106.969518"><ele>3905.0</ele><time>2026-04-12T15:55:44Z</time></rtept><rtept lat="37.565024" lon="-106.969466"><ele>3906.800000000001</ele><time>2026-04-12T15:55:44Z</time></rtept><rtept lat="37.565017" lon="-106.96944"><ele>3906.800000000001</ele><time>2026-04-12T15:55:44Z</time></rtept><rtept lat="37.565017" lon="-106.969355"><ele>3908.2000000000007</ele><time>2026-04-12T15:55:44Z</time></rtept><rtept lat="37.564999" lon="-106.969311"><ele>3909.6000000000004</ele><time>2026-04-12T15:55:44Z</time></rtept><rtept lat="37.565002" lon="-106.969292"><ele>3909.6000000000004</ele><time>2026-04-12T15:55:44Z</time></rtept><rtept lat="37.564989" lon="-106.96925"><ele>3907.6000000000004</ele><time>2026-04-12T15:55:44Z</time></rtept><rtept lat="37.564956" lon="-106.969214"><ele>3909.4000000000015</ele><time>2026-04-12T15:55:44Z</time></rtept><rtept lat="37.564836" lon="-106.969112"><ele>3908.800000000001</ele><time>2026-04-12T15:55:44Z</time></rtept><rtept lat="37.564832" lon="-106.969087"><ele>3908.800000000001</ele><time>2026-04-12T15:55:44Z</time></rtept><rtept lat="37.564857" lon="-106.969045"><ele>3912.4000000000015</ele><time>2026-04-12T15:55:44Z</time></rtept><rtept lat="37.564838" lon="-106.968998"><ele>3911.0</ele><time>2026-04-12T15:55:44Z</time></rtept><rtept lat="37.564802" lon="-106.968977"><ele>3913.2000000000007</ele><time>2026-04-12T15:55:44Z</time></rtept><rtept lat="37.564704" lon="-106.968887"><ele>3913.2000000000007</ele><time>2026-04-12T15:55:44Z</time></rtept><rtept lat="37.564656" lon="-106.968837"><ele>3913.2000000000007</ele><time>2026-04-12T15:55:44Z</time></rtept><rtept lat="37.564647" lon="-106.968815"><ele>3912.4000000000015</ele><time>2026-04-12T15:55:44Z</time></rtept><rtept lat="37.564618" lon="-106.968796"><ele>3915.4000000000015</ele><time>2026-04-12T15:55:44Z</time></rtept><rtept lat="37.564604" lon="-106.9688"><ele>3915.4000000000015</ele><time>2026-04-12T15:55:44Z</time></rtept><rtept lat="37.564456" lon="-106.968772"><ele>3913.6000000000004</ele><time>2026-04-12T15:55:44Z</time></rtept><rtept lat="37.564418" lon="-106.968784"><ele>3913.0</ele><time>2026-04-12T15:55:44Z</time></rtept><rtept lat="37.564357" lon="-106.968776"><ele>3912.6000000000004</ele><time>2026-04-12T15:55:44Z</time></rtept><rtept lat="37.56433" lon="-106.968765"><ele>3912.6000000000004</ele><time>2026-04-12T15:55:44Z</time></rtept><rtept lat="37.564315" lon="-106.968746"><ele>3912.6000000000004</ele><time>2026-04-12T15:55:44Z</time></rtept><rtept lat="37.564288" lon="-106.96875"><ele>3912.2000000000007</ele><time>2026-04-12T15:55:44Z</time></rtept><rtept lat="37.56423" lon="-106.968726"><ele>3914.2000000000007</ele><time>2026-04-12T15:55:44Z</time></rtept><rtept lat="37.564111" lon="-106.968647"><ele>3913.6000000000004</ele><time>2026-04-12T15:55:44Z</time></rtept><rtept lat="37.563987" lon="-106.968537"><ele>3916.2000000000007</ele><time>2026-04-12T15:55:44Z</time></rtept><rtept lat="37.563909" lon="-106.968478"><ele>3916.0</ele><time>2026-04-12T15:55:44Z</time></rtept><rtept lat="37.563849" lon="-106.968414"><ele>3915.6000000000004</ele><time>2026-04-12T15:55:44Z</time></rtept><rtept lat="37.563854" lon="-106.968391"><ele>3915.6000000000004</ele><time>2026-04-12T15:55:44Z</time></rtept><rtept lat="37.56389" lon="-106.968392"><ele>3915.6000000000004</ele><time>2026-04-12T15:55:44Z</time></rtept><rtept lat="37.564056" lon="-106.968442"><ele>3915.6000000000004</ele><time>2026-04-12T15:55:44Z</time></rtept><rtept lat="37.564119" lon="-106.968454"><ele>3915.6000000000004</ele><time>2026-04-12T15:55:44Z</time></rtept><rtept lat="37.564213" lon="-106.968492"><ele>3916.800000000001</ele><time>2026-04-12T15:55:44Z</time></rtept><rtept lat="37.56438" lon="-106.968462"><ele>3916.800000000001</ele><time>2026-04-12T15:55:44Z</time></rtept><rtept lat="37.564451" lon="-106.968408"><ele>3917.800000000001</ele><time>2026-04-12T15:55:44Z</time></rtept><rtept lat="37.564587" lon="-106.968341"><ele>3918.2000000000007</ele><time>2026-04-12T15:55:44Z</time></rtept><rtept lat="37.564694" lon="-106.968265"><ele>3915.0</ele><time>2026-04-12T15:55:44Z</time></rtept><rtept lat="37.564827" lon="-106.968133"><ele>3913.800000000001</ele><time>2026-04-12T15:55:44Z</time></rtept><rtept lat="37.564894" lon="-106.968083"><ele>3912.2000000000007</ele><time>2026-04-12T15:55:44Z</time></rtept><rtept lat="37.565209" lon="-106.967809"><ele>3911.4000000000015</ele><time>2026-04-12T15:55:44Z</time></rtept><rtept lat="37.565325" lon="-106.967632"><ele>3907.6000000000004</ele><time>2026-04-12T15:55:44Z</time></rtept><rtept lat="37.565403" lon="-106.967543"><ele>3907.0</ele><time>2026-04-12T15:55:44Z</time></rtept><rtept lat="37.565465" lon="-106.967484"><ele>3905.6000000000004</ele><time>2026-04-12T15:55:44Z</time></rtept><rtept lat="37.565573" lon="-106.967356"><ele>3900.2000000000007</ele><time>2026-04-12T15:55:44Z</time></rtept><rtept lat="37.565552" lon="-106.967353"><ele>3899.2000000000007</ele><time>2026-04-12T15:55:44Z</time></rtept><rtept lat="37.565527" lon="-106.96736"><ele>3904.6000000000004</ele><time>2026-04-12T15:55:44Z</time></rtept><rtept lat="37.565398" lon="-106.967427"><ele>3900.800000000001</ele><time>2026-04-12T15:55:44Z</time></rtept><rtept lat="37.565321" lon="-106.967448"><ele>3902.0</ele><time>2026-04-12T15:55:44Z</time></rtept><rtept lat="37.5653" lon="-106.967467"><ele>3902.0</ele><time>2026-04-12T15:55:44Z</time></rtept><rtept lat="37.56518" lon="-106.967512"><ele>3896.0</ele><time>2026-04-12T15:55:44Z</time></rtept><rtept lat="37.565126" lon="-106.967541"><ele>3898.4000000000015</ele><time>2026-04-12T15:55:44Z</time></rtept><rtept lat="37.565076" lon="-106.967541"><ele>3898.4000000000015</ele><time>2026-04-12T15:55:44Z</time></rtept><rtept lat="37.564959" lon="-106.96756"><ele>3893.4000000000015</ele><time>2026-04-12T15:55:44Z</time></rtept><rtept lat="37.564886" lon="-106.967585"><ele>3891.6000000000004</ele><time>2026-04-12T15:55:44Z</time></rtept><rtept lat="37.564791" lon="-106.967597"><ele>3890.0</ele><time>2026-04-12T15:55:44Z</time></rtept><rtept lat="37.564696" lon="-106.967625"><ele>3891.2000000000007</ele><time>2026-04-12T15:55:44Z</time></rtept><rtept lat="37.564629" lon="-106.967625"><ele>3889.800000000001</ele><time>2026-04-12T15:55:44Z</time></rtept><rtept lat="37.564518" lon="-106.967647"><ele>3888.4000000000015</ele><time>2026-04-12T15:55:44Z</time></rtept><rtept lat="37.564468" lon="-106.967642"><ele>3887.2000000000007</ele><time>2026-04-12T15:55:44Z</time></rtept><rtept lat="37.564397" lon="-106.967617"><ele>3886.2000000000007</ele><time>2026-04-12T15:55:44Z</time></rtept><rtept lat="37.564327" lon="-106.967615"><ele>3885.4000000000015</ele><time>2026-04-12T15:55:44Z</time></rtept><rtept lat="37.564304" lon="-106.967608"><ele>3880.0</ele><time>2026-04-12T15:55:44Z</time></rtept><rtept lat="37.56428" lon="-106.967609"><ele>3880.0</ele><time>2026-04-12T15:55:44Z</time></rtept><rtept lat="37.564218" lon="-106.967631"><ele>3884.2000000000007</ele><time>2026-04-12T15:55:44Z</time></rtept><rtept lat="37.564104" lon="-106.967624"><ele>3883.800000000001</ele><time>2026-04-12T15:55:44Z</time></rtept><rtept lat="37.563942" lon="-106.967579"><ele>3878.6000000000004</ele><time>2026-04-12T15:55:44Z</time></rtept><rtept lat="37.563886" lon="-106.967575"><ele>3878.4000000000015</ele><time>2026-04-12T15:55:44Z</time></rtept><rtept lat="37.563779" lon="-106.967535"><ele>3878.4000000000015</ele><time>2026-04-12T15:55:44Z</time></rtept><rtept lat="37.56377" lon="-106.967515"><ele>3872.4000000000015</ele><time>2026-04-12T15:55:44Z</time></rtept><rtept lat="37.563817" lon="-106.967507"><ele>3872.4000000000015</ele><time>2026-04-12T15:55:44Z</time></rtept><rtept lat="37.563905" lon="-106.967509"><ele>3872.6000000000004</ele><time>2026-04-12T15:55:44Z</time></rtept><rtept lat="37.563994" lon="-106.967465"><ele>3873.0</ele><time>2026-04-12T15:55:44Z</time></rtept><rtept lat="37.564057" lon="-106.96745"><ele>3873.6000000000004</ele><time>2026-04-12T15:55:44Z</time></rtept><rtept lat="37.564107" lon="-106.967425"><ele>3869.0</ele><time>2026-04-12T15:55:44Z</time></rtept><rtept lat="37.564186" lon="-106.967409"><ele>3869.800000000001</ele><time>2026-04-12T15:55:44Z</time></rtept><rtept lat="37.564232" lon="-106.967377"><ele>3869.800000000001</ele><time>2026-04-12T15:55:44Z</time></rtept><rtept lat="37.564357" lon="-106.967308"><ele>3867.0</ele><time>2026-04-12T15:55:44Z</time></rtept><rtept lat="37.564418" lon="-106.967284"><ele>3868.2000000000007</ele><time>2026-04-12T15:55:44Z</time></rtept><rtept lat="37.564461" lon="-106.967255"><ele>3864.800000000001</ele><time>2026-04-12T15:55:44Z</time></rtept><rtept lat="37.564555" lon="-106.967187"><ele>3866.2000000000007</ele><time>2026-04-12T15:55:44Z</time></rtept><rtept lat="37.564614" lon="-106.96713"><ele>3863.4000000000015</ele><time>2026-04-12T15:55:44Z</time></rtept><rtept lat="37.564806" lon="-106.966999"><ele>3860.2000000000007</ele><time>2026-04-12T15:55:44Z</time></rtept><rtept lat="37.564879" lon="-106.966923"><ele>3857.2000000000007</ele><time>2026-04-12T15:55:44Z</time></rtept><rtept lat="37.564877" lon="-106.966909"><ele>3857.2000000000007</ele><time>2026-04-12T15:55:44Z</time></rtept><rtept lat="37.564723" lon="-106.966958"><ele>3858.0</ele><time>2026-04-12T15:55:44Z</time></rtept><rtept lat="37.564436" lon="-106.967008"><ele>3849.4000000000015</ele><time>2026-04-12T15:55:44Z</time></rtept><rtept lat="37.564301" lon="-106.967023"><ele>3851.0</ele><time>2026-04-12T15:55:44Z</time></rtept><rtept lat="37.564231" lon="-106.967009"><ele>3844.800000000001</ele><time>2026-04-12T15:55:44Z</time></rtept><rtept lat="37.564281" lon="-106.966971"><ele>3846.2000000000007</ele><time>2026-04-12T15:55:44Z</time></rtept><rtept lat="37.564409" lon="-106.966907"><ele>3844.6000000000004</ele><time>2026-04-12T15:55:44Z</time></rtept><rtept lat="37.564491" lon="-106.966839"><ele>3846.2000000000007</ele><time>2026-04-12T15:55:44Z</time></rtept><rtept lat="37.564541" lon="-106.966815"><ele>3843.4000000000015</ele><time>2026-04-12T15:55:44Z</time></rtept><rtept lat="37.564584" lon="-106.966782"><ele>3845.2000000000007</ele><time>2026-04-12T15:55:44Z</time></rtept><rtept lat="37.564774" lon="-106.96661"><ele>3840.2000000000007</ele><time>2026-04-12T15:55:44Z</time></rtept><rtept lat="37.564848" lon="-106.966516"><ele>3837.800000000001</ele><time>2026-04-12T15:55:44Z</time></rtept><rtept lat="37.564981" lon="-106.966372"><ele>3833.800000000001</ele><time>2026-04-12T15:55:44Z</time></rtept><rtept lat="37.565025" lon="-106.966286"><ele>3832.2000000000007</ele><time>2026-04-12T15:55:44Z</time></rtept><rtept lat="37.565113" lon="-106.96615"><ele>3827.6000000000004</ele><time>2026-04-12T15:55:44Z</time></rtept><rtept lat="37.565337" lon="-106.965665"><ele>3824.6000000000004</ele><time>2026-04-12T15:55:44Z</time></rtept><rtept lat="37.565456" lon="-106.965267"><ele>3814.2000000000007</ele><time>2026-04-12T15:55:44Z</time></rtept><rtept lat="37.565544" lon="-106.965028"><ele>3814.6000000000004</ele><time>2026-04-12T15:55:44Z</time></rtept><rtept lat="37.565578" lon="-106.964883"><ele>3812.4000000000015</ele><time>2026-04-12T15:55:44Z</time></rtept><rtept lat="37.565594" lon="-106.964738"><ele>3808.2000000000007</ele><time>2026-04-12T15:55:44Z</time></rtept><rtept lat="37.565621" lon="-106.964587"><ele>3808.6000000000004</ele><time>2026-04-12T15:55:44Z</time></rtept><rtept lat="37.565627" lon="-106.964488"><ele>3806.800000000001</ele><time>2026-04-12T15:55:44Z</time></rtept><rtept lat="37.56567" lon="-106.964346"><ele>3803.6000000000004</ele><time>2026-04-12T15:55:44Z</time></rtept><rtept lat="37.565654" lon="-106.964102"><ele>3801.2000000000007</ele><time>2026-04-12T15:55:44Z</time></rtept><rtept lat="37.565657" lon="-106.963912"><ele>3799.4000000000015</ele><time>2026-04-12T15:55:44Z</time></rtept><rtept lat="37.565647" lon="-106.963816"><ele>3799.0</ele><time>2026-04-12T15:55:44Z</time></rtept><rtept lat="37.56563" lon="-106.963765"><ele>3799.0</ele><time>2026-04-12T15:55:44Z</time></rtept><rtept lat="37.565599" lon="-106.963476"><ele>3794.0</ele><time>2026-04-12T15:55:44Z</time></rtept><rtept lat="37.565542" lon="-106.963223"><ele>3794.0</ele><time>2026-04-12T15:55:44Z</time></rtept><rtept lat="37.565507" lon="-106.962914"><ele>3790.2000000000007</ele><time>2026-04-12T15:55:44Z</time></rtept><rtept lat="37.565482" lon="-106.962784"><ele>3790.2000000000007</ele><time>2026-04-12T15:55:44Z</time></rtept><rtept lat="37.565471" lon="-106.962632"><ele>3789.800000000001</ele><time>2026-04-12T15:55:44Z</time></rtept><rtept lat="37.565448" lon="-106.962521"><ele>3785.800000000001</ele><time>2026-04-12T15:55:44Z</time></rtept><rtept lat="37.565434" lon="-106.962396"><ele>3785.4000000000015</ele><time>2026-04-12T15:55:44Z</time></rtept><rtept lat="37.565438" lon="-106.96234"><ele>3785.0</ele><time>2026-04-12T15:55:44Z</time></rtept><rtept lat="37.565431" lon="-106.962207"><ele>3784.2000000000007</ele><time>2026-04-12T15:55:44Z</time></rtept><rtept lat="37.565408" lon="-106.961926"><ele>3781.2000000000007</ele><time>2026-04-12T15:55:44Z</time></rtept><rtept lat="37.565406" lon="-106.961835"><ele>3779.800000000001</ele><time>2026-04-12T15:55:44Z</time></rtept><rtept lat="37.565413" lon="-106.961635"><ele>3777.4000000000015</ele><time>2026-04-12T15:55:44Z</time></rtept><rtept lat="37.565407" lon="-106.961587"><ele>3776.2000000000007</ele><time>2026-04-12T15:55:44Z</time></rtept><rtept lat="37.56546" lon="-106.961154"><ele>3769.800000000001</ele><time>2026-04-12T15:55:44Z</time></rtept><rtept lat="37.565489" lon="-106.961008"><ele>3771.0</ele><time>2026-04-12T15:55:44Z</time></rtept><rtept lat="37.565546" lon="-106.960814"><ele>3767.800000000001</ele><time>2026-04-12T15:55:44Z</time></rtept><rtept lat="37.565648" lon="-106.960544"><ele>3761.800000000001</ele><time>2026-04-12T15:55:44Z</time></rtept><rtept lat="37.565708" lon="-106.960434"><ele>3761.0</ele><time>2026-04-12T15:55:44Z</time></rtept><rtept lat="37.565756" lon="-106.960373"><ele>3759.800000000001</ele><time>2026-04-12T15:55:44Z</time></rtept><rtept lat="37.565784" lon="-106.960319"><ele>3759.800000000001</ele><time>2026-04-12T15:55:44Z</time></rtept><rtept lat="37.565939" lon="-106.960114"><ele>3754.2000000000007</ele><time>2026-04-12T15:55:44Z</time></rtept><rtept lat="37.566035" lon="-106.96"><ele>3754.4000000000015</ele><time>2026-04-12T15:55:44Z</time></rtept><rtept lat="37.566127" lon="-106.959911"><ele>3752.6000000000004</ele><time>2026-04-12T15:55:44Z</time></rtept><rtept lat="37.566256" lon="-106.959716"><ele>3750.4000000000015</ele><time>2026-04-12T15:55:44Z</time></rtept><rtept lat="37.566299" lon="-106.959609"><ele>3747.4000000000015</ele><time>2026-04-12T15:55:44Z</time></rtept><rtept lat="37.566328" lon="-106.959588"><ele>3747.4000000000015</ele><time>2026-04-12T15:55:44Z</time></rtept><rtept lat="37.566347" lon="-106.959526"><ele>3745.4000000000015</ele><time>2026-04-12T15:55:44Z</time></rtept><rtept lat="37.566413" lon="-106.959384"><ele>3745.0</ele><time>2026-04-12T15:55:44Z</time></rtept><rtept lat="37.566523" lon="-106.959229"><ele>3742.4000000000015</ele><time>2026-04-12T15:55:44Z</time></rtept><rtept lat="37.566627" lon="-106.959105"><ele>3739.6000000000004</ele><time>2026-04-12T15:55:44Z</time></rtept><rtept lat="37.566679" lon="-106.959056"><ele>3739.6000000000004</ele><time>2026-04-12T15:55:44Z</time></rtept><rtept lat="37.56671" lon="-106.959013"><ele>3738.2000000000007</ele><time>2026-04-12T15:55:44Z</time></rtept><rtept lat="37.56681" lon="-106.95892"><ele>3736.4000000000015</ele><time>2026-04-12T15:55:44Z</time></rtept><rtept lat="37.566956" lon="-106.958816"><ele>3735.2000000000007</ele><time>2026-04-12T15:55:44Z</time></rtept><rtept lat="37.567016" lon="-106.958759"><ele>3733.4000000000015</ele><time>2026-04-12T15:55:44Z</time></rtept><rtept lat="37.567057" lon="-106.958735"><ele>3733.6000000000004</ele><time>2026-04-12T15:55:44Z</time></rtept><rtept lat="37.567134" lon="-106.958673"><ele>3731.0</ele><time>2026-04-12T15:55:44Z</time></rtept><rtept lat="37.567171" lon="-106.958634"><ele>3731.0</ele><time>2026-04-12T15:55:44Z</time></rtept><rtept lat="37.567203" lon="-106.958613"><ele>3731.0</ele><time>2026-04-12T15:55:44Z</time></rtept><rtept lat="37.567364" lon="-106.958575"><ele>3728.6000000000004</ele><time>2026-04-12T15:55:44Z</time></rtept><rtept lat="37.567872" lon="-106.958493"><ele>3723.800000000001</ele><time>2026-04-12T15:55:44Z</time></rtept><rtept lat="37.567899" lon="-106.958475"><ele>3723.800000000001</ele><time>2026-04-12T15:55:44Z</time></rtept><rtept lat="37.567922" lon="-106.958455"><ele>3723.4000000000015</ele><time>2026-04-12T15:55:44Z</time></rtept><rtept lat="37.56806" lon="-106.958288"><ele>3720.2000000000007</ele><time>2026-04-12T15:55:44Z</time></rtept><rtept lat="37.568134" lon="-106.958185"><ele>3718.0</ele><time>2026-04-12T15:55:44Z</time></rtept><rtept lat="37.568405" lon="-106.957862"><ele>3710.800000000001</ele><time>2026-04-12T15:55:44Z</time></rtept><rtept lat="37.568474" lon="-106.957793"><ele>3709.800000000001</ele><time>2026-04-12T15:55:44Z</time></rtept><rtept lat="37.568577" lon="-106.957668"><ele>3708.800000000001</ele><time>2026-04-12T15:55:44Z</time></rtept><rtept lat="37.568586" lon="-106.95765"><ele>3707.4000000000015</ele><time>2026-04-12T15:55:44Z</time></rtept><rtept lat="37.56858" lon="-106.957632"><ele>3707.4000000000015</ele><time>2026-04-12T15:55:44Z</time></rtept><rtept lat="37.568516" lon="-106.957571"><ele>3707.2000000000007</ele><time>2026-04-12T15:55:44Z</time></rtept><rtept lat="37.568512" lon="-106.957526"><ele>3705.800000000001</ele><time>2026-04-12T15:55:44Z</time></rtept><rtept lat="37.568896" lon="-106.957187"><ele>3699.6000000000004</ele><time>2026-04-12T15:55:44Z</time></rtept><rtept lat="37.569026" lon="-106.957089"><ele>3697.800000000001</ele><time>2026-04-12T15:55:44Z</time></rtept><rtept lat="37.569065" lon="-106.957048"><ele>3697.2000000000007</ele><time>2026-04-12T15:55:44Z</time></rtept><rtept lat="37.569105" lon="-106.956982"><ele>3696.4000000000015</ele><time>2026-04-12T15:55:44Z</time></rtept><rtept lat="37.569124" lon="-106.956909"><ele>3695.6000000000004</ele><time>2026-04-12T15:55:44Z</time></rtept><rtept lat="37.569128" lon="-106.956779"><ele>3694.0</ele><time>2026-04-12T15:55:44Z</time></rtept><rtept lat="37.569121" lon="-106.956652"><ele>3692.800000000001</ele><time>2026-04-12T15:55:44Z</time></rtept><rtept lat="37.569085" lon="-106.956551"><ele>3691.6000000000004</ele><time>2026-04-12T15:55:44Z</time></rtept><rtept lat="37.56903" lon="-106.956453"><ele>3689.0</ele><time>2026-04-12T15:55:44Z</time></rtept><rtept lat="37.569005" lon="-106.956432"><ele>3689.0</ele><time>2026-04-12T15:55:44Z</time></rtept><rtept lat="37.568975" lon="-106.956368"><ele>3688.800000000001</ele><time>2026-04-12T15:55:44Z</time></rtept><rtept lat="37.568931" lon="-106.956314"><ele>3686.800000000001</ele><time>2026-04-12T15:55:44Z</time></rtept><rtept lat="37.568916" lon="-106.956279"><ele>3685.4000000000015</ele><time>2026-04-12T15:55:44Z</time></rtept><rtept lat="37.568876" lon="-106.956219"><ele>3685.4000000000015</ele><time>2026-04-12T15:55:44Z</time></rtept><rtept lat="37.568853" lon="-106.956142"><ele>3683.6000000000004</ele><time>2026-04-12T15:55:44Z</time></rtept><rtept lat="37.568861" lon="-106.956059"><ele>3682.4000000000015</ele><time>2026-04-12T15:55:44Z</time></rtept><rtept lat="37.568893" lon="-106.955987"><ele>3681.800000000001</ele><time>2026-04-12T15:55:44Z</time></rtept><rtept lat="37.569002" lon="-106.955861"><ele>3680.800000000001</ele><time>2026-04-12T15:55:44Z</time></rtept><rtept lat="37.569179" lon="-106.955621"><ele>3678.4000000000015</ele><time>2026-04-12T15:55:44Z</time></rtept><rtept lat="37.569228" lon="-106.955541"><ele>3677.800000000001</ele><time>2026-04-12T15:55:44Z</time></rtept><rtept lat="37.569487" lon="-106.955221"><ele>3675.4000000000015</ele><time>2026-04-12T15:55:44Z</time></rtept><rtept lat="37.569725" lon="-106.954772"><ele>3673.0</ele><time>2026-04-12T15:55:44Z</time></rtept><rtept lat="37.569747" lon="-106.954657"><ele>3672.4000000000015</ele><time>2026-04-12T15:55:44Z</time></rtept><rtept lat="37.569741" lon="-106.954569"><ele>3672.2000000000007</ele><time>2026-04-12T15:55:44Z</time></rtept><rtept lat="37.569721" lon="-106.954475"><ele>3671.800000000001</ele><time>2026-04-12T15:55:44Z</time></rtept><rtept lat="37.569556" lon="-106.954089"><ele>3670.2000000000007</ele><time>2026-04-12T15:55:44Z</time></rtept><rtept lat="37.569484" lon="-106.953904"><ele>3669.6000000000004</ele><time>2026-04-12T15:55:44Z</time></rtept><rtept lat="37.569443" lon="-106.95382"><ele>3669.2000000000007</ele><time>2026-04-12T15:55:44Z</time></rtept><rtept lat="37.569395" lon="-106.953702"><ele>3669.0</ele><time>2026-04-12T15:55:44Z</time></rtept><rtept lat="37.569378" lon="-106.953675"><ele>3669.0</ele><time>2026-04-12T15:55:44Z</time></rtept><rtept lat="37.569265" lon="-106.953398"><ele>3669.2000000000007</ele><time>2026-04-12T15:55:44Z</time></rtept><rtept lat="37.569245" lon="-106.953365"><ele>3669.2000000000007</ele><time>2026-04-12T15:55:44Z</time></rtept><rtept lat="37.569222" lon="-106.95327"><ele>3671.0</ele><time>2026-04-12T15:55:44Z</time></rtept><rtept lat="37.569233" lon="-106.953145"><ele>3672.0</ele><time>2026-04-12T15:55:44Z</time></rtept><rtept lat="37.569232" lon="-106.952974"><ele>3673.4000000000015</ele><time>2026-04-12T15:55:44Z</time></rtept><rtept lat="37.569256" lon="-106.952464"><ele>3675.4000000000015</ele><time>2026-04-12T15:55:44Z</time></rtept><rtept lat="37.56925" lon="-106.952427"><ele>3675.4000000000015</ele><time>2026-04-12T15:55:44Z</time></rtept><rtept lat="37.569256" lon="-106.952306"><ele>3675.6000000000004</ele><time>2026-04-12T15:55:44Z</time></rtept><rtept lat="37.569271" lon="-106.952227"><ele>3675.6000000000004</ele><time>2026-04-12T15:55:44Z</time></rtept><rtept lat="37.569257" lon="-106.952149"><ele>3675.800000000001</ele><time>2026-04-12T15:55:44Z</time></rtept><rtept lat="37.56926" lon="-106.952066"><ele>3676.0</ele><time>2026-04-12T15:55:44Z</time></rtept><rtept lat="37.569254" lon="-106.952031"><ele>3676.0</ele><time>2026-04-12T15:55:44Z</time></rtept><rtept lat="37.569261" lon="-106.951909"><ele>3676.0</ele><time>2026-04-12T15:55:44Z</time></rtept><rtept lat="37.569252" lon="-106.951741"><ele>3676.2000000000007</ele><time>2026-04-12T15:55:44Z</time></rtept><rtept lat="37.569254" lon="-106.951614"><ele>3676.0</ele><time>2026-04-12T15:55:44Z</time></rtept><rtept lat="37.569281" lon="-106.951368"><ele>3677.0</ele><time>2026-04-12T15:55:44Z</time></rtept><rtept lat="37.569315" lon="-106.951218"><ele>3677.0</ele><time>2026-04-12T15:55:44Z</time></rtept><rtept lat="37.569322" lon="-106.951057"><ele>3677.2000000000007</ele><time>2026-04-12T15:55:44Z</time></rtept><rtept lat="37.569333" lon="-106.950968"><ele>3677.2000000000007</ele><time>2026-04-12T15:55:44Z</time></rtept><rtept lat="37.569369" lon="-106.950794"><ele>3679.4000000000015</ele><time>2026-04-12T15:55:44Z</time></rtept><rtept lat="37.56938" lon="-106.950692"><ele>3680.2000000000007</ele><time>2026-04-12T15:55:44Z</time></rtept><rtept lat="37.569412" lon="-106.950526"><ele>3681.4000000000015</ele><time>2026-04-12T15:55:44Z</time></rtept><rtept lat="37.56945" lon="-106.950238"><ele>3684.2000000000007</ele><time>2026-04-12T15:55:44Z</time></rtept><rtept lat="37.569498" lon="-106.949956"><ele>3685.6000000000004</ele><time>2026-04-12T15:55:44Z</time></rtept><rtept lat="37.569504" lon="-106.949868"><ele>3685.4000000000015</ele><time>2026-04-12T15:55:44Z</time></rtept><rtept lat="37.569608" lon="-106.949438"><ele>3685.6000000000004</ele><time>2026-04-12T15:55:44Z</time></rtept><rtept lat="37.569657" lon="-106.949192"><ele>3687.4000000000015</ele><time>2026-04-12T15:55:44Z</time></rtept><rtept lat="37.569664" lon="-106.948906"><ele>3687.800000000001</ele><time>2026-04-12T15:55:44Z</time></rtept><rtept lat="37.569681" lon="-106.94884"><ele>3687.4000000000015</ele><time>2026-04-12T15:55:44Z</time></rtept><rtept lat="37.569678" lon="-106.948723"><ele>3686.0</ele><time>2026-04-12T15:55:44Z</time></rtept><rtept lat="37.569696" lon="-106.94862"><ele>3688.800000000001</ele><time>2026-04-12T15:55:44Z</time></rtept><rtept lat="37.569741" lon="-106.948441"><ele>3686.4000000000015</ele><time>2026-04-12T15:55:44Z</time></rtept><rtept lat="37.569752" lon="-106.948368"><ele>3685.6000000000004</ele><time>2026-04-12T15:55:44Z</time></rtept><rtept lat="37.569744" lon="-106.948265"><ele>3685.0</ele><time>2026-04-12T15:55:44Z</time></rtept><rtept lat="37.569727" lon="-106.948224"><ele>3685.0</ele><time>2026-04-12T15:55:44Z</time></rtept><rtept lat="37.569721" lon="-106.948186"><ele>3684.6000000000004</ele><time>2026-04-12T15:55:44Z</time></rtept><rtept lat="37.569726" lon="-106.948152"><ele>3684.6000000000004</ele><time>2026-04-12T15:55:44Z</time></rtept><rtept lat="37.569756" lon="-106.948086"><ele>3687.2000000000007</ele><time>2026-04-12T15:55:44Z</time></rtept><rtept lat="37.569759" lon="-106.948062"><ele>3687.2000000000007</ele><time>2026-04-12T15:55:44Z</time></rtept><rtept lat="37.569733" lon="-106.947753"><ele>3682.0</ele><time>2026-04-12T15:55:44Z</time></rtept><rtept lat="37.569678" lon="-106.947627"><ele>3679.6000000000004</ele><time>2026-04-12T15:55:44Z</time></rtept><rtept lat="37.569595" lon="-106.9475"><ele>3676.800000000001</ele><time>2026-04-12T15:55:44Z</time></rtept><rtept lat="37.569549" lon="-106.947401"><ele>3676.0</ele><time>2026-04-12T15:55:44Z</time></rtept><rtept lat="37.569345" lon="-106.947099"><ele>3674.2000000000007</ele><time>2026-04-12T15:55:44Z</time></rtept><rtept lat="37.569289" lon="-106.947048"><ele>3674.2000000000007</ele><time>2026-04-12T15:55:44Z</time></rtept><rtept lat="37.569265" lon="-106.947014"><ele>3673.800000000001</ele><time>2026-04-12T15:55:44Z</time></rtept><rtept lat="37.569219" lon="-106.94694"><ele>3674.4000000000015</ele><time>2026-04-12T15:55:44Z</time></rtept><rtept lat="37.569182" lon="-106.946862"><ele>3675.0</ele><time>2026-04-12T15:55:44Z</time></rtept><rtept lat="37.569129" lon="-106.946792"><ele>3675.4000000000015</ele><time>2026-04-12T15:55:44Z</time></rtept><rtept lat="37.569068" lon="-106.94668"><ele>3675.6000000000004</ele><time>2026-04-12T15:55:44Z</time></rtept><rtept lat="37.569022" lon="-106.946569"><ele>3676.4000000000015</ele><time>2026-04-12T15:55:44Z</time></rtept><rtept lat="37.568961" lon="-106.946474"><ele>3676.6000000000004</ele><time>2026-04-12T15:55:44Z</time></rtept><rtept lat="37.568896" lon="-106.946328"><ele>3676.800000000001</ele><time>2026-04-12T15:55:44Z</time></rtept><rtept lat="37.56871" lon="-106.945986"><ele>3679.2000000000007</ele><time>2026-04-12T15:55:44Z</time></rtept><rtept lat="37.568647" lon="-106.94579"><ele>3682.0</ele><time>2026-04-12T15:55:44Z</time></rtept><rtept lat="37.568635" lon="-106.945719"><ele>3683.0</ele><time>2026-04-12T15:55:44Z</time></rtept><rtept lat="37.568599" lon="-106.945577"><ele>3683.6000000000004</ele><time>2026-04-12T15:55:44Z</time></rtept><rtept lat="37.568442" lon="-106.945155"><ele>3686.800000000001</ele><time>2026-04-12T15:55:44Z</time></rtept><rtept lat="37.568377" lon="-106.94496"><ele>3687.4000000000015</ele><time>2026-04-12T15:55:44Z</time></rtept><rtept lat="37.56833" lon="-106.944841"><ele>3688.4000000000015</ele><time>2026-04-12T15:55:44Z</time></rtept><rtept lat="37.568272" lon="-106.94465"><ele>3689.0</ele><time>2026-04-12T15:55:44Z</time></rtept><rtept lat="37.568206" lon="-106.944525"><ele>3689.800000000001</ele><time>2026-04-12T15:55:44Z</time></rtept><rtept lat="37.568165" lon="-106.944467"><ele>3690.800000000001</ele><time>2026-04-12T15:55:44Z</time></rtept><rtept lat="37.56813" lon="-106.944393"><ele>3691.2000000000007</ele><time>2026-04-12T15:55:44Z</time></rtept><rtept lat="37.568013" lon="-106.944202"><ele>3694.6000000000004</ele><time>2026-04-12T15:55:44Z</time></rtept><rtept lat="37.567963" lon="-106.944097"><ele>3696.0</ele><time>2026-04-12T15:55:44Z</time></rtept><rtept lat="37.567892" lon="-106.943922"><ele>3698.4000000000015</ele><time>2026-04-12T15:55:44Z</time></rtept><rtept lat="37.567861" lon="-106.943722"><ele>3699.4000000000015</ele><time>2026-04-12T15:55:44Z</time></rtept><rtept lat="37.567849" lon="-106.943517"><ele>3700.2000000000007</ele><time>2026-04-12T15:55:44Z</time></rtept><rtept lat="37.56782" lon="-106.943367"><ele>3701.4000000000015</ele><time>2026-04-12T15:55:44Z</time></rtept><rtept lat="37.567818" lon="-106.943327"><ele>3701.4000000000015</ele><time>2026-04-12T15:55:44Z</time></rtept><rtept lat="37.567721" lon="-106.942925"><ele>3705.2000000000007</ele><time>2026-04-12T15:55:44Z</time></rtept><rtept lat="37.567696" lon="-106.942687"><ele>3709.2000000000007</ele><time>2026-04-12T15:55:44Z</time></rtept><rtept lat="37.567643" lon="-106.942453"><ele>3709.800000000001</ele><time>2026-04-12T15:55:44Z</time></rtept><rtept lat="37.567614" lon="-106.942348"><ele>3709.0</ele><time>2026-04-12T15:55:44Z</time></rtept><rtept lat="37.567601" lon="-106.942271"><ele>3707.6000000000004</ele><time>2026-04-12T15:55:44Z</time></rtept><rtept lat="37.567554" lon="-106.942119"><ele>3705.4000000000015</ele><time>2026-04-12T15:55:44Z</time></rtept><rtept lat="37.567551" lon="-106.942072"><ele>3705.4000000000015</ele><time>2026-04-12T15:55:44Z</time></rtept><rtept lat="37.567532" lon="-106.941989"><ele>3703.800000000001</ele><time>2026-04-12T15:55:44Z</time></rtept><rtept lat="37.567462" lon="-106.941838"><ele>3702.4000000000015</ele><time>2026-04-12T15:55:44Z</time></rtept><rtept lat="37.567454" lon="-106.941797"><ele>3702.4000000000015</ele><time>2026-04-12T15:55:44Z</time></rtept><rtept lat="37.567382" lon="-106.941628"><ele>3701.6000000000004</ele><time>2026-04-12T15:55:44Z</time></rtept><rtept lat="37.567312" lon="-106.941386"><ele>3701.0</ele><time>2026-04-12T15:55:44Z</time></rtept><rtept lat="37.567306" lon="-106.941307"><ele>3700.800000000001</ele><time>2026-04-12T15:55:44Z</time></rtept><rtept lat="37.567206" lon="-106.940832"><ele>3706.6000000000004</ele><time>2026-04-12T15:55:44Z</time></rtept><rtept lat="37.567152" lon="-106.940536"><ele>3708.2000000000007</ele><time>2026-04-12T15:55:44Z</time></rtept><rtept lat="37.567139" lon="-106.940494"><ele>3708.2000000000007</ele><time>2026-04-12T15:55:44Z</time></rtept><rtept lat="37.567116" lon="-106.94042"><ele>3707.2000000000007</ele><time>2026-04-12T15:55:44Z</time></rtept><rtept lat="37.567081" lon="-106.940356"><ele>3709.4000000000015</ele><time>2026-04-12T15:55:44Z</time></rtept><rtept lat="37.567057" lon="-106.940282"><ele>3708.800000000001</ele><time>2026-04-12T15:55:44Z</time></rtept><rtept lat="37.567018" lon="-106.940216"><ele>3710.6000000000004</ele><time>2026-04-12T15:55:44Z</time></rtept><rtept lat="37.566933" lon="-106.940036"><ele>3712.4000000000015</ele><time>2026-04-12T15:55:44Z</time></rtept><rtept lat="37.566903" lon="-106.939926"><ele>3712.4000000000015</ele><time>2026-04-12T15:55:44Z</time></rtept><rtept lat="37.566891" lon="-106.939852"><ele>3714.2000000000007</ele><time>2026-04-12T15:55:44Z</time></rtept><rtept lat="37.566848" lon="-106.939712"><ele>3715.0</ele><time>2026-04-12T15:55:44Z</time></rtept><rtept lat="37.566826" lon="-106.939565"><ele>3718.2000000000007</ele><time>2026-04-12T15:55:44Z</time></rtept><rtept lat="37.566819" lon="-106.939408"><ele>3720.2000000000007</ele><time>2026-04-12T15:55:44Z</time></rtept><rtept lat="37.566817" lon="-106.93927"><ele>3722.0</ele><time>2026-04-12T15:55:44Z</time></rtept><rtept lat="37.566824" lon="-106.93911"><ele>3724.0</ele><time>2026-04-12T15:55:44Z</time></rtept><rtept lat="37.566853" lon="-106.938986"><ele>3722.0</ele><time>2026-04-12T15:55:44Z</time></rtept><rtept lat="37.566934" lon="-106.938729"><ele>3723.4000000000015</ele><time>2026-04-12T15:55:44Z</time></rtept><rtept lat="37.567087" lon="-106.938334"><ele>3722.800000000001</ele><time>2026-04-12T15:55:44Z</time></rtept><rtept lat="37.567215" lon="-106.938097"><ele>3723.6000000000004</ele><time>2026-04-12T15:55:44Z</time></rtept><rtept lat="37.567294" lon="-106.937923"><ele>3723.6000000000004</ele><time>2026-04-12T15:55:44Z</time></rtept><rtept lat="37.567363" lon="-106.937712"><ele>3721.800000000001</ele><time>2026-04-12T15:55:44Z</time></rtept><rtept lat="37.567408" lon="-106.93762"><ele>3722.2000000000007</ele><time>2026-04-12T15:55:44Z</time></rtept><rtept lat="37.567451" lon="-106.937454"><ele>3721.0</ele><time>2026-04-12T15:55:44Z</time></rtept><rtept lat="37.567506" lon="-106.937369"><ele>3719.2000000000007</ele><time>2026-04-12T15:55:44Z</time></rtept><rtept lat="37.567555" lon="-106.937279"><ele>3719.6000000000004</ele><time>2026-04-12T15:55:44Z</time></rtept><rtept lat="37.567572" lon="-106.937241"><ele>3719.6000000000004</ele><time>2026-04-12T15:55:44Z</time></rtept><rtept lat="37.567591" lon="-106.93717"><ele>3720.0</ele><time>2026-04-12T15:55:44Z</time></rtept><rtept lat="37.567675" lon="-106.936987"><ele>3718.800000000001</ele><time>2026-04-12T15:55:44Z</time></rtept><rtept lat="37.567687" lon="-106.936944"><ele>3716.800000000001</ele><time>2026-04-12T15:55:44Z</time></rtept><rtept lat="37.567736" lon="-106.936825"><ele>3717.4000000000015</ele><time>2026-04-12T15:55:44Z</time></rtept><rtept lat="37.567796" lon="-106.936609"><ele>3714.6000000000004</ele><time>2026-04-12T15:55:44Z</time></rtept><rtept lat="37.567838" lon="-106.936489"><ele>3712.4000000000015</ele><time>2026-04-12T15:55:44Z</time></rtept><rtept lat="37.567915" lon="-106.936332"><ele>3711.6000000000004</ele><time>2026-04-12T15:55:44Z</time></rtept><rtept lat="37.567963" lon="-106.936179"><ele>3711.2000000000007</ele><time>2026-04-12T15:55:44Z</time></rtept><rtept lat="37.568008" lon="-106.93606"><ele>3711.800000000001</ele><time>2026-04-12T15:55:44Z</time></rtept><rtept lat="37.568043" lon="-106.935843"><ele>3710.2000000000007</ele><time>2026-04-12T15:55:44Z</time></rtept><rtept lat="37.568045" lon="-106.93573"><ele>3710.6000000000004</ele><time>2026-04-12T15:55:44Z</time></rtept><rtept lat="37.568041" lon="-106.935649"><ele>3711.0</ele><time>2026-04-12T15:55:44Z</time></rtept><rtept lat="37.568023" lon="-106.935532"><ele>3711.2000000000007</ele><time>2026-04-12T15:55:44Z</time></rtept><rtept lat="37.56801" lon="-106.935262"><ele>3710.2000000000007</ele><time>2026-04-12T15:55:44Z</time></rtept><rtept lat="37.567991" lon="-106.93514"><ele>3710.0</ele><time>2026-04-12T15:55:44Z</time></rtept><rtept lat="37.567977" lon="-106.934921"><ele>3710.800000000001</ele><time>2026-04-12T15:55:44Z</time></rtept><rtept lat="37.567969" lon="-106.934876"><ele>3711.2000000000007</ele><time>2026-04-12T15:55:44Z</time></rtept><rtept lat="37.56796" lon="-106.934697"><ele>3711.800000000001</ele><time>2026-04-12T15:55:44Z</time></rtept><rtept lat="37.568036" lon="-106.934455"><ele>3712.0</ele><time>2026-04-12T15:55:44Z</time></rtept><rtept lat="37.568069" lon="-106.934277"><ele>3712.0</ele><time>2026-04-12T15:55:44Z</time></rtept><rtept lat="37.568069" lon="-106.934236"><ele>3712.0</ele><time>2026-04-12T15:55:44Z</time></rtept><rtept lat="37.568147" lon="-106.934013"><ele>3711.4000000000015</ele><time>2026-04-12T15:55:44Z</time></rtept><rtept lat="37.568169" lon="-106.933935"><ele>3711.4000000000015</ele><time>2026-04-12T15:55:44Z</time></rtept><rtept lat="37.568178" lon="-106.933893"><ele>3711.4000000000015</ele><time>2026-04-12T15:55:44Z</time></rtept><rtept lat="37.568195" lon="-106.93372"><ele>3710.800000000001</ele><time>2026-04-12T15:55:44Z</time></rtept><rtept lat="37.568259" lon="-106.933504"><ele>3710.0</ele><time>2026-04-12T15:55:44Z</time></rtept><rtept lat="37.568295" lon="-106.93335"><ele>3709.4000000000015</ele><time>2026-04-12T15:55:44Z</time></rtept><rtept lat="37.568338" lon="-106.933101"><ele>3706.800000000001</ele><time>2026-04-12T15:55:44Z</time></rtept><rtept lat="37.568405" lon="-106.932841"><ele>3704.4000000000015</ele><time>2026-04-12T15:55:44Z</time></rtept><rtept lat="37.568468" lon="-106.932732"><ele>3703.0</ele><time>2026-04-12T15:55:44Z</time></rtept><rtept lat="37.568516" lon="-106.932678"><ele>3702.800000000001</ele><time>2026-04-12T15:55:44Z</time></rtept><rtept lat="37.568535" lon="-106.932648"><ele>3702.0</ele><time>2026-04-12T15:55:44Z</time></rtept><rtept lat="37.568567" lon="-106.932584"><ele>3701.800000000001</ele><time>2026-04-12T15:55:44Z</time></rtept><rtept lat="37.568589" lon="-106.932493"><ele>3701.2000000000007</ele><time>2026-04-12T15:55:44Z</time></rtept><rtept lat="37.568603" lon="-106.932456"><ele>3700.800000000001</ele><time>2026-04-12T15:55:44Z</time></rtept><rtept lat="37.568726" lon="-106.932249"><ele>3699.800000000001</ele><time>2026-04-12T15:55:44Z</time></rtept><rtept lat="37.568766" lon="-106.932145"><ele>3699.4000000000015</ele><time>2026-04-12T15:55:44Z</time></rtept><rtept lat="37.568812" lon="-106.932097"><ele>3699.0</ele><time>2026-04-12T15:55:44Z</time></rtept><rtept lat="37.568882" lon="-106.932052"><ele>3698.2000000000007</ele><time>2026-04-12T15:55:44Z</time></rtept><rtept lat="37.569005" lon="-106.931992"><ele>3698.2000000000007</ele><time>2026-04-12T15:55:44Z</time></rtept><rtept lat="37.569052" lon="-106.932004"><ele>3698.2000000000007</ele><time>2026-04-12T15:55:44Z</time></rtept><rtept lat="37.569077" lon="-106.932002"><ele>3698.0</ele><time>2026-04-12T15:55:44Z</time></rtept><rtept lat="37.569138" lon="-106.931972"><ele>3697.6000000000004</ele><time>2026-04-12T15:55:44Z</time></rtept><rtept lat="37.569291" lon="-106.931866"><ele>3695.800000000001</ele><time>2026-04-12T15:55:44Z</time></rtept><rtept lat="37.569354" lon="-106.931831"><ele>3694.800000000001</ele><time>2026-04-12T15:55:44Z</time></rtept><rtept lat="37.569557" lon="-106.931696"><ele>3689.0</ele><time>2026-04-12T15:55:44Z</time></rtept><rtept lat="37.569596" lon="-106.931649"><ele>3689.0</ele><time>2026-04-12T15:55:44Z</time></rtept><rtept lat="37.569609" lon="-106.931572"><ele>3687.6000000000004</ele><time>2026-04-12T15:55:44Z</time></rtept><rtept lat="37.569603" lon="-106.931497"><ele>3685.800000000001</ele><time>2026-04-12T15:55:44Z</time></rtept><rtept lat="37.569584" lon="-106.931422"><ele>3684.2000000000007</ele><time>2026-04-12T15:55:44Z</time></rtept><rtept lat="37.569554" lon="-106.931347"><ele>3682.800000000001</ele><time>2026-04-12T15:55:44Z</time></rtept><rtept lat="37.569508" lon="-106.931284"><ele>3681.800000000001</ele><time>2026-04-12T15:55:44Z</time></rtept><rtept lat="37.569299" lon="-106.931117"><ele>3679.0</ele><time>2026-04-12T15:55:44Z</time></rtept><rtept lat="37.569259" lon="-106.931059"><ele>3679.2000000000007</ele><time>2026-04-12T15:55:44Z</time></rtept><rtept lat="37.569248" lon="-106.931021"><ele>3677.4000000000015</ele><time>2026-04-12T15:55:44Z</time></rtept><rtept lat="37.569252" lon="-106.930934"><ele>3675.800000000001</ele><time>2026-04-12T15:55:44Z</time></rtept><rtept lat="37.569266" lon="-106.930886"><ele>3675.800000000001</ele><time>2026-04-12T15:55:44Z</time></rtept><rtept lat="37.569287" lon="-106.930842"><ele>3674.0</ele><time>2026-04-12T15:55:44Z</time></rtept><rtept lat="37.569431" lon="-106.930712"><ele>3672.4000000000015</ele><time>2026-04-12T15:55:44Z</time></rtept><rtept lat="37.569454" lon="-106.930678"><ele>3671.2000000000007</ele><time>2026-04-12T15:55:44Z</time></rtept><rtept lat="37.569483" lon="-106.930595"><ele>3670.2000000000007</ele><time>2026-04-12T15:55:44Z</time></rtept><rtept lat="37.569496" lon="-106.930461"><ele>3669.4000000000015</ele><time>2026-04-12T15:55:44Z</time></rtept><rtept lat="37.569532" lon="-106.930349"><ele>3667.6000000000004</ele><time>2026-04-12T15:55:44Z</time></rtept><rtept lat="37.569571" lon="-106.930275"><ele>3667.6000000000004</ele><time>2026-04-12T15:55:44Z</time></rtept><rtept lat="37.569613" lon="-106.930222"><ele>3666.800000000001</ele><time>2026-04-12T15:55:44Z</time></rtept><rtept lat="37.569638" lon="-106.930051"><ele>3664.6000000000004</ele><time>2026-04-12T15:55:44Z</time></rtept><rtept lat="37.569683" lon="-106.929948"><ele>3663.4000000000015</ele><time>2026-04-12T15:55:44Z</time></rtept><rtept lat="37.569718" lon="-106.929747"><ele>3659.2000000000007</ele><time>2026-04-12T15:55:44Z</time></rtept><rtept lat="37.569729" lon="-106.929715"><ele>3659.2000000000007</ele><time>2026-04-12T15:55:44Z</time></rtept><rtept lat="37.569785" lon="-106.929616"><ele>3656.6000000000004</ele><time>2026-04-12T15:55:44Z</time></rtept><rtept lat="37.569831" lon="-106.929564"><ele>3654.0</ele><time>2026-04-12T15:55:44Z</time></rtept><rtept lat="37.569872" lon="-106.929527"><ele>3654.0</ele><time>2026-04-12T15:55:44Z</time></rtept><rtept lat="37.5699" lon="-106.929491"><ele>3651.800000000001</ele><time>2026-04-12T15:55:44Z</time></rtept><rtept lat="37.570087" lon="-106.929342"><ele>3649.0</ele><time>2026-04-12T15:55:44Z</time></rtept><rtept lat="37.570094" lon="-106.929317"><ele>3645.800000000001</ele><time>2026-04-12T15:55:44Z</time></rtept><rtept lat="37.570077" lon="-106.929288"><ele>3646.0</ele><time>2026-04-12T15:55:44Z</time></rtept><rtept lat="37.570039" lon="-106.929267"><ele>3646.0</ele><time>2026-04-12T15:55:44Z</time></rtept><rtept lat="37.569825" lon="-106.929259"><ele>3646.0</ele><time>2026-04-12T15:55:44Z</time></rtept><rtept lat="37.569764" lon="-106.929246"><ele>3645.6000000000004</ele><time>2026-04-12T15:55:44Z</time></rtept><rtept lat="37.569628" lon="-106.929169"><ele>3642.2000000000007</ele><time>2026-04-12T15:55:44Z</time></rtept><rtept lat="37.569426" lon="-106.928999"><ele>3637.2000000000007</ele><time>2026-04-12T15:55:44Z</time></rtept><rtept lat="37.569286" lon="-106.928871"><ele>3632.2000000000007</ele><time>2026-04-12T15:55:44Z</time></rtept><rtept lat="37.569208" lon="-106.928818"><ele>3632.2000000000007</ele><time>2026-04-12T15:55:44Z</time></rtept><rtept lat="37.569161" lon="-106.928774"><ele>3630.0</ele><time>2026-04-12T15:55:44Z</time></rtept><rtept lat="37.569108" lon="-106.928742"><ele>3630.0</ele><time>2026-04-12T15:55:44Z</time></rtept><rtept lat="37.569012" lon="-106.92865"><ele>3627.6000000000004</ele><time>2026-04-12T15:55:44Z</time></rtept><rtept lat="37.568961" lon="-106.928617"><ele>3625.4000000000015</ele><time>2026-04-12T15:55:44Z</time></rtept><rtept lat="37.568863" lon="-106.928532"><ele>3623.6000000000004</ele><time>2026-04-12T15:55:44Z</time></rtept><rtept lat="37.568812" lon="-106.92848"><ele>3623.6000000000004</ele><time>2026-04-12T15:55:44Z</time></rtept><rtept lat="37.56873" lon="-106.928429"><ele>3623.2000000000007</ele><time>2026-04-12T15:55:44Z</time></rtept><rtept lat="37.56871" lon="-106.928409"><ele>3623.2000000000007</ele><time>2026-04-12T15:55:44Z</time></rtept><rtept lat="37.568693" lon="-106.928347"><ele>3622.2000000000007</ele><time>2026-04-12T15:55:44Z</time></rtept><rtept lat="37.568685" lon="-106.928287"><ele>3621.2000000000007</ele><time>2026-04-12T15:55:44Z</time></rtept><rtept lat="37.568651" lon="-106.928164"><ele>3621.2000000000007</ele><time>2026-04-12T15:55:44Z</time></rtept><rtept lat="37.568625" lon="-106.928106"><ele>3617.800000000001</ele><time>2026-04-12T15:55:44Z</time></rtept><rtept lat="37.568607" lon="-106.928083"><ele>3617.800000000001</ele><time>2026-04-12T15:55:44Z</time></rtept><rtept lat="37.568585" lon="-106.928072"><ele>3619.800000000001</ele><time>2026-04-12T15:55:44Z</time></rtept><rtept lat="37.568587" lon="-106.92804"><ele>3614.6000000000004</ele><time>2026-04-12T15:55:44Z</time></rtept><rtept lat="37.568658" lon="-106.928021"><ele>3613.4000000000015</ele><time>2026-04-12T15:55:44Z</time></rtept><rtept lat="37.568705" lon="-106.928019"><ele>3612.4000000000015</ele><time>2026-04-12T15:55:44Z</time></rtept><rtept lat="37.568752" lon="-106.928002"><ele>3611.4000000000015</ele><time>2026-04-12T15:55:44Z</time></rtept><rtept lat="37.568845" lon="-106.927992"><ele>3610.6000000000004</ele><time>2026-04-12T15:55:44Z</time></rtept><rtept lat="37.568931" lon="-106.927958"><ele>3609.6000000000004</ele><time>2026-04-12T15:55:44Z</time></rtept><rtept lat="37.568981" lon="-106.927956"><ele>3606.6000000000004</ele><time>2026-04-12T15:55:44Z</time></rtept><rtept lat="37.569015" lon="-106.927928"><ele>3605.800000000001</ele><time>2026-04-12T15:55:44Z</time></rtept><rtept lat="37.569049" lon="-106.927929"><ele>3605.800000000001</ele><time>2026-04-12T15:55:44Z</time></rtept><rtept lat="37.569065" lon="-106.927905"><ele>3605.800000000001</ele><time>2026-04-12T15:55:44Z</time></rtept><rtept lat="37.569113" lon="-106.92786"><ele>3602.800000000001</ele><time>2026-04-12T15:55:44Z</time></rtept><rtept lat="37.569149" lon="-106.927842"><ele>3601.6000000000004</ele><time>2026-04-12T15:55:44Z</time></rtept><rtept lat="37.569241" lon="-106.927772"><ele>3598.4000000000015</ele><time>2026-04-12T15:55:44Z</time></rtept><rtept lat="37.569318" lon="-106.92773"><ele>3597.4000000000015</ele><time>2026-04-12T15:55:44Z</time></rtept><rtept lat="37.569397" lon="-106.927711"><ele>3596.800000000001</ele><time>2026-04-12T15:55:44Z</time></rtept><rtept lat="37.569402" lon="-106.927654"><ele>3594.6000000000004</ele><time>2026-04-12T15:55:44Z</time></rtept><rtept lat="37.569421" lon="-106.927626"><ele>3593.6000000000004</ele><time>2026-04-12T15:55:44Z</time></rtept><rtept lat="37.569431" lon="-106.927595"><ele>3591.6000000000004</ele><time>2026-04-12T15:55:44Z</time></rtept><rtept lat="37.569447" lon="-106.927578"><ele>3591.6000000000004</ele><time>2026-04-12T15:55:44Z</time></rtept><rtept lat="37.569446" lon="-106.927501"><ele>3590.0</ele><time>2026-04-12T15:55:44Z</time></rtept><rtept lat="37.569458" lon="-106.927439"><ele>3588.2000000000007</ele><time>2026-04-12T15:55:44Z</time></rtept><rtept lat="37.569458" lon="-106.927408"><ele>3588.2000000000007</ele><time>2026-04-12T15:55:44Z</time></rtept><rtept lat="37.569443" lon="-106.927376"><ele>3588.2000000000007</ele><time>2026-04-12T15:55:44Z</time></rtept><rtept lat="37.569444" lon="-106.927344"><ele>3586.2000000000007</ele><time>2026-04-12T15:55:44Z</time></rtept><rtept lat="37.56946" lon="-106.927319"><ele>3586.2000000000007</ele><time>2026-04-12T15:55:44Z</time></rtept><rtept lat="37.569456" lon="-106.927286"><ele>3586.2000000000007</ele><time>2026-04-12T15:55:44Z</time></rtept><rtept lat="37.569436" lon="-106.927237"><ele>3584.2000000000007</ele><time>2026-04-12T15:55:44Z</time></rtept><rtept lat="37.56945" lon="-106.927116"><ele>3582.4000000000015</ele><time>2026-04-12T15:55:44Z</time></rtept><rtept lat="37.569438" lon="-106.92701"><ele>3580.0</ele><time>2026-04-12T15:55:44Z</time></rtept><rtept lat="37.569446" lon="-106.926923"><ele>3578.800000000001</ele><time>2026-04-12T15:55:44Z</time></rtept><rtept lat="37.569427" lon="-106.926859"><ele>3578.800000000001</ele><time>2026-04-12T15:55:44Z</time></rtept><rtept lat="37.569429" lon="-106.926745"><ele>3576.6000000000004</ele><time>2026-04-12T15:55:44Z</time></rtept><rtept lat="37.569395" lon="-106.926307"><ele>3574.6000000000004</ele><time>2026-04-12T15:55:44Z</time></rtept><rtept lat="37.569363" lon="-106.926065"><ele>3575.6000000000004</ele><time>2026-04-12T15:55:44Z</time></rtept><rtept lat="37.569333" lon="-106.925991"><ele>3574.6000000000004</ele><time>2026-04-12T15:55:44Z</time></rtept><rtept lat="37.56926" lon="-106.925882"><ele>3574.2000000000007</ele><time>2026-04-12T15:55:44Z</time></rtept><rtept lat="37.569125" lon="-106.925725"><ele>3573.0</ele><time>2026-04-12T15:55:44Z</time></rtept><rtept lat="37.569019" lon="-106.925582"><ele>3572.6000000000004</ele><time>2026-04-12T15:55:44Z</time></rtept><rtept lat="37.568944" lon="-106.925494"><ele>3572.4000000000015</ele><time>2026-04-12T15:55:44Z</time></rtept><rtept lat="37.568916" lon="-106.925463"><ele>3572.4000000000015</ele><time>2026-04-12T15:55:44Z</time></rtept><rtept lat="37.568853" lon="-106.925422"><ele>3570.4000000000015</ele><time>2026-04-12T15:55:44Z</time></rtept><rtept lat="37.568814" lon="-106.925357"><ele>3572.0</ele><time>2026-04-12T15:55:44Z</time></rtept><rtept lat="37.568679" lon="-106.925037"><ele>3574.0</ele><time>2026-04-12T15:55:44Z</time></rtept><rtept lat="37.568636" lon="-106.924958"><ele>3572.2000000000007</ele><time>2026-04-12T15:55:44Z</time></rtept><rtept lat="37.568578" lon="-106.924896"><ele>3573.0</ele><time>2026-04-12T15:55:44Z</time></rtept><rtept lat="37.568544" lon="-106.924875"><ele>3573.0</ele><time>2026-04-12T15:55:44Z</time></rtept><rtept lat="37.568514" lon="-106.924832"><ele>3574.2000000000007</ele><time>2026-04-12T15:55:44Z</time></rtept><rtept lat="37.568471" lon="-106.924792"><ele>3574.2000000000007</ele><time>2026-04-12T15:55:44Z</time></rtept><rtept lat="37.568385" lon="-106.924723"><ele>3574.2000000000007</ele><time>2026-04-12T15:55:44Z</time></rtept><rtept lat="37.568371" lon="-106.924719"><ele>3574.2000000000007</ele><time>2026-04-12T15:55:44Z</time></rtept><rtept lat="37.568289" lon="-106.924635"><ele>3575.4000000000015</ele><time>2026-04-12T15:55:44Z</time></rtept><rtept lat="37.568134" lon="-106.924457"><ele>3576.800000000001</ele><time>2026-04-12T15:55:44Z</time></rtept><rtept lat="37.568103" lon="-106.924457"><ele>3575.4000000000015</ele><time>2026-04-12T15:55:44Z</time></rtept><rtept lat="37.568057" lon="-106.924377"><ele>3577.0</ele><time>2026-04-12T15:55:44Z</time></rtept><rtept lat="37.568032" lon="-106.924364"><ele>3575.800000000001</ele><time>2026-04-12T15:55:44Z</time></rtept><rtept lat="37.568028" lon="-106.92435"><ele>3577.2000000000007</ele><time>2026-04-12T15:55:44Z</time></rtept><rtept lat="37.567937" lon="-106.924256"><ele>3577.0</ele><time>2026-04-12T15:55:44Z</time></rtept><rtept lat="37.567893" lon="-106.924221"><ele>3575.6000000000004</ele><time>2026-04-12T15:55:44Z</time></rtept><rtept lat="37.567889" lon="-106.92419"><ele>3575.6000000000004</ele><time>2026-04-12T15:55:44Z</time></rtept><rtept lat="37.567865" lon="-106.924161"><ele>3576.6000000000004</ele><time>2026-04-12T15:55:44Z</time></rtept><rtept lat="37.567854" lon="-106.924119"><ele>3576.6000000000004</ele><time>2026-04-12T15:55:44Z</time></rtept><rtept lat="37.567825" lon="-106.924088"><ele>3576.0</ele><time>2026-04-12T15:55:44Z</time></rtept><rtept lat="37.567823" lon="-106.924069"><ele>3576.0</ele><time>2026-04-12T15:55:44Z</time></rtept><rtept lat="37.56779" lon="-106.924008"><ele>3576.800000000001</ele><time>2026-04-12T15:55:44Z</time></rtept><rtept lat="37.567795" lon="-106.923994"><ele>3576.800000000001</ele><time>2026-04-12T15:55:44Z</time></rtept><rtept lat="37.567784" lon="-106.923823"><ele>3578.0</ele><time>2026-04-12T15:55:44Z</time></rtept><rtept lat="37.567678" lon="-106.923551"><ele>3575.2000000000007</ele><time>2026-04-12T15:55:44Z</time></rtept><rtept lat="37.567663" lon="-106.923358"><ele>3576.2000000000007</ele><time>2026-04-12T15:55:44Z</time></rtept><rtept lat="37.567675" lon="-106.923335"><ele>3576.2000000000007</ele><time>2026-04-12T15:55:44Z</time></rtept><rtept lat="37.56766" lon="-106.923264"><ele>3576.6000000000004</ele><time>2026-04-12T15:55:44Z</time></rtept><rtept lat="37.567661" lon="-106.923236"><ele>3577.0</ele><time>2026-04-12T15:55:44Z</time></rtept><rtept lat="37.567673" lon="-106.923026"><ele>3576.800000000001</ele><time>2026-04-12T15:55:44Z</time></rtept><rtept lat="37.567692" lon="-106.922864"><ele>3576.4000000000015</ele><time>2026-04-12T15:55:44Z</time></rtept><rtept lat="37.567689" lon="-106.922769"><ele>3576.2000000000007</ele><time>2026-04-12T15:55:44Z</time></rtept><rtept lat="37.567699" lon="-106.922703"><ele>3575.6000000000004</ele><time>2026-04-12T15:55:44Z</time></rtept><rtept lat="37.567797" lon="-106.922515"><ele>3576.800000000001</ele><time>2026-04-12T15:55:44Z</time></rtept><rtept lat="37.567827" lon="-106.92243"><ele>3575.4000000000015</ele><time>2026-04-12T15:55:44Z</time></rtept><rtept lat="37.567857" lon="-106.922401"><ele>3577.0</ele><time>2026-04-12T15:55:44Z</time></rtept><rtept lat="37.567913" lon="-106.922292"><ele>3573.4000000000015</ele><time>2026-04-12T15:55:44Z</time></rtept><rtept lat="37.567922" lon="-106.922262"><ele>3575.0</ele><time>2026-04-12T15:55:44Z</time></rtept><rtept lat="37.567948" lon="-106.922238"><ele>3575.0</ele><time>2026-04-12T15:55:44Z</time></rtept><rtept lat="37.567984" lon="-106.922234"><ele>3575.0</ele><time>2026-04-12T15:55:44Z</time></rtept><rtept lat="37.568011" lon="-106.922212"><ele>3576.4000000000015</ele><time>2026-04-12T15:55:44Z</time></rtept><rtept lat="37.568077" lon="-106.922188"><ele>3575.800000000001</ele><time>2026-04-12T15:55:44Z</time></rtept><rtept lat="37.568158" lon="-106.922173"><ele>3577.800000000001</ele><time>2026-04-12T15:55:44Z</time></rtept><rtept lat="37.568198" lon="-106.92209"><ele>3578.4000000000015</ele><time>2026-04-12T15:55:44Z</time></rtept><rtept lat="37.56821" lon="-106.92202"><ele>3576.800000000001</ele><time>2026-04-12T15:55:44Z</time></rtept><rtept lat="37.568227" lon="-106.92198"><ele>3576.800000000001</ele><time>2026-04-12T15:55:44Z</time></rtept><rtept lat="37.568289" lon="-106.921883"><ele>3577.6000000000004</ele><time>2026-04-12T15:55:44Z</time></rtept><rtept lat="37.56831" lon="-106.921829"><ele>3576.2000000000007</ele><time>2026-04-12T15:55:44Z</time></rtept><rtept lat="37.568338" lon="-106.921813"><ele>3578.0</ele><time>2026-04-12T15:55:44Z</time></rtept><rtept lat="37.568445" lon="-106.921689"><ele>3576.2000000000007</ele><time>2026-04-12T15:55:44Z</time></rtept><rtept lat="37.568457" lon="-106.921653"><ele>3576.2000000000007</ele><time>2026-04-12T15:55:44Z</time></rtept><rtept lat="37.568487" lon="-106.921639"><ele>3577.800000000001</ele><time>2026-04-12T15:55:44Z</time></rtept><rtept lat="37.568534" lon="-106.921638"><ele>3580.2000000000007</ele><time>2026-04-12T15:55:44Z</time></rtept><rtept lat="37.568552" lon="-106.921626"><ele>3580.2000000000007</ele><time>2026-04-12T15:55:44Z</time></rtept><rtept lat="37.56862" lon="-106.921474"><ele>3578.800000000001</ele><time>2026-04-12T15:55:44Z</time></rtept><rtept lat="37.568625" lon="-106.921437"><ele>3578.800000000001</ele><time>2026-04-12T15:55:44Z</time></rtept><rtept lat="37.568621" lon="-106.921261"><ele>3578.4000000000015</ele><time>2026-04-12T15:55:44Z</time></rtept><rtept lat="37.568581" lon="-106.921116"><ele>3575.800000000001</ele><time>2026-04-12T15:55:44Z</time></rtept><rtept lat="37.568554" lon="-106.92098"><ele>3576.2000000000007</ele><time>2026-04-12T15:55:44Z</time></rtept><rtept lat="37.568549" lon="-106.920857"><ele>3576.2000000000007</ele><time>2026-04-12T15:55:44Z</time></rtept><rtept lat="37.568579" lon="-106.920677"><ele>3575.2000000000007</ele><time>2026-04-12T15:55:44Z</time></rtept><rtept lat="37.568622" lon="-106.920525"><ele>3576.4000000000015</ele><time>2026-04-12T15:55:44Z</time></rtept><rtept lat="37.568636" lon="-106.920349"><ele>3576.6000000000004</ele><time>2026-04-12T15:55:44Z</time></rtept><rtept lat="37.568573" lon="-106.92023"><ele>3576.6000000000004</ele><time>2026-04-12T15:55:44Z</time></rtept><rtept lat="37.568493" lon="-106.920128"><ele>3575.800000000001</ele><time>2026-04-12T15:55:44Z</time></rtept><rtept lat="37.568461" lon="-106.920043"><ele>3576.2000000000007</ele><time>2026-04-12T15:55:44Z</time></rtept><rtept lat="37.568467" lon="-106.919963"><ele>3576.2000000000007</ele><time>2026-04-12T15:55:44Z</time></rtept><rtept lat="37.568496" lon="-106.919833"><ele>3576.0</ele><time>2026-04-12T15:55:44Z</time></rtept><rtept lat="37.568603" lon="-106.919644"><ele>3578.800000000001</ele><time>2026-04-12T15:55:44Z</time></rtept><rtept lat="37.568636" lon="-106.91956"><ele>3578.2000000000007</ele><time>2026-04-12T15:55:44Z</time></rtept><rtept lat="37.568644" lon="-106.919426"><ele>3577.0</ele><time>2026-04-12T15:55:44Z</time></rtept><rtept lat="37.56864" lon="-106.919274"><ele>3576.0</ele><time>2026-04-12T15:55:44Z</time></rtept><rtept lat="37.568651" lon="-106.91918"><ele>3575.2000000000007</ele><time>2026-04-12T15:55:44Z</time></rtept><rtept lat="37.568688" lon="-106.918977"><ele>3575.4000000000015</ele><time>2026-04-12T15:55:44Z</time></rtept><rtept lat="37.568718" lon="-106.918906"><ele>3575.0</ele><time>2026-04-12T15:55:44Z</time></rtept><rtept lat="37.568727" lon="-106.918808"><ele>3575.2000000000007</ele><time>2026-04-12T15:55:44Z</time></rtept><rtept lat="37.568715" lon="-106.918674"><ele>3576.4000000000015</ele><time>2026-04-12T15:55:44Z</time></rtept><rtept lat="37.568722" lon="-106.918538"><ele>3576.800000000001</ele><time>2026-04-12T15:55:44Z</time></rtept><rtept lat="37.568717" lon="-106.918429"><ele>3577.0</ele><time>2026-04-12T15:55:44Z</time></rtept><rtept lat="37.568707" lon="-106.918357"><ele>3577.0</ele><time>2026-04-12T15:55:44Z</time></rtept><rtept lat="37.568649" lon="-106.918152"><ele>3579.4000000000015</ele><time>2026-04-12T15:55:44Z</time></rtept><rtept lat="37.568601" lon="-106.918091"><ele>3579.4000000000015</ele><time>2026-04-12T15:55:44Z</time></rtept><rtept lat="37.568563" lon="-106.91803"><ele>3581.800000000001</ele><time>2026-04-12T15:55:44Z</time></rtept><rtept lat="37.56849" lon="-106.917955"><ele>3583.6000000000004</ele><time>2026-04-12T15:55:44Z</time></rtept><rtept lat="37.568414" lon="-106.917792"><ele>3586.2000000000007</ele><time>2026-04-12T15:55:44Z</time></rtept><rtept lat="37.568337" lon="-106.917674"><ele>3588.2000000000007</ele><time>2026-04-12T15:55:44Z</time></rtept><rtept lat="37.568042" lon="-106.917561"><ele>3592.800000000001</ele><time>2026-04-12T15:55:44Z</time></rtept><rtept lat="37.567788" lon="-106.917373"><ele>3596.2000000000007</ele><time>2026-04-12T15:55:44Z</time></rtept><rtept lat="37.567971" lon="-106.917309"><ele>3600.2000000000007</ele><time>2026-04-12T15:55:44Z</time></rtept><rtept lat="37.568314" lon="-106.9171"><ele>3605.800000000001</ele><time>2026-04-12T15:55:44Z</time></rtept><rtept lat="37.568046" lon="-106.917025"><ele>3610.6000000000004</ele><time>2026-04-12T15:55:44Z</time></rtept><rtept lat="37.567924" lon="-106.916982"><ele>3609.6000000000004</ele><time>2026-04-12T15:55:44Z</time></rtept><rtept lat="37.567821" lon="-106.916842"><ele>3613.4000000000015</ele><time>2026-04-12T15:55:44Z</time></rtept><rtept lat="37.567631" lon="-106.916354"><ele>3623.800000000001</ele><time>2026-04-12T15:55:44Z</time></rtept><rtept lat="37.567418" lon="-106.915839"><ele>3633.2000000000007</ele><time>2026-04-12T15:55:44Z</time></rtept><rtept lat="37.567264" lon="-106.915505"><ele>3638.2000000000007</ele><time>2026-04-12T15:55:44Z</time></rtept><rtept lat="37.567172" lon="-106.915228"><ele>3642.0</ele><time>2026-04-12T15:55:44Z</time></rtept><rtept lat="37.567044" lon="-106.915019"><ele>3643.800000000001</ele><time>2026-04-12T15:55:44Z</time></rtept><rtept lat="37.566895" lon="-106.914702"><ele>3647.800000000001</ele><time>2026-04-12T15:55:44Z</time></rtept><rtept lat="37.566865" lon="-106.914568"><ele>3650.4000000000015</ele><time>2026-04-12T15:55:44Z</time></rtept><rtept lat="37.566839" lon="-106.914396"><ele>3660.800000000001</ele><time>2026-04-12T15:55:44Z</time></rtept><rtept lat="37.566789" lon="-106.91423"><ele>3659.4000000000015</ele><time>2026-04-12T15:55:44Z</time></rtept><rtept lat="37.566326" lon="-106.913259"><ele>3677.0</ele><time>2026-04-12T15:55:44Z</time></rtept><rtept lat="37.566078" lon="-106.913018"><ele>3680.0</ele><time>2026-04-12T15:55:44Z</time></rtept><rtept lat="37.566045" lon="-106.912932"><ele>3683.4000000000015</ele><time>2026-04-12T15:55:44Z</time></rtept><rtept lat="37.565764" lon="-106.912605"><ele>3684.800000000001</ele><time>2026-04-12T15:55:44Z</time></rtept><rtept lat="37.565614" lon="-106.912352"><ele>3686.6000000000004</ele><time>2026-04-12T15:55:44Z</time></rtept><rtept lat="37.565492" lon="-106.912063"><ele>3688.2000000000007</ele><time>2026-04-12T15:55:44Z</time></rtept><rtept lat="37.565389" lon="-106.911939"><ele>3687.6000000000004</ele><time>2026-04-12T15:55:44Z</time></rtept><rtept lat="37.565312" lon="-106.911789"><ele>3687.800000000001</ele><time>2026-04-12T15:55:44Z</time></rtept><rtept lat="37.564884" lon="-106.911113"><ele>3697.4000000000015</ele><time>2026-04-12T15:55:44Z</time></rtept><rtept lat="37.564628" lon="-106.910668"><ele>3695.0</ele><time>2026-04-12T15:55:44Z</time></rtept><rtept lat="37.564259" lon="-106.909718"><ele>3691.800000000001</ele><time>2026-04-12T15:55:44Z</time></rtept><rtept lat="37.564165" lon="-106.909241"><ele>3689.2000000000007</ele><time>2026-04-12T15:55:44Z</time></rtept><rtept lat="37.564156" lon="-106.909118"><ele>3688.6000000000004</ele><time>2026-04-12T15:55:44Z</time></rtept><rtept lat="37.564063" lon="-106.908909"><ele>3687.2000000000007</ele><time>2026-04-12T15:55:44Z</time></rtept><rtept lat="37.564" lon="-106.908689"><ele>3687.0</ele><time>2026-04-12T15:55:44Z</time></rtept><rtept lat="37.563966" lon="-106.90849"><ele>3687.0</ele><time>2026-04-12T15:55:44Z</time></rtept><rtept lat="37.56391" lon="-106.908007"><ele>3687.2000000000007</ele><time>2026-04-12T15:55:44Z</time></rtept><rtept lat="37.56391" lon="-106.90761"><ele>3685.6000000000004</ele><time>2026-04-12T15:55:44Z</time></rtept><rtept lat="37.563927" lon="-106.907283"><ele>3684.6000000000004</ele><time>2026-04-12T15:55:44Z</time></rtept><rtept lat="37.564004" lon="-106.907069"><ele>3682.0</ele><time>2026-04-12T15:55:44Z</time></rtept><rtept lat="37.564017" lon="-106.906934"><ele>3680.2000000000007</ele><time>2026-04-12T15:55:44Z</time></rtept><rtept lat="37.564046" lon="-106.906881"><ele>3678.4000000000015</ele><time>2026-04-12T15:55:44Z</time></rtept><rtept lat="37.564042" lon="-106.906575"><ele>3675.0</ele><time>2026-04-12T15:55:44Z</time></rtept><rtept lat="37.564058" lon="-106.906384"><ele>3675.2000000000007</ele><time>2026-04-12T15:55:44Z</time></rtept><rtept lat="37.564076" lon="-106.906173"><ele>3676.2000000000007</ele><time>2026-04-12T15:55:44Z</time></rtept><rtept lat="37.564093" lon="-106.90606"><ele>3678.0</ele><time>2026-04-12T15:55:44Z</time></rtept><rtept lat="37.564084" lon="-106.905738"><ele>3682.4000000000015</ele><time>2026-04-12T15:55:44Z</time></rtept><rtept lat="37.564045" lon="-106.905545"><ele>3685.2000000000007</ele><time>2026-04-12T15:55:44Z</time></rtept><rtept lat="37.564016" lon="-106.905304"><ele>3684.800000000001</ele><time>2026-04-12T15:55:44Z</time></rtept><rtept lat="37.563902" lon="-106.905084"><ele>3686.0</ele><time>2026-04-12T15:55:44Z</time></rtept><rtept lat="37.56391" lon="-106.904955"><ele>3686.2000000000007</ele><time>2026-04-12T15:55:44Z</time></rtept><rtept lat="37.563995" lon="-106.904708"><ele>3686.800000000001</ele><time>2026-04-12T15:55:44Z</time></rtept><rtept lat="37.564089" lon="-106.904311"><ele>3683.0</ele><time>2026-04-12T15:55:44Z</time></rtept><rtept lat="37.564161" lon="-106.903904"><ele>3681.4000000000015</ele><time>2026-04-12T15:55:44Z</time></rtept><rtept lat="37.564181" lon="-106.903598"><ele>3682.4000000000015</ele><time>2026-04-12T15:55:44Z</time></rtept><rtept lat="37.56417" lon="-106.903464"><ele>3679.0</ele><time>2026-04-12T15:55:44Z</time></rtept><rtept lat="37.564037" lon="-106.903099"><ele>3678.2000000000007</ele><time>2026-04-12T15:55:44Z</time></rtept><rtept lat="37.563837" lon="-106.902477"><ele>3681.4000000000015</ele><time>2026-04-12T15:55:44Z</time></rtept><rtept lat="37.563766" lon="-106.902139"><ele>3679.6000000000004</ele><time>2026-04-12T15:55:44Z</time></rtept><rtept lat="37.563778" lon="-106.901881"><ele>3679.2000000000007</ele><time>2026-04-12T15:55:44Z</time></rtept><rtept lat="37.563842" lon="-106.90165"><ele>3681.6000000000004</ele><time>2026-04-12T15:55:44Z</time></rtept><rtept lat="37.563919" lon="-106.901414"><ele>3681.4000000000015</ele><time>2026-04-12T15:55:44Z</time></rtept><rtept lat="37.563914" lon="-106.900765"><ele>3680.6000000000004</ele><time>2026-04-12T15:55:44Z</time></rtept><rtept lat="37.563864" lon="-106.900411"><ele>3678.2000000000007</ele><time>2026-04-12T15:55:44Z</time></rtept><rtept lat="37.563787" lon="-106.900218"><ele>3677.800000000001</ele><time>2026-04-12T15:55:44Z</time></rtept><rtept lat="37.563715" lon="-106.899918"><ele>3676.4000000000015</ele><time>2026-04-12T15:55:44Z</time></rtept><rtept lat="37.563689" lon="-106.899617"><ele>3674.0</ele><time>2026-04-12T15:55:44Z</time></rtept><rtept lat="37.56365" lon="-106.899371"><ele>3675.2000000000007</ele><time>2026-04-12T15:55:44Z</time></rtept><rtept lat="37.563587" lon="-106.899118"><ele>3674.800000000001</ele><time>2026-04-12T15:55:44Z</time></rtept><rtept lat="37.563608" lon="-106.898866"><ele>3673.0</ele><time>2026-04-12T15:55:44Z</time></rtept><rtept lat="37.563651" lon="-106.898711"><ele>3671.6000000000004</ele><time>2026-04-12T15:55:44Z</time></rtept><rtept lat="37.56366" lon="-106.89855"><ele>3667.6000000000004</ele><time>2026-04-12T15:55:44Z</time></rtept><rtept lat="37.563736" lon="-106.898271"><ele>3662.2000000000007</ele><time>2026-04-12T15:55:44Z</time></rtept><rtept lat="37.563787" lon="-106.89811"><ele>3661.0</ele><time>2026-04-12T15:55:44Z</time></rtept><rtept lat="37.563838" lon="-106.897852"><ele>3657.800000000001</ele><time>2026-04-12T15:55:44Z</time></rtept><rtept lat="37.563898" lon="-106.897434"><ele>3656.2000000000007</ele><time>2026-04-12T15:55:44Z</time></rtept><rtept lat="37.563889" lon="-106.897166"><ele>3658.800000000001</ele><time>2026-04-12T15:55:44Z</time></rtept><rtept lat="37.563828" lon="-106.897075"><ele>3659.0</ele><time>2026-04-12T15:55:44Z</time></rtept><rtept lat="37.563766" lon="-106.896871"><ele>3662.2000000000007</ele><time>2026-04-12T15:55:44Z</time></rtept><rtept lat="37.563766" lon="-106.896688"><ele>3664.800000000001</ele><time>2026-04-12T15:55:44Z</time></rtept><rtept lat="37.56383" lon="-106.896302"><ele>3670.6000000000004</ele><time>2026-04-12T15:55:44Z</time></rtept><rtept lat="37.563864" lon="-106.895513"><ele>3680.2000000000007</ele><time>2026-04-12T15:55:44Z</time></rtept><rtept lat="37.563923" lon="-106.894999"><ele>3684.6000000000004</ele><time>2026-04-12T15:55:44Z</time></rtept><rtept lat="37.56404" lon="-106.894274"><ele>3687.0</ele><time>2026-04-12T15:55:44Z</time></rtept><rtept lat="37.564119" lon="-106.893534"><ele>3685.4000000000015</ele><time>2026-04-12T15:55:44Z</time></rtept><rtept lat="37.564238" lon="-106.893419"><ele>3685.0</ele><time>2026-04-12T15:55:44Z</time></rtept><rtept lat="37.564299" lon="-106.893314"><ele>3684.800000000001</ele><time>2026-04-12T15:55:44Z</time></rtept><rtept lat="37.564361" lon="-106.893161"><ele>3685.0</ele><time>2026-04-12T15:55:44Z</time></rtept><rtept lat="37.564389" lon="-106.892915"><ele>3687.6000000000004</ele><time>2026-04-12T15:55:44Z</time></rtept><rtept lat="37.564425" lon="-106.892711"><ele>3688.4000000000015</ele><time>2026-04-12T15:55:44Z</time></rtept><rtept lat="37.564477" lon="-106.892552"><ele>3689.2000000000007</ele><time>2026-04-12T15:55:44Z</time></rtept><rtept lat="37.564614" lon="-106.892279"><ele>3690.2000000000007</ele><time>2026-04-12T15:55:44Z</time></rtept><rtept lat="37.564984" lon="-106.891305"><ele>3684.2000000000007</ele><time>2026-04-12T15:55:44Z</time></rtept><rtept lat="37.565048" lon="-106.891179"><ele>3683.800000000001</ele><time>2026-04-12T15:55:44Z</time></rtept><rtept lat="37.565082" lon="-106.891085"><ele>3683.0</ele><time>2026-04-12T15:55:44Z</time></rtept><rtept lat="37.565107" lon="-106.890946"><ele>3679.800000000001</ele><time>2026-04-12T15:55:44Z</time></rtept><rtept lat="37.565114" lon="-106.890804"><ele>3678.2000000000007</ele><time>2026-04-12T15:55:44Z</time></rtept><rtept lat="37.565167" lon="-106.890651"><ele>3675.4000000000015</ele><time>2026-04-12T15:55:44Z</time></rtept><rtept lat="37.565267" lon="-106.890412"><ele>3674.2000000000007</ele><time>2026-04-12T15:55:44Z</time></rtept><rtept lat="37.565277" lon="-106.89031"><ele>3673.800000000001</ele><time>2026-04-12T15:55:44Z</time></rtept><rtept lat="37.565238" lon="-106.890157"><ele>3672.6000000000004</ele><time>2026-04-12T15:55:44Z</time></rtept><rtept lat="37.56521" lon="-106.889985"><ele>3669.4000000000015</ele><time>2026-04-12T15:55:44Z</time></rtept><rtept lat="37.565186" lon="-106.889868"><ele>3667.2000000000007</ele><time>2026-04-12T15:55:44Z</time></rtept><rtept lat="37.565124" lon="-106.889701"><ele>3664.2000000000007</ele><time>2026-04-12T15:55:44Z</time></rtept><rtept lat="37.565035" lon="-106.889473"><ele>3662.0</ele><time>2026-04-12T15:55:44Z</time></rtept><rtept lat="37.564954" lon="-106.889039"><ele>3661.6000000000004</ele><time>2026-04-12T15:55:44Z</time></rtept><rtept lat="37.564937" lon="-106.888805"><ele>3661.0</ele><time>2026-04-12T15:55:44Z</time></rtept><rtept lat="37.564945" lon="-106.888655"><ele>3660.800000000001</ele><time>2026-04-12T15:55:44Z</time></rtept><rtept lat="37.564912" lon="-106.888462"><ele>3654.4000000000015</ele><time>2026-04-12T15:55:44Z</time></rtept><rtept lat="37.564894" lon="-106.888313"><ele>3652.6000000000004</ele><time>2026-04-12T15:55:44Z</time></rtept><rtept lat="37.564827" lon="-106.887942"><ele>3654.4000000000015</ele><time>2026-04-12T15:55:44Z</time></rtept><rtept lat="37.564657" lon="-106.887596"><ele>3660.800000000001</ele><time>2026-04-12T15:55:44Z</time></rtept><rtept lat="37.564425" lon="-106.887327"><ele>3661.6000000000004</ele><time>2026-04-12T15:55:44Z</time></rtept><rtept lat="37.563949" lon="-106.887049"><ele>3662.2000000000007</ele><time>2026-04-12T15:55:44Z</time></rtept><rtept lat="37.563689" lon="-106.886973"><ele>3662.0</ele><time>2026-04-12T15:55:44Z</time></rtept><rtept lat="37.563365" lon="-106.886694"><ele>3664.2000000000007</ele><time>2026-04-12T15:55:44Z</time></rtept><rtept lat="37.563132" lon="-106.886603"><ele>3666.6000000000004</ele><time>2026-04-12T15:55:44Z</time></rtept><rtept lat="37.562856" lon="-106.886453"><ele>3670.6000000000004</ele><time>2026-04-12T15:55:44Z</time></rtept><rtept lat="37.562273" lon="-106.885906"><ele>3679.2000000000007</ele><time>2026-04-12T15:55:44Z</time></rtept><rtept lat="37.562052" lon="-106.885503"><ele>3689.2000000000007</ele><time>2026-04-12T15:55:44Z</time></rtept><rtept lat="37.561461" lon="-106.885316"><ele>3690.4000000000015</ele><time>2026-04-12T15:55:44Z</time></rtept><rtept lat="37.560908" lon="-106.884811"><ele>3699.2000000000007</ele><time>2026-04-12T15:55:44Z</time></rtept><rtept lat="37.560564" lon="-106.884484"><ele>3702.800000000001</ele><time>2026-04-12T15:55:44Z</time></rtept><rtept lat="37.560143" lon="-106.883867"><ele>3709.0</ele><time>2026-04-12T15:55:44Z</time></rtept><rtept lat="37.559513" lon="-106.882773"><ele>3720.2000000000007</ele><time>2026-04-12T15:55:44Z</time></rtept><rtept lat="37.559258" lon="-106.881942"><ele>3727.800000000001</ele><time>2026-04-12T15:55:44Z</time></rtept><rtept lat="37.558391" lon="-106.88081"><ele>3731.2000000000007</ele><time>2026-04-12T15:55:44Z</time></rtept><rtept lat="37.558288" lon="-106.88081"><ele>3726.800000000001</ele><time>2026-04-12T15:55:44Z</time></rtept><rtept lat="37.557736" lon="-106.880965"><ele>3732.800000000001</ele><time>2026-04-12T15:55:44Z</time></rtept><rtept lat="37.557322" lon="-106.881153"><ele>3736.800000000001</ele><time>2026-04-12T15:55:44Z</time></rtept><rtept lat="37.556834" lon="-106.88163"><ele>3733.6000000000004</ele><time>2026-04-12T15:55:44Z</time></rtept><rtept lat="37.556667" lon="-106.881679"><ele>3738.4000000000015</ele><time>2026-04-12T15:55:44Z</time></rtept><rtept lat="37.556025" lon="-106.882135"><ele>3736.6000000000004</ele><time>2026-04-12T15:55:44Z</time></rtept><rtept lat="37.555665" lon="-106.88244"><ele>3736.800000000001</ele><time>2026-04-12T15:55:44Z</time></rtept><rtept lat="37.554953" lon="-106.88273"><ele>3735.2000000000007</ele><time>2026-04-12T15:55:44Z</time></rtept><rtept lat="37.554788" lon="-106.882805"><ele>3735.6000000000004</ele><time>2026-04-12T15:55:44Z</time></rtept><rtept lat="37.554618" lon="-106.882784"><ele>3735.800000000001</ele><time>2026-04-12T15:55:44Z</time></rtept><rtept lat="37.554406" lon="-106.882773"><ele>3735.2000000000007</ele><time>2026-04-12T15:55:44Z</time></rtept><rtept lat="37.55404" lon="-106.882693"><ele>3734.6000000000004</ele><time>2026-04-12T15:55:44Z</time></rtept><rtept lat="37.553934" lon="-106.882634"><ele>3734.4000000000015</ele><time>2026-04-12T15:55:44Z</time></rtept><rtept lat="37.553772" lon="-106.882435"><ele>3735.0</ele><time>2026-04-12T15:55:44Z</time></rtept><rtept lat="37.553424" lon="-106.881979"><ele>3734.6000000000004</ele><time>2026-04-12T15:55:44Z</time></rtept><rtept lat="37.553207" lon="-106.881604"><ele>3735.800000000001</ele><time>2026-04-12T15:55:44Z</time></rtept><rtept lat="37.553044" lon="-106.881443"><ele>3734.800000000001</ele><time>2026-04-12T15:55:44Z</time></rtept><rtept lat="37.552267" lon="-106.880938"><ele>3733.6000000000004</ele><time>2026-04-12T15:55:44Z</time></rtept><rtept lat="37.551684" lon="-106.880681"><ele>3729.4000000000015</ele><time>2026-04-12T15:55:44Z</time></rtept><rtept lat="37.551433" lon="-106.880724"><ele>3726.4000000000015</ele><time>2026-04-12T15:55:44Z</time></rtept><rtept lat="37.551105" lon="-106.880842"><ele>3722.800000000001</ele><time>2026-04-12T15:55:44Z</time></rtept><rtept lat="37.550497" lon="-106.881056"><ele>3724.0</ele><time>2026-04-12T15:55:44Z</time></rtept><rtept lat="37.550318" lon="-106.881024"><ele>3724.6000000000004</ele><time>2026-04-12T15:55:44Z</time></rtept><rtept lat="37.549629" lon="-106.881411"><ele>3734.6000000000004</ele><time>2026-04-12T15:55:44Z</time></rtept><rtept lat="37.547707" lon="-106.882301"><ele>3754.6000000000004</ele><time>2026-04-12T15:55:44Z</time></rtept><rtept lat="37.547936" lon="-106.881432"><ele>3772.6000000000004</ele><time>2026-04-12T15:55:44Z</time></rtept><rtept lat="37.547627" lon="-106.881448"><ele>3774.800000000001</ele><time>2026-04-12T15:55:44Z</time></rtept><rtept lat="37.54741" lon="-106.881411"><ele>3778.4000000000015</ele><time>2026-04-12T15:55:44Z</time></rtept><rtept lat="37.547299" lon="-106.881341"><ele>3780.800000000001</ele><time>2026-04-12T15:55:44Z</time></rtept><rtept lat="37.546771" lon="-106.881169"><ele>3787.0</ele><time>2026-04-12T15:55:44Z</time></rtept><rtept lat="37.546466" lon="-106.881013"><ele>3787.6000000000004</ele><time>2026-04-12T15:55:44Z</time></rtept><rtept lat="37.546295" lon="-106.880804"><ele>3797.800000000001</ele><time>2026-04-12T15:55:44Z</time></rtept><rtept lat="37.54606" lon="-106.880681"><ele>3799.0</ele><time>2026-04-12T15:55:44Z</time></rtept><rtept lat="37.545805" lon="-106.880541"><ele>3800.2000000000007</ele><time>2026-04-12T15:55:44Z</time></rtept><rtept lat="37.545491" lon="-106.880418"><ele>3807.4000000000015</ele><time>2026-04-12T15:55:44Z</time></rtept><rtept lat="37.545287" lon="-106.88038"><ele>3809.2000000000007</ele><time>2026-04-12T15:55:44Z</time></rtept><rtept lat="37.545028" lon="-106.880198"><ele>3810.4000000000015</ele><time>2026-04-12T15:55:44Z</time></rtept><rtept lat="37.544849" lon="-106.880128"><ele>3810.2000000000007</ele><time>2026-04-12T15:55:44Z</time></rtept><rtept lat="37.544798" lon="-106.880026"><ele>3811.800000000001</ele><time>2026-04-12T15:55:44Z</time></rtept><rtept lat="37.544658" lon="-106.879898"><ele>3812.6000000000004</ele><time>2026-04-12T15:55:44Z</time></rtept><rtept lat="37.544577" lon="-106.879683"><ele>3817.2000000000007</ele><time>2026-04-12T15:55:44Z</time></rtept><rtept lat="37.544445" lon="-106.879581"><ele>3818.4000000000015</ele><time>2026-04-12T15:55:44Z</time></rtept><rtept lat="37.544287" lon="-106.879458"><ele>3819.4000000000015</ele><time>2026-04-12T15:55:44Z</time></rtept><rtept lat="37.544214" lon="-106.879302"><ele>3820.2000000000007</ele><time>2026-04-12T15:55:44Z</time></rtept><rtept lat="37.544143" lon="-106.879104"><ele>3824.800000000001</ele><time>2026-04-12T15:55:44Z</time></rtept><rtept lat="37.544148" lon="-106.878911"><ele>3826.2000000000007</ele><time>2026-04-12T15:55:44Z</time></rtept><rtept lat="37.544113" lon="-106.87861"><ele>3825.4000000000015</ele><time>2026-04-12T15:55:44Z</time></rtept><rtept lat="37.544139" lon="-106.878492"><ele>3823.800000000001</ele><time>2026-04-12T15:55:44Z</time></rtept><rtept lat="37.544233" lon="-106.87831"><ele>3822.800000000001</ele><time>2026-04-12T15:55:44Z</time></rtept><rtept lat="37.544228" lon="-106.878149"><ele>3820.4000000000015</ele><time>2026-04-12T15:55:44Z</time></rtept><rtept lat="37.544203" lon="-106.877838"><ele>3818.2000000000007</ele><time>2026-04-12T15:55:44Z</time></rtept><rtept lat="37.544233" lon="-106.877639"><ele>3816.2000000000007</ele><time>2026-04-12T15:55:44Z</time></rtept><rtept lat="37.544164" lon="-106.877639"><ele>3815.6000000000004</ele><time>2026-04-12T15:55:44Z</time></rtept><rtept lat="37.543951" lon="-106.877843"><ele>3810.800000000001</ele><time>2026-04-12T15:55:44Z</time></rtept><rtept lat="37.543786" lon="-106.878149"><ele>3806.2000000000007</ele><time>2026-04-12T15:55:44Z</time></rtept><rtept lat="37.543769" lon="-106.877811"><ele>3805.2000000000007</ele><time>2026-04-12T15:55:44Z</time></rtept><rtept lat="37.543709" lon="-106.877634"><ele>3801.0</ele><time>2026-04-12T15:55:44Z</time></rtept><rtept lat="37.543565" lon="-106.877462"><ele>3795.0</ele><time>2026-04-12T15:55:44Z</time></rtept><rtept lat="37.543395" lon="-106.877215"><ele>3789.4000000000015</ele><time>2026-04-12T15:55:44Z</time></rtept><rtept lat="37.542798" lon="-106.876604"><ele>3770.800000000001</ele><time>2026-04-12T15:55:44Z</time></rtept><rtept lat="37.542102" lon="-106.876384"><ele>3740.4000000000015</ele><time>2026-04-12T15:55:44Z</time></rtept><rtept lat="37.54185" lon="-106.876073"><ele>3733.800000000001</ele><time>2026-04-12T15:55:44Z</time></rtept><rtept lat="37.541642" lon="-106.876245"><ele>3721.4000000000015</ele><time>2026-04-12T15:55:44Z</time></rtept><rtept lat="37.541799" lon="-106.876599"><ele>3723.2000000000007</ele><time>2026-04-12T15:55:44Z</time></rtept><rtept lat="37.541442" lon="-106.876502"><ele>3707.2000000000007</ele><time>2026-04-12T15:55:44Z</time></rtept><rtept lat="37.541345" lon="-106.876416"><ele>3705.4000000000015</ele><time>2026-04-12T15:55:44Z</time></rtept><rtept lat="37.541297" lon="-106.876422"><ele>3702.6000000000004</ele><time>2026-04-12T15:55:44Z</time></rtept><rtept lat="37.541289" lon="-106.87654"><ele>3701.800000000001</ele><time>2026-04-12T15:55:44Z</time></rtept><rtept lat="37.541353" lon="-106.876668"><ele>3702.2000000000007</ele><time>2026-04-12T15:55:44Z</time></rtept><rtept lat="37.541549" lon="-106.877044"><ele>3705.4000000000015</ele><time>2026-04-12T15:55:44Z</time></rtept><rtept lat="37.541761" lon="-106.877511"><ele>3707.6000000000004</ele><time>2026-04-12T15:55:44Z</time></rtept><rtept lat="37.5418" lon="-106.877666"><ele>3708.6000000000004</ele><time>2026-04-12T15:55:44Z</time></rtept><rtept lat="37.541782" lon="-106.877806"><ele>3707.2000000000007</ele><time>2026-04-12T15:55:44Z</time></rtept><rtept lat="37.541706" lon="-106.877988"><ele>3707.2000000000007</ele><time>2026-04-12T15:55:44Z</time></rtept><rtept lat="37.541663" lon="-106.878074"><ele>3708.0</ele><time>2026-04-12T15:55:44Z</time></rtept><rtept lat="37.541668" lon="-106.878165"><ele>3708.800000000001</ele><time>2026-04-12T15:55:44Z</time></rtept><rtept lat="37.541679" lon="-106.878331"><ele>3710.4000000000015</ele><time>2026-04-12T15:55:44Z</time></rtept><rtept lat="37.541641" lon="-106.878406"><ele>3710.2000000000007</ele><time>2026-04-12T15:55:44Z</time></rtept><rtept lat="37.541471" lon="-106.878573"><ele>3709.2000000000007</ele><time>2026-04-12T15:55:44Z</time></rtept><rtept lat="37.541127" lon="-106.878873"><ele>3702.800000000001</ele><time>2026-04-12T15:55:44Z</time></rtept><rtept lat="37.540671" lon="-106.879136"><ele>3694.6000000000004</ele><time>2026-04-12T15:55:44Z</time></rtept><rtept lat="37.540561" lon="-106.879249"><ele>3689.6000000000004</ele><time>2026-04-12T15:55:44Z</time></rtept><rtept lat="37.540506" lon="-106.879265"><ele>3689.6000000000004</ele><time>2026-04-12T15:55:44Z</time></rtept><rtept lat="37.540505" lon="-106.879061"><ele>3689.0</ele><time>2026-04-12T15:55:44Z</time></rtept><rtept lat="37.540426" lon="-106.878819"><ele>3684.6000000000004</ele><time>2026-04-12T15:55:44Z</time></rtept><rtept lat="37.540336" lon="-106.87839"><ele>3675.4000000000015</ele><time>2026-04-12T15:55:44Z</time></rtept><rtept lat="37.540298" lon="-106.878256"><ele>3674.4000000000015</ele><time>2026-04-12T15:55:44Z</time></rtept><rtept lat="37.540311" lon="-106.87816"><ele>3673.6000000000004</ele><time>2026-04-12T15:55:44Z</time></rtept><rtept lat="37.540341" lon="-106.877956"><ele>3671.800000000001</ele><time>2026-04-12T15:55:44Z</time></rtept><rtept lat="37.540341" lon="-106.877795"><ele>3668.800000000001</ele><time>2026-04-12T15:55:44Z</time></rtept><rtept lat="37.540277" lon="-106.877763"><ele>3665.6000000000004</ele><time>2026-04-12T15:55:44Z</time></rtept><rtept lat="37.540047" lon="-106.877516"><ele>3651.4000000000015</ele><time>2026-04-12T15:55:44Z</time></rtept><rtept lat="37.539775" lon="-106.877226"><ele>3641.4000000000015</ele><time>2026-04-12T15:55:44Z</time></rtept><rtept lat="37.539716" lon="-106.877081"><ele>3641.0</ele><time>2026-04-12T15:55:44Z</time></rtept><rtept lat="37.53972" lon="-106.876856"><ele>3643.4000000000015</ele><time>2026-04-12T15:55:44Z</time></rtept><rtept lat="37.539686" lon="-106.87669"><ele>3643.4000000000015</ele><time>2026-04-12T15:55:44Z</time></rtept><rtept lat="37.539596" lon="-106.876743"><ele>3639.0</ele><time>2026-04-12T15:55:44Z</time></rtept><rtept lat="37.53954" lon="-106.876963"><ele>3637.2000000000007</ele><time>2026-04-12T15:55:44Z</time></rtept><rtept lat="37.539527" lon="-106.87721"><ele>3634.2000000000007</ele><time>2026-04-12T15:55:44Z</time></rtept><rtept lat="37.539565" lon="-106.877489"><ele>3632.2000000000007</ele><time>2026-04-12T15:55:44Z</time></rtept><rtept lat="37.539609" lon="-106.877618"><ele>3632.0</ele><time>2026-04-12T15:55:44Z</time></rtept><rtept lat="37.539669" lon="-106.877666"><ele>3634.6000000000004</ele><time>2026-04-12T15:55:44Z</time></rtept><rtept lat="37.539778" lon="-106.877736"><ele>3641.800000000001</ele><time>2026-04-12T15:55:44Z</time></rtept><rtept lat="37.539774" lon="-106.87779"><ele>3643.800000000001</ele><time>2026-04-12T15:55:44Z</time></rtept><rtept lat="37.539723" lon="-106.877881"><ele>3640.6000000000004</ele><time>2026-04-12T15:55:44Z</time></rtept><rtept lat="37.539635" lon="-106.877993"><ele>3637.4000000000015</ele><time>2026-04-12T15:55:44Z</time></rtept><rtept lat="37.539618" lon="-106.87816"><ele>3640.0</ele><time>2026-04-12T15:55:44Z</time></rtept><rtept lat="37.539625" lon="-106.878326"><ele>3641.6000000000004</ele><time>2026-04-12T15:55:44Z</time></rtept><rtept lat="37.53957" lon="-106.878465"><ele>3639.2000000000007</ele><time>2026-04-12T15:55:44Z</time></rtept><rtept lat="37.539561" lon="-106.87875"><ele>3639.0</ele><time>2026-04-12T15:55:44Z</time></rtept><rtept lat="37.539588" lon="-106.87905"><ele>3635.800000000001</ele><time>2026-04-12T15:55:44Z</time></rtept><rtept lat="37.539578" lon="-106.879603"><ele>3632.800000000001</ele><time>2026-04-12T15:55:44Z</time></rtept><rtept lat="37.539561" lon="-106.87971"><ele>3632.800000000001</ele><time>2026-04-12T15:55:44Z</time></rtept><rtept lat="37.53949" lon="-106.87979"><ele>3631.2000000000007</ele><time>2026-04-12T15:55:44Z</time></rtept><rtept lat="37.539306" lon="-106.879882"><ele>3627.6000000000004</ele><time>2026-04-12T15:55:44Z</time></rtept><rtept lat="37.539106" lon="-106.880064"><ele>3625.2000000000007</ele><time>2026-04-12T15:55:44Z</time></rtept><rtept lat="37.538923" lon="-106.880263"><ele>3623.800000000001</ele><time>2026-04-12T15:55:44Z</time></rtept><rtept lat="37.538902" lon="-106.880477"><ele>3625.2000000000007</ele><time>2026-04-12T15:55:44Z</time></rtept><rtept lat="37.538617" lon="-106.880724"><ele>3622.0</ele><time>2026-04-12T15:55:44Z</time></rtept><rtept lat="37.538425" lon="-106.880831"><ele>3619.800000000001</ele><time>2026-04-12T15:55:44Z</time></rtept><rtept lat="37.537895" lon="-106.880831"><ele>3611.800000000001</ele><time>2026-04-12T15:55:44Z</time></rtept><rtept lat="37.53778" lon="-106.880917"><ele>3613.2000000000007</ele><time>2026-04-12T15:55:44Z</time></rtept><rtept lat="37.537699" lon="-106.880944"><ele>3615.0</ele><time>2026-04-12T15:55:44Z</time></rtept><rtept lat="37.537359" lon="-106.880858"><ele>3612.4000000000015</ele><time>2026-04-12T15:55:44Z</time></rtept><rtept lat="37.537053" lon="-106.880745"><ele>3608.6000000000004</ele><time>2026-04-12T15:55:44Z</time></rtept><rtept lat="37.536751" lon="-106.880633"><ele>3607.800000000001</ele><time>2026-04-12T15:55:44Z</time></rtept><rtept lat="37.536398" lon="-106.880418"><ele>3607.6000000000004</ele><time>2026-04-12T15:55:44Z</time></rtept><rtept lat="37.536147" lon="-106.880279"><ele>3605.6000000000004</ele><time>2026-04-12T15:55:44Z</time></rtept><rtept lat="37.535879" lon="-106.880053"><ele>3603.0</ele><time>2026-04-12T15:55:44Z</time></rtept><rtept lat="37.535734" lon="-106.879951"><ele>3603.4000000000015</ele><time>2026-04-12T15:55:44Z</time></rtept><rtept lat="37.535679" lon="-106.879939"><ele>3604.6000000000004</ele><time>2026-04-12T15:55:44Z</time></rtept></rte></gpx>