<?xml version="1.0" ?><gpx xmlns="http://www.topografix.com/GPX/1/1" creator="GaiaGPS" version="1.1" xmlns:xsi="http://www.w3.org/2001/XMLSchema-instance" xsi:schemaLocation="http://www.topografix.com/GPX/1/1 http://www.topografix.com/GPX/1/1/gpx.xsd"><rte><name>TD26:S7:D1 Wolf Creek Pass to Bonita Pass</name><desc>Hope for water below the pass in Pass Creek. Carry 4L from WCP anyway? Need beta.</desc><extensions><line xmlns="http://www.topografix.com/GPX/gpx_style/0/2"><color>F42410</color></line></extensions><rtept lat="37.48268" lon="-106.797803"><ele>3296.4</ele><time>2026-04-11T17:41:43Z</time></rtept><rtept lat="37.482598" lon="-106.797638"><ele>3296.6</ele><time>2026-04-11T17:41:43Z</time></rtept><rtept lat="37.482461" lon="-106.797746"><ele>3295.6</ele><time>2026-04-11T17:41:43Z</time></rtept><rtept lat="37.482461" lon="-106.797746"><ele>3295.6</ele><time>2026-04-11T17:41:43Z</time></rtept><rtept lat="37.482472" lon="-106.797737"><ele>3295.6</ele><time>2026-04-11T17:41:43Z</time></rtept><rtept lat="37.482327" lon="-106.797122"><ele>3296.2</ele><time>2026-04-11T17:41:43Z</time></rtept><rtept lat="37.482052" lon="-106.796373"><ele>3295.8</ele><time>2026-04-11T17:41:43Z</time></rtept><rtept lat="37.48142" lon="-106.795238"><ele>3289.2</ele><time>2026-04-11T17:41:43Z</time></rtept><rtept lat="37.479311" lon="-106.792787"><ele>3271.4</ele><time>2026-04-11T17:41:43Z</time></rtept><rtept lat="37.478799" lon="-106.792185"><ele>3264.6</ele><time>2026-04-11T17:41:43Z</time></rtept><rtept lat="37.478626" lon="-106.791998"><ele>3264.8</ele><time>2026-04-11T17:41:43Z</time></rtept><rtept lat="37.478439" lon="-106.791852"><ele>3262.2</ele><time>2026-04-11T17:41:43Z</time></rtept><rtept lat="37.478278" lon="-106.791783"><ele>3260.8</ele><time>2026-04-11T17:41:43Z</time></rtept><rtept lat="37.478101" lon="-106.791719"><ele>3259.2</ele><time>2026-04-11T17:41:43Z</time></rtept><rtept lat="37.477922" lon="-106.791703"><ele>3258.0</ele><time>2026-04-11T17:41:43Z</time></rtept><rtept lat="37.477729" lon="-106.791722"><ele>3257.6</ele><time>2026-04-11T17:41:43Z</time></rtept><rtept lat="37.477532" lon="-106.791768"><ele>3253.0</ele><time>2026-04-11T17:41:43Z</time></rtept><rtept lat="37.47736" lon="-106.791857"><ele>3249.8</ele><time>2026-04-11T17:41:43Z</time></rtept><rtept lat="37.477209" lon="-106.791985"><ele>3247.0</ele><time>2026-04-11T17:41:43Z</time></rtept><rtept lat="37.477068" lon="-106.792145"><ele>3245.4</ele><time>2026-04-11T17:41:43Z</time></rtept><rtept lat="37.476826" lon="-106.792455"><ele>3239.0</ele><time>2026-04-11T17:41:43Z</time></rtept><rtept lat="37.476619" lon="-106.792782"><ele>3241.4</ele><time>2026-04-11T17:41:43Z</time></rtept><rtept lat="37.476333" lon="-106.793166"><ele>3241.8</ele><time>2026-04-11T17:41:43Z</time></rtept><rtept lat="37.476177" lon="-106.793306"><ele>3243.4</ele><time>2026-04-11T17:41:43Z</time></rtept><rtept lat="37.476017" lon="-106.793411"><ele>3244.4</ele><time>2026-04-11T17:41:43Z</time></rtept><rtept lat="37.475875" lon="-106.793465"><ele>3245.2</ele><time>2026-04-11T17:41:43Z</time></rtept><rtept lat="37.475705" lon="-106.793523"><ele>3245.2</ele><time>2026-04-11T17:41:43Z</time></rtept><rtept lat="37.475401" lon="-106.793505"><ele>3244.8</ele><time>2026-04-11T17:41:43Z</time></rtept><rtept lat="37.475235" lon="-106.793489"><ele>3244.2</ele><time>2026-04-11T17:41:43Z</time></rtept><rtept lat="37.47509" lon="-106.793416"><ele>3241.6</ele><time>2026-04-11T17:41:43Z</time></rtept><rtept lat="37.474948" lon="-106.793336"><ele>3238.8</ele><time>2026-04-11T17:41:43Z</time></rtept><rtept lat="37.474819" lon="-106.793223"><ele>3235.0</ele><time>2026-04-11T17:41:43Z</time></rtept><rtept lat="37.474678" lon="-106.793048"><ele>3231.6</ele><time>2026-04-11T17:41:43Z</time></rtept><rtept lat="37.474615" lon="-106.792941"><ele>3230.4</ele><time>2026-04-11T17:41:43Z</time></rtept><rtept lat="37.474488" lon="-106.792863"><ele>3230.0</ele><time>2026-04-11T17:41:43Z</time></rtept><rtept lat="37.474488" lon="-106.792863"><ele>3230.0</ele><time>2026-04-11T17:41:43Z</time></rtept><rtept lat="37.47448" lon="-106.792838"><ele>3229.2</ele><time>2026-04-11T17:41:43Z</time></rtept><rtept lat="37.474002" lon="-106.792903"><ele>3229.6</ele><time>2026-04-11T17:41:43Z</time></rtept><rtept lat="37.473245" lon="-106.792679"><ele>3226.8</ele><time>2026-04-11T17:41:43Z</time></rtept><rtept lat="37.473032" lon="-106.792513"><ele>3226.2</ele><time>2026-04-11T17:41:43Z</time></rtept><rtept lat="37.472854" lon="-106.792354"><ele>3227.8</ele><time>2026-04-11T17:41:43Z</time></rtept><rtept lat="37.472349" lon="-106.791867"><ele>3228.2</ele><time>2026-04-11T17:41:43Z</time></rtept><rtept lat="37.472084" lon="-106.791374"><ele>3228.2</ele><time>2026-04-11T17:41:43Z</time></rtept><rtept lat="37.471939" lon="-106.790846"><ele>3226.6</ele><time>2026-04-11T17:41:43Z</time></rtept><rtept lat="37.471905" lon="-106.7906"><ele>3227.0</ele><time>2026-04-11T17:41:43Z</time></rtept><rtept lat="37.471808" lon="-106.789905"><ele>3226.4</ele><time>2026-04-11T17:41:43Z</time></rtept><rtept lat="37.471779" lon="-106.788943"><ele>3225.8</ele><time>2026-04-11T17:41:43Z</time></rtept><rtept lat="37.471558" lon="-106.78827"><ele>3225.8</ele><time>2026-04-11T17:41:43Z</time></rtept><rtept lat="37.471462" lon="-106.788037"><ele>3224.4</ele><time>2026-04-11T17:41:43Z</time></rtept><rtept lat="37.471374" lon="-106.787884"><ele>3225.0</ele><time>2026-04-11T17:41:43Z</time></rtept><rtept lat="37.471236" lon="-106.787782"><ele>3224.2</ele><time>2026-04-11T17:41:43Z</time></rtept><rtept lat="37.471148" lon="-106.787737"><ele>3225.0</ele><time>2026-04-11T17:41:43Z</time></rtept><rtept lat="37.470894" lon="-106.787544"><ele>3225.6</ele><time>2026-04-11T17:41:43Z</time></rtept><rtept lat="37.470553" lon="-106.787346"><ele>3223.8</ele><time>2026-04-11T17:41:43Z</time></rtept><rtept lat="37.470408" lon="-106.787206"><ele>3219.8</ele><time>2026-04-11T17:41:43Z</time></rtept><rtept lat="37.470292" lon="-106.787111"><ele>3217.8</ele><time>2026-04-11T17:41:43Z</time></rtept><rtept lat="37.470071" lon="-106.787023"><ele>3215.6</ele><time>2026-04-11T17:41:43Z</time></rtept><rtept lat="37.469757" lon="-106.786943"><ele>3216.2</ele><time>2026-04-11T17:41:43Z</time></rtept><rtept lat="37.469574" lon="-106.786949"><ele>3216.8</ele><time>2026-04-11T17:41:43Z</time></rtept><rtept lat="37.469279" lon="-106.786996"><ele>3217.2</ele><time>2026-04-11T17:41:43Z</time></rtept><rtept lat="37.46916" lon="-106.786962"><ele>3217.8</ele><time>2026-04-11T17:41:43Z</time></rtept><rtept lat="37.469101" lon="-106.786905"><ele>3217.4</ele><time>2026-04-11T17:41:43Z</time></rtept><rtept lat="37.468994" lon="-106.786738"><ele>3216.8</ele><time>2026-04-11T17:41:43Z</time></rtept><rtept lat="37.468883" lon="-106.786564"><ele>3214.0</ele><time>2026-04-11T17:41:43Z</time></rtept><rtept lat="37.468794" lon="-106.786477"><ele>3213.2</ele><time>2026-04-11T17:41:43Z</time></rtept><rtept lat="37.468695" lon="-106.786429"><ele>3213.6</ele><time>2026-04-11T17:41:43Z</time></rtept><rtept lat="37.468583" lon="-106.786411"><ele>3211.6</ele><time>2026-04-11T17:41:43Z</time></rtept><rtept lat="37.468226" lon="-106.786426"><ele>3214.8</ele><time>2026-04-11T17:41:43Z</time></rtept><rtept lat="37.467873" lon="-106.786472"><ele>3214.2</ele><time>2026-04-11T17:41:43Z</time></rtept><rtept lat="37.467768" lon="-106.786486"><ele>3213.6</ele><time>2026-04-11T17:41:43Z</time></rtept><rtept lat="37.467561" lon="-106.786525"><ele>3213.4</ele><time>2026-04-11T17:41:43Z</time></rtept><rtept lat="37.467439" lon="-106.786588"><ele>3212.4</ele><time>2026-04-11T17:41:43Z</time></rtept><rtept lat="37.467349" lon="-106.786685"><ele>3212.8</ele><time>2026-04-11T17:41:43Z</time></rtept><rtept lat="37.467249" lon="-106.786848"><ele>3212.8</ele><time>2026-04-11T17:41:43Z</time></rtept><rtept lat="37.467074" lon="-106.787318"><ele>3213.2</ele><time>2026-04-11T17:41:43Z</time></rtept><rtept lat="37.466925" lon="-106.7877"><ele>3212.6</ele><time>2026-04-11T17:41:43Z</time></rtept><rtept lat="37.466803" lon="-106.788015"><ele>3212.6</ele><time>2026-04-11T17:41:43Z</time></rtept><rtept lat="37.466626" lon="-106.788315"><ele>3213.2</ele><time>2026-04-11T17:41:43Z</time></rtept><rtept lat="37.466499" lon="-106.788494"><ele>3213.0</ele><time>2026-04-11T17:41:43Z</time></rtept><rtept lat="37.4664" lon="-106.788626"><ele>3212.2</ele><time>2026-04-11T17:41:43Z</time></rtept><rtept lat="37.466321" lon="-106.788705"><ele>3212.8</ele><time>2026-04-11T17:41:43Z</time></rtept><rtept lat="37.466217" lon="-106.788741"><ele>3213.8</ele><time>2026-04-11T17:41:43Z</time></rtept><rtept lat="37.466005" lon="-106.788589"><ele>3212.4</ele><time>2026-04-11T17:41:43Z</time></rtept><rtept lat="37.465946" lon="-106.788464"><ele>3211.0</ele><time>2026-04-11T17:41:43Z</time></rtept><rtept lat="37.465891" lon="-106.788186"><ele>3209.6</ele><time>2026-04-11T17:41:43Z</time></rtept><rtept lat="37.4658" lon="-106.787825"><ele>3205.2</ele><time>2026-04-11T17:41:43Z</time></rtept><rtept lat="37.465754" lon="-106.787535"><ele>3203.2</ele><time>2026-04-11T17:41:43Z</time></rtept><rtept lat="37.465667" lon="-106.786938"><ele>3204.8</ele><time>2026-04-11T17:41:43Z</time></rtept><rtept lat="37.465651" lon="-106.786729"><ele>3206.2</ele><time>2026-04-11T17:41:43Z</time></rtept><rtept lat="37.465657" lon="-106.786563"><ele>3206.0</ele><time>2026-04-11T17:41:43Z</time></rtept><rtept lat="37.465747" lon="-106.785441"><ele>3199.6</ele><time>2026-04-11T17:41:43Z</time></rtept><rtept lat="37.465734" lon="-106.78524"><ele>3198.4</ele><time>2026-04-11T17:41:43Z</time></rtept><rtept lat="37.465686" lon="-106.785025"><ele>3198.2</ele><time>2026-04-11T17:41:43Z</time></rtept><rtept lat="37.465616" lon="-106.784491"><ele>3198.8</ele><time>2026-04-11T17:41:43Z</time></rtept><rtept lat="37.465598" lon="-106.784031"><ele>3198.0</ele><time>2026-04-11T17:41:43Z</time></rtept><rtept lat="37.465518" lon="-106.783742"><ele>3198.0</ele><time>2026-04-11T17:41:43Z</time></rtept><rtept lat="37.465396" lon="-106.78353"><ele>3197.4</ele><time>2026-04-11T17:41:43Z</time></rtept><rtept lat="37.464964" lon="-106.783202"><ele>3195.6</ele><time>2026-04-11T17:41:43Z</time></rtept><rtept lat="37.46487" lon="-106.783093"><ele>3195.8</ele><time>2026-04-11T17:41:43Z</time></rtept><rtept lat="37.464741" lon="-106.782868"><ele>3195.0</ele><time>2026-04-11T17:41:43Z</time></rtept><rtept lat="37.464558" lon="-106.782714"><ele>3195.0</ele><time>2026-04-11T17:41:43Z</time></rtept><rtept lat="37.464409" lon="-106.78263"><ele>3195.2</ele><time>2026-04-11T17:41:43Z</time></rtept><rtept lat="37.464212" lon="-106.782415"><ele>3195.0</ele><time>2026-04-11T17:41:43Z</time></rtept><rtept lat="37.464124" lon="-106.782315"><ele>3194.8</ele><time>2026-04-11T17:41:43Z</time></rtept><rtept lat="37.463991" lon="-106.781998"><ele>3191.8</ele><time>2026-04-11T17:41:43Z</time></rtept><rtept lat="37.463769" lon="-106.781507"><ele>3190.0</ele><time>2026-04-11T17:41:43Z</time></rtept><rtept lat="37.463663" lon="-106.781399"><ele>3190.8</ele><time>2026-04-11T17:41:43Z</time></rtept><rtept lat="37.463562" lon="-106.781327"><ele>3190.6</ele><time>2026-04-11T17:41:43Z</time></rtept><rtept lat="37.463463" lon="-106.781211"><ele>3191.8</ele><time>2026-04-11T17:41:43Z</time></rtept><rtept lat="37.463344" lon="-106.780997"><ele>3189.6</ele><time>2026-04-11T17:41:43Z</time></rtept><rtept lat="37.463314" lon="-106.780923"><ele>3188.0</ele><time>2026-04-11T17:41:43Z</time></rtept><rtept lat="37.463211" lon="-106.780704"><ele>3186.2</ele><time>2026-04-11T17:41:43Z</time></rtept><rtept lat="37.463137" lon="-106.780492"><ele>3187.2</ele><time>2026-04-11T17:41:43Z</time></rtept><rtept lat="37.463058" lon="-106.780114"><ele>3189.6</ele><time>2026-04-11T17:41:43Z</time></rtept><rtept lat="37.462924" lon="-106.77961"><ele>3191.4</ele><time>2026-04-11T17:41:43Z</time></rtept><rtept lat="37.462852" lon="-106.779379"><ele>3192.4</ele><time>2026-04-11T17:41:43Z</time></rtept><rtept lat="37.462758" lon="-106.779178"><ele>3193.2</ele><time>2026-04-11T17:41:43Z</time></rtept><rtept lat="37.462576" lon="-106.778938"><ele>3195.4</ele><time>2026-04-11T17:41:43Z</time></rtept><rtept lat="37.4625" lon="-106.778792"><ele>3196.2</ele><time>2026-04-11T17:41:43Z</time></rtept><rtept lat="37.462481" lon="-106.778695"><ele>3196.2</ele><time>2026-04-11T17:41:43Z</time></rtept><rtept lat="37.462496" lon="-106.778588"><ele>3196.8</ele><time>2026-04-11T17:41:43Z</time></rtept><rtept lat="37.462511" lon="-106.778494"><ele>3197.4</ele><time>2026-04-11T17:41:43Z</time></rtept><rtept lat="37.462445" lon="-106.778315"><ele>3199.0</ele><time>2026-04-11T17:41:43Z</time></rtept><rtept lat="37.462343" lon="-106.778156"><ele>3200.0</ele><time>2026-04-11T17:41:43Z</time></rtept><rtept lat="37.462255" lon="-106.778009"><ele>3202.0</ele><time>2026-04-11T17:41:43Z</time></rtept><rtept lat="37.462108" lon="-106.777494"><ele>3202.8</ele><time>2026-04-11T17:41:43Z</time></rtept><rtept lat="37.461923" lon="-106.777049"><ele>3204.0</ele><time>2026-04-11T17:41:43Z</time></rtept><rtept lat="37.461751" lon="-106.776588"><ele>3206.4</ele><time>2026-04-11T17:41:43Z</time></rtept><rtept lat="37.4616" lon="-106.775941"><ele>3209.0</ele><time>2026-04-11T17:41:43Z</time></rtept><rtept lat="37.461527" lon="-106.775562"><ele>3210.2</ele><time>2026-04-11T17:41:43Z</time></rtept><rtept lat="37.461416" lon="-106.775249"><ele>3210.8</ele><time>2026-04-11T17:41:43Z</time></rtept><rtept lat="37.461318" lon="-106.77512"><ele>3211.2</ele><time>2026-04-11T17:41:43Z</time></rtept><rtept lat="37.461063" lon="-106.774927"><ele>3213.4</ele><time>2026-04-11T17:41:43Z</time></rtept><rtept lat="37.460976" lon="-106.774846"><ele>3213.8</ele><time>2026-04-11T17:41:43Z</time></rtept><rtept lat="37.46091" lon="-106.774633"><ele>3213.2</ele><time>2026-04-11T17:41:43Z</time></rtept><rtept lat="37.460901" lon="-106.774517"><ele>3213.2</ele><time>2026-04-11T17:41:43Z</time></rtept><rtept lat="37.460928" lon="-106.774366"><ele>3215.2</ele><time>2026-04-11T17:41:43Z</time></rtept><rtept lat="37.461008" lon="-106.774219"><ele>3217.2</ele><time>2026-04-11T17:41:43Z</time></rtept><rtept lat="37.461076" lon="-106.774004"><ele>3219.2</ele><time>2026-04-11T17:41:43Z</time></rtept><rtept lat="37.461029" lon="-106.773597"><ele>3223.0</ele><time>2026-04-11T17:41:43Z</time></rtept><rtept lat="37.461025" lon="-106.773173"><ele>3226.2</ele><time>2026-04-11T17:41:43Z</time></rtept><rtept lat="37.461029" lon="-106.772652"><ele>3230.0</ele><time>2026-04-11T17:41:43Z</time></rtept><rtept lat="37.461008" lon="-106.772041"><ele>3236.0</ele><time>2026-04-11T17:41:43Z</time></rtept><rtept lat="37.460979" lon="-106.771817"><ele>3239.2</ele><time>2026-04-11T17:41:43Z</time></rtept><rtept lat="37.461035" lon="-106.771711"><ele>3240.2</ele><time>2026-04-11T17:41:43Z</time></rtept><rtept lat="37.461069" lon="-106.771593"><ele>3241.4</ele><time>2026-04-11T17:41:43Z</time></rtept><rtept lat="37.461231" lon="-106.77148"><ele>3243.6</ele><time>2026-04-11T17:41:43Z</time></rtept><rtept lat="37.461397" lon="-106.771056"><ele>3250.6</ele><time>2026-04-11T17:41:43Z</time></rtept><rtept lat="37.461451" lon="-106.770944"><ele>3251.4</ele><time>2026-04-11T17:41:43Z</time></rtept><rtept lat="37.461542" lon="-106.770895"><ele>3250.6</ele><time>2026-04-11T17:41:43Z</time></rtept><rtept lat="37.461681" lon="-106.770802"><ele>3249.6</ele><time>2026-04-11T17:41:43Z</time></rtept><rtept lat="37.461808" lon="-106.770745"><ele>3248.2</ele><time>2026-04-11T17:41:43Z</time></rtept><rtept lat="37.461885" lon="-106.770582"><ele>3248.6</ele><time>2026-04-11T17:41:43Z</time></rtept><rtept lat="37.461879" lon="-106.770466"><ele>3249.0</ele><time>2026-04-11T17:41:43Z</time></rtept><rtept lat="37.461838" lon="-106.770324"><ele>3251.2</ele><time>2026-04-11T17:41:43Z</time></rtept><rtept lat="37.461742" lon="-106.770134"><ele>3253.4</ele><time>2026-04-11T17:41:43Z</time></rtept><rtept lat="37.461659" lon="-106.769978"><ele>3255.6</ele><time>2026-04-11T17:41:43Z</time></rtept><rtept lat="37.461561" lon="-106.769874"><ele>3259.2</ele><time>2026-04-11T17:41:43Z</time></rtept><rtept lat="37.46134" lon="-106.769882"><ele>3262.8</ele><time>2026-04-11T17:41:43Z</time></rtept><rtept lat="37.461063" lon="-106.76993"><ele>3267.6</ele><time>2026-04-11T17:41:43Z</time></rtept><rtept lat="37.460771" lon="-106.769965"><ele>3271.4</ele><time>2026-04-11T17:41:43Z</time></rtept><rtept lat="37.460561" lon="-106.769997"><ele>3274.2</ele><time>2026-04-11T17:41:43Z</time></rtept><rtept lat="37.460356" lon="-106.770088"><ele>3275.0</ele><time>2026-04-11T17:41:43Z</time></rtept><rtept lat="37.460165" lon="-106.770096"><ele>3277.0</ele><time>2026-04-11T17:41:43Z</time></rtept><rtept lat="37.459962" lon="-106.770034"><ele>3278.6</ele><time>2026-04-11T17:41:43Z</time></rtept><rtept lat="37.459815" lon="-106.769986"><ele>3282.2</ele><time>2026-04-11T17:41:43Z</time></rtept><rtept lat="37.459556" lon="-106.770013"><ele>3286.4</ele><time>2026-04-11T17:41:43Z</time></rtept><rtept lat="37.459294" lon="-106.770034"><ele>3288.4</ele><time>2026-04-11T17:41:43Z</time></rtept><rtept lat="37.459217" lon="-106.770099"><ele>3289.6</ele><time>2026-04-11T17:41:43Z</time></rtept><rtept lat="37.459113" lon="-106.77022"><ele>3287.4</ele><time>2026-04-11T17:41:43Z</time></rtept><rtept lat="37.459002" lon="-106.770268"><ele>3288.8</ele><time>2026-04-11T17:41:43Z</time></rtept><rtept lat="37.458928" lon="-106.770316"><ele>3287.6</ele><time>2026-04-11T17:41:43Z</time></rtept><rtept lat="37.458802" lon="-106.770439"><ele>3287.8</ele><time>2026-04-11T17:41:43Z</time></rtept><rtept lat="37.458687" lon="-106.770472"><ele>3288.2</ele><time>2026-04-11T17:41:43Z</time></rtept><rtept lat="37.458485" lon="-106.770469"><ele>3292.0</ele><time>2026-04-11T17:41:43Z</time></rtept><rtept lat="37.458257" lon="-106.770474"><ele>3295.0</ele><time>2026-04-11T17:41:43Z</time></rtept><rtept lat="37.458021" lon="-106.770482"><ele>3297.8</ele><time>2026-04-11T17:41:43Z</time></rtept><rtept lat="37.457831" lon="-106.770429"><ele>3301.2</ele><time>2026-04-11T17:41:43Z</time></rtept><rtept lat="37.457654" lon="-106.770343"><ele>3304.0</ele><time>2026-04-11T17:41:43Z</time></rtept><rtept lat="37.457548" lon="-106.770222"><ele>3305.8</ele><time>2026-04-11T17:41:43Z</time></rtept><rtept lat="37.45732" lon="-106.77008"><ele>3309.4</ele><time>2026-04-11T17:41:43Z</time></rtept><rtept lat="37.457233" lon="-106.769951"><ele>3311.6</ele><time>2026-04-11T17:41:43Z</time></rtept><rtept lat="37.457248" lon="-106.769747"><ele>3319.2</ele><time>2026-04-11T17:41:43Z</time></rtept><rtept lat="37.457303" lon="-106.769688"><ele>3319.6</ele><time>2026-04-11T17:41:43Z</time></rtept><rtept lat="37.457506" lon="-106.769663"><ele>3323.4</ele><time>2026-04-11T17:41:43Z</time></rtept><rtept lat="37.457604" lon="-106.769718"><ele>3320.4</ele><time>2026-04-11T17:41:43Z</time></rtept><rtept lat="37.457656" lon="-106.769728"><ele>3320.4</ele><time>2026-04-11T17:41:43Z</time></rtept><rtept lat="37.457705" lon="-106.769753"><ele>3320.4</ele><time>2026-04-11T17:41:43Z</time></rtept><rtept lat="37.457747" lon="-106.769788"><ele>3317.6</ele><time>2026-04-11T17:41:43Z</time></rtept><rtept lat="37.457861" lon="-106.769843"><ele>3317.2</ele><time>2026-04-11T17:41:43Z</time></rtept><rtept lat="37.458012" lon="-106.769885"><ele>3314.2</ele><time>2026-04-11T17:41:43Z</time></rtept><rtept lat="37.458061" lon="-106.769905"><ele>3313.8</ele><time>2026-04-11T17:41:43Z</time></rtept><rtept lat="37.458115" lon="-106.769893"><ele>3313.2</ele><time>2026-04-11T17:41:43Z</time></rtept><rtept lat="37.458358" lon="-106.769794"><ele>3313.2</ele><time>2026-04-11T17:41:43Z</time></rtept><rtept lat="37.45852" lon="-106.769773"><ele>3310.0</ele><time>2026-04-11T17:41:43Z</time></rtept><rtept lat="37.458579" lon="-106.769782"><ele>3309.0</ele><time>2026-04-11T17:41:43Z</time></rtept><rtept lat="37.458615" lon="-106.76975"><ele>3311.4</ele><time>2026-04-11T17:41:43Z</time></rtept><rtept lat="37.458638" lon="-106.769706"><ele>3311.4</ele><time>2026-04-11T17:41:43Z</time></rtept><rtept lat="37.458814" lon="-106.769575"><ele>3313.0</ele><time>2026-04-11T17:41:43Z</time></rtept><rtept lat="37.458864" lon="-106.769556"><ele>3311.8</ele><time>2026-04-11T17:41:43Z</time></rtept><rtept lat="37.458961" lon="-106.769535"><ele>3310.6</ele><time>2026-04-11T17:41:43Z</time></rtept><rtept lat="37.459151" lon="-106.769461"><ele>3309.8</ele><time>2026-04-11T17:41:43Z</time></rtept><rtept lat="37.459242" lon="-106.769418"><ele>3311.2</ele><time>2026-04-11T17:41:43Z</time></rtept><rtept lat="37.459337" lon="-106.769412"><ele>3308.8</ele><time>2026-04-11T17:41:43Z</time></rtept><rtept lat="37.459387" lon="-106.769397"><ele>3308.8</ele><time>2026-04-11T17:41:43Z</time></rtept><rtept lat="37.459425" lon="-106.769369"><ele>3307.8</ele><time>2026-04-11T17:41:43Z</time></rtept><rtept lat="37.459468" lon="-106.769371"><ele>3306.4</ele><time>2026-04-11T17:41:43Z</time></rtept><rtept lat="37.459515" lon="-106.769389"><ele>3306.4</ele><time>2026-04-11T17:41:43Z</time></rtept><rtept lat="37.459632" lon="-106.769389"><ele>3304.0</ele><time>2026-04-11T17:41:43Z</time></rtept><rtept lat="37.459815" lon="-106.769363"><ele>3300.2</ele><time>2026-04-11T17:41:43Z</time></rtept><rtept lat="37.459921" lon="-106.769358"><ele>3299.0</ele><time>2026-04-11T17:41:43Z</time></rtept><rtept lat="37.460023" lon="-106.76934"><ele>3298.6</ele><time>2026-04-11T17:41:43Z</time></rtept><rtept lat="37.460133" lon="-106.76934"><ele>3297.4</ele><time>2026-04-11T17:41:43Z</time></rtept><rtept lat="37.460185" lon="-106.76933"><ele>3296.4</ele><time>2026-04-11T17:41:43Z</time></rtept><rtept lat="37.460233" lon="-106.7693"><ele>3295.2</ele><time>2026-04-11T17:41:43Z</time></rtept><rtept lat="37.460315" lon="-106.769218"><ele>3296.0</ele><time>2026-04-11T17:41:43Z</time></rtept><rtept lat="37.460363" lon="-106.769181"><ele>3294.6</ele><time>2026-04-11T17:41:43Z</time></rtept><rtept lat="37.460443" lon="-106.769098"><ele>3294.6</ele><time>2026-04-11T17:41:43Z</time></rtept><rtept lat="37.460478" lon="-106.769052"><ele>3296.2</ele><time>2026-04-11T17:41:43Z</time></rtept><rtept lat="37.460506" lon="-106.769001"><ele>3294.4</ele><time>2026-04-11T17:41:43Z</time></rtept><rtept lat="37.460545" lon="-106.768905"><ele>3296.8</ele><time>2026-04-11T17:41:43Z</time></rtept><rtept lat="37.460586" lon="-106.768732"><ele>3297.0</ele><time>2026-04-11T17:41:43Z</time></rtept><rtept lat="37.460607" lon="-106.768677"><ele>3297.0</ele><time>2026-04-11T17:41:43Z</time></rtept><rtept lat="37.460665" lon="-106.768589"><ele>3295.4</ele><time>2026-04-11T17:41:43Z</time></rtept><rtept lat="37.460779" lon="-106.768467"><ele>3291.6</ele><time>2026-04-11T17:41:43Z</time></rtept><rtept lat="37.460826" lon="-106.768389"><ele>3290.0</ele><time>2026-04-11T17:41:43Z</time></rtept><rtept lat="37.46089" lon="-106.768299"><ele>3290.8</ele><time>2026-04-11T17:41:43Z</time></rtept><rtept lat="37.460941" lon="-106.768195"><ele>3289.2</ele><time>2026-04-11T17:41:43Z</time></rtept><rtept lat="37.460958" lon="-106.768135"><ele>3290.2</ele><time>2026-04-11T17:41:43Z</time></rtept><rtept lat="37.460988" lon="-106.768085"><ele>3287.6</ele><time>2026-04-11T17:41:43Z</time></rtept><rtept lat="37.461059" lon="-106.768007"><ele>3285.8</ele><time>2026-04-11T17:41:43Z</time></rtept><rtept lat="37.461089" lon="-106.767956"><ele>3286.8</ele><time>2026-04-11T17:41:43Z</time></rtept><rtept lat="37.461131" lon="-106.76784"><ele>3284.6</ele><time>2026-04-11T17:41:43Z</time></rtept><rtept lat="37.461161" lon="-106.767791"><ele>3285.4</ele><time>2026-04-11T17:41:43Z</time></rtept><rtept lat="37.461196" lon="-106.767755"><ele>3282.4</ele><time>2026-04-11T17:41:43Z</time></rtept><rtept lat="37.461223" lon="-106.767708"><ele>3283.2</ele><time>2026-04-11T17:41:43Z</time></rtept><rtept lat="37.461308" lon="-106.767502"><ele>3278.2</ele><time>2026-04-11T17:41:43Z</time></rtept><rtept lat="37.461305" lon="-106.767396"><ele>3278.8</ele><time>2026-04-11T17:41:43Z</time></rtept><rtept lat="37.461323" lon="-106.767339"><ele>3279.6</ele><time>2026-04-11T17:41:43Z</time></rtept><rtept lat="37.461349" lon="-106.767147"><ele>3282.2</ele><time>2026-04-11T17:41:43Z</time></rtept><rtept lat="37.461372" lon="-106.767091"><ele>3280.6</ele><time>2026-04-11T17:41:43Z</time></rtept><rtept lat="37.461382" lon="-106.767038"><ele>3280.6</ele><time>2026-04-11T17:41:43Z</time></rtept><rtept lat="37.461431" lon="-106.766917"><ele>3282.8</ele><time>2026-04-11T17:41:43Z</time></rtept><rtept lat="37.46149" lon="-106.766735"><ele>3283.0</ele><time>2026-04-11T17:41:43Z</time></rtept><rtept lat="37.461565" lon="-106.766573"><ele>3285.0</ele><time>2026-04-11T17:41:43Z</time></rtept><rtept lat="37.461595" lon="-106.766535"><ele>3283.4</ele><time>2026-04-11T17:41:43Z</time></rtept><rtept lat="37.46167" lon="-106.766509"><ele>3284.4</ele><time>2026-04-11T17:41:43Z</time></rtept><rtept lat="37.461829" lon="-106.766547"><ele>3280.6</ele><time>2026-04-11T17:41:43Z</time></rtept><rtept lat="37.461869" lon="-106.766548"><ele>3280.4</ele><time>2026-04-11T17:41:43Z</time></rtept><rtept lat="37.461951" lon="-106.76653"><ele>3280.2</ele><time>2026-04-11T17:41:43Z</time></rtept><rtept lat="37.461998" lon="-106.766549"><ele>3280.0</ele><time>2026-04-11T17:41:43Z</time></rtept><rtept lat="37.46206" lon="-106.766606"><ele>3277.0</ele><time>2026-04-11T17:41:43Z</time></rtept><rtept lat="37.462098" lon="-106.766631"><ele>3277.0</ele><time>2026-04-11T17:41:43Z</time></rtept><rtept lat="37.462136" lon="-106.766627"><ele>3276.2</ele><time>2026-04-11T17:41:43Z</time></rtept><rtept lat="37.462257" lon="-106.766563"><ele>3276.8</ele><time>2026-04-11T17:41:43Z</time></rtept><rtept lat="37.462331" lon="-106.766537"><ele>3276.2</ele><time>2026-04-11T17:41:43Z</time></rtept><rtept lat="37.462375" lon="-106.76651"><ele>3278.4</ele><time>2026-04-11T17:41:43Z</time></rtept><rtept lat="37.46242" lon="-106.766496"><ele>3278.0</ele><time>2026-04-11T17:41:43Z</time></rtept><rtept lat="37.462509" lon="-106.76655"><ele>3275.8</ele><time>2026-04-11T17:41:43Z</time></rtept><rtept lat="37.462561" lon="-106.766556"><ele>3276.2</ele><time>2026-04-11T17:41:43Z</time></rtept><rtept lat="37.462658" lon="-106.766519"><ele>3276.8</ele><time>2026-04-11T17:41:43Z</time></rtept><rtept lat="37.462701" lon="-106.766544"><ele>3278.0</ele><time>2026-04-11T17:41:43Z</time></rtept><rtept lat="37.462727" lon="-106.766602"><ele>3276.0</ele><time>2026-04-11T17:41:43Z</time></rtept><rtept lat="37.4628" lon="-106.766853"><ele>3273.6</ele><time>2026-04-11T17:41:43Z</time></rtept><rtept lat="37.462799" lon="-106.766911"><ele>3271.4</ele><time>2026-04-11T17:41:43Z</time></rtept><rtept lat="37.462787" lon="-106.766966"><ele>3269.4</ele><time>2026-04-11T17:41:43Z</time></rtept><rtept lat="37.462795" lon="-106.767037"><ele>3267.6</ele><time>2026-04-11T17:41:43Z</time></rtept><rtept lat="37.462818" lon="-106.767169"><ele>3267.6</ele><time>2026-04-11T17:41:43Z</time></rtept><rtept lat="37.462833" lon="-106.76723"><ele>3266.0</ele><time>2026-04-11T17:41:43Z</time></rtept><rtept lat="37.462854" lon="-106.767283"><ele>3264.6</ele><time>2026-04-11T17:41:43Z</time></rtept><rtept lat="37.462884" lon="-106.767416"><ele>3264.4</ele><time>2026-04-11T17:41:43Z</time></rtept><rtept lat="37.462906" lon="-106.767468"><ele>3262.8</ele><time>2026-04-11T17:41:43Z</time></rtept><rtept lat="37.463029" lon="-106.767672"><ele>3262.0</ele><time>2026-04-11T17:41:43Z</time></rtept><rtept lat="37.463069" lon="-106.767715"><ele>3260.6</ele><time>2026-04-11T17:41:43Z</time></rtept><rtept lat="37.463174" lon="-106.76772"><ele>3262.6</ele><time>2026-04-11T17:41:43Z</time></rtept><rtept lat="37.463217" lon="-106.767744"><ele>3263.2</ele><time>2026-04-11T17:41:43Z</time></rtept><rtept lat="37.463255" lon="-106.767789"><ele>3263.2</ele><time>2026-04-11T17:41:43Z</time></rtept><rtept lat="37.463341" lon="-106.767864"><ele>3262.6</ele><time>2026-04-11T17:41:43Z</time></rtept><rtept lat="37.463403" lon="-106.767973"><ele>3260.6</ele><time>2026-04-11T17:41:43Z</time></rtept><rtept lat="37.463448" lon="-106.76809"><ele>3259.6</ele><time>2026-04-11T17:41:43Z</time></rtept><rtept lat="37.463486" lon="-106.768137"><ele>3260.0</ele><time>2026-04-11T17:41:43Z</time></rtept><rtept lat="37.463539" lon="-106.76818"><ele>3258.8</ele><time>2026-04-11T17:41:43Z</time></rtept><rtept lat="37.46364" lon="-106.768235"><ele>3258.0</ele><time>2026-04-11T17:41:43Z</time></rtept><rtept lat="37.46368" lon="-106.768273"><ele>3258.0</ele><time>2026-04-11T17:41:43Z</time></rtept><rtept lat="37.463814" lon="-106.768339"><ele>3257.2</ele><time>2026-04-11T17:41:43Z</time></rtept><rtept lat="37.463866" lon="-106.768348"><ele>3257.0</ele><time>2026-04-11T17:41:43Z</time></rtept><rtept lat="37.463915" lon="-106.768367"><ele>3256.4</ele><time>2026-04-11T17:41:43Z</time></rtept><rtept lat="37.463969" lon="-106.768371"><ele>3254.8</ele><time>2026-04-11T17:41:43Z</time></rtept><rtept lat="37.463999" lon="-106.768329"><ele>3254.8</ele><time>2026-04-11T17:41:43Z</time></rtept><rtept lat="37.464013" lon="-106.768147"><ele>3257.0</ele><time>2026-04-11T17:41:43Z</time></rtept><rtept lat="37.463993" lon="-106.767967"><ele>3257.2</ele><time>2026-04-11T17:41:43Z</time></rtept><rtept lat="37.464009" lon="-106.767804"><ele>3256.8</ele><time>2026-04-11T17:41:43Z</time></rtept><rtept lat="37.464003" lon="-106.767748"><ele>3256.2</ele><time>2026-04-11T17:41:43Z</time></rtept><rtept lat="37.464005" lon="-106.767622"><ele>3254.6</ele><time>2026-04-11T17:41:43Z</time></rtept><rtept lat="37.463985" lon="-106.767587"><ele>3254.6</ele><time>2026-04-11T17:41:43Z</time></rtept><rtept lat="37.463966" lon="-106.767533"><ele>3253.8</ele><time>2026-04-11T17:41:43Z</time></rtept><rtept lat="37.463955" lon="-106.76752"><ele>3256.6</ele><time>2026-04-11T17:41:43Z</time></rtept><rtept lat="37.463916" lon="-106.767394"><ele>3256.0</ele><time>2026-04-11T17:41:43Z</time></rtept><rtept lat="37.463837" lon="-106.767281"><ele>3257.0</ele><time>2026-04-11T17:41:43Z</time></rtept><rtept lat="37.463844" lon="-106.767224"><ele>3257.0</ele><time>2026-04-11T17:41:43Z</time></rtept><rtept lat="37.463841" lon="-106.76716"><ele>3256.2</ele><time>2026-04-11T17:41:43Z</time></rtept><rtept lat="37.463831" lon="-106.767094"><ele>3255.4</ele><time>2026-04-11T17:41:43Z</time></rtept><rtept lat="37.463796" lon="-106.766995"><ele>3257.6</ele><time>2026-04-11T17:41:43Z</time></rtept><rtept lat="37.463773" lon="-106.766864"><ele>3257.0</ele><time>2026-04-11T17:41:43Z</time></rtept><rtept lat="37.463725" lon="-106.766769"><ele>3260.0</ele><time>2026-04-11T17:41:43Z</time></rtept><rtept lat="37.463679" lon="-106.766654"><ele>3263.0</ele><time>2026-04-11T17:41:43Z</time></rtept><rtept lat="37.463671" lon="-106.766596"><ele>3263.0</ele><time>2026-04-11T17:41:43Z</time></rtept><rtept lat="37.463691" lon="-106.766448"><ele>3258.0</ele><time>2026-04-11T17:41:43Z</time></rtept><rtept lat="37.463704" lon="-106.766389"><ele>3257.4</ele><time>2026-04-11T17:41:43Z</time></rtept><rtept lat="37.463744" lon="-106.766264"><ele>3256.8</ele><time>2026-04-11T17:41:43Z</time></rtept><rtept lat="37.463742" lon="-106.766202"><ele>3256.0</ele><time>2026-04-11T17:41:43Z</time></rtept><rtept lat="37.463732" lon="-106.766139"><ele>3255.2</ele><time>2026-04-11T17:41:43Z</time></rtept><rtept lat="37.463723" lon="-106.766005"><ele>3254.2</ele><time>2026-04-11T17:41:43Z</time></rtept><rtept lat="37.463687" lon="-106.765826"><ele>3252.0</ele><time>2026-04-11T17:41:43Z</time></rtept><rtept lat="37.463685" lon="-106.765705"><ele>3252.8</ele><time>2026-04-11T17:41:43Z</time></rtept><rtept lat="37.463676" lon="-106.765646"><ele>3250.2</ele><time>2026-04-11T17:41:43Z</time></rtept><rtept lat="37.463638" lon="-106.765479"><ele>3244.6</ele><time>2026-04-11T17:41:43Z</time></rtept><rtept lat="37.463584" lon="-106.765374"><ele>3246.8</ele><time>2026-04-11T17:41:43Z</time></rtept><rtept lat="37.463513" lon="-106.765284"><ele>3249.2</ele><time>2026-04-11T17:41:43Z</time></rtept><rtept lat="37.463454" lon="-106.765189"><ele>3251.8</ele><time>2026-04-11T17:41:43Z</time></rtept><rtept lat="37.463427" lon="-106.765129"><ele>3249.2</ele><time>2026-04-11T17:41:43Z</time></rtept><rtept lat="37.463411" lon="-106.765024"><ele>3252.2</ele><time>2026-04-11T17:41:43Z</time></rtept><rtept lat="37.463369" lon="-106.764837"><ele>3249.0</ele><time>2026-04-11T17:41:43Z</time></rtept><rtept lat="37.463374" lon="-106.764641"><ele>3248.8</ele><time>2026-04-11T17:41:43Z</time></rtept><rtept lat="37.463361" lon="-106.764569"><ele>3250.8</ele><time>2026-04-11T17:41:43Z</time></rtept><rtept lat="37.46334" lon="-106.764505"><ele>3259.2</ele><time>2026-04-11T17:41:43Z</time></rtept><rtept lat="37.463336" lon="-106.764443"><ele>3261.0</ele><time>2026-04-11T17:41:43Z</time></rtept><rtept lat="37.46334" lon="-106.764336"><ele>3263.0</ele><time>2026-04-11T17:41:43Z</time></rtept><rtept lat="37.463323" lon="-106.764273"><ele>3265.0</ele><time>2026-04-11T17:41:43Z</time></rtept><rtept lat="37.463319" lon="-106.764215"><ele>3265.0</ele><time>2026-04-11T17:41:43Z</time></rtept><rtept lat="37.463329" lon="-106.764151"><ele>3266.6</ele><time>2026-04-11T17:41:43Z</time></rtept><rtept lat="37.463357" lon="-106.7641"><ele>3264.6</ele><time>2026-04-11T17:41:43Z</time></rtept><rtept lat="37.46338" lon="-106.764074"><ele>3264.6</ele><time>2026-04-11T17:41:43Z</time></rtept><rtept lat="37.463411" lon="-106.763986"><ele>3266.4</ele><time>2026-04-11T17:41:43Z</time></rtept><rtept lat="37.463518" lon="-106.763919"><ele>3261.6</ele><time>2026-04-11T17:41:43Z</time></rtept><rtept lat="37.463634" lon="-106.763789"><ele>3256.6</ele><time>2026-04-11T17:41:43Z</time></rtept><rtept lat="37.46369" lon="-106.763694"><ele>3254.6</ele><time>2026-04-11T17:41:43Z</time></rtept><rtept lat="37.463693" lon="-106.763629"><ele>3256.4</ele><time>2026-04-11T17:41:43Z</time></rtept><rtept lat="37.463671" lon="-106.763588"><ele>3261.0</ele><time>2026-04-11T17:41:43Z</time></rtept><rtept lat="37.463677" lon="-106.763517"><ele>3261.0</ele><time>2026-04-11T17:41:43Z</time></rtept><rtept lat="37.463669" lon="-106.763461"><ele>3261.6</ele><time>2026-04-11T17:41:43Z</time></rtept><rtept lat="37.463653" lon="-106.763409"><ele>3261.8</ele><time>2026-04-11T17:41:43Z</time></rtept><rtept lat="37.463658" lon="-106.763277"><ele>3261.8</ele><time>2026-04-11T17:41:43Z</time></rtept><rtept lat="37.463641" lon="-106.763208"><ele>3261.6</ele><time>2026-04-11T17:41:43Z</time></rtept><rtept lat="37.463655" lon="-106.763161"><ele>3261.6</ele><time>2026-04-11T17:41:43Z</time></rtept><rtept lat="37.463694" lon="-106.763136"><ele>3261.4</ele><time>2026-04-11T17:41:43Z</time></rtept><rtept lat="37.463852" lon="-106.763084"><ele>3258.0</ele><time>2026-04-11T17:41:43Z</time></rtept><rtept lat="37.463893" lon="-106.763059"><ele>3255.8</ele><time>2026-04-11T17:41:43Z</time></rtept><rtept lat="37.463928" lon="-106.763007"><ele>3255.8</ele><time>2026-04-11T17:41:43Z</time></rtept><rtept lat="37.463925" lon="-106.762878"><ele>3258.4</ele><time>2026-04-11T17:41:43Z</time></rtept><rtept lat="37.463917" lon="-106.762815"><ele>3259.6</ele><time>2026-04-11T17:41:43Z</time></rtept><rtept lat="37.463902" lon="-106.762756"><ele>3259.6</ele><time>2026-04-11T17:41:43Z</time></rtept><rtept lat="37.463906" lon="-106.762621"><ele>3260.6</ele><time>2026-04-11T17:41:43Z</time></rtept><rtept lat="37.463881" lon="-106.762498"><ele>3260.4</ele><time>2026-04-11T17:41:43Z</time></rtept><rtept lat="37.463874" lon="-106.762383"><ele>3257.8</ele><time>2026-04-11T17:41:43Z</time></rtept><rtept lat="37.463891" lon="-106.762325"><ele>3260.2</ele><time>2026-04-11T17:41:43Z</time></rtept><rtept lat="37.463955" lon="-106.762209"><ele>3257.8</ele><time>2026-04-11T17:41:43Z</time></rtept><rtept lat="37.463981" lon="-106.762131"><ele>3259.2</ele><time>2026-04-11T17:41:43Z</time></rtept><rtept lat="37.464021" lon="-106.762067"><ele>3259.2</ele><time>2026-04-11T17:41:43Z</time></rtept><rtept lat="37.464108" lon="-106.761946"><ele>3261.4</ele><time>2026-04-11T17:41:43Z</time></rtept><rtept lat="37.464252" lon="-106.761824"><ele>3260.4</ele><time>2026-04-11T17:41:43Z</time></rtept><rtept lat="37.464293" lon="-106.76176"><ele>3260.6</ele><time>2026-04-11T17:41:43Z</time></rtept><rtept lat="37.464341" lon="-106.761587"><ele>3260.2</ele><time>2026-04-11T17:41:43Z</time></rtept><rtept lat="37.464432" lon="-106.76137"><ele>3259.8</ele><time>2026-04-11T17:41:43Z</time></rtept><rtept lat="37.464449" lon="-106.761317"><ele>3258.4</ele><time>2026-04-11T17:41:43Z</time></rtept><rtept lat="37.464443" lon="-106.76126"><ele>3258.6</ele><time>2026-04-11T17:41:43Z</time></rtept><rtept lat="37.464428" lon="-106.761195"><ele>3259.6</ele><time>2026-04-11T17:41:43Z</time></rtept><rtept lat="37.464381" lon="-106.761033"><ele>3261.0</ele><time>2026-04-11T17:41:43Z</time></rtept><rtept lat="37.464337" lon="-106.760958"><ele>3262.0</ele><time>2026-04-11T17:41:43Z</time></rtept><rtept lat="37.464283" lon="-106.760919"><ele>3262.8</ele><time>2026-04-11T17:41:43Z</time></rtept><rtept lat="37.464201" lon="-106.76082"><ele>3262.6</ele><time>2026-04-11T17:41:43Z</time></rtept><rtept lat="37.464186" lon="-106.760772"><ele>3262.6</ele><time>2026-04-11T17:41:43Z</time></rtept><rtept lat="37.46418" lon="-106.76072"><ele>3264.4</ele><time>2026-04-11T17:41:43Z</time></rtept><rtept lat="37.464173" lon="-106.760626"><ele>3266.4</ele><time>2026-04-11T17:41:43Z</time></rtept><rtept lat="37.464175" lon="-106.760474"><ele>3269.6</ele><time>2026-04-11T17:41:43Z</time></rtept><rtept lat="37.464163" lon="-106.760385"><ele>3270.8</ele><time>2026-04-11T17:41:43Z</time></rtept><rtept lat="37.464112" lon="-106.760324"><ele>3269.2</ele><time>2026-04-11T17:41:43Z</time></rtept><rtept lat="37.46409" lon="-106.760274"><ele>3265.6</ele><time>2026-04-11T17:41:43Z</time></rtept><rtept lat="37.464076" lon="-106.760167"><ele>3267.0</ele><time>2026-04-11T17:41:43Z</time></rtept><rtept lat="37.464067" lon="-106.760138"><ele>3268.2</ele><time>2026-04-11T17:41:43Z</time></rtept><rtept lat="37.464059" lon="-106.760111"><ele>3268.2</ele><time>2026-04-11T17:41:43Z</time></rtept><rtept lat="37.463977" lon="-106.760022"><ele>3265.2</ele><time>2026-04-11T17:41:43Z</time></rtept><rtept lat="37.463964" lon="-106.759979"><ele>3265.6</ele><time>2026-04-11T17:41:43Z</time></rtept><rtept lat="37.46399" lon="-106.759895"><ele>3266.2</ele><time>2026-04-11T17:41:43Z</time></rtept><rtept lat="37.464041" lon="-106.759814"><ele>3271.2</ele><time>2026-04-11T17:41:43Z</time></rtept><rtept lat="37.464096" lon="-106.759735"><ele>3276.2</ele><time>2026-04-11T17:41:43Z</time></rtept><rtept lat="37.464171" lon="-106.759675"><ele>3281.0</ele><time>2026-04-11T17:41:43Z</time></rtept><rtept lat="37.464213" lon="-106.759604"><ele>3281.2</ele><time>2026-04-11T17:41:43Z</time></rtept><rtept lat="37.464241" lon="-106.759525"><ele>3284.4</ele><time>2026-04-11T17:41:43Z</time></rtept><rtept lat="37.464251" lon="-106.759459"><ele>3285.0</ele><time>2026-04-11T17:41:43Z</time></rtept><rtept lat="37.46427" lon="-106.759422"><ele>3285.0</ele><time>2026-04-11T17:41:43Z</time></rtept><rtept lat="37.464295" lon="-106.7594"><ele>3285.0</ele><time>2026-04-11T17:41:43Z</time></rtept><rtept lat="37.464313" lon="-106.759369"><ele>3288.6</ele><time>2026-04-11T17:41:43Z</time></rtept><rtept lat="37.46435" lon="-106.759294"><ele>3289.2</ele><time>2026-04-11T17:41:43Z</time></rtept><rtept lat="37.464372" lon="-106.759233"><ele>3292.0</ele><time>2026-04-11T17:41:43Z</time></rtept><rtept lat="37.464364" lon="-106.759122"><ele>3290.6</ele><time>2026-04-11T17:41:43Z</time></rtept><rtept lat="37.464353" lon="-106.759096"><ele>3290.6</ele><time>2026-04-11T17:41:43Z</time></rtept><rtept lat="37.464345" lon="-106.759022"><ele>3291.4</ele><time>2026-04-11T17:41:43Z</time></rtept><rtept lat="37.464324" lon="-106.758937"><ele>3292.4</ele><time>2026-04-11T17:41:43Z</time></rtept><rtept lat="37.464291" lon="-106.758905"><ele>3289.8</ele><time>2026-04-11T17:41:43Z</time></rtept><rtept lat="37.464274" lon="-106.758851"><ele>3290.8</ele><time>2026-04-11T17:41:43Z</time></rtept><rtept lat="37.464211" lon="-106.75878"><ele>3288.8</ele><time>2026-04-11T17:41:43Z</time></rtept><rtept lat="37.464176" lon="-106.758761"><ele>3288.8</ele><time>2026-04-11T17:41:43Z</time></rtept><rtept lat="37.464149" lon="-106.758724"><ele>3285.8</ele><time>2026-04-11T17:41:43Z</time></rtept><rtept lat="37.464158" lon="-106.75844"><ele>3290.6</ele><time>2026-04-11T17:41:43Z</time></rtept><rtept lat="37.464154" lon="-106.75838"><ele>3290.6</ele><time>2026-04-11T17:41:43Z</time></rtept><rtept lat="37.464159" lon="-106.758344"><ele>3292.2</ele><time>2026-04-11T17:41:43Z</time></rtept><rtept lat="37.464144" lon="-106.75816"><ele>3297.0</ele><time>2026-04-11T17:41:43Z</time></rtept><rtept lat="37.464121" lon="-106.75806"><ele>3299.4</ele><time>2026-04-11T17:41:43Z</time></rtept><rtept lat="37.464099" lon="-106.758011"><ele>3301.6</ele><time>2026-04-11T17:41:43Z</time></rtept><rtept lat="37.46407" lon="-106.757975"><ele>3298.0</ele><time>2026-04-11T17:41:43Z</time></rtept><rtept lat="37.464024" lon="-106.757894"><ele>3296.8</ele><time>2026-04-11T17:41:43Z</time></rtept><rtept lat="37.463993" lon="-106.757858"><ele>3296.8</ele><time>2026-04-11T17:41:43Z</time></rtept><rtept lat="37.463938" lon="-106.757772"><ele>3296.0</ele><time>2026-04-11T17:41:43Z</time></rtept><rtept lat="37.463913" lon="-106.757659"><ele>3304.0</ele><time>2026-04-11T17:41:43Z</time></rtept><rtept lat="37.463886" lon="-106.757621"><ele>3300.8</ele><time>2026-04-11T17:41:43Z</time></rtept><rtept lat="37.46385" lon="-106.757606"><ele>3300.8</ele><time>2026-04-11T17:41:43Z</time></rtept><rtept lat="37.463752" lon="-106.757534"><ele>3301.4</ele><time>2026-04-11T17:41:43Z</time></rtept><rtept lat="37.463712" lon="-106.757519"><ele>3301.4</ele><time>2026-04-11T17:41:43Z</time></rtept><rtept lat="37.463635" lon="-106.757411"><ele>3307.0</ele><time>2026-04-11T17:41:43Z</time></rtept><rtept lat="37.46359" lon="-106.757363"><ele>3306.0</ele><time>2026-04-11T17:41:43Z</time></rtept><rtept lat="37.463568" lon="-106.757325"><ele>3308.0</ele><time>2026-04-11T17:41:43Z</time></rtept><rtept lat="37.463486" lon="-106.757249"><ele>3307.4</ele><time>2026-04-11T17:41:43Z</time></rtept><rtept lat="37.463431" lon="-106.757169"><ele>3308.6</ele><time>2026-04-11T17:41:43Z</time></rtept><rtept lat="37.463393" lon="-106.75715"><ele>3310.4</ele><time>2026-04-11T17:41:43Z</time></rtept><rtept lat="37.463262" lon="-106.757183"><ele>3307.6</ele><time>2026-04-11T17:41:43Z</time></rtept><rtept lat="37.463223" lon="-106.757214"><ele>3307.6</ele><time>2026-04-11T17:41:43Z</time></rtept><rtept lat="37.463173" lon="-106.757232"><ele>3307.0</ele><time>2026-04-11T17:41:43Z</time></rtept><rtept lat="37.463131" lon="-106.757222"><ele>3306.2</ele><time>2026-04-11T17:41:43Z</time></rtept><rtept lat="37.463086" lon="-106.757182"><ele>3306.2</ele><time>2026-04-11T17:41:43Z</time></rtept><rtept lat="37.462998" lon="-106.75705"><ele>3310.2</ele><time>2026-04-11T17:41:43Z</time></rtept><rtept lat="37.462954" lon="-106.757002"><ele>3310.2</ele><time>2026-04-11T17:41:43Z</time></rtept><rtept lat="37.46286" lon="-106.756949"><ele>3312.0</ele><time>2026-04-11T17:41:43Z</time></rtept><rtept lat="37.462765" lon="-106.756957"><ele>3311.2</ele><time>2026-04-11T17:41:43Z</time></rtept><rtept lat="37.462636" lon="-106.757017"><ele>3307.0</ele><time>2026-04-11T17:41:43Z</time></rtept><rtept lat="37.462574" lon="-106.757075"><ele>3303.4</ele><time>2026-04-11T17:41:43Z</time></rtept><rtept lat="37.462553" lon="-106.757122"><ele>3303.4</ele><time>2026-04-11T17:41:43Z</time></rtept><rtept lat="37.462514" lon="-106.757146"><ele>3302.0</ele><time>2026-04-11T17:41:43Z</time></rtept><rtept lat="37.462467" lon="-106.757138"><ele>3302.0</ele><time>2026-04-11T17:41:43Z</time></rtept><rtept lat="37.46242" lon="-106.757113"><ele>3300.6</ele><time>2026-04-11T17:41:43Z</time></rtept><rtept lat="37.462412" lon="-106.757054"><ele>3303.0</ele><time>2026-04-11T17:41:43Z</time></rtept><rtept lat="37.462418" lon="-106.756999"><ele>3303.0</ele><time>2026-04-11T17:41:43Z</time></rtept><rtept lat="37.462429" lon="-106.756981"><ele>3305.2</ele><time>2026-04-11T17:41:43Z</time></rtept><rtept lat="37.462443" lon="-106.756933"><ele>3305.2</ele><time>2026-04-11T17:41:43Z</time></rtept><rtept lat="37.46244" lon="-106.756832"><ele>3307.6</ele><time>2026-04-11T17:41:43Z</time></rtept><rtept lat="37.46243" lon="-106.756779"><ele>3310.0</ele><time>2026-04-11T17:41:43Z</time></rtept><rtept lat="37.462362" lon="-106.756624"><ele>3313.8</ele><time>2026-04-11T17:41:43Z</time></rtept><rtept lat="37.462354" lon="-106.756585"><ele>3313.8</ele><time>2026-04-11T17:41:43Z</time></rtept><rtept lat="37.46231" lon="-106.756477"><ele>3315.0</ele><time>2026-04-11T17:41:43Z</time></rtept><rtept lat="37.462272" lon="-106.756453"><ele>3318.0</ele><time>2026-04-11T17:41:43Z</time></rtept><rtept lat="37.462149" lon="-106.756446"><ele>3315.0</ele><time>2026-04-11T17:41:43Z</time></rtept><rtept lat="37.462106" lon="-106.756412"><ele>3313.4</ele><time>2026-04-11T17:41:43Z</time></rtept><rtept lat="37.462031" lon="-106.756331"><ele>3314.8</ele><time>2026-04-11T17:41:43Z</time></rtept><rtept lat="37.462002" lon="-106.756288"><ele>3318.2</ele><time>2026-04-11T17:41:43Z</time></rtept><rtept lat="37.461915" lon="-106.756251"><ele>3316.4</ele><time>2026-04-11T17:41:43Z</time></rtept><rtept lat="37.461875" lon="-106.756215"><ele>3314.8</ele><time>2026-04-11T17:41:43Z</time></rtept><rtept lat="37.46183" lon="-106.756192"><ele>3316.0</ele><time>2026-04-11T17:41:43Z</time></rtept><rtept lat="37.461661" lon="-106.756077"><ele>3315.4</ele><time>2026-04-11T17:41:43Z</time></rtept><rtept lat="37.461627" lon="-106.756037"><ele>3316.2</ele><time>2026-04-11T17:41:43Z</time></rtept><rtept lat="37.461587" lon="-106.756008"><ele>3316.2</ele><time>2026-04-11T17:41:43Z</time></rtept><rtept lat="37.461545" lon="-106.75599"><ele>3314.2</ele><time>2026-04-11T17:41:43Z</time></rtept><rtept lat="37.461505" lon="-106.755952"><ele>3314.0</ele><time>2026-04-11T17:41:43Z</time></rtept><rtept lat="37.461472" lon="-106.755901"><ele>3314.0</ele><time>2026-04-11T17:41:43Z</time></rtept><rtept lat="37.461461" lon="-106.755839"><ele>3315.6</ele><time>2026-04-11T17:41:43Z</time></rtept><rtept lat="37.461472" lon="-106.755705"><ele>3316.8</ele><time>2026-04-11T17:41:43Z</time></rtept><rtept lat="37.461518" lon="-106.755541"><ele>3321.8</ele><time>2026-04-11T17:41:43Z</time></rtept><rtept lat="37.461537" lon="-106.755431"><ele>3323.0</ele><time>2026-04-11T17:41:43Z</time></rtept><rtept lat="37.461518" lon="-106.75533"><ele>3323.6</ele><time>2026-04-11T17:41:43Z</time></rtept><rtept lat="37.461519" lon="-106.755286"><ele>3323.6</ele><time>2026-04-11T17:41:43Z</time></rtept><rtept lat="37.461496" lon="-106.755147"><ele>3320.8</ele><time>2026-04-11T17:41:43Z</time></rtept><rtept lat="37.461497" lon="-106.755095"><ele>3320.8</ele><time>2026-04-11T17:41:43Z</time></rtept><rtept lat="37.461517" lon="-106.754978"><ele>3326.8</ele><time>2026-04-11T17:41:43Z</time></rtept><rtept lat="37.461549" lon="-106.754933"><ele>3326.8</ele><time>2026-04-11T17:41:43Z</time></rtept><rtept lat="37.46159" lon="-106.7549"><ele>3332.0</ele><time>2026-04-11T17:41:43Z</time></rtept><rtept lat="37.461609" lon="-106.754846"><ele>3332.0</ele><time>2026-04-11T17:41:43Z</time></rtept><rtept lat="37.461601" lon="-106.754807"><ele>3334.0</ele><time>2026-04-11T17:41:43Z</time></rtept><rtept lat="37.4616" lon="-106.754707"><ele>3336.4</ele><time>2026-04-11T17:41:43Z</time></rtept><rtept lat="37.461567" lon="-106.75465"><ele>3336.4</ele><time>2026-04-11T17:41:43Z</time></rtept><rtept lat="37.461511" lon="-106.754632"><ele>3336.4</ele><time>2026-04-11T17:41:43Z</time></rtept><rtept lat="37.46148" lon="-106.754608"><ele>3334.0</ele><time>2026-04-11T17:41:43Z</time></rtept><rtept lat="37.461403" lon="-106.7546"><ele>3331.4</ele><time>2026-04-11T17:41:43Z</time></rtept><rtept lat="37.461356" lon="-106.754571"><ele>3331.8</ele><time>2026-04-11T17:41:43Z</time></rtept><rtept lat="37.461265" lon="-106.754462"><ele>3332.4</ele><time>2026-04-11T17:41:43Z</time></rtept><rtept lat="37.461248" lon="-106.754406"><ele>3335.4</ele><time>2026-04-11T17:41:43Z</time></rtept><rtept lat="37.461206" lon="-106.754394"><ele>3332.6</ele><time>2026-04-11T17:41:43Z</time></rtept><rtept lat="37.461165" lon="-106.754369"><ele>3329.6</ele><time>2026-04-11T17:41:43Z</time></rtept><rtept lat="37.461061" lon="-106.754258"><ele>3328.6</ele><time>2026-04-11T17:41:43Z</time></rtept><rtept lat="37.461005" lon="-106.754108"><ele>3327.8</ele><time>2026-04-11T17:41:43Z</time></rtept><rtept lat="37.461033" lon="-106.75401"><ele>3332.6</ele><time>2026-04-11T17:41:43Z</time></rtept><rtept lat="37.461048" lon="-106.753915"><ele>3334.4</ele><time>2026-04-11T17:41:43Z</time></rtept><rtept lat="37.461067" lon="-106.753874"><ele>3336.0</ele><time>2026-04-11T17:41:43Z</time></rtept><rtept lat="37.461149" lon="-106.753789"><ele>3341.8</ele><time>2026-04-11T17:41:43Z</time></rtept><rtept lat="37.461154" lon="-106.75377"><ele>3341.8</ele><time>2026-04-11T17:41:43Z</time></rtept><rtept lat="37.461147" lon="-106.753756"><ele>3341.8</ele><time>2026-04-11T17:41:43Z</time></rtept><rtept lat="37.461063" lon="-106.753673"><ele>3341.0</ele><time>2026-04-11T17:41:43Z</time></rtept><rtept lat="37.460975" lon="-106.753689"><ele>3338.6</ele><time>2026-04-11T17:41:43Z</time></rtept><rtept lat="37.460825" lon="-106.753644"><ele>3335.4</ele><time>2026-04-11T17:41:43Z</time></rtept><rtept lat="37.460738" lon="-106.753574"><ele>3338.4</ele><time>2026-04-11T17:41:43Z</time></rtept><rtept lat="37.460694" lon="-106.753519"><ele>3342.4</ele><time>2026-04-11T17:41:43Z</time></rtept><rtept lat="37.460678" lon="-106.753485"><ele>3340.8</ele><time>2026-04-11T17:41:43Z</time></rtept><rtept lat="37.460651" lon="-106.753388"><ele>3343.4</ele><time>2026-04-11T17:41:43Z</time></rtept><rtept lat="37.460626" lon="-106.753357"><ele>3345.2</ele><time>2026-04-11T17:41:43Z</time></rtept><rtept lat="37.460629" lon="-106.753285"><ele>3346.4</ele><time>2026-04-11T17:41:43Z</time></rtept><rtept lat="37.460567" lon="-106.753222"><ele>3343.4</ele><time>2026-04-11T17:41:43Z</time></rtept><rtept lat="37.460549" lon="-106.753228"><ele>3340.0</ele><time>2026-04-11T17:41:43Z</time></rtept><rtept lat="37.460488" lon="-106.753282"><ele>3340.0</ele><time>2026-04-11T17:41:43Z</time></rtept><rtept lat="37.460444" lon="-106.753326"><ele>3335.6</ele><time>2026-04-11T17:41:43Z</time></rtept><rtept lat="37.460396" lon="-106.753391"><ele>3331.0</ele><time>2026-04-11T17:41:43Z</time></rtept><rtept lat="37.460315" lon="-106.753243"><ele>3328.4</ele><time>2026-04-11T17:41:43Z</time></rtept><rtept lat="37.460331" lon="-106.753189"><ele>3328.8</ele><time>2026-04-11T17:41:43Z</time></rtept><rtept lat="37.460364" lon="-106.753147"><ele>3332.4</ele><time>2026-04-11T17:41:43Z</time></rtept><rtept lat="37.460411" lon="-106.752982"><ele>3332.4</ele><time>2026-04-11T17:41:43Z</time></rtept><rtept lat="37.460441" lon="-106.75293"><ele>3336.2</ele><time>2026-04-11T17:41:43Z</time></rtept><rtept lat="37.460484" lon="-106.75289"><ele>3336.2</ele><time>2026-04-11T17:41:43Z</time></rtept><rtept lat="37.460514" lon="-106.752839"><ele>3340.0</ele><time>2026-04-11T17:41:43Z</time></rtept><rtept lat="37.460561" lon="-106.752738"><ele>3343.6</ele><time>2026-04-11T17:41:43Z</time></rtept><rtept lat="37.460593" lon="-106.752713"><ele>3343.6</ele><time>2026-04-11T17:41:43Z</time></rtept><rtept lat="37.46061" lon="-106.752654"><ele>3343.6</ele><time>2026-04-11T17:41:43Z</time></rtept><rtept lat="37.460604" lon="-106.752569"><ele>3343.4</ele><time>2026-04-11T17:41:43Z</time></rtept><rtept lat="37.460623" lon="-106.752498"><ele>3347.0</ele><time>2026-04-11T17:41:43Z</time></rtept><rtept lat="37.460591" lon="-106.752377"><ele>3343.6</ele><time>2026-04-11T17:41:43Z</time></rtept><rtept lat="37.460631" lon="-106.752294"><ele>3347.6</ele><time>2026-04-11T17:41:43Z</time></rtept><rtept lat="37.460631" lon="-106.752235"><ele>3348.2</ele><time>2026-04-11T17:41:43Z</time></rtept><rtept lat="37.460648" lon="-106.752175"><ele>3348.8</ele><time>2026-04-11T17:41:43Z</time></rtept><rtept lat="37.460647" lon="-106.752072"><ele>3349.6</ele><time>2026-04-11T17:41:43Z</time></rtept><rtept lat="37.460616" lon="-106.751943"><ele>3346.8</ele><time>2026-04-11T17:41:43Z</time></rtept><rtept lat="37.460564" lon="-106.751908"><ele>3348.2</ele><time>2026-04-11T17:41:43Z</time></rtept><rtept lat="37.460547" lon="-106.751872"><ele>3344.2</ele><time>2026-04-11T17:41:43Z</time></rtept><rtept lat="37.460502" lon="-106.751821"><ele>3346.0</ele><time>2026-04-11T17:41:43Z</time></rtept><rtept lat="37.460467" lon="-106.751769"><ele>3342.6</ele><time>2026-04-11T17:41:43Z</time></rtept><rtept lat="37.460421" lon="-106.751734"><ele>3345.4</ele><time>2026-04-11T17:41:43Z</time></rtept><rtept lat="37.460348" lon="-106.751584"><ele>3346.6</ele><time>2026-04-11T17:41:43Z</time></rtept><rtept lat="37.460311" lon="-106.751542"><ele>3348.8</ele><time>2026-04-11T17:41:43Z</time></rtept><rtept lat="37.460181" lon="-106.751477"><ele>3350.8</ele><time>2026-04-11T17:41:43Z</time></rtept><rtept lat="37.460078" lon="-106.751438"><ele>3349.8</ele><time>2026-04-11T17:41:43Z</time></rtept><rtept lat="37.459968" lon="-106.751418"><ele>3348.6</ele><time>2026-04-11T17:41:43Z</time></rtept><rtept lat="37.459842" lon="-106.751369"><ele>3352.0</ele><time>2026-04-11T17:41:43Z</time></rtept><rtept lat="37.459813" lon="-106.751329"><ele>3352.0</ele><time>2026-04-11T17:41:43Z</time></rtept><rtept lat="37.459751" lon="-106.751311"><ele>3355.8</ele><time>2026-04-11T17:41:43Z</time></rtept><rtept lat="37.459737" lon="-106.751316"><ele>3355.8</ele><time>2026-04-11T17:41:43Z</time></rtept><rtept lat="37.459643" lon="-106.751305"><ele>3355.8</ele><time>2026-04-11T17:41:43Z</time></rtept><rtept lat="37.459337" lon="-106.751418"><ele>3350.0</ele><time>2026-04-11T17:41:43Z</time></rtept><rtept lat="37.459242" lon="-106.751461"><ele>3349.6</ele><time>2026-04-11T17:41:43Z</time></rtept><rtept lat="37.459145" lon="-106.751444"><ele>3349.2</ele><time>2026-04-11T17:41:43Z</time></rtept><rtept lat="37.45905" lon="-106.751337"><ele>3349.4</ele><time>2026-04-11T17:41:43Z</time></rtept><rtept lat="37.459026" lon="-106.751284"><ele>3351.2</ele><time>2026-04-11T17:41:43Z</time></rtept><rtept lat="37.45899" lon="-106.751256"><ele>3351.2</ele><time>2026-04-11T17:41:43Z</time></rtept><rtept lat="37.458952" lon="-106.751253"><ele>3350.2</ele><time>2026-04-11T17:41:43Z</time></rtept><rtept lat="37.45891" lon="-106.751206"><ele>3350.8</ele><time>2026-04-11T17:41:43Z</time></rtept><rtept lat="37.458867" lon="-106.751179"><ele>3350.8</ele><time>2026-04-11T17:41:43Z</time></rtept><rtept lat="37.458818" lon="-106.751164"><ele>3349.8</ele><time>2026-04-11T17:41:43Z</time></rtept><rtept lat="37.458771" lon="-106.751118"><ele>3351.0</ele><time>2026-04-11T17:41:43Z</time></rtept><rtept lat="37.45851" lon="-106.751135"><ele>3347.0</ele><time>2026-04-11T17:41:43Z</time></rtept><rtept lat="37.458369" lon="-106.751204"><ele>3340.8</ele><time>2026-04-11T17:41:43Z</time></rtept><rtept lat="37.458261" lon="-106.751172"><ele>3339.6</ele><time>2026-04-11T17:41:43Z</time></rtept><rtept lat="37.458171" lon="-106.751173"><ele>3338.2</ele><time>2026-04-11T17:41:43Z</time></rtept><rtept lat="37.458124" lon="-106.751157"><ele>3337.0</ele><time>2026-04-11T17:41:43Z</time></rtept><rtept lat="37.45807" lon="-106.751151"><ele>3335.8</ele><time>2026-04-11T17:41:43Z</time></rtept><rtept lat="37.457934" lon="-106.75107"><ele>3335.6</ele><time>2026-04-11T17:41:43Z</time></rtept><rtept lat="37.457907" lon="-106.751035"><ele>3336.8</ele><time>2026-04-11T17:41:43Z</time></rtept><rtept lat="37.457842" lon="-106.750893"><ele>3337.2</ele><time>2026-04-11T17:41:43Z</time></rtept><rtept lat="37.457815" lon="-106.750863"><ele>3337.8</ele><time>2026-04-11T17:41:43Z</time></rtept><rtept lat="37.457647" lon="-106.750781"><ele>3337.6</ele><time>2026-04-11T17:41:43Z</time></rtept><rtept lat="37.457603" lon="-106.750738"><ele>3336.8</ele><time>2026-04-11T17:41:43Z</time></rtept><rtept lat="37.457527" lon="-106.750684"><ele>3336.6</ele><time>2026-04-11T17:41:43Z</time></rtept><rtept lat="37.457377" lon="-106.750654"><ele>3334.0</ele><time>2026-04-11T17:41:43Z</time></rtept><rtept lat="37.457343" lon="-106.750662"><ele>3332.6</ele><time>2026-04-11T17:41:43Z</time></rtept><rtept lat="37.457302" lon="-106.750691"><ele>3332.6</ele><time>2026-04-11T17:41:43Z</time></rtept><rtept lat="37.457252" lon="-106.750701"><ele>3331.2</ele><time>2026-04-11T17:41:43Z</time></rtept><rtept lat="37.457182" lon="-106.750675"><ele>3330.0</ele><time>2026-04-11T17:41:43Z</time></rtept><rtept lat="37.457102" lon="-106.750605"><ele>3328.6</ele><time>2026-04-11T17:41:43Z</time></rtept><rtept lat="37.457108" lon="-106.750545"><ele>3329.0</ele><time>2026-04-11T17:41:43Z</time></rtept><rtept lat="37.457129" lon="-106.750504"><ele>3329.0</ele><time>2026-04-11T17:41:43Z</time></rtept><rtept lat="37.457202" lon="-106.750455"><ele>3332.0</ele><time>2026-04-11T17:41:43Z</time></rtept><rtept lat="37.457334" lon="-106.750335"><ele>3334.8</ele><time>2026-04-11T17:41:43Z</time></rtept><rtept lat="37.45738" lon="-106.750272"><ele>3335.2</ele><time>2026-04-11T17:41:43Z</time></rtept><rtept lat="37.457431" lon="-106.750176"><ele>3335.8</ele><time>2026-04-11T17:41:43Z</time></rtept><rtept lat="37.457465" lon="-106.750146"><ele>3335.8</ele><time>2026-04-11T17:41:43Z</time></rtept><rtept lat="37.457541" lon="-106.750059"><ele>3336.6</ele><time>2026-04-11T17:41:43Z</time></rtept><rtept lat="37.457562" lon="-106.750014"><ele>3337.0</ele><time>2026-04-11T17:41:43Z</time></rtept><rtept lat="37.457621" lon="-106.749961"><ele>3337.0</ele><time>2026-04-11T17:41:43Z</time></rtept><rtept lat="37.457636" lon="-106.74986"><ele>3337.6</ele><time>2026-04-11T17:41:43Z</time></rtept><rtept lat="37.457696" lon="-106.749643"><ele>3335.6</ele><time>2026-04-11T17:41:43Z</time></rtept><rtept lat="37.457681" lon="-106.749545"><ele>3331.6</ele><time>2026-04-11T17:41:43Z</time></rtept><rtept lat="37.457682" lon="-106.749502"><ele>3331.4</ele><time>2026-04-11T17:41:43Z</time></rtept><rtept lat="37.457694" lon="-106.74948"><ele>3334.2</ele><time>2026-04-11T17:41:43Z</time></rtept><rtept lat="37.457692" lon="-106.749424"><ele>3334.4</ele><time>2026-04-11T17:41:43Z</time></rtept><rtept lat="37.45766" lon="-106.749296"><ele>3332.6</ele><time>2026-04-11T17:41:43Z</time></rtept><rtept lat="37.457661" lon="-106.749232"><ele>3333.0</ele><time>2026-04-11T17:41:43Z</time></rtept><rtept lat="37.457676" lon="-106.749172"><ele>3333.4</ele><time>2026-04-11T17:41:43Z</time></rtept><rtept lat="37.457701" lon="-106.749117"><ele>3335.4</ele><time>2026-04-11T17:41:43Z</time></rtept><rtept lat="37.457702" lon="-106.749052"><ele>3335.4</ele><time>2026-04-11T17:41:43Z</time></rtept><rtept lat="37.457718" lon="-106.748884"><ele>3335.6</ele><time>2026-04-11T17:41:43Z</time></rtept><rtept lat="37.457717" lon="-106.748829"><ele>3335.6</ele><time>2026-04-11T17:41:43Z</time></rtept><rtept lat="37.457735" lon="-106.748697"><ele>3335.2</ele><time>2026-04-11T17:41:43Z</time></rtept><rtept lat="37.45781" lon="-106.748635"><ele>3336.8</ele><time>2026-04-11T17:41:43Z</time></rtept><rtept lat="37.457855" lon="-106.748625"><ele>3339.2</ele><time>2026-04-11T17:41:43Z</time></rtept><rtept lat="37.457992" lon="-106.748496"><ele>3343.0</ele><time>2026-04-11T17:41:43Z</time></rtept><rtept lat="37.458015" lon="-106.74845"><ele>3342.0</ele><time>2026-04-11T17:41:43Z</time></rtept><rtept lat="37.458058" lon="-106.748326"><ele>3342.8</ele><time>2026-04-11T17:41:43Z</time></rtept><rtept lat="37.458073" lon="-106.748205"><ele>3339.8</ele><time>2026-04-11T17:41:43Z</time></rtept><rtept lat="37.458077" lon="-106.748096"><ele>3338.2</ele><time>2026-04-11T17:41:43Z</time></rtept><rtept lat="37.458145" lon="-106.747913"><ele>3337.8</ele><time>2026-04-11T17:41:43Z</time></rtept><rtept lat="37.458137" lon="-106.747868"><ele>3337.6</ele><time>2026-04-11T17:41:43Z</time></rtept><rtept lat="37.45816" lon="-106.747783"><ele>3337.8</ele><time>2026-04-11T17:41:43Z</time></rtept><rtept lat="37.458161" lon="-106.747732"><ele>3337.8</ele><time>2026-04-11T17:41:43Z</time></rtept><rtept lat="37.458155" lon="-106.747656"><ele>3338.0</ele><time>2026-04-11T17:41:43Z</time></rtept><rtept lat="37.458138" lon="-106.747607"><ele>3338.4</ele><time>2026-04-11T17:41:43Z</time></rtept><rtept lat="37.458112" lon="-106.747553"><ele>3338.4</ele><time>2026-04-11T17:41:43Z</time></rtept><rtept lat="37.458079" lon="-106.747517"><ele>3335.2</ele><time>2026-04-11T17:41:43Z</time></rtept><rtept lat="37.457995" lon="-106.747356"><ele>3331.8</ele><time>2026-04-11T17:41:43Z</time></rtept><rtept lat="37.458011" lon="-106.747206"><ele>3331.8</ele><time>2026-04-11T17:41:43Z</time></rtept><rtept lat="37.458009" lon="-106.747043"><ele>3332.2</ele><time>2026-04-11T17:41:43Z</time></rtept><rtept lat="37.458017" lon="-106.74694"><ele>3332.4</ele><time>2026-04-11T17:41:43Z</time></rtept><rtept lat="37.45802" lon="-106.746763"><ele>3332.4</ele><time>2026-04-11T17:41:43Z</time></rtept><rtept lat="37.45804" lon="-106.746635"><ele>3336.8</ele><time>2026-04-11T17:41:43Z</time></rtept><rtept lat="37.458054" lon="-106.746578"><ele>3336.4</ele><time>2026-04-11T17:41:43Z</time></rtept><rtept lat="37.458082" lon="-106.746529"><ele>3336.4</ele><time>2026-04-11T17:41:43Z</time></rtept><rtept lat="37.458118" lon="-106.746505"><ele>3338.6</ele><time>2026-04-11T17:41:43Z</time></rtept><rtept lat="37.458188" lon="-106.7465"><ele>3341.4</ele><time>2026-04-11T17:41:43Z</time></rtept><rtept lat="37.45826" lon="-106.746519"><ele>3344.8</ele><time>2026-04-11T17:41:43Z</time></rtept><rtept lat="37.458305" lon="-106.746511"><ele>3344.6</ele><time>2026-04-11T17:41:43Z</time></rtept><rtept lat="37.458464" lon="-106.746578"><ele>3349.2</ele><time>2026-04-11T17:41:43Z</time></rtept><rtept lat="37.45858" lon="-106.746561"><ele>3350.8</ele><time>2026-04-11T17:41:43Z</time></rtept><rtept lat="37.458616" lon="-106.74655"><ele>3350.8</ele><time>2026-04-11T17:41:43Z</time></rtept><rtept lat="37.458654" lon="-106.746528"><ele>3351.4</ele><time>2026-04-11T17:41:43Z</time></rtept><rtept lat="37.458748" lon="-106.746575"><ele>3351.8</ele><time>2026-04-11T17:41:43Z</time></rtept><rtept lat="37.458814" lon="-106.746549"><ele>3352.2</ele><time>2026-04-11T17:41:43Z</time></rtept><rtept lat="37.458961" lon="-106.746516"><ele>3353.0</ele><time>2026-04-11T17:41:43Z</time></rtept><rtept lat="37.459045" lon="-106.746473"><ele>3350.2</ele><time>2026-04-11T17:41:43Z</time></rtept><rtept lat="37.459099" lon="-106.746456"><ele>3351.0</ele><time>2026-04-11T17:41:43Z</time></rtept><rtept lat="37.459143" lon="-106.746409"><ele>3348.8</ele><time>2026-04-11T17:41:43Z</time></rtept><rtept lat="37.459159" lon="-106.746362"><ele>3348.8</ele><time>2026-04-11T17:41:43Z</time></rtept><rtept lat="37.459258" lon="-106.746225"><ele>3345.2</ele><time>2026-04-11T17:41:43Z</time></rtept><rtept lat="37.459284" lon="-106.746148"><ele>3342.4</ele><time>2026-04-11T17:41:43Z</time></rtept><rtept lat="37.459323" lon="-106.746114"><ele>3342.4</ele><time>2026-04-11T17:41:43Z</time></rtept><rtept lat="37.459361" lon="-106.746096"><ele>3343.6</ele><time>2026-04-11T17:41:43Z</time></rtept><rtept lat="37.459417" lon="-106.746127"><ele>3344.8</ele><time>2026-04-11T17:41:43Z</time></rtept><rtept lat="37.459577" lon="-106.746152"><ele>3347.2</ele><time>2026-04-11T17:41:43Z</time></rtept><rtept lat="37.459626" lon="-106.746177"><ele>3350.0</ele><time>2026-04-11T17:41:43Z</time></rtept><rtept lat="37.459666" lon="-106.746252"><ele>3350.0</ele><time>2026-04-11T17:41:43Z</time></rtept><rtept lat="37.45975" lon="-106.746316"><ele>3353.0</ele><time>2026-04-11T17:41:43Z</time></rtept><rtept lat="37.4598" lon="-106.746321"><ele>3353.0</ele><time>2026-04-11T17:41:43Z</time></rtept><rtept lat="37.459846" lon="-106.746386"><ele>3355.2</ele><time>2026-04-11T17:41:43Z</time></rtept><rtept lat="37.459937" lon="-106.746321"><ele>3353.0</ele><time>2026-04-11T17:41:43Z</time></rtept><rtept lat="37.459918" lon="-106.746255"><ele>3353.0</ele><time>2026-04-11T17:41:43Z</time></rtept><rtept lat="37.459947" lon="-106.746141"><ele>3351.0</ele><time>2026-04-11T17:41:43Z</time></rtept><rtept lat="37.459959" lon="-106.746045"><ele>3350.8</ele><time>2026-04-11T17:41:43Z</time></rtept><rtept lat="37.459855" lon="-106.745902"><ele>3349.6</ele><time>2026-04-11T17:41:43Z</time></rtept><rtept lat="37.459752" lon="-106.745872"><ele>3347.6</ele><time>2026-04-11T17:41:43Z</time></rtept><rtept lat="37.459716" lon="-106.745731"><ele>3346.0</ele><time>2026-04-11T17:41:43Z</time></rtept><rtept lat="37.459722" lon="-106.745486"><ele>3348.4</ele><time>2026-04-11T17:41:43Z</time></rtept><rtept lat="37.459703" lon="-106.745423"><ele>3349.8</ele><time>2026-04-11T17:41:43Z</time></rtept><rtept lat="37.459687" lon="-106.745284"><ele>3353.4</ele><time>2026-04-11T17:41:43Z</time></rtept><rtept lat="37.459623" lon="-106.745185"><ele>3351.6</ele><time>2026-04-11T17:41:43Z</time></rtept><rtept lat="37.459586" lon="-106.745099"><ele>3349.6</ele><time>2026-04-11T17:41:43Z</time></rtept><rtept lat="37.459578" lon="-106.745036"><ele>3351.8</ele><time>2026-04-11T17:41:43Z</time></rtept><rtept lat="37.459556" lon="-106.744984"><ele>3351.8</ele><time>2026-04-11T17:41:43Z</time></rtept><rtept lat="37.459521" lon="-106.744938"><ele>3349.6</ele><time>2026-04-11T17:41:43Z</time></rtept><rtept lat="37.459503" lon="-106.744878"><ele>3352.0</ele><time>2026-04-11T17:41:43Z</time></rtept><rtept lat="37.459455" lon="-106.744772"><ele>3349.6</ele><time>2026-04-11T17:41:43Z</time></rtept><rtept lat="37.459393" lon="-106.744577"><ele>3349.6</ele><time>2026-04-11T17:41:43Z</time></rtept><rtept lat="37.459419" lon="-106.744346"><ele>3360.0</ele><time>2026-04-11T17:41:43Z</time></rtept><rtept lat="37.459388" lon="-106.74428"><ele>3355.0</ele><time>2026-04-11T17:41:43Z</time></rtept><rtept lat="37.459347" lon="-106.744143"><ele>3357.8</ele><time>2026-04-11T17:41:43Z</time></rtept><rtept lat="37.459333" lon="-106.744031"><ele>3358.8</ele><time>2026-04-11T17:41:43Z</time></rtept><rtept lat="37.459346" lon="-106.743966"><ele>3359.6</ele><time>2026-04-11T17:41:43Z</time></rtept><rtept lat="37.459309" lon="-106.743831"><ele>3356.0</ele><time>2026-04-11T17:41:43Z</time></rtept><rtept lat="37.459309" lon="-106.743711"><ele>3356.0</ele><time>2026-04-11T17:41:43Z</time></rtept><rtept lat="37.45934" lon="-106.743601"><ele>3359.2</ele><time>2026-04-11T17:41:43Z</time></rtept><rtept lat="37.45937" lon="-106.743547"><ele>3357.8</ele><time>2026-04-11T17:41:43Z</time></rtept><rtept lat="37.459413" lon="-106.743503"><ele>3358.8</ele><time>2026-04-11T17:41:43Z</time></rtept><rtept lat="37.459493" lon="-106.74344"><ele>3360.4</ele><time>2026-04-11T17:41:43Z</time></rtept><rtept lat="37.459606" lon="-106.74344"><ele>3360.6</ele><time>2026-04-11T17:41:43Z</time></rtept><rtept lat="37.45966" lon="-106.743458"><ele>3360.6</ele><time>2026-04-11T17:41:43Z</time></rtept><rtept lat="37.459705" lon="-106.743449"><ele>3360.0</ele><time>2026-04-11T17:41:43Z</time></rtept><rtept lat="37.459763" lon="-106.743453"><ele>3358.8</ele><time>2026-04-11T17:41:43Z</time></rtept><rtept lat="37.459826" lon="-106.743476"><ele>3358.6</ele><time>2026-04-11T17:41:43Z</time></rtept><rtept lat="37.459855" lon="-106.743477"><ele>3358.6</ele><time>2026-04-11T17:41:43Z</time></rtept><rtept lat="37.460007" lon="-106.743422"><ele>3356.8</ele><time>2026-04-11T17:41:43Z</time></rtept><rtept lat="37.460039" lon="-106.743418"><ele>3356.2</ele><time>2026-04-11T17:41:43Z</time></rtept><rtept lat="37.460058" lon="-106.743303"><ele>3354.8</ele><time>2026-04-11T17:41:43Z</time></rtept><rtept lat="37.460092" lon="-106.743181"><ele>3354.8</ele><time>2026-04-11T17:41:43Z</time></rtept><rtept lat="37.460083" lon="-106.743159"><ele>3353.0</ele><time>2026-04-11T17:41:43Z</time></rtept><rtept lat="37.460084" lon="-106.743113"><ele>3353.0</ele><time>2026-04-11T17:41:43Z</time></rtept><rtept lat="37.460105" lon="-106.743055"><ele>3351.2</ele><time>2026-04-11T17:41:43Z</time></rtept><rtept lat="37.460099" lon="-106.743023"><ele>3351.2</ele><time>2026-04-11T17:41:43Z</time></rtept><rtept lat="37.460152" lon="-106.742892"><ele>3349.8</ele><time>2026-04-11T17:41:43Z</time></rtept><rtept lat="37.460221" lon="-106.742809"><ele>3350.4</ele><time>2026-04-11T17:41:43Z</time></rtept><rtept lat="37.460298" lon="-106.742759"><ele>3353.2</ele><time>2026-04-11T17:41:43Z</time></rtept><rtept lat="37.460363" lon="-106.742646"><ele>3351.2</ele><time>2026-04-11T17:41:43Z</time></rtept><rtept lat="37.460395" lon="-106.742618"><ele>3351.2</ele><time>2026-04-11T17:41:43Z</time></rtept><rtept lat="37.460436" lon="-106.742604"><ele>3354.4</ele><time>2026-04-11T17:41:43Z</time></rtept><rtept lat="37.460461" lon="-106.742553"><ele>3351.2</ele><time>2026-04-11T17:41:43Z</time></rtept><rtept lat="37.460514" lon="-106.742533"><ele>3354.4</ele><time>2026-04-11T17:41:43Z</time></rtept><rtept lat="37.460627" lon="-106.742462"><ele>3358.4</ele><time>2026-04-11T17:41:43Z</time></rtept><rtept lat="37.460662" lon="-106.742391"><ele>3355.0</ele><time>2026-04-11T17:41:43Z</time></rtept><rtept lat="37.460677" lon="-106.742317"><ele>3355.0</ele><time>2026-04-11T17:41:43Z</time></rtept><rtept lat="37.460743" lon="-106.74223"><ele>3354.6</ele><time>2026-04-11T17:41:43Z</time></rtept><rtept lat="37.460774" lon="-106.74215"><ele>3353.4</ele><time>2026-04-11T17:41:43Z</time></rtept><rtept lat="37.460836" lon="-106.742046"><ele>3349.4</ele><time>2026-04-11T17:41:43Z</time></rtept><rtept lat="37.460871" lon="-106.742013"><ele>3349.4</ele><time>2026-04-11T17:41:43Z</time></rtept><rtept lat="37.460935" lon="-106.741927"><ele>3350.0</ele><time>2026-04-11T17:41:43Z</time></rtept><rtept lat="37.460978" lon="-106.741913"><ele>3351.8</ele><time>2026-04-11T17:41:43Z</time></rtept><rtept lat="37.460972" lon="-106.741878"><ele>3351.8</ele><time>2026-04-11T17:41:43Z</time></rtept><rtept lat="37.461033" lon="-106.74185"><ele>3352.0</ele><time>2026-04-11T17:41:43Z</time></rtept><rtept lat="37.46106" lon="-106.741806"><ele>3352.0</ele><time>2026-04-11T17:41:43Z</time></rtept><rtept lat="37.460964" lon="-106.741777"><ele>3351.2</ele><time>2026-04-11T17:41:43Z</time></rtept><rtept lat="37.460953" lon="-106.741744"><ele>3349.8</ele><time>2026-04-11T17:41:43Z</time></rtept><rtept lat="37.460873" lon="-106.741685"><ele>3349.0</ele><time>2026-04-11T17:41:43Z</time></rtept><rtept lat="37.460812" lon="-106.741679"><ele>3346.6</ele><time>2026-04-11T17:41:43Z</time></rtept><rtept lat="37.460742" lon="-106.741687"><ele>3344.6</ele><time>2026-04-11T17:41:43Z</time></rtept><rtept lat="37.460684" lon="-106.741668"><ele>3342.8</ele><time>2026-04-11T17:41:43Z</time></rtept><rtept lat="37.46069" lon="-106.741591"><ele>3347.0</ele><time>2026-04-11T17:41:43Z</time></rtept><rtept lat="37.460624" lon="-106.741598"><ele>3345.0</ele><time>2026-04-11T17:41:43Z</time></rtept><rtept lat="37.460586" lon="-106.741567"><ele>3343.2</ele><time>2026-04-11T17:41:43Z</time></rtept><rtept lat="37.46053" lon="-106.741547"><ele>3341.0</ele><time>2026-04-11T17:41:43Z</time></rtept><rtept lat="37.460411" lon="-106.741522"><ele>3337.8</ele><time>2026-04-11T17:41:43Z</time></rtept><rtept lat="37.460376" lon="-106.741481"><ele>3337.8</ele><time>2026-04-11T17:41:43Z</time></rtept><rtept lat="37.460314" lon="-106.741389"><ele>3337.6</ele><time>2026-04-11T17:41:43Z</time></rtept><rtept lat="37.460176" lon="-106.741122"><ele>3339.8</ele><time>2026-04-11T17:41:43Z</time></rtept><rtept lat="37.460134" lon="-106.741079"><ele>3338.6</ele><time>2026-04-11T17:41:43Z</time></rtept><rtept lat="37.460108" lon="-106.741018"><ele>3340.8</ele><time>2026-04-11T17:41:43Z</time></rtept><rtept lat="37.460095" lon="-106.740938"><ele>3340.8</ele><time>2026-04-11T17:41:43Z</time></rtept><rtept lat="37.460058" lon="-106.740888"><ele>3339.4</ele><time>2026-04-11T17:41:43Z</time></rtept><rtept lat="37.460045" lon="-106.740822"><ele>3341.6</ele><time>2026-04-11T17:41:43Z</time></rtept><rtept lat="37.46001" lon="-106.740782"><ele>3341.6</ele><time>2026-04-11T17:41:43Z</time></rtept><rtept lat="37.459979" lon="-106.74072"><ele>3340.2</ele><time>2026-04-11T17:41:43Z</time></rtept><rtept lat="37.459906" lon="-106.740622"><ele>3338.8</ele><time>2026-04-11T17:41:43Z</time></rtept><rtept lat="37.459887" lon="-106.740562"><ele>3340.8</ele><time>2026-04-11T17:41:43Z</time></rtept><rtept lat="37.459856" lon="-106.740517"><ele>3337.4</ele><time>2026-04-11T17:41:43Z</time></rtept><rtept lat="37.459802" lon="-106.740348"><ele>3337.8</ele><time>2026-04-11T17:41:43Z</time></rtept><rtept lat="37.459749" lon="-106.740312"><ele>3339.8</ele><time>2026-04-11T17:41:43Z</time></rtept><rtept lat="37.459727" lon="-106.74025"><ele>3336.4</ele><time>2026-04-11T17:41:43Z</time></rtept><rtept lat="37.459649" lon="-106.740009"><ele>3338.2</ele><time>2026-04-11T17:41:43Z</time></rtept><rtept lat="37.459635" lon="-106.739941"><ele>3340.0</ele><time>2026-04-11T17:41:43Z</time></rtept><rtept lat="37.459591" lon="-106.739828"><ele>3338.0</ele><time>2026-04-11T17:41:43Z</time></rtept><rtept lat="37.459555" lon="-106.739704"><ele>3341.6</ele><time>2026-04-11T17:41:43Z</time></rtept><rtept lat="37.459536" lon="-106.739584"><ele>3343.6</ele><time>2026-04-11T17:41:43Z</time></rtept><rtept lat="37.4595" lon="-106.739467"><ele>3343.0</ele><time>2026-04-11T17:41:43Z</time></rtept><rtept lat="37.459446" lon="-106.739163"><ele>3343.8</ele><time>2026-04-11T17:41:43Z</time></rtept><rtept lat="37.459399" lon="-106.738983"><ele>3346.6</ele><time>2026-04-11T17:41:43Z</time></rtept><rtept lat="37.459382" lon="-106.738863"><ele>3345.2</ele><time>2026-04-11T17:41:43Z</time></rtept><rtept lat="37.459343" lon="-106.73876"><ele>3346.6</ele><time>2026-04-11T17:41:43Z</time></rtept><rtept lat="37.459332" lon="-106.738632"><ele>3348.0</ele><time>2026-04-11T17:41:43Z</time></rtept><rtept lat="37.459297" lon="-106.738388"><ele>3347.4</ele><time>2026-04-11T17:41:43Z</time></rtept><rtept lat="37.459287" lon="-106.73833"><ele>3348.4</ele><time>2026-04-11T17:41:43Z</time></rtept><rtept lat="37.459263" lon="-106.738263"><ele>3349.2</ele><time>2026-04-11T17:41:43Z</time></rtept><rtept lat="37.459252" lon="-106.738206"><ele>3345.4</ele><time>2026-04-11T17:41:43Z</time></rtept><rtept lat="37.459251" lon="-106.738142"><ele>3346.0</ele><time>2026-04-11T17:41:43Z</time></rtept><rtept lat="37.459243" lon="-106.738092"><ele>3346.6</ele><time>2026-04-11T17:41:43Z</time></rtept><rtept lat="37.459213" lon="-106.737977"><ele>3347.4</ele><time>2026-04-11T17:41:43Z</time></rtept><rtept lat="37.459217" lon="-106.737826"><ele>3349.0</ele><time>2026-04-11T17:41:43Z</time></rtept><rtept lat="37.459208" lon="-106.73782"><ele>3349.0</ele><time>2026-04-11T17:41:43Z</time></rtept><rtept lat="37.459207" lon="-106.737745"><ele>3350.0</ele><time>2026-04-11T17:41:43Z</time></rtept><rtept lat="37.459267" lon="-106.737678"><ele>3354.2</ele><time>2026-04-11T17:41:43Z</time></rtept><rtept lat="37.459225" lon="-106.737639"><ele>3350.8</ele><time>2026-04-11T17:41:43Z</time></rtept><rtept lat="37.459206" lon="-106.737543"><ele>3351.8</ele><time>2026-04-11T17:41:43Z</time></rtept><rtept lat="37.459215" lon="-106.737518"><ele>3351.8</ele><time>2026-04-11T17:41:43Z</time></rtept><rtept lat="37.459212" lon="-106.737438"><ele>3352.4</ele><time>2026-04-11T17:41:43Z</time></rtept><rtept lat="37.459203" lon="-106.737408"><ele>3352.8</ele><time>2026-04-11T17:41:43Z</time></rtept><rtept lat="37.459202" lon="-106.737349"><ele>3352.8</ele><time>2026-04-11T17:41:43Z</time></rtept><rtept lat="37.459184" lon="-106.737303"><ele>3348.6</ele><time>2026-04-11T17:41:43Z</time></rtept><rtept lat="37.459187" lon="-106.737176"><ele>3349.0</ele><time>2026-04-11T17:41:43Z</time></rtept><rtept lat="37.459203" lon="-106.737122"><ele>3353.6</ele><time>2026-04-11T17:41:43Z</time></rtept><rtept lat="37.459186" lon="-106.737056"><ele>3349.8</ele><time>2026-04-11T17:41:43Z</time></rtept><rtept lat="37.459198" lon="-106.736998"><ele>3354.0</ele><time>2026-04-11T17:41:43Z</time></rtept><rtept lat="37.459221" lon="-106.736955"><ele>3354.4</ele><time>2026-04-11T17:41:43Z</time></rtept><rtept lat="37.459268" lon="-106.736802"><ele>3359.8</ele><time>2026-04-11T17:41:43Z</time></rtept><rtept lat="37.459267" lon="-106.736734"><ele>3359.8</ele><time>2026-04-11T17:41:43Z</time></rtept><rtept lat="37.459314" lon="-106.736596"><ele>3360.4</ele><time>2026-04-11T17:41:43Z</time></rtept><rtept lat="37.459299" lon="-106.736541"><ele>3360.4</ele><time>2026-04-11T17:41:43Z</time></rtept><rtept lat="37.459331" lon="-106.736503"><ele>3364.8</ele><time>2026-04-11T17:41:43Z</time></rtept><rtept lat="37.459342" lon="-106.736404"><ele>3364.8</ele><time>2026-04-11T17:41:43Z</time></rtept><rtept lat="37.459383" lon="-106.736353"><ele>3365.0</ele><time>2026-04-11T17:41:43Z</time></rtept><rtept lat="37.459382" lon="-106.736301"><ele>3365.0</ele><time>2026-04-11T17:41:43Z</time></rtept><rtept lat="37.459394" lon="-106.73625"><ele>3368.6</ele><time>2026-04-11T17:41:43Z</time></rtept><rtept lat="37.459395" lon="-106.736192"><ele>3368.4</ele><time>2026-04-11T17:41:43Z</time></rtept><rtept lat="37.459419" lon="-106.736089"><ele>3368.4</ele><time>2026-04-11T17:41:43Z</time></rtept><rtept lat="37.459484" lon="-106.735916"><ele>3370.6</ele><time>2026-04-11T17:41:43Z</time></rtept><rtept lat="37.459523" lon="-106.735854"><ele>3370.6</ele><time>2026-04-11T17:41:43Z</time></rtept><rtept lat="37.459519" lon="-106.735826"><ele>3370.6</ele><time>2026-04-11T17:41:43Z</time></rtept><rtept lat="37.459534" lon="-106.735787"><ele>3371.8</ele><time>2026-04-11T17:41:43Z</time></rtept><rtept lat="37.459559" lon="-106.735739"><ele>3371.6</ele><time>2026-04-11T17:41:43Z</time></rtept><rtept lat="37.459621" lon="-106.735651"><ele>3373.0</ele><time>2026-04-11T17:41:43Z</time></rtept><rtept lat="37.459647" lon="-106.735591"><ele>3373.8</ele><time>2026-04-11T17:41:43Z</time></rtept><rtept lat="37.459689" lon="-106.735447"><ele>3375.0</ele><time>2026-04-11T17:41:43Z</time></rtept><rtept lat="37.459675" lon="-106.735387"><ele>3376.6</ele><time>2026-04-11T17:41:43Z</time></rtept><rtept lat="37.459644" lon="-106.735351"><ele>3378.4</ele><time>2026-04-11T17:41:43Z</time></rtept><rtept lat="37.459599" lon="-106.73533"><ele>3378.4</ele><time>2026-04-11T17:41:43Z</time></rtept><rtept lat="37.459509" lon="-106.735269"><ele>3378.4</ele><time>2026-04-11T17:41:43Z</time></rtept><rtept lat="37.459526" lon="-106.735215"><ele>3380.4</ele><time>2026-04-11T17:41:43Z</time></rtept><rtept lat="37.459449" lon="-106.735214"><ele>3380.0</ele><time>2026-04-11T17:41:43Z</time></rtept><rtept lat="37.459385" lon="-106.735154"><ele>3382.2</ele><time>2026-04-11T17:41:43Z</time></rtept><rtept lat="37.459349" lon="-106.735129"><ele>3382.2</ele><time>2026-04-11T17:41:43Z</time></rtept><rtept lat="37.459305" lon="-106.73511"><ele>3381.6</ele><time>2026-04-11T17:41:43Z</time></rtept><rtept lat="37.459244" lon="-106.735108"><ele>3381.0</ele><time>2026-04-11T17:41:43Z</time></rtept><rtept lat="37.45919" lon="-106.735087"><ele>3384.2</ele><time>2026-04-11T17:41:43Z</time></rtept><rtept lat="37.459142" lon="-106.735118"><ele>3380.2</ele><time>2026-04-11T17:41:43Z</time></rtept><rtept lat="37.459127" lon="-106.735085"><ele>3383.2</ele><time>2026-04-11T17:41:43Z</time></rtept><rtept lat="37.459114" lon="-106.735073"><ele>3382.0</ele><time>2026-04-11T17:41:43Z</time></rtept><rtept lat="37.459066" lon="-106.735069"><ele>3382.0</ele><time>2026-04-11T17:41:43Z</time></rtept><rtept lat="37.459028" lon="-106.73505"><ele>3380.6</ele><time>2026-04-11T17:41:43Z</time></rtept><rtept lat="37.458938" lon="-106.73507"><ele>3379.0</ele><time>2026-04-11T17:41:43Z</time></rtept><rtept lat="37.4589" lon="-106.735017"><ele>3377.8</ele><time>2026-04-11T17:41:43Z</time></rtept><rtept lat="37.458819" lon="-106.735017"><ele>3376.4</ele><time>2026-04-11T17:41:43Z</time></rtept><rtept lat="37.45872" lon="-106.735006"><ele>3378.6</ele><time>2026-04-11T17:41:43Z</time></rtept><rtept lat="37.4587" lon="-106.735019"><ele>3374.0</ele><time>2026-04-11T17:41:43Z</time></rtept><rtept lat="37.458651" lon="-106.734995"><ele>3377.2</ele><time>2026-04-11T17:41:43Z</time></rtept><rtept lat="37.458591" lon="-106.735039"><ele>3372.8</ele><time>2026-04-11T17:41:43Z</time></rtept><rtept lat="37.458557" lon="-106.734954"><ele>3374.6</ele><time>2026-04-11T17:41:43Z</time></rtept><rtept lat="37.458528" lon="-106.734936"><ele>3374.6</ele><time>2026-04-11T17:41:43Z</time></rtept><rtept lat="37.458428" lon="-106.734935"><ele>3371.2</ele><time>2026-04-11T17:41:43Z</time></rtept><rtept lat="37.458381" lon="-106.73491"><ele>3374.4</ele><time>2026-04-11T17:41:43Z</time></rtept><rtept lat="37.458352" lon="-106.734884"><ele>3372.8</ele><time>2026-04-11T17:41:43Z</time></rtept><rtept lat="37.458303" lon="-106.734879"><ele>3371.2</ele><time>2026-04-11T17:41:43Z</time></rtept><rtept lat="37.458263" lon="-106.734858"><ele>3371.2</ele><time>2026-04-11T17:41:43Z</time></rtept><rtept lat="37.458157" lon="-106.734724"><ele>3374.0</ele><time>2026-04-11T17:41:43Z</time></rtept><rtept lat="37.458083" lon="-106.734656"><ele>3375.6</ele><time>2026-04-11T17:41:43Z</time></rtept><rtept lat="37.457955" lon="-106.734504"><ele>3375.2</ele><time>2026-04-11T17:41:43Z</time></rtept><rtept lat="37.457822" lon="-106.734359"><ele>3378.4</ele><time>2026-04-11T17:41:43Z</time></rtept><rtept lat="37.457793" lon="-106.73433"><ele>3378.4</ele><time>2026-04-11T17:41:43Z</time></rtept><rtept lat="37.457777" lon="-106.734327"><ele>3378.4</ele><time>2026-04-11T17:41:43Z</time></rtept><rtept lat="37.457704" lon="-106.734242"><ele>3379.6</ele><time>2026-04-11T17:41:43Z</time></rtept><rtept lat="37.457657" lon="-106.734221"><ele>3380.8</ele><time>2026-04-11T17:41:43Z</time></rtept><rtept lat="37.457615" lon="-106.734178"><ele>3378.6</ele><time>2026-04-11T17:41:43Z</time></rtept><rtept lat="37.457593" lon="-106.734119"><ele>3381.6</ele><time>2026-04-11T17:41:43Z</time></rtept><rtept lat="37.45746" lon="-106.734009"><ele>3380.4</ele><time>2026-04-11T17:41:43Z</time></rtept><rtept lat="37.457408" lon="-106.733988"><ele>3378.8</ele><time>2026-04-11T17:41:43Z</time></rtept><rtept lat="37.457368" lon="-106.733952"><ele>3381.0</ele><time>2026-04-11T17:41:43Z</time></rtept><rtept lat="37.457221" lon="-106.73386"><ele>3380.2</ele><time>2026-04-11T17:41:43Z</time></rtept><rtept lat="37.457185" lon="-106.733814"><ele>3379.4</ele><time>2026-04-11T17:41:43Z</time></rtept><rtept lat="37.457154" lon="-106.733787"><ele>3381.8</ele><time>2026-04-11T17:41:43Z</time></rtept><rtept lat="37.457098" lon="-106.733768"><ele>3381.8</ele><time>2026-04-11T17:41:43Z</time></rtept><rtept lat="37.457051" lon="-106.733722"><ele>3383.2</ele><time>2026-04-11T17:41:43Z</time></rtept><rtept lat="37.457" lon="-106.733686"><ele>3383.2</ele><time>2026-04-11T17:41:43Z</time></rtept><rtept lat="37.456985" lon="-106.733623"><ele>3383.6</ele><time>2026-04-11T17:41:43Z</time></rtept><rtept lat="37.456943" lon="-106.733619"><ele>3383.6</ele><time>2026-04-11T17:41:43Z</time></rtept><rtept lat="37.456898" lon="-106.733593"><ele>3383.6</ele><time>2026-04-11T17:41:43Z</time></rtept><rtept lat="37.456867" lon="-106.733532"><ele>3383.6</ele><time>2026-04-11T17:41:43Z</time></rtept><rtept lat="37.456853" lon="-106.733459"><ele>3383.0</ele><time>2026-04-11T17:41:43Z</time></rtept><rtept lat="37.456826" lon="-106.733413"><ele>3383.0</ele><time>2026-04-11T17:41:43Z</time></rtept><rtept lat="37.456809" lon="-106.733337"><ele>3382.2</ele><time>2026-04-11T17:41:43Z</time></rtept><rtept lat="37.456733" lon="-106.733189"><ele>3380.0</ele><time>2026-04-11T17:41:43Z</time></rtept><rtept lat="37.456729" lon="-106.733128"><ele>3380.0</ele><time>2026-04-11T17:41:43Z</time></rtept><rtept lat="37.456698" lon="-106.733087"><ele>3378.6</ele><time>2026-04-11T17:41:43Z</time></rtept><rtept lat="37.456671" lon="-106.73307"><ele>3378.6</ele><time>2026-04-11T17:41:43Z</time></rtept><rtept lat="37.456672" lon="-106.733043"><ele>3378.6</ele><time>2026-04-11T17:41:43Z</time></rtept><rtept lat="37.456661" lon="-106.732986"><ele>3377.4</ele><time>2026-04-11T17:41:43Z</time></rtept><rtept lat="37.456692" lon="-106.732846"><ele>3373.8</ele><time>2026-04-11T17:41:43Z</time></rtept><rtept lat="37.456667" lon="-106.73277"><ele>3371.4</ele><time>2026-04-11T17:41:43Z</time></rtept><rtept lat="37.456661" lon="-106.732713"><ele>3371.4</ele><time>2026-04-11T17:41:43Z</time></rtept><rtept lat="37.456711" lon="-106.732538"><ele>3367.6</ele><time>2026-04-11T17:41:43Z</time></rtept><rtept lat="37.456709" lon="-106.732466"><ele>3365.8</ele><time>2026-04-11T17:41:43Z</time></rtept><rtept lat="37.456732" lon="-106.732483"><ele>3365.8</ele><time>2026-04-11T17:41:43Z</time></rtept><rtept lat="37.456757" lon="-106.732423"><ele>3365.4</ele><time>2026-04-11T17:41:43Z</time></rtept><rtept lat="37.4568" lon="-106.732427"><ele>3365.4</ele><time>2026-04-11T17:41:43Z</time></rtept><rtept lat="37.45678" lon="-106.732413"><ele>3365.4</ele><time>2026-04-11T17:41:43Z</time></rtept><rtept lat="37.456786" lon="-106.732336"><ele>3364.0</ele><time>2026-04-11T17:41:43Z</time></rtept><rtept lat="37.456816" lon="-106.732269"><ele>3365.2</ele><time>2026-04-11T17:41:43Z</time></rtept><rtept lat="37.456828" lon="-106.732211"><ele>3363.8</ele><time>2026-04-11T17:41:43Z</time></rtept><rtept lat="37.456875" lon="-106.7321"><ele>3363.4</ele><time>2026-04-11T17:41:43Z</time></rtept><rtept lat="37.456855" lon="-106.732039"><ele>3360.4</ele><time>2026-04-11T17:41:43Z</time></rtept><rtept lat="37.456925" lon="-106.731922"><ele>3359.8</ele><time>2026-04-11T17:41:43Z</time></rtept><rtept lat="37.456975" lon="-106.731889"><ele>3359.2</ele><time>2026-04-11T17:41:43Z</time></rtept><rtept lat="37.456983" lon="-106.731812"><ele>3357.0</ele><time>2026-04-11T17:41:43Z</time></rtept><rtept lat="37.45691" lon="-106.731824"><ele>3355.8</ele><time>2026-04-11T17:41:43Z</time></rtept><rtept lat="37.456888" lon="-106.731835"><ele>3357.8</ele><time>2026-04-11T17:41:43Z</time></rtept><rtept lat="37.456527" lon="-106.731834"><ele>3350.2</ele><time>2026-04-11T17:41:43Z</time></rtept><rtept lat="37.456505" lon="-106.731782"><ele>3350.2</ele><time>2026-04-11T17:41:43Z</time></rtept><rtept lat="37.456449" lon="-106.73176"><ele>3349.4</ele><time>2026-04-11T17:41:43Z</time></rtept><rtept lat="37.456385" lon="-106.731707"><ele>3346.8</ele><time>2026-04-11T17:41:43Z</time></rtept><rtept lat="37.456346" lon="-106.73171"><ele>3346.8</ele><time>2026-04-11T17:41:43Z</time></rtept><rtept lat="37.456315" lon="-106.731672"><ele>3345.8</ele><time>2026-04-11T17:41:43Z</time></rtept><rtept lat="37.456294" lon="-106.73162"><ele>3344.2</ele><time>2026-04-11T17:41:43Z</time></rtept><rtept lat="37.456281" lon="-106.731556"><ele>3342.6</ele><time>2026-04-11T17:41:43Z</time></rtept><rtept lat="37.456237" lon="-106.73151"><ele>3341.4</ele><time>2026-04-11T17:41:43Z</time></rtept><rtept lat="37.456204" lon="-106.731459"><ele>3339.6</ele><time>2026-04-11T17:41:43Z</time></rtept><rtept lat="37.456161" lon="-106.73142"><ele>3338.4</ele><time>2026-04-11T17:41:43Z</time></rtept><rtept lat="37.456117" lon="-106.731365"><ele>3335.0</ele><time>2026-04-11T17:41:43Z</time></rtept><rtept lat="37.456111" lon="-106.7313"><ele>3333.2</ele><time>2026-04-11T17:41:43Z</time></rtept><rtept lat="37.456069" lon="-106.731253"><ele>3333.2</ele><time>2026-04-11T17:41:43Z</time></rtept><rtept lat="37.455957" lon="-106.7312"><ele>3328.6</ele><time>2026-04-11T17:41:43Z</time></rtept><rtept lat="37.45591" lon="-106.731185"><ele>3327.0</ele><time>2026-04-11T17:41:43Z</time></rtept><rtept lat="37.455873" lon="-106.731131"><ele>3325.8</ele><time>2026-04-11T17:41:43Z</time></rtept><rtept lat="37.455883" lon="-106.73107"><ele>3325.8</ele><time>2026-04-11T17:41:43Z</time></rtept><rtept lat="37.455901" lon="-106.731021"><ele>3324.8</ele><time>2026-04-11T17:41:43Z</time></rtept><rtept lat="37.455952" lon="-106.730928"><ele>3324.8</ele><time>2026-04-11T17:41:43Z</time></rtept><rtept lat="37.455998" lon="-106.730908"><ele>3326.2</ele><time>2026-04-11T17:41:43Z</time></rtept><rtept lat="37.456054" lon="-106.730902"><ele>3326.2</ele><time>2026-04-11T17:41:43Z</time></rtept><rtept lat="37.456144" lon="-106.73088"><ele>3327.0</ele><time>2026-04-11T17:41:43Z</time></rtept><rtept lat="37.456246" lon="-106.730836"><ele>3327.6</ele><time>2026-04-11T17:41:43Z</time></rtept><rtept lat="37.456283" lon="-106.730784"><ele>3326.6</ele><time>2026-04-11T17:41:43Z</time></rtept><rtept lat="37.45633" lon="-106.730697"><ele>3325.4</ele><time>2026-04-11T17:41:43Z</time></rtept><rtept lat="37.456376" lon="-106.730589"><ele>3323.8</ele><time>2026-04-11T17:41:43Z</time></rtept><rtept lat="37.456462" lon="-106.730455"><ele>3320.8</ele><time>2026-04-11T17:41:43Z</time></rtept><rtept lat="37.456498" lon="-106.730408"><ele>3321.2</ele><time>2026-04-11T17:41:43Z</time></rtept><rtept lat="37.456532" lon="-106.730381"><ele>3321.2</ele><time>2026-04-11T17:41:43Z</time></rtept><rtept lat="37.456545" lon="-106.73032"><ele>3319.4</ele><time>2026-04-11T17:41:43Z</time></rtept><rtept lat="37.456573" lon="-106.730232"><ele>3317.8</ele><time>2026-04-11T17:41:43Z</time></rtept><rtept lat="37.456543" lon="-106.730105"><ele>3314.8</ele><time>2026-04-11T17:41:43Z</time></rtept><rtept lat="37.456498" lon="-106.729991"><ele>3313.2</ele><time>2026-04-11T17:41:43Z</time></rtept><rtept lat="37.456458" lon="-106.729946"><ele>3312.0</ele><time>2026-04-11T17:41:43Z</time></rtept><rtept lat="37.456355" lon="-106.729897"><ele>3312.0</ele><time>2026-04-11T17:41:43Z</time></rtept><rtept lat="37.456319" lon="-106.729851"><ele>3310.8</ele><time>2026-04-11T17:41:43Z</time></rtept><rtept lat="37.456268" lon="-106.729834"><ele>3310.8</ele><time>2026-04-11T17:41:43Z</time></rtept><rtept lat="37.456201" lon="-106.72979"><ele>3310.6</ele><time>2026-04-11T17:41:43Z</time></rtept><rtept lat="37.456161" lon="-106.729741"><ele>3309.6</ele><time>2026-04-11T17:41:43Z</time></rtept><rtept lat="37.456121" lon="-106.729708"><ele>3309.2</ele><time>2026-04-11T17:41:43Z</time></rtept><rtept lat="37.456079" lon="-106.729678"><ele>3308.4</ele><time>2026-04-11T17:41:43Z</time></rtept><rtept lat="37.456018" lon="-106.729652"><ele>3307.8</ele><time>2026-04-11T17:41:43Z</time></rtept><rtept lat="37.455921" lon="-106.72964"><ele>3307.2</ele><time>2026-04-11T17:41:43Z</time></rtept><rtept lat="37.455811" lon="-106.72966"><ele>3305.4</ele><time>2026-04-11T17:41:43Z</time></rtept><rtept lat="37.455757" lon="-106.729655"><ele>3304.6</ele><time>2026-04-11T17:41:43Z</time></rtept><rtept lat="37.455701" lon="-106.729632"><ele>3303.8</ele><time>2026-04-11T17:41:43Z</time></rtept><rtept lat="37.455605" lon="-106.729546"><ele>3302.2</ele><time>2026-04-11T17:41:43Z</time></rtept><rtept lat="37.455522" lon="-106.729525"><ele>3301.4</ele><time>2026-04-11T17:41:43Z</time></rtept><rtept lat="37.455495" lon="-106.7295"><ele>3299.8</ele><time>2026-04-11T17:41:43Z</time></rtept><rtept lat="37.45542" lon="-106.729455"><ele>3299.2</ele><time>2026-04-11T17:41:43Z</time></rtept><rtept lat="37.455411" lon="-106.729436"><ele>3299.2</ele><time>2026-04-11T17:41:43Z</time></rtept><rtept lat="37.45538" lon="-106.729405"><ele>3298.2</ele><time>2026-04-11T17:41:43Z</time></rtept><rtept lat="37.455337" lon="-106.729376"><ele>3297.8</ele><time>2026-04-11T17:41:43Z</time></rtept><rtept lat="37.45534" lon="-106.729313"><ele>3297.0</ele><time>2026-04-11T17:41:43Z</time></rtept><rtept lat="37.455293" lon="-106.729291"><ele>3296.8</ele><time>2026-04-11T17:41:43Z</time></rtept><rtept lat="37.45526" lon="-106.729291"><ele>3296.8</ele><time>2026-04-11T17:41:43Z</time></rtept><rtept lat="37.455225" lon="-106.729324"><ele>3296.4</ele><time>2026-04-11T17:41:43Z</time></rtept><rtept lat="37.455204" lon="-106.729381"><ele>3297.2</ele><time>2026-04-11T17:41:43Z</time></rtept><rtept lat="37.455188" lon="-106.729403"><ele>3297.2</ele><time>2026-04-11T17:41:43Z</time></rtept><rtept lat="37.455096" lon="-106.729419"><ele>3296.4</ele><time>2026-04-11T17:41:43Z</time></rtept><rtept lat="37.455061" lon="-106.729442"><ele>3297.0</ele><time>2026-04-11T17:41:43Z</time></rtept><rtept lat="37.455027" lon="-106.729472"><ele>3296.6</ele><time>2026-04-11T17:41:43Z</time></rtept><rtept lat="37.455002" lon="-106.729517"><ele>3297.2</ele><time>2026-04-11T17:41:43Z</time></rtept><rtept lat="37.454956" lon="-106.72956"><ele>3296.8</ele><time>2026-04-11T17:41:43Z</time></rtept><rtept lat="37.454911" lon="-106.729587"><ele>3296.8</ele><time>2026-04-11T17:41:43Z</time></rtept><rtept lat="37.45487" lon="-106.729598"><ele>3296.4</ele><time>2026-04-11T17:41:43Z</time></rtept><rtept lat="37.454816" lon="-106.729595"><ele>3295.8</ele><time>2026-04-11T17:41:43Z</time></rtept><rtept lat="37.454766" lon="-106.729621"><ele>3296.2</ele><time>2026-04-11T17:41:43Z</time></rtept><rtept lat="37.454732" lon="-106.729602"><ele>3295.4</ele><time>2026-04-11T17:41:43Z</time></rtept><rtept lat="37.454615" lon="-106.729483"><ele>3293.8</ele><time>2026-04-11T17:41:43Z</time></rtept><rtept lat="37.454563" lon="-106.72944"><ele>3293.8</ele><time>2026-04-11T17:41:43Z</time></rtept><rtept lat="37.454526" lon="-106.729396"><ele>3293.2</ele><time>2026-04-11T17:41:43Z</time></rtept><rtept lat="37.454474" lon="-106.72937"><ele>3292.8</ele><time>2026-04-11T17:41:43Z</time></rtept><rtept lat="37.454425" lon="-106.729362"><ele>3292.8</ele><time>2026-04-11T17:41:43Z</time></rtept><rtept lat="37.454382" lon="-106.729337"><ele>3292.0</ele><time>2026-04-11T17:41:43Z</time></rtept><rtept lat="37.454329" lon="-106.729326"><ele>3291.6</ele><time>2026-04-11T17:41:43Z</time></rtept><rtept lat="37.454228" lon="-106.729289"><ele>3291.6</ele><time>2026-04-11T17:41:43Z</time></rtept><rtept lat="37.454143" lon="-106.729234"><ele>3292.2</ele><time>2026-04-11T17:41:43Z</time></rtept><rtept lat="37.4541" lon="-106.729223"><ele>3292.2</ele><time>2026-04-11T17:41:43Z</time></rtept><rtept lat="37.453888" lon="-106.729158"><ele>3296.2</ele><time>2026-04-11T17:41:43Z</time></rtept><rtept lat="37.454047" lon="-106.729184"><ele>3293.2</ele><time>2026-04-11T17:41:43Z</time></rtept><rtept lat="37.453894" lon="-106.729131"><ele>3296.2</ele><time>2026-04-11T17:41:43Z</time></rtept><rtept lat="37.453852" lon="-106.729108"><ele>3298.0</ele><time>2026-04-11T17:41:43Z</time></rtept><rtept lat="37.453841" lon="-106.729071"><ele>3298.0</ele><time>2026-04-11T17:41:43Z</time></rtept><rtept lat="37.453823" lon="-106.729058"><ele>3298.0</ele><time>2026-04-11T17:41:43Z</time></rtept><rtept lat="37.453765" lon="-106.729023"><ele>3300.0</ele><time>2026-04-11T17:41:43Z</time></rtept><rtept lat="37.453716" lon="-106.728982"><ele>3302.0</ele><time>2026-04-11T17:41:43Z</time></rtept><rtept lat="37.453696" lon="-106.728981"><ele>3302.0</ele><time>2026-04-11T17:41:43Z</time></rtept><rtept lat="37.453667" lon="-106.728965"><ele>3304.4</ele><time>2026-04-11T17:41:43Z</time></rtept><rtept lat="37.453607" lon="-106.728903"><ele>3304.0</ele><time>2026-04-11T17:41:43Z</time></rtept><rtept lat="37.453582" lon="-106.728788"><ele>3305.8</ele><time>2026-04-11T17:41:43Z</time></rtept><rtept lat="37.453541" lon="-106.728649"><ele>3304.8</ele><time>2026-04-11T17:41:43Z</time></rtept><rtept lat="37.453519" lon="-106.728614"><ele>3307.4</ele><time>2026-04-11T17:41:43Z</time></rtept><rtept lat="37.453481" lon="-106.728592"><ele>3307.4</ele><time>2026-04-11T17:41:43Z</time></rtept><rtept lat="37.453445" lon="-106.728561"><ele>3309.6</ele><time>2026-04-11T17:41:43Z</time></rtept><rtept lat="37.453416" lon="-106.728521"><ele>3309.6</ele><time>2026-04-11T17:41:43Z</time></rtept><rtept lat="37.453404" lon="-106.728483"><ele>3309.0</ele><time>2026-04-11T17:41:43Z</time></rtept><rtept lat="37.453385" lon="-106.728501"><ele>3312.8</ele><time>2026-04-11T17:41:43Z</time></rtept><rtept lat="37.453375" lon="-106.728592"><ele>3313.8</ele><time>2026-04-11T17:41:43Z</time></rtept><rtept lat="37.453399" lon="-106.728798"><ele>3312.0</ele><time>2026-04-11T17:41:43Z</time></rtept><rtept lat="37.453416" lon="-106.72888"><ele>3312.8</ele><time>2026-04-11T17:41:43Z</time></rtept><rtept lat="37.453413" lon="-106.728931"><ele>3313.6</ele><time>2026-04-11T17:41:43Z</time></rtept><rtept lat="37.453384" lon="-106.729024"><ele>3317.8</ele><time>2026-04-11T17:41:43Z</time></rtept><rtept lat="37.453333" lon="-106.729121"><ele>3318.4</ele><time>2026-04-11T17:41:43Z</time></rtept><rtept lat="37.453333" lon="-106.729142"><ele>3318.4</ele><time>2026-04-11T17:41:43Z</time></rtept><rtept lat="37.453317" lon="-106.72918"><ele>3321.8</ele><time>2026-04-11T17:41:43Z</time></rtept><rtept lat="37.453327" lon="-106.729274"><ele>3321.8</ele><time>2026-04-11T17:41:43Z</time></rtept><rtept lat="37.453326" lon="-106.729285"><ele>3321.8</ele><time>2026-04-11T17:41:43Z</time></rtept><rtept lat="37.453315" lon="-106.72929"><ele>3321.8</ele><time>2026-04-11T17:41:43Z</time></rtept><rtept lat="37.453294" lon="-106.729226"><ele>3321.8</ele><time>2026-04-11T17:41:43Z</time></rtept><rtept lat="37.453287" lon="-106.729182"><ele>3321.8</ele><time>2026-04-11T17:41:43Z</time></rtept><rtept lat="37.453233" lon="-106.729068"><ele>3324.0</ele><time>2026-04-11T17:41:43Z</time></rtept><rtept lat="37.453187" lon="-106.728993"><ele>3326.4</ele><time>2026-04-11T17:41:43Z</time></rtept><rtept lat="37.453145" lon="-106.728897"><ele>3325.6</ele><time>2026-04-11T17:41:43Z</time></rtept><rtept lat="37.453067" lon="-106.72868"><ele>3327.0</ele><time>2026-04-11T17:41:43Z</time></rtept><rtept lat="37.452969" lon="-106.728442"><ele>3329.8</ele><time>2026-04-11T17:41:43Z</time></rtept><rtept lat="37.452914" lon="-106.728375"><ele>3331.8</ele><time>2026-04-11T17:41:43Z</time></rtept><rtept lat="37.45281" lon="-106.72827"><ele>3333.8</ele><time>2026-04-11T17:41:43Z</time></rtept><rtept lat="37.452779" lon="-106.728227"><ele>3335.6</ele><time>2026-04-11T17:41:43Z</time></rtept><rtept lat="37.452763" lon="-106.728185"><ele>3335.6</ele><time>2026-04-11T17:41:43Z</time></rtept><rtept lat="37.45273" lon="-106.728157"><ele>3335.6</ele><time>2026-04-11T17:41:43Z</time></rtept><rtept lat="37.452682" lon="-106.728073"><ele>3337.2</ele><time>2026-04-11T17:41:43Z</time></rtept><rtept lat="37.452591" lon="-106.727837"><ele>3335.0</ele><time>2026-04-11T17:41:43Z</time></rtept><rtept lat="37.452542" lon="-106.727747"><ele>3336.2</ele><time>2026-04-11T17:41:43Z</time></rtept><rtept lat="37.452465" lon="-106.727629"><ele>3337.2</ele><time>2026-04-11T17:41:43Z</time></rtept><rtept lat="37.452445" lon="-106.727584"><ele>3335.4</ele><time>2026-04-11T17:41:43Z</time></rtept><rtept lat="37.452426" lon="-106.727563"><ele>3338.0</ele><time>2026-04-11T17:41:43Z</time></rtept><rtept lat="37.452418" lon="-106.727601"><ele>3338.0</ele><time>2026-04-11T17:41:43Z</time></rtept><rtept lat="37.452439" lon="-106.727702"><ele>3340.0</ele><time>2026-04-11T17:41:43Z</time></rtept><rtept lat="37.452463" lon="-106.727772"><ele>3339.2</ele><time>2026-04-11T17:41:43Z</time></rtept><rtept lat="37.452451" lon="-106.727813"><ele>3341.0</ele><time>2026-04-11T17:41:43Z</time></rtept><rtept lat="37.452462" lon="-106.72783"><ele>3341.0</ele><time>2026-04-11T17:41:43Z</time></rtept><rtept lat="37.45247" lon="-106.727912"><ele>3343.0</ele><time>2026-04-11T17:41:43Z</time></rtept><rtept lat="37.452503" lon="-106.728"><ele>3344.6</ele><time>2026-04-11T17:41:43Z</time></rtept><rtept lat="37.452527" lon="-106.72804"><ele>3342.0</ele><time>2026-04-11T17:41:43Z</time></rtept><rtept lat="37.452524" lon="-106.728074"><ele>3343.6</ele><time>2026-04-11T17:41:43Z</time></rtept><rtept lat="37.452536" lon="-106.728174"><ele>3345.2</ele><time>2026-04-11T17:41:43Z</time></rtept><rtept lat="37.452555" lon="-106.728247"><ele>3346.6</ele><time>2026-04-11T17:41:43Z</time></rtept><rtept lat="37.452584" lon="-106.728308"><ele>3344.0</ele><time>2026-04-11T17:41:43Z</time></rtept><rtept lat="37.452576" lon="-106.728335"><ele>3347.8</ele><time>2026-04-11T17:41:43Z</time></rtept><rtept lat="37.452589" lon="-106.728393"><ele>3345.4</ele><time>2026-04-11T17:41:43Z</time></rtept><rtept lat="37.452609" lon="-106.728427"><ele>3346.4</ele><time>2026-04-11T17:41:43Z</time></rtept><rtept lat="37.45259" lon="-106.728458"><ele>3346.4</ele><time>2026-04-11T17:41:43Z</time></rtept><rtept lat="37.452613" lon="-106.728497"><ele>3347.2</ele><time>2026-04-11T17:41:43Z</time></rtept><rtept lat="37.452623" lon="-106.728553"><ele>3347.2</ele><time>2026-04-11T17:41:43Z</time></rtept><rtept lat="37.452658" lon="-106.728592"><ele>3345.0</ele><time>2026-04-11T17:41:43Z</time></rtept><rtept lat="37.452633" lon="-106.728602"><ele>3348.0</ele><time>2026-04-11T17:41:43Z</time></rtept><rtept lat="37.452629" lon="-106.72861"><ele>3348.0</ele><time>2026-04-11T17:41:43Z</time></rtept><rtept lat="37.452627" lon="-106.728719"><ele>3348.8</ele><time>2026-04-11T17:41:43Z</time></rtept><rtept lat="37.452618" lon="-106.728738"><ele>3348.8</ele><time>2026-04-11T17:41:43Z</time></rtept><rtept lat="37.452637" lon="-106.72881"><ele>3349.4</ele><time>2026-04-11T17:41:43Z</time></rtept><rtept lat="37.452652" lon="-106.728899"><ele>3346.6</ele><time>2026-04-11T17:41:43Z</time></rtept><rtept lat="37.452648" lon="-106.72898"><ele>3350.4</ele><time>2026-04-11T17:41:43Z</time></rtept><rtept lat="37.452652" lon="-106.729018"><ele>3347.2</ele><time>2026-04-11T17:41:43Z</time></rtept><rtept lat="37.452647" lon="-106.729063"><ele>3350.8</ele><time>2026-04-11T17:41:43Z</time></rtept><rtept lat="37.452621" lon="-106.729111"><ele>3351.0</ele><time>2026-04-11T17:41:43Z</time></rtept><rtept lat="37.452619" lon="-106.729131"><ele>3351.0</ele><time>2026-04-11T17:41:43Z</time></rtept><rtept lat="37.452578" lon="-106.72916"><ele>3354.6</ele><time>2026-04-11T17:41:43Z</time></rtept><rtept lat="37.452557" lon="-106.729189"><ele>3354.8</ele><time>2026-04-11T17:41:43Z</time></rtept><rtept lat="37.452575" lon="-106.729238"><ele>3354.8</ele><time>2026-04-11T17:41:43Z</time></rtept><rtept lat="37.452511" lon="-106.72926"><ele>3357.4</ele><time>2026-04-11T17:41:43Z</time></rtept><rtept lat="37.452488" lon="-106.729288"><ele>3357.4</ele><time>2026-04-11T17:41:43Z</time></rtept><rtept lat="37.452472" lon="-106.729349"><ele>3357.0</ele><time>2026-04-11T17:41:43Z</time></rtept><rtept lat="37.45244" lon="-106.729351"><ele>3359.6</ele><time>2026-04-11T17:41:43Z</time></rtept><rtept lat="37.452419" lon="-106.729375"><ele>3359.6</ele><time>2026-04-11T17:41:43Z</time></rtept><rtept lat="37.452361" lon="-106.729389"><ele>3362.0</ele><time>2026-04-11T17:41:43Z</time></rtept><rtept lat="37.452351" lon="-106.729434"><ele>3361.8</ele><time>2026-04-11T17:41:43Z</time></rtept><rtept lat="37.452308" lon="-106.72947"><ele>3361.8</ele><time>2026-04-11T17:41:43Z</time></rtept><rtept lat="37.452275" lon="-106.729534"><ele>3363.6</ele><time>2026-04-11T17:41:43Z</time></rtept><rtept lat="37.452245" lon="-106.72957"><ele>3363.6</ele><time>2026-04-11T17:41:43Z</time></rtept><rtept lat="37.452176" lon="-106.729697"><ele>3364.4</ele><time>2026-04-11T17:41:43Z</time></rtept><rtept lat="37.452144" lon="-106.729717"><ele>3366.8</ele><time>2026-04-11T17:41:43Z</time></rtept><rtept lat="37.452139" lon="-106.729757"><ele>3366.8</ele><time>2026-04-11T17:41:43Z</time></rtept><rtept lat="37.452098" lon="-106.72977"><ele>3369.2</ele><time>2026-04-11T17:41:43Z</time></rtept><rtept lat="37.452044" lon="-106.729745"><ele>3369.2</ele><time>2026-04-11T17:41:43Z</time></rtept><rtept lat="37.452036" lon="-106.729823"><ele>3367.8</ele><time>2026-04-11T17:41:43Z</time></rtept><rtept lat="37.451955" lon="-106.72985"><ele>3373.2</ele><time>2026-04-11T17:41:43Z</time></rtept><rtept lat="37.451937" lon="-106.729872"><ele>3371.2</ele><time>2026-04-11T17:41:43Z</time></rtept><rtept lat="37.45195" lon="-106.729882"><ele>3371.2</ele><time>2026-04-11T17:41:43Z</time></rtept><rtept lat="37.451954" lon="-106.72991"><ele>3371.2</ele><time>2026-04-11T17:41:43Z</time></rtept><rtept lat="37.451909" lon="-106.729899"><ele>3371.2</ele><time>2026-04-11T17:41:43Z</time></rtept><rtept lat="37.451895" lon="-106.729926"><ele>3373.6</ele><time>2026-04-11T17:41:43Z</time></rtept><rtept lat="37.451859" lon="-106.729941"><ele>3373.6</ele><time>2026-04-11T17:41:43Z</time></rtept><rtept lat="37.451838" lon="-106.729975"><ele>3371.2</ele><time>2026-04-11T17:41:43Z</time></rtept><rtept lat="37.451812" lon="-106.730088"><ele>3371.0</ele><time>2026-04-11T17:41:43Z</time></rtept><rtept lat="37.451804" lon="-106.730129"><ele>3368.2</ele><time>2026-04-11T17:41:43Z</time></rtept><rtept lat="37.451808" lon="-106.730192"><ele>3368.2</ele><time>2026-04-11T17:41:43Z</time></rtept><rtept lat="37.451765" lon="-106.730203"><ele>3368.2</ele><time>2026-04-11T17:41:43Z</time></rtept><rtept lat="37.451772" lon="-106.730216"><ele>3365.4</ele><time>2026-04-11T17:41:43Z</time></rtept><rtept lat="37.451744" lon="-106.730223"><ele>3367.0</ele><time>2026-04-11T17:41:43Z</time></rtept><rtept lat="37.451715" lon="-106.730257"><ele>3367.0</ele><time>2026-04-11T17:41:43Z</time></rtept><rtept lat="37.45169" lon="-106.730253"><ele>3368.6</ele><time>2026-04-11T17:41:43Z</time></rtept><rtept lat="37.451658" lon="-106.730271"><ele>3368.6</ele><time>2026-04-11T17:41:43Z</time></rtept><rtept lat="37.451603" lon="-106.730316"><ele>3366.6</ele><time>2026-04-11T17:41:43Z</time></rtept><rtept lat="37.451567" lon="-106.730323"><ele>3366.6</ele><time>2026-04-11T17:41:43Z</time></rtept><rtept lat="37.451545" lon="-106.730346"><ele>3368.0</ele><time>2026-04-11T17:41:43Z</time></rtept><rtept lat="37.451533" lon="-106.730375"><ele>3368.0</ele><time>2026-04-11T17:41:43Z</time></rtept><rtept lat="37.451467" lon="-106.730389"><ele>3365.0</ele><time>2026-04-11T17:41:43Z</time></rtept><rtept lat="37.451418" lon="-106.730384"><ele>3366.2</ele><time>2026-04-11T17:41:43Z</time></rtept><rtept lat="37.451219" lon="-106.730422"><ele>3368.4</ele><time>2026-04-11T17:41:43Z</time></rtept><rtept lat="37.451131" lon="-106.730428"><ele>3371.4</ele><time>2026-04-11T17:41:43Z</time></rtept><rtept lat="37.450964" lon="-106.730414"><ele>3374.4</ele><time>2026-04-11T17:41:43Z</time></rtept><rtept lat="37.450875" lon="-106.730372"><ele>3381.0</ele><time>2026-04-11T17:41:43Z</time></rtept><rtept lat="37.45078" lon="-106.730356"><ele>3381.8</ele><time>2026-04-11T17:41:43Z</time></rtept><rtept lat="37.450686" lon="-106.730364"><ele>3382.4</ele><time>2026-04-11T17:41:43Z</time></rtept><rtept lat="37.450596" lon="-106.73035"><ele>3383.4</ele><time>2026-04-11T17:41:43Z</time></rtept><rtept lat="37.450379" lon="-106.730367"><ele>3384.2</ele><time>2026-04-11T17:41:43Z</time></rtept><rtept lat="37.45024" lon="-106.730354"><ele>3384.2</ele><time>2026-04-11T17:41:43Z</time></rtept><rtept lat="37.450107" lon="-106.730331"><ele>3383.8</ele><time>2026-04-11T17:41:43Z</time></rtept><rtept lat="37.450076" lon="-106.730316"><ele>3383.8</ele><time>2026-04-11T17:41:43Z</time></rtept><rtept lat="37.450004" lon="-106.730312"><ele>3383.4</ele><time>2026-04-11T17:41:43Z</time></rtept><rtept lat="37.449923" lon="-106.730287"><ele>3386.0</ele><time>2026-04-11T17:41:43Z</time></rtept><rtept lat="37.449821" lon="-106.7302"><ele>3390.4</ele><time>2026-04-11T17:41:43Z</time></rtept><rtept lat="37.449531" lon="-106.73011"><ele>3392.8</ele><time>2026-04-11T17:41:43Z</time></rtept><rtept lat="37.449444" lon="-106.730051"><ele>3390.6</ele><time>2026-04-11T17:41:43Z</time></rtept><rtept lat="37.449404" lon="-106.730039"><ele>3390.6</ele><time>2026-04-11T17:41:43Z</time></rtept><rtept lat="37.449359" lon="-106.730034"><ele>3389.8</ele><time>2026-04-11T17:41:43Z</time></rtept><rtept lat="37.449325" lon="-106.730042"><ele>3389.8</ele><time>2026-04-11T17:41:43Z</time></rtept><rtept lat="37.449237" lon="-106.73003"><ele>3394.0</ele><time>2026-04-11T17:41:43Z</time></rtept><rtept lat="37.449083" lon="-106.729971"><ele>3392.4</ele><time>2026-04-11T17:41:43Z</time></rtept><rtept lat="37.448987" lon="-106.729894"><ele>3397.2</ele><time>2026-04-11T17:41:43Z</time></rtept><rtept lat="37.448958" lon="-106.729852"><ele>3401.6</ele><time>2026-04-11T17:41:43Z</time></rtept><rtept lat="37.448893" lon="-106.729862"><ele>3398.6</ele><time>2026-04-11T17:41:43Z</time></rtept><rtept lat="37.448874" lon="-106.729889"><ele>3398.6</ele><time>2026-04-11T17:41:43Z</time></rtept><rtept lat="37.448848" lon="-106.730004"><ele>3397.6</ele><time>2026-04-11T17:41:43Z</time></rtept><rtept lat="37.44882" lon="-106.730092"><ele>3404.2</ele><time>2026-04-11T17:41:43Z</time></rtept><rtept lat="37.448782" lon="-106.730163"><ele>3405.6</ele><time>2026-04-11T17:41:43Z</time></rtept><rtept lat="37.44879" lon="-106.730247"><ele>3407.2</ele><time>2026-04-11T17:41:43Z</time></rtept><rtept lat="37.448809" lon="-106.730307"><ele>3408.6</ele><time>2026-04-11T17:41:43Z</time></rtept><rtept lat="37.448799" lon="-106.730386"><ele>3409.6</ele><time>2026-04-11T17:41:43Z</time></rtept><rtept lat="37.448795" lon="-106.730531"><ele>3410.2</ele><time>2026-04-11T17:41:43Z</time></rtept><rtept lat="37.448788" lon="-106.730573"><ele>3410.8</ele><time>2026-04-11T17:41:43Z</time></rtept><rtept lat="37.448779" lon="-106.730713"><ele>3411.0</ele><time>2026-04-11T17:41:43Z</time></rtept><rtept lat="37.448746" lon="-106.730833"><ele>3412.4</ele><time>2026-04-11T17:41:43Z</time></rtept><rtept lat="37.448725" lon="-106.730859"><ele>3412.4</ele><time>2026-04-11T17:41:43Z</time></rtept><rtept lat="37.448695" lon="-106.730877"><ele>3414.4</ele><time>2026-04-11T17:41:43Z</time></rtept><rtept lat="37.44863" lon="-106.730893"><ele>3411.8</ele><time>2026-04-11T17:41:43Z</time></rtept><rtept lat="37.448492" lon="-106.730886"><ele>3416.8</ele><time>2026-04-11T17:41:43Z</time></rtept><rtept lat="37.44842" lon="-106.730873"><ele>3417.0</ele><time>2026-04-11T17:41:43Z</time></rtept><rtept lat="37.448353" lon="-106.730853"><ele>3416.8</ele><time>2026-04-11T17:41:43Z</time></rtept><rtept lat="37.448299" lon="-106.730827"><ele>3416.8</ele><time>2026-04-11T17:41:43Z</time></rtept><rtept lat="37.448217" lon="-106.730803"><ele>3421.4</ele><time>2026-04-11T17:41:43Z</time></rtept><rtept lat="37.448185" lon="-106.730786"><ele>3421.4</ele><time>2026-04-11T17:41:43Z</time></rtept><rtept lat="37.448096" lon="-106.730715"><ele>3427.0</ele><time>2026-04-11T17:41:43Z</time></rtept><rtept lat="37.448067" lon="-106.730724"><ele>3420.6</ele><time>2026-04-11T17:41:43Z</time></rtept><rtept lat="37.448035" lon="-106.730704"><ele>3426.8</ele><time>2026-04-11T17:41:43Z</time></rtept><rtept lat="37.448004" lon="-106.730699"><ele>3426.6</ele><time>2026-04-11T17:41:43Z</time></rtept><rtept lat="37.447932" lon="-106.730658"><ele>3426.4</ele><time>2026-04-11T17:41:43Z</time></rtept><rtept lat="37.447851" lon="-106.73066"><ele>3426.2</ele><time>2026-04-11T17:41:43Z</time></rtept><rtept lat="37.447818" lon="-106.730651"><ele>3426.2</ele><time>2026-04-11T17:41:43Z</time></rtept><rtept lat="37.447771" lon="-106.730622"><ele>3432.0</ele><time>2026-04-11T17:41:43Z</time></rtept><rtept lat="37.447701" lon="-106.730623"><ele>3431.8</ele><time>2026-04-11T17:41:43Z</time></rtept><rtept lat="37.447672" lon="-106.730603"><ele>3431.8</ele><time>2026-04-11T17:41:43Z</time></rtept><rtept lat="37.447618" lon="-106.730585"><ele>3431.8</ele><time>2026-04-11T17:41:43Z</time></rtept><rtept lat="37.44749" lon="-106.730575"><ele>3431.4</ele><time>2026-04-11T17:41:43Z</time></rtept><rtept lat="37.447449" lon="-106.730564"><ele>3431.4</ele><time>2026-04-11T17:41:43Z</time></rtept><rtept lat="37.447397" lon="-106.730565"><ele>3431.4</ele><time>2026-04-11T17:41:43Z</time></rtept><rtept lat="37.447315" lon="-106.730518"><ele>3437.0</ele><time>2026-04-11T17:41:43Z</time></rtept><rtept lat="37.447242" lon="-106.730554"><ele>3431.4</ele><time>2026-04-11T17:41:43Z</time></rtept><rtept lat="37.447229" lon="-106.730685"><ele>3425.8</ele><time>2026-04-11T17:41:43Z</time></rtept><rtept lat="37.447173" lon="-106.730667"><ele>3426.0</ele><time>2026-04-11T17:41:43Z</time></rtept><rtept lat="37.447143" lon="-106.730691"><ele>3426.0</ele><time>2026-04-11T17:41:43Z</time></rtept><rtept lat="37.4471" lon="-106.730686"><ele>3426.4</ele><time>2026-04-11T17:41:43Z</time></rtept><rtept lat="37.44707" lon="-106.73076"><ele>3422.2</ele><time>2026-04-11T17:41:43Z</time></rtept><rtept lat="37.447005" lon="-106.730743"><ele>3423.0</ele><time>2026-04-11T17:41:43Z</time></rtept><rtept lat="37.446938" lon="-106.730694"><ele>3428.2</ele><time>2026-04-11T17:41:43Z</time></rtept><rtept lat="37.446785" lon="-106.73071"><ele>3431.0</ele><time>2026-04-11T17:41:43Z</time></rtept><rtept lat="37.446797" lon="-106.730781"><ele>3425.8</ele><time>2026-04-11T17:41:43Z</time></rtept><rtept lat="37.446759" lon="-106.730767"><ele>3426.6</ele><time>2026-04-11T17:41:43Z</time></rtept><rtept lat="37.446753" lon="-106.730909"><ele>3418.0</ele><time>2026-04-11T17:41:43Z</time></rtept><rtept lat="37.44662" lon="-106.730758"><ele>3430.0</ele><time>2026-04-11T17:41:43Z</time></rtept><rtept lat="37.446554" lon="-106.730746"><ele>3432.0</ele><time>2026-04-11T17:41:43Z</time></rtept><rtept lat="37.446531" lon="-106.73094"><ele>3425.4</ele><time>2026-04-11T17:41:43Z</time></rtept><rtept lat="37.446423" lon="-106.730817"><ele>3431.8</ele><time>2026-04-11T17:41:43Z</time></rtept><rtept lat="37.446391" lon="-106.730846"><ele>3431.8</ele><time>2026-04-11T17:41:43Z</time></rtept><rtept lat="37.44635" lon="-106.730868"><ele>3432.2</ele><time>2026-04-11T17:41:43Z</time></rtept><rtept lat="37.446307" lon="-106.730879"><ele>3430.8</ele><time>2026-04-11T17:41:43Z</time></rtept><rtept lat="37.446264" lon="-106.730872"><ele>3430.8</ele><time>2026-04-11T17:41:43Z</time></rtept><rtept lat="37.446233" lon="-106.730835"><ele>3428.6</ele><time>2026-04-11T17:41:43Z</time></rtept><rtept lat="37.446218" lon="-106.730793"><ele>3429.6</ele><time>2026-04-11T17:41:43Z</time></rtept><rtept lat="37.446206" lon="-106.730701"><ele>3430.2</ele><time>2026-04-11T17:41:43Z</time></rtept><rtept lat="37.446215" lon="-106.730681"><ele>3430.2</ele><time>2026-04-11T17:41:43Z</time></rtept><rtept lat="37.446223" lon="-106.730633"><ele>3430.2</ele><time>2026-04-11T17:41:43Z</time></rtept><rtept lat="37.446211" lon="-106.730529"><ele>3432.0</ele><time>2026-04-11T17:41:43Z</time></rtept><rtept lat="37.446208" lon="-106.730426"><ele>3433.2</ele><time>2026-04-11T17:41:43Z</time></rtept><rtept lat="37.44621" lon="-106.730387"><ele>3433.2</ele><time>2026-04-11T17:41:43Z</time></rtept><rtept lat="37.44624" lon="-106.730235"><ele>3433.8</ele><time>2026-04-11T17:41:43Z</time></rtept><rtept lat="37.446232" lon="-106.730165"><ele>3434.0</ele><time>2026-04-11T17:41:43Z</time></rtept><rtept lat="37.446239" lon="-106.730113"><ele>3434.6</ele><time>2026-04-11T17:41:43Z</time></rtept><rtept lat="37.446228" lon="-106.729984"><ele>3435.0</ele><time>2026-04-11T17:41:43Z</time></rtept><rtept lat="37.446261" lon="-106.729831"><ele>3440.6</ele><time>2026-04-11T17:41:43Z</time></rtept><rtept lat="37.446292" lon="-106.72973"><ele>3441.2</ele><time>2026-04-11T17:41:43Z</time></rtept><rtept lat="37.446295" lon="-106.729666"><ele>3441.4</ele><time>2026-04-11T17:41:43Z</time></rtept><rtept lat="37.446341" lon="-106.729436"><ele>3445.8</ele><time>2026-04-11T17:41:43Z</time></rtept><rtept lat="37.446348" lon="-106.72932"><ele>3446.2</ele><time>2026-04-11T17:41:43Z</time></rtept><rtept lat="37.446363" lon="-106.729204"><ele>3446.4</ele><time>2026-04-11T17:41:43Z</time></rtept><rtept lat="37.446342" lon="-106.729119"><ele>3446.6</ele><time>2026-04-11T17:41:43Z</time></rtept><rtept lat="37.446223" lon="-106.728873"><ele>3444.0</ele><time>2026-04-11T17:41:43Z</time></rtept><rtept lat="37.446133" lon="-106.72875"><ele>3442.6</ele><time>2026-04-11T17:41:43Z</time></rtept><rtept lat="37.446029" lon="-106.728629"><ele>3440.2</ele><time>2026-04-11T17:41:43Z</time></rtept><rtept lat="37.445976" lon="-106.728551"><ele>3443.2</ele><time>2026-04-11T17:41:43Z</time></rtept><rtept lat="37.445874" lon="-106.728437"><ele>3441.4</ele><time>2026-04-11T17:41:43Z</time></rtept><rtept lat="37.445734" lon="-106.728307"><ele>3443.4</ele><time>2026-04-11T17:41:43Z</time></rtept><rtept lat="37.445607" lon="-106.728214"><ele>3442.8</ele><time>2026-04-11T17:41:43Z</time></rtept><rtept lat="37.445379" lon="-106.728077"><ele>3440.6</ele><time>2026-04-11T17:41:43Z</time></rtept><rtept lat="37.445058" lon="-106.727839"><ele>3441.4</ele><time>2026-04-11T17:41:43Z</time></rtept><rtept lat="37.445007" lon="-106.727796"><ele>3441.4</ele><time>2026-04-11T17:41:43Z</time></rtept><rtept lat="37.444974" lon="-106.727752"><ele>3441.4</ele><time>2026-04-11T17:41:43Z</time></rtept><rtept lat="37.444945" lon="-106.7277"><ele>3439.8</ele><time>2026-04-11T17:41:43Z</time></rtept><rtept lat="37.444946" lon="-106.727653"><ele>3439.8</ele><time>2026-04-11T17:41:43Z</time></rtept><rtept lat="37.444931" lon="-106.7276"><ele>3440.8</ele><time>2026-04-11T17:41:43Z</time></rtept><rtept lat="37.444927" lon="-106.727537"><ele>3442.0</ele><time>2026-04-11T17:41:43Z</time></rtept><rtept lat="37.444935" lon="-106.727482"><ele>3442.0</ele><time>2026-04-11T17:41:43Z</time></rtept><rtept lat="37.444949" lon="-106.727439"><ele>3448.2</ele><time>2026-04-11T17:41:43Z</time></rtept><rtept lat="37.444959" lon="-106.727338"><ele>3450.0</ele><time>2026-04-11T17:41:43Z</time></rtept><rtept lat="37.444981" lon="-106.727248"><ele>3451.8</ele><time>2026-04-11T17:41:43Z</time></rtept><rtept lat="37.444989" lon="-106.727163"><ele>3453.2</ele><time>2026-04-11T17:41:43Z</time></rtept><rtept lat="37.444984" lon="-106.727058"><ele>3454.6</ele><time>2026-04-11T17:41:43Z</time></rtept><rtept lat="37.444972" lon="-106.726958"><ele>3456.0</ele><time>2026-04-11T17:41:43Z</time></rtept><rtept lat="37.444955" lon="-106.726875"><ele>3457.4</ele><time>2026-04-11T17:41:43Z</time></rtept><rtept lat="37.444892" lon="-106.726736"><ele>3456.8</ele><time>2026-04-11T17:41:43Z</time></rtept><rtept lat="37.44489" lon="-106.726699"><ele>3456.8</ele><time>2026-04-11T17:41:43Z</time></rtept><rtept lat="37.444855" lon="-106.726614"><ele>3453.8</ele><time>2026-04-11T17:41:43Z</time></rtept><rtept lat="37.444819" lon="-106.726488"><ele>3456.2</ele><time>2026-04-11T17:41:43Z</time></rtept><rtept lat="37.444798" lon="-106.726354"><ele>3452.0</ele><time>2026-04-11T17:41:43Z</time></rtept><rtept lat="37.444771" lon="-106.726222"><ele>3452.6</ele><time>2026-04-11T17:41:43Z</time></rtept><rtept lat="37.444761" lon="-106.726124"><ele>3452.6</ele><time>2026-04-11T17:41:43Z</time></rtept><rtept lat="37.44476" lon="-106.726033"><ele>3452.6</ele><time>2026-04-11T17:41:43Z</time></rtept><rtept lat="37.444752" lon="-106.725983"><ele>3452.4</ele><time>2026-04-11T17:41:43Z</time></rtept><rtept lat="37.444765" lon="-106.725841"><ele>3452.4</ele><time>2026-04-11T17:41:43Z</time></rtept><rtept lat="37.44481" lon="-106.725557"><ele>3452.2</ele><time>2026-04-11T17:41:43Z</time></rtept><rtept lat="37.444835" lon="-106.725488"><ele>3458.0</ele><time>2026-04-11T17:41:43Z</time></rtept><rtept lat="37.444867" lon="-106.725309"><ele>3457.4</ele><time>2026-04-11T17:41:43Z</time></rtept><rtept lat="37.444894" lon="-106.72521"><ele>3462.6</ele><time>2026-04-11T17:41:43Z</time></rtept><rtept lat="37.444956" lon="-106.725063"><ele>3467.4</ele><time>2026-04-11T17:41:43Z</time></rtept><rtept lat="37.444989" lon="-106.725006"><ele>3467.2</ele><time>2026-04-11T17:41:43Z</time></rtept><rtept lat="37.44501" lon="-106.724912"><ele>3467.0</ele><time>2026-04-11T17:41:43Z</time></rtept><rtept lat="37.4451" lon="-106.724638"><ele>3478.0</ele><time>2026-04-11T17:41:43Z</time></rtept><rtept lat="37.445214" lon="-106.724414"><ele>3483.4</ele><time>2026-04-11T17:41:43Z</time></rtept><rtept lat="37.445258" lon="-106.724285"><ele>3488.4</ele><time>2026-04-11T17:41:43Z</time></rtept><rtept lat="37.445333" lon="-106.724153"><ele>3492.0</ele><time>2026-04-11T17:41:43Z</time></rtept><rtept lat="37.445361" lon="-106.724077"><ele>3495.2</ele><time>2026-04-11T17:41:43Z</time></rtept><rtept lat="37.445382" lon="-106.723998"><ele>3494.8</ele><time>2026-04-11T17:41:43Z</time></rtept><rtept lat="37.445427" lon="-106.723738"><ele>3496.8</ele><time>2026-04-11T17:41:43Z</time></rtept><rtept lat="37.445426" lon="-106.723485"><ele>3496.0</ele><time>2026-04-11T17:41:43Z</time></rtept><rtept lat="37.445411" lon="-106.723258"><ele>3492.8</ele><time>2026-04-11T17:41:43Z</time></rtept><rtept lat="37.445421" lon="-106.723181"><ele>3492.8</ele><time>2026-04-11T17:41:43Z</time></rtept><rtept lat="37.445452" lon="-106.723065"><ele>3495.8</ele><time>2026-04-11T17:41:43Z</time></rtept><rtept lat="37.445494" lon="-106.722998"><ele>3498.4</ele><time>2026-04-11T17:41:43Z</time></rtept><rtept lat="37.445644" lon="-106.722895"><ele>3503.2</ele><time>2026-04-11T17:41:43Z</time></rtept><rtept lat="37.445793" lon="-106.722854"><ele>3506.2</ele><time>2026-04-11T17:41:43Z</time></rtept><rtept lat="37.445804" lon="-106.722719"><ele>3509.4</ele><time>2026-04-11T17:41:43Z</time></rtept><rtept lat="37.44577" lon="-106.72259"><ele>3511.6</ele><time>2026-04-11T17:41:43Z</time></rtept><rtept lat="37.445697" lon="-106.722486"><ele>3509.2</ele><time>2026-04-11T17:41:43Z</time></rtept><rtept lat="37.445677" lon="-106.722446"><ele>3511.4</ele><time>2026-04-11T17:41:43Z</time></rtept><rtept lat="37.445663" lon="-106.722387"><ele>3513.4</ele><time>2026-04-11T17:41:43Z</time></rtept><rtept lat="37.445623" lon="-106.722288"><ele>3513.0</ele><time>2026-04-11T17:41:43Z</time></rtept><rtept lat="37.445564" lon="-106.722196"><ele>3515.4</ele><time>2026-04-11T17:41:43Z</time></rtept><rtept lat="37.445511" lon="-106.722086"><ele>3515.0</ele><time>2026-04-11T17:41:43Z</time></rtept><rtept lat="37.445362" lon="-106.721845"><ele>3516.4</ele><time>2026-04-11T17:41:43Z</time></rtept><rtept lat="37.445331" lon="-106.721783"><ele>3515.8</ele><time>2026-04-11T17:41:43Z</time></rtept><rtept lat="37.445307" lon="-106.721745"><ele>3515.8</ele><time>2026-04-11T17:41:43Z</time></rtept><rtept lat="37.445223" lon="-106.721645"><ele>3515.8</ele><time>2026-04-11T17:41:43Z</time></rtept><rtept lat="37.445089" lon="-106.721517"><ele>3516.0</ele><time>2026-04-11T17:41:43Z</time></rtept><rtept lat="37.445052" lon="-106.721473"><ele>3513.4</ele><time>2026-04-11T17:41:43Z</time></rtept><rtept lat="37.444988" lon="-106.721369"><ele>3513.6</ele><time>2026-04-11T17:41:43Z</time></rtept><rtept lat="37.444935" lon="-106.721309"><ele>3514.2</ele><time>2026-04-11T17:41:43Z</time></rtept><rtept lat="37.444881" lon="-106.721262"><ele>3517.8</ele><time>2026-04-11T17:41:43Z</time></rtept><rtept lat="37.444841" lon="-106.721242"><ele>3515.2</ele><time>2026-04-11T17:41:43Z</time></rtept><rtept lat="37.444758" lon="-106.721183"><ele>3516.2</ele><time>2026-04-11T17:41:43Z</time></rtept><rtept lat="37.444692" lon="-106.721115"><ele>3513.4</ele><time>2026-04-11T17:41:43Z</time></rtept><rtept lat="37.444509" lon="-106.720824"><ele>3522.0</ele><time>2026-04-11T17:41:43Z</time></rtept><rtept lat="37.444472" lon="-106.720749"><ele>3526.8</ele><time>2026-04-11T17:41:43Z</time></rtept><rtept lat="37.444461" lon="-106.720712"><ele>3523.6</ele><time>2026-04-11T17:41:43Z</time></rtept><rtept lat="37.444343" lon="-106.72049"><ele>3534.8</ele><time>2026-04-11T17:41:43Z</time></rtept><rtept lat="37.444307" lon="-106.720438"><ele>3531.2</ele><time>2026-04-11T17:41:43Z</time></rtept><rtept lat="37.444273" lon="-106.720348"><ele>3536.2</ele><time>2026-04-11T17:41:43Z</time></rtept><rtept lat="37.444187" lon="-106.72019"><ele>3539.2</ele><time>2026-04-11T17:41:43Z</time></rtept><rtept lat="37.444165" lon="-106.720155"><ele>3544.4</ele><time>2026-04-11T17:41:43Z</time></rtept><rtept lat="37.444008" lon="-106.719956"><ele>3545.6</ele><time>2026-04-11T17:41:43Z</time></rtept><rtept lat="37.443979" lon="-106.719928"><ele>3541.4</ele><time>2026-04-11T17:41:43Z</time></rtept><rtept lat="37.443861" lon="-106.719845"><ele>3542.0</ele><time>2026-04-11T17:41:43Z</time></rtept><rtept lat="37.443799" lon="-106.719786"><ele>3542.4</ele><time>2026-04-11T17:41:43Z</time></rtept><rtept lat="37.443739" lon="-106.71971"><ele>3543.2</ele><time>2026-04-11T17:41:43Z</time></rtept><rtept lat="37.443701" lon="-106.719679"><ele>3539.0</ele><time>2026-04-11T17:41:43Z</time></rtept><rtept lat="37.443627" lon="-106.719656"><ele>3536.2</ele><time>2026-04-11T17:41:43Z</time></rtept><rtept lat="37.443467" lon="-106.719636"><ele>3541.4</ele><time>2026-04-11T17:41:43Z</time></rtept><rtept lat="37.443326" lon="-106.719584"><ele>3539.8</ele><time>2026-04-11T17:41:43Z</time></rtept><rtept lat="37.443293" lon="-106.719556"><ele>3543.6</ele><time>2026-04-11T17:41:43Z</time></rtept><rtept lat="37.443257" lon="-106.719556"><ele>3543.6</ele><time>2026-04-11T17:41:43Z</time></rtept><rtept lat="37.443185" lon="-106.719509"><ele>3540.0</ele><time>2026-04-11T17:41:43Z</time></rtept><rtept lat="37.443103" lon="-106.719432"><ele>3538.8</ele><time>2026-04-11T17:41:43Z</time></rtept><rtept lat="37.443021" lon="-106.719342"><ele>3540.0</ele><time>2026-04-11T17:41:43Z</time></rtept><rtept lat="37.442947" lon="-106.719308"><ele>3535.8</ele><time>2026-04-11T17:41:43Z</time></rtept><rtept lat="37.44291" lon="-106.71924"><ele>3541.2</ele><time>2026-04-11T17:41:43Z</time></rtept><rtept lat="37.442861" lon="-106.719046"><ele>3549.8</ele><time>2026-04-11T17:41:43Z</time></rtept><rtept lat="37.442795" lon="-106.718931"><ele>3558.4</ele><time>2026-04-11T17:41:43Z</time></rtept><rtept lat="37.442714" lon="-106.718757"><ele>3563.6</ele><time>2026-04-11T17:41:43Z</time></rtept><rtept lat="37.44269" lon="-106.718721"><ele>3561.6</ele><time>2026-04-11T17:41:43Z</time></rtept><rtept lat="37.442569" lon="-106.718623"><ele>3562.8</ele><time>2026-04-11T17:41:43Z</time></rtept><rtept lat="37.442507" lon="-106.71859"><ele>3564.0</ele><time>2026-04-11T17:41:43Z</time></rtept><rtept lat="37.442446" lon="-106.718574"><ele>3563.2</ele><time>2026-04-11T17:41:43Z</time></rtept><rtept lat="37.442351" lon="-106.718606"><ele>3565.2</ele><time>2026-04-11T17:41:43Z</time></rtept><rtept lat="37.442288" lon="-106.718612"><ele>3566.4</ele><time>2026-04-11T17:41:43Z</time></rtept><rtept lat="37.442111" lon="-106.718514"><ele>3569.0</ele><time>2026-04-11T17:41:43Z</time></rtept><rtept lat="37.44208" lon="-106.718486"><ele>3568.8</ele><time>2026-04-11T17:41:43Z</time></rtept><rtept lat="37.441967" lon="-106.718341"><ele>3573.0</ele><time>2026-04-11T17:41:43Z</time></rtept><rtept lat="37.441937" lon="-106.718274"><ele>3572.2</ele><time>2026-04-11T17:41:43Z</time></rtept><rtept lat="37.441905" lon="-106.718125"><ele>3575.6</ele><time>2026-04-11T17:41:43Z</time></rtept><rtept lat="37.441855" lon="-106.717999"><ele>3577.2</ele><time>2026-04-11T17:41:43Z</time></rtept><rtept lat="37.441741" lon="-106.717817"><ele>3578.0</ele><time>2026-04-11T17:41:43Z</time></rtept><rtept lat="37.441599" lon="-106.717527"><ele>3580.8</ele><time>2026-04-11T17:41:43Z</time></rtept><rtept lat="37.44157" lon="-106.717506"><ele>3580.8</ele><time>2026-04-11T17:41:43Z</time></rtept><rtept lat="37.441527" lon="-106.717454"><ele>3581.4</ele><time>2026-04-11T17:41:43Z</time></rtept><rtept lat="37.441447" lon="-106.717394"><ele>3582.2</ele><time>2026-04-11T17:41:43Z</time></rtept><rtept lat="37.441355" lon="-106.71735"><ele>3580.8</ele><time>2026-04-11T17:41:43Z</time></rtept><rtept lat="37.441322" lon="-106.71732"><ele>3581.6</ele><time>2026-04-11T17:41:43Z</time></rtept><rtept lat="37.441291" lon="-106.71728"><ele>3581.6</ele><time>2026-04-11T17:41:43Z</time></rtept><rtept lat="37.441095" lon="-106.717109"><ele>3581.6</ele><time>2026-04-11T17:41:43Z</time></rtept><rtept lat="37.440981" lon="-106.716948"><ele>3583.6</ele><time>2026-04-11T17:41:43Z</time></rtept><rtept lat="37.440849" lon="-106.716848"><ele>3583.8</ele><time>2026-04-11T17:41:43Z</time></rtept><rtept lat="37.44071" lon="-106.71678"><ele>3584.6</ele><time>2026-04-11T17:41:43Z</time></rtept><rtept lat="37.44062" lon="-106.716678"><ele>3586.0</ele><time>2026-04-11T17:41:43Z</time></rtept><rtept lat="37.440575" lon="-106.716659"><ele>3585.4</ele><time>2026-04-11T17:41:43Z</time></rtept><rtept lat="37.440513" lon="-106.716582"><ele>3587.0</ele><time>2026-04-11T17:41:43Z</time></rtept><rtept lat="37.440444" lon="-106.716515"><ele>3588.4</ele><time>2026-04-11T17:41:43Z</time></rtept><rtept lat="37.440408" lon="-106.71649"><ele>3588.4</ele><time>2026-04-11T17:41:43Z</time></rtept><rtept lat="37.440275" lon="-106.716482"><ele>3588.2</ele><time>2026-04-11T17:41:43Z</time></rtept><rtept lat="37.440185" lon="-106.716503"><ele>3588.4</ele><time>2026-04-11T17:41:43Z</time></rtept><rtept lat="37.440142" lon="-106.716525"><ele>3588.8</ele><time>2026-04-11T17:41:43Z</time></rtept><rtept lat="37.439972" lon="-106.71672"><ele>3586.6</ele><time>2026-04-11T17:41:43Z</time></rtept><rtept lat="37.439885" lon="-106.716788"><ele>3585.0</ele><time>2026-04-11T17:41:43Z</time></rtept><rtept lat="37.439747" lon="-106.716877"><ele>3585.2</ele><time>2026-04-11T17:41:43Z</time></rtept><rtept lat="37.439651" lon="-106.716947"><ele>3584.4</ele><time>2026-04-11T17:41:43Z</time></rtept><rtept lat="37.439603" lon="-106.71697"><ele>3586.4</ele><time>2026-04-11T17:41:43Z</time></rtept><rtept lat="37.439471" lon="-106.717092"><ele>3585.4</ele><time>2026-04-11T17:41:43Z</time></rtept><rtept lat="37.439426" lon="-106.71712"><ele>3586.8</ele><time>2026-04-11T17:41:43Z</time></rtept><rtept lat="37.439272" lon="-106.717137"><ele>3588.0</ele><time>2026-04-11T17:41:43Z</time></rtept><rtept lat="37.439166" lon="-106.717171"><ele>3587.0</ele><time>2026-04-11T17:41:43Z</time></rtept><rtept lat="37.439107" lon="-106.717175"><ele>3588.6</ele><time>2026-04-11T17:41:43Z</time></rtept><rtept lat="37.439047" lon="-106.717142"><ele>3589.8</ele><time>2026-04-11T17:41:43Z</time></rtept><rtept lat="37.438973" lon="-106.71708"><ele>3589.0</ele><time>2026-04-11T17:41:43Z</time></rtept><rtept lat="37.438895" lon="-106.717027"><ele>3587.4</ele><time>2026-04-11T17:41:43Z</time></rtept><rtept lat="37.43886" lon="-106.716985"><ele>3585.2</ele><time>2026-04-11T17:41:43Z</time></rtept><rtept lat="37.438827" lon="-106.716932"><ele>3585.2</ele><time>2026-04-11T17:41:43Z</time></rtept><rtept lat="37.438733" lon="-106.716721"><ele>3581.0</ele><time>2026-04-11T17:41:43Z</time></rtept><rtept lat="37.438722" lon="-106.71668"><ele>3581.0</ele><time>2026-04-11T17:41:43Z</time></rtept><rtept lat="37.43865" lon="-106.71654"><ele>3578.4</ele><time>2026-04-11T17:41:43Z</time></rtept><rtept lat="37.4386" lon="-106.716422"><ele>3575.2</ele><time>2026-04-11T17:41:43Z</time></rtept><rtept lat="37.43854" lon="-106.716177"><ele>3570.8</ele><time>2026-04-11T17:41:43Z</time></rtept><rtept lat="37.43854" lon="-106.716059"><ele>3570.2</ele><time>2026-04-11T17:41:43Z</time></rtept><rtept lat="37.438524" lon="-106.71608"><ele>3570.2</ele><time>2026-04-11T17:41:43Z</time></rtept><rtept lat="37.438495" lon="-106.716205"><ele>3570.8</ele><time>2026-04-11T17:41:43Z</time></rtept><rtept lat="37.438471" lon="-106.716407"><ele>3568.0</ele><time>2026-04-11T17:41:43Z</time></rtept><rtept lat="37.438436" lon="-106.716534"><ele>3567.8</ele><time>2026-04-11T17:41:43Z</time></rtept><rtept lat="37.438368" lon="-106.716719"><ele>3563.2</ele><time>2026-04-11T17:41:43Z</time></rtept><rtept lat="37.438324" lon="-106.716911"><ele>3559.4</ele><time>2026-04-11T17:41:43Z</time></rtept><rtept lat="37.438298" lon="-106.716889"><ele>3559.6</ele><time>2026-04-11T17:41:43Z</time></rtept><rtept lat="37.438292" lon="-106.716836"><ele>3559.6</ele><time>2026-04-11T17:41:43Z</time></rtept><rtept lat="37.438304" lon="-106.716638"><ele>3560.6</ele><time>2026-04-11T17:41:43Z</time></rtept><rtept lat="37.438306" lon="-106.716461"><ele>3561.2</ele><time>2026-04-11T17:41:43Z</time></rtept><rtept lat="37.438292" lon="-106.716321"><ele>3561.0</ele><time>2026-04-11T17:41:43Z</time></rtept><rtept lat="37.438278" lon="-106.716265"><ele>3561.0</ele><time>2026-04-11T17:41:43Z</time></rtept><rtept lat="37.43827" lon="-106.715988"><ele>3557.6</ele><time>2026-04-11T17:41:43Z</time></rtept><rtept lat="37.438295" lon="-106.715807"><ele>3559.0</ele><time>2026-04-11T17:41:43Z</time></rtept><rtept lat="37.43834" lon="-106.715676"><ele>3560.0</ele><time>2026-04-11T17:41:43Z</time></rtept><rtept lat="37.438372" lon="-106.715631"><ele>3560.0</ele><time>2026-04-11T17:41:43Z</time></rtept><rtept lat="37.438419" lon="-106.71553"><ele>3561.0</ele><time>2026-04-11T17:41:43Z</time></rtept><rtept lat="37.438481" lon="-106.715443"><ele>3560.8</ele><time>2026-04-11T17:41:43Z</time></rtept><rtept lat="37.438434" lon="-106.715446"><ele>3558.6</ele><time>2026-04-11T17:41:43Z</time></rtept><rtept lat="37.438391" lon="-106.715465"><ele>3555.6</ele><time>2026-04-11T17:41:43Z</time></rtept><rtept lat="37.438145" lon="-106.715585"><ele>3549.8</ele><time>2026-04-11T17:41:43Z</time></rtept><rtept lat="37.438102" lon="-106.715619"><ele>3548.8</ele><time>2026-04-11T17:41:43Z</time></rtept><rtept lat="37.438059" lon="-106.71566"><ele>3546.6</ele><time>2026-04-11T17:41:43Z</time></rtept><rtept lat="37.438008" lon="-106.715773"><ele>3547.8</ele><time>2026-04-11T17:41:43Z</time></rtept><rtept lat="37.437989" lon="-106.715832"><ele>3546.0</ele><time>2026-04-11T17:41:43Z</time></rtept><rtept lat="37.437966" lon="-106.715863"><ele>3546.0</ele><time>2026-04-11T17:41:43Z</time></rtept><rtept lat="37.437933" lon="-106.715779"><ele>3545.0</ele><time>2026-04-11T17:41:43Z</time></rtept><rtept lat="37.437895" lon="-106.715607"><ele>3540.8</ele><time>2026-04-11T17:41:43Z</time></rtept><rtept lat="37.437883" lon="-106.715503"><ele>3540.0</ele><time>2026-04-11T17:41:43Z</time></rtept><rtept lat="37.4379" lon="-106.715449"><ele>3540.0</ele><time>2026-04-11T17:41:43Z</time></rtept><rtept lat="37.43793" lon="-106.715391"><ele>3541.2</ele><time>2026-04-11T17:41:43Z</time></rtept><rtept lat="37.438093" lon="-106.715136"><ele>3541.0</ele><time>2026-04-11T17:41:43Z</time></rtept><rtept lat="37.438173" lon="-106.715048"><ele>3541.0</ele><time>2026-04-11T17:41:43Z</time></rtept><rtept lat="37.438204" lon="-106.714996"><ele>3540.4</ele><time>2026-04-11T17:41:43Z</time></rtept><rtept lat="37.438234" lon="-106.714915"><ele>3538.8</ele><time>2026-04-11T17:41:43Z</time></rtept><rtept lat="37.438276" lon="-106.714831"><ele>3537.6</ele><time>2026-04-11T17:41:43Z</time></rtept><rtept lat="37.438322" lon="-106.714755"><ele>3537.6</ele><time>2026-04-11T17:41:43Z</time></rtept><rtept lat="37.438391" lon="-106.714671"><ele>3536.2</ele><time>2026-04-11T17:41:43Z</time></rtept><rtept lat="37.438398" lon="-106.714642"><ele>3533.8</ele><time>2026-04-11T17:41:43Z</time></rtept><rtept lat="37.438409" lon="-106.714628"><ele>3533.4</ele><time>2026-04-11T17:41:43Z</time></rtept><rtept lat="37.438429" lon="-106.714516"><ele>3530.8</ele><time>2026-04-11T17:41:43Z</time></rtept><rtept lat="37.438466" lon="-106.714471"><ele>3528.4</ele><time>2026-04-11T17:41:43Z</time></rtept><rtept lat="37.438561" lon="-106.714428"><ele>3527.0</ele><time>2026-04-11T17:41:43Z</time></rtept><rtept lat="37.438618" lon="-106.714414"><ele>3526.2</ele><time>2026-04-11T17:41:43Z</time></rtept><rtept lat="37.438707" lon="-106.71443"><ele>3525.4</ele><time>2026-04-11T17:41:43Z</time></rtept><rtept lat="37.43875" lon="-106.714449"><ele>3525.2</ele><time>2026-04-11T17:41:43Z</time></rtept><rtept lat="37.438851" lon="-106.714479"><ele>3525.4</ele><time>2026-04-11T17:41:43Z</time></rtept><rtept lat="37.438891" lon="-106.714549"><ele>3529.2</ele><time>2026-04-11T17:41:43Z</time></rtept><rtept lat="37.438935" lon="-106.714594"><ele>3532.6</ele><time>2026-04-11T17:41:43Z</time></rtept><rtept lat="37.438975" lon="-106.714621"><ele>3534.6</ele><time>2026-04-11T17:41:43Z</time></rtept><rtept lat="37.439" lon="-106.714612"><ele>3534.6</ele><time>2026-04-11T17:41:43Z</time></rtept><rtept lat="37.439" lon="-106.714585"><ele>3534.6</ele><time>2026-04-11T17:41:43Z</time></rtept><rtept lat="37.438966" lon="-106.714453"><ele>3528.4</ele><time>2026-04-11T17:41:43Z</time></rtept><rtept lat="37.438967" lon="-106.714402"><ele>3526.2</ele><time>2026-04-11T17:41:43Z</time></rtept><rtept lat="37.439021" lon="-106.714264"><ele>3526.4</ele><time>2026-04-11T17:41:43Z</time></rtept><rtept lat="37.439062" lon="-106.714208"><ele>3525.0</ele><time>2026-04-11T17:41:43Z</time></rtept><rtept lat="37.439077" lon="-106.714131"><ele>3523.8</ele><time>2026-04-11T17:41:43Z</time></rtept><rtept lat="37.439112" lon="-106.714048"><ele>3524.2</ele><time>2026-04-11T17:41:43Z</time></rtept><rtept lat="37.439126" lon="-106.713984"><ele>3524.2</ele><time>2026-04-11T17:41:43Z</time></rtept><rtept lat="37.439125" lon="-106.713935"><ele>3522.8</ele><time>2026-04-11T17:41:43Z</time></rtept><rtept lat="37.439141" lon="-106.713725"><ele>3518.2</ele><time>2026-04-11T17:41:43Z</time></rtept><rtept lat="37.439172" lon="-106.71363"><ele>3515.2</ele><time>2026-04-11T17:41:43Z</time></rtept><rtept lat="37.439204" lon="-106.713592"><ele>3515.2</ele><time>2026-04-11T17:41:43Z</time></rtept><rtept lat="37.439245" lon="-106.713562"><ele>3516.0</ele><time>2026-04-11T17:41:43Z</time></rtept><rtept lat="37.439308" lon="-106.713542"><ele>3514.4</ele><time>2026-04-11T17:41:43Z</time></rtept><rtept lat="37.439329" lon="-106.713514"><ele>3514.4</ele><time>2026-04-11T17:41:43Z</time></rtept><rtept lat="37.439361" lon="-106.713449"><ele>3513.0</ele><time>2026-04-11T17:41:43Z</time></rtept><rtept lat="37.439421" lon="-106.713418"><ele>3513.0</ele><time>2026-04-11T17:41:43Z</time></rtept><rtept lat="37.439615" lon="-106.713363"><ele>3511.8</ele><time>2026-04-11T17:41:43Z</time></rtept><rtept lat="37.439667" lon="-106.713367"><ele>3512.0</ele><time>2026-04-11T17:41:43Z</time></rtept><rtept lat="37.439699" lon="-106.713344"><ele>3512.0</ele><time>2026-04-11T17:41:43Z</time></rtept><rtept lat="37.439722" lon="-106.713313"><ele>3512.0</ele><time>2026-04-11T17:41:43Z</time></rtept><rtept lat="37.439806" lon="-106.713263"><ele>3509.2</ele><time>2026-04-11T17:41:43Z</time></rtept><rtept lat="37.439847" lon="-106.713218"><ele>3509.2</ele><time>2026-04-11T17:41:43Z</time></rtept><rtept lat="37.439895" lon="-106.713185"><ele>3506.2</ele><time>2026-04-11T17:41:43Z</time></rtept><rtept lat="37.440078" lon="-106.713135"><ele>3505.4</ele><time>2026-04-11T17:41:43Z</time></rtept><rtept lat="37.440153" lon="-106.71313"><ele>3505.2</ele><time>2026-04-11T17:41:43Z</time></rtept><rtept lat="37.440311" lon="-106.713083"><ele>3502.0</ele><time>2026-04-11T17:41:43Z</time></rtept><rtept lat="37.44053" lon="-106.713082"><ele>3501.6</ele><time>2026-04-11T17:41:43Z</time></rtept><rtept lat="37.440541" lon="-106.713047"><ele>3501.6</ele><time>2026-04-11T17:41:43Z</time></rtept><rtept lat="37.440526" lon="-106.712983"><ele>3500.2</ele><time>2026-04-11T17:41:43Z</time></rtept><rtept lat="37.440532" lon="-106.712918"><ele>3498.8</ele><time>2026-04-11T17:41:43Z</time></rtept><rtept lat="37.440587" lon="-106.712844"><ele>3497.6</ele><time>2026-04-11T17:41:43Z</time></rtept><rtept lat="37.440606" lon="-106.712791"><ele>3498.6</ele><time>2026-04-11T17:41:43Z</time></rtept><rtept lat="37.440679" lon="-106.712707"><ele>3498.4</ele><time>2026-04-11T17:41:43Z</time></rtept><rtept lat="37.440737" lon="-106.712624"><ele>3498.6</ele><time>2026-04-11T17:41:43Z</time></rtept><rtept lat="37.440834" lon="-106.712577"><ele>3498.4</ele><time>2026-04-11T17:41:43Z</time></rtept><rtept lat="37.440878" lon="-106.712543"><ele>3500.0</ele><time>2026-04-11T17:41:43Z</time></rtept><rtept lat="37.440955" lon="-106.712506"><ele>3499.8</ele><time>2026-04-11T17:41:43Z</time></rtept><rtept lat="37.441043" lon="-106.712475"><ele>3501.2</ele><time>2026-04-11T17:41:43Z</time></rtept><rtept lat="37.441073" lon="-106.712427"><ele>3500.6</ele><time>2026-04-11T17:41:43Z</time></rtept><rtept lat="37.441056" lon="-106.712365"><ele>3499.2</ele><time>2026-04-11T17:41:43Z</time></rtept><rtept lat="37.441059" lon="-106.712271"><ele>3497.4</ele><time>2026-04-11T17:41:43Z</time></rtept><rtept lat="37.441139" lon="-106.712094"><ele>3496.0</ele><time>2026-04-11T17:41:43Z</time></rtept><rtept lat="37.441217" lon="-106.711994"><ele>3493.6</ele><time>2026-04-11T17:41:43Z</time></rtept><rtept lat="37.441261" lon="-106.711919"><ele>3492.2</ele><time>2026-04-11T17:41:43Z</time></rtept><rtept lat="37.441279" lon="-106.71187"><ele>3492.8</ele><time>2026-04-11T17:41:43Z</time></rtept><rtept lat="37.441318" lon="-106.711824"><ele>3491.4</ele><time>2026-04-11T17:41:43Z</time></rtept><rtept lat="37.441328" lon="-106.71177"><ele>3491.4</ele><time>2026-04-11T17:41:43Z</time></rtept><rtept lat="37.441411" lon="-106.711644"><ele>3489.4</ele><time>2026-04-11T17:41:43Z</time></rtept><rtept lat="37.441459" lon="-106.711604"><ele>3489.4</ele><time>2026-04-11T17:41:43Z</time></rtept><rtept lat="37.441495" lon="-106.7116"><ele>3490.0</ele><time>2026-04-11T17:41:43Z</time></rtept><rtept lat="37.44153" lon="-106.711559"><ele>3488.4</ele><time>2026-04-11T17:41:43Z</time></rtept><rtept lat="37.441537" lon="-106.711489"><ele>3486.8</ele><time>2026-04-11T17:41:43Z</time></rtept><rtept lat="37.441547" lon="-106.711456"><ele>3487.0</ele><time>2026-04-11T17:41:43Z</time></rtept><rtept lat="37.441541" lon="-106.711383"><ele>3485.0</ele><time>2026-04-11T17:41:43Z</time></rtept><rtept lat="37.441551" lon="-106.711318"><ele>3483.4</ele><time>2026-04-11T17:41:43Z</time></rtept><rtept lat="37.441624" lon="-106.711257"><ele>3483.6</ele><time>2026-04-11T17:41:43Z</time></rtept><rtept lat="37.441632" lon="-106.711205"><ele>3481.8</ele><time>2026-04-11T17:41:43Z</time></rtept><rtept lat="37.441567" lon="-106.711115"><ele>3480.0</ele><time>2026-04-11T17:41:43Z</time></rtept><rtept lat="37.441553" lon="-106.71106"><ele>3478.4</ele><time>2026-04-11T17:41:43Z</time></rtept><rtept lat="37.441574" lon="-106.710998"><ele>3478.4</ele><time>2026-04-11T17:41:43Z</time></rtept><rtept lat="37.441601" lon="-106.71095"><ele>3476.6</ele><time>2026-04-11T17:41:43Z</time></rtept><rtept lat="37.441611" lon="-106.71089"><ele>3475.0</ele><time>2026-04-11T17:41:43Z</time></rtept><rtept lat="37.441637" lon="-106.710851"><ele>3475.0</ele><time>2026-04-11T17:41:43Z</time></rtept><rtept lat="37.441675" lon="-106.710823"><ele>3475.0</ele><time>2026-04-11T17:41:43Z</time></rtept><rtept lat="37.441829" lon="-106.710764"><ele>3473.0</ele><time>2026-04-11T17:41:43Z</time></rtept><rtept lat="37.441847" lon="-106.710769"><ele>3473.0</ele><time>2026-04-11T17:41:43Z</time></rtept><rtept lat="37.441895" lon="-106.710763"><ele>3473.0</ele><time>2026-04-11T17:41:43Z</time></rtept><rtept lat="37.442018" lon="-106.710781"><ele>3472.8</ele><time>2026-04-11T17:41:43Z</time></rtept><rtept lat="37.442124" lon="-106.710767"><ele>3472.4</ele><time>2026-04-11T17:41:43Z</time></rtept><rtept lat="37.442246" lon="-106.710796"><ele>3471.8</ele><time>2026-04-11T17:41:43Z</time></rtept><rtept lat="37.442266" lon="-106.710814"><ele>3473.2</ele><time>2026-04-11T17:41:43Z</time></rtept><rtept lat="37.442313" lon="-106.710827"><ele>3472.6</ele><time>2026-04-11T17:41:43Z</time></rtept><rtept lat="37.442354" lon="-106.71079"><ele>3471.2</ele><time>2026-04-11T17:41:43Z</time></rtept><rtept lat="37.442384" lon="-106.710743"><ele>3470.6</ele><time>2026-04-11T17:41:43Z</time></rtept><rtept lat="37.442382" lon="-106.7107"><ele>3469.4</ele><time>2026-04-11T17:41:43Z</time></rtept><rtept lat="37.442354" lon="-106.710644"><ele>3470.0</ele><time>2026-04-11T17:41:43Z</time></rtept><rtept lat="37.442339" lon="-106.710586"><ele>3468.6</ele><time>2026-04-11T17:41:43Z</time></rtept><rtept lat="37.442336" lon="-106.710458"><ele>3465.8</ele><time>2026-04-11T17:41:43Z</time></rtept><rtept lat="37.442303" lon="-106.710253"><ele>3462.4</ele><time>2026-04-11T17:41:43Z</time></rtept><rtept lat="37.442327" lon="-106.710195"><ele>3460.6</ele><time>2026-04-11T17:41:43Z</time></rtept><rtept lat="37.442375" lon="-106.710154"><ele>3460.0</ele><time>2026-04-11T17:41:43Z</time></rtept><rtept lat="37.442487" lon="-106.710138"><ele>3459.6</ele><time>2026-04-11T17:41:43Z</time></rtept><rtept lat="37.44255" lon="-106.710145"><ele>3458.8</ele><time>2026-04-11T17:41:43Z</time></rtept><rtept lat="37.442659" lon="-106.710144"><ele>3456.8</ele><time>2026-04-11T17:41:43Z</time></rtept><rtept lat="37.442726" lon="-106.710135"><ele>3455.6</ele><time>2026-04-11T17:41:43Z</time></rtept><rtept lat="37.442823" lon="-106.71014"><ele>3454.2</ele><time>2026-04-11T17:41:43Z</time></rtept><rtept lat="37.442932" lon="-106.710122"><ele>3451.4</ele><time>2026-04-11T17:41:43Z</time></rtept><rtept lat="37.442992" lon="-106.710122"><ele>3450.0</ele><time>2026-04-11T17:41:43Z</time></rtept><rtept lat="37.443033" lon="-106.710131"><ele>3450.0</ele><time>2026-04-11T17:41:43Z</time></rtept><rtept lat="37.443094" lon="-106.710107"><ele>3447.0</ele><time>2026-04-11T17:41:43Z</time></rtept><rtept lat="37.443209" lon="-106.710139"><ele>3444.8</ele><time>2026-04-11T17:41:43Z</time></rtept><rtept lat="37.443307" lon="-106.710148"><ele>3443.0</ele><time>2026-04-11T17:41:43Z</time></rtept><rtept lat="37.443419" lon="-106.71019"><ele>3440.2</ele><time>2026-04-11T17:41:43Z</time></rtept><rtept lat="37.443521" lon="-106.710213"><ele>3438.6</ele><time>2026-04-11T17:41:43Z</time></rtept><rtept lat="37.443575" lon="-106.710214"><ele>3438.6</ele><time>2026-04-11T17:41:43Z</time></rtept><rtept lat="37.443599" lon="-106.710227"><ele>3438.0</ele><time>2026-04-11T17:41:43Z</time></rtept><rtept lat="37.443653" lon="-106.710241"><ele>3438.0</ele><time>2026-04-11T17:41:43Z</time></rtept><rtept lat="37.44371" lon="-106.710222"><ele>3437.2</ele><time>2026-04-11T17:41:43Z</time></rtept><rtept lat="37.443794" lon="-106.710132"><ele>3436.0</ele><time>2026-04-11T17:41:43Z</time></rtept><rtept lat="37.443831" lon="-106.710077"><ele>3435.8</ele><time>2026-04-11T17:41:43Z</time></rtept><rtept lat="37.443887" lon="-106.709963"><ele>3435.0</ele><time>2026-04-11T17:41:43Z</time></rtept><rtept lat="37.443914" lon="-106.709932"><ele>3434.8</ele><time>2026-04-11T17:41:43Z</time></rtept><rtept lat="37.443963" lon="-106.709666"><ele>3433.6</ele><time>2026-04-11T17:41:43Z</time></rtept><rtept lat="37.444023" lon="-106.709564"><ele>3433.0</ele><time>2026-04-11T17:41:43Z</time></rtept><rtept lat="37.444038" lon="-106.709499"><ele>3432.6</ele><time>2026-04-11T17:41:43Z</time></rtept><rtept lat="37.444061" lon="-106.709444"><ele>3432.6</ele><time>2026-04-11T17:41:43Z</time></rtept><rtept lat="37.444096" lon="-106.709383"><ele>3432.0</ele><time>2026-04-11T17:41:43Z</time></rtept><rtept lat="37.444092" lon="-106.70932"><ele>3431.8</ele><time>2026-04-11T17:41:43Z</time></rtept><rtept lat="37.444114" lon="-106.709258"><ele>3431.4</ele><time>2026-04-11T17:41:43Z</time></rtept><rtept lat="37.444171" lon="-106.709195"><ele>3431.4</ele><time>2026-04-11T17:41:43Z</time></rtept><rtept lat="37.444205" lon="-106.70913"><ele>3431.0</ele><time>2026-04-11T17:41:43Z</time></rtept><rtept lat="37.444242" lon="-106.709085"><ele>3430.8</ele><time>2026-04-11T17:41:43Z</time></rtept><rtept lat="37.444276" lon="-106.709061"><ele>3430.8</ele><time>2026-04-11T17:41:43Z</time></rtept><rtept lat="37.44432" lon="-106.709017"><ele>3430.8</ele><time>2026-04-11T17:41:43Z</time></rtept><rtept lat="37.444437" lon="-106.708875"><ele>3430.6</ele><time>2026-04-11T17:41:43Z</time></rtept><rtept lat="37.444494" lon="-106.708781"><ele>3430.8</ele><time>2026-04-11T17:41:43Z</time></rtept><rtept lat="37.444518" lon="-106.708731"><ele>3430.8</ele><time>2026-04-11T17:41:43Z</time></rtept><rtept lat="37.444577" lon="-106.708656"><ele>3431.2</ele><time>2026-04-11T17:41:43Z</time></rtept><rtept lat="37.444596" lon="-106.70862"><ele>3431.2</ele><time>2026-04-11T17:41:43Z</time></rtept><rtept lat="37.444601" lon="-106.708597"><ele>3431.2</ele><time>2026-04-11T17:41:43Z</time></rtept><rtept lat="37.444638" lon="-106.70854"><ele>3431.8</ele><time>2026-04-11T17:41:43Z</time></rtept><rtept lat="37.444689" lon="-106.708407"><ele>3432.2</ele><time>2026-04-11T17:41:43Z</time></rtept><rtept lat="37.444693" lon="-106.708397"><ele>3432.8</ele><time>2026-04-11T17:41:43Z</time></rtept><rtept lat="37.444698" lon="-106.708382"><ele>3432.8</ele><time>2026-04-11T17:41:43Z</time></rtept><rtept lat="37.444854" lon="-106.708403"><ele>3432.6</ele><time>2026-04-11T17:41:43Z</time></rtept></rte></gpx>