<?xml version="1.0" ?><gpx xmlns="http://www.topografix.com/GPX/1/1" creator="GaiaGPS" version="1.1" xmlns:xsi="http://www.w3.org/2001/XMLSchema-instance" xsi:schemaLocation="http://www.topografix.com/GPX/1/1 http://www.topografix.com/GPX/1/1/gpx.xsd"><rte><name>TD27:S7:D2 Bonita Pass to Adams Fork Tr</name><desc>Log day to sure water?</desc><extensions><line xmlns="http://www.topografix.com/GPX/gpx_style/0/2"><color>BAF200</color></line></extensions><rtept lat="37.444727" lon="-106.708242"><ele>3433.699219</ele><time>2026-04-11T17:55:45Z</time></rtept><rtept lat="37.444723" lon="-106.708241"><ele>3433.699219</ele><time>2026-04-11T17:55:45Z</time></rtept><rtept lat="37.444723" lon="-106.70824"><ele>3433.699219</ele><time>2026-04-11T17:55:45Z</time></rtept><rtept lat="37.44471" lon="-106.708195"><ele>3433.898438</ele><time>2026-04-11T17:55:45Z</time></rtept><rtept lat="37.444713" lon="-106.708144"><ele>3434.296875</ele><time>2026-04-11T17:55:45Z</time></rtept><rtept lat="37.444705" lon="-106.708094"><ele>3434.699219</ele><time>2026-04-11T17:55:45Z</time></rtept><rtept lat="37.444664" lon="-106.707953"><ele>3435.597656</ele><time>2026-04-11T17:55:45Z</time></rtept><rtept lat="37.444512" lon="-106.707739"><ele>3436.398438</ele><time>2026-04-11T17:55:45Z</time></rtept><rtept lat="37.444474" lon="-106.70767"><ele>3436.5</ele><time>2026-04-11T17:55:45Z</time></rtept><rtept lat="37.444465" lon="-106.707558"><ele>3437.699219</ele><time>2026-04-11T17:55:45Z</time></rtept><rtept lat="37.444426" lon="-106.707444"><ele>3438.898438</ele><time>2026-04-11T17:55:45Z</time></rtept><rtept lat="37.444389" lon="-106.707196"><ele>3442.0</ele><time>2026-04-11T17:55:45Z</time></rtept><rtept lat="37.444363" lon="-106.707125"><ele>3442.0</ele><time>2026-04-11T17:55:45Z</time></rtept><rtept lat="37.444364" lon="-106.707047"><ele>3443.0</ele><time>2026-04-11T17:55:45Z</time></rtept><rtept lat="37.444427" lon="-106.706763"><ele>3450.0</ele><time>2026-04-11T17:55:45Z</time></rtept><rtept lat="37.444408" lon="-106.706682"><ele>3450.296875</ele><time>2026-04-11T17:55:45Z</time></rtept><rtept lat="37.444389" lon="-106.706559"><ele>3450.898438</ele><time>2026-04-11T17:55:45Z</time></rtept><rtept lat="37.444397" lon="-106.706466"><ele>3452.398438</ele><time>2026-04-11T17:55:45Z</time></rtept><rtept lat="37.444365" lon="-106.706353"><ele>3453.199219</ele><time>2026-04-11T17:55:45Z</time></rtept><rtept lat="37.444329" lon="-106.706308"><ele>3452.699219</ele><time>2026-04-11T17:55:45Z</time></rtept><rtept lat="37.444245" lon="-106.706244"><ele>3452.199219</ele><time>2026-04-11T17:55:45Z</time></rtept><rtept lat="37.444137" lon="-106.70623"><ele>3449.398438</ele><time>2026-04-11T17:55:45Z</time></rtept><rtept lat="37.444123" lon="-106.706218"><ele>3449.097656</ele><time>2026-04-11T17:55:45Z</time></rtept><rtept lat="37.444053" lon="-106.706107"><ele>3450.699219</ele><time>2026-04-11T17:55:45Z</time></rtept><rtept lat="37.443978" lon="-106.706022"><ele>3451.296875</ele><time>2026-04-11T17:55:45Z</time></rtept><rtept lat="37.443918" lon="-106.705923"><ele>3452.398438</ele><time>2026-04-11T17:55:45Z</time></rtept><rtept lat="37.443847" lon="-106.705865"><ele>3451.5</ele><time>2026-04-11T17:55:45Z</time></rtept><rtept lat="37.443832" lon="-106.705788"><ele>3452.898438</ele><time>2026-04-11T17:55:45Z</time></rtept><rtept lat="37.443847" lon="-106.705707"><ele>3455.398438</ele><time>2026-04-11T17:55:45Z</time></rtept><rtept lat="37.443908" lon="-106.705508"><ele>3462.5</ele><time>2026-04-11T17:55:45Z</time></rtept><rtept lat="37.443897" lon="-106.705394"><ele>3465.199219</ele><time>2026-04-11T17:55:45Z</time></rtept><rtept lat="37.443877" lon="-106.705343"><ele>3465.5</ele><time>2026-04-11T17:55:45Z</time></rtept><rtept lat="37.443875" lon="-106.705185"><ele>3469.0</ele><time>2026-04-11T17:55:45Z</time></rtept><rtept lat="37.443863" lon="-106.705049"><ele>3470.898438</ele><time>2026-04-11T17:55:45Z</time></rtept><rtept lat="37.443835" lon="-106.705"><ele>3470.898438</ele><time>2026-04-11T17:55:45Z</time></rtept><rtept lat="37.443824" lon="-106.704948"><ele>3471.0</ele><time>2026-04-11T17:55:45Z</time></rtept><rtept lat="37.443792" lon="-106.704856"><ele>3471.398438</ele><time>2026-04-11T17:55:45Z</time></rtept><rtept lat="37.443738" lon="-106.704723"><ele>3471.5</ele><time>2026-04-11T17:55:45Z</time></rtept><rtept lat="37.443736" lon="-106.704629"><ele>3473.796875</ele><time>2026-04-11T17:55:45Z</time></rtept><rtept lat="37.443739" lon="-106.704496"><ele>3477.0</ele><time>2026-04-11T17:55:45Z</time></rtept><rtept lat="37.44374" lon="-106.7044"><ele>3479.699219</ele><time>2026-04-11T17:55:45Z</time></rtept><rtept lat="37.443681" lon="-106.704244"><ele>3480.699219</ele><time>2026-04-11T17:55:45Z</time></rtept><rtept lat="37.443681" lon="-106.704081"><ele>3484.199219</ele><time>2026-04-11T17:55:45Z</time></rtept><rtept lat="37.443629" lon="-106.70398"><ele>3483.199219</ele><time>2026-04-11T17:55:45Z</time></rtept><rtept lat="37.443616" lon="-106.703915"><ele>3483.796875</ele><time>2026-04-11T17:55:45Z</time></rtept><rtept lat="37.443613" lon="-106.703839"><ele>3484.796875</ele><time>2026-04-11T17:55:45Z</time></rtept><rtept lat="37.44356" lon="-106.703731"><ele>3484.699219</ele><time>2026-04-11T17:55:45Z</time></rtept><rtept lat="37.443543" lon="-106.70368"><ele>3484.898438</ele><time>2026-04-11T17:55:45Z</time></rtept><rtept lat="37.443483" lon="-106.703575"><ele>3484.699219</ele><time>2026-04-11T17:55:45Z</time></rtept><rtept lat="37.443471" lon="-106.703527"><ele>3485.0</ele><time>2026-04-11T17:55:45Z</time></rtept><rtept lat="37.443409" lon="-106.703437"><ele>3483.296875</ele><time>2026-04-11T17:55:45Z</time></rtept><rtept lat="37.443368" lon="-106.703293"><ele>3483.5</ele><time>2026-04-11T17:55:45Z</time></rtept><rtept lat="37.443371" lon="-106.703223"><ele>3484.097656</ele><time>2026-04-11T17:55:45Z</time></rtept><rtept lat="37.443361" lon="-106.703164"><ele>3484.097656</ele><time>2026-04-11T17:55:45Z</time></rtept><rtept lat="37.44338" lon="-106.703053"><ele>3485.597656</ele><time>2026-04-11T17:55:45Z</time></rtept><rtept lat="37.443423" lon="-106.702932"><ele>3486.296875</ele><time>2026-04-11T17:55:45Z</time></rtept><rtept lat="37.44346" lon="-106.702872"><ele>3487.296875</ele><time>2026-04-11T17:55:45Z</time></rtept><rtept lat="37.443544" lon="-106.702819"><ele>3488.097656</ele><time>2026-04-11T17:55:45Z</time></rtept><rtept lat="37.44361" lon="-106.702793"><ele>3488.597656</ele><time>2026-04-11T17:55:45Z</time></rtept><rtept lat="37.443724" lon="-106.702797"><ele>3489.898438</ele><time>2026-04-11T17:55:45Z</time></rtept><rtept lat="37.443895" lon="-106.702871"><ele>3490.5</ele><time>2026-04-11T17:55:45Z</time></rtept><rtept lat="37.444133" lon="-106.703026"><ele>3492.796875</ele><time>2026-04-11T17:55:45Z</time></rtept><rtept lat="37.444299" lon="-106.703092"><ele>3493.097656</ele><time>2026-04-11T17:55:45Z</time></rtept><rtept lat="37.444317" lon="-106.703109"><ele>3494.0</ele><time>2026-04-11T17:55:45Z</time></rtept><rtept lat="37.444407" lon="-106.703152"><ele>3496.296875</ele><time>2026-04-11T17:55:45Z</time></rtept><rtept lat="37.444443" lon="-106.703136"><ele>3496.5</ele><time>2026-04-11T17:55:45Z</time></rtept><rtept lat="37.444448" lon="-106.703073"><ele>3495.398438</ele><time>2026-04-11T17:55:45Z</time></rtept><rtept lat="37.444407" lon="-106.702965"><ele>3493.597656</ele><time>2026-04-11T17:55:45Z</time></rtept><rtept lat="37.444377" lon="-106.702866"><ele>3492.0</ele><time>2026-04-11T17:55:45Z</time></rtept><rtept lat="37.444329" lon="-106.702747"><ele>3489.898438</ele><time>2026-04-11T17:55:45Z</time></rtept><rtept lat="37.444319" lon="-106.702685"><ele>3490.0</ele><time>2026-04-11T17:55:45Z</time></rtept><rtept lat="37.444317" lon="-106.702626"><ele>3490.398438</ele><time>2026-04-11T17:55:45Z</time></rtept><rtept lat="37.444284" lon="-106.702567"><ele>3490.0</ele><time>2026-04-11T17:55:45Z</time></rtept><rtept lat="37.444252" lon="-106.702463"><ele>3489.398438</ele><time>2026-04-11T17:55:45Z</time></rtept><rtept lat="37.444217" lon="-106.702397"><ele>3488.199219</ele><time>2026-04-11T17:55:45Z</time></rtept><rtept lat="37.4442" lon="-106.70233"><ele>3486.898438</ele><time>2026-04-11T17:55:45Z</time></rtept><rtept lat="37.444194" lon="-106.702267"><ele>3486.0</ele><time>2026-04-11T17:55:45Z</time></rtept><rtept lat="37.444197" lon="-106.702192"><ele>3486.097656</ele><time>2026-04-11T17:55:45Z</time></rtept><rtept lat="37.444174" lon="-106.702115"><ele>3484.796875</ele><time>2026-04-11T17:55:45Z</time></rtept><rtept lat="37.444192" lon="-106.702066"><ele>3485.699219</ele><time>2026-04-11T17:55:45Z</time></rtept><rtept lat="37.444231" lon="-106.702025"><ele>3487.296875</ele><time>2026-04-11T17:55:45Z</time></rtept><rtept lat="37.444288" lon="-106.702007"><ele>3489.597656</ele><time>2026-04-11T17:55:45Z</time></rtept><rtept lat="37.444339" lon="-106.702029"><ele>3490.699219</ele><time>2026-04-11T17:55:45Z</time></rtept><rtept lat="37.444387" lon="-106.702034"><ele>3491.296875</ele><time>2026-04-11T17:55:45Z</time></rtept><rtept lat="37.444438" lon="-106.702052"><ele>3492.0</ele><time>2026-04-11T17:55:45Z</time></rtept><rtept lat="37.444481" lon="-106.702022"><ele>3492.296875</ele><time>2026-04-11T17:55:45Z</time></rtept><rtept lat="37.44452" lon="-106.701973"><ele>3492.5</ele><time>2026-04-11T17:55:45Z</time></rtept><rtept lat="37.44456" lon="-106.701849"><ele>3492.097656</ele><time>2026-04-11T17:55:45Z</time></rtept><rtept lat="37.444615" lon="-106.701813"><ele>3492.199219</ele><time>2026-04-11T17:55:45Z</time></rtept><rtept lat="37.444645" lon="-106.701762"><ele>3492.0</ele><time>2026-04-11T17:55:45Z</time></rtept><rtept lat="37.444679" lon="-106.701723"><ele>3491.796875</ele><time>2026-04-11T17:55:45Z</time></rtept><rtept lat="37.444729" lon="-106.701703"><ele>3491.796875</ele><time>2026-04-11T17:55:45Z</time></rtept><rtept lat="37.444884" lon="-106.701752"><ele>3492.898438</ele><time>2026-04-11T17:55:45Z</time></rtept><rtept lat="37.444934" lon="-106.70176"><ele>3492.898438</ele><time>2026-04-11T17:55:45Z</time></rtept><rtept lat="37.444992" lon="-106.701759"><ele>3492.898438</ele><time>2026-04-11T17:55:45Z</time></rtept><rtept lat="37.445048" lon="-106.701773"><ele>3492.898438</ele><time>2026-04-11T17:55:45Z</time></rtept><rtept lat="37.445093" lon="-106.701804"><ele>3493.398438</ele><time>2026-04-11T17:55:45Z</time></rtept><rtept lat="37.445132" lon="-106.701911"><ele>3495.398438</ele><time>2026-04-11T17:55:45Z</time></rtept><rtept lat="37.445231" lon="-106.701941"><ele>3495.898438</ele><time>2026-04-11T17:55:45Z</time></rtept><rtept lat="37.445238" lon="-106.701926"><ele>3495.796875</ele><time>2026-04-11T17:55:45Z</time></rtept><rtept lat="37.445299" lon="-106.701863"><ele>3494.796875</ele><time>2026-04-11T17:55:45Z</time></rtept><rtept lat="37.445384" lon="-106.70176"><ele>3493.796875</ele><time>2026-04-11T17:55:45Z</time></rtept><rtept lat="37.4454" lon="-106.701755"><ele>3493.898438</ele><time>2026-04-11T17:55:45Z</time></rtept><rtept lat="37.445464" lon="-106.701708"><ele>3494.097656</ele><time>2026-04-11T17:55:45Z</time></rtept><rtept lat="37.445507" lon="-106.701706"><ele>3494.898438</ele><time>2026-04-11T17:55:45Z</time></rtept><rtept lat="37.445571" lon="-106.701642"><ele>3495.0</ele><time>2026-04-11T17:55:45Z</time></rtept><rtept lat="37.445628" lon="-106.701602"><ele>3495.597656</ele><time>2026-04-11T17:55:45Z</time></rtept><rtept lat="37.445664" lon="-106.701563"><ele>3495.699219</ele><time>2026-04-11T17:55:45Z</time></rtept><rtept lat="37.445708" lon="-106.701531"><ele>3496.199219</ele><time>2026-04-11T17:55:45Z</time></rtept><rtept lat="37.445869" lon="-106.701287"><ele>3496.199219</ele><time>2026-04-11T17:55:45Z</time></rtept><rtept lat="37.445894" lon="-106.701223"><ele>3495.898438</ele><time>2026-04-11T17:55:45Z</time></rtept><rtept lat="37.445903" lon="-106.701074"><ele>3494.796875</ele><time>2026-04-11T17:55:45Z</time></rtept><rtept lat="37.445918" lon="-106.70099"><ele>3494.199219</ele><time>2026-04-11T17:55:45Z</time></rtept><rtept lat="37.445967" lon="-106.700853"><ele>3493.199219</ele><time>2026-04-11T17:55:45Z</time></rtept><rtept lat="37.446009" lon="-106.700775"><ele>3493.097656</ele><time>2026-04-11T17:55:45Z</time></rtept><rtept lat="37.446176" lon="-106.700625"><ele>3492.296875</ele><time>2026-04-11T17:55:45Z</time></rtept><rtept lat="37.446232" lon="-106.700618"><ele>3492.296875</ele><time>2026-04-11T17:55:45Z</time></rtept><rtept lat="37.446298" lon="-106.700594"><ele>3491.398438</ele><time>2026-04-11T17:55:45Z</time></rtept><rtept lat="37.446388" lon="-106.700618"><ele>3491.699219</ele><time>2026-04-11T17:55:45Z</time></rtept><rtept lat="37.446426" lon="-106.700604"><ele>3490.699219</ele><time>2026-04-11T17:55:45Z</time></rtept><rtept lat="37.446525" lon="-106.700637"><ele>3492.0</ele><time>2026-04-11T17:55:45Z</time></rtept><rtept lat="37.44659" lon="-106.700634"><ele>3491.898438</ele><time>2026-04-11T17:55:45Z</time></rtept><rtept lat="37.446635" lon="-106.700647"><ele>3493.199219</ele><time>2026-04-11T17:55:45Z</time></rtept><rtept lat="37.446694" lon="-106.700645"><ele>3493.597656</ele><time>2026-04-11T17:55:45Z</time></rtept><rtept lat="37.446782" lon="-106.70062"><ele>3492.796875</ele><time>2026-04-11T17:55:45Z</time></rtept><rtept lat="37.446811" lon="-106.700589"><ele>3491.699219</ele><time>2026-04-11T17:55:45Z</time></rtept><rtept lat="37.446828" lon="-106.700563"><ele>3490.796875</ele><time>2026-04-11T17:55:45Z</time></rtept><rtept lat="37.446833" lon="-106.700508"><ele>3491.296875</ele><time>2026-04-11T17:55:45Z</time></rtept><rtept lat="37.446811" lon="-106.700484"><ele>3491.199219</ele><time>2026-04-11T17:55:45Z</time></rtept><rtept lat="37.446768" lon="-106.700474"><ele>3490.699219</ele><time>2026-04-11T17:55:45Z</time></rtept><rtept lat="37.446691" lon="-106.700366"><ele>3490.199219</ele><time>2026-04-11T17:55:45Z</time></rtept><rtept lat="37.446678" lon="-106.700289"><ele>3490.296875</ele><time>2026-04-11T17:55:45Z</time></rtept><rtept lat="37.4467" lon="-106.700218"><ele>3491.5</ele><time>2026-04-11T17:55:45Z</time></rtept><rtept lat="37.446683" lon="-106.700139"><ele>3491.597656</ele><time>2026-04-11T17:55:45Z</time></rtept><rtept lat="37.446601" lon="-106.699898"><ele>3492.0</ele><time>2026-04-11T17:55:45Z</time></rtept><rtept lat="37.446567" lon="-106.699761"><ele>3492.796875</ele><time>2026-04-11T17:55:45Z</time></rtept><rtept lat="37.44655" lon="-106.699631"><ele>3493.296875</ele><time>2026-04-11T17:55:45Z</time></rtept><rtept lat="37.446588" lon="-106.699549"><ele>3495.199219</ele><time>2026-04-11T17:55:45Z</time></rtept><rtept lat="37.446616" lon="-106.699442"><ele>3497.097656</ele><time>2026-04-11T17:55:45Z</time></rtept><rtept lat="37.446601" lon="-106.699397"><ele>3496.898438</ele><time>2026-04-11T17:55:45Z</time></rtept><rtept lat="37.446598" lon="-106.699323"><ele>3498.0</ele><time>2026-04-11T17:55:45Z</time></rtept><rtept lat="37.44656" lon="-106.69927"><ele>3497.097656</ele><time>2026-04-11T17:55:45Z</time></rtept><rtept lat="37.44652" lon="-106.699246"><ele>3495.796875</ele><time>2026-04-11T17:55:45Z</time></rtept><rtept lat="37.446464" lon="-106.699226"><ele>3493.898438</ele><time>2026-04-11T17:55:45Z</time></rtept><rtept lat="37.446406" lon="-106.699164"><ele>3492.796875</ele><time>2026-04-11T17:55:45Z</time></rtept><rtept lat="37.446389" lon="-106.699127"><ele>3492.398438</ele><time>2026-04-11T17:55:45Z</time></rtept><rtept lat="37.446383" lon="-106.699052"><ele>3492.898438</ele><time>2026-04-11T17:55:45Z</time></rtept><rtept lat="37.446429" lon="-106.698837"><ele>3497.5</ele><time>2026-04-11T17:55:45Z</time></rtept><rtept lat="37.446452" lon="-106.698762"><ele>3499.699219</ele><time>2026-04-11T17:55:45Z</time></rtept><rtept lat="37.446418" lon="-106.698641"><ele>3500.097656</ele><time>2026-04-11T17:55:45Z</time></rtept><rtept lat="37.446299" lon="-106.698506"><ele>3497.097656</ele><time>2026-04-11T17:55:45Z</time></rtept><rtept lat="37.44623" lon="-106.698394"><ele>3496.699219</ele><time>2026-04-11T17:55:45Z</time></rtept><rtept lat="37.446183" lon="-106.698378"><ele>3494.597656</ele><time>2026-04-11T17:55:45Z</time></rtept><rtept lat="37.446139" lon="-106.698332"><ele>3494.0</ele><time>2026-04-11T17:55:45Z</time></rtept><rtept lat="37.44605" lon="-106.698263"><ele>3491.796875</ele><time>2026-04-11T17:55:45Z</time></rtept><rtept lat="37.446021" lon="-106.698202"><ele>3492.199219</ele><time>2026-04-11T17:55:45Z</time></rtept><rtept lat="37.44595" lon="-106.698007"><ele>3494.699219</ele><time>2026-04-11T17:55:45Z</time></rtept><rtept lat="37.445899" lon="-106.697952"><ele>3494.699219</ele><time>2026-04-11T17:55:45Z</time></rtept><rtept lat="37.445804" lon="-106.69778"><ele>3495.898438</ele><time>2026-04-11T17:55:45Z</time></rtept><rtept lat="37.445754" lon="-106.697639"><ele>3497.699219</ele><time>2026-04-11T17:55:45Z</time></rtept><rtept lat="37.445737" lon="-106.697566"><ele>3499.199219</ele><time>2026-04-11T17:55:45Z</time></rtept><rtept lat="37.445681" lon="-106.697402"><ele>3501.898438</ele><time>2026-04-11T17:55:45Z</time></rtept><rtept lat="37.445653" lon="-106.697345"><ele>3502.199219</ele><time>2026-04-11T17:55:45Z</time></rtept><rtept lat="37.445486" lon="-106.697048"><ele>3503.199219</ele><time>2026-04-11T17:55:45Z</time></rtept><rtept lat="37.445409" lon="-106.696933"><ele>3502.296875</ele><time>2026-04-11T17:55:45Z</time></rtept><rtept lat="37.445371" lon="-106.69689"><ele>3502.0</ele><time>2026-04-11T17:55:45Z</time></rtept><rtept lat="37.445131" lon="-106.696506"><ele>3500.199219</ele><time>2026-04-11T17:55:45Z</time></rtept><rtept lat="37.445089" lon="-106.69645"><ele>3500.296875</ele><time>2026-04-11T17:55:45Z</time></rtept><rtept lat="37.444953" lon="-106.69631"><ele>3497.398438</ele><time>2026-04-11T17:55:45Z</time></rtept><rtept lat="37.444782" lon="-106.696117"><ele>3494.0</ele><time>2026-04-11T17:55:45Z</time></rtept><rtept lat="37.44471" lon="-106.696003"><ele>3495.0</ele><time>2026-04-11T17:55:45Z</time></rtept><rtept lat="37.444672" lon="-106.695957"><ele>3494.296875</ele><time>2026-04-11T17:55:45Z</time></rtept><rtept lat="37.444639" lon="-106.695898"><ele>3494.5</ele><time>2026-04-11T17:55:45Z</time></rtept><rtept lat="37.44455" lon="-106.69581"><ele>3492.5</ele><time>2026-04-11T17:55:45Z</time></rtept><rtept lat="37.444426" lon="-106.695673"><ele>3492.199219</ele><time>2026-04-11T17:55:45Z</time></rtept><rtept lat="37.444389" lon="-106.695621"><ele>3492.0</ele><time>2026-04-11T17:55:45Z</time></rtept><rtept lat="37.444334" lon="-106.695519"><ele>3492.097656</ele><time>2026-04-11T17:55:45Z</time></rtept><rtept lat="37.444232" lon="-106.69538"><ele>3492.0</ele><time>2026-04-11T17:55:45Z</time></rtept><rtept lat="37.444098" lon="-106.695168"><ele>3494.0</ele><time>2026-04-11T17:55:45Z</time></rtept><rtept lat="37.444025" lon="-106.695016"><ele>3495.5</ele><time>2026-04-11T17:55:45Z</time></rtept><rtept lat="37.443952" lon="-106.694955"><ele>3495.199219</ele><time>2026-04-11T17:55:45Z</time></rtept><rtept lat="37.443917" lon="-106.694893"><ele>3496.597656</ele><time>2026-04-11T17:55:45Z</time></rtept><rtept lat="37.4439" lon="-106.694846"><ele>3497.296875</ele><time>2026-04-11T17:55:45Z</time></rtept><rtept lat="37.443771" lon="-106.69472"><ele>3495.898438</ele><time>2026-04-11T17:55:45Z</time></rtept><rtept lat="37.443731" lon="-106.694663"><ele>3496.296875</ele><time>2026-04-11T17:55:45Z</time></rtept><rtept lat="37.443642" lon="-106.694566"><ele>3496.398438</ele><time>2026-04-11T17:55:45Z</time></rtept><rtept lat="37.44352" lon="-106.694408"><ele>3497.296875</ele><time>2026-04-11T17:55:45Z</time></rtept><rtept lat="37.443454" lon="-106.694312"><ele>3497.699219</ele><time>2026-04-11T17:55:45Z</time></rtept><rtept lat="37.443292" lon="-106.694148"><ele>3497.199219</ele><time>2026-04-11T17:55:45Z</time></rtept><rtept lat="37.443177" lon="-106.693999"><ele>3498.296875</ele><time>2026-04-11T17:55:45Z</time></rtept><rtept lat="37.443071" lon="-106.693811"><ele>3499.296875</ele><time>2026-04-11T17:55:45Z</time></rtept><rtept lat="37.443054" lon="-106.693753"><ele>3500.097656</ele><time>2026-04-11T17:55:45Z</time></rtept><rtept lat="37.443048" lon="-106.693694"><ele>3501.5</ele><time>2026-04-11T17:55:45Z</time></rtept><rtept lat="37.443034" lon="-106.693631"><ele>3502.597656</ele><time>2026-04-11T17:55:45Z</time></rtept><rtept lat="37.44295" lon="-106.693371"><ele>3505.398438</ele><time>2026-04-11T17:55:45Z</time></rtept><rtept lat="37.442948" lon="-106.693307"><ele>3505.898438</ele><time>2026-04-11T17:55:45Z</time></rtept><rtept lat="37.442933" lon="-106.693243"><ele>3505.597656</ele><time>2026-04-11T17:55:45Z</time></rtept><rtept lat="37.442896" lon="-106.693177"><ele>3505.296875</ele><time>2026-04-11T17:55:45Z</time></rtept><rtept lat="37.442484" lon="-106.69282"><ele>3505.398438</ele><time>2026-04-11T17:55:45Z</time></rtept><rtept lat="37.442433" lon="-106.69279"><ele>3506.199219</ele><time>2026-04-11T17:55:45Z</time></rtept><rtept lat="37.442327" lon="-106.692763"><ele>3505.296875</ele><time>2026-04-11T17:55:45Z</time></rtept><rtept lat="37.442222" lon="-106.692715"><ele>3500.699219</ele><time>2026-04-11T17:55:45Z</time></rtept><rtept lat="37.442173" lon="-106.692678"><ele>3499.699219</ele><time>2026-04-11T17:55:45Z</time></rtept><rtept lat="37.441976" lon="-106.692576"><ele>3495.0</ele><time>2026-04-11T17:55:45Z</time></rtept><rtept lat="37.441829" lon="-106.692486"><ele>3488.699219</ele><time>2026-04-11T17:55:45Z</time></rtept><rtept lat="37.441771" lon="-106.692437"><ele>3487.199219</ele><time>2026-04-11T17:55:45Z</time></rtept><rtept lat="37.441646" lon="-106.692214"><ele>3488.699219</ele><time>2026-04-11T17:55:45Z</time></rtept><rtept lat="37.441558" lon="-106.69204"><ele>3488.898438</ele><time>2026-04-11T17:55:45Z</time></rtept><rtept lat="37.441461" lon="-106.691889"><ele>3488.796875</ele><time>2026-04-11T17:55:45Z</time></rtept><rtept lat="37.441419" lon="-106.691836"><ele>3488.597656</ele><time>2026-04-11T17:55:45Z</time></rtept><rtept lat="37.441372" lon="-106.691788"><ele>3488.398438</ele><time>2026-04-11T17:55:45Z</time></rtept><rtept lat="37.441272" lon="-106.691718"><ele>3488.0</ele><time>2026-04-11T17:55:45Z</time></rtept><rtept lat="37.441237" lon="-106.691657"><ele>3488.796875</ele><time>2026-04-11T17:55:45Z</time></rtept><rtept lat="37.441168" lon="-106.69159"><ele>3487.796875</ele><time>2026-04-11T17:55:45Z</time></rtept><rtept lat="37.441099" lon="-106.69151"><ele>3487.597656</ele><time>2026-04-11T17:55:45Z</time></rtept><rtept lat="37.440959" lon="-106.691377"><ele>3487.898438</ele><time>2026-04-11T17:55:45Z</time></rtept><rtept lat="37.440865" lon="-106.691316"><ele>3487.199219</ele><time>2026-04-11T17:55:45Z</time></rtept><rtept lat="37.440776" lon="-106.691247"><ele>3487.0</ele><time>2026-04-11T17:55:45Z</time></rtept><rtept lat="37.440669" lon="-106.69118"><ele>3486.699219</ele><time>2026-04-11T17:55:45Z</time></rtept><rtept lat="37.440571" lon="-106.691101"><ele>3486.5</ele><time>2026-04-11T17:55:45Z</time></rtept><rtept lat="37.440466" lon="-106.691042"><ele>3485.597656</ele><time>2026-04-11T17:55:45Z</time></rtept><rtept lat="37.440404" lon="-106.690941"><ele>3486.296875</ele><time>2026-04-11T17:55:45Z</time></rtept><rtept lat="37.440363" lon="-106.690814"><ele>3488.398438</ele><time>2026-04-11T17:55:45Z</time></rtept><rtept lat="37.440187" lon="-106.69053"><ele>3490.898438</ele><time>2026-04-11T17:55:45Z</time></rtept><rtept lat="37.440125" lon="-106.69046"><ele>3491.199219</ele><time>2026-04-11T17:55:45Z</time></rtept><rtept lat="37.440071" lon="-106.69043"><ele>3490.5</ele><time>2026-04-11T17:55:45Z</time></rtept><rtept lat="37.439953" lon="-106.690338"><ele>3490.097656</ele><time>2026-04-11T17:55:45Z</time></rtept><rtept lat="37.439871" lon="-106.690233"><ele>3490.796875</ele><time>2026-04-11T17:55:45Z</time></rtept><rtept lat="37.439704" lon="-106.689983"><ele>3491.398438</ele><time>2026-04-11T17:55:45Z</time></rtept><rtept lat="37.439539" lon="-106.689834"><ele>3490.5</ele><time>2026-04-11T17:55:45Z</time></rtept><rtept lat="37.439364" lon="-106.689639"><ele>3490.5</ele><time>2026-04-11T17:55:45Z</time></rtept><rtept lat="37.439329" lon="-106.689584"><ele>3491.0</ele><time>2026-04-11T17:55:45Z</time></rtept><rtept lat="37.4393" lon="-106.689524"><ele>3491.5</ele><time>2026-04-11T17:55:45Z</time></rtept><rtept lat="37.439268" lon="-106.689432"><ele>3492.5</ele><time>2026-04-11T17:55:45Z</time></rtept><rtept lat="37.439231" lon="-106.689291"><ele>3493.597656</ele><time>2026-04-11T17:55:45Z</time></rtept><rtept lat="37.439206" lon="-106.689158"><ele>3495.0</ele><time>2026-04-11T17:55:45Z</time></rtept><rtept lat="37.439154" lon="-106.689007"><ele>3494.398438</ele><time>2026-04-11T17:55:45Z</time></rtept><rtept lat="37.439118" lon="-106.688713"><ele>3493.5</ele><time>2026-04-11T17:55:45Z</time></rtept><rtept lat="37.43911" lon="-106.688506"><ele>3492.5</ele><time>2026-04-11T17:55:45Z</time></rtept><rtept lat="37.439074" lon="-106.688326"><ele>3491.796875</ele><time>2026-04-11T17:55:45Z</time></rtept><rtept lat="37.43904" lon="-106.688193"><ele>3491.398438</ele><time>2026-04-11T17:55:45Z</time></rtept><rtept lat="37.438945" lon="-106.687893"><ele>3490.199219</ele><time>2026-04-11T17:55:45Z</time></rtept><rtept lat="37.438931" lon="-106.687745"><ele>3489.097656</ele><time>2026-04-11T17:55:45Z</time></rtept><rtept lat="37.438914" lon="-106.687676"><ele>3487.597656</ele><time>2026-04-11T17:55:45Z</time></rtept><rtept lat="37.438907" lon="-106.687564"><ele>3485.199219</ele><time>2026-04-11T17:55:45Z</time></rtept><rtept lat="37.438851" lon="-106.687386"><ele>3481.5</ele><time>2026-04-11T17:55:45Z</time></rtept><rtept lat="37.438785" lon="-106.687235"><ele>3477.699219</ele><time>2026-04-11T17:55:45Z</time></rtept><rtept lat="37.438759" lon="-106.687189"><ele>3476.796875</ele><time>2026-04-11T17:55:45Z</time></rtept><rtept lat="37.438657" lon="-106.687058"><ele>3475.199219</ele><time>2026-04-11T17:55:45Z</time></rtept><rtept lat="37.438573" lon="-106.686975"><ele>3474.398438</ele><time>2026-04-11T17:55:45Z</time></rtept><rtept lat="37.438535" lon="-106.686924"><ele>3474.5</ele><time>2026-04-11T17:55:45Z</time></rtept><rtept lat="37.438446" lon="-106.686834"><ele>3475.597656</ele><time>2026-04-11T17:55:45Z</time></rtept><rtept lat="37.438355" lon="-106.686764"><ele>3476.398438</ele><time>2026-04-11T17:55:45Z</time></rtept><rtept lat="37.438317" lon="-106.686713"><ele>3477.199219</ele><time>2026-04-11T17:55:45Z</time></rtept><rtept lat="37.438237" lon="-106.686655"><ele>3478.097656</ele><time>2026-04-11T17:55:45Z</time></rtept><rtept lat="37.438208" lon="-106.686613"><ele>3479.0</ele><time>2026-04-11T17:55:45Z</time></rtept><rtept lat="37.43815" lon="-106.686577"><ele>3479.199219</ele><time>2026-04-11T17:55:45Z</time></rtept><rtept lat="37.438047" lon="-106.686542"><ele>3479.199219</ele><time>2026-04-11T17:55:45Z</time></rtept><rtept lat="37.43798" lon="-106.686506"><ele>3479.296875</ele><time>2026-04-11T17:55:45Z</time></rtept><rtept lat="37.437924" lon="-106.686476"><ele>3479.398438</ele><time>2026-04-11T17:55:45Z</time></rtept><rtept lat="37.437842" lon="-106.686415"><ele>3478.796875</ele><time>2026-04-11T17:55:45Z</time></rtept><rtept lat="37.437749" lon="-106.686394"><ele>3477.398438</ele><time>2026-04-11T17:55:45Z</time></rtept><rtept lat="37.437703" lon="-106.686362"><ele>3477.097656</ele><time>2026-04-11T17:55:45Z</time></rtept><rtept lat="37.437629" lon="-106.686339"><ele>3476.199219</ele><time>2026-04-11T17:55:45Z</time></rtept><rtept lat="37.437526" lon="-106.686271"><ele>3476.296875</ele><time>2026-04-11T17:55:45Z</time></rtept><rtept lat="37.437488" lon="-106.686231"><ele>3476.597656</ele><time>2026-04-11T17:55:45Z</time></rtept><rtept lat="37.437455" lon="-106.686165"><ele>3477.597656</ele><time>2026-04-11T17:55:45Z</time></rtept><rtept lat="37.437364" lon="-106.686088"><ele>3477.597656</ele><time>2026-04-11T17:55:45Z</time></rtept><rtept lat="37.4373" lon="-106.686005"><ele>3479.0</ele><time>2026-04-11T17:55:45Z</time></rtept><rtept lat="37.437209" lon="-106.685925"><ele>3480.0</ele><time>2026-04-11T17:55:45Z</time></rtept><rtept lat="37.436257" lon="-106.686108"><ele>3478.796875</ele><time>2026-04-11T17:55:45Z</time></rtept><rtept lat="37.436176" lon="-106.686156"><ele>3478.5</ele><time>2026-04-11T17:55:45Z</time></rtept><rtept lat="37.436078" lon="-106.686196"><ele>3478.898438</ele><time>2026-04-11T17:55:45Z</time></rtept><rtept lat="37.435974" lon="-106.686227"><ele>3479.796875</ele><time>2026-04-11T17:55:45Z</time></rtept><rtept lat="37.43596" lon="-106.686243"><ele>3479.597656</ele><time>2026-04-11T17:55:45Z</time></rtept><rtept lat="37.435818" lon="-106.686259"><ele>3481.699219</ele><time>2026-04-11T17:55:45Z</time></rtept><rtept lat="37.435733" lon="-106.686253"><ele>3483.796875</ele><time>2026-04-11T17:55:45Z</time></rtept><rtept lat="37.435635" lon="-106.686313"><ele>3482.898438</ele><time>2026-04-11T17:55:45Z</time></rtept><rtept lat="37.43538" lon="-106.686354"><ele>3483.296875</ele><time>2026-04-11T17:55:45Z</time></rtept><rtept lat="37.435326" lon="-106.686332"><ele>3484.0</ele><time>2026-04-11T17:55:45Z</time></rtept><rtept lat="37.435281" lon="-106.686295"><ele>3484.699219</ele><time>2026-04-11T17:55:45Z</time></rtept><rtept lat="37.435166" lon="-106.686158"><ele>3487.398438</ele><time>2026-04-11T17:55:45Z</time></rtept><rtept lat="37.435126" lon="-106.686126"><ele>3487.5</ele><time>2026-04-11T17:55:45Z</time></rtept><rtept lat="37.435088" lon="-106.686077"><ele>3487.796875</ele><time>2026-04-11T17:55:45Z</time></rtept><rtept lat="37.434996" lon="-106.6859"><ele>3489.699219</ele><time>2026-04-11T17:55:45Z</time></rtept><rtept lat="37.434917" lon="-106.685789"><ele>3490.199219</ele><time>2026-04-11T17:55:45Z</time></rtept><rtept lat="37.434819" lon="-106.685671"><ele>3489.5</ele><time>2026-04-11T17:55:45Z</time></rtept><rtept lat="37.434811" lon="-106.685623"><ele>3490.0</ele><time>2026-04-11T17:55:45Z</time></rtept><rtept lat="37.434773" lon="-106.685562"><ele>3489.597656</ele><time>2026-04-11T17:55:45Z</time></rtept><rtept lat="37.434712" lon="-106.68543"><ele>3490.199219</ele><time>2026-04-11T17:55:45Z</time></rtept><rtept lat="37.43455" lon="-106.685135"><ele>3490.5</ele><time>2026-04-11T17:55:45Z</time></rtept><rtept lat="37.434477" lon="-106.685038"><ele>3490.097656</ele><time>2026-04-11T17:55:45Z</time></rtept><rtept lat="37.434409" lon="-106.684915"><ele>3490.097656</ele><time>2026-04-11T17:55:45Z</time></rtept><rtept lat="37.434372" lon="-106.684819"><ele>3490.898438</ele><time>2026-04-11T17:55:45Z</time></rtept><rtept lat="37.434348" lon="-106.684773"><ele>3491.097656</ele><time>2026-04-11T17:55:45Z</time></rtept><rtept lat="37.434239" lon="-106.684619"><ele>3490.5</ele><time>2026-04-11T17:55:45Z</time></rtept><rtept lat="37.434191" lon="-106.684536"><ele>3490.5</ele><time>2026-04-11T17:55:45Z</time></rtept><rtept lat="37.434165" lon="-106.68448"><ele>3491.199219</ele><time>2026-04-11T17:55:45Z</time></rtept><rtept lat="37.434163" lon="-106.684449"><ele>3491.5</ele><time>2026-04-11T17:55:45Z</time></rtept><rtept lat="37.434126" lon="-106.684368"><ele>3492.0</ele><time>2026-04-11T17:55:45Z</time></rtept><rtept lat="37.434105" lon="-106.684227"><ele>3494.5</ele><time>2026-04-11T17:55:45Z</time></rtept><rtept lat="37.434061" lon="-106.684154"><ele>3494.097656</ele><time>2026-04-11T17:55:45Z</time></rtept><rtept lat="37.434051" lon="-106.684096"><ele>3495.199219</ele><time>2026-04-11T17:55:45Z</time></rtept><rtept lat="37.43404" lon="-106.684078"><ele>3495.398438</ele><time>2026-04-11T17:55:45Z</time></rtept><rtept lat="37.434036" lon="-106.684007"><ele>3497.597656</ele><time>2026-04-11T17:55:45Z</time></rtept><rtept lat="37.43401" lon="-106.683927"><ele>3498.898438</ele><time>2026-04-11T17:55:45Z</time></rtept><rtept lat="37.434009" lon="-106.683898"><ele>3499.796875</ele><time>2026-04-11T17:55:45Z</time></rtept><rtept lat="37.433989" lon="-106.683849"><ele>3500.0</ele><time>2026-04-11T17:55:45Z</time></rtept><rtept lat="37.433965" lon="-106.683814"><ele>3499.796875</ele><time>2026-04-11T17:55:45Z</time></rtept><rtept lat="37.433958" lon="-106.683793"><ele>3499.699219</ele><time>2026-04-11T17:55:45Z</time></rtept><rtept lat="37.433894" lon="-106.683723"><ele>3497.898438</ele><time>2026-04-11T17:55:45Z</time></rtept><rtept lat="37.433854" lon="-106.683654"><ele>3497.5</ele><time>2026-04-11T17:55:45Z</time></rtept><rtept lat="37.433839" lon="-106.683607"><ele>3497.898438</ele><time>2026-04-11T17:55:45Z</time></rtept><rtept lat="37.433795" lon="-106.683566"><ele>3496.898438</ele><time>2026-04-11T17:55:45Z</time></rtept><rtept lat="37.433784" lon="-106.683539"><ele>3496.5</ele><time>2026-04-11T17:55:45Z</time></rtept><rtept lat="37.43376" lon="-106.683505"><ele>3496.199219</ele><time>2026-04-11T17:55:45Z</time></rtept><rtept lat="37.433704" lon="-106.68345"><ele>3494.597656</ele><time>2026-04-11T17:55:45Z</time></rtept><rtept lat="37.433702" lon="-106.683423"><ele>3495.097656</ele><time>2026-04-11T17:55:45Z</time></rtept><rtept lat="37.43366" lon="-106.683378"><ele>3493.796875</ele><time>2026-04-11T17:55:45Z</time></rtept><rtept lat="37.433613" lon="-106.683358"><ele>3491.597656</ele><time>2026-04-11T17:55:45Z</time></rtept><rtept lat="37.433578" lon="-106.68331"><ele>3490.699219</ele><time>2026-04-11T17:55:45Z</time></rtept><rtept lat="37.43351" lon="-106.68319"><ele>3488.097656</ele><time>2026-04-11T17:55:45Z</time></rtept><rtept lat="37.433489" lon="-106.683047"><ele>3488.199219</ele><time>2026-04-11T17:55:45Z</time></rtept><rtept lat="37.43349" lon="-106.683002"><ele>3489.796875</ele><time>2026-04-11T17:55:45Z</time></rtept><rtept lat="37.433476" lon="-106.682859"><ele>3493.699219</ele><time>2026-04-11T17:55:45Z</time></rtept><rtept lat="37.433456" lon="-106.6828"><ele>3494.699219</ele><time>2026-04-11T17:55:45Z</time></rtept><rtept lat="37.433442" lon="-106.682722"><ele>3496.5</ele><time>2026-04-11T17:55:45Z</time></rtept><rtept lat="37.4334" lon="-106.682659"><ele>3496.796875</ele><time>2026-04-11T17:55:45Z</time></rtept><rtept lat="37.433284" lon="-106.68259"><ele>3494.199219</ele><time>2026-04-11T17:55:45Z</time></rtept><rtept lat="37.433242" lon="-106.682497"><ele>3495.796875</ele><time>2026-04-11T17:55:45Z</time></rtept><rtept lat="37.433155" lon="-106.682429"><ele>3494.199219</ele><time>2026-04-11T17:55:45Z</time></rtept><rtept lat="37.43311" lon="-106.682415"><ele>3492.597656</ele><time>2026-04-11T17:55:45Z</time></rtept><rtept lat="37.433086" lon="-106.682372"><ele>3493.0</ele><time>2026-04-11T17:55:45Z</time></rtept><rtept lat="37.433051" lon="-106.682334"><ele>3492.597656</ele><time>2026-04-11T17:55:45Z</time></rtept><rtept lat="37.433033" lon="-106.682283"><ele>3493.199219</ele><time>2026-04-11T17:55:45Z</time></rtept><rtept lat="37.43303" lon="-106.682045"><ele>3497.898438</ele><time>2026-04-11T17:55:45Z</time></rtept><rtept lat="37.433003" lon="-106.682025"><ele>3497.097656</ele><time>2026-04-11T17:55:45Z</time></rtept><rtept lat="37.432943" lon="-106.682009"><ele>3495.0</ele><time>2026-04-11T17:55:45Z</time></rtept><rtept lat="37.432914" lon="-106.681984"><ele>3494.199219</ele><time>2026-04-11T17:55:45Z</time></rtept><rtept lat="37.432854" lon="-106.681715"><ele>3494.898438</ele><time>2026-04-11T17:55:45Z</time></rtept><rtept lat="37.432848" lon="-106.681655"><ele>3495.796875</ele><time>2026-04-11T17:55:45Z</time></rtept><rtept lat="37.432831" lon="-106.681582"><ele>3496.398438</ele><time>2026-04-11T17:55:45Z</time></rtept><rtept lat="37.432839" lon="-106.68152"><ele>3498.199219</ele><time>2026-04-11T17:55:45Z</time></rtept><rtept lat="37.432831" lon="-106.681466"><ele>3498.699219</ele><time>2026-04-11T17:55:45Z</time></rtept><rtept lat="37.432843" lon="-106.681418"><ele>3500.199219</ele><time>2026-04-11T17:55:45Z</time></rtept><rtept lat="37.432841" lon="-106.681383"><ele>3501.097656</ele><time>2026-04-11T17:55:45Z</time></rtept><rtept lat="37.432824" lon="-106.68133"><ele>3501.398438</ele><time>2026-04-11T17:55:45Z</time></rtept><rtept lat="37.43281" lon="-106.681227"><ele>3503.597656</ele><time>2026-04-11T17:55:45Z</time></rtept><rtept lat="37.43272" lon="-106.680889"><ele>3506.398438</ele><time>2026-04-11T17:55:45Z</time></rtept><rtept lat="37.432672" lon="-106.680788"><ele>3506.199219</ele><time>2026-04-11T17:55:45Z</time></rtept><rtept lat="37.432624" lon="-106.680654"><ele>3507.5</ele><time>2026-04-11T17:55:45Z</time></rtept><rtept lat="37.432595" lon="-106.680611"><ele>3507.199219</ele><time>2026-04-11T17:55:45Z</time></rtept><rtept lat="37.432482" lon="-106.68036"><ele>3505.296875</ele><time>2026-04-11T17:55:45Z</time></rtept><rtept lat="37.432397" lon="-106.680142"><ele>3507.296875</ele><time>2026-04-11T17:55:45Z</time></rtept><rtept lat="37.432351" lon="-106.680053"><ele>3507.398438</ele><time>2026-04-11T17:55:45Z</time></rtept><rtept lat="37.432334" lon="-106.67999"><ele>3508.097656</ele><time>2026-04-11T17:55:45Z</time></rtept><rtept lat="37.432305" lon="-106.679819"><ele>3511.199219</ele><time>2026-04-11T17:55:45Z</time></rtept><rtept lat="37.432277" lon="-106.679703"><ele>3512.296875</ele><time>2026-04-11T17:55:45Z</time></rtept><rtept lat="37.432258" lon="-106.679587"><ele>3513.796875</ele><time>2026-04-11T17:55:45Z</time></rtept><rtept lat="37.432257" lon="-106.679533"><ele>3515.398438</ele><time>2026-04-11T17:55:45Z</time></rtept><rtept lat="37.432225" lon="-106.679384"><ele>3517.398438</ele><time>2026-04-11T17:55:45Z</time></rtept><rtept lat="37.432207" lon="-106.679222"><ele>3520.097656</ele><time>2026-04-11T17:55:45Z</time></rtept><rtept lat="37.432167" lon="-106.679042"><ele>3521.898438</ele><time>2026-04-11T17:55:45Z</time></rtept><rtept lat="37.432159" lon="-106.678971"><ele>3522.796875</ele><time>2026-04-11T17:55:45Z</time></rtept><rtept lat="37.432133" lon="-106.678915"><ele>3522.097656</ele><time>2026-04-11T17:55:45Z</time></rtept><rtept lat="37.432118" lon="-106.678833"><ele>3523.699219</ele><time>2026-04-11T17:55:45Z</time></rtept><rtept lat="37.431745" lon="-106.677786"><ele>3534.199219</ele><time>2026-04-11T17:55:45Z</time></rtept><rtept lat="37.431719" lon="-106.677752"><ele>3534.097656</ele><time>2026-04-11T17:55:45Z</time></rtept><rtept lat="37.431697" lon="-106.67771"><ele>3534.5</ele><time>2026-04-11T17:55:45Z</time></rtept><rtept lat="37.431668" lon="-106.677676"><ele>3534.0</ele><time>2026-04-11T17:55:45Z</time></rtept><rtept lat="37.431627" lon="-106.677573"><ele>3535.199219</ele><time>2026-04-11T17:55:45Z</time></rtept><rtept lat="37.43161" lon="-106.677485"><ele>3536.398438</ele><time>2026-04-11T17:55:45Z</time></rtept><rtept lat="37.431564" lon="-106.677398"><ele>3535.597656</ele><time>2026-04-11T17:55:45Z</time></rtept><rtept lat="37.431529" lon="-106.677305"><ele>3535.597656</ele><time>2026-04-11T17:55:45Z</time></rtept><rtept lat="37.431495" lon="-106.677167"><ele>3537.597656</ele><time>2026-04-11T17:55:45Z</time></rtept><rtept lat="37.431487" lon="-106.677101"><ele>3539.296875</ele><time>2026-04-11T17:55:45Z</time></rtept><rtept lat="37.431391" lon="-106.6767"><ele>3545.597656</ele><time>2026-04-11T17:55:45Z</time></rtept><rtept lat="37.431348" lon="-106.676572"><ele>3548.296875</ele><time>2026-04-11T17:55:45Z</time></rtept><rtept lat="37.431269" lon="-106.676395"><ele>3551.597656</ele><time>2026-04-11T17:55:45Z</time></rtept><rtept lat="37.431232" lon="-106.676343"><ele>3552.398438</ele><time>2026-04-11T17:55:45Z</time></rtept><rtept lat="37.431212" lon="-106.676291"><ele>3553.898438</ele><time>2026-04-11T17:55:45Z</time></rtept><rtept lat="37.431188" lon="-106.676251"><ele>3554.898438</ele><time>2026-04-11T17:55:45Z</time></rtept><rtept lat="37.431108" lon="-106.676181"><ele>3555.0</ele><time>2026-04-11T17:55:45Z</time></rtept><rtept lat="37.430986" lon="-106.67605"><ele>3556.296875</ele><time>2026-04-11T17:55:45Z</time></rtept><rtept lat="37.430908" lon="-106.67598"><ele>3556.097656</ele><time>2026-04-11T17:55:45Z</time></rtept><rtept lat="37.430851" lon="-106.675883"><ele>3558.097656</ele><time>2026-04-11T17:55:45Z</time></rtept><rtept lat="37.430735" lon="-106.675767"><ele>3557.796875</ele><time>2026-04-11T17:55:45Z</time></rtept><rtept lat="37.430685" lon="-106.675659"><ele>3559.097656</ele><time>2026-04-11T17:55:45Z</time></rtept><rtept lat="37.430645" lon="-106.675617"><ele>3559.398438</ele><time>2026-04-11T17:55:45Z</time></rtept><rtept lat="37.430556" lon="-106.675547"><ele>3559.296875</ele><time>2026-04-11T17:55:45Z</time></rtept><rtept lat="37.430525" lon="-106.675493"><ele>3560.296875</ele><time>2026-04-11T17:55:45Z</time></rtept><rtept lat="37.430496" lon="-106.675337"><ele>3564.5</ele><time>2026-04-11T17:55:45Z</time></rtept><rtept lat="37.430465" lon="-106.675273"><ele>3566.0</ele><time>2026-04-11T17:55:45Z</time></rtept><rtept lat="37.430397" lon="-106.675159"><ele>3566.0</ele><time>2026-04-11T17:55:45Z</time></rtept><rtept lat="37.430347" lon="-106.675043"><ele>3566.597656</ele><time>2026-04-11T17:55:45Z</time></rtept><rtept lat="37.430446" lon="-106.674824"><ele>3569.398438</ele><time>2026-04-11T17:55:45Z</time></rtept><rtept lat="37.430506" lon="-106.67462"><ele>3571.0</ele><time>2026-04-11T17:55:45Z</time></rtept><rtept lat="37.430511" lon="-106.67456"><ele>3571.0</ele><time>2026-04-11T17:55:45Z</time></rtept><rtept lat="37.430542" lon="-106.674438"><ele>3571.597656</ele><time>2026-04-11T17:55:45Z</time></rtept><rtept lat="37.430591" lon="-106.674327"><ele>3572.199219</ele><time>2026-04-11T17:55:45Z</time></rtept><rtept lat="37.430743" lon="-106.674081"><ele>3574.199219</ele><time>2026-04-11T17:55:45Z</time></rtept><rtept lat="37.430843" lon="-106.673874"><ele>3574.5</ele><time>2026-04-11T17:55:45Z</time></rtept><rtept lat="37.43094" lon="-106.673745"><ele>3575.898438</ele><time>2026-04-11T17:55:45Z</time></rtept><rtept lat="37.431054" lon="-106.673609"><ele>3576.796875</ele><time>2026-04-11T17:55:45Z</time></rtept><rtept lat="37.431098" lon="-106.673536"><ele>3577.0</ele><time>2026-04-11T17:55:45Z</time></rtept><rtept lat="37.431138" lon="-106.673416"><ele>3576.898438</ele><time>2026-04-11T17:55:45Z</time></rtept><rtept lat="37.431189" lon="-106.673295"><ele>3576.898438</ele><time>2026-04-11T17:55:45Z</time></rtept><rtept lat="37.431221" lon="-106.673251"><ele>3577.0</ele><time>2026-04-11T17:55:45Z</time></rtept><rtept lat="37.431338" lon="-106.673151"><ele>3577.398438</ele><time>2026-04-11T17:55:45Z</time></rtept><rtept lat="37.431393" lon="-106.673041"><ele>3576.796875</ele><time>2026-04-11T17:55:45Z</time></rtept><rtept lat="37.431451" lon="-106.672946"><ele>3576.5</ele><time>2026-04-11T17:55:45Z</time></rtept><rtept lat="37.43154" lon="-106.672728"><ele>3575.898438</ele><time>2026-04-11T17:55:45Z</time></rtept><rtept lat="37.431667" lon="-106.672488"><ele>3578.097656</ele><time>2026-04-11T17:55:45Z</time></rtept><rtept lat="37.431716" lon="-106.672372"><ele>3579.199219</ele><time>2026-04-11T17:55:45Z</time></rtept><rtept lat="37.431719" lon="-106.672306"><ele>3579.097656</ele><time>2026-04-11T17:55:45Z</time></rtept><rtept lat="37.43169" lon="-106.672119"><ele>3577.5</ele><time>2026-04-11T17:55:45Z</time></rtept><rtept lat="37.431698" lon="-106.672039"><ele>3577.296875</ele><time>2026-04-11T17:55:45Z</time></rtept><rtept lat="37.431736" lon="-106.671925"><ele>3577.5</ele><time>2026-04-11T17:55:45Z</time></rtept><rtept lat="37.431833" lon="-106.671777"><ele>3578.097656</ele><time>2026-04-11T17:55:45Z</time></rtept><rtept lat="37.431878" lon="-106.671736"><ele>3578.296875</ele><time>2026-04-11T17:55:45Z</time></rtept><rtept lat="37.431911" lon="-106.671678"><ele>3577.898438</ele><time>2026-04-11T17:55:45Z</time></rtept><rtept lat="37.431982" lon="-106.671595"><ele>3577.398438</ele><time>2026-04-11T17:55:45Z</time></rtept><rtept lat="37.432016" lon="-106.671573"><ele>3577.398438</ele><time>2026-04-11T17:55:45Z</time></rtept><rtept lat="37.43205" lon="-106.671536"><ele>3577.296875</ele><time>2026-04-11T17:55:45Z</time></rtept><rtept lat="37.432082" lon="-106.67148"><ele>3577.0</ele><time>2026-04-11T17:55:45Z</time></rtept><rtept lat="37.432113" lon="-106.671369"><ele>3575.5</ele><time>2026-04-11T17:55:45Z</time></rtept><rtept lat="37.432112" lon="-106.671312"><ele>3574.398438</ele><time>2026-04-11T17:55:45Z</time></rtept><rtept lat="37.432086" lon="-106.671225"><ele>3573.097656</ele><time>2026-04-11T17:55:45Z</time></rtept><rtept lat="37.432077" lon="-106.671213"><ele>3572.699219</ele><time>2026-04-11T17:55:45Z</time></rtept><rtept lat="37.432042" lon="-106.671027"><ele>3569.5</ele><time>2026-04-11T17:55:45Z</time></rtept><rtept lat="37.432022" lon="-106.670977"><ele>3568.796875</ele><time>2026-04-11T17:55:45Z</time></rtept><rtept lat="37.432025" lon="-106.670925"><ele>3568.398438</ele><time>2026-04-11T17:55:45Z</time></rtept><rtept lat="37.432047" lon="-106.670828"><ele>3567.699219</ele><time>2026-04-11T17:55:45Z</time></rtept><rtept lat="37.432056" lon="-106.670809"><ele>3567.796875</ele><time>2026-04-11T17:55:45Z</time></rtept><rtept lat="37.432078" lon="-106.670669"><ele>3568.5</ele><time>2026-04-11T17:55:45Z</time></rtept><rtept lat="37.432105" lon="-106.670347"><ele>3571.199219</ele><time>2026-04-11T17:55:45Z</time></rtept><rtept lat="37.432124" lon="-106.670308"><ele>3571.597656</ele><time>2026-04-11T17:55:45Z</time></rtept><rtept lat="37.432177" lon="-106.670237"><ele>3572.296875</ele><time>2026-04-11T17:55:45Z</time></rtept><rtept lat="37.432198" lon="-106.67019"><ele>3572.796875</ele><time>2026-04-11T17:55:45Z</time></rtept><rtept lat="37.432212" lon="-106.670085"><ele>3573.699219</ele><time>2026-04-11T17:55:45Z</time></rtept><rtept lat="37.432264" lon="-106.669962"><ele>3574.097656</ele><time>2026-04-11T17:55:45Z</time></rtept><rtept lat="37.43228" lon="-106.669907"><ele>3573.5</ele><time>2026-04-11T17:55:45Z</time></rtept><rtept lat="37.432301" lon="-106.669761"><ele>3571.199219</ele><time>2026-04-11T17:55:45Z</time></rtept><rtept lat="37.432273" lon="-106.669633"><ele>3568.898438</ele><time>2026-04-11T17:55:45Z</time></rtept><rtept lat="37.432264" lon="-106.669475"><ele>3565.5</ele><time>2026-04-11T17:55:45Z</time></rtept><rtept lat="37.432242" lon="-106.669442"><ele>3564.898438</ele><time>2026-04-11T17:55:45Z</time></rtept><rtept lat="37.432217" lon="-106.669314"><ele>3565.296875</ele><time>2026-04-11T17:55:45Z</time></rtept><rtept lat="37.432164" lon="-106.669186"><ele>3566.5</ele><time>2026-04-11T17:55:45Z</time></rtept><rtept lat="37.432166" lon="-106.669102"><ele>3567.699219</ele><time>2026-04-11T17:55:45Z</time></rtept><rtept lat="37.432157" lon="-106.669051"><ele>3569.0</ele><time>2026-04-11T17:55:45Z</time></rtept><rtept lat="37.432151" lon="-106.669041"><ele>3569.398438</ele><time>2026-04-11T17:55:45Z</time></rtept><rtept lat="37.432143" lon="-106.668976"><ele>3571.0</ele><time>2026-04-11T17:55:45Z</time></rtept><rtept lat="37.432107" lon="-106.668923"><ele>3573.296875</ele><time>2026-04-11T17:55:45Z</time></rtept><rtept lat="37.432057" lon="-106.668815"><ele>3575.296875</ele><time>2026-04-11T17:55:45Z</time></rtept><rtept lat="37.43204" lon="-106.668758"><ele>3575.699219</ele><time>2026-04-11T17:55:45Z</time></rtept><rtept lat="37.432026" lon="-106.668742"><ele>3575.796875</ele><time>2026-04-11T17:55:45Z</time></rtept><rtept lat="37.432011" lon="-106.668707"><ele>3576.0</ele><time>2026-04-11T17:55:45Z</time></rtept><rtept lat="37.431959" lon="-106.668546"><ele>3577.296875</ele><time>2026-04-11T17:55:45Z</time></rtept><rtept lat="37.431933" lon="-106.668496"><ele>3577.597656</ele><time>2026-04-11T17:55:45Z</time></rtept><rtept lat="37.431886" lon="-106.668441"><ele>3578.0</ele><time>2026-04-11T17:55:45Z</time></rtept><rtept lat="37.431847" lon="-106.668357"><ele>3578.699219</ele><time>2026-04-11T17:55:45Z</time></rtept><rtept lat="37.431779" lon="-106.668259"><ele>3578.796875</ele><time>2026-04-11T17:55:45Z</time></rtept><rtept lat="37.431671" lon="-106.668048"><ele>3578.5</ele><time>2026-04-11T17:55:45Z</time></rtept><rtept lat="37.431665" lon="-106.667854"><ele>3578.898438</ele><time>2026-04-11T17:55:45Z</time></rtept><rtept lat="37.431639" lon="-106.667802"><ele>3579.0</ele><time>2026-04-11T17:55:45Z</time></rtept><rtept lat="37.431605" lon="-106.667766"><ele>3579.0</ele><time>2026-04-11T17:55:45Z</time></rtept><rtept lat="37.431558" lon="-106.667732"><ele>3579.199219</ele><time>2026-04-11T17:55:45Z</time></rtept><rtept lat="37.43151" lon="-106.667659"><ele>3579.199219</ele><time>2026-04-11T17:55:45Z</time></rtept><rtept lat="37.431497" lon="-106.667609"><ele>3579.199219</ele><time>2026-04-11T17:55:45Z</time></rtept><rtept lat="37.431442" lon="-106.667485"><ele>3579.097656</ele><time>2026-04-11T17:55:45Z</time></rtept><rtept lat="37.431425" lon="-106.667415"><ele>3578.898438</ele><time>2026-04-11T17:55:45Z</time></rtept><rtept lat="37.431405" lon="-106.667281"><ele>3579.097656</ele><time>2026-04-11T17:55:45Z</time></rtept><rtept lat="37.431404" lon="-106.667217"><ele>3579.097656</ele><time>2026-04-11T17:55:45Z</time></rtept><rtept lat="37.431393" lon="-106.667155"><ele>3579.097656</ele><time>2026-04-11T17:55:45Z</time></rtept><rtept lat="37.431338" lon="-106.667047"><ele>3579.097656</ele><time>2026-04-11T17:55:45Z</time></rtept><rtept lat="37.431335" lon="-106.666984"><ele>3579.199219</ele><time>2026-04-11T17:55:45Z</time></rtept><rtept lat="37.431342" lon="-106.666941"><ele>3579.296875</ele><time>2026-04-11T17:55:45Z</time></rtept><rtept lat="37.431333" lon="-106.666791"><ele>3579.296875</ele><time>2026-04-11T17:55:45Z</time></rtept><rtept lat="37.431338" lon="-106.666717"><ele>3579.296875</ele><time>2026-04-11T17:55:45Z</time></rtept><rtept lat="37.431335" lon="-106.666499"><ele>3579.097656</ele><time>2026-04-11T17:55:45Z</time></rtept><rtept lat="37.431323" lon="-106.666359"><ele>3579.0</ele><time>2026-04-11T17:55:45Z</time></rtept><rtept lat="37.431274" lon="-106.666153"><ele>3579.0</ele><time>2026-04-11T17:55:45Z</time></rtept><rtept lat="37.431226" lon="-106.665881"><ele>3579.796875</ele><time>2026-04-11T17:55:45Z</time></rtept><rtept lat="37.43123" lon="-106.665812"><ele>3579.898438</ele><time>2026-04-11T17:55:45Z</time></rtept><rtept lat="37.431219" lon="-106.66574"><ele>3579.898438</ele><time>2026-04-11T17:55:45Z</time></rtept><rtept lat="37.431217" lon="-106.665598"><ele>3580.0</ele><time>2026-04-11T17:55:45Z</time></rtept><rtept lat="37.431188" lon="-106.665408"><ele>3580.597656</ele><time>2026-04-11T17:55:45Z</time></rtept><rtept lat="37.431131" lon="-106.665286"><ele>3581.398438</ele><time>2026-04-11T17:55:45Z</time></rtept><rtept lat="37.431094" lon="-106.665017"><ele>3583.398438</ele><time>2026-04-11T17:55:45Z</time></rtept><rtept lat="37.431073" lon="-106.66495"><ele>3583.898438</ele><time>2026-04-11T17:55:45Z</time></rtept><rtept lat="37.43102" lon="-106.664842"><ele>3584.898438</ele><time>2026-04-11T17:55:45Z</time></rtept><rtept lat="37.431005" lon="-106.664781"><ele>3585.296875</ele><time>2026-04-11T17:55:45Z</time></rtept><rtept lat="37.430973" lon="-106.664699"><ele>3586.097656</ele><time>2026-04-11T17:55:45Z</time></rtept><rtept lat="37.430953" lon="-106.664632"><ele>3586.5</ele><time>2026-04-11T17:55:45Z</time></rtept><rtept lat="37.430925" lon="-106.664568"><ele>3586.796875</ele><time>2026-04-11T17:55:45Z</time></rtept><rtept lat="37.430903" lon="-106.664352"><ele>3587.898438</ele><time>2026-04-11T17:55:45Z</time></rtept><rtept lat="37.430903" lon="-106.664207"><ele>3588.5</ele><time>2026-04-11T17:55:45Z</time></rtept><rtept lat="37.430914" lon="-106.664069"><ele>3588.898438</ele><time>2026-04-11T17:55:45Z</time></rtept><rtept lat="37.430901" lon="-106.663994"><ele>3588.898438</ele><time>2026-04-11T17:55:45Z</time></rtept><rtept lat="37.43091" lon="-106.663846"><ele>3589.097656</ele><time>2026-04-11T17:55:45Z</time></rtept><rtept lat="37.430898" lon="-106.663779"><ele>3589.398438</ele><time>2026-04-11T17:55:45Z</time></rtept><rtept lat="37.430822" lon="-106.663519"><ele>3590.199219</ele><time>2026-04-11T17:55:45Z</time></rtept><rtept lat="37.430732" lon="-106.663348"><ele>3591.5</ele><time>2026-04-11T17:55:45Z</time></rtept><rtept lat="37.430675" lon="-106.663254"><ele>3592.296875</ele><time>2026-04-11T17:55:45Z</time></rtept><rtept lat="37.430625" lon="-106.66312"><ele>3593.097656</ele><time>2026-04-11T17:55:45Z</time></rtept><rtept lat="37.430615" lon="-106.663056"><ele>3593.5</ele><time>2026-04-11T17:55:45Z</time></rtept><rtept lat="37.430584" lon="-106.663009"><ele>3594.0</ele><time>2026-04-11T17:55:45Z</time></rtept><rtept lat="37.430537" lon="-106.66298"><ele>3594.597656</ele><time>2026-04-11T17:55:45Z</time></rtept><rtept lat="37.430508" lon="-106.662936"><ele>3595.199219</ele><time>2026-04-11T17:55:45Z</time></rtept><rtept lat="37.430466" lon="-106.662907"><ele>3595.898438</ele><time>2026-04-11T17:55:45Z</time></rtept><rtept lat="37.430442" lon="-106.662865"><ele>3596.699219</ele><time>2026-04-11T17:55:45Z</time></rtept><rtept lat="37.430364" lon="-106.662781"><ele>3598.0</ele><time>2026-04-11T17:55:45Z</time></rtept><rtept lat="37.430271" lon="-106.662658"><ele>3598.796875</ele><time>2026-04-11T17:55:45Z</time></rtept><rtept lat="37.430212" lon="-106.662558"><ele>3599.597656</ele><time>2026-04-11T17:55:45Z</time></rtept><rtept lat="37.43008" lon="-106.662294"><ele>3600.699219</ele><time>2026-04-11T17:55:45Z</time></rtept><rtept lat="37.429983" lon="-106.662145"><ele>3601.699219</ele><time>2026-04-11T17:55:45Z</time></rtept><rtept lat="37.429859" lon="-106.662025"><ele>3603.097656</ele><time>2026-04-11T17:55:45Z</time></rtept><rtept lat="37.429647" lon="-106.661855"><ele>3604.5</ele><time>2026-04-11T17:55:45Z</time></rtept><rtept lat="37.429538" lon="-106.661733"><ele>3605.699219</ele><time>2026-04-11T17:55:45Z</time></rtept><rtept lat="37.429475" lon="-106.661633"><ele>3606.796875</ele><time>2026-04-11T17:55:45Z</time></rtept><rtept lat="37.429422" lon="-106.661516"><ele>3608.199219</ele><time>2026-04-11T17:55:45Z</time></rtept><rtept lat="37.42936" lon="-106.661412"><ele>3609.796875</ele><time>2026-04-11T17:55:45Z</time></rtept><rtept lat="37.429184" lon="-106.661262"><ele>3610.5</ele><time>2026-04-11T17:55:45Z</time></rtept><rtept lat="37.429149" lon="-106.661222"><ele>3610.699219</ele><time>2026-04-11T17:55:45Z</time></rtept><rtept lat="37.429109" lon="-106.661194"><ele>3610.699219</ele><time>2026-04-11T17:55:45Z</time></rtept><rtept lat="37.429057" lon="-106.661181"><ele>3610.5</ele><time>2026-04-11T17:55:45Z</time></rtept><rtept lat="37.428963" lon="-106.661139"><ele>3610.398438</ele><time>2026-04-11T17:55:45Z</time></rtept><rtept lat="37.428918" lon="-106.661111"><ele>3610.597656</ele><time>2026-04-11T17:55:45Z</time></rtept><rtept lat="37.428881" lon="-106.661077"><ele>3610.898438</ele><time>2026-04-11T17:55:45Z</time></rtept><rtept lat="37.428824" lon="-106.66096"><ele>3612.0</ele><time>2026-04-11T17:55:45Z</time></rtept><rtept lat="37.428722" lon="-106.660798"><ele>3613.296875</ele><time>2026-04-11T17:55:45Z</time></rtept><rtept lat="37.428624" lon="-106.660728"><ele>3613.398438</ele><time>2026-04-11T17:55:45Z</time></rtept><rtept lat="37.428533" lon="-106.66065"><ele>3613.5</ele><time>2026-04-11T17:55:45Z</time></rtept><rtept lat="37.4285" lon="-106.660598"><ele>3613.796875</ele><time>2026-04-11T17:55:45Z</time></rtept><rtept lat="37.428457" lon="-106.660567"><ele>3613.796875</ele><time>2026-04-11T17:55:45Z</time></rtept><rtept lat="37.428291" lon="-106.660393"><ele>3614.5</ele><time>2026-04-11T17:55:45Z</time></rtept><rtept lat="37.42826" lon="-106.66034"><ele>3614.796875</ele><time>2026-04-11T17:55:45Z</time></rtept><rtept lat="37.428214" lon="-106.66023"><ele>3615.597656</ele><time>2026-04-11T17:55:45Z</time></rtept><rtept lat="37.428177" lon="-106.660186"><ele>3615.898438</ele><time>2026-04-11T17:55:45Z</time></rtept><rtept lat="37.428115" lon="-106.66009"><ele>3616.796875</ele><time>2026-04-11T17:55:45Z</time></rtept><rtept lat="37.428067" lon="-106.65998"><ele>3617.699219</ele><time>2026-04-11T17:55:45Z</time></rtept><rtept lat="37.428017" lon="-106.659818"><ele>3618.398438</ele><time>2026-04-11T17:55:45Z</time></rtept><rtept lat="37.427943" lon="-106.65968"><ele>3619.398438</ele><time>2026-04-11T17:55:45Z</time></rtept><rtept lat="37.427865" lon="-106.659602"><ele>3620.398438</ele><time>2026-04-11T17:55:45Z</time></rtept><rtept lat="37.42781" lon="-106.65951"><ele>3621.597656</ele><time>2026-04-11T17:55:45Z</time></rtept><rtept lat="37.427735" lon="-106.659414"><ele>3622.699219</ele><time>2026-04-11T17:55:45Z</time></rtept><rtept lat="37.427652" lon="-106.659332"><ele>3623.0</ele><time>2026-04-11T17:55:45Z</time></rtept><rtept lat="37.427619" lon="-106.659282"><ele>3622.796875</ele><time>2026-04-11T17:55:45Z</time></rtept><rtept lat="37.427595" lon="-106.659228"><ele>3622.398438</ele><time>2026-04-11T17:55:45Z</time></rtept><rtept lat="37.427487" lon="-106.659095"><ele>3621.597656</ele><time>2026-04-11T17:55:45Z</time></rtept><rtept lat="37.42746" lon="-106.659039"><ele>3621.5</ele><time>2026-04-11T17:55:45Z</time></rtept><rtept lat="37.427427" lon="-106.65899"><ele>3621.398438</ele><time>2026-04-11T17:55:45Z</time></rtept><rtept lat="37.427406" lon="-106.658928"><ele>3621.398438</ele><time>2026-04-11T17:55:45Z</time></rtept><rtept lat="37.427375" lon="-106.658872"><ele>3621.199219</ele><time>2026-04-11T17:55:45Z</time></rtept><rtept lat="37.427304" lon="-106.658772"><ele>3620.398438</ele><time>2026-04-11T17:55:45Z</time></rtept><rtept lat="37.427241" lon="-106.658653"><ele>3620.097656</ele><time>2026-04-11T17:55:45Z</time></rtept><rtept lat="37.427144" lon="-106.658496"><ele>3620.097656</ele><time>2026-04-11T17:55:45Z</time></rtept><rtept lat="37.427044" lon="-106.658362"><ele>3620.5</ele><time>2026-04-11T17:55:45Z</time></rtept><rtept lat="37.426953" lon="-106.658253"><ele>3620.296875</ele><time>2026-04-11T17:55:45Z</time></rtept><rtept lat="37.426925" lon="-106.658198"><ele>3620.296875</ele><time>2026-04-11T17:55:45Z</time></rtept><rtept lat="37.426887" lon="-106.658149"><ele>3620.296875</ele><time>2026-04-11T17:55:45Z</time></rtept><rtept lat="37.426807" lon="-106.658063"><ele>3620.0</ele><time>2026-04-11T17:55:45Z</time></rtept><rtept lat="37.426698" lon="-106.657968"><ele>3619.398438</ele><time>2026-04-11T17:55:45Z</time></rtept><rtept lat="37.426612" lon="-106.657859"><ele>3619.097656</ele><time>2026-04-11T17:55:45Z</time></rtept><rtept lat="37.426569" lon="-106.657844"><ele>3619.0</ele><time>2026-04-11T17:55:45Z</time></rtept><rtept lat="37.4264" lon="-106.657823"><ele>3619.5</ele><time>2026-04-11T17:55:45Z</time></rtept><rtept lat="37.426349" lon="-106.657799"><ele>3619.597656</ele><time>2026-04-11T17:55:45Z</time></rtept><rtept lat="37.426299" lon="-106.657787"><ele>3619.796875</ele><time>2026-04-11T17:55:45Z</time></rtept><rtept lat="37.426103" lon="-106.65781"><ele>3621.0</ele><time>2026-04-11T17:55:45Z</time></rtept><rtept lat="37.426058" lon="-106.657807"><ele>3621.296875</ele><time>2026-04-11T17:55:45Z</time></rtept><rtept lat="37.426025" lon="-106.657793"><ele>3621.5</ele><time>2026-04-11T17:55:45Z</time></rtept><rtept lat="37.425884" lon="-106.657712"><ele>3623.0</ele><time>2026-04-11T17:55:45Z</time></rtept><rtept lat="37.425854" lon="-106.657703"><ele>3623.296875</ele><time>2026-04-11T17:55:45Z</time></rtept><rtept lat="37.425596" lon="-106.657511"><ele>3628.296875</ele><time>2026-04-11T17:55:45Z</time></rtept><rtept lat="37.425556" lon="-106.657473"><ele>3629.398438</ele><time>2026-04-11T17:55:45Z</time></rtept><rtept lat="37.425523" lon="-106.657421"><ele>3630.296875</ele><time>2026-04-11T17:55:45Z</time></rtept><rtept lat="37.425452" lon="-106.657339"><ele>3631.699219</ele><time>2026-04-11T17:55:45Z</time></rtept><rtept lat="37.425423" lon="-106.657275"><ele>3632.097656</ele><time>2026-04-11T17:55:45Z</time></rtept><rtept lat="37.425331" lon="-106.657127"><ele>3632.296875</ele><time>2026-04-11T17:55:45Z</time></rtept><rtept lat="37.425279" lon="-106.657099"><ele>3632.597656</ele><time>2026-04-11T17:55:45Z</time></rtept><rtept lat="37.425255" lon="-106.657067"><ele>3632.597656</ele><time>2026-04-11T17:55:45Z</time></rtept><rtept lat="37.425224" lon="-106.657045"><ele>3633.0</ele><time>2026-04-11T17:55:45Z</time></rtept><rtept lat="37.425091" lon="-106.657044"><ele>3634.0</ele><time>2026-04-11T17:55:45Z</time></rtept><rtept lat="37.425048" lon="-106.65705"><ele>3634.097656</ele><time>2026-04-11T17:55:45Z</time></rtept><rtept lat="37.42496" lon="-106.657029"><ele>3634.0</ele><time>2026-04-11T17:55:45Z</time></rtept><rtept lat="37.424913" lon="-106.656997"><ele>3633.898438</ele><time>2026-04-11T17:55:45Z</time></rtept><rtept lat="37.424864" lon="-106.65698"><ele>3634.0</ele><time>2026-04-11T17:55:45Z</time></rtept><rtept lat="37.424758" lon="-106.656977"><ele>3633.398438</ele><time>2026-04-11T17:55:45Z</time></rtept><rtept lat="37.424651" lon="-106.656955"><ele>3633.0</ele><time>2026-04-11T17:55:45Z</time></rtept><rtept lat="37.424543" lon="-106.65692"><ele>3633.199219</ele><time>2026-04-11T17:55:45Z</time></rtept><rtept lat="37.424447" lon="-106.656851"><ele>3634.0</ele><time>2026-04-11T17:55:45Z</time></rtept><rtept lat="37.42434" lon="-106.656741"><ele>3634.898438</ele><time>2026-04-11T17:55:45Z</time></rtept><rtept lat="37.424279" lon="-106.656678"><ele>3635.398438</ele><time>2026-04-11T17:55:45Z</time></rtept><rtept lat="37.42421" lon="-106.65665"><ele>3635.296875</ele><time>2026-04-11T17:55:45Z</time></rtept><rtept lat="37.424156" lon="-106.656603"><ele>3635.398438</ele><time>2026-04-11T17:55:45Z</time></rtept><rtept lat="37.424069" lon="-106.656583"><ele>3634.097656</ele><time>2026-04-11T17:55:45Z</time></rtept><rtept lat="37.424028" lon="-106.656585"><ele>3633.296875</ele><time>2026-04-11T17:55:45Z</time></rtept><rtept lat="37.423975" lon="-106.656614"><ele>3634.0</ele><time>2026-04-11T17:55:45Z</time></rtept><rtept lat="37.423934" lon="-106.656659"><ele>3634.398438</ele><time>2026-04-11T17:55:45Z</time></rtept><rtept lat="37.423884" lon="-106.656742"><ele>3633.597656</ele><time>2026-04-11T17:55:45Z</time></rtept><rtept lat="37.423838" lon="-106.656799"><ele>3633.0</ele><time>2026-04-11T17:55:45Z</time></rtept><rtept lat="37.42374" lon="-106.656822"><ele>3634.296875</ele><time>2026-04-11T17:55:45Z</time></rtept><rtept lat="37.423573" lon="-106.656805"><ele>3636.0</ele><time>2026-04-11T17:55:45Z</time></rtept><rtept lat="37.42333" lon="-106.656785"><ele>3638.796875</ele><time>2026-04-11T17:55:45Z</time></rtept><rtept lat="37.423175" lon="-106.656629"><ele>3642.699219</ele><time>2026-04-11T17:55:45Z</time></rtept><rtept lat="37.423125" lon="-106.656605"><ele>3643.199219</ele><time>2026-04-11T17:55:45Z</time></rtept><rtept lat="37.422977" lon="-106.656612"><ele>3643.597656</ele><time>2026-04-11T17:55:45Z</time></rtept><rtept lat="37.42294" lon="-106.656609"><ele>3643.699219</ele><time>2026-04-11T17:55:45Z</time></rtept><rtept lat="37.422887" lon="-106.656591"><ele>3644.097656</ele><time>2026-04-11T17:55:45Z</time></rtept><rtept lat="37.422772" lon="-106.656544"><ele>3644.398438</ele><time>2026-04-11T17:55:45Z</time></rtept><rtept lat="37.422641" lon="-106.656476"><ele>3644.0</ele><time>2026-04-11T17:55:45Z</time></rtept><rtept lat="37.422551" lon="-106.656416"><ele>3642.199219</ele><time>2026-04-11T17:55:45Z</time></rtept><rtept lat="37.42239" lon="-106.656364"><ele>3638.199219</ele><time>2026-04-11T17:55:45Z</time></rtept><rtept lat="37.422332" lon="-106.656325"><ele>3637.097656</ele><time>2026-04-11T17:55:45Z</time></rtept><rtept lat="37.422296" lon="-106.656279"><ele>3636.898438</ele><time>2026-04-11T17:55:45Z</time></rtept><rtept lat="37.422215" lon="-106.65614"><ele>3635.199219</ele><time>2026-04-11T17:55:45Z</time></rtept><rtept lat="37.422195" lon="-106.656094"><ele>3634.796875</ele><time>2026-04-11T17:55:45Z</time></rtept><rtept lat="37.422159" lon="-106.655933"><ele>3635.296875</ele><time>2026-04-11T17:55:45Z</time></rtept><rtept lat="37.422158" lon="-106.655881"><ele>3636.0</ele><time>2026-04-11T17:55:45Z</time></rtept><rtept lat="37.422149" lon="-106.655836"><ele>3636.0</ele><time>2026-04-11T17:55:45Z</time></rtept><rtept lat="37.422157" lon="-106.655606"><ele>3639.5</ele><time>2026-04-11T17:55:45Z</time></rtept><rtept lat="37.422147" lon="-106.655501"><ele>3640.0</ele><time>2026-04-11T17:55:45Z</time></rtept><rtept lat="37.422146" lon="-106.65529"><ele>3641.296875</ele><time>2026-04-11T17:55:45Z</time></rtept><rtept lat="37.42212" lon="-106.655165"><ele>3640.296875</ele><time>2026-04-11T17:55:45Z</time></rtept><rtept lat="37.422099" lon="-106.655106"><ele>3639.5</ele><time>2026-04-11T17:55:45Z</time></rtept><rtept lat="37.422043" lon="-106.655025"><ele>3637.199219</ele><time>2026-04-11T17:55:45Z</time></rtept><rtept lat="37.422004" lon="-106.654944"><ele>3636.199219</ele><time>2026-04-11T17:55:45Z</time></rtept><rtept lat="37.421874" lon="-106.654723"><ele>3632.0</ele><time>2026-04-11T17:55:45Z</time></rtept><rtept lat="37.421786" lon="-106.653587"><ele>3625.5</ele><time>2026-04-11T17:55:45Z</time></rtept><rtept lat="37.421796" lon="-106.653518"><ele>3625.5</ele><time>2026-04-11T17:55:45Z</time></rtept><rtept lat="37.421801" lon="-106.653373"><ele>3625.0</ele><time>2026-04-11T17:55:45Z</time></rtept><rtept lat="37.421788" lon="-106.653176"><ele>3624.597656</ele><time>2026-04-11T17:55:45Z</time></rtept><rtept lat="37.421791" lon="-106.653116"><ele>3624.597656</ele><time>2026-04-11T17:55:45Z</time></rtept><rtept lat="37.421783" lon="-106.652888"><ele>3623.296875</ele><time>2026-04-11T17:55:45Z</time></rtept><rtept lat="37.421773" lon="-106.652784"><ele>3622.5</ele><time>2026-04-11T17:55:45Z</time></rtept><rtept lat="37.42176" lon="-106.652721"><ele>3623.296875</ele><time>2026-04-11T17:55:45Z</time></rtept><rtept lat="37.421719" lon="-106.652592"><ele>3624.898438</ele><time>2026-04-11T17:55:45Z</time></rtept><rtept lat="37.421689" lon="-106.652469"><ele>3626.398438</ele><time>2026-04-11T17:55:45Z</time></rtept><rtept lat="37.421686" lon="-106.652406"><ele>3627.296875</ele><time>2026-04-11T17:55:45Z</time></rtept><rtept lat="37.421696" lon="-106.652345"><ele>3628.398438</ele><time>2026-04-11T17:55:45Z</time></rtept><rtept lat="37.421697" lon="-106.652115"><ele>3628.5</ele><time>2026-04-11T17:55:45Z</time></rtept><rtept lat="37.421685" lon="-106.651997"><ele>3626.0</ele><time>2026-04-11T17:55:45Z</time></rtept><rtept lat="37.421649" lon="-106.65183"><ele>3623.097656</ele><time>2026-04-11T17:55:45Z</time></rtept><rtept lat="37.421657" lon="-106.65171"><ele>3621.199219</ele><time>2026-04-11T17:55:45Z</time></rtept><rtept lat="37.421654" lon="-106.651596"><ele>3619.699219</ele><time>2026-04-11T17:55:45Z</time></rtept><rtept lat="37.421644" lon="-106.651539"><ele>3619.0</ele><time>2026-04-11T17:55:45Z</time></rtept><rtept lat="37.421611" lon="-106.651464"><ele>3618.296875</ele><time>2026-04-11T17:55:45Z</time></rtept><rtept lat="37.421508" lon="-106.651389"><ele>3618.0</ele><time>2026-04-11T17:55:45Z</time></rtept><rtept lat="37.421445" lon="-106.651349"><ele>3617.597656</ele><time>2026-04-11T17:55:45Z</time></rtept><rtept lat="37.421343" lon="-106.6513"><ele>3617.296875</ele><time>2026-04-11T17:55:45Z</time></rtept><rtept lat="37.421248" lon="-106.651273"><ele>3617.097656</ele><time>2026-04-11T17:55:45Z</time></rtept><rtept lat="37.421135" lon="-106.651245"><ele>3616.199219</ele><time>2026-04-11T17:55:45Z</time></rtept><rtept lat="37.421011" lon="-106.651233"><ele>3615.296875</ele><time>2026-04-11T17:55:45Z</time></rtept><rtept lat="37.420897" lon="-106.651239"><ele>3613.796875</ele><time>2026-04-11T17:55:45Z</time></rtept><rtept lat="37.420741" lon="-106.651212"><ele>3611.398438</ele><time>2026-04-11T17:55:45Z</time></rtept><rtept lat="37.420567" lon="-106.651195"><ele>3609.597656</ele><time>2026-04-11T17:55:45Z</time></rtept><rtept lat="37.420372" lon="-106.651142"><ele>3608.296875</ele><time>2026-04-11T17:55:45Z</time></rtept><rtept lat="37.420255" lon="-106.651055"><ele>3607.5</ele><time>2026-04-11T17:55:45Z</time></rtept><rtept lat="37.419991" lon="-106.650916"><ele>3605.097656</ele><time>2026-04-11T17:55:45Z</time></rtept><rtept lat="37.419846" lon="-106.650825"><ele>3603.898438</ele><time>2026-04-11T17:55:45Z</time></rtept><rtept lat="37.41976" lon="-106.650732"><ele>3604.0</ele><time>2026-04-11T17:55:45Z</time></rtept><rtept lat="37.419624" lon="-106.650635"><ele>3603.5</ele><time>2026-04-11T17:55:45Z</time></rtept><rtept lat="37.419197" lon="-106.650464"><ele>3602.898438</ele><time>2026-04-11T17:55:45Z</time></rtept><rtept lat="37.418811" lon="-106.650185"><ele>3602.597656</ele><time>2026-04-11T17:55:45Z</time></rtept><rtept lat="37.418686" lon="-106.650106"><ele>3602.796875</ele><time>2026-04-11T17:55:45Z</time></rtept><rtept lat="37.418592" lon="-106.650067"><ele>3602.296875</ele><time>2026-04-11T17:55:45Z</time></rtept><rtept lat="37.418505" lon="-106.650035"><ele>3601.796875</ele><time>2026-04-11T17:55:45Z</time></rtept><rtept lat="37.418393" lon="-106.649978"><ele>3602.0</ele><time>2026-04-11T17:55:45Z</time></rtept><rtept lat="37.418286" lon="-106.649911"><ele>3602.5</ele><time>2026-04-11T17:55:45Z</time></rtept><rtept lat="37.418163" lon="-106.649773"><ele>3603.199219</ele><time>2026-04-11T17:55:45Z</time></rtept><rtept lat="37.418083" lon="-106.649683"><ele>3603.699219</ele><time>2026-04-11T17:55:45Z</time></rtept><rtept lat="37.417945" lon="-106.649522"><ele>3604.5</ele><time>2026-04-11T17:55:45Z</time></rtept><rtept lat="37.417761" lon="-106.649365"><ele>3603.597656</ele><time>2026-04-11T17:55:45Z</time></rtept><rtept lat="37.417592" lon="-106.64921"><ele>3602.5</ele><time>2026-04-11T17:55:45Z</time></rtept><rtept lat="37.41744" lon="-106.649107"><ele>3601.597656</ele><time>2026-04-11T17:55:45Z</time></rtept><rtept lat="37.417283" lon="-106.648987"><ele>3600.398438</ele><time>2026-04-11T17:55:45Z</time></rtept><rtept lat="37.417145" lon="-106.648889"><ele>3599.5</ele><time>2026-04-11T17:55:45Z</time></rtept><rtept lat="37.417039" lon="-106.648789"><ele>3598.296875</ele><time>2026-04-11T17:55:45Z</time></rtept><rtept lat="37.416749" lon="-106.648521"><ele>3596.699219</ele><time>2026-04-11T17:55:45Z</time></rtept><rtept lat="37.416723" lon="-106.648422"><ele>3596.5</ele><time>2026-04-11T17:55:45Z</time></rtept><rtept lat="37.416526" lon="-106.648347"><ele>3597.0</ele><time>2026-04-11T17:55:45Z</time></rtept><rtept lat="37.416394" lon="-106.648247"><ele>3598.199219</ele><time>2026-04-11T17:55:45Z</time></rtept><rtept lat="37.416331" lon="-106.648091"><ele>3598.296875</ele><time>2026-04-11T17:55:45Z</time></rtept><rtept lat="37.41633" lon="-106.648046"><ele>3598.097656</ele><time>2026-04-11T17:55:45Z</time></rtept><rtept lat="37.416315" lon="-106.647995"><ele>3598.0</ele><time>2026-04-11T17:55:45Z</time></rtept><rtept lat="37.416262" lon="-106.647913"><ele>3597.898438</ele><time>2026-04-11T17:55:45Z</time></rtept><rtept lat="37.416092" lon="-106.647818"><ele>3600.199219</ele><time>2026-04-11T17:55:45Z</time></rtept><rtept lat="37.416094" lon="-106.647808"><ele>3600.0</ele><time>2026-04-11T17:55:45Z</time></rtept><rtept lat="37.416057" lon="-106.647706"><ele>3599.0</ele><time>2026-04-11T17:55:45Z</time></rtept><rtept lat="37.415993" lon="-106.647614"><ele>3598.398438</ele><time>2026-04-11T17:55:45Z</time></rtept><rtept lat="37.415955" lon="-106.647574"><ele>3598.5</ele><time>2026-04-11T17:55:45Z</time></rtept><rtept lat="37.415902" lon="-106.647528"><ele>3598.898438</ele><time>2026-04-11T17:55:45Z</time></rtept><rtept lat="37.41567" lon="-106.647379"><ele>3600.597656</ele><time>2026-04-11T17:55:45Z</time></rtept><rtept lat="37.415627" lon="-106.64736"><ele>3601.296875</ele><time>2026-04-11T17:55:45Z</time></rtept><rtept lat="37.415496" lon="-106.647263"><ele>3601.796875</ele><time>2026-04-11T17:55:45Z</time></rtept><rtept lat="37.415456" lon="-106.647222"><ele>3601.199219</ele><time>2026-04-11T17:55:45Z</time></rtept><rtept lat="37.415436" lon="-106.647171"><ele>3600.898438</ele><time>2026-04-11T17:55:45Z</time></rtept><rtept lat="37.415338" lon="-106.647093"><ele>3602.398438</ele><time>2026-04-11T17:55:45Z</time></rtept><rtept lat="37.415274" lon="-106.647002"><ele>3603.097656</ele><time>2026-04-11T17:55:45Z</time></rtept><rtept lat="37.41497" lon="-106.646792"><ele>3606.398438</ele><time>2026-04-11T17:55:45Z</time></rtept><rtept lat="37.41485" lon="-106.646675"><ele>3606.0</ele><time>2026-04-11T17:55:45Z</time></rtept><rtept lat="37.414635" lon="-106.646606"><ele>3602.699219</ele><time>2026-04-11T17:55:45Z</time></rtept><rtept lat="37.414514" lon="-106.646587"><ele>3600.597656</ele><time>2026-04-11T17:55:45Z</time></rtept><rtept lat="37.414478" lon="-106.646553"><ele>3599.699219</ele><time>2026-04-11T17:55:45Z</time></rtept><rtept lat="37.414439" lon="-106.646424"><ele>3598.199219</ele><time>2026-04-11T17:55:45Z</time></rtept><rtept lat="37.414382" lon="-106.646331"><ele>3597.296875</ele><time>2026-04-11T17:55:45Z</time></rtept><rtept lat="37.414326" lon="-106.646145"><ele>3596.296875</ele><time>2026-04-11T17:55:45Z</time></rtept><rtept lat="37.414284" lon="-106.646083"><ele>3595.597656</ele><time>2026-04-11T17:55:45Z</time></rtept><rtept lat="37.41426" lon="-106.645999"><ele>3595.0</ele><time>2026-04-11T17:55:45Z</time></rtept><rtept lat="37.41418" lon="-106.645967"><ele>3594.5</ele><time>2026-04-11T17:55:45Z</time></rtept><rtept lat="37.414103" lon="-106.645842"><ele>3594.0</ele><time>2026-04-11T17:55:45Z</time></rtept><rtept lat="37.414032" lon="-106.645769"><ele>3594.0</ele><time>2026-04-11T17:55:45Z</time></rtept><rtept lat="37.413985" lon="-106.645737"><ele>3593.898438</ele><time>2026-04-11T17:55:45Z</time></rtept><rtept lat="37.413976" lon="-106.645692"><ele>3594.0</ele><time>2026-04-11T17:55:45Z</time></rtept><rtept lat="37.413862" lon="-106.645625"><ele>3594.296875</ele><time>2026-04-11T17:55:45Z</time></rtept><rtept lat="37.41371" lon="-106.645519"><ele>3595.0</ele><time>2026-04-11T17:55:45Z</time></rtept><rtept lat="37.413566" lon="-106.645368"><ele>3595.898438</ele><time>2026-04-11T17:55:45Z</time></rtept><rtept lat="37.413358" lon="-106.645238"><ele>3596.597656</ele><time>2026-04-11T17:55:45Z</time></rtept><rtept lat="37.413309" lon="-106.645229"><ele>3596.296875</ele><time>2026-04-11T17:55:45Z</time></rtept><rtept lat="37.413255" lon="-106.645188"><ele>3596.398438</ele><time>2026-04-11T17:55:45Z</time></rtept><rtept lat="37.413204" lon="-106.645172"><ele>3596.199219</ele><time>2026-04-11T17:55:45Z</time></rtept><rtept lat="37.412882" lon="-106.644948"><ele>3594.0</ele><time>2026-04-11T17:55:45Z</time></rtept><rtept lat="37.412811" lon="-106.644872"><ele>3593.898438</ele><time>2026-04-11T17:55:45Z</time></rtept><rtept lat="37.412765" lon="-106.64484"><ele>3593.597656</ele><time>2026-04-11T17:55:45Z</time></rtept><rtept lat="37.412598" lon="-106.644643"><ele>3592.898438</ele><time>2026-04-11T17:55:45Z</time></rtept><rtept lat="37.412391" lon="-106.644297"><ele>3591.597656</ele><time>2026-04-11T17:55:45Z</time></rtept><rtept lat="37.412305" lon="-106.644196"><ele>3591.0</ele><time>2026-04-11T17:55:45Z</time></rtept><rtept lat="37.412258" lon="-106.644155"><ele>3590.597656</ele><time>2026-04-11T17:55:45Z</time></rtept><rtept lat="37.412156" lon="-106.644075"><ele>3590.296875</ele><time>2026-04-11T17:55:45Z</time></rtept><rtept lat="37.412001" lon="-106.643974"><ele>3590.398438</ele><time>2026-04-11T17:55:45Z</time></rtept><rtept lat="37.411943" lon="-106.643945"><ele>3590.296875</ele><time>2026-04-11T17:55:45Z</time></rtept><rtept lat="37.411885" lon="-106.643932"><ele>3590.199219</ele><time>2026-04-11T17:55:45Z</time></rtept><rtept lat="37.411784" lon="-106.643866"><ele>3590.199219</ele><time>2026-04-11T17:55:45Z</time></rtept><rtept lat="37.411731" lon="-106.643844"><ele>3590.398438</ele><time>2026-04-11T17:55:45Z</time></rtept><rtept lat="37.411724" lon="-106.643834"><ele>3590.5</ele><time>2026-04-11T17:55:45Z</time></rtept><rtept lat="37.411692" lon="-106.643841"><ele>3590.597656</ele><time>2026-04-11T17:55:45Z</time></rtept><rtept lat="37.411594" lon="-106.643784"><ele>3591.199219</ele><time>2026-04-11T17:55:45Z</time></rtept><rtept lat="37.411408" lon="-106.643714"><ele>3592.898438</ele><time>2026-04-11T17:55:45Z</time></rtept><rtept lat="37.41135" lon="-106.643672"><ele>3593.699219</ele><time>2026-04-11T17:55:45Z</time></rtept><rtept lat="37.411288" lon="-106.643591"><ele>3594.597656</ele><time>2026-04-11T17:55:45Z</time></rtept><rtept lat="37.411201" lon="-106.643554"><ele>3595.796875</ele><time>2026-04-11T17:55:45Z</time></rtept><rtept lat="37.411142" lon="-106.643432"><ele>3596.796875</ele><time>2026-04-11T17:55:45Z</time></rtept><rtept lat="37.411061" lon="-106.643356"><ele>3598.398438</ele><time>2026-04-11T17:55:45Z</time></rtept><rtept lat="37.410882" lon="-106.64316"><ele>3599.898438</ele><time>2026-04-11T17:55:45Z</time></rtept><rtept lat="37.410792" lon="-106.643116"><ele>3600.398438</ele><time>2026-04-11T17:55:45Z</time></rtept><rtept lat="37.410678" lon="-106.64309"><ele>3601.0</ele><time>2026-04-11T17:55:45Z</time></rtept><rtept lat="37.410633" lon="-106.643088"><ele>3601.0</ele><time>2026-04-11T17:55:45Z</time></rtept><rtept lat="37.410583" lon="-106.643069"><ele>3601.0</ele><time>2026-04-11T17:55:45Z</time></rtept><rtept lat="37.410528" lon="-106.643026"><ele>3600.898438</ele><time>2026-04-11T17:55:45Z</time></rtept><rtept lat="37.410474" lon="-106.642999"><ele>3600.898438</ele><time>2026-04-11T17:55:45Z</time></rtept><rtept lat="37.410291" lon="-106.642846"><ele>3600.5</ele><time>2026-04-11T17:55:45Z</time></rtept><rtept lat="37.410146" lon="-106.642744"><ele>3599.898438</ele><time>2026-04-11T17:55:45Z</time></rtept><rtept lat="37.410097" lon="-106.642713"><ele>3599.398438</ele><time>2026-04-11T17:55:45Z</time></rtept><rtept lat="37.409986" lon="-106.642667"><ele>3598.398438</ele><time>2026-04-11T17:55:45Z</time></rtept><rtept lat="37.409931" lon="-106.642655"><ele>3598.0</ele><time>2026-04-11T17:55:45Z</time></rtept><rtept lat="37.409825" lon="-106.642589"><ele>3597.097656</ele><time>2026-04-11T17:55:45Z</time></rtept><rtept lat="37.409754" lon="-106.642511"><ele>3595.898438</ele><time>2026-04-11T17:55:45Z</time></rtept><rtept lat="37.40968" lon="-106.642416"><ele>3594.597656</ele><time>2026-04-11T17:55:45Z</time></rtept><rtept lat="37.409617" lon="-106.642336"><ele>3593.597656</ele><time>2026-04-11T17:55:45Z</time></rtept><rtept lat="37.409542" lon="-106.64229"><ele>3592.5</ele><time>2026-04-11T17:55:45Z</time></rtept><rtept lat="37.409427" lon="-106.642249"><ele>3591.199219</ele><time>2026-04-11T17:55:45Z</time></rtept><rtept lat="37.409238" lon="-106.642232"><ele>3589.699219</ele><time>2026-04-11T17:55:45Z</time></rtept><rtept lat="37.408951" lon="-106.642298"><ele>3588.597656</ele><time>2026-04-11T17:55:45Z</time></rtept><rtept lat="37.408846" lon="-106.642348"><ele>3588.296875</ele><time>2026-04-11T17:55:45Z</time></rtept><rtept lat="37.408767" lon="-106.642416"><ele>3587.398438</ele><time>2026-04-11T17:55:45Z</time></rtept><rtept lat="37.408694" lon="-106.642492"><ele>3587.0</ele><time>2026-04-11T17:55:45Z</time></rtept><rtept lat="37.408611" lon="-106.642641"><ele>3587.0</ele><time>2026-04-11T17:55:45Z</time></rtept><rtept lat="37.408586" lon="-106.642809"><ele>3586.0</ele><time>2026-04-11T17:55:45Z</time></rtept><rtept lat="37.408406" lon="-106.643104"><ele>3585.097656</ele><time>2026-04-11T17:55:45Z</time></rtept><rtept lat="37.408374" lon="-106.643137"><ele>3585.0</ele><time>2026-04-11T17:55:45Z</time></rtept><rtept lat="37.408353" lon="-106.643206"><ele>3584.5</ele><time>2026-04-11T17:55:45Z</time></rtept><rtept lat="37.40835" lon="-106.643271"><ele>3584.0</ele><time>2026-04-11T17:55:45Z</time></rtept><rtept lat="37.408317" lon="-106.643366"><ele>3583.296875</ele><time>2026-04-11T17:55:45Z</time></rtept><rtept lat="37.408334" lon="-106.643471"><ele>3582.5</ele><time>2026-04-11T17:55:45Z</time></rtept><rtept lat="37.408316" lon="-106.64357"><ele>3581.796875</ele><time>2026-04-11T17:55:45Z</time></rtept><rtept lat="37.408291" lon="-106.643622"><ele>3581.597656</ele><time>2026-04-11T17:55:45Z</time></rtept><rtept lat="37.408209" lon="-106.643662"><ele>3581.398438</ele><time>2026-04-11T17:55:45Z</time></rtept><rtept lat="37.408179" lon="-106.64369"><ele>3581.097656</ele><time>2026-04-11T17:55:45Z</time></rtept><rtept lat="37.408163" lon="-106.643735"><ele>3580.597656</ele><time>2026-04-11T17:55:45Z</time></rtept><rtept lat="37.408134" lon="-106.643739"><ele>3580.5</ele><time>2026-04-11T17:55:45Z</time></rtept><rtept lat="37.407988" lon="-106.643697"><ele>3580.796875</ele><time>2026-04-11T17:55:45Z</time></rtept><rtept lat="37.407934" lon="-106.643705"><ele>3580.597656</ele><time>2026-04-11T17:55:45Z</time></rtept><rtept lat="37.407786" lon="-106.643713"><ele>3580.097656</ele><time>2026-04-11T17:55:45Z</time></rtept><rtept lat="37.407658" lon="-106.643748"><ele>3579.097656</ele><time>2026-04-11T17:55:45Z</time></rtept><rtept lat="37.407464" lon="-106.643761"><ele>3577.597656</ele><time>2026-04-11T17:55:45Z</time></rtept><rtept lat="37.407259" lon="-106.643814"><ele>3575.0</ele><time>2026-04-11T17:55:45Z</time></rtept><rtept lat="37.407173" lon="-106.643806"><ele>3574.097656</ele><time>2026-04-11T17:55:45Z</time></rtept><rtept lat="37.407023" lon="-106.643727"><ele>3573.199219</ele><time>2026-04-11T17:55:45Z</time></rtept><rtept lat="37.406803" lon="-106.643583"><ele>3571.097656</ele><time>2026-04-11T17:55:45Z</time></rtept><rtept lat="37.406679" lon="-106.643511"><ele>3568.597656</ele><time>2026-04-11T17:55:45Z</time></rtept><rtept lat="37.406592" lon="-106.643437"><ele>3566.796875</ele><time>2026-04-11T17:55:45Z</time></rtept><rtept lat="37.406532" lon="-106.643373"><ele>3565.796875</ele><time>2026-04-11T17:55:45Z</time></rtept><rtept lat="37.406488" lon="-106.643281"><ele>3566.097656</ele><time>2026-04-11T17:55:45Z</time></rtept><rtept lat="37.406439" lon="-106.643223"><ele>3565.898438</ele><time>2026-04-11T17:55:45Z</time></rtept><rtept lat="37.406395" lon="-106.643193"><ele>3565.5</ele><time>2026-04-11T17:55:45Z</time></rtept><rtept lat="37.406211" lon="-106.64319"><ele>3562.199219</ele><time>2026-04-11T17:55:45Z</time></rtept><rtept lat="37.406107" lon="-106.643208"><ele>3561.097656</ele><time>2026-04-11T17:55:45Z</time></rtept><rtept lat="37.406067" lon="-106.643225"><ele>3560.597656</ele><time>2026-04-11T17:55:45Z</time></rtept><rtept lat="37.405973" lon="-106.643312"><ele>3559.199219</ele><time>2026-04-11T17:55:45Z</time></rtept><rtept lat="37.40587" lon="-106.643415"><ele>3557.597656</ele><time>2026-04-11T17:55:45Z</time></rtept><rtept lat="37.405821" lon="-106.643474"><ele>3556.898438</ele><time>2026-04-11T17:55:45Z</time></rtept><rtept lat="37.405742" lon="-106.643553"><ele>3555.796875</ele><time>2026-04-11T17:55:45Z</time></rtept><rtept lat="37.405689" lon="-106.643585"><ele>3555.097656</ele><time>2026-04-11T17:55:45Z</time></rtept><rtept lat="37.405578" lon="-106.643953"><ele>3551.597656</ele><time>2026-04-11T17:55:45Z</time></rtept><rtept lat="37.405544" lon="-106.644248"><ele>3549.398438</ele><time>2026-04-11T17:55:45Z</time></rtept><rtept lat="37.405267" lon="-106.644327"><ele>3548.5</ele><time>2026-04-11T17:55:45Z</time></rtept><rtept lat="37.405027" lon="-106.644347"><ele>3547.398438</ele><time>2026-04-11T17:55:45Z</time></rtept><rtept lat="37.404604" lon="-106.644345"><ele>3542.597656</ele><time>2026-04-11T17:55:45Z</time></rtept><rtept lat="37.404729" lon="-106.644456"><ele>3543.097656</ele><time>2026-04-11T17:55:45Z</time></rtept><rtept lat="37.404778" lon="-106.64462"><ele>3543.199219</ele><time>2026-04-11T17:55:45Z</time></rtept><rtept lat="37.404767" lon="-106.644783"><ele>3543.0</ele><time>2026-04-11T17:55:45Z</time></rtept><rtept lat="37.404499" lon="-106.645555"><ele>3545.898438</ele><time>2026-04-11T17:55:45Z</time></rtept><rtept lat="37.4043" lon="-106.645985"><ele>3545.5</ele><time>2026-04-11T17:55:45Z</time></rtept><rtept lat="37.404217" lon="-106.646358"><ele>3546.597656</ele><time>2026-04-11T17:55:45Z</time></rtept><rtept lat="37.404154" lon="-106.64651"><ele>3545.597656</ele><time>2026-04-11T17:55:45Z</time></rtept><rtept lat="37.403934" lon="-106.646786"><ele>3543.898438</ele><time>2026-04-11T17:55:45Z</time></rtept><rtept lat="37.403544" lon="-106.647317"><ele>3539.0</ele><time>2026-04-11T17:55:45Z</time></rtept><rtept lat="37.403256" lon="-106.647675"><ele>3542.699219</ele><time>2026-04-11T17:55:45Z</time></rtept><rtept lat="37.403101" lon="-106.647761"><ele>3544.796875</ele><time>2026-04-11T17:55:45Z</time></rtept><rtept lat="37.402994" lon="-106.647769"><ele>3546.097656</ele><time>2026-04-11T17:55:45Z</time></rtept><rtept lat="37.402883" lon="-106.647712"><ele>3547.0</ele><time>2026-04-11T17:55:45Z</time></rtept><rtept lat="37.40276" lon="-106.647557"><ele>3547.699219</ele><time>2026-04-11T17:55:45Z</time></rtept><rtept lat="37.402287" lon="-106.646333"><ele>3543.597656</ele><time>2026-04-11T17:55:45Z</time></rtept><rtept lat="37.402082" lon="-106.645921"><ele>3543.699219</ele><time>2026-04-11T17:55:45Z</time></rtept><rtept lat="37.401861" lon="-106.645673"><ele>3543.597656</ele><time>2026-04-11T17:55:45Z</time></rtept><rtept lat="37.401744" lon="-106.645542"><ele>3542.796875</ele><time>2026-04-11T17:55:45Z</time></rtept><rtept lat="37.401596" lon="-106.645478"><ele>3542.398438</ele><time>2026-04-11T17:55:45Z</time></rtept><rtept lat="37.401456" lon="-106.645496"><ele>3542.097656</ele><time>2026-04-11T17:55:45Z</time></rtept><rtept lat="37.401331" lon="-106.645612"><ele>3542.199219</ele><time>2026-04-11T17:55:45Z</time></rtept><rtept lat="37.401183" lon="-106.645883"><ele>3542.796875</ele><time>2026-04-11T17:55:45Z</time></rtept><rtept lat="37.401055" lon="-106.646017"><ele>3540.5</ele><time>2026-04-11T17:55:45Z</time></rtept><rtept lat="37.400785" lon="-106.646124"><ele>3536.296875</ele><time>2026-04-11T17:55:45Z</time></rtept><rtept lat="37.400552" lon="-106.646275"><ele>3535.796875</ele><time>2026-04-11T17:55:45Z</time></rtept><rtept lat="37.400374" lon="-106.646422"><ele>3534.597656</ele><time>2026-04-11T17:55:45Z</time></rtept><rtept lat="37.400165" lon="-106.646725"><ele>3533.796875</ele><time>2026-04-11T17:55:45Z</time></rtept><rtept lat="37.399679" lon="-106.647704"><ele>3534.796875</ele><time>2026-04-11T17:55:45Z</time></rtept><rtept lat="37.399605" lon="-106.64794"><ele>3537.0</ele><time>2026-04-11T17:55:45Z</time></rtept><rtept lat="37.399513" lon="-106.648552"><ele>3544.5</ele><time>2026-04-11T17:55:45Z</time></rtept><rtept lat="37.399463" lon="-106.64871"><ele>3545.199219</ele><time>2026-04-11T17:55:45Z</time></rtept><rtept lat="37.399374" lon="-106.648839"><ele>3544.699219</ele><time>2026-04-11T17:55:45Z</time></rtept><rtept lat="37.399057" lon="-106.64901"><ele>3543.898438</ele><time>2026-04-11T17:55:45Z</time></rtept><rtept lat="37.398918" lon="-106.648997"><ele>3544.097656</ele><time>2026-04-11T17:55:45Z</time></rtept><rtept lat="37.398824" lon="-106.648942"><ele>3543.597656</ele><time>2026-04-11T17:55:45Z</time></rtept><rtept lat="37.398902" lon="-106.649405"><ele>3550.0</ele><time>2026-04-11T17:55:45Z</time></rtept><rtept lat="37.399155" lon="-106.649594"><ele>3552.097656</ele><time>2026-04-11T17:55:45Z</time></rtept><rtept lat="37.399486" lon="-106.649574"><ele>3555.296875</ele><time>2026-04-11T17:55:45Z</time></rtept><rtept lat="37.399616" lon="-106.649767"><ele>3560.199219</ele><time>2026-04-11T17:55:45Z</time></rtept><rtept lat="37.399652" lon="-106.650045"><ele>3564.296875</ele><time>2026-04-11T17:55:45Z</time></rtept><rtept lat="37.399643" lon="-106.650351"><ele>3567.296875</ele><time>2026-04-11T17:55:45Z</time></rtept><rtept lat="37.399756" lon="-106.650816"><ele>3573.097656</ele><time>2026-04-11T17:55:45Z</time></rtept><rtept lat="37.399823" lon="-106.651479"><ele>3579.398438</ele><time>2026-04-11T17:55:45Z</time></rtept><rtept lat="37.399783" lon="-106.651729"><ele>3581.398438</ele><time>2026-04-11T17:55:45Z</time></rtept><rtept lat="37.399751" lon="-106.651871"><ele>3582.796875</ele><time>2026-04-11T17:55:45Z</time></rtept><rtept lat="37.399756" lon="-106.652075"><ele>3585.398438</ele><time>2026-04-11T17:55:45Z</time></rtept><rtept lat="37.399589" lon="-106.652551"><ele>3590.796875</ele><time>2026-04-11T17:55:45Z</time></rtept><rtept lat="37.399576" lon="-106.652942"><ele>3596.296875</ele><time>2026-04-11T17:55:45Z</time></rtept><rtept lat="37.39954" lon="-106.653413"><ele>3601.898438</ele><time>2026-04-11T17:55:45Z</time></rtept><rtept lat="37.399616" lon="-106.653906"><ele>3610.398438</ele><time>2026-04-11T17:55:45Z</time></rtept><rtept lat="37.400026" lon="-106.655074"><ele>3627.398438</ele><time>2026-04-11T17:55:45Z</time></rtept><rtept lat="37.400193" lon="-106.655505"><ele>3631.796875</ele><time>2026-04-11T17:55:45Z</time></rtept><rtept lat="37.400238" lon="-106.655795"><ele>3635.699219</ele><time>2026-04-11T17:55:45Z</time></rtept><rtept lat="37.400404" lon="-106.656106"><ele>3643.5</ele><time>2026-04-11T17:55:45Z</time></rtept><rtept lat="37.400432" lon="-106.656413"><ele>3645.398438</ele><time>2026-04-11T17:55:45Z</time></rtept><rtept lat="37.400531" lon="-106.656656"><ele>3649.199219</ele><time>2026-04-11T17:55:45Z</time></rtept><rtept lat="37.40058" lon="-106.657127"><ele>3654.0</ele><time>2026-04-11T17:55:45Z</time></rtept><rtept lat="37.400657" lon="-106.657626"><ele>3658.398438</ele><time>2026-04-11T17:55:45Z</time></rtept><rtept lat="37.400682" lon="-106.657915"><ele>3659.398438</ele><time>2026-04-11T17:55:45Z</time></rtept><rtept lat="37.400679" lon="-106.658159"><ele>3661.398438</ele><time>2026-04-11T17:55:45Z</time></rtept><rtept lat="37.40049" lon="-106.658159"><ele>3660.199219</ele><time>2026-04-11T17:55:45Z</time></rtept><rtept lat="37.400354" lon="-106.658406"><ele>3659.398438</ele><time>2026-04-11T17:55:45Z</time></rtept><rtept lat="37.400296" lon="-106.658539"><ele>3659.199219</ele><time>2026-04-11T17:55:45Z</time></rtept><rtept lat="37.400193" lon="-106.658562"><ele>3658.5</ele><time>2026-04-11T17:55:45Z</time></rtept><rtept lat="37.400071" lon="-106.658749"><ele>3661.097656</ele><time>2026-04-11T17:55:45Z</time></rtept><rtept lat="37.39993" lon="-106.658749"><ele>3661.398438</ele><time>2026-04-11T17:55:45Z</time></rtept><rtept lat="37.399585" lon="-106.658851"><ele>3666.199219</ele><time>2026-04-11T17:55:45Z</time></rtept><rtept lat="37.399332" lon="-106.659078"><ele>3673.398438</ele><time>2026-04-11T17:55:45Z</time></rtept><rtept lat="37.399143" lon="-106.659242"><ele>3676.5</ele><time>2026-04-11T17:55:45Z</time></rtept><rtept lat="37.399071" lon="-106.659463"><ele>3679.199219</ele><time>2026-04-11T17:55:45Z</time></rtept><rtept lat="37.399071" lon="-106.659824"><ele>3683.296875</ele><time>2026-04-11T17:55:45Z</time></rtept><rtept lat="37.399044" lon="-106.660212"><ele>3686.597656</ele><time>2026-04-11T17:55:45Z</time></rtept><rtept lat="37.398929" lon="-106.660373"><ele>3683.097656</ele><time>2026-04-11T17:55:45Z</time></rtept><rtept lat="37.398855" lon="-106.660634"><ele>3678.898438</ele><time>2026-04-11T17:55:45Z</time></rtept><rtept lat="37.398829" lon="-106.660903"><ele>3677.699219</ele><time>2026-04-11T17:55:45Z</time></rtept><rtept lat="37.398844" lon="-106.661116"><ele>3678.097656</ele><time>2026-04-11T17:55:45Z</time></rtept><rtept lat="37.398898" lon="-106.661473"><ele>3682.796875</ele><time>2026-04-11T17:55:45Z</time></rtept><rtept lat="37.398934" lon="-106.661606"><ele>3684.796875</ele><time>2026-04-11T17:55:45Z</time></rtept><rtept lat="37.398955" lon="-106.661746"><ele>3686.199219</ele><time>2026-04-11T17:55:45Z</time></rtept><rtept lat="37.399027" lon="-106.662073"><ele>3688.199219</ele><time>2026-04-11T17:55:45Z</time></rtept><rtept lat="37.399056" lon="-106.662387"><ele>3688.597656</ele><time>2026-04-11T17:55:45Z</time></rtept><rtept lat="37.399073" lon="-106.66245"><ele>3689.097656</ele><time>2026-04-11T17:55:45Z</time></rtept><rtept lat="37.3991" lon="-106.662618"><ele>3690.398438</ele><time>2026-04-11T17:55:45Z</time></rtept><rtept lat="37.399099" lon="-106.662838"><ele>3690.199219</ele><time>2026-04-11T17:55:45Z</time></rtept><rtept lat="37.399161" lon="-106.663112"><ele>3692.398438</ele><time>2026-04-11T17:55:45Z</time></rtept><rtept lat="37.399237" lon="-106.663326"><ele>3695.5</ele><time>2026-04-11T17:55:45Z</time></rtept><rtept lat="37.399297" lon="-106.663536"><ele>3697.199219</ele><time>2026-04-11T17:55:45Z</time></rtept><rtept lat="37.399334" lon="-106.663637"><ele>3698.199219</ele><time>2026-04-11T17:55:45Z</time></rtept><rtept lat="37.399397" lon="-106.663915"><ele>3701.5</ele><time>2026-04-11T17:55:45Z</time></rtept><rtept lat="37.399414" lon="-106.664172"><ele>3702.796875</ele><time>2026-04-11T17:55:45Z</time></rtept><rtept lat="37.399478" lon="-106.66446"><ele>3707.0</ele><time>2026-04-11T17:55:45Z</time></rtept><rtept lat="37.399501" lon="-106.664744"><ele>3706.699219</ele><time>2026-04-11T17:55:45Z</time></rtept><rtept lat="37.399492" lon="-106.665382"><ele>3703.097656</ele><time>2026-04-11T17:55:45Z</time></rtept><rtept lat="37.399514" lon="-106.665556"><ele>3703.296875</ele><time>2026-04-11T17:55:45Z</time></rtept><rtept lat="37.399548" lon="-106.665714"><ele>3704.199219</ele><time>2026-04-11T17:55:45Z</time></rtept><rtept lat="37.399565" lon="-106.665784"><ele>3704.699219</ele><time>2026-04-11T17:55:45Z</time></rtept><rtept lat="37.399611" lon="-106.665897"><ele>3706.199219</ele><time>2026-04-11T17:55:45Z</time></rtept><rtept lat="37.399626" lon="-106.665958"><ele>3706.898438</ele><time>2026-04-11T17:55:45Z</time></rtept><rtept lat="37.399648" lon="-106.666168"><ele>3706.796875</ele><time>2026-04-11T17:55:45Z</time></rtept><rtept lat="37.399664" lon="-106.666241"><ele>3706.898438</ele><time>2026-04-11T17:55:45Z</time></rtept><rtept lat="37.399722" lon="-106.666567"><ele>3707.097656</ele><time>2026-04-11T17:55:45Z</time></rtept><rtept lat="37.399731" lon="-106.666891"><ele>3703.898438</ele><time>2026-04-11T17:55:45Z</time></rtept><rtept lat="37.399709" lon="-106.667033"><ele>3702.398438</ele><time>2026-04-11T17:55:45Z</time></rtept><rtept lat="37.399662" lon="-106.66718"><ele>3700.699219</ele><time>2026-04-11T17:55:45Z</time></rtept><rtept lat="37.399593" lon="-106.667346"><ele>3698.699219</ele><time>2026-04-11T17:55:45Z</time></rtept><rtept lat="37.399534" lon="-106.667449"><ele>3697.296875</ele><time>2026-04-11T17:55:45Z</time></rtept><rtept lat="37.399506" lon="-106.66753"><ele>3697.0</ele><time>2026-04-11T17:55:45Z</time></rtept><rtept lat="37.399483" lon="-106.667737"><ele>3696.796875</ele><time>2026-04-11T17:55:45Z</time></rtept><rtept lat="37.399478" lon="-106.66797"><ele>3696.699219</ele><time>2026-04-11T17:55:45Z</time></rtept><rtept lat="37.39945" lon="-106.668045"><ele>3696.5</ele><time>2026-04-11T17:55:45Z</time></rtept><rtept lat="37.399403" lon="-106.66806"><ele>3696.296875</ele><time>2026-04-11T17:55:45Z</time></rtept><rtept lat="37.399369" lon="-106.668091"><ele>3696.199219</ele><time>2026-04-11T17:55:45Z</time></rtept><rtept lat="37.39926" lon="-106.668147"><ele>3696.0</ele><time>2026-04-11T17:55:45Z</time></rtept><rtept lat="37.399138" lon="-106.668237"><ele>3696.0</ele><time>2026-04-11T17:55:45Z</time></rtept><rtept lat="37.39908" lon="-106.668306"><ele>3696.0</ele><time>2026-04-11T17:55:45Z</time></rtept><rtept lat="37.398975" lon="-106.668601"><ele>3695.5</ele><time>2026-04-11T17:55:45Z</time></rtept><rtept lat="37.39892" lon="-106.668817"><ele>3694.5</ele><time>2026-04-11T17:55:45Z</time></rtept><rtept lat="37.398867" lon="-106.668936"><ele>3693.597656</ele><time>2026-04-11T17:55:45Z</time></rtept><rtept lat="37.398827" lon="-106.669079"><ele>3692.699219</ele><time>2026-04-11T17:55:45Z</time></rtept><rtept lat="37.39879" lon="-106.669409"><ele>3690.796875</ele><time>2026-04-11T17:55:45Z</time></rtept><rtept lat="37.398764" lon="-106.669558"><ele>3689.796875</ele><time>2026-04-11T17:55:45Z</time></rtept><rtept lat="37.39857" lon="-106.669899"><ele>3684.898438</ele><time>2026-04-11T17:55:45Z</time></rtept><rtept lat="37.398467" lon="-106.670159"><ele>3682.398438</ele><time>2026-04-11T17:55:45Z</time></rtept><rtept lat="37.398318" lon="-106.670622"><ele>3678.398438</ele><time>2026-04-11T17:55:45Z</time></rtept><rtept lat="37.398223" lon="-106.670854"><ele>3675.296875</ele><time>2026-04-11T17:55:45Z</time></rtept><rtept lat="37.398169" lon="-106.670957"><ele>3673.296875</ele><time>2026-04-11T17:55:45Z</time></rtept><rtept lat="37.398147" lon="-106.671073"><ele>3671.898438</ele><time>2026-04-11T17:55:45Z</time></rtept><rtept lat="37.39811" lon="-106.671256"><ele>3670.597656</ele><time>2026-04-11T17:55:45Z</time></rtept><rtept lat="37.397945" lon="-106.671215"><ele>3669.0</ele><time>2026-04-11T17:55:45Z</time></rtept><rtept lat="37.397764" lon="-106.671109"><ele>3667.898438</ele><time>2026-04-11T17:55:45Z</time></rtept><rtept lat="37.397414" lon="-106.671018"><ele>3665.097656</ele><time>2026-04-11T17:55:45Z</time></rtept><rtept lat="37.39729" lon="-106.670971"><ele>3664.097656</ele><time>2026-04-11T17:55:45Z</time></rtept><rtept lat="37.397072" lon="-106.670813"><ele>3662.898438</ele><time>2026-04-11T17:55:45Z</time></rtept><rtept lat="37.396777" lon="-106.670626"><ele>3662.398438</ele><time>2026-04-11T17:55:45Z</time></rtept><rtept lat="37.396542" lon="-106.670426"><ele>3663.898438</ele><time>2026-04-11T17:55:45Z</time></rtept><rtept lat="37.396324" lon="-106.67042"><ele>3665.898438</ele><time>2026-04-11T17:55:45Z</time></rtept><rtept lat="37.396199" lon="-106.670306"><ele>3666.597656</ele><time>2026-04-11T17:55:45Z</time></rtept><rtept lat="37.39612" lon="-106.670132"><ele>3667.398438</ele><time>2026-04-11T17:55:45Z</time></rtept><rtept lat="37.396021" lon="-106.669986"><ele>3668.398438</ele><time>2026-04-11T17:55:45Z</time></rtept><rtept lat="37.395911" lon="-106.669883"><ele>3669.199219</ele><time>2026-04-11T17:55:45Z</time></rtept><rtept lat="37.395713" lon="-106.669992"><ele>3671.796875</ele><time>2026-04-11T17:55:45Z</time></rtept><rtept lat="37.39561" lon="-106.670065"><ele>3673.796875</ele><time>2026-04-11T17:55:45Z</time></rtept><rtept lat="37.395499" lon="-106.670141"><ele>3676.0</ele><time>2026-04-11T17:55:45Z</time></rtept><rtept lat="37.395437" lon="-106.670186"><ele>3677.296875</ele><time>2026-04-11T17:55:45Z</time></rtept><rtept lat="37.395361" lon="-106.670198"><ele>3678.898438</ele><time>2026-04-11T17:55:45Z</time></rtept><rtept lat="37.39531" lon="-106.670178"><ele>3679.796875</ele><time>2026-04-11T17:55:45Z</time></rtept><rtept lat="37.395177" lon="-106.670027"><ele>3681.5</ele><time>2026-04-11T17:55:45Z</time></rtept><rtept lat="37.395044" lon="-106.66986"><ele>3682.898438</ele><time>2026-04-11T17:55:45Z</time></rtept><rtept lat="37.394988" lon="-106.669802"><ele>3683.398438</ele><time>2026-04-11T17:55:45Z</time></rtept><rtept lat="37.394901" lon="-106.669731"><ele>3684.398438</ele><time>2026-04-11T17:55:45Z</time></rtept><rtept lat="37.39457" lon="-106.669564"><ele>3687.898438</ele><time>2026-04-11T17:55:45Z</time></rtept><rtept lat="37.394335" lon="-106.669461"><ele>3689.699219</ele><time>2026-04-11T17:55:45Z</time></rtept><rtept lat="37.394212" lon="-106.669426"><ele>3690.796875</ele><time>2026-04-11T17:55:45Z</time></rtept><rtept lat="37.394137" lon="-106.66943"><ele>3691.597656</ele><time>2026-04-11T17:55:45Z</time></rtept><rtept lat="37.39409" lon="-106.669447"><ele>3692.398438</ele><time>2026-04-11T17:55:45Z</time></rtept><rtept lat="37.393903" lon="-106.669547"><ele>3695.398438</ele><time>2026-04-11T17:55:45Z</time></rtept><rtept lat="37.393829" lon="-106.669573"><ele>3696.199219</ele><time>2026-04-11T17:55:45Z</time></rtept><rtept lat="37.393699" lon="-106.669665"><ele>3698.398438</ele><time>2026-04-11T17:55:45Z</time></rtept><rtept lat="37.393653" lon="-106.669703"><ele>3699.0</ele><time>2026-04-11T17:55:45Z</time></rtept><rtept lat="37.393539" lon="-106.669838"><ele>3701.0</ele><time>2026-04-11T17:55:45Z</time></rtept><rtept lat="37.393368" lon="-106.670003"><ele>3703.398438</ele><time>2026-04-11T17:55:45Z</time></rtept><rtept lat="37.39331" lon="-106.670084"><ele>3704.597656</ele><time>2026-04-11T17:55:45Z</time></rtept><rtept lat="37.393084" lon="-106.670457"><ele>3708.699219</ele><time>2026-04-11T17:55:45Z</time></rtept><rtept lat="37.393003" lon="-106.670618"><ele>3709.796875</ele><time>2026-04-11T17:55:45Z</time></rtept><rtept lat="37.392897" lon="-106.670787"><ele>3710.597656</ele><time>2026-04-11T17:55:45Z</time></rtept><rtept lat="37.392834" lon="-106.670907"><ele>3711.5</ele><time>2026-04-11T17:55:45Z</time></rtept><rtept lat="37.392693" lon="-106.671141"><ele>3713.398438</ele><time>2026-04-11T17:55:45Z</time></rtept><rtept lat="37.392511" lon="-106.671498"><ele>3715.597656</ele><time>2026-04-11T17:55:45Z</time></rtept><rtept lat="37.392272" lon="-106.671923"><ele>3717.5</ele><time>2026-04-11T17:55:45Z</time></rtept><rtept lat="37.392173" lon="-106.672121"><ele>3718.097656</ele><time>2026-04-11T17:55:45Z</time></rtept><rtept lat="37.392023" lon="-106.672361"><ele>3719.0</ele><time>2026-04-11T17:55:45Z</time></rtept><rtept lat="37.391893" lon="-106.672615"><ele>3720.699219</ele><time>2026-04-11T17:55:45Z</time></rtept><rtept lat="37.391785" lon="-106.672791"><ele>3722.0</ele><time>2026-04-11T17:55:45Z</time></rtept><rtept lat="37.391591" lon="-106.673067"><ele>3723.898438</ele><time>2026-04-11T17:55:45Z</time></rtept><rtept lat="37.391343" lon="-106.673453"><ele>3727.5</ele><time>2026-04-11T17:55:45Z</time></rtept><rtept lat="37.391299" lon="-106.673504"><ele>3728.0</ele><time>2026-04-11T17:55:45Z</time></rtept><rtept lat="37.391276" lon="-106.673551"><ele>3728.5</ele><time>2026-04-11T17:55:45Z</time></rtept><rtept lat="37.391115" lon="-106.673801"><ele>3730.597656</ele><time>2026-04-11T17:55:45Z</time></rtept><rtept lat="37.39092" lon="-106.674053"><ele>3732.199219</ele><time>2026-04-11T17:55:45Z</time></rtept><rtept lat="37.390853" lon="-106.674158"><ele>3732.398438</ele><time>2026-04-11T17:55:45Z</time></rtept><rtept lat="37.390678" lon="-106.674376"><ele>3733.699219</ele><time>2026-04-11T17:55:45Z</time></rtept><rtept lat="37.390625" lon="-106.674506"><ele>3733.796875</ele><time>2026-04-11T17:55:45Z</time></rtept><rtept lat="37.390585" lon="-106.674643"><ele>3733.898438</ele><time>2026-04-11T17:55:45Z</time></rtept><rtept lat="37.390497" lon="-106.67508"><ele>3735.0</ele><time>2026-04-11T17:55:45Z</time></rtept><rtept lat="37.390414" lon="-106.675362"><ele>3736.296875</ele><time>2026-04-11T17:55:45Z</time></rtept><rtept lat="37.390302" lon="-106.675818"><ele>3738.0</ele><time>2026-04-11T17:55:45Z</time></rtept><rtept lat="37.390226" lon="-106.676277"><ele>3740.699219</ele><time>2026-04-11T17:55:45Z</time></rtept><rtept lat="37.3902" lon="-106.676335"><ele>3741.199219</ele><time>2026-04-11T17:55:45Z</time></rtept><rtept lat="37.390162" lon="-106.676464"><ele>3742.398438</ele><time>2026-04-11T17:55:45Z</time></rtept><rtept lat="37.390131" lon="-106.676609"><ele>3743.597656</ele><time>2026-04-11T17:55:45Z</time></rtept><rtept lat="37.390058" lon="-106.676813"><ele>3745.0</ele><time>2026-04-11T17:55:45Z</time></rtept><rtept lat="37.38992" lon="-106.677031"><ele>3746.898438</ele><time>2026-04-11T17:55:45Z</time></rtept><rtept lat="37.389789" lon="-106.677191"><ele>3748.898438</ele><time>2026-04-11T17:55:45Z</time></rtept><rtept lat="37.389685" lon="-106.677228"><ele>3749.699219</ele><time>2026-04-11T17:55:45Z</time></rtept><rtept lat="37.389466" lon="-106.677255"><ele>3751.0</ele><time>2026-04-11T17:55:45Z</time></rtept><rtept lat="37.38941" lon="-106.677254"><ele>3751.0</ele><time>2026-04-11T17:55:45Z</time></rtept><rtept lat="37.389351" lon="-106.677239"><ele>3751.097656</ele><time>2026-04-11T17:55:45Z</time></rtept><rtept lat="37.389023" lon="-106.677243"><ele>3754.296875</ele><time>2026-04-11T17:55:45Z</time></rtept><rtept lat="37.388799" lon="-106.677125"><ele>3754.597656</ele><time>2026-04-11T17:55:45Z</time></rtept><rtept lat="37.388701" lon="-106.677149"><ele>3755.5</ele><time>2026-04-11T17:55:45Z</time></rtept><rtept lat="37.388656" lon="-106.677149"><ele>3755.796875</ele><time>2026-04-11T17:55:45Z</time></rtept><rtept lat="37.388477" lon="-106.677227"><ele>3758.199219</ele><time>2026-04-11T17:55:45Z</time></rtept><rtept lat="37.388287" lon="-106.677261"><ele>3759.699219</ele><time>2026-04-11T17:55:45Z</time></rtept><rtept lat="37.388193" lon="-106.677256"><ele>3760.097656</ele><time>2026-04-11T17:55:45Z</time></rtept><rtept lat="37.388" lon="-106.677201"><ele>3759.296875</ele><time>2026-04-11T17:55:45Z</time></rtept><rtept lat="37.387953" lon="-106.677207"><ele>3759.699219</ele><time>2026-04-11T17:55:45Z</time></rtept><rtept lat="37.387916" lon="-106.677228"><ele>3760.199219</ele><time>2026-04-11T17:55:45Z</time></rtept><rtept lat="37.387809" lon="-106.677322"><ele>3764.097656</ele><time>2026-04-11T17:55:45Z</time></rtept><rtept lat="37.387772" lon="-106.677412"><ele>3766.796875</ele><time>2026-04-11T17:55:45Z</time></rtept><rtept lat="37.387631" lon="-106.67745"><ele>3769.0</ele><time>2026-04-11T17:55:45Z</time></rtept><rtept lat="37.387586" lon="-106.677471"><ele>3769.597656</ele><time>2026-04-11T17:55:45Z</time></rtept><rtept lat="37.387543" lon="-106.677474"><ele>3769.796875</ele><time>2026-04-11T17:55:45Z</time></rtept><rtept lat="37.38748" lon="-106.677445"><ele>3769.699219</ele><time>2026-04-11T17:55:45Z</time></rtept><rtept lat="37.387442" lon="-106.677415"><ele>3769.398438</ele><time>2026-04-11T17:55:45Z</time></rtept><rtept lat="37.387397" lon="-106.677418"><ele>3769.597656</ele><time>2026-04-11T17:55:45Z</time></rtept><rtept lat="37.387277" lon="-106.677509"><ele>3771.796875</ele><time>2026-04-11T17:55:45Z</time></rtept><rtept lat="37.387194" lon="-106.67759"><ele>3774.0</ele><time>2026-04-11T17:55:45Z</time></rtept><rtept lat="37.387149" lon="-106.677622"><ele>3774.796875</ele><time>2026-04-11T17:55:45Z</time></rtept><rtept lat="37.387099" lon="-106.677643"><ele>3775.398438</ele><time>2026-04-11T17:55:45Z</time></rtept><rtept lat="37.387009" lon="-106.67763"><ele>3776.0</ele><time>2026-04-11T17:55:45Z</time></rtept><rtept lat="37.386919" lon="-106.677602"><ele>3776.398438</ele><time>2026-04-11T17:55:45Z</time></rtept><rtept lat="37.38673" lon="-106.677581"><ele>3778.398438</ele><time>2026-04-11T17:55:45Z</time></rtept><rtept lat="37.386587" lon="-106.677505"><ele>3779.296875</ele><time>2026-04-11T17:55:45Z</time></rtept><rtept lat="37.386406" lon="-106.677443"><ele>3781.898438</ele><time>2026-04-11T17:55:45Z</time></rtept><rtept lat="37.386307" lon="-106.677432"><ele>3784.199219</ele><time>2026-04-11T17:55:45Z</time></rtept><rtept lat="37.386208" lon="-106.6774"><ele>3786.296875</ele><time>2026-04-11T17:55:45Z</time></rtept><rtept lat="37.38617" lon="-106.677364"><ele>3786.597656</ele><time>2026-04-11T17:55:45Z</time></rtept><rtept lat="37.385972" lon="-106.677237"><ele>3789.5</ele><time>2026-04-11T17:55:45Z</time></rtept><rtept lat="37.385853" lon="-106.677187"><ele>3792.296875</ele><time>2026-04-11T17:55:45Z</time></rtept><rtept lat="37.385808" lon="-106.677161"><ele>3792.898438</ele><time>2026-04-11T17:55:45Z</time></rtept><rtept lat="37.385732" lon="-106.677096"><ele>3793.898438</ele><time>2026-04-11T17:55:45Z</time></rtept><rtept lat="37.385645" lon="-106.677054"><ele>3795.796875</ele><time>2026-04-11T17:55:45Z</time></rtept><rtept lat="37.385603" lon="-106.677022"><ele>3796.5</ele><time>2026-04-11T17:55:45Z</time></rtept><rtept lat="37.385576" lon="-106.676975"><ele>3796.097656</ele><time>2026-04-11T17:55:45Z</time></rtept><rtept lat="37.385533" lon="-106.676866"><ele>3795.097656</ele><time>2026-04-11T17:55:45Z</time></rtept><rtept lat="37.385484" lon="-106.676798"><ele>3794.898438</ele><time>2026-04-11T17:55:45Z</time></rtept><rtept lat="37.38536" lon="-106.676662"><ele>3795.097656</ele><time>2026-04-11T17:55:45Z</time></rtept><rtept lat="37.385087" lon="-106.67654"><ele>3803.5</ele><time>2026-04-11T17:55:45Z</time></rtept><rtept lat="37.384946" lon="-106.676445"><ele>3808.398438</ele><time>2026-04-11T17:55:45Z</time></rtept><rtept lat="37.384906" lon="-106.676412"><ele>3809.199219</ele><time>2026-04-11T17:55:45Z</time></rtept><rtept lat="37.384633" lon="-106.676118"><ele>3811.398438</ele><time>2026-04-11T17:55:45Z</time></rtept><rtept lat="37.384477" lon="-106.675977"><ele>3807.199219</ele><time>2026-04-11T17:55:45Z</time></rtept><rtept lat="37.384395" lon="-106.675914"><ele>3804.398438</ele><time>2026-04-11T17:55:45Z</time></rtept><rtept lat="37.384339" lon="-106.675893"><ele>3803.398438</ele><time>2026-04-11T17:55:45Z</time></rtept><rtept lat="37.384244" lon="-106.67591"><ele>3802.097656</ele><time>2026-04-11T17:55:45Z</time></rtept><rtept lat="37.384124" lon="-106.675954"><ele>3800.199219</ele><time>2026-04-11T17:55:45Z</time></rtept><rtept lat="37.384044" lon="-106.675999"><ele>3799.097656</ele><time>2026-04-11T17:55:45Z</time></rtept><rtept lat="37.384006" lon="-106.676034"><ele>3798.699219</ele><time>2026-04-11T17:55:45Z</time></rtept><rtept lat="37.383971" lon="-106.676084"><ele>3798.199219</ele><time>2026-04-11T17:55:45Z</time></rtept><rtept lat="37.38394" lon="-106.676196"><ele>3798.699219</ele><time>2026-04-11T17:55:45Z</time></rtept><rtept lat="37.383915" lon="-106.67625"><ele>3798.796875</ele><time>2026-04-11T17:55:45Z</time></rtept><rtept lat="37.383809" lon="-106.676385"><ele>3797.5</ele><time>2026-04-11T17:55:45Z</time></rtept><rtept lat="37.383749" lon="-106.676504"><ele>3797.199219</ele><time>2026-04-11T17:55:45Z</time></rtept><rtept lat="37.383535" lon="-106.676775"><ele>3794.597656</ele><time>2026-04-11T17:55:45Z</time></rtept><rtept lat="37.383397" lon="-106.676816"><ele>3791.898438</ele><time>2026-04-11T17:55:45Z</time></rtept><rtept lat="37.383156" lon="-106.677001"><ele>3789.898438</ele><time>2026-04-11T17:55:45Z</time></rtept><rtept lat="37.383133" lon="-106.67705"><ele>3789.796875</ele><time>2026-04-11T17:55:45Z</time></rtept><rtept lat="37.383118" lon="-106.677112"><ele>3790.296875</ele><time>2026-04-11T17:55:45Z</time></rtept><rtept lat="37.383021" lon="-106.677282"><ele>3790.597656</ele><time>2026-04-11T17:55:45Z</time></rtept><rtept lat="37.382949" lon="-106.677477"><ele>3792.199219</ele><time>2026-04-11T17:55:45Z</time></rtept><rtept lat="37.38283" lon="-106.677586"><ele>3791.097656</ele><time>2026-04-11T17:55:45Z</time></rtept><rtept lat="37.382718" lon="-106.677838"><ele>3791.199219</ele><time>2026-04-11T17:55:45Z</time></rtept><rtept lat="37.382684" lon="-106.677893"><ele>3790.699219</ele><time>2026-04-11T17:55:45Z</time></rtept><rtept lat="37.382547" lon="-106.678187"><ele>3789.699219</ele><time>2026-04-11T17:55:45Z</time></rtept><rtept lat="37.382533" lon="-106.678232"><ele>3789.5</ele><time>2026-04-11T17:55:45Z</time></rtept><rtept lat="37.382486" lon="-106.67832"><ele>3789.199219</ele><time>2026-04-11T17:55:45Z</time></rtept><rtept lat="37.382456" lon="-106.678357"><ele>3788.597656</ele><time>2026-04-11T17:55:45Z</time></rtept><rtept lat="37.382407" lon="-106.678484"><ele>3788.199219</ele><time>2026-04-11T17:55:45Z</time></rtept><rtept lat="37.382278" lon="-106.678695"><ele>3786.699219</ele><time>2026-04-11T17:55:45Z</time></rtept><rtept lat="37.382088" lon="-106.679052"><ele>3785.296875</ele><time>2026-04-11T17:55:45Z</time></rtept><rtept lat="37.382051" lon="-106.679103"><ele>3784.898438</ele><time>2026-04-11T17:55:45Z</time></rtept><rtept lat="37.381977" lon="-106.679235"><ele>3784.5</ele><time>2026-04-11T17:55:45Z</time></rtept><rtept lat="37.381891" lon="-106.679429"><ele>3784.097656</ele><time>2026-04-11T17:55:45Z</time></rtept><rtept lat="37.381727" lon="-106.679733"><ele>3783.0</ele><time>2026-04-11T17:55:45Z</time></rtept><rtept lat="37.381462" lon="-106.680143"><ele>3782.398438</ele><time>2026-04-11T17:55:45Z</time></rtept><rtept lat="37.38133" lon="-106.680391"><ele>3783.097656</ele><time>2026-04-11T17:55:45Z</time></rtept><rtept lat="37.381204" lon="-106.680545"><ele>3782.597656</ele><time>2026-04-11T17:55:45Z</time></rtept><rtept lat="37.381076" lon="-106.680657"><ele>3782.199219</ele><time>2026-04-11T17:55:45Z</time></rtept><rtept lat="37.380969" lon="-106.680723"><ele>3781.597656</ele><time>2026-04-11T17:55:45Z</time></rtept><rtept lat="37.380799" lon="-106.680803"><ele>3779.898438</ele><time>2026-04-11T17:55:45Z</time></rtept><rtept lat="37.380583" lon="-106.680933"><ele>3780.398438</ele><time>2026-04-11T17:55:45Z</time></rtept><rtept lat="37.380468" lon="-106.680979"><ele>3781.5</ele><time>2026-04-11T17:55:45Z</time></rtept><rtept lat="37.380343" lon="-106.681012"><ele>3783.0</ele><time>2026-04-11T17:55:45Z</time></rtept><rtept lat="37.380287" lon="-106.680998"><ele>3783.597656</ele><time>2026-04-11T17:55:45Z</time></rtept><rtept lat="37.380187" lon="-106.680937"><ele>3784.796875</ele><time>2026-04-11T17:55:45Z</time></rtept><rtept lat="37.380135" lon="-106.680919"><ele>3785.296875</ele><time>2026-04-11T17:55:45Z</time></rtept><rtept lat="37.380086" lon="-106.680909"><ele>3785.796875</ele><time>2026-04-11T17:55:45Z</time></rtept><rtept lat="37.379955" lon="-106.680914"><ele>3787.097656</ele><time>2026-04-11T17:55:45Z</time></rtept><rtept lat="37.379792" lon="-106.680937"><ele>3789.0</ele><time>2026-04-11T17:55:45Z</time></rtept><rtept lat="37.37967" lon="-106.680986"><ele>3790.597656</ele><time>2026-04-11T17:55:45Z</time></rtept><rtept lat="37.379412" lon="-106.681048"><ele>3791.398438</ele><time>2026-04-11T17:55:45Z</time></rtept><rtept lat="37.379257" lon="-106.681159"><ele>3791.699219</ele><time>2026-04-11T17:55:45Z</time></rtept><rtept lat="37.379192" lon="-106.681257"><ele>3791.796875</ele><time>2026-04-11T17:55:45Z</time></rtept><rtept lat="37.379077" lon="-106.681399"><ele>3791.796875</ele><time>2026-04-11T17:55:45Z</time></rtept><rtept lat="37.378705" lon="-106.681511"><ele>3785.199219</ele><time>2026-04-11T17:55:45Z</time></rtept><rtept lat="37.378499" lon="-106.681596"><ele>3781.898438</ele><time>2026-04-11T17:55:45Z</time></rtept><rtept lat="37.378252" lon="-106.681649"><ele>3777.097656</ele><time>2026-04-11T17:55:45Z</time></rtept><rtept lat="37.378205" lon="-106.68165"><ele>3776.296875</ele><time>2026-04-11T17:55:45Z</time></rtept><rtept lat="37.377945" lon="-106.681575"><ele>3772.398438</ele><time>2026-04-11T17:55:45Z</time></rtept><rtept lat="37.377719" lon="-106.681575"><ele>3768.699219</ele><time>2026-04-11T17:55:45Z</time></rtept><rtept lat="37.377624" lon="-106.681594"><ele>3766.898438</ele><time>2026-04-11T17:55:45Z</time></rtept><rtept lat="37.377592" lon="-106.681615"><ele>3766.296875</ele><time>2026-04-11T17:55:45Z</time></rtept><rtept lat="37.377483" lon="-106.681567"><ele>3763.097656</ele><time>2026-04-11T17:55:45Z</time></rtept><rtept lat="37.377404" lon="-106.681547"><ele>3761.0</ele><time>2026-04-11T17:55:45Z</time></rtept><rtept lat="37.377306" lon="-106.681571"><ele>3759.0</ele><time>2026-04-11T17:55:45Z</time></rtept><rtept lat="37.377023" lon="-106.681588"><ele>3753.296875</ele><time>2026-04-11T17:55:45Z</time></rtept><rtept lat="37.376944" lon="-106.68161"><ele>3752.0</ele><time>2026-04-11T17:55:45Z</time></rtept><rtept lat="37.37675" lon="-106.681631"><ele>3749.796875</ele><time>2026-04-11T17:55:45Z</time></rtept><rtept lat="37.376645" lon="-106.681692"><ele>3749.296875</ele><time>2026-04-11T17:55:45Z</time></rtept><rtept lat="37.376541" lon="-106.681697"><ele>3749.0</ele><time>2026-04-11T17:55:45Z</time></rtept><rtept lat="37.376303" lon="-106.681818"><ele>3750.597656</ele><time>2026-04-11T17:55:45Z</time></rtept><rtept lat="37.376262" lon="-106.681835"><ele>3750.898438</ele><time>2026-04-11T17:55:45Z</time></rtept><rtept lat="37.376167" lon="-106.681853"><ele>3752.199219</ele><time>2026-04-11T17:55:45Z</time></rtept><rtept lat="37.376038" lon="-106.681925"><ele>3754.0</ele><time>2026-04-11T17:55:45Z</time></rtept><rtept lat="37.37595" lon="-106.681946"><ele>3755.199219</ele><time>2026-04-11T17:55:45Z</time></rtept><rtept lat="37.375839" lon="-106.682002"><ele>3756.097656</ele><time>2026-04-11T17:55:45Z</time></rtept><rtept lat="37.375825" lon="-106.68199"><ele>3756.296875</ele><time>2026-04-11T17:55:45Z</time></rtept><rtept lat="37.375737" lon="-106.681981"><ele>3757.398438</ele><time>2026-04-11T17:55:45Z</time></rtept><rtept lat="37.375688" lon="-106.681986"><ele>3757.898438</ele><time>2026-04-11T17:55:45Z</time></rtept><rtept lat="37.375604" lon="-106.682045"><ele>3759.296875</ele><time>2026-04-11T17:55:45Z</time></rtept><rtept lat="37.375605" lon="-106.682125"><ele>3759.296875</ele><time>2026-04-11T17:55:45Z</time></rtept><rtept lat="37.375646" lon="-106.682379"><ele>3759.5</ele><time>2026-04-11T17:55:45Z</time></rtept><rtept lat="37.375648" lon="-106.682422"><ele>3759.796875</ele><time>2026-04-11T17:55:45Z</time></rtept><rtept lat="37.375636" lon="-106.682466"><ele>3760.5</ele><time>2026-04-11T17:55:45Z</time></rtept><rtept lat="37.375571" lon="-106.682608"><ele>3764.199219</ele><time>2026-04-11T17:55:45Z</time></rtept><rtept lat="37.375505" lon="-106.682654"><ele>3766.898438</ele><time>2026-04-11T17:55:45Z</time></rtept><rtept lat="37.375307" lon="-106.682766"><ele>3773.199219</ele><time>2026-04-11T17:55:45Z</time></rtept><rtept lat="37.37528" lon="-106.683252"><ele>3778.398438</ele><time>2026-04-11T17:55:45Z</time></rtept><rtept lat="37.375124" lon="-106.68357"><ele>3784.699219</ele><time>2026-04-11T17:55:45Z</time></rtept><rtept lat="37.374928" lon="-106.683886"><ele>3787.0</ele><time>2026-04-11T17:55:45Z</time></rtept><rtept lat="37.374875" lon="-106.684119"><ele>3787.597656</ele><time>2026-04-11T17:55:45Z</time></rtept><rtept lat="37.374807" lon="-106.684195"><ele>3788.796875</ele><time>2026-04-11T17:55:45Z</time></rtept><rtept lat="37.374681" lon="-106.684168"><ele>3790.597656</ele><time>2026-04-11T17:55:45Z</time></rtept><rtept lat="37.374458" lon="-106.684162"><ele>3794.199219</ele><time>2026-04-11T17:55:45Z</time></rtept><rtept lat="37.374097" lon="-106.684019"><ele>3800.199219</ele><time>2026-04-11T17:55:45Z</time></rtept><rtept lat="37.373988" lon="-106.683944"><ele>3802.0</ele><time>2026-04-11T17:55:45Z</time></rtept><rtept lat="37.373766" lon="-106.683764"><ele>3806.097656</ele><time>2026-04-11T17:55:45Z</time></rtept><rtept lat="37.373685" lon="-106.683698"><ele>3807.597656</ele><time>2026-04-11T17:55:45Z</time></rtept><rtept lat="37.373509" lon="-106.683592"><ele>3811.0</ele><time>2026-04-11T17:55:45Z</time></rtept><rtept lat="37.373399" lon="-106.683499"><ele>3812.796875</ele><time>2026-04-11T17:55:45Z</time></rtept><rtept lat="37.373361" lon="-106.683479"><ele>3813.5</ele><time>2026-04-11T17:55:45Z</time></rtept><rtept lat="37.373288" lon="-106.683405"><ele>3814.5</ele><time>2026-04-11T17:55:45Z</time></rtept><rtept lat="37.373228" lon="-106.683362"><ele>3815.398438</ele><time>2026-04-11T17:55:45Z</time></rtept><rtept lat="37.373192" lon="-106.683327"><ele>3816.097656</ele><time>2026-04-11T17:55:45Z</time></rtept><rtept lat="37.373111" lon="-106.683198"><ele>3817.199219</ele><time>2026-04-11T17:55:45Z</time></rtept><rtept lat="37.373038" lon="-106.683116"><ele>3818.398438</ele><time>2026-04-11T17:55:45Z</time></rtept><rtept lat="37.373004" lon="-106.683065"><ele>3819.0</ele><time>2026-04-11T17:55:45Z</time></rtept><rtept lat="37.372985" lon="-106.683018"><ele>3818.699219</ele><time>2026-04-11T17:55:45Z</time></rtept><rtept lat="37.372952" lon="-106.682976"><ele>3819.097656</ele><time>2026-04-11T17:55:45Z</time></rtept><rtept lat="37.372876" lon="-106.682892"><ele>3819.398438</ele><time>2026-04-11T17:55:45Z</time></rtept><rtept lat="37.372727" lon="-106.68276"><ele>3819.898438</ele><time>2026-04-11T17:55:45Z</time></rtept><rtept lat="37.37266" lon="-106.682743"><ele>3820.597656</ele><time>2026-04-11T17:55:45Z</time></rtept><rtept lat="37.372544" lon="-106.682789"><ele>3820.5</ele><time>2026-04-11T17:55:45Z</time></rtept><rtept lat="37.372516" lon="-106.682838"><ele>3821.398438</ele><time>2026-04-11T17:55:45Z</time></rtept><rtept lat="37.372492" lon="-106.682969"><ele>3824.199219</ele><time>2026-04-11T17:55:45Z</time></rtept><rtept lat="37.372462" lon="-106.68352"><ele>3829.898438</ele><time>2026-04-11T17:55:45Z</time></rtept><rtept lat="37.372479" lon="-106.683746"><ele>3830.398438</ele><time>2026-04-11T17:55:45Z</time></rtept><rtept lat="37.37257" lon="-106.683984"><ele>3831.0</ele><time>2026-04-11T17:55:45Z</time></rtept><rtept lat="37.372585" lon="-106.684208"><ele>3831.898438</ele><time>2026-04-11T17:55:45Z</time></rtept><rtept lat="37.372581" lon="-106.68435"><ele>3832.5</ele><time>2026-04-11T17:55:45Z</time></rtept><rtept lat="37.372559" lon="-106.684485"><ele>3833.398438</ele><time>2026-04-11T17:55:45Z</time></rtept><rtept lat="37.372518" lon="-106.684661"><ele>3835.398438</ele><time>2026-04-11T17:55:45Z</time></rtept><rtept lat="37.372483" lon="-106.684709"><ele>3836.699219</ele><time>2026-04-11T17:55:45Z</time></rtept><rtept lat="37.372413" lon="-106.68472"><ele>3838.097656</ele><time>2026-04-11T17:55:45Z</time></rtept><rtept lat="37.372354" lon="-106.684634"><ele>3837.199219</ele><time>2026-04-11T17:55:45Z</time></rtept><rtept lat="37.372309" lon="-106.684599"><ele>3837.296875</ele><time>2026-04-11T17:55:45Z</time></rtept><rtept lat="37.37226" lon="-106.684585"><ele>3837.898438</ele><time>2026-04-11T17:55:45Z</time></rtept><rtept lat="37.372212" lon="-106.684587"><ele>3838.796875</ele><time>2026-04-11T17:55:45Z</time></rtept><rtept lat="37.371995" lon="-106.684691"><ele>3842.898438</ele><time>2026-04-11T17:55:45Z</time></rtept><rtept lat="37.371893" lon="-106.68473"><ele>3843.796875</ele><time>2026-04-11T17:55:45Z</time></rtept><rtept lat="37.371767" lon="-106.684808"><ele>3844.699219</ele><time>2026-04-11T17:55:45Z</time></rtept><rtept lat="37.371444" lon="-106.685066"><ele>3847.097656</ele><time>2026-04-11T17:55:45Z</time></rtept><rtept lat="37.371176" lon="-106.685332"><ele>3847.796875</ele><time>2026-04-11T17:55:45Z</time></rtept><rtept lat="37.371129" lon="-106.685352"><ele>3847.5</ele><time>2026-04-11T17:55:45Z</time></rtept><rtept lat="37.371081" lon="-106.685394"><ele>3847.398438</ele><time>2026-04-11T17:55:45Z</time></rtept><rtept lat="37.371016" lon="-106.68551"><ele>3848.0</ele><time>2026-04-11T17:55:45Z</time></rtept><rtept lat="37.37096" lon="-106.685639"><ele>3848.796875</ele><time>2026-04-11T17:55:45Z</time></rtept><rtept lat="37.370928" lon="-106.685685"><ele>3849.0</ele><time>2026-04-11T17:55:45Z</time></rtept><rtept lat="37.3709" lon="-106.685753"><ele>3849.296875</ele><time>2026-04-11T17:55:45Z</time></rtept><rtept lat="37.370888" lon="-106.685815"><ele>3850.0</ele><time>2026-04-11T17:55:45Z</time></rtept><rtept lat="37.370889" lon="-106.685873"><ele>3850.5</ele><time>2026-04-11T17:55:45Z</time></rtept><rtept lat="37.37088" lon="-106.685928"><ele>3851.0</ele><time>2026-04-11T17:55:45Z</time></rtept><rtept lat="37.370778" lon="-106.686266"><ele>3853.199219</ele><time>2026-04-11T17:55:45Z</time></rtept><rtept lat="37.370718" lon="-106.686514"><ele>3855.097656</ele><time>2026-04-11T17:55:45Z</time></rtept><rtept lat="37.370672" lon="-106.686761"><ele>3857.398438</ele><time>2026-04-11T17:55:45Z</time></rtept><rtept lat="37.370644" lon="-106.686994"><ele>3858.699219</ele><time>2026-04-11T17:55:45Z</time></rtept><rtept lat="37.37061" lon="-106.687118"><ele>3859.398438</ele><time>2026-04-11T17:55:45Z</time></rtept><rtept lat="37.370542" lon="-106.687484"><ele>3860.296875</ele><time>2026-04-11T17:55:45Z</time></rtept><rtept lat="37.370502" lon="-106.687613"><ele>3860.296875</ele><time>2026-04-11T17:55:45Z</time></rtept><rtept lat="37.370445" lon="-106.687985"><ele>3860.296875</ele><time>2026-04-11T17:55:45Z</time></rtept><rtept lat="37.370382" lon="-106.688282"><ele>3859.597656</ele><time>2026-04-11T17:55:45Z</time></rtept><rtept lat="37.370354" lon="-106.688503"><ele>3859.898438</ele><time>2026-04-11T17:55:45Z</time></rtept><rtept lat="37.370323" lon="-106.68864"><ele>3860.0</ele><time>2026-04-11T17:55:45Z</time></rtept><rtept lat="37.370307" lon="-106.688778"><ele>3859.796875</ele><time>2026-04-11T17:55:45Z</time></rtept><rtept lat="37.370304" lon="-106.688988"><ele>3859.699219</ele><time>2026-04-11T17:55:45Z</time></rtept><rtept lat="37.370313" lon="-106.689159"><ele>3859.796875</ele><time>2026-04-11T17:55:45Z</time></rtept><rtept lat="37.370292" lon="-106.689336"><ele>3860.0</ele><time>2026-04-11T17:55:45Z</time></rtept><rtept lat="37.370301" lon="-106.689835"><ele>3860.296875</ele><time>2026-04-11T17:55:45Z</time></rtept><rtept lat="37.370285" lon="-106.690175"><ele>3859.5</ele><time>2026-04-11T17:55:45Z</time></rtept><rtept lat="37.370314" lon="-106.69068"><ele>3859.296875</ele><time>2026-04-11T17:55:45Z</time></rtept><rtept lat="37.370307" lon="-106.690835"><ele>3859.097656</ele><time>2026-04-11T17:55:45Z</time></rtept><rtept lat="37.370307" lon="-106.691133"><ele>3858.0</ele><time>2026-04-11T17:55:45Z</time></rtept><rtept lat="37.370296" lon="-106.691301"><ele>3857.199219</ele><time>2026-04-11T17:55:45Z</time></rtept><rtept lat="37.3703" lon="-106.691675"><ele>3855.898438</ele><time>2026-04-11T17:55:45Z</time></rtept><rtept lat="37.370268" lon="-106.692005"><ele>3853.796875</ele><time>2026-04-11T17:55:45Z</time></rtept><rtept lat="37.370291" lon="-106.692279"><ele>3851.796875</ele><time>2026-04-11T17:55:45Z</time></rtept><rtept lat="37.37031" lon="-106.69234"><ele>3851.597656</ele><time>2026-04-11T17:55:45Z</time></rtept><rtept lat="37.370356" lon="-106.692454"><ele>3851.5</ele><time>2026-04-11T17:55:45Z</time></rtept><rtept lat="37.370472" lon="-106.692672"><ele>3850.699219</ele><time>2026-04-11T17:55:45Z</time></rtept><rtept lat="37.370525" lon="-106.692796"><ele>3850.199219</ele><time>2026-04-11T17:55:45Z</time></rtept><rtept lat="37.370539" lon="-106.69286"><ele>3849.597656</ele><time>2026-04-11T17:55:45Z</time></rtept><rtept lat="37.370537" lon="-106.69306"><ele>3847.097656</ele><time>2026-04-11T17:55:45Z</time></rtept><rtept lat="37.370506" lon="-106.693176"><ele>3844.699219</ele><time>2026-04-11T17:55:45Z</time></rtept><rtept lat="37.370486" lon="-106.693323"><ele>3842.296875</ele><time>2026-04-11T17:55:45Z</time></rtept><rtept lat="37.370509" lon="-106.693432"><ele>3842.0</ele><time>2026-04-11T17:55:45Z</time></rtept><rtept lat="37.37051" lon="-106.693487"><ele>3841.597656</ele><time>2026-04-11T17:55:45Z</time></rtept><rtept lat="37.370495" lon="-106.6936"><ele>3840.5</ele><time>2026-04-11T17:55:45Z</time></rtept><rtept lat="37.370469" lon="-106.693716"><ele>3839.097656</ele><time>2026-04-11T17:55:45Z</time></rtept><rtept lat="37.370452" lon="-106.693929"><ele>3837.796875</ele><time>2026-04-11T17:55:45Z</time></rtept><rtept lat="37.370498" lon="-106.693999"><ele>3839.0</ele><time>2026-04-11T17:55:45Z</time></rtept><rtept lat="37.370504" lon="-106.694066"><ele>3838.898438</ele><time>2026-04-11T17:55:45Z</time></rtept><rtept lat="37.3705" lon="-106.694204"><ele>3838.796875</ele><time>2026-04-11T17:55:45Z</time></rtept><rtept lat="37.370534" lon="-106.694484"><ele>3839.398438</ele><time>2026-04-11T17:55:45Z</time></rtept><rtept lat="37.370566" lon="-106.694975"><ele>3839.296875</ele><time>2026-04-11T17:55:45Z</time></rtept><rtept lat="37.370528" lon="-106.695239"><ele>3838.296875</ele><time>2026-04-11T17:55:45Z</time></rtept><rtept lat="37.370489" lon="-106.695449"><ele>3837.597656</ele><time>2026-04-11T17:55:45Z</time></rtept><rtept lat="37.370447" lon="-106.695578"><ele>3837.398438</ele><time>2026-04-11T17:55:45Z</time></rtept><rtept lat="37.370407" lon="-106.695633"><ele>3837.5</ele><time>2026-04-11T17:55:45Z</time></rtept><rtept lat="37.370318" lon="-106.69572"><ele>3837.699219</ele><time>2026-04-11T17:55:45Z</time></rtept><rtept lat="37.37003" lon="-106.696059"><ele>3840.0</ele><time>2026-04-11T17:55:45Z</time></rtept><rtept lat="37.369967" lon="-106.696153"><ele>3840.796875</ele><time>2026-04-11T17:55:45Z</time></rtept><rtept lat="37.369925" lon="-106.696266"><ele>3842.0</ele><time>2026-04-11T17:55:45Z</time></rtept><rtept lat="37.369882" lon="-106.696311"><ele>3842.199219</ele><time>2026-04-11T17:55:45Z</time></rtept><rtept lat="37.369829" lon="-106.696332"><ele>3842.0</ele><time>2026-04-11T17:55:45Z</time></rtept><rtept lat="37.369782" lon="-106.696365"><ele>3841.898438</ele><time>2026-04-11T17:55:45Z</time></rtept><rtept lat="37.369654" lon="-106.696489"><ele>3842.199219</ele><time>2026-04-11T17:55:45Z</time></rtept><rtept lat="37.36956" lon="-106.696568"><ele>3842.296875</ele><time>2026-04-11T17:55:45Z</time></rtept><rtept lat="37.369513" lon="-106.696597"><ele>3842.0</ele><time>2026-04-11T17:55:45Z</time></rtept><rtept lat="37.369277" lon="-106.696712"><ele>3840.597656</ele><time>2026-04-11T17:55:45Z</time></rtept><rtept lat="37.369132" lon="-106.696748"><ele>3840.0</ele><time>2026-04-11T17:55:45Z</time></rtept><rtept lat="37.368969" lon="-106.696769"><ele>3838.898438</ele><time>2026-04-11T17:55:45Z</time></rtept><rtept lat="37.368831" lon="-106.696816"><ele>3838.5</ele><time>2026-04-11T17:55:45Z</time></rtept><rtept lat="37.36864" lon="-106.696832"><ele>3837.5</ele><time>2026-04-11T17:55:45Z</time></rtept><rtept lat="37.368491" lon="-106.696817"><ele>3836.796875</ele><time>2026-04-11T17:55:45Z</time></rtept><rtept lat="37.368346" lon="-106.696838"><ele>3836.796875</ele><time>2026-04-11T17:55:45Z</time></rtept><rtept lat="37.368249" lon="-106.696858"><ele>3836.898438</ele><time>2026-04-11T17:55:45Z</time></rtept><rtept lat="37.368111" lon="-106.696928"><ele>3837.5</ele><time>2026-04-11T17:55:45Z</time></rtept><rtept lat="37.367709" lon="-106.696833"><ele>3835.796875</ele><time>2026-04-11T17:55:45Z</time></rtept><rtept lat="37.367626" lon="-106.696791"><ele>3835.199219</ele><time>2026-04-11T17:55:45Z</time></rtept><rtept lat="37.367517" lon="-106.696711"><ele>3833.796875</ele><time>2026-04-11T17:55:45Z</time></rtept><rtept lat="37.367478" lon="-106.696617"><ele>3831.898438</ele><time>2026-04-11T17:55:45Z</time></rtept><rtept lat="37.367383" lon="-106.696588"><ele>3831.097656</ele><time>2026-04-11T17:55:45Z</time></rtept><rtept lat="37.367301" lon="-106.696542"><ele>3829.898438</ele><time>2026-04-11T17:55:45Z</time></rtept><rtept lat="37.367203" lon="-106.696563"><ele>3830.699219</ele><time>2026-04-11T17:55:45Z</time></rtept><rtept lat="37.367149" lon="-106.696566"><ele>3831.097656</ele><time>2026-04-11T17:55:45Z</time></rtept><rtept lat="37.367015" lon="-106.696526"><ele>3830.199219</ele><time>2026-04-11T17:55:45Z</time></rtept><rtept lat="37.366952" lon="-106.696523"><ele>3830.0</ele><time>2026-04-11T17:55:45Z</time></rtept><rtept lat="37.366879" lon="-106.696541"><ele>3830.796875</ele><time>2026-04-11T17:55:45Z</time></rtept><rtept lat="37.366823" lon="-106.696565"><ele>3831.796875</ele><time>2026-04-11T17:55:45Z</time></rtept><rtept lat="37.366802" lon="-106.696558"><ele>3831.597656</ele><time>2026-04-11T17:55:45Z</time></rtept><rtept lat="37.366769" lon="-106.696511"><ele>3830.199219</ele><time>2026-04-11T17:55:45Z</time></rtept><rtept lat="37.366725" lon="-106.696483"><ele>3829.597656</ele><time>2026-04-11T17:55:45Z</time></rtept><rtept lat="37.366419" lon="-106.696418"><ele>3831.296875</ele><time>2026-04-11T17:55:45Z</time></rtept><rtept lat="37.366341" lon="-106.696381"><ele>3831.296875</ele><time>2026-04-11T17:55:45Z</time></rtept><rtept lat="37.366052" lon="-106.69628"><ele>3832.0</ele><time>2026-04-11T17:55:45Z</time></rtept><rtept lat="37.365914" lon="-106.696268"><ele>3834.796875</ele><time>2026-04-11T17:55:45Z</time></rtept><rtept lat="37.365872" lon="-106.696236"><ele>3833.898438</ele><time>2026-04-11T17:55:45Z</time></rtept><rtept lat="37.365831" lon="-106.696242"><ele>3834.898438</ele><time>2026-04-11T17:55:45Z</time></rtept><rtept lat="37.365744" lon="-106.696221"><ele>3835.796875</ele><time>2026-04-11T17:55:45Z</time></rtept><rtept lat="37.365671" lon="-106.696251"><ele>3839.199219</ele><time>2026-04-11T17:55:45Z</time></rtept><rtept lat="37.365587" lon="-106.696158"><ele>3834.199219</ele><time>2026-04-11T17:55:45Z</time></rtept><rtept lat="37.365524" lon="-106.696155"><ele>3835.398438</ele><time>2026-04-11T17:55:45Z</time></rtept><rtept lat="37.365374" lon="-106.696238"><ele>3840.296875</ele><time>2026-04-11T17:55:45Z</time></rtept><rtept lat="37.365286" lon="-106.696269"><ele>3841.097656</ele><time>2026-04-11T17:55:45Z</time></rtept><rtept lat="37.365097" lon="-106.696249"><ele>3839.199219</ele><time>2026-04-11T17:55:45Z</time></rtept><rtept lat="37.364957" lon="-106.696258"><ele>3838.199219</ele><time>2026-04-11T17:55:45Z</time></rtept><rtept lat="37.364765" lon="-106.696288"><ele>3837.597656</ele><time>2026-04-11T17:55:45Z</time></rtept><rtept lat="37.364453" lon="-106.696385"><ele>3837.597656</ele><time>2026-04-11T17:55:45Z</time></rtept><rtept lat="37.364308" lon="-106.696419"><ele>3836.796875</ele><time>2026-04-11T17:55:45Z</time></rtept><rtept lat="37.364256" lon="-106.69642"><ele>3836.398438</ele><time>2026-04-11T17:55:45Z</time></rtept><rtept lat="37.364059" lon="-106.696488"><ele>3836.097656</ele><time>2026-04-11T17:55:45Z</time></rtept><rtept lat="37.363762" lon="-106.696623"><ele>3835.296875</ele><time>2026-04-11T17:55:45Z</time></rtept><rtept lat="37.363572" lon="-106.696693"><ele>3834.296875</ele><time>2026-04-11T17:55:45Z</time></rtept><rtept lat="37.363468" lon="-106.696715"><ele>3833.597656</ele><time>2026-04-11T17:55:45Z</time></rtept><rtept lat="37.363368" lon="-106.696758"><ele>3832.898438</ele><time>2026-04-11T17:55:45Z</time></rtept><rtept lat="37.363158" lon="-106.696805"><ele>3831.398438</ele><time>2026-04-11T17:55:45Z</time></rtept><rtept lat="37.362999" lon="-106.696861"><ele>3831.199219</ele><time>2026-04-11T17:55:45Z</time></rtept><rtept lat="37.362697" lon="-106.69689"><ele>3829.699219</ele><time>2026-04-11T17:55:45Z</time></rtept><rtept lat="37.362625" lon="-106.696879"><ele>3829.0</ele><time>2026-04-11T17:55:45Z</time></rtept><rtept lat="37.362512" lon="-106.696882"><ele>3827.796875</ele><time>2026-04-11T17:55:45Z</time></rtept><rtept lat="37.3624" lon="-106.696859"><ele>3826.5</ele><time>2026-04-11T17:55:45Z</time></rtept><rtept lat="37.362224" lon="-106.69685"><ele>3824.796875</ele><time>2026-04-11T17:55:45Z</time></rtept><rtept lat="37.362168" lon="-106.696836"><ele>3824.296875</ele><time>2026-04-11T17:55:45Z</time></rtept><rtept lat="37.36188" lon="-106.696805"><ele>3823.898438</ele><time>2026-04-11T17:55:45Z</time></rtept><rtept lat="37.361663" lon="-106.69672"><ele>3825.296875</ele><time>2026-04-11T17:55:45Z</time></rtept><rtept lat="37.361609" lon="-106.696707"><ele>3825.699219</ele><time>2026-04-11T17:55:45Z</time></rtept><rtept lat="37.361524" lon="-106.696665"><ele>3826.097656</ele><time>2026-04-11T17:55:45Z</time></rtept><rtept lat="37.361443" lon="-106.696606"><ele>3826.097656</ele><time>2026-04-11T17:55:45Z</time></rtept><rtept lat="37.361341" lon="-106.69649"><ele>3824.699219</ele><time>2026-04-11T17:55:45Z</time></rtept><rtept lat="37.361297" lon="-106.696459"><ele>3824.296875</ele><time>2026-04-11T17:55:45Z</time></rtept><rtept lat="37.36125" lon="-106.696442"><ele>3824.296875</ele><time>2026-04-11T17:55:45Z</time></rtept><rtept lat="37.361225" lon="-106.696443"><ele>3824.296875</ele><time>2026-04-11T17:55:45Z</time></rtept><rtept lat="37.361189" lon="-106.69646"><ele>3824.898438</ele><time>2026-04-11T17:55:45Z</time></rtept><rtept lat="37.361014" lon="-106.69656"><ele>3829.097656</ele><time>2026-04-11T17:55:45Z</time></rtept><rtept lat="37.360921" lon="-106.696602"><ele>3830.398438</ele><time>2026-04-11T17:55:45Z</time></rtept><rtept lat="37.360875" lon="-106.696636"><ele>3831.597656</ele><time>2026-04-11T17:55:45Z</time></rtept><rtept lat="37.360828" lon="-106.696655"><ele>3831.699219</ele><time>2026-04-11T17:55:45Z</time></rtept><rtept lat="37.360778" lon="-106.696659"><ele>3831.0</ele><time>2026-04-11T17:55:45Z</time></rtept><rtept lat="37.360722" lon="-106.696659"><ele>3830.097656</ele><time>2026-04-11T17:55:45Z</time></rtept><rtept lat="37.360565" lon="-106.696616"><ele>3828.199219</ele><time>2026-04-11T17:55:45Z</time></rtept><rtept lat="37.360363" lon="-106.696545"><ele>3826.0</ele><time>2026-04-11T17:55:45Z</time></rtept><rtept lat="37.360316" lon="-106.696517"><ele>3825.097656</ele><time>2026-04-11T17:55:45Z</time></rtept><rtept lat="37.36021" lon="-106.696498"><ele>3824.898438</ele><time>2026-04-11T17:55:45Z</time></rtept><rtept lat="37.360067" lon="-106.696439"><ele>3823.398438</ele><time>2026-04-11T17:55:45Z</time></rtept><rtept lat="37.360013" lon="-106.69643"><ele>3823.097656</ele><time>2026-04-11T17:55:45Z</time></rtept><rtept lat="37.359871" lon="-106.696458"><ele>3823.796875</ele><time>2026-04-11T17:55:45Z</time></rtept><rtept lat="37.359654" lon="-106.696461"><ele>3822.5</ele><time>2026-04-11T17:55:45Z</time></rtept><rtept lat="37.359457" lon="-106.69653"><ele>3822.699219</ele><time>2026-04-11T17:55:45Z</time></rtept><rtept lat="37.359303" lon="-106.696562"><ele>3821.796875</ele><time>2026-04-11T17:55:45Z</time></rtept><rtept lat="37.359019" lon="-106.696599"><ele>3818.5</ele><time>2026-04-11T17:55:45Z</time></rtept><rtept lat="37.358909" lon="-106.696602"><ele>3818.398438</ele><time>2026-04-11T17:55:45Z</time></rtept><rtept lat="37.358736" lon="-106.696574"><ele>3817.097656</ele><time>2026-04-11T17:55:45Z</time></rtept><rtept lat="37.358437" lon="-106.696626"><ele>3815.5</ele><time>2026-04-11T17:55:45Z</time></rtept><rtept lat="37.358133" lon="-106.696633"><ele>3810.097656</ele><time>2026-04-11T17:55:45Z</time></rtept><rtept lat="37.357571" lon="-106.696685"><ele>3801.199219</ele><time>2026-04-11T17:55:45Z</time></rtept><rtept lat="37.357465" lon="-106.696677"><ele>3799.699219</ele><time>2026-04-11T17:55:45Z</time></rtept><rtept lat="37.357366" lon="-106.696682"><ele>3798.296875</ele><time>2026-04-11T17:55:45Z</time></rtept><rtept lat="37.357319" lon="-106.696669"><ele>3798.0</ele><time>2026-04-11T17:55:45Z</time></rtept><rtept lat="37.357053" lon="-106.696714"><ele>3798.5</ele><time>2026-04-11T17:55:45Z</time></rtept><rtept lat="37.356994" lon="-106.696717"><ele>3798.597656</ele><time>2026-04-11T17:55:45Z</time></rtept><rtept lat="37.356938" lon="-106.696702"><ele>3798.398438</ele><time>2026-04-11T17:55:45Z</time></rtept><rtept lat="37.356833" lon="-106.696646"><ele>3797.597656</ele><time>2026-04-11T17:55:45Z</time></rtept><rtept lat="37.356676" lon="-106.69661"><ele>3797.398438</ele><time>2026-04-11T17:55:45Z</time></rtept><rtept lat="37.356619" lon="-106.696607"><ele>3797.699219</ele><time>2026-04-11T17:55:45Z</time></rtept><rtept lat="37.356569" lon="-106.696616"><ele>3798.296875</ele><time>2026-04-11T17:55:45Z</time></rtept><rtept lat="37.356564" lon="-106.696678"><ele>3800.0</ele><time>2026-04-11T17:55:45Z</time></rtept><rtept lat="37.3564" lon="-106.696814"><ele>3803.597656</ele><time>2026-04-11T17:55:45Z</time></rtept><rtept lat="37.356327" lon="-106.696881"><ele>3805.699219</ele><time>2026-04-11T17:55:45Z</time></rtept><rtept lat="37.356276" lon="-106.696944"><ele>3807.699219</ele><time>2026-04-11T17:55:45Z</time></rtept><rtept lat="37.356208" lon="-106.697004"><ele>3808.5</ele><time>2026-04-11T17:55:45Z</time></rtept><rtept lat="37.356169" lon="-106.697025"><ele>3808.699219</ele><time>2026-04-11T17:55:45Z</time></rtept><rtept lat="37.356064" lon="-106.69711"><ele>3809.0</ele><time>2026-04-11T17:55:45Z</time></rtept><rtept lat="37.355942" lon="-106.697176"><ele>3808.796875</ele><time>2026-04-11T17:55:45Z</time></rtept><rtept lat="37.355837" lon="-106.69725"><ele>3808.199219</ele><time>2026-04-11T17:55:45Z</time></rtept><rtept lat="37.355665" lon="-106.697327"><ele>3807.097656</ele><time>2026-04-11T17:55:45Z</time></rtept><rtept lat="37.35548" lon="-106.697472"><ele>3806.5</ele><time>2026-04-11T17:55:45Z</time></rtept><rtept lat="37.355239" lon="-106.697593"><ele>3803.597656</ele><time>2026-04-11T17:55:45Z</time></rtept><rtept lat="37.355047" lon="-106.697646"><ele>3802.097656</ele><time>2026-04-11T17:55:45Z</time></rtept><rtept lat="37.354972" lon="-106.697685"><ele>3802.699219</ele><time>2026-04-11T17:55:45Z</time></rtept><rtept lat="37.354773" lon="-106.69773"><ele>3801.898438</ele><time>2026-04-11T17:55:45Z</time></rtept><rtept lat="37.354647" lon="-106.697737"><ele>3801.296875</ele><time>2026-04-11T17:55:45Z</time></rtept><rtept lat="37.354501" lon="-106.697715"><ele>3800.898438</ele><time>2026-04-11T17:55:45Z</time></rtept><rtept lat="37.354454" lon="-106.6977"><ele>3800.796875</ele><time>2026-04-11T17:55:45Z</time></rtept><rtept lat="37.3544" lon="-106.697672"><ele>3800.398438</ele><time>2026-04-11T17:55:45Z</time></rtept><rtept lat="37.354282" lon="-106.697586"><ele>3799.597656</ele><time>2026-04-11T17:55:45Z</time></rtept><rtept lat="37.354126" lon="-106.697445"><ele>3801.398438</ele><time>2026-04-11T17:55:45Z</time></rtept><rtept lat="37.354118" lon="-106.697382"><ele>3801.296875</ele><time>2026-04-11T17:55:45Z</time></rtept><rtept lat="37.354097" lon="-106.69733"><ele>3801.597656</ele><time>2026-04-11T17:55:45Z</time></rtept><rtept lat="37.354068" lon="-106.697286"><ele>3802.199219</ele><time>2026-04-11T17:55:45Z</time></rtept><rtept lat="37.354051" lon="-106.69723"><ele>3802.398438</ele><time>2026-04-11T17:55:45Z</time></rtept><rtept lat="37.354048" lon="-106.697109"><ele>3802.398438</ele><time>2026-04-11T17:55:45Z</time></rtept><rtept lat="37.354036" lon="-106.697006"><ele>3802.597656</ele><time>2026-04-11T17:55:45Z</time></rtept><rtept lat="37.354041" lon="-106.696965"><ele>3802.597656</ele><time>2026-04-11T17:55:45Z</time></rtept><rtept lat="37.354029" lon="-106.696843"><ele>3802.898438</ele><time>2026-04-11T17:55:45Z</time></rtept><rtept lat="37.354014" lon="-106.696799"><ele>3803.597656</ele><time>2026-04-11T17:55:45Z</time></rtept><rtept lat="37.354005" lon="-106.696667"><ele>3803.597656</ele><time>2026-04-11T17:55:45Z</time></rtept><rtept lat="37.353962" lon="-106.696352"><ele>3804.0</ele><time>2026-04-11T17:55:45Z</time></rtept><rtept lat="37.35386" lon="-106.696037"><ele>3805.398438</ele><time>2026-04-11T17:55:45Z</time></rtept><rtept lat="37.353801" lon="-106.695808"><ele>3805.597656</ele><time>2026-04-11T17:55:45Z</time></rtept><rtept lat="37.353749" lon="-106.695657"><ele>3805.796875</ele><time>2026-04-11T17:55:45Z</time></rtept><rtept lat="37.353721" lon="-106.695532"><ele>3806.0</ele><time>2026-04-11T17:55:45Z</time></rtept><rtept lat="37.353581" lon="-106.695261"><ele>3808.796875</ele><time>2026-04-11T17:55:45Z</time></rtept><rtept lat="37.353509" lon="-106.695091"><ele>3809.097656</ele><time>2026-04-11T17:55:45Z</time></rtept><rtept lat="37.353453" lon="-106.694919"><ele>3809.0</ele><time>2026-04-11T17:55:45Z</time></rtept><rtept lat="37.35332" lon="-106.694633"><ele>3811.296875</ele><time>2026-04-11T17:55:45Z</time></rtept><rtept lat="37.353281" lon="-106.694486"><ele>3811.597656</ele><time>2026-04-11T17:55:45Z</time></rtept><rtept lat="37.353233" lon="-106.694375"><ele>3812.398438</ele><time>2026-04-11T17:55:45Z</time></rtept><rtept lat="37.353178" lon="-106.694279"><ele>3813.296875</ele><time>2026-04-11T17:55:45Z</time></rtept><rtept lat="37.353104" lon="-106.694111"><ele>3813.898438</ele><time>2026-04-11T17:55:45Z</time></rtept><rtept lat="37.353" lon="-106.693939"><ele>3814.296875</ele><time>2026-04-11T17:55:45Z</time></rtept><rtept lat="37.352917" lon="-106.693782"><ele>3813.898438</ele><time>2026-04-11T17:55:45Z</time></rtept><rtept lat="37.352906" lon="-106.69374"><ele>3813.597656</ele><time>2026-04-11T17:55:45Z</time></rtept><rtept lat="37.352871" lon="-106.693703"><ele>3814.398438</ele><time>2026-04-11T17:55:45Z</time></rtept><rtept lat="37.352849" lon="-106.693657"><ele>3814.5</ele><time>2026-04-11T17:55:45Z</time></rtept><rtept lat="37.35281" lon="-106.693528"><ele>3813.898438</ele><time>2026-04-11T17:55:45Z</time></rtept><rtept lat="37.352764" lon="-106.693437"><ele>3814.5</ele><time>2026-04-11T17:55:45Z</time></rtept><rtept lat="37.352733" lon="-106.693391"><ele>3814.898438</ele><time>2026-04-11T17:55:45Z</time></rtept><rtept lat="37.352651" lon="-106.693319"><ele>3817.296875</ele><time>2026-04-11T17:55:45Z</time></rtept><rtept lat="37.35251" lon="-106.6931"><ele>3818.796875</ele><time>2026-04-11T17:55:45Z</time></rtept><rtept lat="37.352451" lon="-106.692998"><ele>3819.796875</ele><time>2026-04-11T17:55:45Z</time></rtept><rtept lat="37.352407" lon="-106.692904"><ele>3820.199219</ele><time>2026-04-11T17:55:45Z</time></rtept><rtept lat="37.352349" lon="-106.6927"><ele>3820.296875</ele><time>2026-04-11T17:55:45Z</time></rtept><rtept lat="37.352311" lon="-106.692523"><ele>3819.097656</ele><time>2026-04-11T17:55:45Z</time></rtept><rtept lat="37.352231" lon="-106.69231"><ele>3818.296875</ele><time>2026-04-11T17:55:45Z</time></rtept><rtept lat="37.352178" lon="-106.692207"><ele>3818.296875</ele><time>2026-04-11T17:55:45Z</time></rtept><rtept lat="37.352135" lon="-106.692094"><ele>3817.5</ele><time>2026-04-11T17:55:45Z</time></rtept><rtept lat="37.352047" lon="-106.691935"><ele>3817.5</ele><time>2026-04-11T17:55:45Z</time></rtept><rtept lat="37.352008" lon="-106.691822"><ele>3817.398438</ele><time>2026-04-11T17:55:45Z</time></rtept><rtept lat="37.351953" lon="-106.691713"><ele>3818.796875</ele><time>2026-04-11T17:55:45Z</time></rtept><rtept lat="37.351926" lon="-106.691555"><ele>3819.296875</ele><time>2026-04-11T17:55:45Z</time></rtept><rtept lat="37.351908" lon="-106.691393"><ele>3820.398438</ele><time>2026-04-11T17:55:45Z</time></rtept><rtept lat="37.351893" lon="-106.691343"><ele>3821.5</ele><time>2026-04-11T17:55:45Z</time></rtept><rtept lat="37.351894" lon="-106.691281"><ele>3821.597656</ele><time>2026-04-11T17:55:45Z</time></rtept><rtept lat="37.351874" lon="-106.691111"><ele>3822.699219</ele><time>2026-04-11T17:55:45Z</time></rtept><rtept lat="37.351788" lon="-106.690925"><ele>3825.898438</ele><time>2026-04-11T17:55:45Z</time></rtept><rtept lat="37.351776" lon="-106.690877"><ele>3826.097656</ele><time>2026-04-11T17:55:45Z</time></rtept><rtept lat="37.351725" lon="-106.690792"><ele>3827.5</ele><time>2026-04-11T17:55:45Z</time></rtept><rtept lat="37.35164" lon="-106.690582"><ele>3829.5</ele><time>2026-04-11T17:55:45Z</time></rtept><rtept lat="37.351557" lon="-106.690443"><ele>3830.796875</ele><time>2026-04-11T17:55:45Z</time></rtept><rtept lat="37.351362" lon="-106.69018"><ele>3832.398438</ele><time>2026-04-11T17:55:45Z</time></rtept><rtept lat="37.351324" lon="-106.690141"><ele>3832.597656</ele><time>2026-04-11T17:55:45Z</time></rtept><rtept lat="37.351258" lon="-106.690017"><ele>3832.097656</ele><time>2026-04-11T17:55:45Z</time></rtept><rtept lat="37.351139" lon="-106.689874"><ele>3832.699219</ele><time>2026-04-11T17:55:45Z</time></rtept><rtept lat="37.351092" lon="-106.689842"><ele>3833.097656</ele><time>2026-04-11T17:55:45Z</time></rtept><rtept lat="37.350978" lon="-106.689799"><ele>3834.0</ele><time>2026-04-11T17:55:45Z</time></rtept><rtept lat="37.350826" lon="-106.689712"><ele>3834.398438</ele><time>2026-04-11T17:55:45Z</time></rtept><rtept lat="37.35065" lon="-106.689567"><ele>3834.699219</ele><time>2026-04-11T17:55:45Z</time></rtept><rtept lat="37.350549" lon="-106.689524"><ele>3834.898438</ele><time>2026-04-11T17:55:45Z</time></rtept><rtept lat="37.350339" lon="-106.689519"><ele>3836.097656</ele><time>2026-04-11T17:55:45Z</time></rtept><rtept lat="37.350091" lon="-106.689534"><ele>3836.898438</ele><time>2026-04-11T17:55:45Z</time></rtept><rtept lat="37.349977" lon="-106.689506"><ele>3836.699219</ele><time>2026-04-11T17:55:45Z</time></rtept><rtept lat="37.349698" lon="-106.689469"><ele>3836.296875</ele><time>2026-04-11T17:55:45Z</time></rtept><rtept lat="37.349493" lon="-106.689424"><ele>3835.398438</ele><time>2026-04-11T17:55:45Z</time></rtept><rtept lat="37.349347" lon="-106.689427"><ele>3835.0</ele><time>2026-04-11T17:55:45Z</time></rtept><rtept lat="37.349184" lon="-106.689496"><ele>3835.097656</ele><time>2026-04-11T17:55:45Z</time></rtept><rtept lat="37.349136" lon="-106.689529"><ele>3835.296875</ele><time>2026-04-11T17:55:45Z</time></rtept><rtept lat="37.348923" lon="-106.689614"><ele>3835.398438</ele><time>2026-04-11T17:55:45Z</time></rtept><rtept lat="37.348676" lon="-106.689743"><ele>3835.398438</ele><time>2026-04-11T17:55:45Z</time></rtept><rtept lat="37.348517" lon="-106.689797"><ele>3834.398438</ele><time>2026-04-11T17:55:45Z</time></rtept><rtept lat="37.348411" lon="-106.689814"><ele>3833.296875</ele><time>2026-04-11T17:55:45Z</time></rtept><rtept lat="37.348361" lon="-106.689831"><ele>3833.0</ele><time>2026-04-11T17:55:45Z</time></rtept><rtept lat="37.348232" lon="-106.689912"><ele>3832.398438</ele><time>2026-04-11T17:55:45Z</time></rtept><rtept lat="37.348182" lon="-106.689929"><ele>3832.0</ele><time>2026-04-11T17:55:45Z</time></rtept><rtept lat="37.348145" lon="-106.689961"><ele>3832.0</ele><time>2026-04-11T17:55:45Z</time></rtept><rtept lat="37.348033" lon="-106.690112"><ele>3831.398438</ele><time>2026-04-11T17:55:45Z</time></rtept><rtept lat="37.347966" lon="-106.69022"><ele>3831.398438</ele><time>2026-04-11T17:55:45Z</time></rtept><rtept lat="37.347872" lon="-106.690342"><ele>3831.296875</ele><time>2026-04-11T17:55:45Z</time></rtept><rtept lat="37.34778" lon="-106.690442"><ele>3831.796875</ele><time>2026-04-11T17:55:45Z</time></rtept><rtept lat="37.347693" lon="-106.690564"><ele>3832.398438</ele><time>2026-04-11T17:55:45Z</time></rtept><rtept lat="37.347523" lon="-106.690749"><ele>3832.5</ele><time>2026-04-11T17:55:45Z</time></rtept><rtept lat="37.34743" lon="-106.690828"><ele>3832.5</ele><time>2026-04-11T17:55:45Z</time></rtept><rtept lat="37.34733" lon="-106.690936"><ele>3832.398438</ele><time>2026-04-11T17:55:45Z</time></rtept><rtept lat="37.347215" lon="-106.691042"><ele>3831.597656</ele><time>2026-04-11T17:55:45Z</time></rtept><rtept lat="37.347176" lon="-106.691089"><ele>3831.296875</ele><time>2026-04-11T17:55:45Z</time></rtept><rtept lat="37.347041" lon="-106.691218"><ele>3830.296875</ele><time>2026-04-11T17:55:45Z</time></rtept><rtept lat="37.346926" lon="-106.691374"><ele>3829.699219</ele><time>2026-04-11T17:55:45Z</time></rtept><rtept lat="37.346701" lon="-106.691717"><ele>3828.199219</ele><time>2026-04-11T17:55:45Z</time></rtept><rtept lat="37.346579" lon="-106.691873"><ele>3827.398438</ele><time>2026-04-11T17:55:45Z</time></rtept><rtept lat="37.346325" lon="-106.69227"><ele>3826.0</ele><time>2026-04-11T17:55:45Z</time></rtept><rtept lat="37.346265" lon="-106.692399"><ele>3825.898438</ele><time>2026-04-11T17:55:45Z</time></rtept><rtept lat="37.346145" lon="-106.692565"><ele>3824.398438</ele><time>2026-04-11T17:55:45Z</time></rtept><rtept lat="37.346025" lon="-106.692754"><ele>3823.597656</ele><time>2026-04-11T17:55:45Z</time></rtept><rtept lat="37.345662" lon="-106.693126"><ele>3823.796875</ele><time>2026-04-11T17:55:45Z</time></rtept><rtept lat="37.345516" lon="-106.693234"><ele>3823.5</ele><time>2026-04-11T17:55:45Z</time></rtept><rtept lat="37.345425" lon="-106.693318"><ele>3823.097656</ele><time>2026-04-11T17:55:45Z</time></rtept><rtept lat="37.345253" lon="-106.693513"><ele>3822.699219</ele><time>2026-04-11T17:55:45Z</time></rtept><rtept lat="37.345096" lon="-106.693786"><ele>3822.0</ele><time>2026-04-11T17:55:45Z</time></rtept><rtept lat="37.345081" lon="-106.693847"><ele>3821.796875</ele><time>2026-04-11T17:55:45Z</time></rtept><rtept lat="37.345073" lon="-106.693969"><ele>3822.296875</ele><time>2026-04-11T17:55:45Z</time></rtept><rtept lat="37.344959" lon="-106.69403"><ele>3820.796875</ele><time>2026-04-11T17:55:45Z</time></rtept><rtept lat="37.344907" lon="-106.69404"><ele>3820.0</ele><time>2026-04-11T17:55:45Z</time></rtept><rtept lat="37.344862" lon="-106.694065"><ele>3819.296875</ele><time>2026-04-11T17:55:45Z</time></rtept><rtept lat="37.344812" lon="-106.694102"><ele>3819.199219</ele><time>2026-04-11T17:55:45Z</time></rtept><rtept lat="37.344725" lon="-106.6942"><ele>3819.296875</ele><time>2026-04-11T17:55:45Z</time></rtept><rtept lat="37.344645" lon="-106.694297"><ele>3819.597656</ele><time>2026-04-11T17:55:45Z</time></rtept><rtept lat="37.344541" lon="-106.694467"><ele>3819.699219</ele><time>2026-04-11T17:55:45Z</time></rtept><rtept lat="37.344279" lon="-106.69482"><ele>3819.398438</ele><time>2026-04-11T17:55:45Z</time></rtept><rtept lat="37.344145" lon="-106.695069"><ele>3818.898438</ele><time>2026-04-11T17:55:45Z</time></rtept><rtept lat="37.344004" lon="-106.6953"><ele>3817.898438</ele><time>2026-04-11T17:55:45Z</time></rtept><rtept lat="37.343849" lon="-106.695436"><ele>3816.898438</ele><time>2026-04-11T17:55:45Z</time></rtept><rtept lat="37.34374" lon="-106.695494"><ele>3815.597656</ele><time>2026-04-11T17:55:45Z</time></rtept><rtept lat="37.343683" lon="-106.695506"><ele>3815.0</ele><time>2026-04-11T17:55:45Z</time></rtept><rtept lat="37.343517" lon="-106.695433"><ele>3812.699219</ele><time>2026-04-11T17:55:45Z</time></rtept><rtept lat="37.343249" lon="-106.695285"><ele>3809.5</ele><time>2026-04-11T17:55:45Z</time></rtept><rtept lat="37.343216" lon="-106.695256"><ele>3809.0</ele><time>2026-04-11T17:55:45Z</time></rtept><rtept lat="37.343142" lon="-106.695245"><ele>3808.5</ele><time>2026-04-11T17:55:45Z</time></rtept><rtept lat="37.342974" lon="-106.69515"><ele>3807.199219</ele><time>2026-04-11T17:55:45Z</time></rtept><rtept lat="37.342838" lon="-106.695046"><ele>3806.398438</ele><time>2026-04-11T17:55:45Z</time></rtept><rtept lat="37.34256" lon="-106.694785"><ele>3805.597656</ele><time>2026-04-11T17:55:45Z</time></rtept><rtept lat="37.34246" lon="-106.694672"><ele>3805.5</ele><time>2026-04-11T17:55:45Z</time></rtept><rtept lat="37.342329" lon="-106.694546"><ele>3805.597656</ele><time>2026-04-11T17:55:45Z</time></rtept><rtept lat="37.342175" lon="-106.694458"><ele>3805.796875</ele><time>2026-04-11T17:55:45Z</time></rtept><rtept lat="37.341962" lon="-106.694354"><ele>3806.097656</ele><time>2026-04-11T17:55:45Z</time></rtept><rtept lat="37.341911" lon="-106.694351"><ele>3806.296875</ele><time>2026-04-11T17:55:45Z</time></rtept><rtept lat="37.341861" lon="-106.694368"><ele>3806.5</ele><time>2026-04-11T17:55:45Z</time></rtept><rtept lat="37.341757" lon="-106.694522"><ele>3807.199219</ele><time>2026-04-11T17:55:45Z</time></rtept><rtept lat="37.341594" lon="-106.695087"><ele>3808.5</ele><time>2026-04-11T17:55:45Z</time></rtept><rtept lat="37.341434" lon="-106.695374"><ele>3806.597656</ele><time>2026-04-11T17:55:45Z</time></rtept><rtept lat="37.341376" lon="-106.695502"><ele>3805.898438</ele><time>2026-04-11T17:55:45Z</time></rtept><rtept lat="37.341226" lon="-106.695726"><ele>3803.796875</ele><time>2026-04-11T17:55:45Z</time></rtept><rtept lat="37.341002" lon="-106.696141"><ele>3801.398438</ele><time>2026-04-11T17:55:45Z</time></rtept><rtept lat="37.340954" lon="-106.696175"><ele>3800.796875</ele><time>2026-04-11T17:55:45Z</time></rtept><rtept lat="37.340909" lon="-106.696189"><ele>3799.898438</ele><time>2026-04-11T17:55:45Z</time></rtept><rtept lat="37.340775" lon="-106.696219"><ele>3797.199219</ele><time>2026-04-11T17:55:45Z</time></rtept><rtept lat="37.340719" lon="-106.696216"><ele>3795.898438</ele><time>2026-04-11T17:55:45Z</time></rtept><rtept lat="37.340665" lon="-106.696224"><ele>3795.097656</ele><time>2026-04-11T17:55:45Z</time></rtept><rtept lat="37.340619" lon="-106.696259"><ele>3794.597656</ele><time>2026-04-11T17:55:45Z</time></rtept><rtept lat="37.340447" lon="-106.696481"><ele>3792.597656</ele><time>2026-04-11T17:55:45Z</time></rtept><rtept lat="37.340341" lon="-106.696674"><ele>3792.097656</ele><time>2026-04-11T17:55:45Z</time></rtept><rtept lat="37.340255" lon="-106.696851"><ele>3791.398438</ele><time>2026-04-11T17:55:45Z</time></rtept><rtept lat="37.340201" lon="-106.696978"><ele>3790.5</ele><time>2026-04-11T17:55:45Z</time></rtept><rtept lat="37.340141" lon="-106.697262"><ele>3788.796875</ele><time>2026-04-11T17:55:45Z</time></rtept><rtept lat="37.3401" lon="-106.697399"><ele>3786.699219</ele><time>2026-04-11T17:55:45Z</time></rtept><rtept lat="37.340066" lon="-106.697451"><ele>3785.597656</ele><time>2026-04-11T17:55:45Z</time></rtept><rtept lat="37.339808" lon="-106.697674"><ele>3779.398438</ele><time>2026-04-11T17:55:45Z</time></rtept><rtept lat="37.339732" lon="-106.697776"><ele>3778.597656</ele><time>2026-04-11T17:55:45Z</time></rtept><rtept lat="37.339643" lon="-106.697859"><ele>3778.0</ele><time>2026-04-11T17:55:45Z</time></rtept><rtept lat="37.339595" lon="-106.697923"><ele>3777.699219</ele><time>2026-04-11T17:55:45Z</time></rtept><rtept lat="37.339534" lon="-106.698077"><ele>3777.597656</ele><time>2026-04-11T17:55:45Z</time></rtept><rtept lat="37.339412" lon="-106.698301"><ele>3777.296875</ele><time>2026-04-11T17:55:45Z</time></rtept><rtept lat="37.339302" lon="-106.698539"><ele>3776.699219</ele><time>2026-04-11T17:55:45Z</time></rtept><rtept lat="37.339254" lon="-106.698735"><ele>3776.097656</ele><time>2026-04-11T17:55:45Z</time></rtept><rtept lat="37.339234" lon="-106.698873"><ele>3775.699219</ele><time>2026-04-11T17:55:45Z</time></rtept><rtept lat="37.339232" lon="-106.699009"><ele>3775.398438</ele><time>2026-04-11T17:55:45Z</time></rtept><rtept lat="37.339218" lon="-106.699097"><ele>3775.0</ele><time>2026-04-11T17:55:45Z</time></rtept><rtept lat="37.339121" lon="-106.69936"><ele>3770.898438</ele><time>2026-04-11T17:55:45Z</time></rtept><rtept lat="37.339018" lon="-106.699505"><ele>3767.097656</ele><time>2026-04-11T17:55:45Z</time></rtept><rtept lat="37.338976" lon="-106.699623"><ele>3766.597656</ele><time>2026-04-11T17:55:45Z</time></rtept><rtept lat="37.338913" lon="-106.699732"><ele>3765.0</ele><time>2026-04-11T17:55:45Z</time></rtept><rtept lat="37.33889" lon="-106.699792"><ele>3764.5</ele><time>2026-04-11T17:55:45Z</time></rtept><rtept lat="37.338854" lon="-106.699914"><ele>3763.296875</ele><time>2026-04-11T17:55:45Z</time></rtept><rtept lat="37.338851" lon="-106.699969"><ele>3763.296875</ele><time>2026-04-11T17:55:45Z</time></rtept><rtept lat="37.338801" lon="-106.700163"><ele>3761.699219</ele><time>2026-04-11T17:55:45Z</time></rtept><rtept lat="37.338793" lon="-106.700235"><ele>3761.398438</ele><time>2026-04-11T17:55:45Z</time></rtept><rtept lat="37.338765" lon="-106.700292"><ele>3760.699219</ele><time>2026-04-11T17:55:45Z</time></rtept><rtept lat="37.338722" lon="-106.700336"><ele>3758.898438</ele><time>2026-04-11T17:55:45Z</time></rtept><rtept lat="37.338662" lon="-106.700421"><ele>3756.796875</ele><time>2026-04-11T17:55:45Z</time></rtept><rtept lat="37.338639" lon="-106.700477"><ele>3756.0</ele><time>2026-04-11T17:55:45Z</time></rtept><rtept lat="37.338565" lon="-106.700569"><ele>3753.597656</ele><time>2026-04-11T17:55:45Z</time></rtept><rtept lat="37.338542" lon="-106.700616"><ele>3752.898438</ele><time>2026-04-11T17:55:45Z</time></rtept><rtept lat="37.338505" lon="-106.700739"><ele>3752.699219</ele><time>2026-04-11T17:55:45Z</time></rtept><rtept lat="37.338477" lon="-106.700795"><ele>3752.0</ele><time>2026-04-11T17:55:45Z</time></rtept><rtept lat="37.33841" lon="-106.700885"><ele>3750.398438</ele><time>2026-04-11T17:55:45Z</time></rtept><rtept lat="37.338387" lon="-106.700928"><ele>3750.097656</ele><time>2026-04-11T17:55:45Z</time></rtept><rtept lat="37.338286" lon="-106.701041"><ele>3747.796875</ele><time>2026-04-11T17:55:45Z</time></rtept><rtept lat="37.338201" lon="-106.70118"><ele>3745.699219</ele><time>2026-04-11T17:55:45Z</time></rtept><rtept lat="37.338105" lon="-106.701295"><ele>3742.699219</ele><time>2026-04-11T17:55:45Z</time></rtept><rtept lat="37.338095" lon="-106.701347"><ele>3742.597656</ele><time>2026-04-11T17:55:45Z</time></rtept><rtept lat="37.338109" lon="-106.70142"><ele>3743.5</ele><time>2026-04-11T17:55:45Z</time></rtept><rtept lat="37.338099" lon="-106.70149"><ele>3743.296875</ele><time>2026-04-11T17:55:45Z</time></rtept><rtept lat="37.338083" lon="-106.701528"><ele>3742.597656</ele><time>2026-04-11T17:55:45Z</time></rtept><rtept lat="37.338012" lon="-106.701588"><ele>3739.796875</ele><time>2026-04-11T17:55:45Z</time></rtept><rtept lat="37.337922" lon="-106.701792"><ele>3737.898438</ele><time>2026-04-11T17:55:45Z</time></rtept><rtept lat="37.337888" lon="-106.701904"><ele>3738.097656</ele><time>2026-04-11T17:55:45Z</time></rtept><rtept lat="37.337852" lon="-106.70208"><ele>3738.296875</ele><time>2026-04-11T17:55:45Z</time></rtept><rtept lat="37.337789" lon="-106.702258"><ele>3737.296875</ele><time>2026-04-11T17:55:45Z</time></rtept><rtept lat="37.337712" lon="-106.702422"><ele>3734.796875</ele><time>2026-04-11T17:55:45Z</time></rtept><rtept lat="37.337672" lon="-106.702525"><ele>3733.699219</ele><time>2026-04-11T17:55:45Z</time></rtept><rtept lat="37.337524" lon="-106.702788"><ele>3728.597656</ele><time>2026-04-11T17:55:45Z</time></rtept><rtept lat="37.337425" lon="-106.702911"><ele>3726.398438</ele><time>2026-04-11T17:55:45Z</time></rtept><rtept lat="37.337305" lon="-106.703118"><ele>3724.5</ele><time>2026-04-11T17:55:45Z</time></rtept><rtept lat="37.337276" lon="-106.703142"><ele>3723.398438</ele><time>2026-04-11T17:55:45Z</time></rtept><rtept lat="37.337221" lon="-106.703209"><ele>3721.597656</ele><time>2026-04-11T17:55:45Z</time></rtept><rtept lat="37.337195" lon="-106.70326"><ele>3721.199219</ele><time>2026-04-11T17:55:45Z</time></rtept><rtept lat="37.337127" lon="-106.703486"><ele>3719.597656</ele><time>2026-04-11T17:55:45Z</time></rtept><rtept lat="37.337098" lon="-106.703606"><ele>3718.699219</ele><time>2026-04-11T17:55:45Z</time></rtept><rtept lat="37.337075" lon="-106.703661"><ele>3718.199219</ele><time>2026-04-11T17:55:45Z</time></rtept><rtept lat="37.336962" lon="-106.703782"><ele>3713.699219</ele><time>2026-04-11T17:55:45Z</time></rtept><rtept lat="37.336914" lon="-106.703869"><ele>3712.296875</ele><time>2026-04-11T17:55:45Z</time></rtept><rtept lat="37.33689" lon="-106.70394"><ele>3712.296875</ele><time>2026-04-11T17:55:45Z</time></rtept><rtept lat="37.336832" lon="-106.704045"><ele>3711.296875</ele><time>2026-04-11T17:55:45Z</time></rtept><rtept lat="37.336757" lon="-106.704142"><ele>3710.097656</ele><time>2026-04-11T17:55:45Z</time></rtept><rtept lat="37.336615" lon="-106.704266"><ele>3707.5</ele><time>2026-04-11T17:55:45Z</time></rtept><rtept lat="37.336542" lon="-106.704348"><ele>3706.0</ele><time>2026-04-11T17:55:45Z</time></rtept><rtept lat="37.336498" lon="-106.704383"><ele>3705.199219</ele><time>2026-04-11T17:55:45Z</time></rtept><rtept lat="37.336404" lon="-106.704507"><ele>3704.0</ele><time>2026-04-11T17:55:45Z</time></rtept><rtept lat="37.336392" lon="-106.704553"><ele>3704.199219</ele><time>2026-04-11T17:55:45Z</time></rtept><rtept lat="37.336367" lon="-106.704582"><ele>3703.898438</ele><time>2026-04-11T17:55:45Z</time></rtept><rtept lat="37.336355" lon="-106.704629"><ele>3703.898438</ele><time>2026-04-11T17:55:45Z</time></rtept><rtept lat="37.336337" lon="-106.704627"><ele>3703.597656</ele><time>2026-04-11T17:55:45Z</time></rtept><rtept lat="37.336335" lon="-106.704591"><ele>3703.199219</ele><time>2026-04-11T17:55:45Z</time></rtept><rtept lat="37.336322" lon="-106.704582"><ele>3702.5</ele><time>2026-04-11T17:55:45Z</time></rtept><rtept lat="37.336296" lon="-106.704669"><ele>3702.898438</ele><time>2026-04-11T17:55:45Z</time></rtept><rtept lat="37.336238" lon="-106.704792"><ele>3702.199219</ele><time>2026-04-11T17:55:45Z</time></rtept><rtept lat="37.336159" lon="-106.704817"><ele>3700.597656</ele><time>2026-04-11T17:55:45Z</time></rtept><rtept lat="37.336125" lon="-106.704799"><ele>3699.699219</ele><time>2026-04-11T17:55:45Z</time></rtept><rtept lat="37.336087" lon="-106.704623"><ele>3697.097656</ele><time>2026-04-11T17:55:45Z</time></rtept><rtept lat="37.336057" lon="-106.704546"><ele>3695.796875</ele><time>2026-04-11T17:55:45Z</time></rtept><rtept lat="37.33604" lon="-106.704444"><ele>3694.398438</ele><time>2026-04-11T17:55:45Z</time></rtept><rtept lat="37.336037" lon="-106.704321"><ele>3692.597656</ele><time>2026-04-11T17:55:45Z</time></rtept><rtept lat="37.336029" lon="-106.704269"><ele>3691.597656</ele><time>2026-04-11T17:55:45Z</time></rtept><rtept lat="37.33601" lon="-106.704217"><ele>3690.5</ele><time>2026-04-11T17:55:45Z</time></rtept><rtept lat="37.335972" lon="-106.704198"><ele>3689.398438</ele><time>2026-04-11T17:55:45Z</time></rtept><rtept lat="37.33587" lon="-106.704217"><ele>3688.199219</ele><time>2026-04-11T17:55:45Z</time></rtept><rtept lat="37.335764" lon="-106.704219"><ele>3686.597656</ele><time>2026-04-11T17:55:45Z</time></rtept><rtept lat="37.335716" lon="-106.704237"><ele>3686.199219</ele><time>2026-04-11T17:55:45Z</time></rtept><rtept lat="37.335688" lon="-106.704198"><ele>3685.296875</ele><time>2026-04-11T17:55:45Z</time></rtept><rtept lat="37.335669" lon="-106.704092"><ele>3683.398438</ele><time>2026-04-11T17:55:45Z</time></rtept><rtept lat="37.335668" lon="-106.704036"><ele>3682.5</ele><time>2026-04-11T17:55:45Z</time></rtept><rtept lat="37.335488" lon="-106.703827"><ele>3677.398438</ele><time>2026-04-11T17:55:45Z</time></rtept><rtept lat="37.335426" lon="-106.703739"><ele>3675.398438</ele><time>2026-04-11T17:55:45Z</time></rtept><rtept lat="37.335371" lon="-106.703624"><ele>3673.199219</ele><time>2026-04-11T17:55:45Z</time></rtept><rtept lat="37.335359" lon="-106.703563"><ele>3671.796875</ele><time>2026-04-11T17:55:45Z</time></rtept><rtept lat="37.335384" lon="-106.703501"><ele>3670.296875</ele><time>2026-04-11T17:55:45Z</time></rtept><rtept lat="37.335455" lon="-106.70345"><ele>3669.199219</ele><time>2026-04-11T17:55:45Z</time></rtept><rtept lat="37.335505" lon="-106.703447"><ele>3669.5</ele><time>2026-04-11T17:55:45Z</time></rtept><rtept lat="37.335566" lon="-106.70346"><ele>3670.0</ele><time>2026-04-11T17:55:45Z</time></rtept><rtept lat="37.335606" lon="-106.70345"><ele>3670.0</ele><time>2026-04-11T17:55:45Z</time></rtept><rtept lat="37.335644" lon="-106.703455"><ele>3670.398438</ele><time>2026-04-11T17:55:45Z</time></rtept><rtept lat="37.335654" lon="-106.703446"><ele>3670.296875</ele><time>2026-04-11T17:55:45Z</time></rtept><rtept lat="37.33573" lon="-106.703438"><ele>3671.199219</ele><time>2026-04-11T17:55:45Z</time></rtept><rtept lat="37.335764" lon="-106.703406"><ele>3671.398438</ele><time>2026-04-11T17:55:45Z</time></rtept><rtept lat="37.335776" lon="-106.703373"><ele>3671.199219</ele><time>2026-04-11T17:55:45Z</time></rtept><rtept lat="37.33578" lon="-106.703308"><ele>3670.097656</ele><time>2026-04-11T17:55:45Z</time></rtept><rtept lat="37.335778" lon="-106.703245"><ele>3669.296875</ele><time>2026-04-11T17:55:45Z</time></rtept><rtept lat="37.335759" lon="-106.703183"><ele>3667.699219</ele><time>2026-04-11T17:55:45Z</time></rtept><rtept lat="37.335758" lon="-106.703084"><ele>3666.199219</ele><time>2026-04-11T17:55:45Z</time></rtept><rtept lat="37.33579" lon="-106.703044"><ele>3666.5</ele><time>2026-04-11T17:55:45Z</time></rtept><rtept lat="37.335791" lon="-106.702971"><ele>3665.097656</ele><time>2026-04-11T17:55:45Z</time></rtept><rtept lat="37.335783" lon="-106.702898"><ele>3663.398438</ele><time>2026-04-11T17:55:45Z</time></rtept><rtept lat="37.335797" lon="-106.702848"><ele>3663.199219</ele><time>2026-04-11T17:55:45Z</time></rtept><rtept lat="37.335834" lon="-106.702797"><ele>3663.296875</ele><time>2026-04-11T17:55:45Z</time></rtept><rtept lat="37.335857" lon="-106.702748"><ele>3663.5</ele><time>2026-04-11T17:55:45Z</time></rtept><rtept lat="37.335861" lon="-106.702671"><ele>3662.296875</ele><time>2026-04-11T17:55:45Z</time></rtept><rtept lat="37.33588" lon="-106.70256"><ele>3661.296875</ele><time>2026-04-11T17:55:45Z</time></rtept><rtept lat="37.335851" lon="-106.70257"><ele>3660.296875</ele><time>2026-04-11T17:55:45Z</time></rtept><rtept lat="37.335816" lon="-106.702615"><ele>3659.898438</ele><time>2026-04-11T17:55:45Z</time></rtept><rtept lat="37.335793" lon="-106.702663"><ele>3659.5</ele><time>2026-04-11T17:55:45Z</time></rtept><rtept lat="37.33565" lon="-106.702757"><ele>3656.097656</ele><time>2026-04-11T17:55:45Z</time></rtept><rtept lat="37.335618" lon="-106.702777"><ele>3655.398438</ele><time>2026-04-11T17:55:45Z</time></rtept><rtept lat="37.335596" lon="-106.702739"><ele>3653.898438</ele><time>2026-04-11T17:55:45Z</time></rtept><rtept lat="37.335644" lon="-106.702672"><ele>3654.097656</ele><time>2026-04-11T17:55:45Z</time></rtept><rtept lat="37.335661" lon="-106.70262"><ele>3653.898438</ele><time>2026-04-11T17:55:45Z</time></rtept><rtept lat="37.335655" lon="-106.702561"><ele>3652.796875</ele><time>2026-04-11T17:55:45Z</time></rtept><rtept lat="37.335665" lon="-106.702359"><ele>3650.597656</ele><time>2026-04-11T17:55:45Z</time></rtept><rtept lat="37.335625" lon="-106.702306"><ele>3648.5</ele><time>2026-04-11T17:55:45Z</time></rtept><rtept lat="37.33561" lon="-106.702229"><ele>3646.699219</ele><time>2026-04-11T17:55:45Z</time></rtept><rtept lat="37.335573" lon="-106.70215"><ele>3644.699219</ele><time>2026-04-11T17:55:45Z</time></rtept><rtept lat="37.335568" lon="-106.702055"><ele>3644.199219</ele><time>2026-04-11T17:55:45Z</time></rtept><rtept lat="37.335546" lon="-106.702004"><ele>3643.097656</ele><time>2026-04-11T17:55:45Z</time></rtept><rtept lat="37.335522" lon="-106.70191"><ele>3641.097656</ele><time>2026-04-11T17:55:45Z</time></rtept><rtept lat="37.335467" lon="-106.701846"><ele>3638.296875</ele><time>2026-04-11T17:55:45Z</time></rtept><rtept lat="37.33541" lon="-106.701733"><ele>3634.398438</ele><time>2026-04-11T17:55:45Z</time></rtept><rtept lat="37.335367" lon="-106.701596"><ele>3631.199219</ele><time>2026-04-11T17:55:45Z</time></rtept><rtept lat="37.335368" lon="-106.701548"><ele>3630.699219</ele><time>2026-04-11T17:55:45Z</time></rtept><rtept lat="37.335387" lon="-106.701454"><ele>3630.597656</ele><time>2026-04-11T17:55:45Z</time></rtept><rtept lat="37.335355" lon="-106.70131"><ele>3627.796875</ele><time>2026-04-11T17:55:45Z</time></rtept><rtept lat="37.335333" lon="-106.701277"><ele>3626.296875</ele><time>2026-04-11T17:55:45Z</time></rtept><rtept lat="37.335318" lon="-106.701231"><ele>3625.296875</ele><time>2026-04-11T17:55:45Z</time></rtept><rtept lat="37.335319" lon="-106.701204"><ele>3624.898438</ele><time>2026-04-11T17:55:45Z</time></rtept><rtept lat="37.335292" lon="-106.701155"><ele>3623.097656</ele><time>2026-04-11T17:55:45Z</time></rtept><rtept lat="37.335284" lon="-106.701071"><ele>3621.699219</ele><time>2026-04-11T17:55:45Z</time></rtept><rtept lat="37.335267" lon="-106.701004"><ele>3620.398438</ele><time>2026-04-11T17:55:45Z</time></rtept><rtept lat="37.335274" lon="-106.700856"><ele>3618.898438</ele><time>2026-04-11T17:55:45Z</time></rtept><rtept lat="37.335267" lon="-106.700729"><ele>3618.398438</ele><time>2026-04-11T17:55:45Z</time></rtept><rtept lat="37.335259" lon="-106.700664"><ele>3617.699219</ele><time>2026-04-11T17:55:45Z</time></rtept><rtept lat="37.335224" lon="-106.700561"><ele>3615.398438</ele><time>2026-04-11T17:55:45Z</time></rtept><rtept lat="37.335237" lon="-106.70044"><ele>3615.699219</ele><time>2026-04-11T17:55:45Z</time></rtept><rtept lat="37.33527" lon="-106.70037"><ele>3616.796875</ele><time>2026-04-11T17:55:45Z</time></rtept><rtept lat="37.335268" lon="-106.700314"><ele>3616.398438</ele><time>2026-04-11T17:55:45Z</time></rtept><rtept lat="37.335177" lon="-106.70006"><ele>3610.199219</ele><time>2026-04-11T17:55:45Z</time></rtept><rtept lat="37.335149" lon="-106.700003"><ele>3608.5</ele><time>2026-04-11T17:55:45Z</time></rtept><rtept lat="37.335082" lon="-106.699919"><ele>3605.5</ele><time>2026-04-11T17:55:45Z</time></rtept><rtept lat="37.335063" lon="-106.699854"><ele>3604.597656</ele><time>2026-04-11T17:55:45Z</time></rtept><rtept lat="37.335055" lon="-106.699793"><ele>3604.199219</ele><time>2026-04-11T17:55:45Z</time></rtept><rtept lat="37.335014" lon="-106.699678"><ele>3603.0</ele><time>2026-04-11T17:55:45Z</time></rtept><rtept lat="37.334978" lon="-106.699631"><ele>3602.199219</ele><time>2026-04-11T17:55:45Z</time></rtept><rtept lat="37.334806" lon="-106.699548"><ele>3597.097656</ele><time>2026-04-11T17:55:45Z</time></rtept><rtept lat="37.334755" lon="-106.699472"><ele>3595.699219</ele><time>2026-04-11T17:55:45Z</time></rtept><rtept lat="37.334726" lon="-106.699452"><ele>3594.796875</ele><time>2026-04-11T17:55:45Z</time></rtept><rtept lat="37.334686" lon="-106.699402"><ele>3593.296875</ele><time>2026-04-11T17:55:45Z</time></rtept><rtept lat="37.334651" lon="-106.699345"><ele>3591.796875</ele><time>2026-04-11T17:55:45Z</time></rtept><rtept lat="37.334636" lon="-106.699288"><ele>3591.296875</ele><time>2026-04-11T17:55:45Z</time></rtept><rtept lat="37.334638" lon="-106.69916"><ele>3590.796875</ele><time>2026-04-11T17:55:45Z</time></rtept><rtept lat="37.334649" lon="-106.699037"><ele>3589.699219</ele><time>2026-04-11T17:55:45Z</time></rtept><rtept lat="37.334645" lon="-106.698799"><ele>3586.597656</ele><time>2026-04-11T17:55:45Z</time></rtept><rtept lat="37.334679" lon="-106.698676"><ele>3585.796875</ele><time>2026-04-11T17:55:45Z</time></rtept><rtept lat="37.334769" lon="-106.698518"><ele>3586.699219</ele><time>2026-04-11T17:55:45Z</time></rtept><rtept lat="37.334752" lon="-106.69846"><ele>3585.597656</ele><time>2026-04-11T17:55:45Z</time></rtept><rtept lat="37.334757" lon="-106.698403"><ele>3585.5</ele><time>2026-04-11T17:55:45Z</time></rtept><rtept lat="37.334721" lon="-106.698271"><ele>3582.796875</ele><time>2026-04-11T17:55:45Z</time></rtept><rtept lat="37.334691" lon="-106.697999"><ele>3578.699219</ele><time>2026-04-11T17:55:45Z</time></rtept><rtept lat="37.334686" lon="-106.697885"><ele>3577.0</ele><time>2026-04-11T17:55:45Z</time></rtept><rtept lat="37.334704" lon="-106.697732"><ele>3575.0</ele><time>2026-04-11T17:55:45Z</time></rtept><rtept lat="37.3347" lon="-106.697671"><ele>3574.296875</ele><time>2026-04-11T17:55:45Z</time></rtept><rtept lat="37.334705" lon="-106.697608"><ele>3573.898438</ele><time>2026-04-11T17:55:45Z</time></rtept><rtept lat="37.334706" lon="-106.697549"><ele>3573.199219</ele><time>2026-04-11T17:55:45Z</time></rtept><rtept lat="37.334696" lon="-106.697503"><ele>3572.199219</ele><time>2026-04-11T17:55:45Z</time></rtept><rtept lat="37.334699" lon="-106.697442"><ele>3571.796875</ele><time>2026-04-11T17:55:45Z</time></rtept><rtept lat="37.334633" lon="-106.697164"><ele>3567.097656</ele><time>2026-04-11T17:55:45Z</time></rtept><rtept lat="37.334602" lon="-106.696964"><ele>3563.898438</ele><time>2026-04-11T17:55:45Z</time></rtept><rtept lat="37.334612" lon="-106.696863"><ele>3562.898438</ele><time>2026-04-11T17:55:45Z</time></rtept><rtept lat="37.334589" lon="-106.696778"><ele>3560.898438</ele><time>2026-04-11T17:55:45Z</time></rtept><rtept lat="37.334593" lon="-106.696646"><ele>3559.0</ele><time>2026-04-11T17:55:45Z</time></rtept><rtept lat="37.334576" lon="-106.696545"><ele>3557.199219</ele><time>2026-04-11T17:55:45Z</time></rtept><rtept lat="37.334577" lon="-106.696474"><ele>3556.097656</ele><time>2026-04-11T17:55:45Z</time></rtept><rtept lat="37.334598" lon="-106.696421"><ele>3556.097656</ele><time>2026-04-11T17:55:45Z</time></rtept><rtept lat="37.334713" lon="-106.696261"><ele>3557.0</ele><time>2026-04-11T17:55:45Z</time></rtept><rtept lat="37.334776" lon="-106.696112"><ele>3556.398438</ele><time>2026-04-11T17:55:45Z</time></rtept><rtept lat="37.33477" lon="-106.696054"><ele>3556.296875</ele><time>2026-04-11T17:55:45Z</time></rtept><rtept lat="37.334749" lon="-106.696011"><ele>3555.898438</ele><time>2026-04-11T17:55:45Z</time></rtept><rtept lat="37.33474" lon="-106.695938"><ele>3556.0</ele><time>2026-04-11T17:55:45Z</time></rtept><rtept lat="37.334751" lon="-106.695808"><ele>3557.0</ele><time>2026-04-11T17:55:45Z</time></rtept><rtept lat="37.334745" lon="-106.695663"><ele>3558.199219</ele><time>2026-04-11T17:55:45Z</time></rtept><rtept lat="37.334726" lon="-106.695537"><ele>3558.296875</ele><time>2026-04-11T17:55:45Z</time></rtept><rtept lat="37.334645" lon="-106.695372"><ele>3556.097656</ele><time>2026-04-11T17:55:45Z</time></rtept><rtept lat="37.334599" lon="-106.695252"><ele>3554.699219</ele><time>2026-04-11T17:55:45Z</time></rtept><rtept lat="37.334562" lon="-106.695202"><ele>3553.5</ele><time>2026-04-11T17:55:45Z</time></rtept><rtept lat="37.334538" lon="-106.69514"><ele>3553.097656</ele><time>2026-04-11T17:55:45Z</time></rtept><rtept lat="37.334478" lon="-106.695043"><ele>3551.5</ele><time>2026-04-11T17:55:45Z</time></rtept><rtept lat="37.334466" lon="-106.694979"><ele>3551.398438</ele><time>2026-04-11T17:55:45Z</time></rtept><rtept lat="37.334404" lon="-106.694869"><ele>3549.398438</ele><time>2026-04-11T17:55:45Z</time></rtept><rtept lat="37.334383" lon="-106.694811"><ele>3548.796875</ele><time>2026-04-11T17:55:45Z</time></rtept><rtept lat="37.334365" lon="-106.694619"><ele>3549.296875</ele><time>2026-04-11T17:55:45Z</time></rtept><rtept lat="37.334333" lon="-106.694522"><ele>3548.398438</ele><time>2026-04-11T17:55:45Z</time></rtept><rtept lat="37.334289" lon="-106.694427"><ele>3547.597656</ele><time>2026-04-11T17:55:45Z</time></rtept><rtept lat="37.33417" lon="-106.694254"><ele>3544.796875</ele><time>2026-04-11T17:55:45Z</time></rtept><rtept lat="37.334111" lon="-106.694133"><ele>3543.398438</ele><time>2026-04-11T17:55:45Z</time></rtept><rtept lat="37.334071" lon="-106.694093"><ele>3542.199219</ele><time>2026-04-11T17:55:45Z</time></rtept><rtept lat="37.334045" lon="-106.694032"><ele>3541.597656</ele><time>2026-04-11T17:55:45Z</time></rtept><rtept lat="37.334007" lon="-106.693983"><ele>3540.597656</ele><time>2026-04-11T17:55:45Z</time></rtept><rtept lat="37.333967" lon="-106.693951"><ele>3539.796875</ele><time>2026-04-11T17:55:45Z</time></rtept><rtept lat="37.333845" lon="-106.693814"><ele>3537.398438</ele><time>2026-04-11T17:55:45Z</time></rtept><rtept lat="37.333828" lon="-106.693757"><ele>3537.5</ele><time>2026-04-11T17:55:45Z</time></rtept><rtept lat="37.333834" lon="-106.693627"><ele>3538.199219</ele><time>2026-04-11T17:55:45Z</time></rtept><rtept lat="37.333758" lon="-106.69342"><ele>3537.699219</ele><time>2026-04-11T17:55:45Z</time></rtept><rtept lat="37.333706" lon="-106.693414"><ele>3536.796875</ele><time>2026-04-11T17:55:45Z</time></rtept><rtept lat="37.333662" lon="-106.693388"><ele>3536.199219</ele><time>2026-04-11T17:55:45Z</time></rtept><rtept lat="37.333565" lon="-106.693397"><ele>3534.796875</ele><time>2026-04-11T17:55:45Z</time></rtept><rtept lat="37.333511" lon="-106.693389"><ele>3534.0</ele><time>2026-04-11T17:55:45Z</time></rtept><rtept lat="37.333462" lon="-106.693362"><ele>3533.398438</ele><time>2026-04-11T17:55:45Z</time></rtept><rtept lat="37.333366" lon="-106.693288"><ele>3532.699219</ele><time>2026-04-11T17:55:45Z</time></rtept><rtept lat="37.333279" lon="-106.693205"><ele>3532.199219</ele><time>2026-04-11T17:55:45Z</time></rtept><rtept lat="37.333068" lon="-106.692976"><ele>3531.398438</ele><time>2026-04-11T17:55:45Z</time></rtept><rtept lat="37.332963" lon="-106.69274"><ele>3531.796875</ele><time>2026-04-11T17:55:45Z</time></rtept><rtept lat="37.332893" lon="-106.692639"><ele>3530.699219</ele><time>2026-04-11T17:55:45Z</time></rtept><rtept lat="37.332817" lon="-106.692559"><ele>3529.296875</ele><time>2026-04-11T17:55:45Z</time></rtept><rtept lat="37.332782" lon="-106.692503"><ele>3528.597656</ele><time>2026-04-11T17:55:45Z</time></rtept><rtept lat="37.332758" lon="-106.692441"><ele>3528.699219</ele><time>2026-04-11T17:55:45Z</time></rtept><rtept lat="37.332727" lon="-106.692404"><ele>3528.199219</ele><time>2026-04-11T17:55:45Z</time></rtept><rtept lat="37.33271" lon="-106.692348"><ele>3528.097656</ele><time>2026-04-11T17:55:45Z</time></rtept><rtept lat="37.33272" lon="-106.692285"><ele>3529.097656</ele><time>2026-04-11T17:55:45Z</time></rtept><rtept lat="37.332709" lon="-106.69222"><ele>3529.597656</ele><time>2026-04-11T17:55:45Z</time></rtept><rtept lat="37.332656" lon="-106.692202"><ele>3528.296875</ele><time>2026-04-11T17:55:45Z</time></rtept><rtept lat="37.332613" lon="-106.692173"><ele>3527.398438</ele><time>2026-04-11T17:55:45Z</time></rtept><rtept lat="37.332527" lon="-106.69206"><ele>3527.597656</ele><time>2026-04-11T17:55:45Z</time></rtept><rtept lat="37.332485" lon="-106.692023"><ele>3527.296875</ele><time>2026-04-11T17:55:45Z</time></rtept><rtept lat="37.332357" lon="-106.691951"><ele>3524.796875</ele><time>2026-04-11T17:55:45Z</time></rtept><rtept lat="37.33228" lon="-106.691868"><ele>3523.796875</ele><time>2026-04-11T17:55:45Z</time></rtept><rtept lat="37.332235" lon="-106.691832"><ele>3522.796875</ele><time>2026-04-11T17:55:45Z</time></rtept><rtept lat="37.332184" lon="-106.691809"><ele>3521.398438</ele><time>2026-04-11T17:55:45Z</time></rtept><rtept lat="37.33209" lon="-106.69175"><ele>3519.0</ele><time>2026-04-11T17:55:45Z</time></rtept><rtept lat="37.332052" lon="-106.691706"><ele>3518.5</ele><time>2026-04-11T17:55:45Z</time></rtept><rtept lat="37.332031" lon="-106.691622"><ele>3519.796875</ele><time>2026-04-11T17:55:45Z</time></rtept><rtept lat="37.331997" lon="-106.691608"><ele>3519.398438</ele><time>2026-04-11T17:55:45Z</time></rtept><rtept lat="37.331943" lon="-106.691634"><ele>3517.5</ele><time>2026-04-11T17:55:45Z</time></rtept><rtept lat="37.331855" lon="-106.691629"><ele>3515.398438</ele><time>2026-04-11T17:55:45Z</time></rtept><rtept lat="37.331778" lon="-106.691513"><ele>3517.898438</ele><time>2026-04-11T17:55:45Z</time></rtept><rtept lat="37.331507" lon="-106.691228"><ele>3517.699219</ele><time>2026-04-11T17:55:45Z</time></rtept><rtept lat="37.331395" lon="-106.69102"><ele>3517.699219</ele><time>2026-04-11T17:55:45Z</time></rtept><rtept lat="37.331331" lon="-106.690935"><ele>3516.097656</ele><time>2026-04-11T17:55:45Z</time></rtept><rtept lat="37.331213" lon="-106.690837"><ele>3512.296875</ele><time>2026-04-11T17:55:45Z</time></rtept><rtept lat="37.331144" lon="-106.690738"><ele>3509.796875</ele><time>2026-04-11T17:55:45Z</time></rtept><rtept lat="37.331103" lon="-106.690643"><ele>3508.398438</ele><time>2026-04-11T17:55:45Z</time></rtept><rtept lat="37.331048" lon="-106.690557"><ele>3506.398438</ele><time>2026-04-11T17:55:45Z</time></rtept><rtept lat="37.330999" lon="-106.690368"><ele>3502.296875</ele><time>2026-04-11T17:55:45Z</time></rtept><rtept lat="37.331009" lon="-106.690291"><ele>3501.898438</ele><time>2026-04-11T17:55:45Z</time></rtept><rtept lat="37.331003" lon="-106.690214"><ele>3500.796875</ele><time>2026-04-11T17:55:45Z</time></rtept><rtept lat="37.330922" lon="-106.690066"><ele>3496.597656</ele><time>2026-04-11T17:55:45Z</time></rtept><rtept lat="37.330874" lon="-106.689953"><ele>3494.296875</ele><time>2026-04-11T17:55:45Z</time></rtept></rte></gpx>