<?xml version="1.0" ?><gpx xmlns="http://www.topografix.com/GPX/1/1" creator="GaiaGPS" version="1.1" xmlns:xsi="http://www.w3.org/2001/XMLSchema-instance" xsi:schemaLocation="http://www.topografix.com/GPX/1/1 http://www.topografix.com/GPX/1/1/gpx.xsd"><rte><name>TD28:S7:D3 Adams Fork Tr to Blue Lake</name><desc>Well-watered day — 7 named streams. Camps at Blue Lake (~11,478ft), a named alpine lake. CDTC Seg 1/2 junction nearby. Best camp of S7.</desc><extensions><line xmlns="http://www.topografix.com/GPX/gpx_style/0/2"><color>0479FF</color></line></extensions><rtept lat="37.328906" lon="-106.688768"><ele>3447.6</ele><time>2026-04-11T16:50:51Z</time></rtept><rtept lat="37.32886" lon="-106.688672"><ele>3448.2</ele><time>2026-04-11T16:50:51Z</time></rtept><rtept lat="37.328852" lon="-106.688397"><ele>3444.0</ele><time>2026-04-11T16:50:51Z</time></rtept><rtept lat="37.328803" lon="-106.688238"><ele>3444.0</ele><time>2026-04-11T16:50:51Z</time></rtept><rtept lat="37.328776" lon="-106.6882"><ele>3442.8</ele><time>2026-04-11T16:50:51Z</time></rtept><rtept lat="37.328726" lon="-106.688097"><ele>3442.6</ele><time>2026-04-11T16:50:51Z</time></rtept><rtept lat="37.328589" lon="-106.68793"><ele>3442.8</ele><time>2026-04-11T16:50:51Z</time></rtept><rtept lat="37.328511" lon="-106.687863"><ele>3443.2</ele><time>2026-04-11T16:50:51Z</time></rtept><rtept lat="37.328473" lon="-106.687834"><ele>3443.2</ele><time>2026-04-11T16:50:51Z</time></rtept><rtept lat="37.328383" lon="-106.687823"><ele>3446.4</ele><time>2026-04-11T16:50:51Z</time></rtept><rtept lat="37.328339" lon="-106.687739"><ele>3445.6</ele><time>2026-04-11T16:50:51Z</time></rtept><rtept lat="37.32834" lon="-106.687645"><ele>3444.8</ele><time>2026-04-11T16:50:51Z</time></rtept><rtept lat="37.328332" lon="-106.687605"><ele>3444.2</ele><time>2026-04-11T16:50:51Z</time></rtept><rtept lat="37.328363" lon="-106.687482"><ele>3443.4</ele><time>2026-04-11T16:50:51Z</time></rtept><rtept lat="37.328459" lon="-106.687378"><ele>3441.0</ele><time>2026-04-11T16:50:51Z</time></rtept><rtept lat="37.328498" lon="-106.687297"><ele>3438.8</ele><time>2026-04-11T16:50:51Z</time></rtept><rtept lat="37.328513" lon="-106.687246"><ele>3438.6</ele><time>2026-04-11T16:50:51Z</time></rtept><rtept lat="37.328543" lon="-106.687218"><ele>3437.0</ele><time>2026-04-11T16:50:51Z</time></rtept><rtept lat="37.328563" lon="-106.687179"><ele>3436.8</ele><time>2026-04-11T16:50:51Z</time></rtept><rtept lat="37.328569" lon="-106.687102"><ele>3436.8</ele><time>2026-04-11T16:50:51Z</time></rtept><rtept lat="37.328588" lon="-106.687057"><ele>3436.8</ele><time>2026-04-11T16:50:51Z</time></rtept><rtept lat="37.328597" lon="-106.687005"><ele>3436.6</ele><time>2026-04-11T16:50:51Z</time></rtept><rtept lat="37.328594" lon="-106.686886"><ele>3436.8</ele><time>2026-04-11T16:50:51Z</time></rtept><rtept lat="37.328569" lon="-106.686775"><ele>3437.0</ele><time>2026-04-11T16:50:51Z</time></rtept><rtept lat="37.328545" lon="-106.686724"><ele>3437.2</ele><time>2026-04-11T16:50:51Z</time></rtept><rtept lat="37.328469" lon="-106.686671"><ele>3439.2</ele><time>2026-04-11T16:50:51Z</time></rtept><rtept lat="37.328435" lon="-106.686567"><ele>3441.2</ele><time>2026-04-11T16:50:51Z</time></rtept><rtept lat="37.328371" lon="-106.686415"><ele>3442.8</ele><time>2026-04-11T16:50:51Z</time></rtept><rtept lat="37.328322" lon="-106.686259"><ele>3443.8</ele><time>2026-04-11T16:50:51Z</time></rtept><rtept lat="37.328212" lon="-106.686079"><ele>3442.6</ele><time>2026-04-11T16:50:51Z</time></rtept><rtept lat="37.328143" lon="-106.685984"><ele>3442.4</ele><time>2026-04-11T16:50:51Z</time></rtept><rtept lat="37.328113" lon="-106.685883"><ele>3442.6</ele><time>2026-04-11T16:50:51Z</time></rtept><rtept lat="37.328105" lon="-106.685778"><ele>3441.8</ele><time>2026-04-11T16:50:51Z</time></rtept><rtept lat="37.328125" lon="-106.685664"><ele>3440.8</ele><time>2026-04-11T16:50:51Z</time></rtept><rtept lat="37.328121" lon="-106.685607"><ele>3439.8</ele><time>2026-04-11T16:50:51Z</time></rtept><rtept lat="37.328091" lon="-106.685561"><ele>3439.0</ele><time>2026-04-11T16:50:51Z</time></rtept><rtept lat="37.328076" lon="-106.685506"><ele>3439.0</ele><time>2026-04-11T16:50:51Z</time></rtept><rtept lat="37.328043" lon="-106.685446"><ele>3439.6</ele><time>2026-04-11T16:50:51Z</time></rtept><rtept lat="37.32797" lon="-106.68533"><ele>3440.2</ele><time>2026-04-11T16:50:51Z</time></rtept><rtept lat="37.327928" lon="-106.685167"><ele>3438.4</ele><time>2026-04-11T16:50:51Z</time></rtept><rtept lat="37.327944" lon="-106.684945"><ele>3435.8</ele><time>2026-04-11T16:50:51Z</time></rtept><rtept lat="37.327855" lon="-106.684676"><ele>3434.8</ele><time>2026-04-11T16:50:51Z</time></rtept><rtept lat="37.327797" lon="-106.68452"><ele>3435.2</ele><time>2026-04-11T16:50:51Z</time></rtept><rtept lat="37.327724" lon="-106.684424"><ele>3436.6</ele><time>2026-04-11T16:50:51Z</time></rtept><rtept lat="37.327631" lon="-106.684319"><ele>3440.2</ele><time>2026-04-11T16:50:51Z</time></rtept><rtept lat="37.327564" lon="-106.684077"><ele>3440.8</ele><time>2026-04-11T16:50:51Z</time></rtept><rtept lat="37.327556" lon="-106.684008"><ele>3440.2</ele><time>2026-04-11T16:50:51Z</time></rtept><rtept lat="37.327584" lon="-106.683959"><ele>3438.0</ele><time>2026-04-11T16:50:51Z</time></rtept><rtept lat="37.3276" lon="-106.683903"><ele>3437.4</ele><time>2026-04-11T16:50:51Z</time></rtept><rtept lat="37.327599" lon="-106.683824"><ele>3436.8</ele><time>2026-04-11T16:50:51Z</time></rtept><rtept lat="37.327607" lon="-106.683761"><ele>3436.2</ele><time>2026-04-11T16:50:51Z</time></rtept><rtept lat="37.327593" lon="-106.68363"><ele>3435.6</ele><time>2026-04-11T16:50:51Z</time></rtept><rtept lat="37.327563" lon="-106.683508"><ele>3436.6</ele><time>2026-04-11T16:50:51Z</time></rtept><rtept lat="37.327426" lon="-106.683199"><ele>3439.2</ele><time>2026-04-11T16:50:51Z</time></rtept><rtept lat="37.327395" lon="-106.683111"><ele>3438.4</ele><time>2026-04-11T16:50:51Z</time></rtept><rtept lat="37.327396" lon="-106.683084"><ele>3438.4</ele><time>2026-04-11T16:50:51Z</time></rtept><rtept lat="37.32737" lon="-106.68303"><ele>3440.4</ele><time>2026-04-11T16:50:51Z</time></rtept><rtept lat="37.327313" lon="-106.682862"><ele>3438.8</ele><time>2026-04-11T16:50:51Z</time></rtept><rtept lat="37.327281" lon="-106.682752"><ele>3440.8</ele><time>2026-04-11T16:50:51Z</time></rtept><rtept lat="37.327273" lon="-106.682697"><ele>3439.8</ele><time>2026-04-11T16:50:51Z</time></rtept><rtept lat="37.32724" lon="-106.68261"><ele>3439.0</ele><time>2026-04-11T16:50:51Z</time></rtept><rtept lat="37.327178" lon="-106.682547"><ele>3440.8</ele><time>2026-04-11T16:50:51Z</time></rtept><rtept lat="37.327136" lon="-106.68248"><ele>3442.6</ele><time>2026-04-11T16:50:51Z</time></rtept><rtept lat="37.327092" lon="-106.682431"><ele>3445.6</ele><time>2026-04-11T16:50:51Z</time></rtept><rtept lat="37.327004" lon="-106.682276"><ele>3446.0</ele><time>2026-04-11T16:50:51Z</time></rtept><rtept lat="37.326991" lon="-106.682229"><ele>3446.0</ele><time>2026-04-11T16:50:51Z</time></rtept><rtept lat="37.326923" lon="-106.68211"><ele>3446.0</ele><time>2026-04-11T16:50:51Z</time></rtept><rtept lat="37.326852" lon="-106.682022"><ele>3447.4</ele><time>2026-04-11T16:50:51Z</time></rtept><rtept lat="37.326646" lon="-106.682242"><ele>3459.8</ele><time>2026-04-11T16:50:51Z</time></rtept><rtept lat="37.326441" lon="-106.682461"><ele>3469.0</ele><time>2026-04-11T16:50:51Z</time></rtept><rtept lat="37.326235" lon="-106.682681"><ele>3480.0</ele><time>2026-04-11T16:50:51Z</time></rtept><rtept lat="37.326131" lon="-106.682792"><ele>3488.4</ele><time>2026-04-11T16:50:51Z</time></rtept><rtept lat="37.326337" lon="-106.682572"><ele>3475.8</ele><time>2026-04-11T16:50:51Z</time></rtept><rtept lat="37.326542" lon="-106.682353"><ele>3465.8</ele><time>2026-04-11T16:50:51Z</time></rtept><rtept lat="37.326748" lon="-106.682133"><ele>3454.6</ele><time>2026-04-11T16:50:51Z</time></rtept><rtept lat="37.326852" lon="-106.682022"><ele>3447.4</ele><time>2026-04-11T16:50:51Z</time></rtept><rtept lat="37.326755" lon="-106.681858"><ele>3449.0</ele><time>2026-04-11T16:50:51Z</time></rtept><rtept lat="37.326719" lon="-106.681834"><ele>3449.0</ele><time>2026-04-11T16:50:51Z</time></rtept><rtept lat="37.326647" lon="-106.681724"><ele>3449.2</ele><time>2026-04-11T16:50:51Z</time></rtept><rtept lat="37.326594" lon="-106.681604"><ele>3447.0</ele><time>2026-04-11T16:50:51Z</time></rtept><rtept lat="37.326526" lon="-106.681525"><ele>3446.8</ele><time>2026-04-11T16:50:51Z</time></rtept><rtept lat="37.326438" lon="-106.68136"><ele>3444.4</ele><time>2026-04-11T16:50:51Z</time></rtept><rtept lat="37.32641" lon="-106.681228"><ele>3444.2</ele><time>2026-04-11T16:50:51Z</time></rtept><rtept lat="37.326389" lon="-106.681178"><ele>3442.6</ele><time>2026-04-11T16:50:51Z</time></rtept><rtept lat="37.326285" lon="-106.681051"><ele>3442.6</ele><time>2026-04-11T16:50:51Z</time></rtept><rtept lat="37.326249" lon="-106.681017"><ele>3442.6</ele><time>2026-04-11T16:50:51Z</time></rtept><rtept lat="37.32616" lon="-106.680952"><ele>3443.8</ele><time>2026-04-11T16:50:51Z</time></rtept><rtept lat="37.326126" lon="-106.680946"><ele>3445.2</ele><time>2026-04-11T16:50:51Z</time></rtept><rtept lat="37.326068" lon="-106.680906"><ele>3444.8</ele><time>2026-04-11T16:50:51Z</time></rtept><rtept lat="37.325843" lon="-106.680693"><ele>3444.8</ele><time>2026-04-11T16:50:51Z</time></rtept><rtept lat="37.325826" lon="-106.68065"><ele>3444.0</ele><time>2026-04-11T16:50:51Z</time></rtept><rtept lat="37.32576" lon="-106.680567"><ele>3443.8</ele><time>2026-04-11T16:50:51Z</time></rtept><rtept lat="37.325649" lon="-106.680237"><ele>3444.2</ele><time>2026-04-11T16:50:51Z</time></rtept><rtept lat="37.32563" lon="-106.680196"><ele>3444.2</ele><time>2026-04-11T16:50:51Z</time></rtept><rtept lat="37.325589" lon="-106.680168"><ele>3444.6</ele><time>2026-04-11T16:50:51Z</time></rtept><rtept lat="37.325488" lon="-106.680005"><ele>3446.6</ele><time>2026-04-11T16:50:51Z</time></rtept><rtept lat="37.325419" lon="-106.679919"><ele>3448.8</ele><time>2026-04-11T16:50:51Z</time></rtept><rtept lat="37.325375" lon="-106.679878"><ele>3450.6</ele><time>2026-04-11T16:50:51Z</time></rtept><rtept lat="37.325358" lon="-106.679827"><ele>3450.6</ele><time>2026-04-11T16:50:51Z</time></rtept><rtept lat="37.325352" lon="-106.679781"><ele>3451.6</ele><time>2026-04-11T16:50:51Z</time></rtept><rtept lat="37.325357" lon="-106.67973"><ele>3453.0</ele><time>2026-04-11T16:50:51Z</time></rtept><rtept lat="37.325432" lon="-106.679476"><ele>3456.4</ele><time>2026-04-11T16:50:51Z</time></rtept><rtept lat="37.325589" lon="-106.679076"><ele>3459.4</ele><time>2026-04-11T16:50:51Z</time></rtept><rtept lat="37.325623" lon="-106.678944"><ele>3460.2</ele><time>2026-04-11T16:50:51Z</time></rtept><rtept lat="37.325665" lon="-106.678826"><ele>3462.0</ele><time>2026-04-11T16:50:51Z</time></rtept><rtept lat="37.325696" lon="-106.67866"><ele>3462.0</ele><time>2026-04-11T16:50:51Z</time></rtept><rtept lat="37.32572" lon="-106.678592"><ele>3463.6</ele><time>2026-04-11T16:50:51Z</time></rtept><rtept lat="37.325754" lon="-106.678572"><ele>3460.4</ele><time>2026-04-11T16:50:51Z</time></rtept><rtept lat="37.325793" lon="-106.678506"><ele>3461.8</ele><time>2026-04-11T16:50:51Z</time></rtept><rtept lat="37.325831" lon="-106.678402"><ele>3460.0</ele><time>2026-04-11T16:50:51Z</time></rtept><rtept lat="37.325838" lon="-106.678352"><ele>3461.6</ele><time>2026-04-11T16:50:51Z</time></rtept><rtept lat="37.325835" lon="-106.67829"><ele>3461.6</ele><time>2026-04-11T16:50:51Z</time></rtept><rtept lat="37.325826" lon="-106.678272"><ele>3463.2</ele><time>2026-04-11T16:50:51Z</time></rtept><rtept lat="37.32583" lon="-106.67816"><ele>3464.8</ele><time>2026-04-11T16:50:51Z</time></rtept><rtept lat="37.325821" lon="-106.678108"><ele>3464.8</ele><time>2026-04-11T16:50:51Z</time></rtept><rtept lat="37.325826" lon="-106.677661"><ele>3472.0</ele><time>2026-04-11T16:50:51Z</time></rtept><rtept lat="37.325836" lon="-106.677545"><ele>3472.6</ele><time>2026-04-11T16:50:51Z</time></rtept><rtept lat="37.325824" lon="-106.677436"><ele>3473.4</ele><time>2026-04-11T16:50:51Z</time></rtept><rtept lat="37.32582" lon="-106.677275"><ele>3474.6</ele><time>2026-04-11T16:50:51Z</time></rtept><rtept lat="37.32583" lon="-106.677218"><ele>3475.2</ele><time>2026-04-11T16:50:51Z</time></rtept><rtept lat="37.325891" lon="-106.67703"><ele>3474.0</ele><time>2026-04-11T16:50:51Z</time></rtept><rtept lat="37.325906" lon="-106.676927"><ele>3474.8</ele><time>2026-04-11T16:50:51Z</time></rtept><rtept lat="37.325925" lon="-106.676874"><ele>3475.8</ele><time>2026-04-11T16:50:51Z</time></rtept><rtept lat="37.32593" lon="-106.676817"><ele>3475.8</ele><time>2026-04-11T16:50:51Z</time></rtept><rtept lat="37.325922" lon="-106.676702"><ele>3477.6</ele><time>2026-04-11T16:50:51Z</time></rtept><rtept lat="37.32597" lon="-106.676504"><ele>3476.0</ele><time>2026-04-11T16:50:51Z</time></rtept><rtept lat="37.325961" lon="-106.676394"><ele>3476.6</ele><time>2026-04-11T16:50:51Z</time></rtept><rtept lat="37.325943" lon="-106.676353"><ele>3477.2</ele><time>2026-04-11T16:50:51Z</time></rtept><rtept lat="37.32594" lon="-106.676293"><ele>3480.8</ele><time>2026-04-11T16:50:51Z</time></rtept><rtept lat="37.325909" lon="-106.676195"><ele>3481.4</ele><time>2026-04-11T16:50:51Z</time></rtept><rtept lat="37.325917" lon="-106.676157"><ele>3481.4</ele><time>2026-04-11T16:50:51Z</time></rtept><rtept lat="37.325915" lon="-106.676113"><ele>3482.0</ele><time>2026-04-11T16:50:51Z</time></rtept><rtept lat="37.32587" lon="-106.675976"><ele>3486.4</ele><time>2026-04-11T16:50:51Z</time></rtept><rtept lat="37.325862" lon="-106.675867"><ele>3489.4</ele><time>2026-04-11T16:50:51Z</time></rtept><rtept lat="37.325882" lon="-106.675759"><ele>3488.0</ele><time>2026-04-11T16:50:51Z</time></rtept><rtept lat="37.325933" lon="-106.675613"><ele>3490.4</ele><time>2026-04-11T16:50:51Z</time></rtept><rtept lat="37.325928" lon="-106.675507"><ele>3491.4</ele><time>2026-04-11T16:50:51Z</time></rtept><rtept lat="37.32594" lon="-106.67544"><ele>3492.2</ele><time>2026-04-11T16:50:51Z</time></rtept><rtept lat="37.325944" lon="-106.675347"><ele>3490.6</ele><time>2026-04-11T16:50:51Z</time></rtept><rtept lat="37.325956" lon="-106.675312"><ele>3490.6</ele><time>2026-04-11T16:50:51Z</time></rtept><rtept lat="37.32595" lon="-106.675207"><ele>3491.4</ele><time>2026-04-11T16:50:51Z</time></rtept><rtept lat="37.325965" lon="-106.675108"><ele>3492.0</ele><time>2026-04-11T16:50:51Z</time></rtept><rtept lat="37.325935" lon="-106.674977"><ele>3495.6</ele><time>2026-04-11T16:50:51Z</time></rtept><rtept lat="37.325921" lon="-106.674914"><ele>3496.2</ele><time>2026-04-11T16:50:51Z</time></rtept><rtept lat="37.325915" lon="-106.674808"><ele>3496.6</ele><time>2026-04-11T16:50:51Z</time></rtept><rtept lat="37.325921" lon="-106.674751"><ele>3497.0</ele><time>2026-04-11T16:50:51Z</time></rtept><rtept lat="37.325909" lon="-106.674661"><ele>3497.4</ele><time>2026-04-11T16:50:51Z</time></rtept><rtept lat="37.325905" lon="-106.674562"><ele>3497.4</ele><time>2026-04-11T16:50:51Z</time></rtept><rtept lat="37.325881" lon="-106.674413"><ele>3497.4</ele><time>2026-04-11T16:50:51Z</time></rtept><rtept lat="37.325846" lon="-106.674329"><ele>3500.2</ele><time>2026-04-11T16:50:51Z</time></rtept><rtept lat="37.325843" lon="-106.674184"><ele>3499.6</ele><time>2026-04-11T16:50:51Z</time></rtept><rtept lat="37.325817" lon="-106.674095"><ele>3499.2</ele><time>2026-04-11T16:50:51Z</time></rtept><rtept lat="37.325818" lon="-106.674047"><ele>3498.6</ele><time>2026-04-11T16:50:51Z</time></rtept><rtept lat="37.325766" lon="-106.67392"><ele>3501.0</ele><time>2026-04-11T16:50:51Z</time></rtept><rtept lat="37.325729" lon="-106.673803"><ele>3502.2</ele><time>2026-04-11T16:50:51Z</time></rtept><rtept lat="37.325681" lon="-106.673699"><ele>3501.0</ele><time>2026-04-11T16:50:51Z</time></rtept><rtept lat="37.325642" lon="-106.673575"><ele>3502.8</ele><time>2026-04-11T16:50:51Z</time></rtept><rtept lat="37.325615" lon="-106.673454"><ele>3499.8</ele><time>2026-04-11T16:50:51Z</time></rtept><rtept lat="37.325411" lon="-106.673028"><ele>3502.0</ele><time>2026-04-11T16:50:51Z</time></rtept><rtept lat="37.325343" lon="-106.672932"><ele>3503.8</ele><time>2026-04-11T16:50:51Z</time></rtept><rtept lat="37.325316" lon="-106.672877"><ele>3507.4</ele><time>2026-04-11T16:50:51Z</time></rtept><rtept lat="37.325292" lon="-106.67282"><ele>3505.6</ele><time>2026-04-11T16:50:51Z</time></rtept><rtept lat="37.325237" lon="-106.672588"><ele>3504.0</ele><time>2026-04-11T16:50:51Z</time></rtept><rtept lat="37.325194" lon="-106.672471"><ele>3502.6</ele><time>2026-04-11T16:50:51Z</time></rtept><rtept lat="37.325125" lon="-106.672367"><ele>3504.8</ele><time>2026-04-11T16:50:51Z</time></rtept><rtept lat="37.325002" lon="-106.672144"><ele>3507.4</ele><time>2026-04-11T16:50:51Z</time></rtept><rtept lat="37.324907" lon="-106.671905"><ele>3509.8</ele><time>2026-04-11T16:50:51Z</time></rtept><rtept lat="37.324854" lon="-106.671795"><ele>3508.6</ele><time>2026-04-11T16:50:51Z</time></rtept><rtept lat="37.324815" lon="-106.67168"><ele>3510.2</ele><time>2026-04-11T16:50:51Z</time></rtept><rtept lat="37.324741" lon="-106.671504"><ele>3510.4</ele><time>2026-04-11T16:50:51Z</time></rtept><rtept lat="37.324675" lon="-106.671263"><ele>3507.2</ele><time>2026-04-11T16:50:51Z</time></rtept><rtept lat="37.324651" lon="-106.67114"><ele>3502.8</ele><time>2026-04-11T16:50:51Z</time></rtept><rtept lat="37.324614" lon="-106.671099"><ele>3506.4</ele><time>2026-04-11T16:50:51Z</time></rtept><rtept lat="37.324533" lon="-106.671064"><ele>3509.2</ele><time>2026-04-11T16:50:51Z</time></rtept><rtept lat="37.324689" lon="-106.670812"><ele>3503.2</ele><time>2026-04-11T16:50:51Z</time></rtept><rtept lat="37.324654" lon="-106.670608"><ele>3503.8</ele><time>2026-04-11T16:50:51Z</time></rtept><rtept lat="37.324595" lon="-106.670498"><ele>3506.2</ele><time>2026-04-11T16:50:51Z</time></rtept><rtept lat="37.324621" lon="-106.670399"><ele>3505.8</ele><time>2026-04-11T16:50:51Z</time></rtept><rtept lat="37.324631" lon="-106.67019"><ele>3504.4</ele><time>2026-04-11T16:50:51Z</time></rtept><rtept lat="37.324649" lon="-106.670063"><ele>3501.6</ele><time>2026-04-11T16:50:51Z</time></rtept><rtept lat="37.324655" lon="-106.669929"><ele>3500.0</ele><time>2026-04-11T16:50:51Z</time></rtept><rtept lat="37.324669" lon="-106.669867"><ele>3500.0</ele><time>2026-04-11T16:50:51Z</time></rtept><rtept lat="37.324675" lon="-106.669801"><ele>3499.2</ele><time>2026-04-11T16:50:51Z</time></rtept><rtept lat="37.324678" lon="-106.669738"><ele>3498.4</ele><time>2026-04-11T16:50:51Z</time></rtept><rtept lat="37.324659" lon="-106.669681"><ele>3497.6</ele><time>2026-04-11T16:50:51Z</time></rtept><rtept lat="37.324621" lon="-106.669645"><ele>3499.2</ele><time>2026-04-11T16:50:51Z</time></rtept><rtept lat="37.324603" lon="-106.669588"><ele>3498.8</ele><time>2026-04-11T16:50:51Z</time></rtept><rtept lat="37.324627" lon="-106.669533"><ele>3498.8</ele><time>2026-04-11T16:50:51Z</time></rtept><rtept lat="37.324657" lon="-106.669488"><ele>3497.4</ele><time>2026-04-11T16:50:51Z</time></rtept><rtept lat="37.324671" lon="-106.669431"><ele>3497.2</ele><time>2026-04-11T16:50:51Z</time></rtept><rtept lat="37.324666" lon="-106.669312"><ele>3497.4</ele><time>2026-04-11T16:50:51Z</time></rtept><rtept lat="37.324709" lon="-106.66928"><ele>3497.4</ele><time>2026-04-11T16:50:51Z</time></rtept><rtept lat="37.324797" lon="-106.669294"><ele>3493.6</ele><time>2026-04-11T16:50:51Z</time></rtept><rtept lat="37.32484" lon="-106.669281"><ele>3493.6</ele><time>2026-04-11T16:50:51Z</time></rtept><rtept lat="37.324895" lon="-106.669243"><ele>3491.6</ele><time>2026-04-11T16:50:51Z</time></rtept><rtept lat="37.32492" lon="-106.669208"><ele>3489.4</ele><time>2026-04-11T16:50:51Z</time></rtept><rtept lat="37.324941" lon="-106.669146"><ele>3490.6</ele><time>2026-04-11T16:50:51Z</time></rtept><rtept lat="37.324987" lon="-106.669067"><ele>3491.6</ele><time>2026-04-11T16:50:51Z</time></rtept><rtept lat="37.325006" lon="-106.669019"><ele>3489.2</ele><time>2026-04-11T16:50:51Z</time></rtept><rtept lat="37.325031" lon="-106.668983"><ele>3489.8</ele><time>2026-04-11T16:50:51Z</time></rtept><rtept lat="37.325045" lon="-106.668938"><ele>3489.8</ele><time>2026-04-11T16:50:51Z</time></rtept><rtept lat="37.325125" lon="-106.668856"><ele>3484.0</ele><time>2026-04-11T16:50:51Z</time></rtept><rtept lat="37.325178" lon="-106.668763"><ele>3484.0</ele><time>2026-04-11T16:50:51Z</time></rtept><rtept lat="37.325193" lon="-106.668701"><ele>3480.6</ele><time>2026-04-11T16:50:51Z</time></rtept><rtept lat="37.325249" lon="-106.668538"><ele>3480.0</ele><time>2026-04-11T16:50:51Z</time></rtept><rtept lat="37.325255" lon="-106.668483"><ele>3479.4</ele><time>2026-04-11T16:50:51Z</time></rtept><rtept lat="37.325253" lon="-106.668437"><ele>3479.4</ele><time>2026-04-11T16:50:51Z</time></rtept><rtept lat="37.32523" lon="-106.668327"><ele>3479.0</ele><time>2026-04-11T16:50:51Z</time></rtept><rtept lat="37.325216" lon="-106.668136"><ele>3477.6</ele><time>2026-04-11T16:50:51Z</time></rtept><rtept lat="37.325233" lon="-106.66791"><ele>3476.8</ele><time>2026-04-11T16:50:51Z</time></rtept><rtept lat="37.325228" lon="-106.66782"><ele>3476.6</ele><time>2026-04-11T16:50:51Z</time></rtept><rtept lat="37.325242" lon="-106.667643"><ele>3476.2</ele><time>2026-04-11T16:50:51Z</time></rtept><rtept lat="37.325256" lon="-106.667579"><ele>3476.0</ele><time>2026-04-11T16:50:51Z</time></rtept><rtept lat="37.325238" lon="-106.667248"><ele>3474.2</ele><time>2026-04-11T16:50:51Z</time></rtept><rtept lat="37.325225" lon="-106.666755"><ele>3470.4</ele><time>2026-04-11T16:50:51Z</time></rtept><rtept lat="37.325178" lon="-106.666252"><ele>3464.4</ele><time>2026-04-11T16:50:51Z</time></rtept><rtept lat="37.325156" lon="-106.666192"><ele>3464.4</ele><time>2026-04-11T16:50:51Z</time></rtept><rtept lat="37.325123" lon="-106.666138"><ele>3463.6</ele><time>2026-04-11T16:50:51Z</time></rtept><rtept lat="37.325085" lon="-106.666106"><ele>3463.6</ele><time>2026-04-11T16:50:51Z</time></rtept><rtept lat="37.325052" lon="-106.666041"><ele>3463.2</ele><time>2026-04-11T16:50:51Z</time></rtept><rtept lat="37.325052" lon="-106.665925"><ele>3461.6</ele><time>2026-04-11T16:50:51Z</time></rtept><rtept lat="37.325021" lon="-106.665884"><ele>3459.8</ele><time>2026-04-11T16:50:51Z</time></rtept><rtept lat="37.324976" lon="-106.665846"><ele>3461.8</ele><time>2026-04-11T16:50:51Z</time></rtept><rtept lat="37.324945" lon="-106.665798"><ele>3459.8</ele><time>2026-04-11T16:50:51Z</time></rtept><rtept lat="37.324923" lon="-106.665756"><ele>3459.8</ele><time>2026-04-11T16:50:51Z</time></rtept><rtept lat="37.324893" lon="-106.665643"><ele>3459.4</ele><time>2026-04-11T16:50:51Z</time></rtept><rtept lat="37.324927" lon="-106.665481"><ele>3460.4</ele><time>2026-04-11T16:50:51Z</time></rtept><rtept lat="37.324948" lon="-106.665425"><ele>3460.4</ele><time>2026-04-11T16:50:51Z</time></rtept><rtept lat="37.324954" lon="-106.665369"><ele>3462.2</ele><time>2026-04-11T16:50:51Z</time></rtept><rtept lat="37.324909" lon="-106.665022"><ele>3469.0</ele><time>2026-04-11T16:50:51Z</time></rtept><rtept lat="37.324919" lon="-106.664955"><ele>3468.2</ele><time>2026-04-11T16:50:51Z</time></rtept><rtept lat="37.324951" lon="-106.664885"><ele>3469.8</ele><time>2026-04-11T16:50:51Z</time></rtept><rtept lat="37.324981" lon="-106.664846"><ele>3469.8</ele><time>2026-04-11T16:50:51Z</time></rtept><rtept lat="37.325019" lon="-106.664734"><ele>3469.4</ele><time>2026-04-11T16:50:51Z</time></rtept><rtept lat="37.325091" lon="-106.664557"><ele>3472.6</ele><time>2026-04-11T16:50:51Z</time></rtept><rtept lat="37.325114" lon="-106.664517"><ele>3475.6</ele><time>2026-04-11T16:50:51Z</time></rtept><rtept lat="37.325124" lon="-106.664472"><ele>3473.0</ele><time>2026-04-11T16:50:51Z</time></rtept><rtept lat="37.325108" lon="-106.664457"><ele>3478.4</ele><time>2026-04-11T16:50:51Z</time></rtept><rtept lat="37.325103" lon="-106.664387"><ele>3478.4</ele><time>2026-04-11T16:50:51Z</time></rtept><rtept lat="37.32512" lon="-106.664288"><ele>3480.8</ele><time>2026-04-11T16:50:51Z</time></rtept><rtept lat="37.325157" lon="-106.664237"><ele>3480.4</ele><time>2026-04-11T16:50:51Z</time></rtept><rtept lat="37.325173" lon="-106.6642"><ele>3480.4</ele><time>2026-04-11T16:50:51Z</time></rtept><rtept lat="37.325197" lon="-106.664089"><ele>3480.8</ele><time>2026-04-11T16:50:51Z</time></rtept><rtept lat="37.32522" lon="-106.664045"><ele>3480.8</ele><time>2026-04-11T16:50:51Z</time></rtept><rtept lat="37.325235" lon="-106.663907"><ele>3483.4</ele><time>2026-04-11T16:50:51Z</time></rtept><rtept lat="37.325259" lon="-106.663837"><ele>3484.6</ele><time>2026-04-11T16:50:51Z</time></rtept><rtept lat="37.325281" lon="-106.663686"><ele>3482.4</ele><time>2026-04-11T16:50:51Z</time></rtept><rtept lat="37.325266" lon="-106.663647"><ele>3483.4</ele><time>2026-04-11T16:50:51Z</time></rtept><rtept lat="37.325256" lon="-106.663571"><ele>3487.4</ele><time>2026-04-11T16:50:51Z</time></rtept><rtept lat="37.325247" lon="-106.663557"><ele>3487.4</ele><time>2026-04-11T16:50:51Z</time></rtept><rtept lat="37.32517" lon="-106.663742"><ele>3489.0</ele><time>2026-04-11T16:50:51Z</time></rtept><rtept lat="37.325126" lon="-106.663812"><ele>3487.8</ele><time>2026-04-11T16:50:51Z</time></rtept><rtept lat="37.325108" lon="-106.663864"><ele>3490.0</ele><time>2026-04-11T16:50:51Z</time></rtept><rtept lat="37.32502" lon="-106.663973"><ele>3491.6</ele><time>2026-04-11T16:50:51Z</time></rtept><rtept lat="37.324961" lon="-106.664028"><ele>3495.4</ele><time>2026-04-11T16:50:51Z</time></rtept><rtept lat="37.32494" lon="-106.664063"><ele>3493.0</ele><time>2026-04-11T16:50:51Z</time></rtept><rtept lat="37.324893" lon="-106.664084"><ele>3496.4</ele><time>2026-04-11T16:50:51Z</time></rtept><rtept lat="37.324856" lon="-106.664115"><ele>3493.8</ele><time>2026-04-11T16:50:51Z</time></rtept><rtept lat="37.324713" lon="-106.664195"><ele>3503.0</ele><time>2026-04-11T16:50:51Z</time></rtept><rtept lat="37.324661" lon="-106.664204"><ele>3499.8</ele><time>2026-04-11T16:50:51Z</time></rtept><rtept lat="37.324727" lon="-106.664154"><ele>3500.0</ele><time>2026-04-11T16:50:51Z</time></rtept><rtept lat="37.324762" lon="-106.664105"><ele>3502.8</ele><time>2026-04-11T16:50:51Z</time></rtept><rtept lat="37.324808" lon="-106.664"><ele>3502.4</ele><time>2026-04-11T16:50:51Z</time></rtept><rtept lat="37.3248" lon="-106.66398"><ele>3502.4</ele><time>2026-04-11T16:50:51Z</time></rtept><rtept lat="37.32486" lon="-106.663876"><ele>3501.6</ele><time>2026-04-11T16:50:51Z</time></rtept><rtept lat="37.324877" lon="-106.663734"><ele>3507.0</ele><time>2026-04-11T16:50:51Z</time></rtept><rtept lat="37.324889" lon="-106.663702"><ele>3507.0</ele><time>2026-04-11T16:50:51Z</time></rtept><rtept lat="37.324911" lon="-106.663446"><ele>3513.8</ele><time>2026-04-11T16:50:51Z</time></rtept><rtept lat="37.324901" lon="-106.663154"><ele>3516.6</ele><time>2026-04-11T16:50:51Z</time></rtept><rtept lat="37.324843" lon="-106.663321"><ele>3520.6</ele><time>2026-04-11T16:50:51Z</time></rtept><rtept lat="37.32475" lon="-106.663468"><ele>3522.8</ele><time>2026-04-11T16:50:51Z</time></rtept><rtept lat="37.324739" lon="-106.663492"><ele>3522.8</ele><time>2026-04-11T16:50:51Z</time></rtept><rtept lat="37.324727" lon="-106.66355"><ele>3520.8</ele><time>2026-04-11T16:50:51Z</time></rtept><rtept lat="37.324699" lon="-106.663587"><ele>3525.0</ele><time>2026-04-11T16:50:51Z</time></rtept><rtept lat="37.324539" lon="-106.663739"><ele>3527.6</ele><time>2026-04-11T16:50:51Z</time></rtept><rtept lat="37.324458" lon="-106.663771"><ele>3528.2</ele><time>2026-04-11T16:50:51Z</time></rtept><rtept lat="37.324422" lon="-106.663754"><ele>3535.8</ele><time>2026-04-11T16:50:51Z</time></rtept><rtept lat="37.324413" lon="-106.663735"><ele>3535.8</ele><time>2026-04-11T16:50:51Z</time></rtept><rtept lat="37.324481" lon="-106.663697"><ele>3531.6</ele><time>2026-04-11T16:50:51Z</time></rtept><rtept lat="37.324489" lon="-106.663664"><ele>3534.6</ele><time>2026-04-11T16:50:51Z</time></rtept><rtept lat="37.324516" lon="-106.663621"><ele>3530.6</ele><time>2026-04-11T16:50:51Z</time></rtept><rtept lat="37.324524" lon="-106.663585"><ele>3533.0</ele><time>2026-04-11T16:50:51Z</time></rtept><rtept lat="37.32452" lon="-106.663538"><ele>3533.0</ele><time>2026-04-11T16:50:51Z</time></rtept><rtept lat="37.324539" lon="-106.663471"><ele>3534.8</ele><time>2026-04-11T16:50:51Z</time></rtept><rtept lat="37.324535" lon="-106.663414"><ele>3536.4</ele><time>2026-04-11T16:50:51Z</time></rtept><rtept lat="37.324574" lon="-106.663192"><ele>3539.0</ele><time>2026-04-11T16:50:51Z</time></rtept><rtept lat="37.324578" lon="-106.662933"><ele>3536.4</ele><time>2026-04-11T16:50:51Z</time></rtept><rtept lat="37.324574" lon="-106.662894"><ele>3542.0</ele><time>2026-04-11T16:50:51Z</time></rtept><rtept lat="37.324545" lon="-106.662847"><ele>3542.0</ele><time>2026-04-11T16:50:51Z</time></rtept><rtept lat="37.324541" lon="-106.662823"><ele>3542.2</ele><time>2026-04-11T16:50:51Z</time></rtept><rtept lat="37.32454" lon="-106.662754"><ele>3542.2</ele><time>2026-04-11T16:50:51Z</time></rtept><rtept lat="37.324499" lon="-106.662453"><ele>3553.8</ele><time>2026-04-11T16:50:51Z</time></rtept><rtept lat="37.3245" lon="-106.66237"><ele>3555.6</ele><time>2026-04-11T16:50:51Z</time></rtept><rtept lat="37.324514" lon="-106.662313"><ele>3550.0</ele><time>2026-04-11T16:50:51Z</time></rtept><rtept lat="37.324537" lon="-106.66227"><ele>3552.0</ele><time>2026-04-11T16:50:51Z</time></rtept><rtept lat="37.324547" lon="-106.662217"><ele>3553.4</ele><time>2026-04-11T16:50:51Z</time></rtept><rtept lat="37.324543" lon="-106.662187"><ele>3553.4</ele><time>2026-04-11T16:50:51Z</time></rtept><rtept lat="37.324567" lon="-106.661949"><ele>3557.2</ele><time>2026-04-11T16:50:51Z</time></rtept><rtept lat="37.324561" lon="-106.661897"><ele>3557.2</ele><time>2026-04-11T16:50:51Z</time></rtept><rtept lat="37.324546" lon="-106.661853"><ele>3558.4</ele><time>2026-04-11T16:50:51Z</time></rtept><rtept lat="37.324532" lon="-106.661682"><ele>3561.2</ele><time>2026-04-11T16:50:51Z</time></rtept><rtept lat="37.324596" lon="-106.661334"><ele>3560.0</ele><time>2026-04-11T16:50:51Z</time></rtept><rtept lat="37.324591" lon="-106.661198"><ele>3560.8</ele><time>2026-04-11T16:50:51Z</time></rtept><rtept lat="37.324598" lon="-106.661009"><ele>3565.0</ele><time>2026-04-11T16:50:51Z</time></rtept><rtept lat="37.32467" lon="-106.660841"><ele>3562.6</ele><time>2026-04-11T16:50:51Z</time></rtept><rtept lat="37.324724" lon="-106.660566"><ele>3561.4</ele><time>2026-04-11T16:50:51Z</time></rtept><rtept lat="37.324758" lon="-106.660228"><ele>3566.6</ele><time>2026-04-11T16:50:51Z</time></rtept><rtept lat="37.324755" lon="-106.660124"><ele>3568.2</ele><time>2026-04-11T16:50:51Z</time></rtept><rtept lat="37.324774" lon="-106.659998"><ele>3569.4</ele><time>2026-04-11T16:50:51Z</time></rtept><rtept lat="37.324803" lon="-106.659879"><ele>3567.4</ele><time>2026-04-11T16:50:51Z</time></rtept><rtept lat="37.324831" lon="-106.659521"><ele>3570.8</ele><time>2026-04-11T16:50:51Z</time></rtept><rtept lat="37.324879" lon="-106.65929"><ele>3568.8</ele><time>2026-04-11T16:50:51Z</time></rtept><rtept lat="37.324896" lon="-106.659048"><ele>3571.4</ele><time>2026-04-11T16:50:51Z</time></rtept><rtept lat="37.324915" lon="-106.658982"><ele>3571.4</ele><time>2026-04-11T16:50:51Z</time></rtept><rtept lat="37.324928" lon="-106.658815"><ele>3568.2</ele><time>2026-04-11T16:50:51Z</time></rtept><rtept lat="37.32495" lon="-106.658698"><ele>3570.2</ele><time>2026-04-11T16:50:51Z</time></rtept><rtept lat="37.324971" lon="-106.658511"><ele>3572.2</ele><time>2026-04-11T16:50:51Z</time></rtept><rtept lat="37.324958" lon="-106.658445"><ele>3573.2</ele><time>2026-04-11T16:50:51Z</time></rtept><rtept lat="37.324966" lon="-106.658379"><ele>3573.2</ele><time>2026-04-11T16:50:51Z</time></rtept><rtept lat="37.324955" lon="-106.658013"><ele>3578.0</ele><time>2026-04-11T16:50:51Z</time></rtept><rtept lat="37.324962" lon="-106.657889"><ele>3578.2</ele><time>2026-04-11T16:50:51Z</time></rtept><rtept lat="37.324953" lon="-106.657836"><ele>3578.2</ele><time>2026-04-11T16:50:51Z</time></rtept><rtept lat="37.324965" lon="-106.657775"><ele>3578.2</ele><time>2026-04-11T16:50:51Z</time></rtept><rtept lat="37.324991" lon="-106.657713"><ele>3577.4</ele><time>2026-04-11T16:50:51Z</time></rtept><rtept lat="37.325092" lon="-106.657564"><ele>3575.6</ele><time>2026-04-11T16:50:51Z</time></rtept><rtept lat="37.325144" lon="-106.657443"><ele>3573.6</ele><time>2026-04-11T16:50:51Z</time></rtept><rtept lat="37.325145" lon="-106.657375"><ele>3572.4</ele><time>2026-04-11T16:50:51Z</time></rtept><rtept lat="37.325171" lon="-106.657244"><ele>3570.2</ele><time>2026-04-11T16:50:51Z</time></rtept><rtept lat="37.325165" lon="-106.657184"><ele>3570.2</ele><time>2026-04-11T16:50:51Z</time></rtept><rtept lat="37.3252" lon="-106.656985"><ele>3567.2</ele><time>2026-04-11T16:50:51Z</time></rtept><rtept lat="37.325204" lon="-106.656821"><ele>3566.8</ele><time>2026-04-11T16:50:51Z</time></rtept><rtept lat="37.325226" lon="-106.656695"><ele>3566.4</ele><time>2026-04-11T16:50:51Z</time></rtept><rtept lat="37.325245" lon="-106.656637"><ele>3566.2</ele><time>2026-04-11T16:50:51Z</time></rtept><rtept lat="37.325251" lon="-106.656567"><ele>3566.2</ele><time>2026-04-11T16:50:51Z</time></rtept><rtept lat="37.325245" lon="-106.656502"><ele>3566.0</ele><time>2026-04-11T16:50:51Z</time></rtept><rtept lat="37.325245" lon="-106.656502"><ele>3566.0</ele><time>2026-04-11T16:50:51Z</time></rtept><rtept lat="37.325204" lon="-106.656525"><ele>3566.0</ele><time>2026-04-11T16:50:51Z</time></rtept><rtept lat="37.32507" lon="-106.656731"><ele>3566.6</ele><time>2026-04-11T16:50:51Z</time></rtept><rtept lat="37.325022" lon="-106.656825"><ele>3567.6</ele><time>2026-04-11T16:50:51Z</time></rtept><rtept lat="37.324963" lon="-106.656965"><ele>3567.8</ele><time>2026-04-11T16:50:51Z</time></rtept><rtept lat="37.324915" lon="-106.657049"><ele>3567.2</ele><time>2026-04-11T16:50:51Z</time></rtept><rtept lat="37.324845" lon="-106.657218"><ele>3568.0</ele><time>2026-04-11T16:50:51Z</time></rtept><rtept lat="37.324808" lon="-106.657247"><ele>3568.0</ele><time>2026-04-11T16:50:51Z</time></rtept><rtept lat="37.324721" lon="-106.657413"><ele>3569.8</ele><time>2026-04-11T16:50:51Z</time></rtept><rtept lat="37.324658" lon="-106.657552"><ele>3571.8</ele><time>2026-04-11T16:50:51Z</time></rtept><rtept lat="37.324567" lon="-106.657716"><ele>3575.0</ele><time>2026-04-11T16:50:51Z</time></rtept><rtept lat="37.324512" lon="-106.657783"><ele>3578.2</ele><time>2026-04-11T16:50:51Z</time></rtept><rtept lat="37.324424" lon="-106.65784"><ele>3577.4</ele><time>2026-04-11T16:50:51Z</time></rtept><rtept lat="37.324326" lon="-106.657923"><ele>3579.8</ele><time>2026-04-11T16:50:51Z</time></rtept><rtept lat="37.324258" lon="-106.657963"><ele>3581.8</ele><time>2026-04-11T16:50:51Z</time></rtept><rtept lat="37.324139" lon="-106.658075"><ele>3581.6</ele><time>2026-04-11T16:50:51Z</time></rtept><rtept lat="37.324056" lon="-106.658204"><ele>3585.4</ele><time>2026-04-11T16:50:51Z</time></rtept><rtept lat="37.323991" lon="-106.658305"><ele>3586.4</ele><time>2026-04-11T16:50:51Z</time></rtept><rtept lat="37.323929" lon="-106.658424"><ele>3587.2</ele><time>2026-04-11T16:50:51Z</time></rtept><rtept lat="37.323832" lon="-106.65858"><ele>3590.2</ele><time>2026-04-11T16:50:51Z</time></rtept><rtept lat="37.323788" lon="-106.658657"><ele>3590.8</ele><time>2026-04-11T16:50:51Z</time></rtept><rtept lat="37.323746" lon="-106.658754"><ele>3591.4</ele><time>2026-04-11T16:50:51Z</time></rtept><rtept lat="37.323677" lon="-106.658853"><ele>3592.0</ele><time>2026-04-11T16:50:51Z</time></rtept><rtept lat="37.323601" lon="-106.65901"><ele>3595.0</ele><time>2026-04-11T16:50:51Z</time></rtept><rtept lat="37.323548" lon="-106.659082"><ele>3595.4</ele><time>2026-04-11T16:50:51Z</time></rtept><rtept lat="37.323459" lon="-106.659148"><ele>3595.8</ele><time>2026-04-11T16:50:51Z</time></rtept><rtept lat="37.323398" lon="-106.659209"><ele>3593.8</ele><time>2026-04-11T16:50:51Z</time></rtept><rtept lat="37.323349" lon="-106.659289"><ele>3596.2</ele><time>2026-04-11T16:50:51Z</time></rtept><rtept lat="37.323253" lon="-106.659387"><ele>3594.6</ele><time>2026-04-11T16:50:51Z</time></rtept><rtept lat="37.323186" lon="-106.659511"><ele>3598.0</ele><time>2026-04-11T16:50:51Z</time></rtept><rtept lat="37.323094" lon="-106.659624"><ele>3599.0</ele><time>2026-04-11T16:50:51Z</time></rtept><rtept lat="37.323027" lon="-106.659722"><ele>3600.2</ele><time>2026-04-11T16:50:51Z</time></rtept><rtept lat="37.322938" lon="-106.659828"><ele>3602.2</ele><time>2026-04-11T16:50:51Z</time></rtept><rtept lat="37.322913" lon="-106.659855"><ele>3602.2</ele><time>2026-04-11T16:50:51Z</time></rtept><rtept lat="37.322836" lon="-106.659898"><ele>3600.6</ele><time>2026-04-11T16:50:51Z</time></rtept><rtept lat="37.322738" lon="-106.659974"><ele>3601.6</ele><time>2026-04-11T16:50:51Z</time></rtept><rtept lat="37.322646" lon="-106.660063"><ele>3601.4</ele><time>2026-04-11T16:50:51Z</time></rtept><rtept lat="37.322581" lon="-106.660235"><ele>3605.2</ele><time>2026-04-11T16:50:51Z</time></rtept><rtept lat="37.322537" lon="-106.660296"><ele>3607.2</ele><time>2026-04-11T16:50:51Z</time></rtept><rtept lat="37.322422" lon="-106.660294"><ele>3607.2</ele><time>2026-04-11T16:50:51Z</time></rtept><rtept lat="37.322229" lon="-106.66024"><ele>3605.2</ele><time>2026-04-11T16:50:51Z</time></rtept><rtept lat="37.322142" lon="-106.660248"><ele>3605.2</ele><time>2026-04-11T16:50:51Z</time></rtept><rtept lat="37.322049" lon="-106.660278"><ele>3607.6</ele><time>2026-04-11T16:50:51Z</time></rtept><rtept lat="37.321693" lon="-106.660541"><ele>3612.0</ele><time>2026-04-11T16:50:51Z</time></rtept><rtept lat="37.321619" lon="-106.660608"><ele>3613.6</ele><time>2026-04-11T16:50:51Z</time></rtept><rtept lat="37.321528" lon="-106.660731"><ele>3614.8</ele><time>2026-04-11T16:50:51Z</time></rtept><rtept lat="37.321473" lon="-106.660781"><ele>3616.2</ele><time>2026-04-11T16:50:51Z</time></rtept><rtept lat="37.321235" lon="-106.660931"><ele>3616.0</ele><time>2026-04-11T16:50:51Z</time></rtept><rtept lat="37.321215" lon="-106.660932"><ele>3615.6</ele><time>2026-04-11T16:50:51Z</time></rtept><rtept lat="37.321128" lon="-106.660834"><ele>3612.6</ele><time>2026-04-11T16:50:51Z</time></rtept><rtept lat="37.320998" lon="-106.660772"><ele>3614.6</ele><time>2026-04-11T16:50:51Z</time></rtept><rtept lat="37.320902" lon="-106.660744"><ele>3613.6</ele><time>2026-04-11T16:50:51Z</time></rtept><rtept lat="37.320686" lon="-106.660714"><ele>3618.0</ele><time>2026-04-11T16:50:51Z</time></rtept><rtept lat="37.32052" lon="-106.660642"><ele>3617.4</ele><time>2026-04-11T16:50:51Z</time></rtept><rtept lat="37.320477" lon="-106.660632"><ele>3618.2</ele><time>2026-04-11T16:50:51Z</time></rtept><rtept lat="37.320343" lon="-106.660605"><ele>3620.2</ele><time>2026-04-11T16:50:51Z</time></rtept><rtept lat="37.320073" lon="-106.660578"><ele>3619.8</ele><time>2026-04-11T16:50:51Z</time></rtept><rtept lat="37.319898" lon="-106.660506"><ele>3618.4</ele><time>2026-04-11T16:50:51Z</time></rtept><rtept lat="37.319695" lon="-106.660378"><ele>3616.2</ele><time>2026-04-11T16:50:51Z</time></rtept><rtept lat="37.319524" lon="-106.660345"><ele>3617.2</ele><time>2026-04-11T16:50:51Z</time></rtept><rtept lat="37.319382" lon="-106.660362"><ele>3617.0</ele><time>2026-04-11T16:50:51Z</time></rtept><rtept lat="37.319341" lon="-106.660378"><ele>3617.0</ele><time>2026-04-11T16:50:51Z</time></rtept><rtept lat="37.319259" lon="-106.660435"><ele>3621.0</ele><time>2026-04-11T16:50:51Z</time></rtept><rtept lat="37.319218" lon="-106.660453"><ele>3620.4</ele><time>2026-04-11T16:50:51Z</time></rtept><rtept lat="37.319186" lon="-106.660482"><ele>3620.4</ele><time>2026-04-11T16:50:51Z</time></rtept><rtept lat="37.319104" lon="-106.660527"><ele>3622.2</ele><time>2026-04-11T16:50:51Z</time></rtept><rtept lat="37.319036" lon="-106.660596"><ele>3624.2</ele><time>2026-04-11T16:50:51Z</time></rtept><rtept lat="37.318954" lon="-106.660659"><ele>3622.8</ele><time>2026-04-11T16:50:51Z</time></rtept><rtept lat="37.318851" lon="-106.660762"><ele>3624.0</ele><time>2026-04-11T16:50:51Z</time></rtept><rtept lat="37.318812" lon="-106.660789"><ele>3625.2</ele><time>2026-04-11T16:50:51Z</time></rtept><rtept lat="37.318645" lon="-106.660995"><ele>3626.0</ele><time>2026-04-11T16:50:51Z</time></rtept><rtept lat="37.318559" lon="-106.661196"><ele>3626.0</ele><time>2026-04-11T16:50:51Z</time></rtept><rtept lat="37.318495" lon="-106.66141"><ele>3625.6</ele><time>2026-04-11T16:50:51Z</time></rtept><rtept lat="37.318482" lon="-106.661522"><ele>3626.4</ele><time>2026-04-11T16:50:51Z</time></rtept><rtept lat="37.318475" lon="-106.661681"><ele>3627.8</ele><time>2026-04-11T16:50:51Z</time></rtept><rtept lat="37.318453" lon="-106.661845"><ele>3628.8</ele><time>2026-04-11T16:50:51Z</time></rtept><rtept lat="37.318454" lon="-106.661954"><ele>3629.2</ele><time>2026-04-11T16:50:51Z</time></rtept><rtept lat="37.318536" lon="-106.662665"><ele>3631.6</ele><time>2026-04-11T16:50:51Z</time></rtept><rtept lat="37.318553" lon="-106.662723"><ele>3631.6</ele><time>2026-04-11T16:50:51Z</time></rtept><rtept lat="37.318588" lon="-106.662947"><ele>3634.6</ele><time>2026-04-11T16:50:51Z</time></rtept><rtept lat="37.318597" lon="-106.663069"><ele>3634.8</ele><time>2026-04-11T16:50:51Z</time></rtept><rtept lat="37.318581" lon="-106.663125"><ele>3635.0</ele><time>2026-04-11T16:50:51Z</time></rtept><rtept lat="37.318511" lon="-106.663136"><ele>3633.6</ele><time>2026-04-11T16:50:51Z</time></rtept><rtept lat="37.318426" lon="-106.663104"><ele>3633.0</ele><time>2026-04-11T16:50:51Z</time></rtept><rtept lat="37.318345" lon="-106.663093"><ele>3632.2</ele><time>2026-04-11T16:50:51Z</time></rtept><rtept lat="37.318225" lon="-106.663111"><ele>3630.8</ele><time>2026-04-11T16:50:51Z</time></rtept><rtept lat="37.318166" lon="-106.663149"><ele>3630.8</ele><time>2026-04-11T16:50:51Z</time></rtept><rtept lat="37.317825" lon="-106.663237"><ele>3632.6</ele><time>2026-04-11T16:50:51Z</time></rtept><rtept lat="37.317462" lon="-106.66338"><ele>3635.8</ele><time>2026-04-11T16:50:51Z</time></rtept><rtept lat="37.317392" lon="-106.66343"><ele>3637.2</ele><time>2026-04-11T16:50:51Z</time></rtept><rtept lat="37.317323" lon="-106.6635"><ele>3636.8</ele><time>2026-04-11T16:50:51Z</time></rtept><rtept lat="37.317007" lon="-106.663878"><ele>3642.8</ele><time>2026-04-11T16:50:51Z</time></rtept><rtept lat="37.316898" lon="-106.663957"><ele>3642.8</ele><time>2026-04-11T16:50:51Z</time></rtept><rtept lat="37.31668" lon="-106.664068"><ele>3640.8</ele><time>2026-04-11T16:50:51Z</time></rtept><rtept lat="37.31645" lon="-106.664225"><ele>3642.6</ele><time>2026-04-11T16:50:51Z</time></rtept><rtept lat="37.316368" lon="-106.66427"><ele>3642.4</ele><time>2026-04-11T16:50:51Z</time></rtept><rtept lat="37.316239" lon="-106.664325"><ele>3644.6</ele><time>2026-04-11T16:50:51Z</time></rtept><rtept lat="37.316162" lon="-106.664368"><ele>3644.4</ele><time>2026-04-11T16:50:51Z</time></rtept><rtept lat="37.315981" lon="-106.664415"><ele>3646.8</ele><time>2026-04-11T16:50:51Z</time></rtept><rtept lat="37.315904" lon="-106.664465"><ele>3649.4</ele><time>2026-04-11T16:50:51Z</time></rtept><rtept lat="37.315874" lon="-106.664464"><ele>3649.4</ele><time>2026-04-11T16:50:51Z</time></rtept><rtept lat="37.315834" lon="-106.664477"><ele>3649.4</ele><time>2026-04-11T16:50:51Z</time></rtept><rtept lat="37.315636" lon="-106.664593"><ele>3652.4</ele><time>2026-04-11T16:50:51Z</time></rtept><rtept lat="37.315568" lon="-106.664612"><ele>3652.4</ele><time>2026-04-11T16:50:51Z</time></rtept><rtept lat="37.315492" lon="-106.664605"><ele>3652.6</ele><time>2026-04-11T16:50:51Z</time></rtept><rtept lat="37.315453" lon="-106.664588"><ele>3652.6</ele><time>2026-04-11T16:50:51Z</time></rtept><rtept lat="37.315413" lon="-106.664585"><ele>3652.8</ele><time>2026-04-11T16:50:51Z</time></rtept><rtept lat="37.315374" lon="-106.664599"><ele>3652.8</ele><time>2026-04-11T16:50:51Z</time></rtept><rtept lat="37.315289" lon="-106.664611"><ele>3653.0</ele><time>2026-04-11T16:50:51Z</time></rtept><rtept lat="37.315221" lon="-106.664606"><ele>3653.2</ele><time>2026-04-11T16:50:51Z</time></rtept><rtept lat="37.31503" lon="-106.664555"><ele>3653.0</ele><time>2026-04-11T16:50:51Z</time></rtept><rtept lat="37.314997" lon="-106.664534"><ele>3648.8</ele><time>2026-04-11T16:50:51Z</time></rtept><rtept lat="37.314961" lon="-106.664533"><ele>3648.8</ele><time>2026-04-11T16:50:51Z</time></rtept><rtept lat="37.314834" lon="-106.664579"><ele>3651.6</ele><time>2026-04-11T16:50:51Z</time></rtept><rtept lat="37.31465" lon="-106.664689"><ele>3652.2</ele><time>2026-04-11T16:50:51Z</time></rtept><rtept lat="37.314545" lon="-106.664797"><ele>3656.2</ele><time>2026-04-11T16:50:51Z</time></rtept><rtept lat="37.314396" lon="-106.664986"><ele>3662.8</ele><time>2026-04-11T16:50:51Z</time></rtept><rtept lat="37.314202" lon="-106.665152"><ele>3663.2</ele><time>2026-04-11T16:50:51Z</time></rtept><rtept lat="37.314099" lon="-106.665263"><ele>3664.0</ele><time>2026-04-11T16:50:51Z</time></rtept><rtept lat="37.313917" lon="-106.665394"><ele>3661.4</ele><time>2026-04-11T16:50:51Z</time></rtept><rtept lat="37.313722" lon="-106.665468"><ele>3657.4</ele><time>2026-04-11T16:50:51Z</time></rtept><rtept lat="37.31367" lon="-106.665476"><ele>3657.4</ele><time>2026-04-11T16:50:51Z</time></rtept><rtept lat="37.313323" lon="-106.665473"><ele>3652.8</ele><time>2026-04-11T16:50:51Z</time></rtept><rtept lat="37.31322" lon="-106.665426"><ele>3650.4</ele><time>2026-04-11T16:50:51Z</time></rtept><rtept lat="37.313126" lon="-106.665369"><ele>3652.4</ele><time>2026-04-11T16:50:51Z</time></rtept><rtept lat="37.31298" lon="-106.665349"><ele>3650.0</ele><time>2026-04-11T16:50:51Z</time></rtept><rtept lat="37.312932" lon="-106.665359"><ele>3649.8</ele><time>2026-04-11T16:50:51Z</time></rtept><rtept lat="37.312833" lon="-106.665401"><ele>3651.4</ele><time>2026-04-11T16:50:51Z</time></rtept><rtept lat="37.312789" lon="-106.665432"><ele>3647.6</ele><time>2026-04-11T16:50:51Z</time></rtept><rtept lat="37.312682" lon="-106.66555"><ele>3647.6</ele><time>2026-04-11T16:50:51Z</time></rtept><rtept lat="37.312634" lon="-106.665563"><ele>3647.6</ele><time>2026-04-11T16:50:51Z</time></rtept><rtept lat="37.312516" lon="-106.665635"><ele>3646.2</ele><time>2026-04-11T16:50:51Z</time></rtept><rtept lat="37.312469" lon="-106.665631"><ele>3646.8</ele><time>2026-04-11T16:50:51Z</time></rtept><rtept lat="37.312422" lon="-106.665642"><ele>3646.8</ele><time>2026-04-11T16:50:51Z</time></rtept><rtept lat="37.312289" lon="-106.665726"><ele>3641.0</ele><time>2026-04-11T16:50:51Z</time></rtept><rtept lat="37.312143" lon="-106.665762"><ele>3637.4</ele><time>2026-04-11T16:50:51Z</time></rtept><rtept lat="37.312039" lon="-106.66575"><ele>3637.6</ele><time>2026-04-11T16:50:51Z</time></rtept><rtept lat="37.311987" lon="-106.665757"><ele>3637.6</ele><time>2026-04-11T16:50:51Z</time></rtept><rtept lat="37.31184" lon="-106.665808"><ele>3637.0</ele><time>2026-04-11T16:50:51Z</time></rtept><rtept lat="37.311797" lon="-106.665815"><ele>3637.4</ele><time>2026-04-11T16:50:51Z</time></rtept><rtept lat="37.311752" lon="-106.665848"><ele>3633.6</ele><time>2026-04-11T16:50:51Z</time></rtept><rtept lat="37.31171" lon="-106.665897"><ele>3634.8</ele><time>2026-04-11T16:50:51Z</time></rtept><rtept lat="37.311665" lon="-106.665929"><ele>3632.6</ele><time>2026-04-11T16:50:51Z</time></rtept><rtept lat="37.311619" lon="-106.665944"><ele>3632.6</ele><time>2026-04-11T16:50:51Z</time></rtept><rtept lat="37.311394" lon="-106.665936"><ele>3636.2</ele><time>2026-04-11T16:50:51Z</time></rtept><rtept lat="37.31109" lon="-106.665948"><ele>3637.2</ele><time>2026-04-11T16:50:51Z</time></rtept><rtept lat="37.310883" lon="-106.66592"><ele>3636.6</ele><time>2026-04-11T16:50:51Z</time></rtept><rtept lat="37.310645" lon="-106.665864"><ele>3638.6</ele><time>2026-04-11T16:50:51Z</time></rtept><rtept lat="37.310598" lon="-106.665867"><ele>3638.6</ele><time>2026-04-11T16:50:51Z</time></rtept><rtept lat="37.310389" lon="-106.665824"><ele>3640.4</ele><time>2026-04-11T16:50:51Z</time></rtept><rtept lat="37.310229" lon="-106.665808"><ele>3638.2</ele><time>2026-04-11T16:50:51Z</time></rtept><rtept lat="37.310078" lon="-106.665781"><ele>3636.6</ele><time>2026-04-11T16:50:51Z</time></rtept><rtept lat="37.309979" lon="-106.665777"><ele>3635.8</ele><time>2026-04-11T16:50:51Z</time></rtept><rtept lat="37.309824" lon="-106.665736"><ele>3637.2</ele><time>2026-04-11T16:50:51Z</time></rtept><rtept lat="37.309644" lon="-106.665738"><ele>3635.4</ele><time>2026-04-11T16:50:51Z</time></rtept><rtept lat="37.309407" lon="-106.665609"><ele>3634.4</ele><time>2026-04-11T16:50:51Z</time></rtept><rtept lat="37.309353" lon="-106.66559"><ele>3633.0</ele><time>2026-04-11T16:50:51Z</time></rtept><rtept lat="37.309196" lon="-106.665564"><ele>3633.8</ele><time>2026-04-11T16:50:51Z</time></rtept><rtept lat="37.309144" lon="-106.665544"><ele>3633.4</ele><time>2026-04-11T16:50:51Z</time></rtept><rtept lat="37.30905" lon="-106.665485"><ele>3633.8</ele><time>2026-04-11T16:50:51Z</time></rtept><rtept lat="37.309001" lon="-106.665485"><ele>3632.8</ele><time>2026-04-11T16:50:51Z</time></rtept><rtept lat="37.30889" lon="-106.665531"><ele>3631.0</ele><time>2026-04-11T16:50:51Z</time></rtept><rtept lat="37.308812" lon="-106.665594"><ele>3629.2</ele><time>2026-04-11T16:50:51Z</time></rtept><rtept lat="37.308665" lon="-106.665661"><ele>3625.6</ele><time>2026-04-11T16:50:51Z</time></rtept><rtept lat="37.308619" lon="-106.665695"><ele>3625.6</ele><time>2026-04-11T16:50:51Z</time></rtept><rtept lat="37.308492" lon="-106.665796"><ele>3624.0</ele><time>2026-04-11T16:50:51Z</time></rtept><rtept lat="37.308432" lon="-106.665909"><ele>3623.4</ele><time>2026-04-11T16:50:51Z</time></rtept><rtept lat="37.308415" lon="-106.665968"><ele>3623.4</ele><time>2026-04-11T16:50:51Z</time></rtept><rtept lat="37.308409" lon="-106.666228"><ele>3623.4</ele><time>2026-04-11T16:50:51Z</time></rtept><rtept lat="37.308388" lon="-106.666288"><ele>3622.0</ele><time>2026-04-11T16:50:51Z</time></rtept><rtept lat="37.308328" lon="-106.66639"><ele>3620.2</ele><time>2026-04-11T16:50:51Z</time></rtept><rtept lat="37.308181" lon="-106.666611"><ele>3615.8</ele><time>2026-04-11T16:50:51Z</time></rtept><rtept lat="37.308176" lon="-106.666626"><ele>3615.8</ele><time>2026-04-11T16:50:51Z</time></rtept><rtept lat="37.308194" lon="-106.66692"><ele>3614.8</ele><time>2026-04-11T16:50:51Z</time></rtept><rtept lat="37.308189" lon="-106.666988"><ele>3614.6</ele><time>2026-04-11T16:50:51Z</time></rtept><rtept lat="37.3082" lon="-106.667137"><ele>3616.6</ele><time>2026-04-11T16:50:51Z</time></rtept><rtept lat="37.30806" lon="-106.66718"><ele>3614.2</ele><time>2026-04-11T16:50:51Z</time></rtept><rtept lat="37.307916" lon="-106.667126"><ele>3611.2</ele><time>2026-04-11T16:50:51Z</time></rtept><rtept lat="37.30779" lon="-106.667185"><ele>3611.0</ele><time>2026-04-11T16:50:51Z</time></rtept><rtept lat="37.30774" lon="-106.667213"><ele>3613.6</ele><time>2026-04-11T16:50:51Z</time></rtept><rtept lat="37.30759" lon="-106.667138"><ele>3612.0</ele><time>2026-04-11T16:50:51Z</time></rtept><rtept lat="37.307402" lon="-106.666997"><ele>3608.6</ele><time>2026-04-11T16:50:51Z</time></rtept><rtept lat="37.307351" lon="-106.666975"><ele>3609.2</ele><time>2026-04-11T16:50:51Z</time></rtept><rtept lat="37.307098" lon="-106.666971"><ele>3611.4</ele><time>2026-04-11T16:50:51Z</time></rtept><rtept lat="37.306899" lon="-106.666896"><ele>3609.8</ele><time>2026-04-11T16:50:51Z</time></rtept><rtept lat="37.306744" lon="-106.666886"><ele>3611.2</ele><time>2026-04-11T16:50:51Z</time></rtept><rtept lat="37.30664" lon="-106.666893"><ele>3611.6</ele><time>2026-04-11T16:50:51Z</time></rtept><rtept lat="37.306744" lon="-106.666886"><ele>3611.2</ele><time>2026-04-11T16:50:51Z</time></rtept><rtept lat="37.306899" lon="-106.666896"><ele>3609.8</ele><time>2026-04-11T16:50:51Z</time></rtept><rtept lat="37.307098" lon="-106.666971"><ele>3611.4</ele><time>2026-04-11T16:50:51Z</time></rtept><rtept lat="37.307351" lon="-106.666975"><ele>3609.2</ele><time>2026-04-11T16:50:51Z</time></rtept><rtept lat="37.307402" lon="-106.666997"><ele>3608.6</ele><time>2026-04-11T16:50:51Z</time></rtept><rtept lat="37.30759" lon="-106.667138"><ele>3612.0</ele><time>2026-04-11T16:50:51Z</time></rtept><rtept lat="37.30774" lon="-106.667213"><ele>3613.6</ele><time>2026-04-11T16:50:51Z</time></rtept><rtept lat="37.30779" lon="-106.667185"><ele>3611.0</ele><time>2026-04-11T16:50:51Z</time></rtept><rtept lat="37.307916" lon="-106.667126"><ele>3611.2</ele><time>2026-04-11T16:50:51Z</time></rtept><rtept lat="37.30806" lon="-106.66718"><ele>3614.2</ele><time>2026-04-11T16:50:51Z</time></rtept><rtept lat="37.3082" lon="-106.667137"><ele>3616.6</ele><time>2026-04-11T16:50:51Z</time></rtept><rtept lat="37.308189" lon="-106.666988"><ele>3614.6</ele><time>2026-04-11T16:50:51Z</time></rtept><rtept lat="37.308194" lon="-106.66692"><ele>3614.8</ele><time>2026-04-11T16:50:51Z</time></rtept><rtept lat="37.308176" lon="-106.666626"><ele>3615.8</ele><time>2026-04-11T16:50:51Z</time></rtept><rtept lat="37.308101" lon="-106.666418"><ele>3614.6</ele><time>2026-04-11T16:50:51Z</time></rtept><rtept lat="37.308027" lon="-106.66618"><ele>3612.8</ele><time>2026-04-11T16:50:51Z</time></rtept><rtept lat="37.307965" lon="-106.665941"><ele>3610.2</ele><time>2026-04-11T16:50:51Z</time></rtept><rtept lat="37.307683" lon="-106.666006"><ele>3601.6</ele><time>2026-04-11T16:50:51Z</time></rtept><rtept lat="37.307487" lon="-106.665931"><ele>3597.0</ele><time>2026-04-11T16:50:51Z</time></rtept><rtept lat="37.307197" lon="-106.66589"><ele>3594.8</ele><time>2026-04-11T16:50:51Z</time></rtept><rtept lat="37.306957" lon="-106.665837"><ele>3593.8</ele><time>2026-04-11T16:50:51Z</time></rtept><rtept lat="37.306532" lon="-106.665663"><ele>3591.0</ele><time>2026-04-11T16:50:51Z</time></rtept><rtept lat="37.306414" lon="-106.665676"><ele>3590.6</ele><time>2026-04-11T16:50:51Z</time></rtept><rtept lat="37.306211" lon="-106.665627"><ele>3589.4</ele><time>2026-04-11T16:50:51Z</time></rtept><rtept lat="37.305774" lon="-106.665522"><ele>3586.6</ele><time>2026-04-11T16:50:51Z</time></rtept><rtept lat="37.305332" lon="-106.665607"><ele>3581.2</ele><time>2026-04-11T16:50:51Z</time></rtept><rtept lat="37.305059" lon="-106.665779"><ele>3581.2</ele><time>2026-04-11T16:50:51Z</time></rtept><rtept lat="37.304769" lon="-106.665693"><ele>3575.8</ele><time>2026-04-11T16:50:51Z</time></rtept><rtept lat="37.304385" lon="-106.66566"><ele>3569.4</ele><time>2026-04-11T16:50:51Z</time></rtept><rtept lat="37.304082" lon="-106.665715"><ele>3569.4</ele><time>2026-04-11T16:50:51Z</time></rtept><rtept lat="37.303884" lon="-106.665667"><ele>3570.8</ele><time>2026-04-11T16:50:51Z</time></rtept><rtept lat="37.303267" lon="-106.665239"><ele>3558.6</ele><time>2026-04-11T16:50:51Z</time></rtept><rtept lat="37.302846" lon="-106.664935"><ele>3551.0</ele><time>2026-04-11T16:50:51Z</time></rtept><rtept lat="37.302458" lon="-106.664679"><ele>3541.8</ele><time>2026-04-11T16:50:51Z</time></rtept><rtept lat="37.302171" lon="-106.664513"><ele>3532.6</ele><time>2026-04-11T16:50:51Z</time></rtept><rtept lat="37.3013" lon="-106.664513"><ele>3523.0</ele><time>2026-04-11T16:50:51Z</time></rtept><rtept lat="37.300615" lon="-106.664443"><ele>3506.6</ele><time>2026-04-11T16:50:51Z</time></rtept><rtept lat="37.300815" lon="-106.664821"><ele>3526.2</ele><time>2026-04-11T16:50:51Z</time></rtept><rtept lat="37.300539" lon="-106.664838"><ele>3520.8</ele><time>2026-04-11T16:50:51Z</time></rtept><rtept lat="37.300268" lon="-106.664829"><ele>3513.8</ele><time>2026-04-11T16:50:51Z</time></rtept><rtept lat="37.300156" lon="-106.664482"><ele>3501.0</ele><time>2026-04-11T16:50:51Z</time></rtept><rtept lat="37.299983" lon="-106.664644"><ele>3501.0</ele><time>2026-04-11T16:50:51Z</time></rtept><rtept lat="37.299963" lon="-106.664237"><ele>3490.2</ele><time>2026-04-11T16:50:51Z</time></rtept><rtept lat="37.29977" lon="-106.664476"><ele>3492.0</ele><time>2026-04-11T16:50:51Z</time></rtept><rtept lat="37.299546" lon="-106.66453"><ele>3487.2</ele><time>2026-04-11T16:50:51Z</time></rtept><rtept lat="37.299511" lon="-106.664286"><ele>3481.6</ele><time>2026-04-11T16:50:51Z</time></rtept><rtept lat="37.299596" lon="-106.66408"><ele>3478.8</ele><time>2026-04-11T16:50:51Z</time></rtept><rtept lat="37.299466" lon="-106.663835"><ele>3470.8</ele><time>2026-04-11T16:50:51Z</time></rtept><rtept lat="37.29921" lon="-106.663807"><ele>3466.8</ele><time>2026-04-11T16:50:51Z</time></rtept><rtept lat="37.299076" lon="-106.663656"><ele>3461.4</ele><time>2026-04-11T16:50:51Z</time></rtept><rtept lat="37.298887" lon="-106.663369"><ele>3453.8</ele><time>2026-04-11T16:50:51Z</time></rtept><rtept lat="37.298666" lon="-106.663193"><ele>3446.2</ele><time>2026-04-11T16:50:51Z</time></rtept><rtept lat="37.298391" lon="-106.662826"><ele>3435.2</ele><time>2026-04-11T16:50:51Z</time></rtept><rtept lat="37.298046" lon="-106.662683"><ele>3429.8</ele><time>2026-04-11T16:50:51Z</time></rtept><rtept lat="37.297934" lon="-106.662474"><ele>3424.8</ele><time>2026-04-11T16:50:51Z</time></rtept><rtept lat="37.297936" lon="-106.662283"><ele>3427.2</ele><time>2026-04-11T16:50:51Z</time></rtept><rtept lat="37.297984" lon="-106.662102"><ele>3430.6</ele><time>2026-04-11T16:50:51Z</time></rtept><rtept lat="37.297751" lon="-106.661927"><ele>3426.8</ele><time>2026-04-11T16:50:51Z</time></rtept><rtept lat="37.297419" lon="-106.661743"><ele>3416.8</ele><time>2026-04-11T16:50:51Z</time></rtept><rtept lat="37.297162" lon="-106.661312"><ele>3409.2</ele><time>2026-04-11T16:50:51Z</time></rtept><rtept lat="37.296782" lon="-106.660968"><ele>3401.8</ele><time>2026-04-11T16:50:51Z</time></rtept><rtept lat="37.296106" lon="-106.660885"><ele>3389.4</ele><time>2026-04-11T16:50:51Z</time></rtept><rtept lat="37.295699" lon="-106.660963"><ele>3380.4</ele><time>2026-04-11T16:50:51Z</time></rtept><rtept lat="37.295489" lon="-106.660721"><ele>3376.2</ele><time>2026-04-11T16:50:51Z</time></rtept><rtept lat="37.29529" lon="-106.660268"><ele>3372.0</ele><time>2026-04-11T16:50:51Z</time></rtept><rtept lat="37.294984" lon="-106.66021"><ele>3365.6</ele><time>2026-04-11T16:50:51Z</time></rtept><rtept lat="37.294888" lon="-106.660005"><ele>3364.4</ele><time>2026-04-11T16:50:51Z</time></rtept><rtept lat="37.294599" lon="-106.659692"><ele>3357.8</ele><time>2026-04-11T16:50:51Z</time></rtept><rtept lat="37.294197" lon="-106.659589"><ele>3349.8</ele><time>2026-04-11T16:50:51Z</time></rtept><rtept lat="37.293951" lon="-106.659827"><ele>3345.2</ele><time>2026-04-11T16:50:51Z</time></rtept><rtept lat="37.293761" lon="-106.659943"><ele>3341.6</ele><time>2026-04-11T16:50:51Z</time></rtept><rtept lat="37.293524" lon="-106.660265"><ele>3341.2</ele><time>2026-04-11T16:50:51Z</time></rtept><rtept lat="37.293769" lon="-106.660177"><ele>3343.6</ele><time>2026-04-11T16:50:51Z</time></rtept><rtept lat="37.293818" lon="-106.660393"><ele>3345.6</ele><time>2026-04-11T16:50:51Z</time></rtept><rtept lat="37.294026" lon="-106.660829"><ele>3352.8</ele><time>2026-04-11T16:50:51Z</time></rtept><rtept lat="37.294075" lon="-106.661297"><ele>3358.6</ele><time>2026-04-11T16:50:51Z</time></rtept><rtept lat="37.293987" lon="-106.661909"><ele>3360.8</ele><time>2026-04-11T16:50:51Z</time></rtept><rtept lat="37.293941" lon="-106.66212"><ele>3362.2</ele><time>2026-04-11T16:50:51Z</time></rtept><rtept lat="37.293986" lon="-106.662306"><ele>3363.4</ele><time>2026-04-11T16:50:51Z</time></rtept><rtept lat="37.293857" lon="-106.662477"><ele>3362.4</ele><time>2026-04-11T16:50:51Z</time></rtept><rtept lat="37.293768" lon="-106.662773"><ele>3365.0</ele><time>2026-04-11T16:50:51Z</time></rtept><rtept lat="37.293647" lon="-106.663089"><ele>3367.4</ele><time>2026-04-11T16:50:51Z</time></rtept><rtept lat="37.293682" lon="-106.663362"><ele>3371.6</ele><time>2026-04-11T16:50:51Z</time></rtept><rtept lat="37.293667" lon="-106.663709"><ele>3375.8</ele><time>2026-04-11T16:50:51Z</time></rtept><rtept lat="37.293514" lon="-106.663997"><ele>3375.8</ele><time>2026-04-11T16:50:51Z</time></rtept><rtept lat="37.293375" lon="-106.664161"><ele>3375.8</ele><time>2026-04-11T16:50:51Z</time></rtept><rtept lat="37.293281" lon="-106.664598"><ele>3379.2</ele><time>2026-04-11T16:50:51Z</time></rtept><rtept lat="37.293229" lon="-106.664923"><ele>3382.0</ele><time>2026-04-11T16:50:51Z</time></rtept><rtept lat="37.293134" lon="-106.665092"><ele>3381.2</ele><time>2026-04-11T16:50:51Z</time></rtept><rtept lat="37.29284" lon="-106.66551"><ele>3387.2</ele><time>2026-04-11T16:50:51Z</time></rtept><rtept lat="37.292521" lon="-106.665896"><ele>3388.0</ele><time>2026-04-11T16:50:51Z</time></rtept><rtept lat="37.292355" lon="-106.666191"><ele>3392.0</ele><time>2026-04-11T16:50:51Z</time></rtept><rtept lat="37.292177" lon="-106.666546"><ele>3396.0</ele><time>2026-04-11T16:50:51Z</time></rtept><rtept lat="37.292036" lon="-106.666893"><ele>3400.4</ele><time>2026-04-11T16:50:51Z</time></rtept><rtept lat="37.291768" lon="-106.666953"><ele>3401.2</ele><time>2026-04-11T16:50:51Z</time></rtept><rtept lat="37.291544" lon="-106.667141"><ele>3403.6</ele><time>2026-04-11T16:50:51Z</time></rtept><rtept lat="37.291432" lon="-106.667332"><ele>3405.0</ele><time>2026-04-11T16:50:51Z</time></rtept><rtept lat="37.29134" lon="-106.667533"><ele>3407.8</ele><time>2026-04-11T16:50:51Z</time></rtept><rtept lat="37.291245" lon="-106.66767"><ele>3409.8</ele><time>2026-04-11T16:50:51Z</time></rtept><rtept lat="37.291093" lon="-106.667899"><ele>3412.8</ele><time>2026-04-11T16:50:51Z</time></rtept><rtept lat="37.290906" lon="-106.668083"><ele>3412.6</ele><time>2026-04-11T16:50:51Z</time></rtept><rtept lat="37.290827" lon="-106.668451"><ele>3416.0</ele><time>2026-04-11T16:50:51Z</time></rtept><rtept lat="37.290642" lon="-106.668631"><ele>3419.2</ele><time>2026-04-11T16:50:51Z</time></rtept><rtept lat="37.290334" lon="-106.66903"><ele>3426.0</ele><time>2026-04-11T16:50:51Z</time></rtept><rtept lat="37.29003" lon="-106.66953"><ele>3433.6</ele><time>2026-04-11T16:50:51Z</time></rtept><rtept lat="37.289807" lon="-106.669988"><ele>3439.2</ele><time>2026-04-11T16:50:51Z</time></rtept><rtept lat="37.289808" lon="-106.670402"><ele>3448.0</ele><time>2026-04-11T16:50:51Z</time></rtept><rtept lat="37.289747" lon="-106.67066"><ele>3452.8</ele><time>2026-04-11T16:50:51Z</time></rtept><rtept lat="37.28981" lon="-106.670916"><ele>3459.0</ele><time>2026-04-11T16:50:51Z</time></rtept><rtept lat="37.290112" lon="-106.671095"><ele>3465.4</ele><time>2026-04-11T16:50:51Z</time></rtept><rtept lat="37.290413" lon="-106.671205"><ele>3468.2</ele><time>2026-04-11T16:50:51Z</time></rtept><rtept lat="37.29052" lon="-106.671629"><ele>3476.2</ele><time>2026-04-11T16:50:51Z</time></rtept><rtept lat="37.290605" lon="-106.672112"><ele>3488.2</ele><time>2026-04-11T16:50:51Z</time></rtept><rtept lat="37.290674" lon="-106.672528"><ele>3498.0</ele><time>2026-04-11T16:50:51Z</time></rtept><rtept lat="37.290836" lon="-106.672894"><ele>3504.4</ele><time>2026-04-11T16:50:51Z</time></rtept><rtept lat="37.290845" lon="-106.673095"><ele>3507.6</ele><time>2026-04-11T16:50:51Z</time></rtept><rtept lat="37.290735" lon="-106.673071"><ele>3508.2</ele><time>2026-04-11T16:50:51Z</time></rtept><rtept lat="37.290729" lon="-106.67307"><ele>3508.2</ele><time>2026-04-11T16:50:51Z</time></rtept><rtept lat="37.290487" lon="-106.67304"><ele>3508.4</ele><time>2026-04-11T16:50:51Z</time></rtept><rtept lat="37.290428" lon="-106.673047"><ele>3510.6</ele><time>2026-04-11T16:50:51Z</time></rtept><rtept lat="37.290344" lon="-106.672974"><ele>3509.2</ele><time>2026-04-11T16:50:51Z</time></rtept><rtept lat="37.290246" lon="-106.67287"><ele>3508.0</ele><time>2026-04-11T16:50:51Z</time></rtept><rtept lat="37.289877" lon="-106.672679"><ele>3504.0</ele><time>2026-04-11T16:50:51Z</time></rtept><rtept lat="37.289706" lon="-106.672643"><ele>3504.6</ele><time>2026-04-11T16:50:51Z</time></rtept><rtept lat="37.28962" lon="-106.672561"><ele>3502.4</ele><time>2026-04-11T16:50:51Z</time></rtept><rtept lat="37.289573" lon="-106.672538"><ele>3502.4</ele><time>2026-04-11T16:50:51Z</time></rtept><rtept lat="37.289476" lon="-106.67255"><ele>3500.4</ele><time>2026-04-11T16:50:51Z</time></rtept><rtept lat="37.289369" lon="-106.672608"><ele>3499.0</ele><time>2026-04-11T16:50:51Z</time></rtept><rtept lat="37.289346" lon="-106.672609"><ele>3499.4</ele><time>2026-04-11T16:50:51Z</time></rtept><rtept lat="37.289314" lon="-106.672484"><ele>3497.4</ele><time>2026-04-11T16:50:51Z</time></rtept><rtept lat="37.289305" lon="-106.672374"><ele>3493.6</ele><time>2026-04-11T16:50:51Z</time></rtept><rtept lat="37.28929" lon="-106.672331"><ele>3490.2</ele><time>2026-04-11T16:50:51Z</time></rtept><rtept lat="37.289194" lon="-106.672353"><ele>3498.0</ele><time>2026-04-11T16:50:51Z</time></rtept><rtept lat="37.289152" lon="-106.672333"><ele>3498.0</ele><time>2026-04-11T16:50:51Z</time></rtept><rtept lat="37.289063" lon="-106.672256"><ele>3501.2</ele><time>2026-04-11T16:50:51Z</time></rtept><rtept lat="37.288957" lon="-106.672104"><ele>3500.8</ele><time>2026-04-11T16:50:51Z</time></rtept><rtept lat="37.288931" lon="-106.672051"><ele>3500.8</ele><time>2026-04-11T16:50:51Z</time></rtept><rtept lat="37.288838" lon="-106.671922"><ele>3497.6</ele><time>2026-04-11T16:50:51Z</time></rtept><rtept lat="37.288699" lon="-106.67168"><ele>3497.6</ele><time>2026-04-11T16:50:51Z</time></rtept><rtept lat="37.288684" lon="-106.671617"><ele>3494.2</ele><time>2026-04-11T16:50:51Z</time></rtept><rtept lat="37.288658" lon="-106.671555"><ele>3494.2</ele><time>2026-04-11T16:50:51Z</time></rtept><rtept lat="37.288434" lon="-106.671327"><ele>3497.6</ele><time>2026-04-11T16:50:51Z</time></rtept><rtept lat="37.288316" lon="-106.671181"><ele>3496.8</ele><time>2026-04-11T16:50:51Z</time></rtept><rtept lat="37.288255" lon="-106.671082"><ele>3496.2</ele><time>2026-04-11T16:50:51Z</time></rtept><rtept lat="37.288175" lon="-106.670975"><ele>3492.6</ele><time>2026-04-11T16:50:51Z</time></rtept><rtept lat="37.288135" lon="-106.670933"><ele>3492.6</ele><time>2026-04-11T16:50:51Z</time></rtept><rtept lat="37.288061" lon="-106.67079"><ele>3490.2</ele><time>2026-04-11T16:50:51Z</time></rtept><rtept lat="37.288004" lon="-106.670639"><ele>3490.2</ele><time>2026-04-11T16:50:51Z</time></rtept><rtept lat="37.287932" lon="-106.670526"><ele>3489.8</ele><time>2026-04-11T16:50:51Z</time></rtept><rtept lat="37.287926" lon="-106.670413"><ele>3489.4</ele><time>2026-04-11T16:50:51Z</time></rtept><rtept lat="37.287957" lon="-106.670302"><ele>3489.6</ele><time>2026-04-11T16:50:51Z</time></rtept><rtept lat="37.287929" lon="-106.670178"><ele>3489.8</ele><time>2026-04-11T16:50:51Z</time></rtept><rtept lat="37.287875" lon="-106.670061"><ele>3491.8</ele><time>2026-04-11T16:50:51Z</time></rtept><rtept lat="37.287894" lon="-106.669957"><ele>3491.6</ele><time>2026-04-11T16:50:51Z</time></rtept><rtept lat="37.287867" lon="-106.669696"><ele>3488.8</ele><time>2026-04-11T16:50:51Z</time></rtept><rtept lat="37.287811" lon="-106.669664"><ele>3489.4</ele><time>2026-04-11T16:50:51Z</time></rtept><rtept lat="37.287776" lon="-106.66959"><ele>3491.2</ele><time>2026-04-11T16:50:51Z</time></rtept><rtept lat="37.287809" lon="-106.669466"><ele>3488.4</ele><time>2026-04-11T16:50:51Z</time></rtept><rtept lat="37.287804" lon="-106.669366"><ele>3489.2</ele><time>2026-04-11T16:50:51Z</time></rtept><rtept lat="37.287809" lon="-106.669309"><ele>3489.8</ele><time>2026-04-11T16:50:51Z</time></rtept><rtept lat="37.287763" lon="-106.669203"><ele>3493.0</ele><time>2026-04-11T16:50:51Z</time></rtept><rtept lat="37.287757" lon="-106.669124"><ele>3493.2</ele><time>2026-04-11T16:50:51Z</time></rtept><rtept lat="37.287699" lon="-106.668936"><ele>3496.6</ele><time>2026-04-11T16:50:51Z</time></rtept><rtept lat="37.28768" lon="-106.668822"><ele>3496.2</ele><time>2026-04-11T16:50:51Z</time></rtept><rtept lat="37.287665" lon="-106.668782"><ele>3496.2</ele><time>2026-04-11T16:50:51Z</time></rtept><rtept lat="37.287656" lon="-106.668798"><ele>3496.2</ele><time>2026-04-11T16:50:51Z</time></rtept><rtept lat="37.287651" lon="-106.66885"><ele>3496.6</ele><time>2026-04-11T16:50:51Z</time></rtept><rtept lat="37.287625" lon="-106.6689"><ele>3500.6</ele><time>2026-04-11T16:50:51Z</time></rtept><rtept lat="37.287601" lon="-106.669041"><ele>3500.2</ele><time>2026-04-11T16:50:51Z</time></rtept><rtept lat="37.287575" lon="-106.669086"><ele>3500.2</ele><time>2026-04-11T16:50:51Z</time></rtept><rtept lat="37.287567" lon="-106.669067"><ele>3504.0</ele><time>2026-04-11T16:50:51Z</time></rtept><rtept lat="37.287567" lon="-106.669042"><ele>3504.0</ele><time>2026-04-11T16:50:51Z</time></rtept><rtept lat="37.287535" lon="-106.668902"><ele>3504.6</ele><time>2026-04-11T16:50:51Z</time></rtept><rtept lat="37.287534" lon="-106.668854"><ele>3504.6</ele><time>2026-04-11T16:50:51Z</time></rtept><rtept lat="37.287514" lon="-106.668822"><ele>3504.6</ele><time>2026-04-11T16:50:51Z</time></rtept><rtept lat="37.287505" lon="-106.668835"><ele>3508.6</ele><time>2026-04-11T16:50:51Z</time></rtept><rtept lat="37.287504" lon="-106.668869"><ele>3508.6</ele><time>2026-04-11T16:50:51Z</time></rtept><rtept lat="37.287453" lon="-106.669002"><ele>3508.2</ele><time>2026-04-11T16:50:51Z</time></rtept><rtept lat="37.287438" lon="-106.66905"><ele>3511.8</ele><time>2026-04-11T16:50:51Z</time></rtept><rtept lat="37.287433" lon="-106.669098"><ele>3511.4</ele><time>2026-04-11T16:50:51Z</time></rtept><rtept lat="37.287405" lon="-106.669186"><ele>3510.6</ele><time>2026-04-11T16:50:51Z</time></rtept><rtept lat="37.287409" lon="-106.669226"><ele>3510.6</ele><time>2026-04-11T16:50:51Z</time></rtept><rtept lat="37.287397" lon="-106.669296"><ele>3509.6</ele><time>2026-04-11T16:50:51Z</time></rtept><rtept lat="37.28736" lon="-106.669353"><ele>3511.6</ele><time>2026-04-11T16:50:51Z</time></rtept><rtept lat="37.287348" lon="-106.669384"><ele>3511.6</ele><time>2026-04-11T16:50:51Z</time></rtept><rtept lat="37.287328" lon="-106.669403"><ele>3511.6</ele><time>2026-04-11T16:50:51Z</time></rtept><rtept lat="37.287301" lon="-106.669376"><ele>3514.8</ele><time>2026-04-11T16:50:51Z</time></rtept><rtept lat="37.287299" lon="-106.669352"><ele>3514.8</ele><time>2026-04-11T16:50:51Z</time></rtept><rtept lat="37.287308" lon="-106.669316"><ele>3513.4</ele><time>2026-04-11T16:50:51Z</time></rtept><rtept lat="37.287201" lon="-106.669095"><ele>3523.4</ele><time>2026-04-11T16:50:51Z</time></rtept><rtept lat="37.287169" lon="-106.668975"><ele>3523.2</ele><time>2026-04-11T16:50:51Z</time></rtept><rtept lat="37.287162" lon="-106.668821"><ele>3526.2</ele><time>2026-04-11T16:50:51Z</time></rtept><rtept lat="37.287149" lon="-106.668778"><ele>3526.2</ele><time>2026-04-11T16:50:51Z</time></rtept><rtept lat="37.287131" lon="-106.66879"><ele>3526.2</ele><time>2026-04-11T16:50:51Z</time></rtept><rtept lat="37.287124" lon="-106.668821"><ele>3526.2</ele><time>2026-04-11T16:50:51Z</time></rtept><rtept lat="37.287078" lon="-106.668914"><ele>3529.4</ele><time>2026-04-11T16:50:51Z</time></rtept><rtept lat="37.287012" lon="-106.669107"><ele>3532.0</ele><time>2026-04-11T16:50:51Z</time></rtept><rtept lat="37.286949" lon="-106.669233"><ele>3534.0</ele><time>2026-04-11T16:50:51Z</time></rtept><rtept lat="37.286942" lon="-106.669264"><ele>3533.0</ele><time>2026-04-11T16:50:51Z</time></rtept><rtept lat="37.286878" lon="-106.66933"><ele>3536.0</ele><time>2026-04-11T16:50:51Z</time></rtept><rtept lat="37.286853" lon="-106.669307"><ele>3536.0</ele><time>2026-04-11T16:50:51Z</time></rtept><rtept lat="37.28685" lon="-106.669239"><ele>3536.8</ele><time>2026-04-11T16:50:51Z</time></rtept><rtept lat="37.28681" lon="-106.669061"><ele>3541.0</ele><time>2026-04-11T16:50:51Z</time></rtept><rtept lat="37.2868" lon="-106.668985"><ele>3541.6</ele><time>2026-04-11T16:50:51Z</time></rtept><rtept lat="37.286801" lon="-106.668856"><ele>3542.2</ele><time>2026-04-11T16:50:51Z</time></rtept><rtept lat="37.286795" lon="-106.668803"><ele>3542.8</ele><time>2026-04-11T16:50:51Z</time></rtept><rtept lat="37.286775" lon="-106.668764"><ele>3542.8</ele><time>2026-04-11T16:50:51Z</time></rtept><rtept lat="37.286737" lon="-106.668754"><ele>3546.4</ele><time>2026-04-11T16:50:51Z</time></rtept><rtept lat="37.286709" lon="-106.668718"><ele>3547.0</ele><time>2026-04-11T16:50:51Z</time></rtept><rtept lat="37.286705" lon="-106.668667"><ele>3547.0</ele><time>2026-04-11T16:50:51Z</time></rtept><rtept lat="37.28671" lon="-106.668639"><ele>3547.4</ele><time>2026-04-11T16:50:51Z</time></rtept><rtept lat="37.286752" lon="-106.668514"><ele>3547.4</ele><time>2026-04-11T16:50:51Z</time></rtept><rtept lat="37.286746" lon="-106.668465"><ele>3547.2</ele><time>2026-04-11T16:50:51Z</time></rtept><rtept lat="37.28668" lon="-106.668349"><ele>3550.4</ele><time>2026-04-11T16:50:51Z</time></rtept><rtept lat="37.286648" lon="-106.668261"><ele>3549.8</ele><time>2026-04-11T16:50:51Z</time></rtept><rtept lat="37.286639" lon="-106.668212"><ele>3549.8</ele><time>2026-04-11T16:50:51Z</time></rtept><rtept lat="37.286628" lon="-106.668215"><ele>3549.8</ele><time>2026-04-11T16:50:51Z</time></rtept><rtept lat="37.286589" lon="-106.668388"><ele>3553.8</ele><time>2026-04-11T16:50:51Z</time></rtept><rtept lat="37.286556" lon="-106.668484"><ele>3554.0</ele><time>2026-04-11T16:50:51Z</time></rtept><rtept lat="37.286442" lon="-106.668583"><ele>3560.4</ele><time>2026-04-11T16:50:51Z</time></rtept><rtept lat="37.286404" lon="-106.668565"><ele>3563.6</ele><time>2026-04-11T16:50:51Z</time></rtept><rtept lat="37.28641" lon="-106.668497"><ele>3563.6</ele><time>2026-04-11T16:50:51Z</time></rtept><rtept lat="37.286438" lon="-106.668401"><ele>3560.8</ele><time>2026-04-11T16:50:51Z</time></rtept><rtept lat="37.286425" lon="-106.668353"><ele>3560.8</ele><time>2026-04-11T16:50:51Z</time></rtept><rtept lat="37.286374" lon="-106.668286"><ele>3563.6</ele><time>2026-04-11T16:50:51Z</time></rtept><rtept lat="37.28634" lon="-106.668208"><ele>3566.4</ele><time>2026-04-11T16:50:51Z</time></rtept><rtept lat="37.286313" lon="-106.668175"><ele>3566.4</ele><time>2026-04-11T16:50:51Z</time></rtept><rtept lat="37.286257" lon="-106.668135"><ele>3569.8</ele><time>2026-04-11T16:50:51Z</time></rtept><rtept lat="37.286219" lon="-106.668095"><ele>3569.8</ele><time>2026-04-11T16:50:51Z</time></rtept><rtept lat="37.286222" lon="-106.668053"><ele>3570.8</ele><time>2026-04-11T16:50:51Z</time></rtept><rtept lat="37.286312" lon="-106.66793"><ele>3570.4</ele><time>2026-04-11T16:50:51Z</time></rtept><rtept lat="37.286333" lon="-106.66788"><ele>3573.2</ele><time>2026-04-11T16:50:51Z</time></rtept><rtept lat="37.286365" lon="-106.667837"><ele>3570.4</ele><time>2026-04-11T16:50:51Z</time></rtept><rtept lat="37.286404" lon="-106.667746"><ele>3573.0</ele><time>2026-04-11T16:50:51Z</time></rtept><rtept lat="37.286423" lon="-106.667564"><ele>3574.0</ele><time>2026-04-11T16:50:51Z</time></rtept><rtept lat="37.286453" lon="-106.667368"><ele>3577.2</ele><time>2026-04-11T16:50:51Z</time></rtept><rtept lat="37.286467" lon="-106.667166"><ele>3579.2</ele><time>2026-04-11T16:50:51Z</time></rtept><rtept lat="37.286428" lon="-106.667187"><ele>3579.2</ele><time>2026-04-11T16:50:51Z</time></rtept><rtept lat="37.286356" lon="-106.667329"><ele>3581.4</ele><time>2026-04-11T16:50:51Z</time></rtept><rtept lat="37.286322" lon="-106.667371"><ele>3585.6</ele><time>2026-04-11T16:50:51Z</time></rtept><rtept lat="37.286309" lon="-106.667341"><ele>3585.6</ele><time>2026-04-11T16:50:51Z</time></rtept><rtept lat="37.286334" lon="-106.66715"><ele>3588.6</ele><time>2026-04-11T16:50:51Z</time></rtept><rtept lat="37.28633" lon="-106.667106"><ele>3590.0</ele><time>2026-04-11T16:50:51Z</time></rtept><rtept lat="37.2863" lon="-106.667138"><ele>3588.6</ele><time>2026-04-11T16:50:51Z</time></rtept><rtept lat="37.286256" lon="-106.667225"><ele>3591.4</ele><time>2026-04-11T16:50:51Z</time></rtept><rtept lat="37.286229" lon="-106.667263"><ele>3591.4</ele><time>2026-04-11T16:50:51Z</time></rtept><rtept lat="37.286218" lon="-106.667262"><ele>3591.4</ele><time>2026-04-11T16:50:51Z</time></rtept><rtept lat="37.286194" lon="-106.667173"><ele>3597.2</ele><time>2026-04-11T16:50:51Z</time></rtept><rtept lat="37.286193" lon="-106.667097"><ele>3598.6</ele><time>2026-04-11T16:50:51Z</time></rtept><rtept lat="37.286184" lon="-106.667052"><ele>3598.6</ele><time>2026-04-11T16:50:51Z</time></rtept><rtept lat="37.286064" lon="-106.66727"><ele>3603.2</ele><time>2026-04-11T16:50:51Z</time></rtept><rtept lat="37.286054" lon="-106.667232"><ele>3603.2</ele><time>2026-04-11T16:50:51Z</time></rtept><rtept lat="37.286071" lon="-106.667132"><ele>3605.2</ele><time>2026-04-11T16:50:51Z</time></rtept><rtept lat="37.28606" lon="-106.66706"><ele>3607.0</ele><time>2026-04-11T16:50:51Z</time></rtept><rtept lat="37.286026" lon="-106.667068"><ele>3607.0</ele><time>2026-04-11T16:50:51Z</time></rtept><rtept lat="37.28593" lon="-106.667195"><ele>3612.4</ele><time>2026-04-11T16:50:51Z</time></rtept><rtept lat="37.285776" lon="-106.667291"><ele>3613.4</ele><time>2026-04-11T16:50:51Z</time></rtept><rtept lat="37.28569" lon="-106.667308"><ele>3615.6</ele><time>2026-04-11T16:50:51Z</time></rtept><rtept lat="37.285702" lon="-106.66725"><ele>3618.2</ele><time>2026-04-11T16:50:51Z</time></rtept><rtept lat="37.28573" lon="-106.667176"><ele>3620.6</ele><time>2026-04-11T16:50:51Z</time></rtept><rtept lat="37.285747" lon="-106.667053"><ele>3620.2</ele><time>2026-04-11T16:50:51Z</time></rtept><rtept lat="37.285775" lon="-106.666994"><ele>3622.0</ele><time>2026-04-11T16:50:51Z</time></rtept><rtept lat="37.285794" lon="-106.666909"><ele>3623.4</ele><time>2026-04-11T16:50:51Z</time></rtept><rtept lat="37.285787" lon="-106.66682"><ele>3625.0</ele><time>2026-04-11T16:50:51Z</time></rtept><rtept lat="37.285768" lon="-106.666729"><ele>3626.8</ele><time>2026-04-11T16:50:51Z</time></rtept><rtept lat="37.285722" lon="-106.666744"><ele>3628.8</ele><time>2026-04-11T16:50:51Z</time></rtept><rtept lat="37.285604" lon="-106.666835"><ele>3629.2</ele><time>2026-04-11T16:50:51Z</time></rtept><rtept lat="37.285572" lon="-106.666875"><ele>3629.8</ele><time>2026-04-11T16:50:51Z</time></rtept><rtept lat="37.28549" lon="-106.666931"><ele>3631.8</ele><time>2026-04-11T16:50:51Z</time></rtept><rtept lat="37.285295" lon="-106.66704"><ele>3635.2</ele><time>2026-04-11T16:50:51Z</time></rtept><rtept lat="37.28512" lon="-106.667156"><ele>3637.6</ele><time>2026-04-11T16:50:51Z</time></rtept><rtept lat="37.285046" lon="-106.667227"><ele>3640.0</ele><time>2026-04-11T16:50:51Z</time></rtept><rtept lat="37.285012" lon="-106.667244"><ele>3640.0</ele><time>2026-04-11T16:50:51Z</time></rtept><rtept lat="37.284946" lon="-106.667322"><ele>3640.2</ele><time>2026-04-11T16:50:51Z</time></rtept><rtept lat="37.284848" lon="-106.667384"><ele>3641.0</ele><time>2026-04-11T16:50:51Z</time></rtept><rtept lat="37.284854" lon="-106.667272"><ele>3644.6</ele><time>2026-04-11T16:50:51Z</time></rtept><rtept lat="37.284875" lon="-106.667233"><ele>3644.6</ele><time>2026-04-11T16:50:51Z</time></rtept><rtept lat="37.284887" lon="-106.667178"><ele>3646.6</ele><time>2026-04-11T16:50:51Z</time></rtept><rtept lat="37.284954" lon="-106.666759"><ele>3654.6</ele><time>2026-04-11T16:50:51Z</time></rtept><rtept lat="37.284957" lon="-106.666701"><ele>3654.6</ele><time>2026-04-11T16:50:51Z</time></rtept><rtept lat="37.285035" lon="-106.66644"><ele>3658.8</ele><time>2026-04-11T16:50:51Z</time></rtept><rtept lat="37.284978" lon="-106.666467"><ele>3661.6</ele><time>2026-04-11T16:50:51Z</time></rtept><rtept lat="37.284828" lon="-106.666563"><ele>3664.8</ele><time>2026-04-11T16:50:51Z</time></rtept><rtept lat="37.284746" lon="-106.66664"><ele>3665.2</ele><time>2026-04-11T16:50:51Z</time></rtept><rtept lat="37.284682" lon="-106.666723"><ele>3666.2</ele><time>2026-04-11T16:50:51Z</time></rtept><rtept lat="37.284542" lon="-106.666852"><ele>3671.0</ele><time>2026-04-11T16:50:51Z</time></rtept><rtept lat="37.284517" lon="-106.666894"><ele>3668.8</ele><time>2026-04-11T16:50:51Z</time></rtept><rtept lat="37.284446" lon="-106.666967"><ele>3670.4</ele><time>2026-04-11T16:50:51Z</time></rtept><rtept lat="37.284384" lon="-106.667059"><ele>3672.2</ele><time>2026-04-11T16:50:51Z</time></rtept><rtept lat="37.284315" lon="-106.66714"><ele>3673.0</ele><time>2026-04-11T16:50:51Z</time></rtept><rtept lat="37.284255" lon="-106.667247"><ele>3674.0</ele><time>2026-04-11T16:50:51Z</time></rtept><rtept lat="37.284235" lon="-106.66726"><ele>3674.0</ele><time>2026-04-11T16:50:51Z</time></rtept><rtept lat="37.284224" lon="-106.667224"><ele>3676.6</ele><time>2026-04-11T16:50:51Z</time></rtept><rtept lat="37.284206" lon="-106.667042"><ele>3679.6</ele><time>2026-04-11T16:50:51Z</time></rtept><rtept lat="37.284214" lon="-106.66699"><ele>3681.0</ele><time>2026-04-11T16:50:51Z</time></rtept><rtept lat="37.284261" lon="-106.666805"><ele>3682.4</ele><time>2026-04-11T16:50:51Z</time></rtept><rtept lat="37.284308" lon="-106.66671"><ele>3682.2</ele><time>2026-04-11T16:50:51Z</time></rtept><rtept lat="37.28433" lon="-106.66661"><ele>3684.4</ele><time>2026-04-11T16:50:51Z</time></rtept><rtept lat="37.284338" lon="-106.666475"><ele>3689.6</ele><time>2026-04-11T16:50:51Z</time></rtept><rtept lat="37.284394" lon="-106.66632"><ele>3692.6</ele><time>2026-04-11T16:50:51Z</time></rtept><rtept lat="37.284356" lon="-106.66634"><ele>3694.4</ele><time>2026-04-11T16:50:51Z</time></rtept><rtept lat="37.284278" lon="-106.666406"><ele>3693.8</ele><time>2026-04-11T16:50:51Z</time></rtept><rtept lat="37.284183" lon="-106.666431"><ele>3695.4</ele><time>2026-04-11T16:50:51Z</time></rtept><rtept lat="37.284108" lon="-106.666492"><ele>3695.0</ele><time>2026-04-11T16:50:51Z</time></rtept><rtept lat="37.283976" lon="-106.666561"><ele>3696.8</ele><time>2026-04-11T16:50:51Z</time></rtept><rtept lat="37.283933" lon="-106.666574"><ele>3698.4</ele><time>2026-04-11T16:50:51Z</time></rtept><rtept lat="37.28395" lon="-106.66653"><ele>3698.4</ele><time>2026-04-11T16:50:51Z</time></rtept><rtept lat="37.28398" lon="-106.666492"><ele>3698.2</ele><time>2026-04-11T16:50:51Z</time></rtept><rtept lat="37.283996" lon="-106.666437"><ele>3698.2</ele><time>2026-04-11T16:50:51Z</time></rtept><rtept lat="37.284006" lon="-106.666374"><ele>3699.6</ele><time>2026-04-11T16:50:51Z</time></rtept><rtept lat="37.284" lon="-106.666308"><ele>3700.6</ele><time>2026-04-11T16:50:51Z</time></rtept><rtept lat="37.284022" lon="-106.666184"><ele>3701.6</ele><time>2026-04-11T16:50:51Z</time></rtept><rtept lat="37.28403" lon="-106.666088"><ele>3702.0</ele><time>2026-04-11T16:50:51Z</time></rtept><rtept lat="37.28399" lon="-106.665758"><ele>3703.8</ele><time>2026-04-11T16:50:51Z</time></rtept><rtept lat="37.284029" lon="-106.665565"><ele>3703.0</ele><time>2026-04-11T16:50:51Z</time></rtept><rtept lat="37.283989" lon="-106.665189"><ele>3699.6</ele><time>2026-04-11T16:50:51Z</time></rtept><rtept lat="37.283976" lon="-106.665125"><ele>3698.6</ele><time>2026-04-11T16:50:51Z</time></rtept><rtept lat="37.28395" lon="-106.665073"><ele>3698.2</ele><time>2026-04-11T16:50:51Z</time></rtept><rtept lat="37.28394" lon="-106.665011"><ele>3697.2</ele><time>2026-04-11T16:50:51Z</time></rtept><rtept lat="37.283954" lon="-106.664922"><ele>3696.0</ele><time>2026-04-11T16:50:51Z</time></rtept><rtept lat="37.284003" lon="-106.664867"><ele>3696.0</ele><time>2026-04-11T16:50:51Z</time></rtept><rtept lat="37.284035" lon="-106.664668"><ele>3698.2</ele><time>2026-04-11T16:50:51Z</time></rtept><rtept lat="37.283952" lon="-106.664494"><ele>3695.8</ele><time>2026-04-11T16:50:51Z</time></rtept><rtept lat="37.283925" lon="-106.66443"><ele>3695.8</ele><time>2026-04-11T16:50:51Z</time></rtept><rtept lat="37.283908" lon="-106.664363"><ele>3695.6</ele><time>2026-04-11T16:50:51Z</time></rtept><rtept lat="37.28384" lon="-106.664213"><ele>3693.8</ele><time>2026-04-11T16:50:51Z</time></rtept><rtept lat="37.283786" lon="-106.664065"><ele>3690.8</ele><time>2026-04-11T16:50:51Z</time></rtept><rtept lat="37.283692" lon="-106.663881"><ele>3686.8</ele><time>2026-04-11T16:50:51Z</time></rtept><rtept lat="37.283665" lon="-106.663863"><ele>3686.0</ele><time>2026-04-11T16:50:51Z</time></rtept><rtept lat="37.283597" lon="-106.66389"><ele>3685.4</ele><time>2026-04-11T16:50:51Z</time></rtept><rtept lat="37.283462" lon="-106.663874"><ele>3684.0</ele><time>2026-04-11T16:50:51Z</time></rtept><rtept lat="37.283396" lon="-106.663918"><ele>3683.2</ele><time>2026-04-11T16:50:51Z</time></rtept><rtept lat="37.28333" lon="-106.663982"><ele>3683.6</ele><time>2026-04-11T16:50:51Z</time></rtept><rtept lat="37.283316" lon="-106.664044"><ele>3685.0</ele><time>2026-04-11T16:50:51Z</time></rtept><rtept lat="37.28329" lon="-106.664076"><ele>3685.0</ele><time>2026-04-11T16:50:51Z</time></rtept><rtept lat="37.28325" lon="-106.664094"><ele>3684.0</ele><time>2026-04-11T16:50:51Z</time></rtept><rtept lat="37.283207" lon="-106.664097"><ele>3684.0</ele><time>2026-04-11T16:50:51Z</time></rtept><rtept lat="37.283149" lon="-106.664058"><ele>3683.2</ele><time>2026-04-11T16:50:51Z</time></rtept><rtept lat="37.283113" lon="-106.664025"><ele>3681.2</ele><time>2026-04-11T16:50:51Z</time></rtept><rtept lat="37.283082" lon="-106.663979"><ele>3681.2</ele><time>2026-04-11T16:50:51Z</time></rtept><rtept lat="37.283067" lon="-106.663935"><ele>3680.6</ele><time>2026-04-11T16:50:51Z</time></rtept><rtept lat="37.282866" lon="-106.663616"><ele>3677.0</ele><time>2026-04-11T16:50:51Z</time></rtept><rtept lat="37.282761" lon="-106.663589"><ele>3677.8</ele><time>2026-04-11T16:50:51Z</time></rtept><rtept lat="37.282578" lon="-106.663457"><ele>3680.8</ele><time>2026-04-11T16:50:51Z</time></rtept><rtept lat="37.282431" lon="-106.663319"><ele>3682.6</ele><time>2026-04-11T16:50:51Z</time></rtept><rtept lat="37.282389" lon="-106.663259"><ele>3682.6</ele><time>2026-04-11T16:50:51Z</time></rtept><rtept lat="37.282361" lon="-106.663191"><ele>3683.6</ele><time>2026-04-11T16:50:51Z</time></rtept><rtept lat="37.282234" lon="-106.663068"><ele>3685.4</ele><time>2026-04-11T16:50:51Z</time></rtept><rtept lat="37.28217" lon="-106.662953"><ele>3686.0</ele><time>2026-04-11T16:50:51Z</time></rtept><rtept lat="37.282122" lon="-106.662839"><ele>3684.2</ele><time>2026-04-11T16:50:51Z</time></rtept><rtept lat="37.282082" lon="-106.662791"><ele>3684.8</ele><time>2026-04-11T16:50:51Z</time></rtept><rtept lat="37.282021" lon="-106.662663"><ele>3685.2</ele><time>2026-04-11T16:50:51Z</time></rtept><rtept lat="37.281946" lon="-106.662542"><ele>3684.4</ele><time>2026-04-11T16:50:51Z</time></rtept><rtept lat="37.281922" lon="-106.662476"><ele>3683.0</ele><time>2026-04-11T16:50:51Z</time></rtept><rtept lat="37.281789" lon="-106.662323"><ele>3685.0</ele><time>2026-04-11T16:50:51Z</time></rtept><rtept lat="37.281754" lon="-106.662265"><ele>3685.2</ele><time>2026-04-11T16:50:51Z</time></rtept><rtept lat="37.281726" lon="-106.662197"><ele>3683.8</ele><time>2026-04-11T16:50:51Z</time></rtept><rtept lat="37.281684" lon="-106.662156"><ele>3685.2</ele><time>2026-04-11T16:50:51Z</time></rtept><rtept lat="37.281556" lon="-106.662084"><ele>3686.6</ele><time>2026-04-11T16:50:51Z</time></rtept><rtept lat="37.2815" lon="-106.662062"><ele>3686.6</ele><time>2026-04-11T16:50:51Z</time></rtept><rtept lat="37.281451" lon="-106.662025"><ele>3686.6</ele><time>2026-04-11T16:50:51Z</time></rtept><rtept lat="37.281429" lon="-106.661964"><ele>3685.6</ele><time>2026-04-11T16:50:51Z</time></rtept><rtept lat="37.28142" lon="-106.661821"><ele>3686.4</ele><time>2026-04-11T16:50:51Z</time></rtept><rtept lat="37.281396" lon="-106.661757"><ele>3686.2</ele><time>2026-04-11T16:50:51Z</time></rtept><rtept lat="37.281352" lon="-106.661699"><ele>3687.2</ele><time>2026-04-11T16:50:51Z</time></rtept><rtept lat="37.281186" lon="-106.661665"><ele>3689.0</ele><time>2026-04-11T16:50:51Z</time></rtept><rtept lat="37.280931" lon="-106.661696"><ele>3691.0</ele><time>2026-04-11T16:50:51Z</time></rtept><rtept lat="37.280813" lon="-106.661742"><ele>3692.4</ele><time>2026-04-11T16:50:51Z</time></rtept><rtept lat="37.280767" lon="-106.661774"><ele>3692.4</ele><time>2026-04-11T16:50:51Z</time></rtept><rtept lat="37.280718" lon="-106.661779"><ele>3692.4</ele><time>2026-04-11T16:50:51Z</time></rtept><rtept lat="37.280677" lon="-106.661822"><ele>3693.2</ele><time>2026-04-11T16:50:51Z</time></rtept><rtept lat="37.280627" lon="-106.661855"><ele>3693.2</ele><time>2026-04-11T16:50:51Z</time></rtept><rtept lat="37.280529" lon="-106.661906"><ele>3694.0</ele><time>2026-04-11T16:50:51Z</time></rtept><rtept lat="37.280497" lon="-106.661914"><ele>3694.0</ele><time>2026-04-11T16:50:51Z</time></rtept><rtept lat="37.280441" lon="-106.661882"><ele>3693.4</ele><time>2026-04-11T16:50:51Z</time></rtept><rtept lat="37.280383" lon="-106.661863"><ele>3693.6</ele><time>2026-04-11T16:50:51Z</time></rtept><rtept lat="37.280261" lon="-106.661873"><ele>3693.8</ele><time>2026-04-11T16:50:51Z</time></rtept><rtept lat="37.28009" lon="-106.661869"><ele>3694.0</ele><time>2026-04-11T16:50:51Z</time></rtept><rtept lat="37.279978" lon="-106.66181"><ele>3694.6</ele><time>2026-04-11T16:50:51Z</time></rtept><rtept lat="37.279859" lon="-106.661807"><ele>3694.8</ele><time>2026-04-11T16:50:51Z</time></rtept><rtept lat="37.27961" lon="-106.661753"><ele>3693.0</ele><time>2026-04-11T16:50:51Z</time></rtept><rtept lat="37.279499" lon="-106.661751"><ele>3693.4</ele><time>2026-04-11T16:50:51Z</time></rtept><rtept lat="37.279441" lon="-106.661737"><ele>3693.6</ele><time>2026-04-11T16:50:51Z</time></rtept><rtept lat="37.279387" lon="-106.661715"><ele>3693.6</ele><time>2026-04-11T16:50:51Z</time></rtept><rtept lat="37.279112" lon="-106.661537"><ele>3691.0</ele><time>2026-04-11T16:50:51Z</time></rtept><rtept lat="37.279007" lon="-106.661485"><ele>3693.0</ele><time>2026-04-11T16:50:51Z</time></rtept><rtept lat="37.278958" lon="-106.661474"><ele>3693.8</ele><time>2026-04-11T16:50:51Z</time></rtept><rtept lat="37.278892" lon="-106.661496"><ele>3694.2</ele><time>2026-04-11T16:50:51Z</time></rtept><rtept lat="37.278845" lon="-106.661479"><ele>3694.2</ele><time>2026-04-11T16:50:51Z</time></rtept><rtept lat="37.278816" lon="-106.661415"><ele>3693.4</ele><time>2026-04-11T16:50:51Z</time></rtept><rtept lat="37.27877" lon="-106.661369"><ele>3693.4</ele><time>2026-04-11T16:50:51Z</time></rtept><rtept lat="37.278709" lon="-106.661336"><ele>3693.0</ele><time>2026-04-11T16:50:51Z</time></rtept><rtept lat="37.278561" lon="-106.661179"><ele>3692.8</ele><time>2026-04-11T16:50:51Z</time></rtept><rtept lat="37.27855" lon="-106.661141"><ele>3693.6</ele><time>2026-04-11T16:50:51Z</time></rtept><rtept lat="37.278475" lon="-106.661024"><ele>3693.0</ele><time>2026-04-11T16:50:51Z</time></rtept><rtept lat="37.27839" lon="-106.660849"><ele>3692.6</ele><time>2026-04-11T16:50:51Z</time></rtept><rtept lat="37.278367" lon="-106.660824"><ele>3692.6</ele><time>2026-04-11T16:50:51Z</time></rtept><rtept lat="37.278184" lon="-106.660739"><ele>3695.2</ele><time>2026-04-11T16:50:51Z</time></rtept><rtept lat="37.278155" lon="-106.66069"><ele>3695.2</ele><time>2026-04-11T16:50:51Z</time></rtept><rtept lat="37.278149" lon="-106.660623"><ele>3695.6</ele><time>2026-04-11T16:50:51Z</time></rtept><rtept lat="37.278151" lon="-106.660482"><ele>3693.6</ele><time>2026-04-11T16:50:51Z</time></rtept><rtept lat="37.278132" lon="-106.660421"><ele>3693.8</ele><time>2026-04-11T16:50:51Z</time></rtept><rtept lat="37.278061" lon="-106.660302"><ele>3693.6</ele><time>2026-04-11T16:50:51Z</time></rtept><rtept lat="37.277848" lon="-106.660242"><ele>3695.0</ele><time>2026-04-11T16:50:51Z</time></rtept><rtept lat="37.277792" lon="-106.660216"><ele>3695.6</ele><time>2026-04-11T16:50:51Z</time></rtept><rtept lat="37.277556" lon="-106.660164"><ele>3696.6</ele><time>2026-04-11T16:50:51Z</time></rtept><rtept lat="37.277496" lon="-106.660134"><ele>3697.0</ele><time>2026-04-11T16:50:51Z</time></rtept><rtept lat="37.277435" lon="-106.660128"><ele>3697.0</ele><time>2026-04-11T16:50:51Z</time></rtept><rtept lat="37.277381" lon="-106.66015"><ele>3696.6</ele><time>2026-04-11T16:50:51Z</time></rtept><rtept lat="37.277328" lon="-106.660195"><ele>3696.4</ele><time>2026-04-11T16:50:51Z</time></rtept><rtept lat="37.277062" lon="-106.660564"><ele>3694.6</ele><time>2026-04-11T16:50:51Z</time></rtept><rtept lat="37.276968" lon="-106.660648"><ele>3692.2</ele><time>2026-04-11T16:50:51Z</time></rtept><rtept lat="37.2768" lon="-106.660777"><ele>3689.8</ele><time>2026-04-11T16:50:51Z</time></rtept><rtept lat="37.276763" lon="-106.660822"><ele>3688.6</ele><time>2026-04-11T16:50:51Z</time></rtept><rtept lat="37.276746" lon="-106.660906"><ele>3688.6</ele><time>2026-04-11T16:50:51Z</time></rtept><rtept lat="37.27664" lon="-106.661252"><ele>3685.2</ele><time>2026-04-11T16:50:51Z</time></rtept><rtept lat="37.276596" lon="-106.661305"><ele>3684.0</ele><time>2026-04-11T16:50:51Z</time></rtept><rtept lat="37.276523" lon="-106.661418"><ele>3682.2</ele><time>2026-04-11T16:50:51Z</time></rtept><rtept lat="37.27648" lon="-106.661567"><ele>3678.4</ele><time>2026-04-11T16:50:51Z</time></rtept><rtept lat="37.276465" lon="-106.661648"><ele>3677.4</ele><time>2026-04-11T16:50:51Z</time></rtept><rtept lat="37.276361" lon="-106.662005"><ele>3672.4</ele><time>2026-04-11T16:50:51Z</time></rtept><rtept lat="37.276333" lon="-106.662228"><ele>3670.2</ele><time>2026-04-11T16:50:51Z</time></rtept><rtept lat="37.276317" lon="-106.662456"><ele>3667.8</ele><time>2026-04-11T16:50:51Z</time></rtept><rtept lat="37.276288" lon="-106.662579"><ele>3663.4</ele><time>2026-04-11T16:50:51Z</time></rtept><rtept lat="37.276304" lon="-106.662852"><ele>3659.6</ele><time>2026-04-11T16:50:51Z</time></rtept><rtept lat="37.27633" lon="-106.66297"><ele>3659.6</ele><time>2026-04-11T16:50:51Z</time></rtept><rtept lat="37.276323" lon="-106.663263"><ele>3656.2</ele><time>2026-04-11T16:50:51Z</time></rtept><rtept lat="37.276235" lon="-106.663432"><ele>3650.8</ele><time>2026-04-11T16:50:51Z</time></rtept><rtept lat="37.276198" lon="-106.663528"><ele>3650.4</ele><time>2026-04-11T16:50:51Z</time></rtept><rtept lat="37.276186" lon="-106.66358"><ele>3650.4</ele><time>2026-04-11T16:50:51Z</time></rtept><rtept lat="37.276175" lon="-106.663692"><ele>3649.2</ele><time>2026-04-11T16:50:51Z</time></rtept><rtept lat="37.276201" lon="-106.663953"><ele>3646.8</ele><time>2026-04-11T16:50:51Z</time></rtept><rtept lat="37.276222" lon="-106.664061"><ele>3646.0</ele><time>2026-04-11T16:50:51Z</time></rtept><rtept lat="37.276223" lon="-106.664119"><ele>3644.8</ele><time>2026-04-11T16:50:51Z</time></rtept><rtept lat="37.276214" lon="-106.664181"><ele>3644.8</ele><time>2026-04-11T16:50:51Z</time></rtept><rtept lat="37.276212" lon="-106.664304"><ele>3642.6</ele><time>2026-04-11T16:50:51Z</time></rtept><rtept lat="37.276219" lon="-106.664417"><ele>3641.4</ele><time>2026-04-11T16:50:51Z</time></rtept><rtept lat="37.276207" lon="-106.664479"><ele>3639.8</ele><time>2026-04-11T16:50:51Z</time></rtept><rtept lat="37.276208" lon="-106.664738"><ele>3635.6</ele><time>2026-04-11T16:50:51Z</time></rtept><rtept lat="37.276197" lon="-106.664893"><ele>3633.4</ele><time>2026-04-11T16:50:51Z</time></rtept><rtept lat="37.276211" lon="-106.66501"><ele>3632.2</ele><time>2026-04-11T16:50:51Z</time></rtept><rtept lat="37.27624" lon="-106.665156"><ele>3631.8</ele><time>2026-04-11T16:50:51Z</time></rtept><rtept lat="37.276233" lon="-106.665201"><ele>3629.4</ele><time>2026-04-11T16:50:51Z</time></rtept><rtept lat="37.276234" lon="-106.665254"><ele>3627.8</ele><time>2026-04-11T16:50:51Z</time></rtept><rtept lat="37.276259" lon="-106.665402"><ele>3626.6</ele><time>2026-04-11T16:50:51Z</time></rtept><rtept lat="37.276254" lon="-106.665455"><ele>3626.6</ele><time>2026-04-11T16:50:51Z</time></rtept><rtept lat="37.276351" lon="-106.665754"><ele>3620.6</ele><time>2026-04-11T16:50:51Z</time></rtept><rtept lat="37.276404" lon="-106.665859"><ele>3620.4</ele><time>2026-04-11T16:50:51Z</time></rtept><rtept lat="37.276509" lon="-106.666531"><ele>3608.0</ele><time>2026-04-11T16:50:51Z</time></rtept><rtept lat="37.27654" lon="-106.666604"><ele>3608.0</ele><time>2026-04-11T16:50:51Z</time></rtept><rtept lat="37.276574" lon="-106.666774"><ele>3606.2</ele><time>2026-04-11T16:50:51Z</time></rtept><rtept lat="37.27664" lon="-106.66704"><ele>3602.6</ele><time>2026-04-11T16:50:51Z</time></rtept><rtept lat="37.27666" lon="-106.667165"><ele>3603.0</ele><time>2026-04-11T16:50:51Z</time></rtept><rtept lat="37.276708" lon="-106.667329"><ele>3599.0</ele><time>2026-04-11T16:50:51Z</time></rtept><rtept lat="37.276714" lon="-106.667383"><ele>3596.8</ele><time>2026-04-11T16:50:51Z</time></rtept><rtept lat="37.276736" lon="-106.667429"><ele>3599.0</ele><time>2026-04-11T16:50:51Z</time></rtept><rtept lat="37.276758" lon="-106.667593"><ele>3594.6</ele><time>2026-04-11T16:50:51Z</time></rtept><rtept lat="37.276792" lon="-106.667729"><ele>3592.8</ele><time>2026-04-11T16:50:51Z</time></rtept><rtept lat="37.276841" lon="-106.667941"><ele>3589.0</ele><time>2026-04-11T16:50:51Z</time></rtept><rtept lat="37.276904" lon="-106.668106"><ele>3587.4</ele><time>2026-04-11T16:50:51Z</time></rtept><rtept lat="37.276917" lon="-106.668161"><ele>3585.4</ele><time>2026-04-11T16:50:51Z</time></rtept><rtept lat="37.276971" lon="-106.668312"><ele>3586.0</ele><time>2026-04-11T16:50:51Z</time></rtept><rtept lat="37.276992" lon="-106.668412"><ele>3584.8</ele><time>2026-04-11T16:50:51Z</time></rtept><rtept lat="37.277014" lon="-106.668453"><ele>3584.8</ele><time>2026-04-11T16:50:51Z</time></rtept><rtept lat="37.277037" lon="-106.668609"><ele>3581.2</ele><time>2026-04-11T16:50:51Z</time></rtept><rtept lat="37.277115" lon="-106.6688"><ele>3579.0</ele><time>2026-04-11T16:50:51Z</time></rtept><rtept lat="37.277181" lon="-106.668902"><ele>3578.8</ele><time>2026-04-11T16:50:51Z</time></rtept><rtept lat="37.277183" lon="-106.668924"><ele>3576.6</ele><time>2026-04-11T16:50:51Z</time></rtept><rtept lat="37.277216" lon="-106.668973"><ele>3579.0</ele><time>2026-04-11T16:50:51Z</time></rtept><rtept lat="37.27724" lon="-106.669051"><ele>3577.4</ele><time>2026-04-11T16:50:51Z</time></rtept><rtept lat="37.277239" lon="-106.66914"><ele>3575.8</ele><time>2026-04-11T16:50:51Z</time></rtept><rtept lat="37.277324" lon="-106.669328"><ele>3574.4</ele><time>2026-04-11T16:50:51Z</time></rtept><rtept lat="37.277314" lon="-106.669387"><ele>3572.2</ele><time>2026-04-11T16:50:51Z</time></rtept><rtept lat="37.277323" lon="-106.669603"><ele>3568.2</ele><time>2026-04-11T16:50:51Z</time></rtept><rtept lat="37.277331" lon="-106.669645"><ele>3566.0</ele><time>2026-04-11T16:50:51Z</time></rtept><rtept lat="37.277375" lon="-106.669739"><ele>3566.4</ele><time>2026-04-11T16:50:51Z</time></rtept><rtept lat="37.277374" lon="-106.669803"><ele>3564.4</ele><time>2026-04-11T16:50:51Z</time></rtept><rtept lat="37.277401" lon="-106.669918"><ele>3564.6</ele><time>2026-04-11T16:50:51Z</time></rtept><rtept lat="37.277443" lon="-106.669992"><ele>3562.6</ele><time>2026-04-11T16:50:51Z</time></rtept><rtept lat="37.277494" lon="-106.670036"><ele>3564.2</ele><time>2026-04-11T16:50:51Z</time></rtept><rtept lat="37.277543" lon="-106.670127"><ele>3561.4</ele><time>2026-04-11T16:50:51Z</time></rtept><rtept lat="37.27755" lon="-106.670254"><ele>3559.8</ele><time>2026-04-11T16:50:51Z</time></rtept><rtept lat="37.277612" lon="-106.670461"><ele>3559.2</ele><time>2026-04-11T16:50:51Z</time></rtept><rtept lat="37.277645" lon="-106.670534"><ele>3557.0</ele><time>2026-04-11T16:50:51Z</time></rtept><rtept lat="37.277651" lon="-106.670585"><ele>3555.0</ele><time>2026-04-11T16:50:51Z</time></rtept><rtept lat="37.27769" lon="-106.670665"><ele>3555.2</ele><time>2026-04-11T16:50:51Z</time></rtept><rtept lat="37.277718" lon="-106.670776"><ele>3553.0</ele><time>2026-04-11T16:50:51Z</time></rtept><rtept lat="37.277743" lon="-106.670904"><ele>3550.8</ele><time>2026-04-11T16:50:51Z</time></rtept><rtept lat="37.277753" lon="-106.671"><ele>3548.4</ele><time>2026-04-11T16:50:51Z</time></rtept><rtept lat="37.277775" lon="-106.671086"><ele>3545.8</ele><time>2026-04-11T16:50:51Z</time></rtept><rtept lat="37.277806" lon="-106.67113"><ele>3545.8</ele><time>2026-04-11T16:50:51Z</time></rtept><rtept lat="37.277854" lon="-106.671234"><ele>3545.4</ele><time>2026-04-11T16:50:51Z</time></rtept><rtept lat="37.277882" lon="-106.671267"><ele>3544.8</ele><time>2026-04-11T16:50:51Z</time></rtept><rtept lat="37.277902" lon="-106.671311"><ele>3544.8</ele><time>2026-04-11T16:50:51Z</time></rtept><rtept lat="37.277924" lon="-106.671368"><ele>3542.0</ele><time>2026-04-11T16:50:51Z</time></rtept><rtept lat="37.277947" lon="-106.671485"><ele>3542.6</ele><time>2026-04-11T16:50:51Z</time></rtept><rtept lat="37.277969" lon="-106.671538"><ele>3539.8</ele><time>2026-04-11T16:50:51Z</time></rtept><rtept lat="37.278009" lon="-106.671581"><ele>3539.8</ele><time>2026-04-11T16:50:51Z</time></rtept><rtept lat="37.278035" lon="-106.671631"><ele>3540.0</ele><time>2026-04-11T16:50:51Z</time></rtept><rtept lat="37.27803" lon="-106.671678"><ele>3537.4</ele><time>2026-04-11T16:50:51Z</time></rtept><rtept lat="37.2781" lon="-106.671831"><ele>3537.2</ele><time>2026-04-11T16:50:51Z</time></rtept><rtept lat="37.278155" lon="-106.671963"><ele>3534.2</ele><time>2026-04-11T16:50:51Z</time></rtept><rtept lat="37.278195" lon="-106.672074"><ele>3532.2</ele><time>2026-04-11T16:50:51Z</time></rtept><rtept lat="37.278197" lon="-106.672161"><ele>3530.4</ele><time>2026-04-11T16:50:51Z</time></rtept><rtept lat="37.278197" lon="-106.672263"><ele>3529.2</ele><time>2026-04-11T16:50:51Z</time></rtept><rtept lat="37.278226" lon="-106.672346"><ele>3529.8</ele><time>2026-04-11T16:50:51Z</time></rtept><rtept lat="37.278251" lon="-106.67244"><ele>3526.4</ele><time>2026-04-11T16:50:51Z</time></rtept><rtept lat="37.278296" lon="-106.672502"><ele>3528.4</ele><time>2026-04-11T16:50:51Z</time></rtept><rtept lat="37.278353" lon="-106.672566"><ele>3526.4</ele><time>2026-04-11T16:50:51Z</time></rtept><rtept lat="37.278407" lon="-106.672685"><ele>3526.8</ele><time>2026-04-11T16:50:51Z</time></rtept><rtept lat="37.278419" lon="-106.672778"><ele>3525.0</ele><time>2026-04-11T16:50:51Z</time></rtept><rtept lat="37.278434" lon="-106.672885"><ele>3524.6</ele><time>2026-04-11T16:50:51Z</time></rtept><rtept lat="37.278435" lon="-106.67297"><ele>3523.0</ele><time>2026-04-11T16:50:51Z</time></rtept><rtept lat="37.27843" lon="-106.673128"><ele>3520.0</ele><time>2026-04-11T16:50:51Z</time></rtept><rtept lat="37.278486" lon="-106.673283"><ele>3518.4</ele><time>2026-04-11T16:50:51Z</time></rtept><rtept lat="37.278492" lon="-106.673473"><ele>3513.8</ele><time>2026-04-11T16:50:51Z</time></rtept><rtept lat="37.278526" lon="-106.673607"><ele>3514.4</ele><time>2026-04-11T16:50:51Z</time></rtept><rtept lat="37.278507" lon="-106.67397"><ele>3509.0</ele><time>2026-04-11T16:50:51Z</time></rtept><rtept lat="37.278518" lon="-106.67411"><ele>3506.8</ele><time>2026-04-11T16:50:51Z</time></rtept><rtept lat="37.278529" lon="-106.674151"><ele>3506.8</ele><time>2026-04-11T16:50:51Z</time></rtept><rtept lat="37.278495" lon="-106.674297"><ele>3504.4</ele><time>2026-04-11T16:50:51Z</time></rtept><rtept lat="37.278489" lon="-106.67445"><ele>3499.8</ele><time>2026-04-11T16:50:51Z</time></rtept><rtept lat="37.278497" lon="-106.674489"><ele>3502.4</ele><time>2026-04-11T16:50:51Z</time></rtept><rtept lat="37.278482" lon="-106.674575"><ele>3498.8</ele><time>2026-04-11T16:50:51Z</time></rtept><rtept lat="37.278452" lon="-106.674672"><ele>3496.8</ele><time>2026-04-11T16:50:51Z</time></rtept><rtept lat="37.278435" lon="-106.674912"><ele>3494.8</ele><time>2026-04-11T16:50:51Z</time></rtept><rtept lat="37.278359" lon="-106.675044"><ele>3490.6</ele><time>2026-04-11T16:50:51Z</time></rtept><rtept lat="37.278313" lon="-106.675249"><ele>3488.6</ele><time>2026-04-11T16:50:51Z</time></rtept><rtept lat="37.278273" lon="-106.675343"><ele>3486.2</ele><time>2026-04-11T16:50:51Z</time></rtept><rtept lat="37.278273" lon="-106.675389"><ele>3485.6</ele><time>2026-04-11T16:50:51Z</time></rtept><rtept lat="37.278289" lon="-106.675486"><ele>3487.4</ele><time>2026-04-11T16:50:51Z</time></rtept><rtept lat="37.278288" lon="-106.675585"><ele>3486.6</ele><time>2026-04-11T16:50:51Z</time></rtept><rtept lat="37.278308" lon="-106.675639"><ele>3485.4</ele><time>2026-04-11T16:50:51Z</time></rtept><rtept lat="37.278309" lon="-106.675692"><ele>3485.4</ele><time>2026-04-11T16:50:51Z</time></rtept><rtept lat="37.278322" lon="-106.67573"><ele>3484.2</ele><time>2026-04-11T16:50:51Z</time></rtept><rtept lat="37.27832" lon="-106.675894"><ele>3481.6</ele><time>2026-04-11T16:50:51Z</time></rtept><rtept lat="37.278341" lon="-106.676098"><ele>3478.8</ele><time>2026-04-11T16:50:51Z</time></rtept><rtept lat="37.278333" lon="-106.676206"><ele>3477.4</ele><time>2026-04-11T16:50:51Z</time></rtept><rtept lat="37.278302" lon="-106.67637"><ele>3475.6</ele><time>2026-04-11T16:50:51Z</time></rtept><rtept lat="37.2783" lon="-106.676487"><ele>3475.8</ele><time>2026-04-11T16:50:51Z</time></rtept><rtept lat="37.27831" lon="-106.676539"><ele>3475.8</ele><time>2026-04-11T16:50:51Z</time></rtept><rtept lat="37.278323" lon="-106.676775"><ele>3478.2</ele><time>2026-04-11T16:50:51Z</time></rtept><rtept lat="37.278374" lon="-106.677017"><ele>3478.4</ele><time>2026-04-11T16:50:51Z</time></rtept><rtept lat="37.278393" lon="-106.677205"><ele>3475.6</ele><time>2026-04-11T16:50:51Z</time></rtept><rtept lat="37.278408" lon="-106.677267"><ele>3474.2</ele><time>2026-04-11T16:50:51Z</time></rtept><rtept lat="37.278428" lon="-106.677316"><ele>3475.4</ele><time>2026-04-11T16:50:51Z</time></rtept><rtept lat="37.27845" lon="-106.677346"><ele>3474.0</ele><time>2026-04-11T16:50:51Z</time></rtept><rtept lat="37.278519" lon="-106.677533"><ele>3473.0</ele><time>2026-04-11T16:50:51Z</time></rtept><rtept lat="37.27855" lon="-106.677741"><ele>3472.2</ele><time>2026-04-11T16:50:51Z</time></rtept><rtept lat="37.278548" lon="-106.677917"><ele>3471.8</ele><time>2026-04-11T16:50:51Z</time></rtept><rtept lat="37.278509" lon="-106.678299"><ele>3472.0</ele><time>2026-04-11T16:50:51Z</time></rtept><rtept lat="37.278518" lon="-106.678427"><ele>3472.2</ele><time>2026-04-11T16:50:51Z</time></rtept><rtept lat="37.278499" lon="-106.678666"><ele>3473.0</ele><time>2026-04-11T16:50:51Z</time></rtept><rtept lat="37.278473" lon="-106.678778"><ele>3472.0</ele><time>2026-04-11T16:50:51Z</time></rtept><rtept lat="37.278406" lon="-106.678894"><ele>3472.2</ele><time>2026-04-11T16:50:51Z</time></rtept><rtept lat="37.278363" lon="-106.679008"><ele>3473.0</ele><time>2026-04-11T16:50:51Z</time></rtept><rtept lat="37.278327" lon="-106.679059"><ele>3472.0</ele><time>2026-04-11T16:50:51Z</time></rtept><rtept lat="37.278308" lon="-106.679124"><ele>3472.0</ele><time>2026-04-11T16:50:51Z</time></rtept><rtept lat="37.278282" lon="-106.679176"><ele>3470.8</ele><time>2026-04-11T16:50:51Z</time></rtept><rtept lat="37.278246" lon="-106.679216"><ele>3470.8</ele><time>2026-04-11T16:50:51Z</time></rtept><rtept lat="37.278208" lon="-106.679301"><ele>3469.6</ele><time>2026-04-11T16:50:51Z</time></rtept><rtept lat="37.278046" lon="-106.679461"><ele>3468.0</ele><time>2026-04-11T16:50:51Z</time></rtept><rtept lat="37.277969" lon="-106.679507"><ele>3467.2</ele><time>2026-04-11T16:50:51Z</time></rtept><rtept lat="37.27792" lon="-106.679619"><ele>3466.2</ele><time>2026-04-11T16:50:51Z</time></rtept><rtept lat="37.277808" lon="-106.679737"><ele>3465.0</ele><time>2026-04-11T16:50:51Z</time></rtept><rtept lat="37.277631" lon="-106.679924"><ele>3466.4</ele><time>2026-04-11T16:50:51Z</time></rtept><rtept lat="37.277477" lon="-106.679983"><ele>3466.4</ele><time>2026-04-11T16:50:51Z</time></rtept><rtept lat="37.277319" lon="-106.679992"><ele>3466.2</ele><time>2026-04-11T16:50:51Z</time></rtept><rtept lat="37.277165" lon="-106.679918"><ele>3466.2</ele><time>2026-04-11T16:50:51Z</time></rtept><rtept lat="37.277094" lon="-106.679878"><ele>3465.2</ele><time>2026-04-11T16:50:51Z</time></rtept><rtept lat="37.276978" lon="-106.679776"><ele>3464.6</ele><time>2026-04-11T16:50:51Z</time></rtept><rtept lat="37.276915" lon="-106.679742"><ele>3465.2</ele><time>2026-04-11T16:50:51Z</time></rtept><rtept lat="37.276621" lon="-106.679654"><ele>3466.2</ele><time>2026-04-11T16:50:51Z</time></rtept><rtept lat="37.276496" lon="-106.679596"><ele>3465.8</ele><time>2026-04-11T16:50:51Z</time></rtept><rtept lat="37.276376" lon="-106.679513"><ele>3464.8</ele><time>2026-04-11T16:50:51Z</time></rtept><rtept lat="37.276158" lon="-106.679273"><ele>3463.8</ele><time>2026-04-11T16:50:51Z</time></rtept><rtept lat="37.276098" lon="-106.679222"><ele>3464.8</ele><time>2026-04-11T16:50:51Z</time></rtept><rtept lat="37.27605" lon="-106.679153"><ele>3463.4</ele><time>2026-04-11T16:50:51Z</time></rtept><rtept lat="37.275971" lon="-106.678989"><ele>3461.6</ele><time>2026-04-11T16:50:51Z</time></rtept><rtept lat="37.275895" lon="-106.678904"><ele>3461.6</ele><time>2026-04-11T16:50:51Z</time></rtept><rtept lat="37.275752" lon="-106.678816"><ele>3460.8</ele><time>2026-04-11T16:50:51Z</time></rtept><rtept lat="37.275681" lon="-106.678759"><ele>3460.0</ele><time>2026-04-11T16:50:51Z</time></rtept><rtept lat="37.27562" lon="-106.678768"><ele>3460.6</ele><time>2026-04-11T16:50:51Z</time></rtept><rtept lat="37.275598" lon="-106.678754"><ele>3460.6</ele><time>2026-04-11T16:50:51Z</time></rtept><rtept lat="37.275563" lon="-106.678648"><ele>3459.2</ele><time>2026-04-11T16:50:51Z</time></rtept><rtept lat="37.275499" lon="-106.678554"><ele>3456.4</ele><time>2026-04-11T16:50:51Z</time></rtept><rtept lat="37.275491" lon="-106.678515"><ele>3453.8</ele><time>2026-04-11T16:50:51Z</time></rtept><rtept lat="37.27543" lon="-106.678498"><ele>3454.8</ele><time>2026-04-11T16:50:51Z</time></rtept><rtept lat="37.275374" lon="-106.678464"><ele>3456.6</ele><time>2026-04-11T16:50:51Z</time></rtept><rtept lat="37.275337" lon="-106.678413"><ele>3456.8</ele><time>2026-04-11T16:50:51Z</time></rtept><rtept lat="37.275324" lon="-106.678376"><ele>3456.8</ele><time>2026-04-11T16:50:51Z</time></rtept><rtept lat="37.275259" lon="-106.678338"><ele>3456.6</ele><time>2026-04-11T16:50:51Z</time></rtept><rtept lat="37.275214" lon="-106.678288"><ele>3456.6</ele><time>2026-04-11T16:50:51Z</time></rtept><rtept lat="37.275181" lon="-106.678263"><ele>3456.0</ele><time>2026-04-11T16:50:51Z</time></rtept><rtept lat="37.275064" lon="-106.678232"><ele>3457.8</ele><time>2026-04-11T16:50:51Z</time></rtept><rtept lat="37.275011" lon="-106.678205"><ele>3457.8</ele><time>2026-04-11T16:50:51Z</time></rtept><rtept lat="37.274979" lon="-106.678208"><ele>3458.8</ele><time>2026-04-11T16:50:51Z</time></rtept><rtept lat="37.274926" lon="-106.678164"><ele>3457.6</ele><time>2026-04-11T16:50:51Z</time></rtept><rtept lat="37.27492" lon="-106.678113"><ele>3457.6</ele><time>2026-04-11T16:50:51Z</time></rtept><rtept lat="37.274862" lon="-106.678035"><ele>3456.4</ele><time>2026-04-11T16:50:51Z</time></rtept><rtept lat="37.274826" lon="-106.678001"><ele>3454.4</ele><time>2026-04-11T16:50:51Z</time></rtept><rtept lat="37.274696" lon="-106.677979"><ele>3456.2</ele><time>2026-04-11T16:50:51Z</time></rtept><rtept lat="37.27466" lon="-106.67799"><ele>3457.0</ele><time>2026-04-11T16:50:51Z</time></rtept><rtept lat="37.274613" lon="-106.677989"><ele>3457.0</ele><time>2026-04-11T16:50:51Z</time></rtept><rtept lat="37.274581" lon="-106.677968"><ele>3458.0</ele><time>2026-04-11T16:50:51Z</time></rtept><rtept lat="37.274538" lon="-106.67797"><ele>3458.0</ele><time>2026-04-11T16:50:51Z</time></rtept><rtept lat="37.274487" lon="-106.677934"><ele>3458.8</ele><time>2026-04-11T16:50:51Z</time></rtept><rtept lat="37.274458" lon="-106.677896"><ele>3457.6</ele><time>2026-04-11T16:50:51Z</time></rtept><rtept lat="37.274398" lon="-106.677892"><ele>3457.6</ele><time>2026-04-11T16:50:51Z</time></rtept><rtept lat="37.27429" lon="-106.677864"><ele>3459.0</ele><time>2026-04-11T16:50:51Z</time></rtept><rtept lat="37.274187" lon="-106.677815"><ele>3458.4</ele><time>2026-04-11T16:50:51Z</time></rtept><rtept lat="37.27396" lon="-106.677763"><ele>3459.8</ele><time>2026-04-11T16:50:51Z</time></rtept><rtept lat="37.273776" lon="-106.67774"><ele>3458.8</ele><time>2026-04-11T16:50:51Z</time></rtept><rtept lat="37.273541" lon="-106.677755"><ele>3459.4</ele><time>2026-04-11T16:50:51Z</time></rtept><rtept lat="37.273494" lon="-106.67774"><ele>3459.6</ele><time>2026-04-11T16:50:51Z</time></rtept><rtept lat="37.273453" lon="-106.677743"><ele>3459.6</ele><time>2026-04-11T16:50:51Z</time></rtept><rtept lat="37.273301" lon="-106.677696"><ele>3460.6</ele><time>2026-04-11T16:50:51Z</time></rtept><rtept lat="37.273193" lon="-106.677677"><ele>3461.0</ele><time>2026-04-11T16:50:51Z</time></rtept><rtept lat="37.27309" lon="-106.677627"><ele>3459.8</ele><time>2026-04-11T16:50:51Z</time></rtept><rtept lat="37.273036" lon="-106.677586"><ele>3457.2</ele><time>2026-04-11T16:50:51Z</time></rtept><rtept lat="37.272934" lon="-106.67753"><ele>3458.4</ele><time>2026-04-11T16:50:51Z</time></rtept><rtept lat="37.272822" lon="-106.677484"><ele>3457.4</ele><time>2026-04-11T16:50:51Z</time></rtept><rtept lat="37.272772" lon="-106.677477"><ele>3457.4</ele><time>2026-04-11T16:50:51Z</time></rtept><rtept lat="37.272674" lon="-106.677407"><ele>3456.0</ele><time>2026-04-11T16:50:51Z</time></rtept><rtept lat="37.27262" lon="-106.677381"><ele>3456.0</ele><time>2026-04-11T16:50:51Z</time></rtept><rtept lat="37.272568" lon="-106.677375"><ele>3456.8</ele><time>2026-04-11T16:50:51Z</time></rtept><rtept lat="37.272475" lon="-106.677307"><ele>3455.4</ele><time>2026-04-11T16:50:51Z</time></rtept><rtept lat="37.272377" lon="-106.677248"><ele>3456.2</ele><time>2026-04-11T16:50:51Z</time></rtept><rtept lat="37.272354" lon="-106.677244"><ele>3453.2</ele><time>2026-04-11T16:50:51Z</time></rtept><rtept lat="37.272314" lon="-106.677206"><ele>3454.0</ele><time>2026-04-11T16:50:51Z</time></rtept><rtept lat="37.27224" lon="-106.677179"><ele>3455.0</ele><time>2026-04-11T16:50:51Z</time></rtept><rtept lat="37.272166" lon="-106.67714"><ele>3453.2</ele><time>2026-04-11T16:50:51Z</time></rtept><rtept lat="37.272072" lon="-106.677119"><ele>3455.4</ele><time>2026-04-11T16:50:51Z</time></rtept><rtept lat="37.271989" lon="-106.677116"><ele>3456.6</ele><time>2026-04-11T16:50:51Z</time></rtept><rtept lat="37.271955" lon="-106.677094"><ele>3456.6</ele><time>2026-04-11T16:50:51Z</time></rtept><rtept lat="37.271847" lon="-106.677081"><ele>3459.2</ele><time>2026-04-11T16:50:51Z</time></rtept><rtept lat="37.271798" lon="-106.677044"><ele>3457.4</ele><time>2026-04-11T16:50:51Z</time></rtept><rtept lat="37.27172" lon="-106.67696"><ele>3455.8</ele><time>2026-04-11T16:50:51Z</time></rtept><rtept lat="37.271569" lon="-106.676868"><ele>3455.8</ele><time>2026-04-11T16:50:51Z</time></rtept><rtept lat="37.271481" lon="-106.67685"><ele>3457.0</ele><time>2026-04-11T16:50:51Z</time></rtept><rtept lat="37.271441" lon="-106.676801"><ele>3455.8</ele><time>2026-04-11T16:50:51Z</time></rtept><rtept lat="37.27139" lon="-106.676762"><ele>3455.8</ele><time>2026-04-11T16:50:51Z</time></rtept><rtept lat="37.271285" lon="-106.676709"><ele>3455.6</ele><time>2026-04-11T16:50:51Z</time></rtept><rtept lat="37.271135" lon="-106.676606"><ele>3455.2</ele><time>2026-04-11T16:50:51Z</time></rtept><rtept lat="37.271021" lon="-106.676545"><ele>3454.6</ele><time>2026-04-11T16:50:51Z</time></rtept><rtept lat="37.270979" lon="-106.676514"><ele>3455.8</ele><time>2026-04-11T16:50:51Z</time></rtept><rtept lat="37.270963" lon="-106.676493"><ele>3455.8</ele><time>2026-04-11T16:50:51Z</time></rtept><rtept lat="37.270898" lon="-106.676455"><ele>3454.0</ele><time>2026-04-11T16:50:51Z</time></rtept><rtept lat="37.27084" lon="-106.676403"><ele>3455.4</ele><time>2026-04-11T16:50:51Z</time></rtept><rtept lat="37.27063" lon="-106.676274"><ele>3454.4</ele><time>2026-04-11T16:50:51Z</time></rtept><rtept lat="37.270563" lon="-106.676241"><ele>3455.8</ele><time>2026-04-11T16:50:51Z</time></rtept><rtept lat="37.270434" lon="-106.676154"><ele>3454.6</ele><time>2026-04-11T16:50:51Z</time></rtept><rtept lat="37.270385" lon="-106.676108"><ele>3453.6</ele><time>2026-04-11T16:50:51Z</time></rtept><rtept lat="37.27028" lon="-106.67605"><ele>3456.4</ele><time>2026-04-11T16:50:51Z</time></rtept><rtept lat="37.270144" lon="-106.675933"><ele>3454.0</ele><time>2026-04-11T16:50:51Z</time></rtept><rtept lat="37.269974" lon="-106.67583"><ele>3454.0</ele><time>2026-04-11T16:50:51Z</time></rtept><rtept lat="37.269921" lon="-106.675808"><ele>3455.4</ele><time>2026-04-11T16:50:51Z</time></rtept><rtept lat="37.269683" lon="-106.675579"><ele>3451.6</ele><time>2026-04-11T16:50:51Z</time></rtept><rtept lat="37.269317" lon="-106.675307"><ele>3452.2</ele><time>2026-04-11T16:50:51Z</time></rtept><rtept lat="37.269203" lon="-106.675256"><ele>3452.6</ele><time>2026-04-11T16:50:51Z</time></rtept><rtept lat="37.268769" lon="-106.674983"><ele>3452.4</ele><time>2026-04-11T16:50:51Z</time></rtept><rtept lat="37.26866" lon="-106.674951"><ele>3453.6</ele><time>2026-04-11T16:50:51Z</time></rtept><rtept lat="37.26855" lon="-106.674871"><ele>3452.6</ele><time>2026-04-11T16:50:51Z</time></rtept><rtept lat="37.268409" lon="-106.674815"><ele>3451.6</ele><time>2026-04-11T16:50:51Z</time></rtept><rtept lat="37.268259" lon="-106.674728"><ele>3450.8</ele><time>2026-04-11T16:50:51Z</time></rtept><rtept lat="37.268154" lon="-106.674702"><ele>3453.8</ele><time>2026-04-11T16:50:51Z</time></rtept><rtept lat="37.268044" lon="-106.674659"><ele>3451.8</ele><time>2026-04-11T16:50:51Z</time></rtept><rtept lat="37.267877" lon="-106.674556"><ele>3451.6</ele><time>2026-04-11T16:50:51Z</time></rtept><rtept lat="37.267642" lon="-106.67443"><ele>3451.0</ele><time>2026-04-11T16:50:51Z</time></rtept><rtept lat="37.267585" lon="-106.674432"><ele>3452.0</ele><time>2026-04-11T16:50:51Z</time></rtept><rtept lat="37.267526" lon="-106.674459"><ele>3453.2</ele><time>2026-04-11T16:50:51Z</time></rtept><rtept lat="37.267495" lon="-106.674449"><ele>3455.0</ele><time>2026-04-11T16:50:51Z</time></rtept><rtept lat="37.267473" lon="-106.674427"><ele>3455.0</ele><time>2026-04-11T16:50:51Z</time></rtept><rtept lat="37.2674" lon="-106.674307"><ele>3449.8</ele><time>2026-04-11T16:50:51Z</time></rtept><rtept lat="37.267229" lon="-106.674159"><ele>3449.4</ele><time>2026-04-11T16:50:51Z</time></rtept><rtept lat="37.267123" lon="-106.674131"><ele>3448.8</ele><time>2026-04-11T16:50:51Z</time></rtept><rtept lat="37.266949" lon="-106.673978"><ele>3447.8</ele><time>2026-04-11T16:50:51Z</time></rtept><rtept lat="37.266905" lon="-106.67393"><ele>3447.8</ele><time>2026-04-11T16:50:51Z</time></rtept><rtept lat="37.266727" lon="-106.673798"><ele>3446.8</ele><time>2026-04-11T16:50:51Z</time></rtept><rtept lat="37.26668" lon="-106.673753"><ele>3446.8</ele><time>2026-04-11T16:50:51Z</time></rtept><rtept lat="37.266423" lon="-106.673587"><ele>3451.8</ele><time>2026-04-11T16:50:51Z</time></rtept><rtept lat="37.266367" lon="-106.673566"><ele>3453.8</ele><time>2026-04-11T16:50:51Z</time></rtept><rtept lat="37.266311" lon="-106.673553"><ele>3451.8</ele><time>2026-04-11T16:50:51Z</time></rtept><rtept lat="37.266255" lon="-106.673556"><ele>3455.2</ele><time>2026-04-11T16:50:51Z</time></rtept><rtept lat="37.26602" lon="-106.673599"><ele>3455.8</ele><time>2026-04-11T16:50:51Z</time></rtept><rtept lat="37.265705" lon="-106.673735"><ele>3460.6</ele><time>2026-04-11T16:50:51Z</time></rtept><rtept lat="37.265659" lon="-106.673777"><ele>3460.6</ele><time>2026-04-11T16:50:51Z</time></rtept><rtept lat="37.265602" lon="-106.673796"><ele>3459.4</ele><time>2026-04-11T16:50:51Z</time></rtept><rtept lat="37.265555" lon="-106.673825"><ele>3461.4</ele><time>2026-04-11T16:50:51Z</time></rtept><rtept lat="37.265174" lon="-106.673839"><ele>3459.4</ele><time>2026-04-11T16:50:51Z</time></rtept><rtept lat="37.265051" lon="-106.673902"><ele>3462.6</ele><time>2026-04-11T16:50:51Z</time></rtept><rtept lat="37.264908" lon="-106.673956"><ele>3462.4</ele><time>2026-04-11T16:50:51Z</time></rtept><rtept lat="37.264867" lon="-106.674023"><ele>3465.2</ele><time>2026-04-11T16:50:51Z</time></rtept><rtept lat="37.264819" lon="-106.674062"><ele>3465.0</ele><time>2026-04-11T16:50:51Z</time></rtept><rtept lat="37.264742" lon="-106.674056"><ele>3464.8</ele><time>2026-04-11T16:50:51Z</time></rtept><rtept lat="37.264609" lon="-106.674071"><ele>3467.2</ele><time>2026-04-11T16:50:51Z</time></rtept><rtept lat="37.264539" lon="-106.674086"><ele>3466.8</ele><time>2026-04-11T16:50:51Z</time></rtept><rtept lat="37.264412" lon="-106.67413"><ele>3465.8</ele><time>2026-04-11T16:50:51Z</time></rtept><rtept lat="37.264299" lon="-106.674189"><ele>3468.8</ele><time>2026-04-11T16:50:51Z</time></rtept><rtept lat="37.264201" lon="-106.674279"><ele>3471.6</ele><time>2026-04-11T16:50:51Z</time></rtept><rtept lat="37.26414" lon="-106.674298"><ele>3471.2</ele><time>2026-04-11T16:50:51Z</time></rtept><rtept lat="37.264078" lon="-106.674336"><ele>3474.2</ele><time>2026-04-11T16:50:51Z</time></rtept><rtept lat="37.263768" lon="-106.674473"><ele>3475.4</ele><time>2026-04-11T16:50:51Z</time></rtept><rtept lat="37.263607" lon="-106.674538"><ele>3477.0</ele><time>2026-04-11T16:50:51Z</time></rtept><rtept lat="37.26353" lon="-106.67453"><ele>3475.6</ele><time>2026-04-11T16:50:51Z</time></rtept><rtept lat="37.263351" lon="-106.674586"><ele>3477.0</ele><time>2026-04-11T16:50:51Z</time></rtept><rtept lat="37.263263" lon="-106.674637"><ele>3476.4</ele><time>2026-04-11T16:50:51Z</time></rtept><rtept lat="37.263179" lon="-106.674663"><ele>3475.2</ele><time>2026-04-11T16:50:51Z</time></rtept><rtept lat="37.262925" lon="-106.674619"><ele>3472.8</ele><time>2026-04-11T16:50:51Z</time></rtept><rtept lat="37.262866" lon="-106.674644"><ele>3471.8</ele><time>2026-04-11T16:50:51Z</time></rtept><rtept lat="37.262795" lon="-106.6747"><ele>3472.6</ele><time>2026-04-11T16:50:51Z</time></rtept><rtept lat="37.262777" lon="-106.674731"><ele>3472.8</ele><time>2026-04-11T16:50:51Z</time></rtept><rtept lat="37.262714" lon="-106.674722"><ele>3473.2</ele><time>2026-04-11T16:50:51Z</time></rtept><rtept lat="37.262676" lon="-106.674697"><ele>3473.2</ele><time>2026-04-11T16:50:51Z</time></rtept><rtept lat="37.262676" lon="-106.674697"><ele>3473.2</ele><time>2026-04-11T16:50:51Z</time></rtept><rtept lat="37.262594" lon="-106.674609"><ele>3472.8</ele><time>2026-04-11T16:50:51Z</time></rtept><rtept lat="37.262558" lon="-106.674616"><ele>3473.8</ele><time>2026-04-11T16:50:51Z</time></rtept><rtept lat="37.262518" lon="-106.674576"><ele>3472.2</ele><time>2026-04-11T16:50:51Z</time></rtept><rtept lat="37.262402" lon="-106.674499"><ele>3473.6</ele><time>2026-04-11T16:50:51Z</time></rtept><rtept lat="37.26234" lon="-106.674408"><ele>3474.4</ele><time>2026-04-11T16:50:51Z</time></rtept><rtept lat="37.262303" lon="-106.674288"><ele>3474.8</ele><time>2026-04-11T16:50:51Z</time></rtept><rtept lat="37.26229" lon="-106.67427"><ele>3474.8</ele><time>2026-04-11T16:50:51Z</time></rtept><rtept lat="37.262261" lon="-106.674246"><ele>3474.8</ele><time>2026-04-11T16:50:51Z</time></rtept><rtept lat="37.262216" lon="-106.674243"><ele>3476.2</ele><time>2026-04-11T16:50:51Z</time></rtept><rtept lat="37.262169" lon="-106.67422"><ele>3475.4</ele><time>2026-04-11T16:50:51Z</time></rtept><rtept lat="37.26211" lon="-106.674109"><ele>3476.4</ele><time>2026-04-11T16:50:51Z</time></rtept><rtept lat="37.262035" lon="-106.674023"><ele>3477.4</ele><time>2026-04-11T16:50:51Z</time></rtept><rtept lat="37.261946" lon="-106.673877"><ele>3479.2</ele><time>2026-04-11T16:50:51Z</time></rtept><rtept lat="37.26185" lon="-106.673661"><ele>3479.4</ele><time>2026-04-11T16:50:51Z</time></rtept><rtept lat="37.261816" lon="-106.673561"><ele>3480.8</ele><time>2026-04-11T16:50:51Z</time></rtept><rtept lat="37.261756" lon="-106.673318"><ele>3481.4</ele><time>2026-04-11T16:50:51Z</time></rtept><rtept lat="37.261684" lon="-106.673155"><ele>3483.0</ele><time>2026-04-11T16:50:51Z</time></rtept><rtept lat="37.26161" lon="-106.672939"><ele>3485.0</ele><time>2026-04-11T16:50:51Z</time></rtept><rtept lat="37.261593" lon="-106.672855"><ele>3484.6</ele><time>2026-04-11T16:50:51Z</time></rtept><rtept lat="37.261487" lon="-106.672568"><ele>3486.0</ele><time>2026-04-11T16:50:51Z</time></rtept><rtept lat="37.261466" lon="-106.672487"><ele>3487.6</ele><time>2026-04-11T16:50:51Z</time></rtept><rtept lat="37.261331" lon="-106.672165"><ele>3487.8</ele><time>2026-04-11T16:50:51Z</time></rtept><rtept lat="37.26124" lon="-106.672051"><ele>3488.6</ele><time>2026-04-11T16:50:51Z</time></rtept><rtept lat="37.260981" lon="-106.671881"><ele>3493.8</ele><time>2026-04-11T16:50:51Z</time></rtept><rtept lat="37.260857" lon="-106.671702"><ele>3497.4</ele><time>2026-04-11T16:50:51Z</time></rtept><rtept lat="37.260844" lon="-106.671526"><ele>3498.0</ele><time>2026-04-11T16:50:51Z</time></rtept><rtept lat="37.260858" lon="-106.671453"><ele>3498.2</ele><time>2026-04-11T16:50:51Z</time></rtept><rtept lat="37.26075" lon="-106.670856"><ele>3502.4</ele><time>2026-04-11T16:50:51Z</time></rtept><rtept lat="37.260804" lon="-106.670586"><ele>3504.4</ele><time>2026-04-11T16:50:51Z</time></rtept><rtept lat="37.260806" lon="-106.670345"><ele>3507.0</ele><time>2026-04-11T16:50:51Z</time></rtept><rtept lat="37.260719" lon="-106.670009"><ele>3514.4</ele><time>2026-04-11T16:50:51Z</time></rtept><rtept lat="37.260725" lon="-106.669882"><ele>3515.6</ele><time>2026-04-11T16:50:51Z</time></rtept><rtept lat="37.260758" lon="-106.669647"><ele>3517.0</ele><time>2026-04-11T16:50:51Z</time></rtept><rtept lat="37.260791" lon="-106.669516"><ele>3520.4</ele><time>2026-04-11T16:50:51Z</time></rtept><rtept lat="37.260833" lon="-106.669288"><ele>3518.8</ele><time>2026-04-11T16:50:51Z</time></rtept><rtept lat="37.260871" lon="-106.669132"><ele>3516.0</ele><time>2026-04-11T16:50:51Z</time></rtept><rtept lat="37.260903" lon="-106.668904"><ele>3517.6</ele><time>2026-04-11T16:50:51Z</time></rtept><rtept lat="37.260908" lon="-106.668764"><ele>3518.4</ele><time>2026-04-11T16:50:51Z</time></rtept><rtept lat="37.26092" lon="-106.668656"><ele>3521.6</ele><time>2026-04-11T16:50:51Z</time></rtept><rtept lat="37.260855" lon="-106.667887"><ele>3517.8</ele><time>2026-04-11T16:50:51Z</time></rtept><rtept lat="37.260815" lon="-106.667832"><ele>3517.8</ele><time>2026-04-11T16:50:51Z</time></rtept><rtept lat="37.260675" lon="-106.667693"><ele>3521.0</ele><time>2026-04-11T16:50:51Z</time></rtept><rtept lat="37.260629" lon="-106.667457"><ele>3521.8</ele><time>2026-04-11T16:50:51Z</time></rtept><rtept lat="37.260608" lon="-106.667306"><ele>3521.8</ele><time>2026-04-11T16:50:51Z</time></rtept><rtept lat="37.260558" lon="-106.667162"><ele>3524.2</ele><time>2026-04-11T16:50:51Z</time></rtept><rtept lat="37.26055" lon="-106.66708"><ele>3524.2</ele><time>2026-04-11T16:50:51Z</time></rtept><rtept lat="37.260514" lon="-106.666929"><ele>3526.2</ele><time>2026-04-11T16:50:51Z</time></rtept><rtept lat="37.260484" lon="-106.666857"><ele>3525.8</ele><time>2026-04-11T16:50:51Z</time></rtept><rtept lat="37.26044" lon="-106.666798"><ele>3528.8</ele><time>2026-04-11T16:50:51Z</time></rtept><rtept lat="37.260385" lon="-106.666668"><ele>3530.8</ele><time>2026-04-11T16:50:51Z</time></rtept><rtept lat="37.260384" lon="-106.666592"><ele>3530.2</ele><time>2026-04-11T16:50:51Z</time></rtept><rtept lat="37.260369" lon="-106.66653"><ele>3530.2</ele><time>2026-04-11T16:50:51Z</time></rtept><rtept lat="37.260343" lon="-106.66646"><ele>3529.6</ele><time>2026-04-11T16:50:51Z</time></rtept><rtept lat="37.260279" lon="-106.666355"><ele>3531.6</ele><time>2026-04-11T16:50:51Z</time></rtept><rtept lat="37.260262" lon="-106.666297"><ele>3530.6</ele><time>2026-04-11T16:50:51Z</time></rtept><rtept lat="37.260197" lon="-106.666131"><ele>3531.8</ele><time>2026-04-11T16:50:51Z</time></rtept><rtept lat="37.260108" lon="-106.666001"><ele>3535.6</ele><time>2026-04-11T16:50:51Z</time></rtept><rtept lat="37.260043" lon="-106.66586"><ele>3537.4</ele><time>2026-04-11T16:50:51Z</time></rtept><rtept lat="37.259992" lon="-106.665815"><ele>3537.0</ele><time>2026-04-11T16:50:51Z</time></rtept><rtept lat="37.259938" lon="-106.665741"><ele>3538.8</ele><time>2026-04-11T16:50:51Z</time></rtept><rtept lat="37.259901" lon="-106.665718"><ele>3541.6</ele><time>2026-04-11T16:50:51Z</time></rtept><rtept lat="37.25986" lon="-106.665715"><ele>3541.6</ele><time>2026-04-11T16:50:51Z</time></rtept><rtept lat="37.259764" lon="-106.665625"><ele>3547.6</ele><time>2026-04-11T16:50:51Z</time></rtept><rtept lat="37.259731" lon="-106.665576"><ele>3547.6</ele><time>2026-04-11T16:50:51Z</time></rtept><rtept lat="37.259712" lon="-106.665517"><ele>3547.0</ele><time>2026-04-11T16:50:51Z</time></rtept><rtept lat="37.259717" lon="-106.665457"><ele>3547.2</ele><time>2026-04-11T16:50:51Z</time></rtept><rtept lat="37.259692" lon="-106.665349"><ele>3549.2</ele><time>2026-04-11T16:50:51Z</time></rtept><rtept lat="37.259651" lon="-106.665313"><ele>3549.0</ele><time>2026-04-11T16:50:51Z</time></rtept><rtept lat="37.259625" lon="-106.665253"><ele>3551.0</ele><time>2026-04-11T16:50:51Z</time></rtept><rtept lat="37.259568" lon="-106.665161"><ele>3553.8</ele><time>2026-04-11T16:50:51Z</time></rtept><rtept lat="37.259525" lon="-106.665027"><ele>3555.2</ele><time>2026-04-11T16:50:51Z</time></rtept><rtept lat="37.259502" lon="-106.664923"><ele>3557.6</ele><time>2026-04-11T16:50:51Z</time></rtept><rtept lat="37.2595" lon="-106.66488"><ele>3557.8</ele><time>2026-04-11T16:50:51Z</time></rtept><rtept lat="37.259482" lon="-106.664844"><ele>3557.8</ele><time>2026-04-11T16:50:51Z</time></rtept><rtept lat="37.259471" lon="-106.664707"><ele>3559.8</ele><time>2026-04-11T16:50:51Z</time></rtept><rtept lat="37.259509" lon="-106.66452"><ele>3562.2</ele><time>2026-04-11T16:50:51Z</time></rtept><rtept lat="37.259552" lon="-106.664382"><ele>3562.8</ele><time>2026-04-11T16:50:51Z</time></rtept><rtept lat="37.259562" lon="-106.664311"><ele>3562.8</ele><time>2026-04-11T16:50:51Z</time></rtept><rtept lat="37.259556" lon="-106.664243"><ele>3562.4</ele><time>2026-04-11T16:50:51Z</time></rtept><rtept lat="37.259541" lon="-106.664198"><ele>3561.4</ele><time>2026-04-11T16:50:51Z</time></rtept><rtept lat="37.259477" lon="-106.664123"><ele>3564.2</ele><time>2026-04-11T16:50:51Z</time></rtept><rtept lat="37.259421" lon="-106.664097"><ele>3566.4</ele><time>2026-04-11T16:50:51Z</time></rtept><rtept lat="37.259369" lon="-106.6641"><ele>3566.4</ele><time>2026-04-11T16:50:51Z</time></rtept><rtept lat="37.259319" lon="-106.664134"><ele>3569.8</ele><time>2026-04-11T16:50:51Z</time></rtept><rtept lat="37.259203" lon="-106.664167"><ele>3575.0</ele><time>2026-04-11T16:50:51Z</time></rtept><rtept lat="37.259142" lon="-106.664196"><ele>3576.8</ele><time>2026-04-11T16:50:51Z</time></rtept><rtept lat="37.25909" lon="-106.664202"><ele>3576.8</ele><time>2026-04-11T16:50:51Z</time></rtept><rtept lat="37.259117" lon="-106.664057"><ele>3576.8</ele><time>2026-04-11T16:50:51Z</time></rtept><rtept lat="37.259135" lon="-106.663909"><ele>3575.8</ele><time>2026-04-11T16:50:51Z</time></rtept><rtept lat="37.259129" lon="-106.663843"><ele>3575.2</ele><time>2026-04-11T16:50:51Z</time></rtept><rtept lat="37.259111" lon="-106.663857"><ele>3575.8</ele><time>2026-04-11T16:50:51Z</time></rtept><rtept lat="37.259085" lon="-106.663914"><ele>3578.2</ele><time>2026-04-11T16:50:51Z</time></rtept><rtept lat="37.259014" lon="-106.664002"><ele>3580.8</ele><time>2026-04-11T16:50:51Z</time></rtept><rtept lat="37.258975" lon="-106.664037"><ele>3580.4</ele><time>2026-04-11T16:50:51Z</time></rtept><rtept lat="37.258914" lon="-106.664057"><ele>3582.2</ele><time>2026-04-11T16:50:51Z</time></rtept><rtept lat="37.258825" lon="-106.664"><ele>3585.2</ele><time>2026-04-11T16:50:51Z</time></rtept><rtept lat="37.258752" lon="-106.663929"><ele>3589.8</ele><time>2026-04-11T16:50:51Z</time></rtept><rtept lat="37.258748" lon="-106.663892"><ele>3589.8</ele><time>2026-04-11T16:50:51Z</time></rtept><rtept lat="37.258823" lon="-106.663783"><ele>3586.6</ele><time>2026-04-11T16:50:51Z</time></rtept><rtept lat="37.258824" lon="-106.663729"><ele>3586.4</ele><time>2026-04-11T16:50:51Z</time></rtept><rtept lat="37.258798" lon="-106.663706"><ele>3588.4</ele><time>2026-04-11T16:50:51Z</time></rtept><rtept lat="37.258757" lon="-106.66374"><ele>3588.4</ele><time>2026-04-11T16:50:51Z</time></rtept><rtept lat="37.258646" lon="-106.663735"><ele>3592.4</ele><time>2026-04-11T16:50:51Z</time></rtept><rtept lat="37.258587" lon="-106.663742"><ele>3595.2</ele><time>2026-04-11T16:50:51Z</time></rtept><rtept lat="37.258537" lon="-106.663779"><ele>3596.6</ele><time>2026-04-11T16:50:51Z</time></rtept><rtept lat="37.258488" lon="-106.663798"><ele>3596.6</ele><time>2026-04-11T16:50:51Z</time></rtept><rtept lat="37.25839" lon="-106.663854"><ele>3600.2</ele><time>2026-04-11T16:50:51Z</time></rtept><rtept lat="37.258336" lon="-106.663869"><ele>3600.4</ele><time>2026-04-11T16:50:51Z</time></rtept><rtept lat="37.258286" lon="-106.663854"><ele>3601.6</ele><time>2026-04-11T16:50:51Z</time></rtept><rtept lat="37.258197" lon="-106.663772"><ele>3604.0</ele><time>2026-04-11T16:50:51Z</time></rtept><rtept lat="37.25812" lon="-106.663684"><ele>3607.4</ele><time>2026-04-11T16:50:51Z</time></rtept><rtept lat="37.258082" lon="-106.663608"><ele>3607.4</ele><time>2026-04-11T16:50:51Z</time></rtept><rtept lat="37.258047" lon="-106.663561"><ele>3609.6</ele><time>2026-04-11T16:50:51Z</time></rtept><rtept lat="37.257759" lon="-106.663393"><ele>3615.0</ele><time>2026-04-11T16:50:51Z</time></rtept><rtept lat="37.257591" lon="-106.663318"><ele>3617.8</ele><time>2026-04-11T16:50:51Z</time></rtept><rtept lat="37.257551" lon="-106.663276"><ele>3618.8</ele><time>2026-04-11T16:50:51Z</time></rtept><rtept lat="37.257504" lon="-106.663079"><ele>3621.0</ele><time>2026-04-11T16:50:51Z</time></rtept><rtept lat="37.257416" lon="-106.662898"><ele>3623.2</ele><time>2026-04-11T16:50:51Z</time></rtept><rtept lat="37.257404" lon="-106.662828"><ele>3623.2</ele><time>2026-04-11T16:50:51Z</time></rtept><rtept lat="37.257408" lon="-106.662699"><ele>3624.8</ele><time>2026-04-11T16:50:51Z</time></rtept><rtept lat="37.257521" lon="-106.662346"><ele>3628.4</ele><time>2026-04-11T16:50:51Z</time></rtept><rtept lat="37.257529" lon="-106.662272"><ele>3628.0</ele><time>2026-04-11T16:50:51Z</time></rtept><rtept lat="37.25753" lon="-106.662197"><ele>3629.0</ele><time>2026-04-11T16:50:51Z</time></rtept><rtept lat="37.257517" lon="-106.662138"><ele>3631.0</ele><time>2026-04-11T16:50:51Z</time></rtept><rtept lat="37.257443" lon="-106.662106"><ele>3632.8</ele><time>2026-04-11T16:50:51Z</time></rtept><rtept lat="37.257384" lon="-106.662164"><ele>3634.2</ele><time>2026-04-11T16:50:51Z</time></rtept><rtept lat="37.257271" lon="-106.662359"><ele>3635.2</ele><time>2026-04-11T16:50:51Z</time></rtept><rtept lat="37.257191" lon="-106.662448"><ele>3636.8</ele><time>2026-04-11T16:50:51Z</time></rtept><rtept lat="37.257112" lon="-106.662608"><ele>3640.2</ele><time>2026-04-11T16:50:51Z</time></rtept><rtept lat="37.257038" lon="-106.662696"><ele>3641.8</ele><time>2026-04-11T16:50:51Z</time></rtept><rtept lat="37.256888" lon="-106.662971"><ele>3644.6</ele><time>2026-04-11T16:50:51Z</time></rtept><rtept lat="37.256789" lon="-106.66313"><ele>3645.6</ele><time>2026-04-11T16:50:51Z</time></rtept><rtept lat="37.256759" lon="-106.663171"><ele>3647.2</ele><time>2026-04-11T16:50:51Z</time></rtept><rtept lat="37.256668" lon="-106.663263"><ele>3648.6</ele><time>2026-04-11T16:50:51Z</time></rtept><rtept lat="37.256638" lon="-106.663309"><ele>3648.6</ele><time>2026-04-11T16:50:51Z</time></rtept><rtept lat="37.256601" lon="-106.663348"><ele>3650.0</ele><time>2026-04-11T16:50:51Z</time></rtept><rtept lat="37.256547" lon="-106.663166"><ele>3655.8</ele><time>2026-04-11T16:50:51Z</time></rtept><rtept lat="37.256542" lon="-106.662877"><ele>3658.8</ele><time>2026-04-11T16:50:51Z</time></rtept><rtept lat="37.25651" lon="-106.662748"><ele>3659.4</ele><time>2026-04-11T16:50:51Z</time></rtept><rtept lat="37.256489" lon="-106.662687"><ele>3662.2</ele><time>2026-04-11T16:50:51Z</time></rtept><rtept lat="37.256432" lon="-106.662576"><ele>3662.4</ele><time>2026-04-11T16:50:51Z</time></rtept><rtept lat="37.256394" lon="-106.662535"><ele>3664.4</ele><time>2026-04-11T16:50:51Z</time></rtept><rtept lat="37.256342" lon="-106.662524"><ele>3666.8</ele><time>2026-04-11T16:50:51Z</time></rtept><rtept lat="37.256294" lon="-106.662564"><ele>3666.8</ele><time>2026-04-11T16:50:51Z</time></rtept><rtept lat="37.256283" lon="-106.66276"><ele>3671.0</ele><time>2026-04-11T16:50:51Z</time></rtept><rtept lat="37.256257" lon="-106.662823"><ele>3671.0</ele><time>2026-04-11T16:50:51Z</time></rtept><rtept lat="37.256104" lon="-106.6631"><ele>3671.8</ele><time>2026-04-11T16:50:51Z</time></rtept><rtept lat="37.256035" lon="-106.663196"><ele>3673.0</ele><time>2026-04-11T16:50:51Z</time></rtept><rtept lat="37.255978" lon="-106.663271"><ele>3674.8</ele><time>2026-04-11T16:50:51Z</time></rtept><rtept lat="37.255962" lon="-106.663282"><ele>3674.8</ele><time>2026-04-11T16:50:51Z</time></rtept><rtept lat="37.255926" lon="-106.663284"><ele>3678.0</ele><time>2026-04-11T16:50:51Z</time></rtept><rtept lat="37.255878" lon="-106.663022"><ele>3683.2</ele><time>2026-04-11T16:50:51Z</time></rtept><rtept lat="37.255839" lon="-106.662904"><ele>3683.6</ele><time>2026-04-11T16:50:51Z</time></rtept><rtept lat="37.255765" lon="-106.662842"><ele>3685.8</ele><time>2026-04-11T16:50:51Z</time></rtept><rtept lat="37.255667" lon="-106.662796"><ele>3688.2</ele><time>2026-04-11T16:50:51Z</time></rtept><rtept lat="37.255611" lon="-106.662787"><ele>3688.2</ele><time>2026-04-11T16:50:51Z</time></rtept><rtept lat="37.255505" lon="-106.662788"><ele>3690.6</ele><time>2026-04-11T16:50:51Z</time></rtept><rtept lat="37.255399" lon="-106.662774"><ele>3692.8</ele><time>2026-04-11T16:50:51Z</time></rtept><rtept lat="37.25528" lon="-106.662771"><ele>3694.0</ele><time>2026-04-11T16:50:51Z</time></rtept><rtept lat="37.255122" lon="-106.662736"><ele>3694.6</ele><time>2026-04-11T16:50:51Z</time></rtept><rtept lat="37.254918" lon="-106.662664"><ele>3697.0</ele><time>2026-04-11T16:50:51Z</time></rtept><rtept lat="37.254825" lon="-106.662568"><ele>3695.0</ele><time>2026-04-11T16:50:51Z</time></rtept><rtept lat="37.254678" lon="-106.662461"><ele>3696.0</ele><time>2026-04-11T16:50:51Z</time></rtept><rtept lat="37.254631" lon="-106.662436"><ele>3697.0</ele><time>2026-04-11T16:50:51Z</time></rtept><rtept lat="37.254355" lon="-106.662358"><ele>3695.8</ele><time>2026-04-11T16:50:51Z</time></rtept><rtept lat="37.254238" lon="-106.662353"><ele>3696.2</ele><time>2026-04-11T16:50:51Z</time></rtept><rtept lat="37.25402" lon="-106.662273"><ele>3697.2</ele><time>2026-04-11T16:50:51Z</time></rtept><rtept lat="37.253978" lon="-106.662243"><ele>3697.2</ele><time>2026-04-11T16:50:51Z</time></rtept><rtept lat="37.25394" lon="-106.662196"><ele>3697.0</ele><time>2026-04-11T16:50:51Z</time></rtept><rtept lat="37.253912" lon="-106.662146"><ele>3697.0</ele><time>2026-04-11T16:50:51Z</time></rtept><rtept lat="37.253892" lon="-106.662079"><ele>3696.4</ele><time>2026-04-11T16:50:51Z</time></rtept><rtept lat="37.253891" lon="-106.662004"><ele>3694.8</ele><time>2026-04-11T16:50:51Z</time></rtept><rtept lat="37.253926" lon="-106.661946"><ele>3692.8</ele><time>2026-04-11T16:50:51Z</time></rtept><rtept lat="37.253936" lon="-106.661891"><ele>3692.8</ele><time>2026-04-11T16:50:51Z</time></rtept><rtept lat="37.25406" lon="-106.661655"><ele>3688.2</ele><time>2026-04-11T16:50:51Z</time></rtept><rtept lat="37.254086" lon="-106.661593"><ele>3689.8</ele><time>2026-04-11T16:50:51Z</time></rtept><rtept lat="37.254088" lon="-106.661458"><ele>3691.4</ele><time>2026-04-11T16:50:51Z</time></rtept><rtept lat="37.254076" lon="-106.661391"><ele>3692.4</ele><time>2026-04-11T16:50:51Z</time></rtept><rtept lat="37.254009" lon="-106.661191"><ele>3690.8</ele><time>2026-04-11T16:50:51Z</time></rtept><rtept lat="37.253996" lon="-106.66112"><ele>3690.8</ele><time>2026-04-11T16:50:51Z</time></rtept><rtept lat="37.253982" lon="-106.661011"><ele>3687.2</ele><time>2026-04-11T16:50:51Z</time></rtept><rtept lat="37.253994" lon="-106.660943"><ele>3687.2</ele><time>2026-04-11T16:50:51Z</time></rtept><rtept lat="37.254032" lon="-106.660941"><ele>3687.2</ele><time>2026-04-11T16:50:51Z</time></rtept><rtept lat="37.254229" lon="-106.660886"><ele>3684.6</ele><time>2026-04-11T16:50:51Z</time></rtept><rtept lat="37.254216" lon="-106.660839"><ele>3682.8</ele><time>2026-04-11T16:50:51Z</time></rtept><rtept lat="37.25415" lon="-106.660765"><ele>3680.4</ele><time>2026-04-11T16:50:51Z</time></rtept><rtept lat="37.254088" lon="-106.660661"><ele>3677.6</ele><time>2026-04-11T16:50:51Z</time></rtept><rtept lat="37.254089" lon="-106.660601"><ele>3677.6</ele><time>2026-04-11T16:50:51Z</time></rtept><rtept lat="37.254166" lon="-106.660596"><ele>3677.6</ele><time>2026-04-11T16:50:51Z</time></rtept><rtept lat="37.254307" lon="-106.660475"><ele>3672.0</ele><time>2026-04-11T16:50:51Z</time></rtept><rtept lat="37.254272" lon="-106.660381"><ele>3670.2</ele><time>2026-04-11T16:50:51Z</time></rtept><rtept lat="37.254168" lon="-106.660249"><ele>3665.6</ele><time>2026-04-11T16:50:51Z</time></rtept><rtept lat="37.254162" lon="-106.660188"><ele>3665.6</ele><time>2026-04-11T16:50:51Z</time></rtept><rtept lat="37.254227" lon="-106.660107"><ele>3664.4</ele><time>2026-04-11T16:50:51Z</time></rtept><rtept lat="37.254316" lon="-106.659956"><ele>3662.0</ele><time>2026-04-11T16:50:51Z</time></rtept><rtept lat="37.254342" lon="-106.659888"><ele>3660.4</ele><time>2026-04-11T16:50:51Z</time></rtept><rtept lat="37.254372" lon="-106.659839"><ele>3660.4</ele><time>2026-04-11T16:50:51Z</time></rtept><rtept lat="37.254407" lon="-106.659794"><ele>3659.2</ele><time>2026-04-11T16:50:51Z</time></rtept><rtept lat="37.254466" lon="-106.659746"><ele>3659.4</ele><time>2026-04-11T16:50:51Z</time></rtept><rtept lat="37.254572" lon="-106.65972"><ele>3657.0</ele><time>2026-04-11T16:50:51Z</time></rtept><rtept lat="37.254633" lon="-106.659723"><ele>3656.8</ele><time>2026-04-11T16:50:51Z</time></rtept><rtept lat="37.254676" lon="-106.659715"><ele>3656.2</ele><time>2026-04-11T16:50:51Z</time></rtept><rtept lat="37.254721" lon="-106.659703"><ele>3656.2</ele><time>2026-04-11T16:50:51Z</time></rtept><rtept lat="37.254758" lon="-106.659682"><ele>3655.4</ele><time>2026-04-11T16:50:51Z</time></rtept><rtept lat="37.255012" lon="-106.659658"><ele>3650.6</ele><time>2026-04-11T16:50:51Z</time></rtept><rtept lat="37.255015" lon="-106.659642"><ele>3649.6</ele><time>2026-04-11T16:50:51Z</time></rtept><rtept lat="37.254998" lon="-106.65957"><ele>3649.6</ele><time>2026-04-11T16:50:51Z</time></rtept><rtept lat="37.254887" lon="-106.659304"><ele>3644.6</ele><time>2026-04-11T16:50:51Z</time></rtept><rtept lat="37.254763" lon="-106.659151"><ele>3643.4</ele><time>2026-04-11T16:50:51Z</time></rtept><rtept lat="37.254544" lon="-106.658847"><ele>3635.4</ele><time>2026-04-11T16:50:51Z</time></rtept><rtept lat="37.254544" lon="-106.658807"><ele>3635.4</ele><time>2026-04-11T16:50:51Z</time></rtept><rtept lat="37.254756" lon="-106.658685"><ele>3632.4</ele><time>2026-04-11T16:50:51Z</time></rtept><rtept lat="37.2549" lon="-106.658655"><ele>3632.6</ele><time>2026-04-11T16:50:51Z</time></rtept><rtept lat="37.254966" lon="-106.658651"><ele>3632.6</ele><time>2026-04-11T16:50:51Z</time></rtept><rtept lat="37.255043" lon="-106.658612"><ele>3631.2</ele><time>2026-04-11T16:50:51Z</time></rtept><rtept lat="37.255023" lon="-106.65856"><ele>3631.2</ele><time>2026-04-11T16:50:51Z</time></rtept><rtept lat="37.255003" lon="-106.65855"><ele>3631.2</ele><time>2026-04-11T16:50:51Z</time></rtept><rtept lat="37.254864" lon="-106.65832"><ele>3626.0</ele><time>2026-04-11T16:50:51Z</time></rtept><rtept lat="37.254787" lon="-106.658219"><ele>3623.0</ele><time>2026-04-11T16:50:51Z</time></rtept><rtept lat="37.254765" lon="-106.658171"><ele>3621.4</ele><time>2026-04-11T16:50:51Z</time></rtept><rtept lat="37.25472" lon="-106.658141"><ele>3620.4</ele><time>2026-04-11T16:50:51Z</time></rtept><rtept lat="37.254683" lon="-106.658097"><ele>3618.8</ele><time>2026-04-11T16:50:51Z</time></rtept><rtept lat="37.25465" lon="-106.658042"><ele>3617.8</ele><time>2026-04-11T16:50:51Z</time></rtept><rtept lat="37.254676" lon="-106.657957"><ele>3616.8</ele><time>2026-04-11T16:50:51Z</time></rtept><rtept lat="37.254744" lon="-106.65789"><ele>3615.2</ele><time>2026-04-11T16:50:51Z</time></rtept><rtept lat="37.254767" lon="-106.657846"><ele>3613.2</ele><time>2026-04-11T16:50:51Z</time></rtept><rtept lat="37.254789" lon="-106.657773"><ele>3613.2</ele><time>2026-04-11T16:50:51Z</time></rtept><rtept lat="37.254864" lon="-106.657674"><ele>3610.6</ele><time>2026-04-11T16:50:51Z</time></rtept><rtept lat="37.254912" lon="-106.657631"><ele>3610.6</ele><time>2026-04-11T16:50:51Z</time></rtept><rtept lat="37.254989" lon="-106.657615"><ele>3611.2</ele><time>2026-04-11T16:50:51Z</time></rtept><rtept lat="37.255149" lon="-106.657502"><ele>3609.4</ele><time>2026-04-11T16:50:51Z</time></rtept><rtept lat="37.25527" lon="-106.657352"><ele>3609.0</ele><time>2026-04-11T16:50:51Z</time></rtept><rtept lat="37.255341" lon="-106.65725"><ele>3608.8</ele><time>2026-04-11T16:50:51Z</time></rtept><rtept lat="37.255485" lon="-106.65715"><ele>3608.0</ele><time>2026-04-11T16:50:51Z</time></rtept><rtept lat="37.255519" lon="-106.657104"><ele>3608.0</ele><time>2026-04-11T16:50:51Z</time></rtept><rtept lat="37.255531" lon="-106.657037"><ele>3607.6</ele><time>2026-04-11T16:50:51Z</time></rtept><rtept lat="37.25551" lon="-106.656972"><ele>3607.4</ele><time>2026-04-11T16:50:51Z</time></rtept><rtept lat="37.255403" lon="-106.656868"><ele>3606.6</ele><time>2026-04-11T16:50:51Z</time></rtept><rtept lat="37.255401" lon="-106.656856"><ele>3606.6</ele><time>2026-04-11T16:50:51Z</time></rtept><rtept lat="37.255398" lon="-106.65678"><ele>3606.4</ele><time>2026-04-11T16:50:51Z</time></rtept><rtept lat="37.255416" lon="-106.656713"><ele>3607.0</ele><time>2026-04-11T16:50:51Z</time></rtept><rtept lat="37.255427" lon="-106.656582"><ele>3607.2</ele><time>2026-04-11T16:50:51Z</time></rtept><rtept lat="37.255449" lon="-106.656517"><ele>3607.4</ele><time>2026-04-11T16:50:51Z</time></rtept><rtept lat="37.255423" lon="-106.656238"><ele>3608.4</ele><time>2026-04-11T16:50:51Z</time></rtept><rtept lat="37.255432" lon="-106.656095"><ele>3607.6</ele><time>2026-04-11T16:50:51Z</time></rtept><rtept lat="37.255454" lon="-106.655971"><ele>3607.0</ele><time>2026-04-11T16:50:51Z</time></rtept><rtept lat="37.255473" lon="-106.655917"><ele>3606.2</ele><time>2026-04-11T16:50:51Z</time></rtept><rtept lat="37.255509" lon="-106.655856"><ele>3606.8</ele><time>2026-04-11T16:50:51Z</time></rtept><rtept lat="37.255596" lon="-106.655663"><ele>3606.6</ele><time>2026-04-11T16:50:51Z</time></rtept><rtept lat="37.255637" lon="-106.655615"><ele>3607.2</ele><time>2026-04-11T16:50:51Z</time></rtept><rtept lat="37.255665" lon="-106.655569"><ele>3607.2</ele><time>2026-04-11T16:50:51Z</time></rtept><rtept lat="37.255603" lon="-106.65546"><ele>3605.0</ele><time>2026-04-11T16:50:51Z</time></rtept><rtept lat="37.255586" lon="-106.655392"><ele>3604.6</ele><time>2026-04-11T16:50:51Z</time></rtept><rtept lat="37.255594" lon="-106.655267"><ele>3603.6</ele><time>2026-04-11T16:50:51Z</time></rtept><rtept lat="37.255607" lon="-106.655201"><ele>3603.6</ele><time>2026-04-11T16:50:51Z</time></rtept><rtept lat="37.255594" lon="-106.655133"><ele>3603.2</ele><time>2026-04-11T16:50:51Z</time></rtept><rtept lat="37.255519" lon="-106.655046"><ele>3601.6</ele><time>2026-04-11T16:50:51Z</time></rtept><rtept lat="37.25549" lon="-106.654988"><ele>3601.4</ele><time>2026-04-11T16:50:51Z</time></rtept><rtept lat="37.255468" lon="-106.654917"><ele>3600.0</ele><time>2026-04-11T16:50:51Z</time></rtept><rtept lat="37.255465" lon="-106.654855"><ele>3600.0</ele><time>2026-04-11T16:50:51Z</time></rtept><rtept lat="37.255483" lon="-106.654724"><ele>3600.2</ele><time>2026-04-11T16:50:51Z</time></rtept><rtept lat="37.255531" lon="-106.654622"><ele>3600.2</ele><time>2026-04-11T16:50:51Z</time></rtept><rtept lat="37.255532" lon="-106.654553"><ele>3600.4</ele><time>2026-04-11T16:50:51Z</time></rtept><rtept lat="37.255508" lon="-106.654489"><ele>3600.6</ele><time>2026-04-11T16:50:51Z</time></rtept><rtept lat="37.255402" lon="-106.654325"><ele>3599.8</ele><time>2026-04-11T16:50:51Z</time></rtept><rtept lat="37.255313" lon="-106.654143"><ele>3599.6</ele><time>2026-04-11T16:50:51Z</time></rtept><rtept lat="37.25523" lon="-106.654061"><ele>3599.0</ele><time>2026-04-11T16:50:51Z</time></rtept><rtept lat="37.255204" lon="-106.65399"><ele>3599.0</ele><time>2026-04-11T16:50:51Z</time></rtept><rtept lat="37.25522" lon="-106.653696"><ele>3598.8</ele><time>2026-04-11T16:50:51Z</time></rtept><rtept lat="37.255209" lon="-106.653624"><ele>3598.8</ele><time>2026-04-11T16:50:51Z</time></rtept><rtept lat="37.255146" lon="-106.653496"><ele>3597.4</ele><time>2026-04-11T16:50:51Z</time></rtept><rtept lat="37.255136" lon="-106.653425"><ele>3597.0</ele><time>2026-04-11T16:50:51Z</time></rtept><rtept lat="37.255086" lon="-106.65329"><ele>3595.2</ele><time>2026-04-11T16:50:51Z</time></rtept><rtept lat="37.255053" lon="-106.653023"><ele>3592.0</ele><time>2026-04-11T16:50:51Z</time></rtept><rtept lat="37.255057" lon="-106.652947"><ele>3591.2</ele><time>2026-04-11T16:50:51Z</time></rtept><rtept lat="37.255078" lon="-106.652881"><ele>3592.4</ele><time>2026-04-11T16:50:51Z</time></rtept><rtept lat="37.255212" lon="-106.652772"><ele>3593.4</ele><time>2026-04-11T16:50:51Z</time></rtept><rtept lat="37.25527" lon="-106.652695"><ele>3593.8</ele><time>2026-04-11T16:50:51Z</time></rtept><rtept lat="37.255271" lon="-106.65263"><ele>3593.8</ele><time>2026-04-11T16:50:51Z</time></rtept><rtept lat="37.255149" lon="-106.652316"><ele>3587.6</ele><time>2026-04-11T16:50:51Z</time></rtept><rtept lat="37.255191" lon="-106.652194"><ele>3586.8</ele><time>2026-04-11T16:50:51Z</time></rtept><rtept lat="37.255326" lon="-106.652065"><ele>3587.4</ele><time>2026-04-11T16:50:51Z</time></rtept><rtept lat="37.255356" lon="-106.651975"><ele>3587.8</ele><time>2026-04-11T16:50:51Z</time></rtept><rtept lat="37.255348" lon="-106.651937"><ele>3587.8</ele><time>2026-04-11T16:50:51Z</time></rtept><rtept lat="37.25532" lon="-106.651875"><ele>3586.0</ele><time>2026-04-11T16:50:51Z</time></rtept><rtept lat="37.255282" lon="-106.651815"><ele>3585.6</ele><time>2026-04-11T16:50:51Z</time></rtept><rtept lat="37.255269" lon="-106.651753"><ele>3585.6</ele><time>2026-04-11T16:50:51Z</time></rtept><rtept lat="37.255232" lon="-106.651702"><ele>3584.2</ele><time>2026-04-11T16:50:51Z</time></rtept><rtept lat="37.255212" lon="-106.651639"><ele>3584.6</ele><time>2026-04-11T16:50:51Z</time></rtept><rtept lat="37.255206" lon="-106.651582"><ele>3584.8</ele><time>2026-04-11T16:50:51Z</time></rtept><rtept lat="37.25519" lon="-106.65147"><ele>3584.2</ele><time>2026-04-11T16:50:51Z</time></rtept><rtept lat="37.255107" lon="-106.651458"><ele>3583.6</ele><time>2026-04-11T16:50:51Z</time></rtept><rtept lat="37.255032" lon="-106.651454"><ele>3583.0</ele><time>2026-04-11T16:50:51Z</time></rtept><rtept lat="37.254994" lon="-106.651447"><ele>3582.4</ele><time>2026-04-11T16:50:51Z</time></rtept><rtept lat="37.254879" lon="-106.65145"><ele>3581.6</ele><time>2026-04-11T16:50:51Z</time></rtept><rtept lat="37.254835" lon="-106.651416"><ele>3580.8</ele><time>2026-04-11T16:50:51Z</time></rtept><rtept lat="37.254797" lon="-106.651364"><ele>3582.6</ele><time>2026-04-11T16:50:51Z</time></rtept><rtept lat="37.254727" lon="-106.651241"><ele>3584.0</ele><time>2026-04-11T16:50:51Z</time></rtept><rtept lat="37.254659" lon="-106.651245"><ele>3583.4</ele><time>2026-04-11T16:50:51Z</time></rtept><rtept lat="37.254596" lon="-106.651225"><ele>3583.8</ele><time>2026-04-11T16:50:51Z</time></rtept><rtept lat="37.254477" lon="-106.651209"><ele>3580.4</ele><time>2026-04-11T16:50:51Z</time></rtept><rtept lat="37.254417" lon="-106.651176"><ele>3578.4</ele><time>2026-04-11T16:50:51Z</time></rtept><rtept lat="37.254248" lon="-106.650977"><ele>3575.6</ele><time>2026-04-11T16:50:51Z</time></rtept><rtept lat="37.254231" lon="-106.650916"><ele>3573.0</ele><time>2026-04-11T16:50:51Z</time></rtept><rtept lat="37.254161" lon="-106.650746"><ele>3569.4</ele><time>2026-04-11T16:50:51Z</time></rtept><rtept lat="37.254167" lon="-106.650637"><ele>3568.8</ele><time>2026-04-11T16:50:51Z</time></rtept><rtept lat="37.254238" lon="-106.650555"><ele>3572.0</ele><time>2026-04-11T16:50:51Z</time></rtept><rtept lat="37.254237" lon="-106.65047"><ele>3571.8</ele><time>2026-04-11T16:50:51Z</time></rtept><rtept lat="37.254213" lon="-106.650431"><ele>3571.6</ele><time>2026-04-11T16:50:51Z</time></rtept><rtept lat="37.254198" lon="-106.650375"><ele>3571.8</ele><time>2026-04-11T16:50:51Z</time></rtept><rtept lat="37.254136" lon="-106.650279"><ele>3568.6</ele><time>2026-04-11T16:50:51Z</time></rtept><rtept lat="37.2541" lon="-106.65012"><ele>3566.0</ele><time>2026-04-11T16:50:51Z</time></rtept><rtept lat="37.254038" lon="-106.649911"><ele>3563.8</ele><time>2026-04-11T16:50:51Z</time></rtept><rtept lat="37.253985" lon="-106.649669"><ele>3568.6</ele><time>2026-04-11T16:50:51Z</time></rtept><rtept lat="37.253965" lon="-106.649661"><ele>3564.0</ele><time>2026-04-11T16:50:51Z</time></rtept><rtept lat="37.25394" lon="-106.649501"><ele>3564.0</ele><time>2026-04-11T16:50:51Z</time></rtept><rtept lat="37.253959" lon="-106.649401"><ele>3561.4</ele><time>2026-04-11T16:50:51Z</time></rtept><rtept lat="37.253949" lon="-106.649347"><ele>3557.6</ele><time>2026-04-11T16:50:51Z</time></rtept><rtept lat="37.253952" lon="-106.649291"><ele>3557.6</ele><time>2026-04-11T16:50:51Z</time></rtept><rtept lat="37.254024" lon="-106.649249"><ele>3555.8</ele><time>2026-04-11T16:50:51Z</time></rtept><rtept lat="37.254068" lon="-106.649186"><ele>3557.4</ele><time>2026-04-11T16:50:51Z</time></rtept><rtept lat="37.254237" lon="-106.649056"><ele>3552.0</ele><time>2026-04-11T16:50:51Z</time></rtept><rtept lat="37.254275" lon="-106.649016"><ele>3553.2</ele><time>2026-04-11T16:50:51Z</time></rtept><rtept lat="37.254382" lon="-106.648979"><ele>3550.6</ele><time>2026-04-11T16:50:51Z</time></rtept><rtept lat="37.254396" lon="-106.648951"><ele>3550.6</ele><time>2026-04-11T16:50:51Z</time></rtept><rtept lat="37.25443" lon="-106.648924"><ele>3550.6</ele><time>2026-04-11T16:50:51Z</time></rtept><rtept lat="37.25448" lon="-106.648916"><ele>3546.6</ele><time>2026-04-11T16:50:51Z</time></rtept><rtept lat="37.254533" lon="-106.648839"><ele>3548.0</ele><time>2026-04-11T16:50:51Z</time></rtept><rtept lat="37.254594" lon="-106.648835"><ele>3544.0</ele><time>2026-04-11T16:50:51Z</time></rtept><rtept lat="37.254678" lon="-106.648765"><ele>3544.6</ele><time>2026-04-11T16:50:51Z</time></rtept><rtept lat="37.254721" lon="-106.648759"><ele>3544.6</ele><time>2026-04-11T16:50:51Z</time></rtept><rtept lat="37.254772" lon="-106.648785"><ele>3545.0</ele><time>2026-04-11T16:50:51Z</time></rtept><rtept lat="37.254815" lon="-106.648765"><ele>3545.6</ele><time>2026-04-11T16:50:51Z</time></rtept><rtept lat="37.254867" lon="-106.64877"><ele>3546.0</ele><time>2026-04-11T16:50:51Z</time></rtept><rtept lat="37.254915" lon="-106.648756"><ele>3546.0</ele><time>2026-04-11T16:50:51Z</time></rtept><rtept lat="37.255036" lon="-106.648637"><ele>3536.0</ele><time>2026-04-11T16:50:51Z</time></rtept><rtept lat="37.255065" lon="-106.648625"><ele>3536.4</ele><time>2026-04-11T16:50:51Z</time></rtept><rtept lat="37.255124" lon="-106.648623"><ele>3536.4</ele><time>2026-04-11T16:50:51Z</time></rtept><rtept lat="37.255216" lon="-106.64859"><ele>3537.6</ele><time>2026-04-11T16:50:51Z</time></rtept><rtept lat="37.255242" lon="-106.648546"><ele>3530.6</ele><time>2026-04-11T16:50:51Z</time></rtept><rtept lat="37.255281" lon="-106.648525"><ele>3530.8</ele><time>2026-04-11T16:50:51Z</time></rtept><rtept lat="37.255382" lon="-106.648503"><ele>3531.0</ele><time>2026-04-11T16:50:51Z</time></rtept><rtept lat="37.25543" lon="-106.648504"><ele>3530.8</ele><time>2026-04-11T16:50:51Z</time></rtept><rtept lat="37.255474" lon="-106.648528"><ele>3530.4</ele><time>2026-04-11T16:50:51Z</time></rtept><rtept lat="37.255567" lon="-106.648512"><ele>3530.0</ele><time>2026-04-11T16:50:51Z</time></rtept><rtept lat="37.255727" lon="-106.648514"><ele>3528.6</ele><time>2026-04-11T16:50:51Z</time></rtept><rtept lat="37.255819" lon="-106.6485"><ele>3527.2</ele><time>2026-04-11T16:50:51Z</time></rtept><rtept lat="37.255993" lon="-106.648491"><ele>3521.4</ele><time>2026-04-11T16:50:51Z</time></rtept><rtept lat="37.256117" lon="-106.648459"><ele>3521.2</ele><time>2026-04-11T16:50:51Z</time></rtept><rtept lat="37.256301" lon="-106.648368"><ele>3519.0</ele><time>2026-04-11T16:50:51Z</time></rtept><rtept lat="37.256522" lon="-106.648209"><ele>3516.4</ele><time>2026-04-11T16:50:51Z</time></rtept><rtept lat="37.256579" lon="-106.648181"><ele>3516.6</ele><time>2026-04-11T16:50:51Z</time></rtept><rtept lat="37.256668" lon="-106.648087"><ele>3516.4</ele><time>2026-04-11T16:50:51Z</time></rtept><rtept lat="37.256769" lon="-106.647937"><ele>3514.4</ele><time>2026-04-11T16:50:51Z</time></rtept><rtept lat="37.256883" lon="-106.64784"><ele>3515.0</ele><time>2026-04-11T16:50:51Z</time></rtept><rtept lat="37.256994" lon="-106.647788"><ele>3516.4</ele><time>2026-04-11T16:50:51Z</time></rtept><rtept lat="37.257052" lon="-106.647676"><ele>3518.4</ele><time>2026-04-11T16:50:51Z</time></rtept><rtept lat="37.257128" lon="-106.647566"><ele>3517.8</ele><time>2026-04-11T16:50:51Z</time></rtept><rtept lat="37.257122" lon="-106.647512"><ele>3519.4</ele><time>2026-04-11T16:50:51Z</time></rtept><rtept lat="37.257156" lon="-106.647368"><ele>3520.4</ele><time>2026-04-11T16:50:51Z</time></rtept><rtept lat="37.257133" lon="-106.647233"><ele>3519.0</ele><time>2026-04-11T16:50:51Z</time></rtept><rtept lat="37.257129" lon="-106.64714"><ele>3518.0</ele><time>2026-04-11T16:50:51Z</time></rtept><rtept lat="37.257143" lon="-106.646994"><ele>3515.8</ele><time>2026-04-11T16:50:51Z</time></rtept><rtept lat="37.257137" lon="-106.646941"><ele>3514.8</ele><time>2026-04-11T16:50:51Z</time></rtept><rtept lat="37.257145" lon="-106.646796"><ele>3515.4</ele><time>2026-04-11T16:50:51Z</time></rtept><rtept lat="37.257118" lon="-106.646683"><ele>3516.4</ele><time>2026-04-11T16:50:51Z</time></rtept><rtept lat="37.25704" lon="-106.646582"><ele>3518.2</ele><time>2026-04-11T16:50:51Z</time></rtept><rtept lat="37.257007" lon="-106.646519"><ele>3518.2</ele><time>2026-04-11T16:50:51Z</time></rtept><rtept lat="37.256916" lon="-106.646261"><ele>3520.0</ele><time>2026-04-11T16:50:51Z</time></rtept><rtept lat="37.256903" lon="-106.646239"><ele>3520.0</ele><time>2026-04-11T16:50:51Z</time></rtept><rtept lat="37.256834" lon="-106.646183"><ele>3520.0</ele><time>2026-04-11T16:50:51Z</time></rtept><rtept lat="37.256733" lon="-106.646145"><ele>3520.4</ele><time>2026-04-11T16:50:51Z</time></rtept><rtept lat="37.256688" lon="-106.646021"><ele>3520.8</ele><time>2026-04-11T16:50:51Z</time></rtept><rtept lat="37.256733" lon="-106.645922"><ele>3522.8</ele><time>2026-04-11T16:50:51Z</time></rtept><rtept lat="37.256752" lon="-106.645808"><ele>3524.8</ele><time>2026-04-11T16:50:51Z</time></rtept><rtept lat="37.256747" lon="-106.645653"><ele>3527.4</ele><time>2026-04-11T16:50:51Z</time></rtept><rtept lat="37.25679" lon="-106.64545"><ele>3527.8</ele><time>2026-04-11T16:50:51Z</time></rtept><rtept lat="37.256809" lon="-106.645402"><ele>3528.0</ele><time>2026-04-11T16:50:51Z</time></rtept><rtept lat="37.256806" lon="-106.645298"><ele>3528.0</ele><time>2026-04-11T16:50:51Z</time></rtept><rtept lat="37.256764" lon="-106.645242"><ele>3531.0</ele><time>2026-04-11T16:50:51Z</time></rtept><rtept lat="37.256654" lon="-106.645182"><ele>3534.0</ele><time>2026-04-11T16:50:51Z</time></rtept><rtept lat="37.256597" lon="-106.645125"><ele>3535.0</ele><time>2026-04-11T16:50:51Z</time></rtept><rtept lat="37.256588" lon="-106.645089"><ele>3535.0</ele><time>2026-04-11T16:50:51Z</time></rtept><rtept lat="37.256759" lon="-106.644932"><ele>3536.8</ele><time>2026-04-11T16:50:51Z</time></rtept><rtept lat="37.2568" lon="-106.644919"><ele>3534.6</ele><time>2026-04-11T16:50:51Z</time></rtept><rtept lat="37.256843" lon="-106.644877"><ele>3533.8</ele><time>2026-04-11T16:50:51Z</time></rtept><rtept lat="37.256875" lon="-106.64482"><ele>3533.8</ele><time>2026-04-11T16:50:51Z</time></rtept><rtept lat="37.256892" lon="-106.644757"><ele>3535.0</ele><time>2026-04-11T16:50:51Z</time></rtept><rtept lat="37.256907" lon="-106.644641"><ele>3535.6</ele><time>2026-04-11T16:50:51Z</time></rtept><rtept lat="37.256901" lon="-106.644581"><ele>3535.2</ele><time>2026-04-11T16:50:51Z</time></rtept><rtept lat="37.256929" lon="-106.64439"><ele>3531.2</ele><time>2026-04-11T16:50:51Z</time></rtept><rtept lat="37.256861" lon="-106.644254"><ele>3531.8</ele><time>2026-04-11T16:50:51Z</time></rtept><rtept lat="37.256801" lon="-106.644193"><ele>3533.2</ele><time>2026-04-11T16:50:51Z</time></rtept><rtept lat="37.256678" lon="-106.644102"><ele>3535.0</ele><time>2026-04-11T16:50:51Z</time></rtept><rtept lat="37.256492" lon="-106.64402"><ele>3534.8</ele><time>2026-04-11T16:50:51Z</time></rtept><rtept lat="37.256441" lon="-106.64382"><ele>3536.0</ele><time>2026-04-11T16:50:51Z</time></rtept><rtept lat="37.256393" lon="-106.643686"><ele>3537.2</ele><time>2026-04-11T16:50:51Z</time></rtept><rtept lat="37.256314" lon="-106.643543"><ele>3537.2</ele><time>2026-04-11T16:50:51Z</time></rtept><rtept lat="37.256272" lon="-106.643483"><ele>3537.2</ele><time>2026-04-11T16:50:51Z</time></rtept><rtept lat="37.256242" lon="-106.643349"><ele>3537.8</ele><time>2026-04-11T16:50:51Z</time></rtept><rtept lat="37.256209" lon="-106.643321"><ele>3537.4</ele><time>2026-04-11T16:50:51Z</time></rtept><rtept lat="37.256178" lon="-106.643259"><ele>3537.4</ele><time>2026-04-11T16:50:51Z</time></rtept><rtept lat="37.256132" lon="-106.643211"><ele>3536.8</ele><time>2026-04-11T16:50:51Z</time></rtept><rtept lat="37.256081" lon="-106.643106"><ele>3536.2</ele><time>2026-04-11T16:50:51Z</time></rtept><rtept lat="37.256054" lon="-106.642962"><ele>3537.6</ele><time>2026-04-11T16:50:51Z</time></rtept><rtept lat="37.256005" lon="-106.642924"><ele>3536.2</ele><time>2026-04-11T16:50:51Z</time></rtept><rtept lat="37.255859" lon="-106.642895"><ele>3533.2</ele><time>2026-04-11T16:50:51Z</time></rtept><rtept lat="37.255828" lon="-106.642836"><ele>3533.2</ele><time>2026-04-11T16:50:51Z</time></rtept><rtept lat="37.255737" lon="-106.642731"><ele>3529.8</ele><time>2026-04-11T16:50:51Z</time></rtept><rtept lat="37.255704" lon="-106.642566"><ele>3530.0</ele><time>2026-04-11T16:50:51Z</time></rtept><rtept lat="37.255735" lon="-106.642396"><ele>3530.4</ele><time>2026-04-11T16:50:51Z</time></rtept><rtept lat="37.255714" lon="-106.642294"><ele>3530.6</ele><time>2026-04-11T16:50:51Z</time></rtept><rtept lat="37.255683" lon="-106.642222"><ele>3530.4</ele><time>2026-04-11T16:50:51Z</time></rtept><rtept lat="37.255677" lon="-106.642184"><ele>3528.2</ele><time>2026-04-11T16:50:51Z</time></rtept><rtept lat="37.255712" lon="-106.642146"><ele>3530.4</ele><time>2026-04-11T16:50:51Z</time></rtept><rtept lat="37.255755" lon="-106.642124"><ele>3532.4</ele><time>2026-04-11T16:50:51Z</time></rtept><rtept lat="37.255807" lon="-106.642083"><ele>3532.4</ele><time>2026-04-11T16:50:51Z</time></rtept><rtept lat="37.255874" lon="-106.64196"><ele>3534.4</ele><time>2026-04-11T16:50:51Z</time></rtept><rtept lat="37.255868" lon="-106.641887"><ele>3534.4</ele><time>2026-04-11T16:50:51Z</time></rtept><rtept lat="37.255878" lon="-106.641809"><ele>3534.8</ele><time>2026-04-11T16:50:51Z</time></rtept><rtept lat="37.255875" lon="-106.641721"><ele>3535.8</ele><time>2026-04-11T16:50:51Z</time></rtept><rtept lat="37.255851" lon="-106.641648"><ele>3537.6</ele><time>2026-04-11T16:50:51Z</time></rtept><rtept lat="37.255816" lon="-106.641568"><ele>3540.0</ele><time>2026-04-11T16:50:51Z</time></rtept><rtept lat="37.255772" lon="-106.641499"><ele>3539.6</ele><time>2026-04-11T16:50:51Z</time></rtept><rtept lat="37.255716" lon="-106.641356"><ele>3542.2</ele><time>2026-04-11T16:50:51Z</time></rtept><rtept lat="37.255655" lon="-106.641325"><ele>3539.4</ele><time>2026-04-11T16:50:51Z</time></rtept><rtept lat="37.255582" lon="-106.641232"><ele>3540.0</ele><time>2026-04-11T16:50:51Z</time></rtept><rtept lat="37.255466" lon="-106.641165"><ele>3539.6</ele><time>2026-04-11T16:50:51Z</time></rtept><rtept lat="37.255387" lon="-106.641003"><ele>3542.0</ele><time>2026-04-11T16:50:51Z</time></rtept><rtept lat="37.255306" lon="-106.640882"><ele>3542.0</ele><time>2026-04-11T16:50:51Z</time></rtept><rtept lat="37.255189" lon="-106.640823"><ele>3540.6</ele><time>2026-04-11T16:50:51Z</time></rtept><rtept lat="37.255163" lon="-106.640782"><ele>3540.6</ele><time>2026-04-11T16:50:51Z</time></rtept><rtept lat="37.254951" lon="-106.640991"><ele>3535.4</ele><time>2026-04-11T16:50:51Z</time></rtept><rtept lat="37.254739" lon="-106.641201"><ele>3527.6</ele><time>2026-04-11T16:50:51Z</time></rtept><rtept lat="37.254526" lon="-106.64141"><ele>3520.0</ele><time>2026-04-11T16:50:51Z</time></rtept><rtept lat="37.254486" lon="-106.64145"><ele>3519.2</ele><time>2026-04-11T16:50:51Z</time></rtept><rtept lat="37.254698" lon="-106.641241"><ele>3526.4</ele><time>2026-04-11T16:50:51Z</time></rtept><rtept lat="37.25491" lon="-106.641031"><ele>3533.2</ele><time>2026-04-11T16:50:51Z</time></rtept><rtept lat="37.255123" lon="-106.640822"><ele>3539.4</ele><time>2026-04-11T16:50:51Z</time></rtept><rtept lat="37.255163" lon="-106.640782"><ele>3540.6</ele><time>2026-04-11T16:50:51Z</time></rtept><rtept lat="37.255149" lon="-106.640759"><ele>3541.2</ele><time>2026-04-11T16:50:51Z</time></rtept><rtept lat="37.255121" lon="-106.640687"><ele>3540.0</ele><time>2026-04-11T16:50:51Z</time></rtept><rtept lat="37.255102" lon="-106.640608"><ele>3540.6</ele><time>2026-04-11T16:50:51Z</time></rtept><rtept lat="37.255053" lon="-106.640252"><ele>3540.8</ele><time>2026-04-11T16:50:51Z</time></rtept><rtept lat="37.25507" lon="-106.640148"><ele>3542.0</ele><time>2026-04-11T16:50:51Z</time></rtept><rtept lat="37.255122" lon="-106.640012"><ele>3542.0</ele><time>2026-04-11T16:50:51Z</time></rtept><rtept lat="37.25512" lon="-106.639927"><ele>3541.8</ele><time>2026-04-11T16:50:51Z</time></rtept><rtept lat="37.25507" lon="-106.639657"><ele>3541.0</ele><time>2026-04-11T16:50:51Z</time></rtept><rtept lat="37.255062" lon="-106.639566"><ele>3538.8</ele><time>2026-04-11T16:50:51Z</time></rtept><rtept lat="37.255026" lon="-106.639394"><ele>3538.2</ele><time>2026-04-11T16:50:51Z</time></rtept><rtept lat="37.25497" lon="-106.639207"><ele>3536.6</ele><time>2026-04-11T16:50:51Z</time></rtept><rtept lat="37.254931" lon="-106.639126"><ele>3536.6</ele><time>2026-04-11T16:50:51Z</time></rtept><rtept lat="37.254936" lon="-106.638939"><ele>3537.0</ele><time>2026-04-11T16:50:51Z</time></rtept><rtept lat="37.254898" lon="-106.638751"><ele>3536.2</ele><time>2026-04-11T16:50:51Z</time></rtept><rtept lat="37.254863" lon="-106.638491"><ele>3536.6</ele><time>2026-04-11T16:50:51Z</time></rtept><rtept lat="37.254833" lon="-106.638383"><ele>3535.2</ele><time>2026-04-11T16:50:51Z</time></rtept><rtept lat="37.254806" lon="-106.638042"><ele>3535.2</ele><time>2026-04-11T16:50:51Z</time></rtept><rtept lat="37.254757" lon="-106.637875"><ele>3532.8</ele><time>2026-04-11T16:50:51Z</time></rtept><rtept lat="37.254749" lon="-106.637798"><ele>3532.6</ele><time>2026-04-11T16:50:51Z</time></rtept><rtept lat="37.254743" lon="-106.637719"><ele>3532.4</ele><time>2026-04-11T16:50:51Z</time></rtept><rtept lat="37.254749" lon="-106.637602"><ele>3532.4</ele><time>2026-04-11T16:50:51Z</time></rtept><rtept lat="37.254764" lon="-106.637514"><ele>3532.4</ele><time>2026-04-11T16:50:51Z</time></rtept><rtept lat="37.254788" lon="-106.637261"><ele>3532.6</ele><time>2026-04-11T16:50:51Z</time></rtept><rtept lat="37.254789" lon="-106.637164"><ele>3532.6</ele><time>2026-04-11T16:50:51Z</time></rtept><rtept lat="37.254774" lon="-106.63698"><ele>3532.8</ele><time>2026-04-11T16:50:51Z</time></rtept><rtept lat="37.254754" lon="-106.636904"><ele>3532.8</ele><time>2026-04-11T16:50:51Z</time></rtept><rtept lat="37.254758" lon="-106.636822"><ele>3532.8</ele><time>2026-04-11T16:50:51Z</time></rtept><rtept lat="37.254735" lon="-106.636637"><ele>3533.0</ele><time>2026-04-11T16:50:51Z</time></rtept><rtept lat="37.254734" lon="-106.63642"><ele>3533.4</ele><time>2026-04-11T16:50:51Z</time></rtept><rtept lat="37.25472" lon="-106.636283"><ele>3532.6</ele><time>2026-04-11T16:50:51Z</time></rtept><rtept lat="37.25471" lon="-106.636227"><ele>3532.6</ele><time>2026-04-11T16:50:51Z</time></rtept><rtept lat="37.254675" lon="-106.63614"><ele>3532.8</ele><time>2026-04-11T16:50:51Z</time></rtept><rtept lat="37.254675" lon="-106.63614"><ele>3532.8</ele><time>2026-04-11T16:50:51Z</time></rtept><rtept lat="37.254582" lon="-106.635975"><ele>3531.4</ele><time>2026-04-11T16:50:51Z</time></rtept><rtept lat="37.254494" lon="-106.635832"><ele>3531.2</ele><time>2026-04-11T16:50:51Z</time></rtept><rtept lat="37.25443" lon="-106.635787"><ele>3531.0</ele><time>2026-04-11T16:50:51Z</time></rtept><rtept lat="37.254367" lon="-106.635726"><ele>3530.4</ele><time>2026-04-11T16:50:51Z</time></rtept><rtept lat="37.254296" lon="-106.63571"><ele>3529.8</ele><time>2026-04-11T16:50:51Z</time></rtept><rtept lat="37.254228" lon="-106.635673"><ele>3529.6</ele><time>2026-04-11T16:50:51Z</time></rtept><rtept lat="37.254076" lon="-106.635608"><ele>3529.0</ele><time>2026-04-11T16:50:51Z</time></rtept><rtept lat="37.25336" lon="-106.635252"><ele>3524.6</ele><time>2026-04-11T16:50:51Z</time></rtept><rtept lat="37.253208" lon="-106.635185"><ele>3522.4</ele><time>2026-04-11T16:50:51Z</time></rtept><rtept lat="37.253129" lon="-106.635162"><ele>3521.8</ele><time>2026-04-11T16:50:51Z</time></rtept><rtept lat="37.253062" lon="-106.635127"><ele>3521.2</ele><time>2026-04-11T16:50:51Z</time></rtept><rtept lat="37.252422" lon="-106.634978"><ele>3517.8</ele><time>2026-04-11T16:50:51Z</time></rtept><rtept lat="37.252934" lon="-106.635103"><ele>3520.2</ele><time>2026-04-11T16:50:51Z</time></rtept><rtept lat="37.252719" lon="-106.635027"><ele>3519.0</ele><time>2026-04-11T16:50:51Z</time></rtept><rtept lat="37.252334" lon="-106.63495"><ele>3517.4</ele><time>2026-04-11T16:50:51Z</time></rtept><rtept lat="37.252289" lon="-106.634938"><ele>3517.2</ele><time>2026-04-11T16:50:51Z</time></rtept><rtept lat="37.252229" lon="-106.634921"><ele>3516.8</ele><time>2026-04-11T16:50:51Z</time></rtept><rtept lat="37.252126" lon="-106.63488"><ele>3516.6</ele><time>2026-04-11T16:50:51Z</time></rtept><rtept lat="37.251849" lon="-106.634849"><ele>3515.8</ele><time>2026-04-11T16:50:51Z</time></rtept><rtept lat="37.25175" lon="-106.634825"><ele>3515.4</ele><time>2026-04-11T16:50:51Z</time></rtept><rtept lat="37.251527" lon="-106.63482"><ele>3514.8</ele><time>2026-04-11T16:50:51Z</time></rtept><rtept lat="37.25138" lon="-106.634885"><ele>3515.0</ele><time>2026-04-11T16:50:51Z</time></rtept><rtept lat="37.251275" lon="-106.634956"><ele>3515.6</ele><time>2026-04-11T16:50:51Z</time></rtept><rtept lat="37.251218" lon="-106.634975"><ele>3515.8</ele><time>2026-04-11T16:50:51Z</time></rtept><rtept lat="37.251042" lon="-106.635062"><ele>3516.4</ele><time>2026-04-11T16:50:51Z</time></rtept><rtept lat="37.250923" lon="-106.635137"><ele>3516.6</ele><time>2026-04-11T16:50:51Z</time></rtept><rtept lat="37.250788" lon="-106.635143"><ele>3516.8</ele><time>2026-04-11T16:50:51Z</time></rtept><rtept lat="37.250683" lon="-106.635055"><ele>3517.6</ele><time>2026-04-11T16:50:51Z</time></rtept><rtept lat="37.25062" lon="-106.635044"><ele>3517.8</ele><time>2026-04-11T16:50:51Z</time></rtept><rtept lat="37.250541" lon="-106.635056"><ele>3518.0</ele><time>2026-04-11T16:50:51Z</time></rtept><rtept lat="37.25051" lon="-106.635047"><ele>3518.0</ele><time>2026-04-11T16:50:51Z</time></rtept><rtept lat="37.250192" lon="-106.635068"><ele>3519.6</ele><time>2026-04-11T16:50:51Z</time></rtept><rtept lat="37.250153" lon="-106.635101"><ele>3519.6</ele><time>2026-04-11T16:50:51Z</time></rtept><rtept lat="37.250047" lon="-106.635295"><ele>3519.8</ele><time>2026-04-11T16:50:51Z</time></rtept><rtept lat="37.249996" lon="-106.635363"><ele>3520.4</ele><time>2026-04-11T16:50:51Z</time></rtept><rtept lat="37.249942" lon="-106.635397"><ele>3520.4</ele><time>2026-04-11T16:50:51Z</time></rtept><rtept lat="37.249888" lon="-106.635404"><ele>3521.4</ele><time>2026-04-11T16:50:51Z</time></rtept><rtept lat="37.249834" lon="-106.635374"><ele>3522.4</ele><time>2026-04-11T16:50:51Z</time></rtept><rtept lat="37.249787" lon="-106.635343"><ele>3522.8</ele><time>2026-04-11T16:50:51Z</time></rtept><rtept lat="37.24977" lon="-106.635285"><ele>3522.8</ele><time>2026-04-11T16:50:51Z</time></rtept><rtept lat="37.249716" lon="-106.635272"><ele>3523.0</ele><time>2026-04-11T16:50:51Z</time></rtept><rtept lat="37.249542" lon="-106.635291"><ele>3524.8</ele><time>2026-04-11T16:50:51Z</time></rtept><rtept lat="37.249429" lon="-106.635296"><ele>3525.8</ele><time>2026-04-11T16:50:51Z</time></rtept><rtept lat="37.249346" lon="-106.63529"><ele>3526.2</ele><time>2026-04-11T16:50:51Z</time></rtept><rtept lat="37.249174" lon="-106.635213"><ele>3526.8</ele><time>2026-04-11T16:50:51Z</time></rtept><rtept lat="37.249118" lon="-106.635172"><ele>3527.0</ele><time>2026-04-11T16:50:51Z</time></rtept><rtept lat="37.249002" lon="-106.635115"><ele>3527.4</ele><time>2026-04-11T16:50:51Z</time></rtept><rtept lat="37.248957" lon="-106.635071"><ele>3527.8</ele><time>2026-04-11T16:50:51Z</time></rtept><rtept lat="37.248937" lon="-106.635028"><ele>3527.8</ele><time>2026-04-11T16:50:51Z</time></rtept><rtept lat="37.248882" lon="-106.634993"><ele>3527.8</ele><time>2026-04-11T16:50:51Z</time></rtept><rtept lat="37.248842" lon="-106.634943"><ele>3528.2</ele><time>2026-04-11T16:50:51Z</time></rtept><rtept lat="37.248712" lon="-106.634854"><ele>3528.6</ele><time>2026-04-11T16:50:51Z</time></rtept><rtept lat="37.24864" lon="-106.634825"><ele>3529.6</ele><time>2026-04-11T16:50:51Z</time></rtept><rtept lat="37.248598" lon="-106.634796"><ele>3529.6</ele><time>2026-04-11T16:50:51Z</time></rtept><rtept lat="37.248549" lon="-106.634793"><ele>3530.4</ele><time>2026-04-11T16:50:51Z</time></rtept><rtept lat="37.248258" lon="-106.63462"><ele>3535.2</ele><time>2026-04-11T16:50:51Z</time></rtept><rtept lat="37.248166" lon="-106.634425"><ele>3537.2</ele><time>2026-04-11T16:50:51Z</time></rtept><rtept lat="37.248104" lon="-106.634336"><ele>3538.6</ele><time>2026-04-11T16:50:51Z</time></rtept><rtept lat="37.248064" lon="-106.634295"><ele>3539.8</ele><time>2026-04-11T16:50:51Z</time></rtept><rtept lat="37.24804" lon="-106.634236"><ele>3539.8</ele><time>2026-04-11T16:50:51Z</time></rtept><rtept lat="37.24797" lon="-106.63415"><ele>3540.4</ele><time>2026-04-11T16:50:51Z</time></rtept><rtept lat="37.247837" lon="-106.63408"><ele>3542.8</ele><time>2026-04-11T16:50:51Z</time></rtept><rtept lat="37.247792" lon="-106.634068"><ele>3543.6</ele><time>2026-04-11T16:50:51Z</time></rtept><rtept lat="37.247691" lon="-106.634063"><ele>3544.8</ele><time>2026-04-11T16:50:51Z</time></rtept><rtept lat="37.24764" lon="-106.634045"><ele>3546.0</ele><time>2026-04-11T16:50:51Z</time></rtept><rtept lat="37.247528" lon="-106.633983"><ele>3547.6</ele><time>2026-04-11T16:50:51Z</time></rtept><rtept lat="37.24748" lon="-106.633978"><ele>3547.6</ele><time>2026-04-11T16:50:51Z</time></rtept><rtept lat="37.247315" lon="-106.63391"><ele>3550.4</ele><time>2026-04-11T16:50:51Z</time></rtept><rtept lat="37.247263" lon="-106.633871"><ele>3550.6</ele><time>2026-04-11T16:50:51Z</time></rtept><rtept lat="37.247142" lon="-106.633816"><ele>3551.6</ele><time>2026-04-11T16:50:51Z</time></rtept><rtept lat="37.246538" lon="-106.63371"><ele>3559.8</ele><time>2026-04-11T16:50:51Z</time></rtept><rtept lat="37.246429" lon="-106.633725"><ele>3561.2</ele><time>2026-04-11T16:50:51Z</time></rtept><rtept lat="37.24631" lon="-106.633712"><ele>3563.2</ele><time>2026-04-11T16:50:51Z</time></rtept><rtept lat="37.246264" lon="-106.633666"><ele>3563.2</ele><time>2026-04-11T16:50:51Z</time></rtept><rtept lat="37.246205" lon="-106.633661"><ele>3564.0</ele><time>2026-04-11T16:50:51Z</time></rtept><rtept lat="37.24608" lon="-106.633758"><ele>3566.2</ele><time>2026-04-11T16:50:51Z</time></rtept><rtept lat="37.246046" lon="-106.633768"><ele>3566.2</ele><time>2026-04-11T16:50:51Z</time></rtept><rtept lat="37.246008" lon="-106.633751"><ele>3567.0</ele><time>2026-04-11T16:50:51Z</time></rtept><rtept lat="37.245944" lon="-106.633666"><ele>3567.4</ele><time>2026-04-11T16:50:51Z</time></rtept><rtept lat="37.245852" lon="-106.633627"><ele>3567.8</ele><time>2026-04-11T16:50:51Z</time></rtept><rtept lat="37.245809" lon="-106.633642"><ele>3568.4</ele><time>2026-04-11T16:50:51Z</time></rtept><rtept lat="37.245633" lon="-106.633631"><ele>3570.0</ele><time>2026-04-11T16:50:51Z</time></rtept><rtept lat="37.245469" lon="-106.633592"><ele>3570.8</ele><time>2026-04-11T16:50:51Z</time></rtept><rtept lat="37.245285" lon="-106.633572"><ele>3571.0</ele><time>2026-04-11T16:50:51Z</time></rtept><rtept lat="37.245177" lon="-106.633519"><ele>3571.0</ele><time>2026-04-11T16:50:51Z</time></rtept><rtept lat="37.245065" lon="-106.63352"><ele>3568.6</ele><time>2026-04-11T16:50:51Z</time></rtept><rtept lat="37.245026" lon="-106.63351"><ele>3568.6</ele><time>2026-04-11T16:50:51Z</time></rtept><rtept lat="37.244974" lon="-106.633424"><ele>3566.2</ele><time>2026-04-11T16:50:51Z</time></rtept><rtept lat="37.244948" lon="-106.633324"><ele>3563.6</ele><time>2026-04-11T16:50:51Z</time></rtept><rtept lat="37.244922" lon="-106.633261"><ele>3563.0</ele><time>2026-04-11T16:50:51Z</time></rtept><rtept lat="37.244907" lon="-106.633185"><ele>3562.0</ele><time>2026-04-11T16:50:51Z</time></rtept><rtept lat="37.244904" lon="-106.633107"><ele>3560.8</ele><time>2026-04-11T16:50:51Z</time></rtept><rtept lat="37.244934" lon="-106.633036"><ele>3560.2</ele><time>2026-04-11T16:50:51Z</time></rtept><rtept lat="37.244951" lon="-106.632942"><ele>3560.4</ele><time>2026-04-11T16:50:51Z</time></rtept><rtept lat="37.244954" lon="-106.632864"><ele>3560.6</ele><time>2026-04-11T16:50:51Z</time></rtept><rtept lat="37.244928" lon="-106.632796"><ele>3560.4</ele><time>2026-04-11T16:50:51Z</time></rtept><rtept lat="37.244839" lon="-106.632688"><ele>3560.6</ele><time>2026-04-11T16:50:51Z</time></rtept><rtept lat="37.244795" lon="-106.632619"><ele>3561.0</ele><time>2026-04-11T16:50:51Z</time></rtept><rtept lat="37.244662" lon="-106.632351"><ele>3559.2</ele><time>2026-04-11T16:50:51Z</time></rtept><rtept lat="37.244619" lon="-106.632316"><ele>3559.2</ele><time>2026-04-11T16:50:51Z</time></rtept><rtept lat="37.244591" lon="-106.632238"><ele>3558.2</ele><time>2026-04-11T16:50:51Z</time></rtept><rtept lat="37.244571" lon="-106.632213"><ele>3558.2</ele><time>2026-04-11T16:50:51Z</time></rtept><rtept lat="37.244522" lon="-106.632179"><ele>3556.4</ele><time>2026-04-11T16:50:51Z</time></rtept><rtept lat="37.244466" lon="-106.63217"><ele>3553.6</ele><time>2026-04-11T16:50:51Z</time></rtept><rtept lat="37.244429" lon="-106.632196"><ele>3553.6</ele><time>2026-04-11T16:50:51Z</time></rtept><rtept lat="37.24435" lon="-106.63222"><ele>3551.0</ele><time>2026-04-11T16:50:51Z</time></rtept><rtept lat="37.244339" lon="-106.632254"><ele>3551.0</ele><time>2026-04-11T16:50:51Z</time></rtept><rtept lat="37.244267" lon="-106.632362"><ele>3547.2</ele><time>2026-04-11T16:50:51Z</time></rtept><rtept lat="37.244171" lon="-106.632479"><ele>3544.6</ele><time>2026-04-11T16:50:51Z</time></rtept><rtept lat="37.244145" lon="-106.632537"><ele>3546.0</ele><time>2026-04-11T16:50:51Z</time></rtept><rtept lat="37.244138" lon="-106.632712"><ele>3546.6</ele><time>2026-04-11T16:50:51Z</time></rtept><rtept lat="37.244074" lon="-106.632821"><ele>3542.0</ele><time>2026-04-11T16:50:51Z</time></rtept><rtept lat="37.244082" lon="-106.632905"><ele>3540.4</ele><time>2026-04-11T16:50:51Z</time></rtept><rtept lat="37.244097" lon="-106.632974"><ele>3538.4</ele><time>2026-04-11T16:50:51Z</time></rtept><rtept lat="37.244114" lon="-106.633018"><ele>3538.4</ele><time>2026-04-11T16:50:51Z</time></rtept><rtept lat="37.244108" lon="-106.633108"><ele>3537.6</ele><time>2026-04-11T16:50:51Z</time></rtept><rtept lat="37.24407" lon="-106.633254"><ele>3538.8</ele><time>2026-04-11T16:50:51Z</time></rtept><rtept lat="37.244045" lon="-106.633295"><ele>3536.8</ele><time>2026-04-11T16:50:51Z</time></rtept><rtept lat="37.244019" lon="-106.633391"><ele>3537.8</ele><time>2026-04-11T16:50:51Z</time></rtept><rtept lat="37.243984" lon="-106.633436"><ele>3535.6</ele><time>2026-04-11T16:50:51Z</time></rtept><rtept lat="37.243877" lon="-106.633524"><ele>3534.8</ele><time>2026-04-11T16:50:51Z</time></rtept><rtept lat="37.243818" lon="-106.633547"><ele>3533.0</ele><time>2026-04-11T16:50:51Z</time></rtept><rtept lat="37.24376" lon="-106.633534"><ele>3531.0</ele><time>2026-04-11T16:50:51Z</time></rtept><rtept lat="37.243651" lon="-106.633449"><ele>3525.4</ele><time>2026-04-11T16:50:51Z</time></rtept><rtept lat="37.243613" lon="-106.633429"><ele>3525.4</ele><time>2026-04-11T16:50:51Z</time></rtept><rtept lat="37.243345" lon="-106.633399"><ele>3521.4</ele><time>2026-04-11T16:50:51Z</time></rtept><rtept lat="37.243256" lon="-106.633469"><ele>3519.6</ele><time>2026-04-11T16:50:51Z</time></rtept><rtept lat="37.243059" lon="-106.633555"><ele>3517.2</ele><time>2026-04-11T16:50:51Z</time></rtept><rtept lat="37.243018" lon="-106.633588"><ele>3518.0</ele><time>2026-04-11T16:50:51Z</time></rtept><rtept lat="37.242986" lon="-106.633592"><ele>3518.0</ele><time>2026-04-11T16:50:51Z</time></rtept><rtept lat="37.24294" lon="-106.633636"><ele>3516.0</ele><time>2026-04-11T16:50:51Z</time></rtept><rtept lat="37.242902" lon="-106.633657"><ele>3518.2</ele><time>2026-04-11T16:50:51Z</time></rtept><rtept lat="37.2428" lon="-106.633692"><ele>3514.0</ele><time>2026-04-11T16:50:51Z</time></rtept><rtept lat="37.242769" lon="-106.633652"><ele>3514.0</ele><time>2026-04-11T16:50:51Z</time></rtept><rtept lat="37.242817" lon="-106.633576"><ele>3512.0</ele><time>2026-04-11T16:50:51Z</time></rtept><rtept lat="37.242859" lon="-106.633464"><ele>3509.2</ele><time>2026-04-11T16:50:51Z</time></rtept><rtept lat="37.242892" lon="-106.633411"><ele>3509.2</ele><time>2026-04-11T16:50:51Z</time></rtept><rtept lat="37.243005" lon="-106.633174"><ele>3503.4</ele><time>2026-04-11T16:50:51Z</time></rtept><rtept lat="37.243041" lon="-106.633036"><ele>3499.6</ele><time>2026-04-11T16:50:51Z</time></rtept><rtept lat="37.243274" lon="-106.632654"><ele>3501.2</ele><time>2026-04-11T16:50:51Z</time></rtept><rtept lat="37.243323" lon="-106.632514"><ele>3500.8</ele><time>2026-04-11T16:50:51Z</time></rtept><rtept lat="37.243342" lon="-106.632437"><ele>3500.2</ele><time>2026-04-11T16:50:51Z</time></rtept><rtept lat="37.243366" lon="-106.63218"><ele>3501.6</ele><time>2026-04-11T16:50:51Z</time></rtept><rtept lat="37.243356" lon="-106.63211"><ele>3501.6</ele><time>2026-04-11T16:50:51Z</time></rtept><rtept lat="37.243309" lon="-106.632045"><ele>3500.8</ele><time>2026-04-11T16:50:51Z</time></rtept><rtept lat="37.243249" lon="-106.632003"><ele>3501.4</ele><time>2026-04-11T16:50:51Z</time></rtept><rtept lat="37.243188" lon="-106.631979"><ele>3498.2</ele><time>2026-04-11T16:50:51Z</time></rtept><rtept lat="37.243123" lon="-106.631969"><ele>3496.8</ele><time>2026-04-11T16:50:51Z</time></rtept><rtept lat="37.24303" lon="-106.631881"><ele>3496.2</ele><time>2026-04-11T16:50:51Z</time></rtept><rtept lat="37.242985" lon="-106.631868"><ele>3496.2</ele><time>2026-04-11T16:50:51Z</time></rtept><rtept lat="37.242944" lon="-106.63188"><ele>3496.2</ele><time>2026-04-11T16:50:51Z</time></rtept><rtept lat="37.242789" lon="-106.63187"><ele>3496.6</ele><time>2026-04-11T16:50:51Z</time></rtept><rtept lat="37.242749" lon="-106.631854"><ele>3496.8</ele><time>2026-04-11T16:50:51Z</time></rtept><rtept lat="37.242706" lon="-106.631852"><ele>3496.8</ele><time>2026-04-11T16:50:51Z</time></rtept><rtept lat="37.242489" lon="-106.631886"><ele>3500.6</ele><time>2026-04-11T16:50:51Z</time></rtept><rtept lat="37.242424" lon="-106.631874"><ele>3500.6</ele><time>2026-04-11T16:50:51Z</time></rtept><rtept lat="37.24231" lon="-106.631781"><ele>3498.8</ele><time>2026-04-11T16:50:51Z</time></rtept><rtept lat="37.242273" lon="-106.631734"><ele>3496.2</ele><time>2026-04-11T16:50:51Z</time></rtept><rtept lat="37.242154" lon="-106.631675"><ele>3496.2</ele><time>2026-04-11T16:50:51Z</time></rtept><rtept lat="37.242096" lon="-106.631636"><ele>3496.4</ele><time>2026-04-11T16:50:51Z</time></rtept><rtept lat="37.242035" lon="-106.631623"><ele>3497.6</ele><time>2026-04-11T16:50:51Z</time></rtept><rtept lat="37.241919" lon="-106.631573"><ele>3498.6</ele><time>2026-04-11T16:50:51Z</time></rtept><rtept lat="37.241732" lon="-106.631579"><ele>3501.0</ele><time>2026-04-11T16:50:51Z</time></rtept><rtept lat="37.241669" lon="-106.631554"><ele>3502.4</ele><time>2026-04-11T16:50:51Z</time></rtept><rtept lat="37.241638" lon="-106.631476"><ele>3501.4</ele><time>2026-04-11T16:50:51Z</time></rtept><rtept lat="37.24163" lon="-106.631402"><ele>3500.8</ele><time>2026-04-11T16:50:51Z</time></rtept><rtept lat="37.241579" lon="-106.631352"><ele>3503.4</ele><time>2026-04-11T16:50:51Z</time></rtept><rtept lat="37.24154" lon="-106.631279"><ele>3502.6</ele><time>2026-04-11T16:50:51Z</time></rtept><rtept lat="37.241444" lon="-106.63105"><ele>3504.0</ele><time>2026-04-11T16:50:51Z</time></rtept><rtept lat="37.241415" lon="-106.630885"><ele>3500.8</ele><time>2026-04-11T16:50:51Z</time></rtept><rtept lat="37.241321" lon="-106.63079"><ele>3504.8</ele><time>2026-04-11T16:50:51Z</time></rtept><rtept lat="37.241102" lon="-106.630649"><ele>3509.6</ele><time>2026-04-11T16:50:51Z</time></rtept><rtept lat="37.24104" lon="-106.630599"><ele>3508.8</ele><time>2026-04-11T16:50:51Z</time></rtept><rtept lat="37.240954" lon="-106.630435"><ele>3503.8</ele><time>2026-04-11T16:50:51Z</time></rtept><rtept lat="37.240892" lon="-106.630385"><ele>3505.2</ele><time>2026-04-11T16:50:51Z</time></rtept><rtept lat="37.240825" lon="-106.630372"><ele>3502.6</ele><time>2026-04-11T16:50:51Z</time></rtept><rtept lat="37.24077" lon="-106.630382"><ele>3503.4</ele><time>2026-04-11T16:50:51Z</time></rtept><rtept lat="37.240707" lon="-106.630412"><ele>3509.0</ele><time>2026-04-11T16:50:51Z</time></rtept><rtept lat="37.24065" lon="-106.630424"><ele>3509.0</ele><time>2026-04-11T16:50:51Z</time></rtept><rtept lat="37.24058" lon="-106.630421"><ele>3509.8</ele><time>2026-04-11T16:50:51Z</time></rtept><rtept lat="37.240501" lon="-106.630433"><ele>3511.0</ele><time>2026-04-11T16:50:51Z</time></rtept><rtept lat="37.24042" lon="-106.630425"><ele>3511.4</ele><time>2026-04-11T16:50:51Z</time></rtept><rtept lat="37.240346" lon="-106.630401"><ele>3512.0</ele><time>2026-04-11T16:50:51Z</time></rtept><rtept lat="37.240293" lon="-106.630361"><ele>3509.6</ele><time>2026-04-11T16:50:51Z</time></rtept><rtept lat="37.240172" lon="-106.630318"><ele>3511.0</ele><time>2026-04-11T16:50:51Z</time></rtept><rtept lat="37.240121" lon="-106.630277"><ele>3510.0</ele><time>2026-04-11T16:50:51Z</time></rtept><rtept lat="37.240023" lon="-106.630127"><ele>3511.4</ele><time>2026-04-11T16:50:51Z</time></rtept><rtept lat="37.239914" lon="-106.630052"><ele>3510.2</ele><time>2026-04-11T16:50:51Z</time></rtept><rtept lat="37.239746" lon="-106.629979"><ele>3510.8</ele><time>2026-04-11T16:50:51Z</time></rtept><rtept lat="37.239606" lon="-106.629965"><ele>3513.0</ele><time>2026-04-11T16:50:51Z</time></rtept><rtept lat="37.239366" lon="-106.629894"><ele>3511.8</ele><time>2026-04-11T16:50:51Z</time></rtept><rtept lat="37.239308" lon="-106.62986"><ele>3509.6</ele><time>2026-04-11T16:50:51Z</time></rtept><rtept lat="37.239149" lon="-106.629686"><ele>3508.2</ele><time>2026-04-11T16:50:51Z</time></rtept><rtept lat="37.23909" lon="-106.629657"><ele>3511.0</ele><time>2026-04-11T16:50:51Z</time></rtept><rtept lat="37.239025" lon="-106.62964"><ele>3512.6</ele><time>2026-04-11T16:50:51Z</time></rtept><rtept lat="37.238823" lon="-106.62962"><ele>3515.0</ele><time>2026-04-11T16:50:51Z</time></rtept><rtept lat="37.238626" lon="-106.629535"><ele>3512.8</ele><time>2026-04-11T16:50:51Z</time></rtept><rtept lat="37.238572" lon="-106.629473"><ele>3510.6</ele><time>2026-04-11T16:50:51Z</time></rtept><rtept lat="37.23844" lon="-106.629277"><ele>3509.0</ele><time>2026-04-11T16:50:51Z</time></rtept><rtept lat="37.238397" lon="-106.629235"><ele>3506.8</ele><time>2026-04-11T16:50:51Z</time></rtept><rtept lat="37.238334" lon="-106.629132"><ele>3506.0</ele><time>2026-04-11T16:50:51Z</time></rtept><rtept lat="37.238289" lon="-106.629082"><ele>3505.2</ele><time>2026-04-11T16:50:51Z</time></rtept><rtept lat="37.238179" lon="-106.629047"><ele>3507.2</ele><time>2026-04-11T16:50:51Z</time></rtept><rtept lat="37.238164" lon="-106.629014"><ele>3507.2</ele><time>2026-04-11T16:50:51Z</time></rtept><rtept lat="37.238083" lon="-106.628978"><ele>3505.8</ele><time>2026-04-11T16:50:51Z</time></rtept><rtept lat="37.238069" lon="-106.628917"><ele>3504.0</ele><time>2026-04-11T16:50:51Z</time></rtept><rtept lat="37.238067" lon="-106.628873"><ele>3504.0</ele><time>2026-04-11T16:50:51Z</time></rtept><rtept lat="37.238036" lon="-106.62882"><ele>3503.0</ele><time>2026-04-11T16:50:51Z</time></rtept><rtept lat="37.238008" lon="-106.628711"><ele>3501.6</ele><time>2026-04-11T16:50:51Z</time></rtept><rtept lat="37.237917" lon="-106.628623"><ele>3500.4</ele><time>2026-04-11T16:50:51Z</time></rtept><rtept lat="37.237866" lon="-106.628594"><ele>3500.6</ele><time>2026-04-11T16:50:51Z</time></rtept><rtept lat="37.237813" lon="-106.628503"><ele>3500.0</ele><time>2026-04-11T16:50:51Z</time></rtept><rtept lat="37.237743" lon="-106.628349"><ele>3498.6</ele><time>2026-04-11T16:50:51Z</time></rtept><rtept lat="37.237765" lon="-106.628076"><ele>3497.8</ele><time>2026-04-11T16:50:51Z</time></rtept></rte></gpx>