<?xml version="1.0" ?><gpx xmlns="http://www.topografix.com/GPX/1/1" creator="GaiaGPS" version="1.1" xmlns:xsi="http://www.w3.org/2001/XMLSchema-instance" xsi:schemaLocation="http://www.topografix.com/GPX/1/1 http://www.topografix.com/GPX/1/1/gpx.xsd"><rte><name>TD29:S7:D4 Blue Lake to Dipping Lakes</name><desc></desc><extensions><line xmlns="http://www.topografix.com/GPX/gpx_style/0/2"><color>FFEF00</color></line></extensions><rtept lat="37.237535" lon="-106.628725"><ele>3503.4000000000015</ele><time>2026-04-12T16:00:04Z</time></rtept><rtept lat="37.237294" lon="-106.628573"><ele>3501.4000000000015</ele><time>2026-04-12T16:00:04Z</time></rtept><rtept lat="37.237293" lon="-106.628573"><ele>3501.4000000000015</ele><time>2026-04-12T16:00:04Z</time></rtept><rtept lat="37.23724" lon="-106.628703"><ele>3503.6000000000004</ele><time>2026-04-12T16:00:04Z</time></rtept><rtept lat="37.237198" lon="-106.628764"><ele>3504.800000000001</ele><time>2026-04-12T16:00:04Z</time></rtept><rtept lat="37.237141" lon="-106.628823"><ele>3505.0</ele><time>2026-04-12T16:00:04Z</time></rtept><rtept lat="37.23706" lon="-106.628847"><ele>3506.800000000001</ele><time>2026-04-12T16:00:04Z</time></rtept><rtept lat="37.236994" lon="-106.62892"><ele>3507.2000000000007</ele><time>2026-04-12T16:00:04Z</time></rtept><rtept lat="37.236957" lon="-106.628977"><ele>3509.2000000000007</ele><time>2026-04-12T16:00:04Z</time></rtept><rtept lat="37.236909" lon="-106.629012"><ele>3510.6000000000004</ele><time>2026-04-12T16:00:04Z</time></rtept><rtept lat="37.236778" lon="-106.629028"><ele>3511.800000000001</ele><time>2026-04-12T16:00:04Z</time></rtept><rtept lat="37.236724" lon="-106.629013"><ele>3512.2000000000007</ele><time>2026-04-12T16:00:04Z</time></rtept><rtept lat="37.236399" lon="-106.629065"><ele>3514.0</ele><time>2026-04-12T16:00:04Z</time></rtept><rtept lat="37.236325" lon="-106.629051"><ele>3514.800000000001</ele><time>2026-04-12T16:00:04Z</time></rtept><rtept lat="37.236086" lon="-106.629034"><ele>3517.2000000000007</ele><time>2026-04-12T16:00:04Z</time></rtept><rtept lat="37.235834" lon="-106.629185"><ele>3518.4000000000015</ele><time>2026-04-12T16:00:04Z</time></rtept><rtept lat="37.235742" lon="-106.629295"><ele>3518.0</ele><time>2026-04-12T16:00:04Z</time></rtept><rtept lat="37.235701" lon="-106.629363"><ele>3517.2000000000007</ele><time>2026-04-12T16:00:04Z</time></rtept><rtept lat="37.235598" lon="-106.629472"><ele>3515.4000000000015</ele><time>2026-04-12T16:00:04Z</time></rtept><rtept lat="37.23529" lon="-106.629715"><ele>3513.800000000001</ele><time>2026-04-12T16:00:04Z</time></rtept><rtept lat="37.23526" lon="-106.629783"><ele>3514.6000000000004</ele><time>2026-04-12T16:00:04Z</time></rtept><rtept lat="37.235142" lon="-106.629874"><ele>3515.4000000000015</ele><time>2026-04-12T16:00:04Z</time></rtept><rtept lat="37.234896" lon="-106.630034"><ele>3514.2000000000007</ele><time>2026-04-12T16:00:04Z</time></rtept><rtept lat="37.234842" lon="-106.630037"><ele>3514.2000000000007</ele><time>2026-04-12T16:00:04Z</time></rtept><rtept lat="37.234771" lon="-106.630131"><ele>3515.800000000001</ele><time>2026-04-12T16:00:04Z</time></rtept><rtept lat="37.234695" lon="-106.630416"><ele>3517.0</ele><time>2026-04-12T16:00:04Z</time></rtept><rtept lat="37.234663" lon="-106.630478"><ele>3517.800000000001</ele><time>2026-04-12T16:00:04Z</time></rtept><rtept lat="37.234619" lon="-106.630519"><ele>3517.0</ele><time>2026-04-12T16:00:04Z</time></rtept><rtept lat="37.234511" lon="-106.630546"><ele>3516.4000000000015</ele><time>2026-04-12T16:00:04Z</time></rtept><rtept lat="37.234448" lon="-106.630531"><ele>3515.800000000001</ele><time>2026-04-12T16:00:04Z</time></rtept><rtept lat="37.234325" lon="-106.630476"><ele>3514.6000000000004</ele><time>2026-04-12T16:00:04Z</time></rtept><rtept lat="37.234224" lon="-106.630409"><ele>3513.4000000000015</ele><time>2026-04-12T16:00:04Z</time></rtept><rtept lat="37.234184" lon="-106.630392"><ele>3513.2000000000007</ele><time>2026-04-12T16:00:04Z</time></rtept><rtept lat="37.234138" lon="-106.630315"><ele>3512.800000000001</ele><time>2026-04-12T16:00:04Z</time></rtept><rtept lat="37.234083" lon="-106.630173"><ele>3513.0</ele><time>2026-04-12T16:00:04Z</time></rtept><rtept lat="37.233969" lon="-106.62977"><ele>3512.0</ele><time>2026-04-12T16:00:04Z</time></rtept><rtept lat="37.233955" lon="-106.629687"><ele>3512.0</ele><time>2026-04-12T16:00:04Z</time></rtept><rtept lat="37.233943" lon="-106.62959"><ele>3512.6000000000004</ele><time>2026-04-12T16:00:04Z</time></rtept><rtept lat="37.233926" lon="-106.62931"><ele>3512.4000000000015</ele><time>2026-04-12T16:00:04Z</time></rtept><rtept lat="37.233929" lon="-106.629225"><ele>3512.2000000000007</ele><time>2026-04-12T16:00:04Z</time></rtept><rtept lat="37.233885" lon="-106.628997"><ele>3511.0</ele><time>2026-04-12T16:00:04Z</time></rtept><rtept lat="37.233823" lon="-106.62894"><ele>3511.4000000000015</ele><time>2026-04-12T16:00:04Z</time></rtept><rtept lat="37.23376" lon="-106.628898"><ele>3511.4000000000015</ele><time>2026-04-12T16:00:04Z</time></rtept><rtept lat="37.233698" lon="-106.628877"><ele>3512.0</ele><time>2026-04-12T16:00:04Z</time></rtept><rtept lat="37.233618" lon="-106.628764"><ele>3512.0</ele><time>2026-04-12T16:00:04Z</time></rtept><rtept lat="37.233594" lon="-106.628693"><ele>3512.6000000000004</ele><time>2026-04-12T16:00:04Z</time></rtept><rtept lat="37.23352" lon="-106.628356"><ele>3513.6000000000004</ele><time>2026-04-12T16:00:04Z</time></rtept><rtept lat="37.233508" lon="-106.62826"><ele>3513.2000000000007</ele><time>2026-04-12T16:00:04Z</time></rtept><rtept lat="37.233515" lon="-106.628054"><ele>3511.2000000000007</ele><time>2026-04-12T16:00:04Z</time></rtept><rtept lat="37.2335" lon="-106.627979"><ele>3510.6000000000004</ele><time>2026-04-12T16:00:04Z</time></rtept><rtept lat="37.233432" lon="-106.627748"><ele>3512.4000000000015</ele><time>2026-04-12T16:00:04Z</time></rtept><rtept lat="37.233319" lon="-106.627545"><ele>3515.800000000001</ele><time>2026-04-12T16:00:04Z</time></rtept><rtept lat="37.233294" lon="-106.627427"><ele>3515.4000000000015</ele><time>2026-04-12T16:00:04Z</time></rtept><rtept lat="37.233279" lon="-106.627349"><ele>3515.0</ele><time>2026-04-12T16:00:04Z</time></rtept><rtept lat="37.233275" lon="-106.627136"><ele>3514.6000000000004</ele><time>2026-04-12T16:00:04Z</time></rtept><rtept lat="37.233236" lon="-106.626909"><ele>3516.2000000000007</ele><time>2026-04-12T16:00:04Z</time></rtept><rtept lat="37.233229" lon="-106.626749"><ele>3516.2000000000007</ele><time>2026-04-12T16:00:04Z</time></rtept><rtept lat="37.233217" lon="-106.626665"><ele>3515.800000000001</ele><time>2026-04-12T16:00:04Z</time></rtept><rtept lat="37.233148" lon="-106.626427"><ele>3515.2000000000007</ele><time>2026-04-12T16:00:04Z</time></rtept><rtept lat="37.233053" lon="-106.626303"><ele>3517.2000000000007</ele><time>2026-04-12T16:00:04Z</time></rtept><rtept lat="37.232959" lon="-106.626249"><ele>3518.2000000000007</ele><time>2026-04-12T16:00:04Z</time></rtept><rtept lat="37.232735" lon="-106.626086"><ele>3522.6000000000004</ele><time>2026-04-12T16:00:04Z</time></rtept><rtept lat="37.232682" lon="-106.6259"><ele>3524.6000000000004</ele><time>2026-04-12T16:00:04Z</time></rtept><rtept lat="37.232705" lon="-106.625859"><ele>3524.6000000000004</ele><time>2026-04-12T16:00:04Z</time></rtept><rtept lat="37.232746" lon="-106.625817"><ele>3523.800000000001</ele><time>2026-04-12T16:00:04Z</time></rtept><rtept lat="37.232791" lon="-106.62579"><ele>3521.800000000001</ele><time>2026-04-12T16:00:04Z</time></rtept><rtept lat="37.23283" lon="-106.625733"><ele>3522.800000000001</ele><time>2026-04-12T16:00:04Z</time></rtept><rtept lat="37.232882" lon="-106.625595"><ele>3521.800000000001</ele><time>2026-04-12T16:00:04Z</time></rtept><rtept lat="37.232916" lon="-106.62554"><ele>3523.0</ele><time>2026-04-12T16:00:04Z</time></rtept><rtept lat="37.232999" lon="-106.625445"><ele>3521.4000000000015</ele><time>2026-04-12T16:00:04Z</time></rtept><rtept lat="37.233138" lon="-106.625327"><ele>3519.800000000001</ele><time>2026-04-12T16:00:04Z</time></rtept><rtept lat="37.233173" lon="-106.625266"><ele>3521.4000000000015</ele><time>2026-04-12T16:00:04Z</time></rtept><rtept lat="37.233178" lon="-106.625208"><ele>3523.0</ele><time>2026-04-12T16:00:04Z</time></rtept><rtept lat="37.233154" lon="-106.625139"><ele>3524.2000000000007</ele><time>2026-04-12T16:00:04Z</time></rtept><rtept lat="37.233169" lon="-106.625067"><ele>3524.2000000000007</ele><time>2026-04-12T16:00:04Z</time></rtept><rtept lat="37.233255" lon="-106.624872"><ele>3524.6000000000004</ele><time>2026-04-12T16:00:04Z</time></rtept><rtept lat="37.233303" lon="-106.624822"><ele>3522.2000000000007</ele><time>2026-04-12T16:00:04Z</time></rtept><rtept lat="37.233368" lon="-106.62484"><ele>3519.800000000001</ele><time>2026-04-12T16:00:04Z</time></rtept><rtept lat="37.233422" lon="-106.624809"><ele>3517.2000000000007</ele><time>2026-04-12T16:00:04Z</time></rtept><rtept lat="37.233446" lon="-106.624747"><ele>3518.0</ele><time>2026-04-12T16:00:04Z</time></rtept><rtept lat="37.233344" lon="-106.62463"><ele>3522.800000000001</ele><time>2026-04-12T16:00:04Z</time></rtept><rtept lat="37.233352" lon="-106.624529"><ele>3524.4000000000015</ele><time>2026-04-12T16:00:04Z</time></rtept><rtept lat="37.233392" lon="-106.624411"><ele>3526.2000000000007</ele><time>2026-04-12T16:00:04Z</time></rtept><rtept lat="37.233446" lon="-106.624417"><ele>3524.6000000000004</ele><time>2026-04-12T16:00:04Z</time></rtept><rtept lat="37.233514" lon="-106.624389"><ele>3522.800000000001</ele><time>2026-04-12T16:00:04Z</time></rtept><rtept lat="37.233671" lon="-106.624227"><ele>3523.4000000000015</ele><time>2026-04-12T16:00:04Z</time></rtept><rtept lat="37.233706" lon="-106.62416"><ele>3523.4000000000015</ele><time>2026-04-12T16:00:04Z</time></rtept><rtept lat="37.233837" lon="-106.623959"><ele>3520.6000000000004</ele><time>2026-04-12T16:00:04Z</time></rtept><rtept lat="37.233861" lon="-106.623879"><ele>3521.6000000000004</ele><time>2026-04-12T16:00:04Z</time></rtept><rtept lat="37.233903" lon="-106.623801"><ele>3519.4000000000015</ele><time>2026-04-12T16:00:04Z</time></rtept><rtept lat="37.233915" lon="-106.623722"><ele>3520.2000000000007</ele><time>2026-04-12T16:00:04Z</time></rtept><rtept lat="37.233884" lon="-106.623662"><ele>3520.6000000000004</ele><time>2026-04-12T16:00:04Z</time></rtept><rtept lat="37.233835" lon="-106.623614"><ele>3521.800000000001</ele><time>2026-04-12T16:00:04Z</time></rtept><rtept lat="37.233764" lon="-106.623514"><ele>3523.0</ele><time>2026-04-12T16:00:04Z</time></rtept><rtept lat="37.233713" lon="-106.623472"><ele>3523.800000000001</ele><time>2026-04-12T16:00:04Z</time></rtept><rtept lat="37.233678" lon="-106.623403"><ele>3524.0</ele><time>2026-04-12T16:00:04Z</time></rtept><rtept lat="37.233675" lon="-106.623324"><ele>3525.0</ele><time>2026-04-12T16:00:04Z</time></rtept><rtept lat="37.233633" lon="-106.623101"><ele>3524.6000000000004</ele><time>2026-04-12T16:00:04Z</time></rtept><rtept lat="37.233627" lon="-106.622833"><ele>3524.4000000000015</ele><time>2026-04-12T16:00:04Z</time></rtept><rtept lat="37.233597" lon="-106.622765"><ele>3525.6000000000004</ele><time>2026-04-12T16:00:04Z</time></rtept><rtept lat="37.233569" lon="-106.622636"><ele>3525.800000000001</ele><time>2026-04-12T16:00:04Z</time></rtept><rtept lat="37.233519" lon="-106.622501"><ele>3527.2000000000007</ele><time>2026-04-12T16:00:04Z</time></rtept><rtept lat="37.233492" lon="-106.622369"><ele>3527.4000000000015</ele><time>2026-04-12T16:00:04Z</time></rtept><rtept lat="37.233457" lon="-106.622278"><ele>3529.0</ele><time>2026-04-12T16:00:04Z</time></rtept><rtept lat="37.233483" lon="-106.622198"><ele>3527.4000000000015</ele><time>2026-04-12T16:00:04Z</time></rtept><rtept lat="37.23355" lon="-106.622077"><ele>3525.6000000000004</ele><time>2026-04-12T16:00:04Z</time></rtept><rtept lat="37.233566" lon="-106.621916"><ele>3524.800000000001</ele><time>2026-04-12T16:00:04Z</time></rtept><rtept lat="37.233552" lon="-106.621779"><ele>3522.2000000000007</ele><time>2026-04-12T16:00:04Z</time></rtept><rtept lat="37.233534" lon="-106.621765"><ele>3524.0</ele><time>2026-04-12T16:00:04Z</time></rtept><rtept lat="37.233535" lon="-106.621667"><ele>3522.2000000000007</ele><time>2026-04-12T16:00:04Z</time></rtept><rtept lat="37.23352" lon="-106.62159"><ele>3520.2000000000007</ele><time>2026-04-12T16:00:04Z</time></rtept><rtept lat="37.233485" lon="-106.621538"><ele>3518.0</ele><time>2026-04-12T16:00:04Z</time></rtept><rtept lat="37.233432" lon="-106.621497"><ele>3519.6000000000004</ele><time>2026-04-12T16:00:04Z</time></rtept><rtept lat="37.233373" lon="-106.621502"><ele>3521.2000000000007</ele><time>2026-04-12T16:00:04Z</time></rtept><rtept lat="37.23331" lon="-106.621472"><ele>3522.6000000000004</ele><time>2026-04-12T16:00:04Z</time></rtept><rtept lat="37.233146" lon="-106.621418"><ele>3522.800000000001</ele><time>2026-04-12T16:00:04Z</time></rtept><rtept lat="37.23303" lon="-106.621399"><ele>3525.2000000000007</ele><time>2026-04-12T16:00:04Z</time></rtept><rtept lat="37.232967" lon="-106.62138"><ele>3526.2000000000007</ele><time>2026-04-12T16:00:04Z</time></rtept><rtept lat="37.232797" lon="-106.621273"><ele>3523.800000000001</ele><time>2026-04-12T16:00:04Z</time></rtept><rtept lat="37.232363" lon="-106.62121"><ele>3529.0</ele><time>2026-04-12T16:00:04Z</time></rtept><rtept lat="37.232235" lon="-106.621171"><ele>3527.4000000000015</ele><time>2026-04-12T16:00:04Z</time></rtept><rtept lat="37.232063" lon="-106.621098"><ele>3525.6000000000004</ele><time>2026-04-12T16:00:04Z</time></rtept><rtept lat="37.231914" lon="-106.621067"><ele>3527.0</ele><time>2026-04-12T16:00:04Z</time></rtept><rtept lat="37.231865" lon="-106.621047"><ele>3528.0</ele><time>2026-04-12T16:00:04Z</time></rtept><rtept lat="37.23182" lon="-106.621041"><ele>3529.0</ele><time>2026-04-12T16:00:04Z</time></rtept><rtept lat="37.23177" lon="-106.62105"><ele>3529.0</ele><time>2026-04-12T16:00:04Z</time></rtept><rtept lat="37.231674" lon="-106.621022"><ele>3529.4000000000015</ele><time>2026-04-12T16:00:04Z</time></rtept><rtept lat="37.231572" lon="-106.621042"><ele>3532.2000000000007</ele><time>2026-04-12T16:00:04Z</time></rtept><rtept lat="37.231516" lon="-106.621038"><ele>3533.2000000000007</ele><time>2026-04-12T16:00:04Z</time></rtept><rtept lat="37.231458" lon="-106.621"><ele>3532.4000000000015</ele><time>2026-04-12T16:00:04Z</time></rtept><rtept lat="37.231268" lon="-106.620847"><ele>3531.800000000001</ele><time>2026-04-12T16:00:04Z</time></rtept><rtept lat="37.231092" lon="-106.620744"><ele>3531.2000000000007</ele><time>2026-04-12T16:00:04Z</time></rtept><rtept lat="37.230976" lon="-106.620651"><ele>3530.800000000001</ele><time>2026-04-12T16:00:04Z</time></rtept><rtept lat="37.230918" lon="-106.620621"><ele>3531.4000000000015</ele><time>2026-04-12T16:00:04Z</time></rtept><rtept lat="37.230861" lon="-106.620612"><ele>3532.2000000000007</ele><time>2026-04-12T16:00:04Z</time></rtept><rtept lat="37.230734" lon="-106.620543"><ele>3532.2000000000007</ele><time>2026-04-12T16:00:04Z</time></rtept><rtept lat="37.230604" lon="-106.620501"><ele>3530.800000000001</ele><time>2026-04-12T16:00:04Z</time></rtept><rtept lat="37.230481" lon="-106.620437"><ele>3531.2000000000007</ele><time>2026-04-12T16:00:04Z</time></rtept><rtept lat="37.23042" lon="-106.620415"><ele>3529.2000000000007</ele><time>2026-04-12T16:00:04Z</time></rtept><rtept lat="37.230179" lon="-106.620444"><ele>3533.6000000000004</ele><time>2026-04-12T16:00:04Z</time></rtept><rtept lat="37.23006" lon="-106.620392"><ele>3532.0</ele><time>2026-04-12T16:00:04Z</time></rtept><rtept lat="37.229884" lon="-106.620384"><ele>3534.4000000000015</ele><time>2026-04-12T16:00:04Z</time></rtept><rtept lat="37.229873" lon="-106.620373"><ele>3534.4000000000015</ele><time>2026-04-12T16:00:04Z</time></rtept><rtept lat="37.229852" lon="-106.620243"><ele>3532.4000000000015</ele><time>2026-04-12T16:00:04Z</time></rtept><rtept lat="37.229829" lon="-106.620178"><ele>3533.4000000000015</ele><time>2026-04-12T16:00:04Z</time></rtept><rtept lat="37.229777" lon="-106.620145"><ele>3532.800000000001</ele><time>2026-04-12T16:00:04Z</time></rtept><rtept lat="37.229602" lon="-106.620073"><ele>3532.4000000000015</ele><time>2026-04-12T16:00:04Z</time></rtept><rtept lat="37.229542" lon="-106.62007"><ele>3532.800000000001</ele><time>2026-04-12T16:00:04Z</time></rtept><rtept lat="37.229418" lon="-106.620043"><ele>3533.4000000000015</ele><time>2026-04-12T16:00:04Z</time></rtept><rtept lat="37.229301" lon="-106.620051"><ele>3534.2000000000007</ele><time>2026-04-12T16:00:04Z</time></rtept><rtept lat="37.229185" lon="-106.620084"><ele>3536.6000000000004</ele><time>2026-04-12T16:00:04Z</time></rtept><rtept lat="37.229129" lon="-106.62011"><ele>3536.800000000001</ele><time>2026-04-12T16:00:04Z</time></rtept><rtept lat="37.229079" lon="-106.620113"><ele>3537.0</ele><time>2026-04-12T16:00:04Z</time></rtept><rtept lat="37.228964" lon="-106.620097"><ele>3537.2000000000007</ele><time>2026-04-12T16:00:04Z</time></rtept><rtept lat="37.228692" lon="-106.619934"><ele>3538.0</ele><time>2026-04-12T16:00:04Z</time></rtept><rtept lat="37.228638" lon="-106.619894"><ele>3538.6000000000004</ele><time>2026-04-12T16:00:04Z</time></rtept><rtept lat="37.228454" lon="-106.619846"><ele>3541.4000000000015</ele><time>2026-04-12T16:00:04Z</time></rtept><rtept lat="37.228344" lon="-106.619797"><ele>3542.2000000000007</ele><time>2026-04-12T16:00:04Z</time></rtept><rtept lat="37.228244" lon="-106.619727"><ele>3542.4000000000015</ele><time>2026-04-12T16:00:04Z</time></rtept><rtept lat="37.228112" lon="-106.619555"><ele>3542.0</ele><time>2026-04-12T16:00:04Z</time></rtept><rtept lat="37.228022" lon="-106.619439"><ele>3541.800000000001</ele><time>2026-04-12T16:00:04Z</time></rtept><rtept lat="37.227875" lon="-106.619338"><ele>3542.2000000000007</ele><time>2026-04-12T16:00:04Z</time></rtept><rtept lat="37.227822" lon="-106.619293"><ele>3541.800000000001</ele><time>2026-04-12T16:00:04Z</time></rtept><rtept lat="37.227775" lon="-106.619241"><ele>3542.4000000000015</ele><time>2026-04-12T16:00:04Z</time></rtept><rtept lat="37.227719" lon="-106.619206"><ele>3541.800000000001</ele><time>2026-04-12T16:00:04Z</time></rtept><rtept lat="37.22767" lon="-106.619153"><ele>3541.800000000001</ele><time>2026-04-12T16:00:04Z</time></rtept><rtept lat="37.227443" lon="-106.618995"><ele>3542.4000000000015</ele><time>2026-04-12T16:00:04Z</time></rtept><rtept lat="37.227229" lon="-106.618786"><ele>3541.0</ele><time>2026-04-12T16:00:04Z</time></rtept><rtept lat="37.227145" lon="-106.618684"><ele>3540.6000000000004</ele><time>2026-04-12T16:00:04Z</time></rtept><rtept lat="37.227045" lon="-106.618616"><ele>3540.800000000001</ele><time>2026-04-12T16:00:04Z</time></rtept><rtept lat="37.226947" lon="-106.618532"><ele>3540.4000000000015</ele><time>2026-04-12T16:00:04Z</time></rtept><rtept lat="37.226837" lon="-106.618483"><ele>3542.2000000000007</ele><time>2026-04-12T16:00:04Z</time></rtept><rtept lat="37.226779" lon="-106.618447"><ele>3541.4000000000015</ele><time>2026-04-12T16:00:04Z</time></rtept><rtept lat="37.226725" lon="-106.618393"><ele>3542.2000000000007</ele><time>2026-04-12T16:00:04Z</time></rtept><rtept lat="37.226706" lon="-106.618319"><ele>3542.4000000000015</ele><time>2026-04-12T16:00:04Z</time></rtept><rtept lat="37.226726" lon="-106.618171"><ele>3540.4000000000015</ele><time>2026-04-12T16:00:04Z</time></rtept><rtept lat="37.226683" lon="-106.61804"><ele>3540.6000000000004</ele><time>2026-04-12T16:00:04Z</time></rtept><rtept lat="37.226641" lon="-106.617982"><ele>3539.800000000001</ele><time>2026-04-12T16:00:04Z</time></rtept><rtept lat="37.226534" lon="-106.61789"><ele>3540.0</ele><time>2026-04-12T16:00:04Z</time></rtept><rtept lat="37.226436" lon="-106.617789"><ele>3539.6000000000004</ele><time>2026-04-12T16:00:04Z</time></rtept><rtept lat="37.226341" lon="-106.617671"><ele>3538.4000000000015</ele><time>2026-04-12T16:00:04Z</time></rtept><rtept lat="37.226287" lon="-106.617632"><ele>3538.6000000000004</ele><time>2026-04-12T16:00:04Z</time></rtept><rtept lat="37.226231" lon="-106.617607"><ele>3538.6000000000004</ele><time>2026-04-12T16:00:04Z</time></rtept><rtept lat="37.226166" lon="-106.617624"><ele>3539.0</ele><time>2026-04-12T16:00:04Z</time></rtept><rtept lat="37.22605" lon="-106.617674"><ele>3539.4000000000015</ele><time>2026-04-12T16:00:04Z</time></rtept><rtept lat="37.225992" lon="-106.617676"><ele>3539.6000000000004</ele><time>2026-04-12T16:00:04Z</time></rtept><rtept lat="37.225774" lon="-106.617585"><ele>3539.2000000000007</ele><time>2026-04-12T16:00:04Z</time></rtept><rtept lat="37.225723" lon="-106.617576"><ele>3540.0</ele><time>2026-04-12T16:00:04Z</time></rtept><rtept lat="37.225671" lon="-106.617534"><ele>3540.6000000000004</ele><time>2026-04-12T16:00:04Z</time></rtept><rtept lat="37.225583" lon="-106.617417"><ele>3539.0</ele><time>2026-04-12T16:00:04Z</time></rtept><rtept lat="37.225545" lon="-106.617354"><ele>3539.0</ele><time>2026-04-12T16:00:04Z</time></rtept><rtept lat="37.225515" lon="-106.617278"><ele>3538.4000000000015</ele><time>2026-04-12T16:00:04Z</time></rtept><rtept lat="37.225475" lon="-106.617214"><ele>3537.800000000001</ele><time>2026-04-12T16:00:04Z</time></rtept><rtept lat="37.225431" lon="-106.61716"><ele>3536.4000000000015</ele><time>2026-04-12T16:00:04Z</time></rtept><rtept lat="37.225319" lon="-106.617094"><ele>3537.4000000000015</ele><time>2026-04-12T16:00:04Z</time></rtept><rtept lat="37.225254" lon="-106.617081"><ele>3538.0</ele><time>2026-04-12T16:00:04Z</time></rtept><rtept lat="37.225198" lon="-106.617043"><ele>3537.6000000000004</ele><time>2026-04-12T16:00:04Z</time></rtept><rtept lat="37.225172" lon="-106.616966"><ele>3536.800000000001</ele><time>2026-04-12T16:00:04Z</time></rtept><rtept lat="37.225166" lon="-106.616888"><ele>3536.0</ele><time>2026-04-12T16:00:04Z</time></rtept><rtept lat="37.225188" lon="-106.616807"><ele>3535.2000000000007</ele><time>2026-04-12T16:00:04Z</time></rtept><rtept lat="37.225184" lon="-106.616725"><ele>3534.2000000000007</ele><time>2026-04-12T16:00:04Z</time></rtept><rtept lat="37.225165" lon="-106.616693"><ele>3534.2000000000007</ele><time>2026-04-12T16:00:04Z</time></rtept><rtept lat="37.225045" lon="-106.616588"><ele>3535.2000000000007</ele><time>2026-04-12T16:00:04Z</time></rtept><rtept lat="37.224989" lon="-106.61654"><ele>3535.0</ele><time>2026-04-12T16:00:04Z</time></rtept><rtept lat="37.224727" lon="-106.616412"><ele>3536.2000000000007</ele><time>2026-04-12T16:00:04Z</time></rtept><rtept lat="37.224568" lon="-106.616348"><ele>3536.4000000000015</ele><time>2026-04-12T16:00:04Z</time></rtept><rtept lat="37.224455" lon="-106.616339"><ele>3537.0</ele><time>2026-04-12T16:00:04Z</time></rtept><rtept lat="37.224313" lon="-106.616361"><ele>3538.4000000000015</ele><time>2026-04-12T16:00:04Z</time></rtept><rtept lat="37.224191" lon="-106.616359"><ele>3538.6000000000004</ele><time>2026-04-12T16:00:04Z</time></rtept><rtept lat="37.223966" lon="-106.616342"><ele>3540.800000000001</ele><time>2026-04-12T16:00:04Z</time></rtept><rtept lat="37.223896" lon="-106.616344"><ele>3541.6000000000004</ele><time>2026-04-12T16:00:04Z</time></rtept><rtept lat="37.223829" lon="-106.616316"><ele>3542.6000000000004</ele><time>2026-04-12T16:00:04Z</time></rtept><rtept lat="37.223778" lon="-106.616254"><ele>3540.800000000001</ele><time>2026-04-12T16:00:04Z</time></rtept><rtept lat="37.223582" lon="-106.616117"><ele>3540.800000000001</ele><time>2026-04-12T16:00:04Z</time></rtept><rtept lat="37.223408" lon="-106.615965"><ele>3541.6000000000004</ele><time>2026-04-12T16:00:04Z</time></rtept><rtept lat="37.223142" lon="-106.615648"><ele>3539.0</ele><time>2026-04-12T16:00:04Z</time></rtept><rtept lat="37.223003" lon="-106.615552"><ele>3539.4000000000015</ele><time>2026-04-12T16:00:04Z</time></rtept><rtept lat="37.222889" lon="-106.615518"><ele>3539.2000000000007</ele><time>2026-04-12T16:00:04Z</time></rtept><rtept lat="37.222838" lon="-106.615463"><ele>3539.6000000000004</ele><time>2026-04-12T16:00:04Z</time></rtept><rtept lat="37.222789" lon="-106.615429"><ele>3539.4000000000015</ele><time>2026-04-12T16:00:04Z</time></rtept><rtept lat="37.222707" lon="-106.615319"><ele>3539.0</ele><time>2026-04-12T16:00:04Z</time></rtept><rtept lat="37.222618" lon="-106.615235"><ele>3538.6000000000004</ele><time>2026-04-12T16:00:04Z</time></rtept><rtept lat="37.222594" lon="-106.615174"><ele>3538.4000000000015</ele><time>2026-04-12T16:00:04Z</time></rtept><rtept lat="37.222525" lon="-106.615112"><ele>3538.800000000001</ele><time>2026-04-12T16:00:04Z</time></rtept><rtept lat="37.222478" lon="-106.615082"><ele>3538.0</ele><time>2026-04-12T16:00:04Z</time></rtept><rtept lat="37.222415" lon="-106.615085"><ele>3538.6000000000004</ele><time>2026-04-12T16:00:04Z</time></rtept><rtept lat="37.222375" lon="-106.61505"><ele>3539.0</ele><time>2026-04-12T16:00:04Z</time></rtept><rtept lat="37.222335" lon="-106.614995"><ele>3538.2000000000007</ele><time>2026-04-12T16:00:04Z</time></rtept><rtept lat="37.222254" lon="-106.614798"><ele>3537.4000000000015</ele><time>2026-04-12T16:00:04Z</time></rtept><rtept lat="37.222205" lon="-106.614778"><ele>3537.4000000000015</ele><time>2026-04-12T16:00:04Z</time></rtept><rtept lat="37.222095" lon="-106.614783"><ele>3538.2000000000007</ele><time>2026-04-12T16:00:04Z</time></rtept><rtept lat="37.222041" lon="-106.614777"><ele>3538.4000000000015</ele><time>2026-04-12T16:00:04Z</time></rtept><rtept lat="37.221935" lon="-106.61473"><ele>3537.800000000001</ele><time>2026-04-12T16:00:04Z</time></rtept><rtept lat="37.221759" lon="-106.614739"><ele>3538.800000000001</ele><time>2026-04-12T16:00:04Z</time></rtept><rtept lat="37.221649" lon="-106.614732"><ele>3539.2000000000007</ele><time>2026-04-12T16:00:04Z</time></rtept><rtept lat="37.221631" lon="-106.614717"><ele>3539.800000000001</ele><time>2026-04-12T16:00:04Z</time></rtept><rtept lat="37.221538" lon="-106.614628"><ele>3539.2000000000007</ele><time>2026-04-12T16:00:04Z</time></rtept><rtept lat="37.22152" lon="-106.614599"><ele>3539.2000000000007</ele><time>2026-04-12T16:00:04Z</time></rtept><rtept lat="37.221499" lon="-106.61453"><ele>3539.4000000000015</ele><time>2026-04-12T16:00:04Z</time></rtept><rtept lat="37.221506" lon="-106.614451"><ele>3538.800000000001</ele><time>2026-04-12T16:00:04Z</time></rtept><rtept lat="37.221547" lon="-106.614317"><ele>3537.6000000000004</ele><time>2026-04-12T16:00:04Z</time></rtept><rtept lat="37.221527" lon="-106.614257"><ele>3537.6000000000004</ele><time>2026-04-12T16:00:04Z</time></rtept><rtept lat="37.221369" lon="-106.613933"><ele>3537.800000000001</ele><time>2026-04-12T16:00:04Z</time></rtept><rtept lat="37.221176" lon="-106.613603"><ele>3536.6000000000004</ele><time>2026-04-12T16:00:04Z</time></rtept><rtept lat="37.220976" lon="-106.613211"><ele>3535.800000000001</ele><time>2026-04-12T16:00:04Z</time></rtept><rtept lat="37.220934" lon="-106.61314"><ele>3536.4000000000015</ele><time>2026-04-12T16:00:04Z</time></rtept><rtept lat="37.220843" lon="-106.613035"><ele>3535.4000000000015</ele><time>2026-04-12T16:00:04Z</time></rtept><rtept lat="37.220773" lon="-106.612911"><ele>3535.2000000000007</ele><time>2026-04-12T16:00:04Z</time></rtept><rtept lat="37.219827" lon="-106.611693"><ele>3539.4000000000015</ele><time>2026-04-12T16:00:04Z</time></rtept><rtept lat="37.220264" lon="-106.611194"><ele>3537.2000000000007</ele><time>2026-04-12T16:00:04Z</time></rtept><rtept lat="37.220674" lon="-106.611297"><ele>3532.6000000000004</ele><time>2026-04-12T16:00:04Z</time></rtept><rtept lat="37.221187" lon="-106.610587"><ele>3527.2000000000007</ele><time>2026-04-12T16:00:04Z</time></rtept><rtept lat="37.221036" lon="-106.610303"><ele>3527.0</ele><time>2026-04-12T16:00:04Z</time></rtept><rtept lat="37.220841" lon="-106.610057"><ele>3527.2000000000007</ele><time>2026-04-12T16:00:04Z</time></rtept><rtept lat="37.220575" lon="-106.609856"><ele>3528.4000000000015</ele><time>2026-04-12T16:00:04Z</time></rtept><rtept lat="37.220484" lon="-106.609742"><ele>3528.4000000000015</ele><time>2026-04-12T16:00:04Z</time></rtept><rtept lat="37.220453" lon="-106.609717"><ele>3528.4000000000015</ele><time>2026-04-12T16:00:04Z</time></rtept><rtept lat="37.220409" lon="-106.609641"><ele>3529.0</ele><time>2026-04-12T16:00:04Z</time></rtept><rtept lat="37.220251" lon="-106.609485"><ele>3531.0</ele><time>2026-04-12T16:00:04Z</time></rtept><rtept lat="37.220017" lon="-106.609306"><ele>3532.800000000001</ele><time>2026-04-12T16:00:04Z</time></rtept><rtept lat="37.219805" lon="-106.609156"><ele>3534.2000000000007</ele><time>2026-04-12T16:00:04Z</time></rtept><rtept lat="37.219669" lon="-106.609033"><ele>3534.800000000001</ele><time>2026-04-12T16:00:04Z</time></rtept><rtept lat="37.219654" lon="-106.609011"><ele>3534.2000000000007</ele><time>2026-04-12T16:00:04Z</time></rtept><rtept lat="37.219576" lon="-106.608952"><ele>3535.2000000000007</ele><time>2026-04-12T16:00:04Z</time></rtept><rtept lat="37.219446" lon="-106.608887"><ele>3535.6000000000004</ele><time>2026-04-12T16:00:04Z</time></rtept><rtept lat="37.219244" lon="-106.608805"><ele>3535.0</ele><time>2026-04-12T16:00:04Z</time></rtept><rtept lat="37.219128" lon="-106.608714"><ele>3535.6000000000004</ele><time>2026-04-12T16:00:04Z</time></rtept><rtept lat="37.219066" lon="-106.608682"><ele>3534.6000000000004</ele><time>2026-04-12T16:00:04Z</time></rtept><rtept lat="37.218977" lon="-106.608603"><ele>3533.800000000001</ele><time>2026-04-12T16:00:04Z</time></rtept><rtept lat="37.21893" lon="-106.608529"><ele>3535.4000000000015</ele><time>2026-04-12T16:00:04Z</time></rtept><rtept lat="37.218893" lon="-106.608485"><ele>3535.2000000000007</ele><time>2026-04-12T16:00:04Z</time></rtept><rtept lat="37.218826" lon="-106.608438"><ele>3534.0</ele><time>2026-04-12T16:00:04Z</time></rtept><rtept lat="37.218822" lon="-106.608367"><ele>3535.2000000000007</ele><time>2026-04-12T16:00:04Z</time></rtept><rtept lat="37.218767" lon="-106.608265"><ele>3535.6000000000004</ele><time>2026-04-12T16:00:04Z</time></rtept><rtept lat="37.218648" lon="-106.608244"><ele>3534.800000000001</ele><time>2026-04-12T16:00:04Z</time></rtept><rtept lat="37.218453" lon="-106.608154"><ele>3534.4000000000015</ele><time>2026-04-12T16:00:04Z</time></rtept><rtept lat="37.218416" lon="-106.608108"><ele>3536.4000000000015</ele><time>2026-04-12T16:00:04Z</time></rtept><rtept lat="37.218344" lon="-106.608058"><ele>3538.800000000001</ele><time>2026-04-12T16:00:04Z</time></rtept><rtept lat="37.218158" lon="-106.608009"><ele>3534.4000000000015</ele><time>2026-04-12T16:00:04Z</time></rtept><rtept lat="37.217841" lon="-106.607768"><ele>3536.2000000000007</ele><time>2026-04-12T16:00:04Z</time></rtept><rtept lat="37.21779" lon="-106.607717"><ele>3537.2000000000007</ele><time>2026-04-12T16:00:04Z</time></rtept><rtept lat="37.217797" lon="-106.607662"><ele>3537.2000000000007</ele><time>2026-04-12T16:00:04Z</time></rtept><rtept lat="37.217768" lon="-106.607497"><ele>3544.0</ele><time>2026-04-12T16:00:04Z</time></rtept><rtept lat="37.21774" lon="-106.607427"><ele>3545.2000000000007</ele><time>2026-04-12T16:00:04Z</time></rtept><rtept lat="37.21756" lon="-106.6072"><ele>3551.2000000000007</ele><time>2026-04-12T16:00:04Z</time></rtept><rtept lat="37.217374" lon="-106.606979"><ele>3552.0</ele><time>2026-04-12T16:00:04Z</time></rtept><rtept lat="37.217244" lon="-106.60694"><ele>3551.6000000000004</ele><time>2026-04-12T16:00:04Z</time></rtept><rtept lat="37.21717" lon="-106.606902"><ele>3550.0</ele><time>2026-04-12T16:00:04Z</time></rtept><rtept lat="37.216954" lon="-106.606694"><ele>3552.6000000000004</ele><time>2026-04-12T16:00:04Z</time></rtept><rtept lat="37.216912" lon="-106.606638"><ele>3555.2000000000007</ele><time>2026-04-12T16:00:04Z</time></rtept><rtept lat="37.216787" lon="-106.606565"><ele>3556.2000000000007</ele><time>2026-04-12T16:00:04Z</time></rtept><rtept lat="37.216646" lon="-106.606506"><ele>3557.6000000000004</ele><time>2026-04-12T16:00:04Z</time></rtept><rtept lat="37.216457" lon="-106.606478"><ele>3555.800000000001</ele><time>2026-04-12T16:00:04Z</time></rtept><rtept lat="37.216332" lon="-106.606415"><ele>3557.800000000001</ele><time>2026-04-12T16:00:04Z</time></rtept><rtept lat="37.216114" lon="-106.606384"><ele>3556.0</ele><time>2026-04-12T16:00:04Z</time></rtept><rtept lat="37.216051" lon="-106.606366"><ele>3555.6000000000004</ele><time>2026-04-12T16:00:04Z</time></rtept><rtept lat="37.215832" lon="-106.606348"><ele>3557.800000000001</ele><time>2026-04-12T16:00:04Z</time></rtept><rtept lat="37.215698" lon="-106.606318"><ele>3557.2000000000007</ele><time>2026-04-12T16:00:04Z</time></rtept><rtept lat="37.215625" lon="-106.606321"><ele>3557.2000000000007</ele><time>2026-04-12T16:00:04Z</time></rtept><rtept lat="37.215436" lon="-106.606294"><ele>3557.0</ele><time>2026-04-12T16:00:04Z</time></rtept><rtept lat="37.215389" lon="-106.606306"><ele>3557.0</ele><time>2026-04-12T16:00:04Z</time></rtept><rtept lat="37.215292" lon="-106.606279"><ele>3557.0</ele><time>2026-04-12T16:00:04Z</time></rtept><rtept lat="37.215229" lon="-106.606284"><ele>3557.0</ele><time>2026-04-12T16:00:04Z</time></rtept><rtept lat="37.215094" lon="-106.606272"><ele>3557.0</ele><time>2026-04-12T16:00:04Z</time></rtept><rtept lat="37.215029" lon="-106.606253"><ele>3560.800000000001</ele><time>2026-04-12T16:00:04Z</time></rtept><rtept lat="37.214913" lon="-106.606185"><ele>3560.800000000001</ele><time>2026-04-12T16:00:04Z</time></rtept><rtept lat="37.214702" lon="-106.606143"><ele>3564.4000000000015</ele><time>2026-04-12T16:00:04Z</time></rtept><rtept lat="37.21463" lon="-106.60614"><ele>3564.4000000000015</ele><time>2026-04-12T16:00:04Z</time></rtept><rtept lat="37.214555" lon="-106.606151"><ele>3564.6000000000004</ele><time>2026-04-12T16:00:04Z</time></rtept><rtept lat="37.214492" lon="-106.606136"><ele>3564.6000000000004</ele><time>2026-04-12T16:00:04Z</time></rtept><rtept lat="37.214301" lon="-106.606127"><ele>3565.2000000000007</ele><time>2026-04-12T16:00:04Z</time></rtept><rtept lat="37.21417" lon="-106.606131"><ele>3565.800000000001</ele><time>2026-04-12T16:00:04Z</time></rtept><rtept lat="37.214029" lon="-106.606105"><ele>3566.4000000000015</ele><time>2026-04-12T16:00:04Z</time></rtept><rtept lat="37.21381" lon="-106.606134"><ele>3567.4000000000015</ele><time>2026-04-12T16:00:04Z</time></rtept><rtept lat="37.213762" lon="-106.606119"><ele>3567.800000000001</ele><time>2026-04-12T16:00:04Z</time></rtept><rtept lat="37.213683" lon="-106.606127"><ele>3568.2000000000007</ele><time>2026-04-12T16:00:04Z</time></rtept><rtept lat="37.213372" lon="-106.606187"><ele>3565.6000000000004</ele><time>2026-04-12T16:00:04Z</time></rtept><rtept lat="37.213252" lon="-106.6062"><ele>3566.0</ele><time>2026-04-12T16:00:04Z</time></rtept><rtept lat="37.213133" lon="-106.606185"><ele>3566.4000000000015</ele><time>2026-04-12T16:00:04Z</time></rtept><rtept lat="37.213052" lon="-106.606185"><ele>3566.6000000000004</ele><time>2026-04-12T16:00:04Z</time></rtept><rtept lat="37.212984" lon="-106.606171"><ele>3571.0</ele><time>2026-04-12T16:00:04Z</time></rtept><rtept lat="37.212853" lon="-106.606217"><ele>3566.2000000000007</ele><time>2026-04-12T16:00:04Z</time></rtept><rtept lat="37.212711" lon="-106.606192"><ele>3565.4000000000015</ele><time>2026-04-12T16:00:04Z</time></rtept><rtept lat="37.212651" lon="-106.606164"><ele>3569.6000000000004</ele><time>2026-04-12T16:00:04Z</time></rtept><rtept lat="37.212511" lon="-106.606142"><ele>3568.6000000000004</ele><time>2026-04-12T16:00:04Z</time></rtept><rtept lat="37.212451" lon="-106.606097"><ele>3568.2000000000007</ele><time>2026-04-12T16:00:04Z</time></rtept><rtept lat="37.212384" lon="-106.606076"><ele>3572.4000000000015</ele><time>2026-04-12T16:00:04Z</time></rtept><rtept lat="37.212248" lon="-106.606103"><ele>3567.800000000001</ele><time>2026-04-12T16:00:04Z</time></rtept><rtept lat="37.212181" lon="-106.6061"><ele>3567.800000000001</ele><time>2026-04-12T16:00:04Z</time></rtept><rtept lat="37.211936" lon="-106.606075"><ele>3573.0</ele><time>2026-04-12T16:00:04Z</time></rtept><rtept lat="37.211778" lon="-106.606038"><ele>3573.4000000000015</ele><time>2026-04-12T16:00:04Z</time></rtept><rtept lat="37.211582" lon="-106.606085"><ele>3574.2000000000007</ele><time>2026-04-12T16:00:04Z</time></rtept><rtept lat="37.211379" lon="-106.606099"><ele>3570.800000000001</ele><time>2026-04-12T16:00:04Z</time></rtept><rtept lat="37.211246" lon="-106.606091"><ele>3574.2000000000007</ele><time>2026-04-12T16:00:04Z</time></rtept><rtept lat="37.211179" lon="-106.606071"><ele>3574.2000000000007</ele><time>2026-04-12T16:00:04Z</time></rtept><rtept lat="37.211118" lon="-106.60604"><ele>3574.2000000000007</ele><time>2026-04-12T16:00:04Z</time></rtept><rtept lat="37.210924" lon="-106.605887"><ele>3579.2000000000007</ele><time>2026-04-12T16:00:04Z</time></rtept><rtept lat="37.210805" lon="-106.605831"><ele>3580.6000000000004</ele><time>2026-04-12T16:00:04Z</time></rtept><rtept lat="37.2107" lon="-106.605764"><ele>3579.0</ele><time>2026-04-12T16:00:04Z</time></rtept><rtept lat="37.210644" lon="-106.605755"><ele>3578.0</ele><time>2026-04-12T16:00:04Z</time></rtept><rtept lat="37.210457" lon="-106.605753"><ele>3576.0</ele><time>2026-04-12T16:00:04Z</time></rtept><rtept lat="37.210392" lon="-106.60574"><ele>3577.800000000001</ele><time>2026-04-12T16:00:04Z</time></rtept><rtept lat="37.21033" lon="-106.605691"><ele>3576.800000000001</ele><time>2026-04-12T16:00:04Z</time></rtept><rtept lat="37.210232" lon="-106.605584"><ele>3577.800000000001</ele><time>2026-04-12T16:00:04Z</time></rtept><rtept lat="37.210178" lon="-106.605545"><ele>3580.2000000000007</ele><time>2026-04-12T16:00:04Z</time></rtept><rtept lat="37.210009" lon="-106.605446"><ele>3580.6000000000004</ele><time>2026-04-12T16:00:04Z</time></rtept><rtept lat="37.209959" lon="-106.605433"><ele>3580.2000000000007</ele><time>2026-04-12T16:00:04Z</time></rtept><rtept lat="37.209852" lon="-106.605366"><ele>3581.800000000001</ele><time>2026-04-12T16:00:04Z</time></rtept><rtept lat="37.20981" lon="-106.605315"><ele>3582.6000000000004</ele><time>2026-04-12T16:00:04Z</time></rtept><rtept lat="37.209751" lon="-106.60516"><ele>3583.2000000000007</ele><time>2026-04-12T16:00:04Z</time></rtept><rtept lat="37.209712" lon="-106.604848"><ele>3587.0</ele><time>2026-04-12T16:00:04Z</time></rtept><rtept lat="37.209695" lon="-106.604777"><ele>3588.2000000000007</ele><time>2026-04-12T16:00:04Z</time></rtept><rtept lat="37.209599" lon="-106.604586"><ele>3588.2000000000007</ele><time>2026-04-12T16:00:04Z</time></rtept><rtept lat="37.209569" lon="-106.604446"><ele>3589.2000000000007</ele><time>2026-04-12T16:00:04Z</time></rtept><rtept lat="37.209575" lon="-106.604372"><ele>3589.800000000001</ele><time>2026-04-12T16:00:04Z</time></rtept><rtept lat="37.209663" lon="-106.604155"><ele>3592.6000000000004</ele><time>2026-04-12T16:00:04Z</time></rtept><rtept lat="37.209705" lon="-106.604096"><ele>3594.4000000000015</ele><time>2026-04-12T16:00:04Z</time></rtept><rtept lat="37.209737" lon="-106.60403"><ele>3594.800000000001</ele><time>2026-04-12T16:00:04Z</time></rtept><rtept lat="37.209771" lon="-106.603879"><ele>3596.0</ele><time>2026-04-12T16:00:04Z</time></rtept><rtept lat="37.20984" lon="-106.603747"><ele>3596.800000000001</ele><time>2026-04-12T16:00:04Z</time></rtept><rtept lat="37.209895" lon="-106.603694"><ele>3597.800000000001</ele><time>2026-04-12T16:00:04Z</time></rtept><rtept lat="37.209887" lon="-106.60363"><ele>3596.6000000000004</ele><time>2026-04-12T16:00:04Z</time></rtept><rtept lat="37.209731" lon="-106.603504"><ele>3597.2000000000007</ele><time>2026-04-12T16:00:04Z</time></rtept><rtept lat="37.209572" lon="-106.603428"><ele>3597.0</ele><time>2026-04-12T16:00:04Z</time></rtept><rtept lat="37.209474" lon="-106.603333"><ele>3598.6000000000004</ele><time>2026-04-12T16:00:04Z</time></rtept><rtept lat="37.209349" lon="-106.603257"><ele>3600.0</ele><time>2026-04-12T16:00:04Z</time></rtept><rtept lat="37.209258" lon="-106.603158"><ele>3603.2000000000007</ele><time>2026-04-12T16:00:04Z</time></rtept><rtept lat="37.209197" lon="-106.603114"><ele>3604.800000000001</ele><time>2026-04-12T16:00:04Z</time></rtept><rtept lat="37.209182" lon="-106.603062"><ele>3605.2000000000007</ele><time>2026-04-12T16:00:04Z</time></rtept><rtept lat="37.209179" lon="-106.602973"><ele>3605.800000000001</ele><time>2026-04-12T16:00:04Z</time></rtept><rtept lat="37.209184" lon="-106.602943"><ele>3605.800000000001</ele><time>2026-04-12T16:00:04Z</time></rtept><rtept lat="37.209255" lon="-106.602838"><ele>3605.4000000000015</ele><time>2026-04-12T16:00:04Z</time></rtept><rtept lat="37.209346" lon="-106.60275"><ele>3604.800000000001</ele><time>2026-04-12T16:00:04Z</time></rtept><rtept lat="37.209379" lon="-106.602695"><ele>3605.6000000000004</ele><time>2026-04-12T16:00:04Z</time></rtept><rtept lat="37.209423" lon="-106.602575"><ele>3606.0</ele><time>2026-04-12T16:00:04Z</time></rtept><rtept lat="37.209432" lon="-106.602442"><ele>3607.2000000000007</ele><time>2026-04-12T16:00:04Z</time></rtept><rtept lat="37.209482" lon="-106.602248"><ele>3608.4000000000015</ele><time>2026-04-12T16:00:04Z</time></rtept><rtept lat="37.209539" lon="-106.601851"><ele>3611.800000000001</ele><time>2026-04-12T16:00:04Z</time></rtept><rtept lat="37.20956" lon="-106.601779"><ele>3612.2000000000007</ele><time>2026-04-12T16:00:04Z</time></rtept><rtept lat="37.209563" lon="-106.601703"><ele>3612.800000000001</ele><time>2026-04-12T16:00:04Z</time></rtept><rtept lat="37.209516" lon="-106.601408"><ele>3615.4000000000015</ele><time>2026-04-12T16:00:04Z</time></rtept><rtept lat="37.20951" lon="-106.601336"><ele>3616.2000000000007</ele><time>2026-04-12T16:00:04Z</time></rtept><rtept lat="37.209476" lon="-106.601199"><ele>3618.4000000000015</ele><time>2026-04-12T16:00:04Z</time></rtept><rtept lat="37.209449" lon="-106.601134"><ele>3618.4000000000015</ele><time>2026-04-12T16:00:04Z</time></rtept><rtept lat="37.209414" lon="-106.601076"><ele>3618.800000000001</ele><time>2026-04-12T16:00:04Z</time></rtept><rtept lat="37.209117" lon="-106.600897"><ele>3622.4000000000015</ele><time>2026-04-12T16:00:04Z</time></rtept><rtept lat="37.208808" lon="-106.600758"><ele>3622.2000000000007</ele><time>2026-04-12T16:00:04Z</time></rtept><rtept lat="37.208682" lon="-106.600753"><ele>3622.6000000000004</ele><time>2026-04-12T16:00:04Z</time></rtept><rtept lat="37.208556" lon="-106.600706"><ele>3622.800000000001</ele><time>2026-04-12T16:00:04Z</time></rtept><rtept lat="37.20839" lon="-106.600685"><ele>3623.0</ele><time>2026-04-12T16:00:04Z</time></rtept><rtept lat="37.208154" lon="-106.600637"><ele>3623.800000000001</ele><time>2026-04-12T16:00:04Z</time></rtept><rtept lat="37.207988" lon="-106.600557"><ele>3624.4000000000015</ele><time>2026-04-12T16:00:04Z</time></rtept><rtept lat="37.207941" lon="-106.600516"><ele>3624.6000000000004</ele><time>2026-04-12T16:00:04Z</time></rtept><rtept lat="37.207762" lon="-106.600447"><ele>3625.0</ele><time>2026-04-12T16:00:04Z</time></rtept><rtept lat="37.207629" lon="-106.600421"><ele>3625.2000000000007</ele><time>2026-04-12T16:00:04Z</time></rtept><rtept lat="37.207566" lon="-106.600433"><ele>3625.2000000000007</ele><time>2026-04-12T16:00:04Z</time></rtept><rtept lat="37.207494" lon="-106.600413"><ele>3625.2000000000007</ele><time>2026-04-12T16:00:04Z</time></rtept><rtept lat="37.207309" lon="-106.600315"><ele>3625.4000000000015</ele><time>2026-04-12T16:00:04Z</time></rtept><rtept lat="37.207218" lon="-106.600192"><ele>3625.2000000000007</ele><time>2026-04-12T16:00:04Z</time></rtept><rtept lat="37.207173" lon="-106.600147"><ele>3625.4000000000015</ele><time>2026-04-12T16:00:04Z</time></rtept><rtept lat="37.207113" lon="-106.600102"><ele>3625.2000000000007</ele><time>2026-04-12T16:00:04Z</time></rtept><rtept lat="37.206872" lon="-106.599976"><ele>3624.800000000001</ele><time>2026-04-12T16:00:04Z</time></rtept><rtept lat="37.206735" lon="-106.599926"><ele>3624.4000000000015</ele><time>2026-04-12T16:00:04Z</time></rtept><rtept lat="37.206674" lon="-106.599915"><ele>3624.4000000000015</ele><time>2026-04-12T16:00:04Z</time></rtept><rtept lat="37.206552" lon="-106.599936"><ele>3624.2000000000007</ele><time>2026-04-12T16:00:04Z</time></rtept><rtept lat="37.206491" lon="-106.599926"><ele>3624.2000000000007</ele><time>2026-04-12T16:00:04Z</time></rtept><rtept lat="37.206422" lon="-106.599905"><ele>3624.6000000000004</ele><time>2026-04-12T16:00:04Z</time></rtept><rtept lat="37.20622" lon="-106.599813"><ele>3624.800000000001</ele><time>2026-04-12T16:00:04Z</time></rtept><rtept lat="37.206012" lon="-106.59957"><ele>3625.2000000000007</ele><time>2026-04-12T16:00:04Z</time></rtept><rtept lat="37.205957" lon="-106.599494"><ele>3625.6000000000004</ele><time>2026-04-12T16:00:04Z</time></rtept><rtept lat="37.205882" lon="-106.599366"><ele>3626.2000000000007</ele><time>2026-04-12T16:00:04Z</time></rtept><rtept lat="37.205764" lon="-106.599199"><ele>3627.0</ele><time>2026-04-12T16:00:04Z</time></rtept><rtept lat="37.205565" lon="-106.598977"><ele>3627.4000000000015</ele><time>2026-04-12T16:00:04Z</time></rtept><rtept lat="37.205534" lon="-106.598933"><ele>3627.800000000001</ele><time>2026-04-12T16:00:04Z</time></rtept><rtept lat="37.205385" lon="-106.598775"><ele>3628.4000000000015</ele><time>2026-04-12T16:00:04Z</time></rtept><rtept lat="37.205345" lon="-106.59871"><ele>3628.6000000000004</ele><time>2026-04-12T16:00:04Z</time></rtept><rtept lat="37.205328" lon="-106.598621"><ele>3628.800000000001</ele><time>2026-04-12T16:00:04Z</time></rtept><rtept lat="37.205323" lon="-106.598522"><ele>3629.2000000000007</ele><time>2026-04-12T16:00:04Z</time></rtept><rtept lat="37.205279" lon="-106.598391"><ele>3629.4000000000015</ele><time>2026-04-12T16:00:04Z</time></rtept><rtept lat="37.205242" lon="-106.598374"><ele>3629.2000000000007</ele><time>2026-04-12T16:00:04Z</time></rtept><rtept lat="37.205153" lon="-106.598283"><ele>3629.4000000000015</ele><time>2026-04-12T16:00:04Z</time></rtept><rtept lat="37.205028" lon="-106.598208"><ele>3629.4000000000015</ele><time>2026-04-12T16:00:04Z</time></rtept><rtept lat="37.204876" lon="-106.598099"><ele>3630.2000000000007</ele><time>2026-04-12T16:00:04Z</time></rtept><rtept lat="37.204691" lon="-106.597915"><ele>3630.6000000000004</ele><time>2026-04-12T16:00:04Z</time></rtept><rtept lat="37.204623" lon="-106.597813"><ele>3631.4000000000015</ele><time>2026-04-12T16:00:04Z</time></rtept><rtept lat="37.20442" lon="-106.597651"><ele>3632.4000000000015</ele><time>2026-04-12T16:00:04Z</time></rtept><rtept lat="37.204301" lon="-106.597583"><ele>3633.0</ele><time>2026-04-12T16:00:04Z</time></rtept><rtept lat="37.204121" lon="-106.597565"><ele>3632.4000000000015</ele><time>2026-04-12T16:00:04Z</time></rtept><rtept lat="37.203944" lon="-106.597501"><ele>3632.0</ele><time>2026-04-12T16:00:04Z</time></rtept><rtept lat="37.203746" lon="-106.59746"><ele>3631.0</ele><time>2026-04-12T16:00:04Z</time></rtept><rtept lat="37.203697" lon="-106.597434"><ele>3630.4000000000015</ele><time>2026-04-12T16:00:04Z</time></rtept><rtept lat="37.203639" lon="-106.597432"><ele>3629.6000000000004</ele><time>2026-04-12T16:00:04Z</time></rtept><rtept lat="37.203464" lon="-106.597369"><ele>3628.4000000000015</ele><time>2026-04-12T16:00:04Z</time></rtept><rtept lat="37.203396" lon="-106.597357"><ele>3627.800000000001</ele><time>2026-04-12T16:00:04Z</time></rtept><rtept lat="37.203266" lon="-106.597315"><ele>3628.4000000000015</ele><time>2026-04-12T16:00:04Z</time></rtept><rtept lat="37.203122" lon="-106.597316"><ele>3627.2000000000007</ele><time>2026-04-12T16:00:04Z</time></rtept><rtept lat="37.20305" lon="-106.597299"><ele>3627.0</ele><time>2026-04-12T16:00:04Z</time></rtept><rtept lat="37.202911" lon="-106.597244"><ele>3627.4000000000015</ele><time>2026-04-12T16:00:04Z</time></rtept><rtept lat="37.202746" lon="-106.597131"><ele>3627.800000000001</ele><time>2026-04-12T16:00:04Z</time></rtept><rtept lat="37.202616" lon="-106.597079"><ele>3628.0</ele><time>2026-04-12T16:00:04Z</time></rtept><rtept lat="37.202516" lon="-106.596987"><ele>3628.4000000000015</ele><time>2026-04-12T16:00:04Z</time></rtept><rtept lat="37.202337" lon="-106.596864"><ele>3628.4000000000015</ele><time>2026-04-12T16:00:04Z</time></rtept><rtept lat="37.202226" lon="-106.596757"><ele>3628.4000000000015</ele><time>2026-04-12T16:00:04Z</time></rtept><rtept lat="37.202082" lon="-106.596725"><ele>3628.2000000000007</ele><time>2026-04-12T16:00:04Z</time></rtept><rtept lat="37.202015" lon="-106.596697"><ele>3627.800000000001</ele><time>2026-04-12T16:00:04Z</time></rtept><rtept lat="37.201961" lon="-106.596642"><ele>3627.800000000001</ele><time>2026-04-12T16:00:04Z</time></rtept><rtept lat="37.201942" lon="-106.596567"><ele>3627.800000000001</ele><time>2026-04-12T16:00:04Z</time></rtept><rtept lat="37.201969" lon="-106.596413"><ele>3629.2000000000007</ele><time>2026-04-12T16:00:04Z</time></rtept><rtept lat="37.20199" lon="-106.596342"><ele>3629.800000000001</ele><time>2026-04-12T16:00:04Z</time></rtept><rtept lat="37.201998" lon="-106.596274"><ele>3630.2000000000007</ele><time>2026-04-12T16:00:04Z</time></rtept><rtept lat="37.201981" lon="-106.596208"><ele>3630.800000000001</ele><time>2026-04-12T16:00:04Z</time></rtept><rtept lat="37.201928" lon="-106.596145"><ele>3630.4000000000015</ele><time>2026-04-12T16:00:04Z</time></rtept><rtept lat="37.201849" lon="-106.595988"><ele>3631.0</ele><time>2026-04-12T16:00:04Z</time></rtept><rtept lat="37.201807" lon="-106.595926"><ele>3631.2000000000007</ele><time>2026-04-12T16:00:04Z</time></rtept><rtept lat="37.201702" lon="-106.595825"><ele>3631.6000000000004</ele><time>2026-04-12T16:00:04Z</time></rtept><rtept lat="37.201523" lon="-106.595727"><ele>3631.0</ele><time>2026-04-12T16:00:04Z</time></rtept><rtept lat="37.201454" lon="-106.595696"><ele>3631.0</ele><time>2026-04-12T16:00:04Z</time></rtept><rtept lat="37.201324" lon="-106.595656"><ele>3630.0</ele><time>2026-04-12T16:00:04Z</time></rtept><rtept lat="37.201158" lon="-106.595578"><ele>3629.6000000000004</ele><time>2026-04-12T16:00:04Z</time></rtept><rtept lat="37.201021" lon="-106.595536"><ele>3628.6000000000004</ele><time>2026-04-12T16:00:04Z</time></rtept><rtept lat="37.200891" lon="-106.595467"><ele>3628.0</ele><time>2026-04-12T16:00:04Z</time></rtept><rtept lat="37.200833" lon="-106.595427"><ele>3628.0</ele><time>2026-04-12T16:00:04Z</time></rtept><rtept lat="37.200772" lon="-106.595292"><ele>3627.800000000001</ele><time>2026-04-12T16:00:04Z</time></rtept><rtept lat="37.20069" lon="-106.595157"><ele>3627.800000000001</ele><time>2026-04-12T16:00:04Z</time></rtept><rtept lat="37.200636" lon="-106.594996"><ele>3627.4000000000015</ele><time>2026-04-12T16:00:04Z</time></rtept><rtept lat="37.200598" lon="-106.594842"><ele>3627.4000000000015</ele><time>2026-04-12T16:00:04Z</time></rtept><rtept lat="37.200539" lon="-106.594381"><ele>3626.6000000000004</ele><time>2026-04-12T16:00:04Z</time></rtept><rtept lat="37.200491" lon="-106.594201"><ele>3626.2000000000007</ele><time>2026-04-12T16:00:04Z</time></rtept><rtept lat="37.200456" lon="-106.59413"><ele>3625.6000000000004</ele><time>2026-04-12T16:00:04Z</time></rtept><rtept lat="37.200261" lon="-106.593928"><ele>3625.4000000000015</ele><time>2026-04-12T16:00:04Z</time></rtept><rtept lat="37.200142" lon="-106.593847"><ele>3625.0</ele><time>2026-04-12T16:00:04Z</time></rtept><rtept lat="37.200077" lon="-106.593817"><ele>3625.0</ele><time>2026-04-12T16:00:04Z</time></rtept><rtept lat="37.199928" lon="-106.593795"><ele>3624.0</ele><time>2026-04-12T16:00:04Z</time></rtept><rtept lat="37.199653" lon="-106.593757"><ele>3622.0</ele><time>2026-04-12T16:00:04Z</time></rtept><rtept lat="37.199552" lon="-106.593719"><ele>3621.2000000000007</ele><time>2026-04-12T16:00:04Z</time></rtept><rtept lat="37.199414" lon="-106.593625"><ele>3620.800000000001</ele><time>2026-04-12T16:00:04Z</time></rtept><rtept lat="37.19924" lon="-106.593561"><ele>3620.6000000000004</ele><time>2026-04-12T16:00:04Z</time></rtept><rtept lat="37.199145" lon="-106.593477"><ele>3620.4000000000015</ele><time>2026-04-12T16:00:04Z</time></rtept><rtept lat="37.199056" lon="-106.593381"><ele>3621.2000000000007</ele><time>2026-04-12T16:00:04Z</time></rtept><rtept lat="37.198762" lon="-106.593124"><ele>3620.4000000000015</ele><time>2026-04-12T16:00:04Z</time></rtept><rtept lat="37.198617" lon="-106.593018"><ele>3620.0</ele><time>2026-04-12T16:00:04Z</time></rtept><rtept lat="37.198382" lon="-106.592919"><ele>3619.2000000000007</ele><time>2026-04-12T16:00:04Z</time></rtept><rtept lat="37.198207" lon="-106.592819"><ele>3619.0</ele><time>2026-04-12T16:00:04Z</time></rtept><rtept lat="37.198089" lon="-106.592737"><ele>3619.2000000000007</ele><time>2026-04-12T16:00:04Z</time></rtept><rtept lat="37.197993" lon="-106.592648"><ele>3619.2000000000007</ele><time>2026-04-12T16:00:04Z</time></rtept><rtept lat="37.197828" lon="-106.592554"><ele>3619.4000000000015</ele><time>2026-04-12T16:00:04Z</time></rtept><rtept lat="37.197695" lon="-106.5925"><ele>3619.4000000000015</ele><time>2026-04-12T16:00:04Z</time></rtept><rtept lat="37.197626" lon="-106.592482"><ele>3619.4000000000015</ele><time>2026-04-12T16:00:04Z</time></rtept><rtept lat="37.197482" lon="-106.59242"><ele>3619.6000000000004</ele><time>2026-04-12T16:00:04Z</time></rtept><rtept lat="37.197422" lon="-106.592368"><ele>3619.6000000000004</ele><time>2026-04-12T16:00:04Z</time></rtept><rtept lat="37.197337" lon="-106.592319"><ele>3620.0</ele><time>2026-04-12T16:00:04Z</time></rtept><rtept lat="37.197171" lon="-106.592273"><ele>3620.6000000000004</ele><time>2026-04-12T16:00:04Z</time></rtept><rtept lat="37.197104" lon="-106.592285"><ele>3620.2000000000007</ele><time>2026-04-12T16:00:04Z</time></rtept><rtept lat="37.197042" lon="-106.592309"><ele>3620.2000000000007</ele><time>2026-04-12T16:00:04Z</time></rtept><rtept lat="37.196981" lon="-106.592298"><ele>3620.2000000000007</ele><time>2026-04-12T16:00:04Z</time></rtept><rtept lat="37.196928" lon="-106.592262"><ele>3621.0</ele><time>2026-04-12T16:00:04Z</time></rtept><rtept lat="37.196874" lon="-106.592254"><ele>3621.0</ele><time>2026-04-12T16:00:04Z</time></rtept><rtept lat="37.196615" lon="-106.592252"><ele>3620.800000000001</ele><time>2026-04-12T16:00:04Z</time></rtept><rtept lat="37.196458" lon="-106.592195"><ele>3620.6000000000004</ele><time>2026-04-12T16:00:04Z</time></rtept><rtept lat="37.196355" lon="-106.592137"><ele>3621.6000000000004</ele><time>2026-04-12T16:00:04Z</time></rtept><rtept lat="37.196076" lon="-106.592096"><ele>3622.6000000000004</ele><time>2026-04-12T16:00:04Z</time></rtept><rtept lat="37.195964" lon="-106.592092"><ele>3622.4000000000015</ele><time>2026-04-12T16:00:04Z</time></rtept><rtept lat="37.19568" lon="-106.592043"><ele>3622.4000000000015</ele><time>2026-04-12T16:00:04Z</time></rtept><rtept lat="37.195624" lon="-106.592027"><ele>3622.4000000000015</ele><time>2026-04-12T16:00:04Z</time></rtept><rtept lat="37.195584" lon="-106.592003"><ele>3623.2000000000007</ele><time>2026-04-12T16:00:04Z</time></rtept><rtept lat="37.195541" lon="-106.592004"><ele>3623.2000000000007</ele><time>2026-04-12T16:00:04Z</time></rtept><rtept lat="37.195442" lon="-106.591984"><ele>3623.2000000000007</ele><time>2026-04-12T16:00:04Z</time></rtept><rtept lat="37.195306" lon="-106.591927"><ele>3623.800000000001</ele><time>2026-04-12T16:00:04Z</time></rtept><rtept lat="37.195256" lon="-106.591915"><ele>3623.800000000001</ele><time>2026-04-12T16:00:04Z</time></rtept><rtept lat="37.195169" lon="-106.59185"><ele>3624.0</ele><time>2026-04-12T16:00:04Z</time></rtept><rtept lat="37.195089" lon="-106.591761"><ele>3624.800000000001</ele><time>2026-04-12T16:00:04Z</time></rtept><rtept lat="37.195035" lon="-106.591739"><ele>3625.6000000000004</ele><time>2026-04-12T16:00:04Z</time></rtept><rtept lat="37.194939" lon="-106.591737"><ele>3626.0</ele><time>2026-04-12T16:00:04Z</time></rtept><rtept lat="37.194834" lon="-106.591772"><ele>3625.800000000001</ele><time>2026-04-12T16:00:04Z</time></rtept><rtept lat="37.194799" lon="-106.591753"><ele>3626.4000000000015</ele><time>2026-04-12T16:00:04Z</time></rtept><rtept lat="37.194749" lon="-106.591745"><ele>3626.6000000000004</ele><time>2026-04-12T16:00:04Z</time></rtept><rtept lat="37.194553" lon="-106.591689"><ele>3628.0</ele><time>2026-04-12T16:00:04Z</time></rtept><rtept lat="37.194442" lon="-106.591656"><ele>3629.0</ele><time>2026-04-12T16:00:04Z</time></rtept><rtept lat="37.19441" lon="-106.591658"><ele>3629.6000000000004</ele><time>2026-04-12T16:00:04Z</time></rtept><rtept lat="37.194374" lon="-106.591636"><ele>3629.6000000000004</ele><time>2026-04-12T16:00:04Z</time></rtept><rtept lat="37.194045" lon="-106.591637"><ele>3633.6000000000004</ele><time>2026-04-12T16:00:04Z</time></rtept><rtept lat="37.193754" lon="-106.591684"><ele>3636.800000000001</ele><time>2026-04-12T16:00:04Z</time></rtept><rtept lat="37.193601" lon="-106.591671"><ele>3638.0</ele><time>2026-04-12T16:00:04Z</time></rtept><rtept lat="37.193556" lon="-106.591685"><ele>3637.800000000001</ele><time>2026-04-12T16:00:04Z</time></rtept><rtept lat="37.193423" lon="-106.591691"><ele>3638.6000000000004</ele><time>2026-04-12T16:00:04Z</time></rtept><rtept lat="37.193307" lon="-106.591601"><ele>3640.4000000000015</ele><time>2026-04-12T16:00:04Z</time></rtept><rtept lat="37.193197" lon="-106.591569"><ele>3642.6000000000004</ele><time>2026-04-12T16:00:04Z</time></rtept><rtept lat="37.192952" lon="-106.591682"><ele>3643.4000000000015</ele><time>2026-04-12T16:00:04Z</time></rtept><rtept lat="37.19262" lon="-106.591924"><ele>3644.800000000001</ele><time>2026-04-12T16:00:04Z</time></rtept><rtept lat="37.192281" lon="-106.592106"><ele>3645.2000000000007</ele><time>2026-04-12T16:00:04Z</time></rtept><rtept lat="37.192134" lon="-106.592201"><ele>3645.6000000000004</ele><time>2026-04-12T16:00:04Z</time></rtept><rtept lat="37.192084" lon="-106.592243"><ele>3646.2000000000007</ele><time>2026-04-12T16:00:04Z</time></rtept><rtept lat="37.192027" lon="-106.592277"><ele>3646.2000000000007</ele><time>2026-04-12T16:00:04Z</time></rtept><rtept lat="37.19197" lon="-106.592298"><ele>3646.800000000001</ele><time>2026-04-12T16:00:04Z</time></rtept><rtept lat="37.191809" lon="-106.592398"><ele>3647.4000000000015</ele><time>2026-04-12T16:00:04Z</time></rtept><rtept lat="37.191691" lon="-106.59246"><ele>3648.0</ele><time>2026-04-12T16:00:04Z</time></rtept><rtept lat="37.191482" lon="-106.5926"><ele>3649.0</ele><time>2026-04-12T16:00:04Z</time></rtept><rtept lat="37.191248" lon="-106.592715"><ele>3647.800000000001</ele><time>2026-04-12T16:00:04Z</time></rtept><rtept lat="37.191194" lon="-106.59274"><ele>3648.6000000000004</ele><time>2026-04-12T16:00:04Z</time></rtept><rtept lat="37.191038" lon="-106.592768"><ele>3650.2000000000007</ele><time>2026-04-12T16:00:04Z</time></rtept><rtept lat="37.190893" lon="-106.592847"><ele>3649.800000000001</ele><time>2026-04-12T16:00:04Z</time></rtept><rtept lat="37.190791" lon="-106.592877"><ele>3649.2000000000007</ele><time>2026-04-12T16:00:04Z</time></rtept><rtept lat="37.190639" lon="-106.592956"><ele>3651.6000000000004</ele><time>2026-04-12T16:00:04Z</time></rtept><rtept lat="37.190582" lon="-106.592964"><ele>3650.4000000000015</ele><time>2026-04-12T16:00:04Z</time></rtept><rtept lat="37.190409" lon="-106.592944"><ele>3654.2000000000007</ele><time>2026-04-12T16:00:04Z</time></rtept><rtept lat="37.190122" lon="-106.593003"><ele>3654.6000000000004</ele><time>2026-04-12T16:00:04Z</time></rtept><rtept lat="37.190029" lon="-106.593067"><ele>3652.800000000001</ele><time>2026-04-12T16:00:04Z</time></rtept><rtept lat="37.189884" lon="-106.593144"><ele>3651.6000000000004</ele><time>2026-04-12T16:00:04Z</time></rtept><rtept lat="37.189786" lon="-106.593181"><ele>3653.2000000000007</ele><time>2026-04-12T16:00:04Z</time></rtept><rtept lat="37.189676" lon="-106.593189"><ele>3654.0</ele><time>2026-04-12T16:00:04Z</time></rtept><rtept lat="37.189624" lon="-106.59321"><ele>3655.0</ele><time>2026-04-12T16:00:04Z</time></rtept><rtept lat="37.18943" lon="-106.593333"><ele>3653.4000000000015</ele><time>2026-04-12T16:00:04Z</time></rtept><rtept lat="37.189312" lon="-106.593396"><ele>3653.2000000000007</ele><time>2026-04-12T16:00:04Z</time></rtept><rtept lat="37.189217" lon="-106.593426"><ele>3654.2000000000007</ele><time>2026-04-12T16:00:04Z</time></rtept><rtept lat="37.1891" lon="-106.593439"><ele>3656.0</ele><time>2026-04-12T16:00:04Z</time></rtept><rtept lat="37.189005" lon="-106.593428"><ele>3657.0</ele><time>2026-04-12T16:00:04Z</time></rtept><rtept lat="37.188908" lon="-106.593446"><ele>3657.800000000001</ele><time>2026-04-12T16:00:04Z</time></rtept><rtept lat="37.188658" lon="-106.593453"><ele>3660.4000000000015</ele><time>2026-04-12T16:00:04Z</time></rtept><rtept lat="37.188604" lon="-106.593464"><ele>3660.800000000001</ele><time>2026-04-12T16:00:04Z</time></rtept><rtept lat="37.188548" lon="-106.593454"><ele>3661.2000000000007</ele><time>2026-04-12T16:00:04Z</time></rtept><rtept lat="37.188373" lon="-106.593391"><ele>3662.0</ele><time>2026-04-12T16:00:04Z</time></rtept><rtept lat="37.188319" lon="-106.593388"><ele>3663.6000000000004</ele><time>2026-04-12T16:00:04Z</time></rtept><rtept lat="37.188155" lon="-106.593328"><ele>3664.4000000000015</ele><time>2026-04-12T16:00:04Z</time></rtept><rtept lat="37.188108" lon="-106.593299"><ele>3665.800000000001</ele><time>2026-04-12T16:00:04Z</time></rtept><rtept lat="37.187971" lon="-106.593269"><ele>3666.4000000000015</ele><time>2026-04-12T16:00:04Z</time></rtept><rtept lat="37.187892" lon="-106.593269"><ele>3666.6000000000004</ele><time>2026-04-12T16:00:04Z</time></rtept><rtept lat="37.187838" lon="-106.593279"><ele>3667.0</ele><time>2026-04-12T16:00:04Z</time></rtept><rtept lat="37.18778" lon="-106.593269"><ele>3667.2000000000007</ele><time>2026-04-12T16:00:04Z</time></rtept><rtept lat="37.187599" lon="-106.593276"><ele>3668.0</ele><time>2026-04-12T16:00:04Z</time></rtept><rtept lat="37.18752" lon="-106.593262"><ele>3668.2000000000007</ele><time>2026-04-12T16:00:04Z</time></rtept><rtept lat="37.187291" lon="-106.593257"><ele>3669.4000000000015</ele><time>2026-04-12T16:00:04Z</time></rtept><rtept lat="37.187174" lon="-106.593242"><ele>3670.6000000000004</ele><time>2026-04-12T16:00:04Z</time></rtept><rtept lat="37.187117" lon="-106.593251"><ele>3671.2000000000007</ele><time>2026-04-12T16:00:04Z</time></rtept><rtept lat="37.187061" lon="-106.593273"><ele>3671.2000000000007</ele><time>2026-04-12T16:00:04Z</time></rtept><rtept lat="37.186888" lon="-106.593353"><ele>3671.6000000000004</ele><time>2026-04-12T16:00:04Z</time></rtept><rtept lat="37.186795" lon="-106.593442"><ele>3670.4000000000015</ele><time>2026-04-12T16:00:04Z</time></rtept><rtept lat="37.186681" lon="-106.593494"><ele>3670.4000000000015</ele><time>2026-04-12T16:00:04Z</time></rtept><rtept lat="37.186511" lon="-106.59361"><ele>3670.4000000000015</ele><time>2026-04-12T16:00:04Z</time></rtept><rtept lat="37.186415" lon="-106.593704"><ele>3670.6000000000004</ele><time>2026-04-12T16:00:04Z</time></rtept><rtept lat="37.186246" lon="-106.593837"><ele>3669.4000000000015</ele><time>2026-04-12T16:00:04Z</time></rtept><rtept lat="37.186185" lon="-106.593869"><ele>3670.0</ele><time>2026-04-12T16:00:04Z</time></rtept><rtept lat="37.186124" lon="-106.593887"><ele>3670.4000000000015</ele><time>2026-04-12T16:00:04Z</time></rtept><rtept lat="37.186032" lon="-106.593884"><ele>3670.800000000001</ele><time>2026-04-12T16:00:04Z</time></rtept><rtept lat="37.185924" lon="-106.593824"><ele>3671.4000000000015</ele><time>2026-04-12T16:00:04Z</time></rtept><rtept lat="37.185787" lon="-106.593803"><ele>3673.2000000000007</ele><time>2026-04-12T16:00:04Z</time></rtept><rtept lat="37.185731" lon="-106.593797"><ele>3673.0</ele><time>2026-04-12T16:00:04Z</time></rtept><rtept lat="37.185679" lon="-106.593804"><ele>3672.800000000001</ele><time>2026-04-12T16:00:04Z</time></rtept><rtept lat="37.185632" lon="-106.593789"><ele>3672.800000000001</ele><time>2026-04-12T16:00:04Z</time></rtept><rtept lat="37.185479" lon="-106.593769"><ele>3672.0</ele><time>2026-04-12T16:00:04Z</time></rtept><rtept lat="37.185256" lon="-106.593785"><ele>3671.6000000000004</ele><time>2026-04-12T16:00:04Z</time></rtept><rtept lat="37.185145" lon="-106.593774"><ele>3671.6000000000004</ele><time>2026-04-12T16:00:04Z</time></rtept><rtept lat="37.185062" lon="-106.59381"><ele>3671.6000000000004</ele><time>2026-04-12T16:00:04Z</time></rtept><rtept lat="37.185034" lon="-106.593841"><ele>3670.800000000001</ele><time>2026-04-12T16:00:04Z</time></rtept><rtept lat="37.184995" lon="-106.593927"><ele>3670.800000000001</ele><time>2026-04-12T16:00:04Z</time></rtept><rtept lat="37.184956" lon="-106.593972"><ele>3670.800000000001</ele><time>2026-04-12T16:00:04Z</time></rtept><rtept lat="37.184913" lon="-106.593996"><ele>3671.2000000000007</ele><time>2026-04-12T16:00:04Z</time></rtept><rtept lat="37.184861" lon="-106.594002"><ele>3671.4000000000015</ele><time>2026-04-12T16:00:04Z</time></rtept><rtept lat="37.184589" lon="-106.594289"><ele>3675.2000000000007</ele><time>2026-04-12T16:00:04Z</time></rtept><rtept lat="37.184452" lon="-106.594409"><ele>3676.800000000001</ele><time>2026-04-12T16:00:04Z</time></rtept><rtept lat="37.184393" lon="-106.59444"><ele>3676.800000000001</ele><time>2026-04-12T16:00:04Z</time></rtept><rtept lat="37.184111" lon="-106.594476"><ele>3679.6000000000004</ele><time>2026-04-12T16:00:04Z</time></rtept><rtept lat="37.183984" lon="-106.594505"><ele>3680.2000000000007</ele><time>2026-04-12T16:00:04Z</time></rtept><rtept lat="37.183923" lon="-106.59453"><ele>3680.6000000000004</ele><time>2026-04-12T16:00:04Z</time></rtept><rtept lat="37.183869" lon="-106.594538"><ele>3681.0</ele><time>2026-04-12T16:00:04Z</time></rtept><rtept lat="37.18376" lon="-106.594584"><ele>3682.0</ele><time>2026-04-12T16:00:04Z</time></rtept><rtept lat="37.183649" lon="-106.594648"><ele>3682.4000000000015</ele><time>2026-04-12T16:00:04Z</time></rtept><rtept lat="37.183603" lon="-106.594704"><ele>3682.800000000001</ele><time>2026-04-12T16:00:04Z</time></rtept><rtept lat="37.183568" lon="-106.594782"><ele>3683.2000000000007</ele><time>2026-04-12T16:00:04Z</time></rtept><rtept lat="37.183543" lon="-106.594935"><ele>3683.0</ele><time>2026-04-12T16:00:04Z</time></rtept><rtept lat="37.183467" lon="-106.595064"><ele>3683.2000000000007</ele><time>2026-04-12T16:00:04Z</time></rtept><rtept lat="37.183349" lon="-106.595125"><ele>3683.4000000000015</ele><time>2026-04-12T16:00:04Z</time></rtept><rtept lat="37.183225" lon="-106.595136"><ele>3684.2000000000007</ele><time>2026-04-12T16:00:04Z</time></rtept><rtept lat="37.182985" lon="-106.595208"><ele>3686.2000000000007</ele><time>2026-04-12T16:00:04Z</time></rtept><rtept lat="37.182925" lon="-106.595216"><ele>3687.4000000000015</ele><time>2026-04-12T16:00:04Z</time></rtept><rtept lat="37.182809" lon="-106.595285"><ele>3689.4000000000015</ele><time>2026-04-12T16:00:04Z</time></rtept><rtept lat="37.182663" lon="-106.595402"><ele>3691.800000000001</ele><time>2026-04-12T16:00:04Z</time></rtept><rtept lat="37.182624" lon="-106.595458"><ele>3691.2000000000007</ele><time>2026-04-12T16:00:04Z</time></rtept><rtept lat="37.182591" lon="-106.59553"><ele>3693.0</ele><time>2026-04-12T16:00:04Z</time></rtept><rtept lat="37.182475" lon="-106.595627"><ele>3694.4000000000015</ele><time>2026-04-12T16:00:04Z</time></rtept><rtept lat="37.182321" lon="-106.595715"><ele>3695.6000000000004</ele><time>2026-04-12T16:00:04Z</time></rtept><rtept lat="37.182151" lon="-106.595748"><ele>3696.800000000001</ele><time>2026-04-12T16:00:04Z</time></rtept><rtept lat="37.182038" lon="-106.595783"><ele>3697.800000000001</ele><time>2026-04-12T16:00:04Z</time></rtept><rtept lat="37.181986" lon="-106.595778"><ele>3698.4000000000015</ele><time>2026-04-12T16:00:04Z</time></rtept><rtept lat="37.181887" lon="-106.595792"><ele>3698.800000000001</ele><time>2026-04-12T16:00:04Z</time></rtept><rtept lat="37.181792" lon="-106.595786"><ele>3699.0</ele><time>2026-04-12T16:00:04Z</time></rtept><rtept lat="37.181635" lon="-106.595749"><ele>3699.800000000001</ele><time>2026-04-12T16:00:04Z</time></rtept><rtept lat="37.18127" lon="-106.595601"><ele>3703.2000000000007</ele><time>2026-04-12T16:00:04Z</time></rtept><rtept lat="37.181216" lon="-106.595569"><ele>3703.6000000000004</ele><time>2026-04-12T16:00:04Z</time></rtept><rtept lat="37.181101" lon="-106.595576"><ele>3704.6000000000004</ele><time>2026-04-12T16:00:04Z</time></rtept><rtept lat="37.180986" lon="-106.595567"><ele>3705.0</ele><time>2026-04-12T16:00:04Z</time></rtept><rtept lat="37.18093" lon="-106.595573"><ele>3705.6000000000004</ele><time>2026-04-12T16:00:04Z</time></rtept><rtept lat="37.180751" lon="-106.595626"><ele>3707.2000000000007</ele><time>2026-04-12T16:00:04Z</time></rtept><rtept lat="37.180623" lon="-106.59563"><ele>3708.2000000000007</ele><time>2026-04-12T16:00:04Z</time></rtept><rtept lat="37.180501" lon="-106.595648"><ele>3708.800000000001</ele><time>2026-04-12T16:00:04Z</time></rtept><rtept lat="37.180281" lon="-106.595576"><ele>3710.800000000001</ele><time>2026-04-12T16:00:04Z</time></rtept><rtept lat="37.180162" lon="-106.59555"><ele>3711.4000000000015</ele><time>2026-04-12T16:00:04Z</time></rtept><rtept lat="37.17999" lon="-106.595457"><ele>3713.0</ele><time>2026-04-12T16:00:04Z</time></rtept><rtept lat="37.179836" lon="-106.595352"><ele>3714.4000000000015</ele><time>2026-04-12T16:00:04Z</time></rtept><rtept lat="37.179726" lon="-106.595299"><ele>3715.4000000000015</ele><time>2026-04-12T16:00:04Z</time></rtept><rtept lat="37.179501" lon="-106.595111"><ele>3717.4000000000015</ele><time>2026-04-12T16:00:04Z</time></rtept><rtept lat="37.179336" lon="-106.594996"><ele>3718.800000000001</ele><time>2026-04-12T16:00:04Z</time></rtept><rtept lat="37.179219" lon="-106.594929"><ele>3720.2000000000007</ele><time>2026-04-12T16:00:04Z</time></rtept><rtept lat="37.179103" lon="-106.59484"><ele>3721.6000000000004</ele><time>2026-04-12T16:00:04Z</time></rtept><rtept lat="37.178925" lon="-106.594723"><ele>3723.4000000000015</ele><time>2026-04-12T16:00:04Z</time></rtept><rtept lat="37.178873" lon="-106.594703"><ele>3724.0</ele><time>2026-04-12T16:00:04Z</time></rtept><rtept lat="37.178512" lon="-106.59445"><ele>3728.6000000000004</ele><time>2026-04-12T16:00:04Z</time></rtept><rtept lat="37.178383" lon="-106.594295"><ele>3730.0</ele><time>2026-04-12T16:00:04Z</time></rtept><rtept lat="37.178284" lon="-106.594255"><ele>3730.6000000000004</ele><time>2026-04-12T16:00:04Z</time></rtept><rtept lat="37.178134" lon="-106.59424"><ele>3731.6000000000004</ele><time>2026-04-12T16:00:04Z</time></rtept><rtept lat="37.178026" lon="-106.594172"><ele>3732.800000000001</ele><time>2026-04-12T16:00:04Z</time></rtept><rtept lat="37.177979" lon="-106.594195"><ele>3732.800000000001</ele><time>2026-04-12T16:00:04Z</time></rtept><rtept lat="37.177933" lon="-106.594205"><ele>3733.4000000000015</ele><time>2026-04-12T16:00:04Z</time></rtept><rtept lat="37.177911" lon="-106.594179"><ele>3733.4000000000015</ele><time>2026-04-12T16:00:04Z</time></rtept><rtept lat="37.177903" lon="-106.594152"><ele>3733.800000000001</ele><time>2026-04-12T16:00:04Z</time></rtept><rtept lat="37.177883" lon="-106.594089"><ele>3734.4000000000015</ele><time>2026-04-12T16:00:04Z</time></rtept><rtept lat="37.177877" lon="-106.59402"><ele>3734.800000000001</ele><time>2026-04-12T16:00:04Z</time></rtept><rtept lat="37.177849" lon="-106.593962"><ele>3735.2000000000007</ele><time>2026-04-12T16:00:04Z</time></rtept><rtept lat="37.177838" lon="-106.593899"><ele>3735.800000000001</ele><time>2026-04-12T16:00:04Z</time></rtept><rtept lat="37.1777" lon="-106.593658"><ele>3738.0</ele><time>2026-04-12T16:00:04Z</time></rtept><rtept lat="37.177616" lon="-106.593554"><ele>3739.800000000001</ele><time>2026-04-12T16:00:04Z</time></rtept><rtept lat="37.177585" lon="-106.593497"><ele>3739.800000000001</ele><time>2026-04-12T16:00:04Z</time></rtept><rtept lat="37.177437" lon="-106.593294"><ele>3741.6000000000004</ele><time>2026-04-12T16:00:04Z</time></rtept><rtept lat="37.177301" lon="-106.593177"><ele>3742.4000000000015</ele><time>2026-04-12T16:00:04Z</time></rtept><rtept lat="37.177158" lon="-106.593039"><ele>3743.4000000000015</ele><time>2026-04-12T16:00:04Z</time></rtept><rtept lat="37.176979" lon="-106.592777"><ele>3745.800000000001</ele><time>2026-04-12T16:00:04Z</time></rtept><rtept lat="37.17691" lon="-106.592711"><ele>3746.2000000000007</ele><time>2026-04-12T16:00:04Z</time></rtept><rtept lat="37.17681" lon="-106.592647"><ele>3747.6000000000004</ele><time>2026-04-12T16:00:04Z</time></rtept><rtept lat="37.176751" lon="-106.592634"><ele>3748.4000000000015</ele><time>2026-04-12T16:00:04Z</time></rtept><rtept lat="37.1767" lon="-106.592603"><ele>3749.800000000001</ele><time>2026-04-12T16:00:04Z</time></rtept><rtept lat="37.176542" lon="-106.592475"><ele>3751.6000000000004</ele><time>2026-04-12T16:00:04Z</time></rtept><rtept lat="37.17648" lon="-106.592381"><ele>3752.6000000000004</ele><time>2026-04-12T16:00:04Z</time></rtept><rtept lat="37.176454" lon="-106.592316"><ele>3753.4000000000015</ele><time>2026-04-12T16:00:04Z</time></rtept><rtept lat="37.17638" lon="-106.592253"><ele>3754.2000000000007</ele><time>2026-04-12T16:00:04Z</time></rtept><rtept lat="37.176281" lon="-106.592225"><ele>3754.4000000000015</ele><time>2026-04-12T16:00:04Z</time></rtept><rtept lat="37.17618" lon="-106.592212"><ele>3754.6000000000004</ele><time>2026-04-12T16:00:04Z</time></rtept><rtept lat="37.176009" lon="-106.592201"><ele>3754.800000000001</ele><time>2026-04-12T16:00:04Z</time></rtept><rtept lat="37.175908" lon="-106.592207"><ele>3754.6000000000004</ele><time>2026-04-12T16:00:04Z</time></rtept><rtept lat="37.175858" lon="-106.5922"><ele>3754.6000000000004</ele><time>2026-04-12T16:00:04Z</time></rtept><rtept lat="37.175811" lon="-106.592182"><ele>3754.800000000001</ele><time>2026-04-12T16:00:04Z</time></rtept><rtept lat="37.175622" lon="-106.592021"><ele>3754.2000000000007</ele><time>2026-04-12T16:00:04Z</time></rtept><rtept lat="37.175442" lon="-106.591835"><ele>3753.4000000000015</ele><time>2026-04-12T16:00:04Z</time></rtept><rtept lat="37.175255" lon="-106.591806"><ele>3752.0</ele><time>2026-04-12T16:00:04Z</time></rtept><rtept lat="37.175206" lon="-106.591781"><ele>3751.4000000000015</ele><time>2026-04-12T16:00:04Z</time></rtept><rtept lat="37.175092" lon="-106.591658"><ele>3750.4000000000015</ele><time>2026-04-12T16:00:04Z</time></rtept><rtept lat="37.17506" lon="-106.5916"><ele>3749.800000000001</ele><time>2026-04-12T16:00:04Z</time></rtept><rtept lat="37.174933" lon="-106.59147"><ele>3748.4000000000015</ele><time>2026-04-12T16:00:04Z</time></rtept><rtept lat="37.174865" lon="-106.591352"><ele>3747.6000000000004</ele><time>2026-04-12T16:00:04Z</time></rtept><rtept lat="37.174803" lon="-106.591217"><ele>3746.4000000000015</ele><time>2026-04-12T16:00:04Z</time></rtept><rtept lat="37.174717" lon="-106.591111"><ele>3745.4000000000015</ele><time>2026-04-12T16:00:04Z</time></rtept><rtept lat="37.174543" lon="-106.591003"><ele>3743.800000000001</ele><time>2026-04-12T16:00:04Z</time></rtept><rtept lat="37.17437" lon="-106.590925"><ele>3741.4000000000015</ele><time>2026-04-12T16:00:04Z</time></rtept><rtept lat="37.17424" lon="-106.590882"><ele>3739.4000000000015</ele><time>2026-04-12T16:00:04Z</time></rtept><rtept lat="37.174079" lon="-106.590796"><ele>3737.800000000001</ele><time>2026-04-12T16:00:04Z</time></rtept><rtept lat="37.173774" lon="-106.590703"><ele>3735.6000000000004</ele><time>2026-04-12T16:00:04Z</time></rtept><rtept lat="37.173632" lon="-106.590693"><ele>3734.800000000001</ele><time>2026-04-12T16:00:04Z</time></rtept><rtept lat="37.173425" lon="-106.590649"><ele>3733.4000000000015</ele><time>2026-04-12T16:00:04Z</time></rtept><rtept lat="37.173317" lon="-106.590653"><ele>3732.800000000001</ele><time>2026-04-12T16:00:04Z</time></rtept><rtept lat="37.173205" lon="-106.590619"><ele>3731.800000000001</ele><time>2026-04-12T16:00:04Z</time></rtept><rtept lat="37.172926" lon="-106.590587"><ele>3728.0</ele><time>2026-04-12T16:00:04Z</time></rtept><rtept lat="37.172661" lon="-106.590515"><ele>3724.2000000000007</ele><time>2026-04-12T16:00:04Z</time></rtept><rtept lat="37.172587" lon="-106.59047"><ele>3723.4000000000015</ele><time>2026-04-12T16:00:04Z</time></rtept><rtept lat="37.172426" lon="-106.590401"><ele>3721.6000000000004</ele><time>2026-04-12T16:00:04Z</time></rtept><rtept lat="37.172334" lon="-106.590346"><ele>3719.4000000000015</ele><time>2026-04-12T16:00:04Z</time></rtept><rtept lat="37.172094" lon="-106.590266"><ele>3714.800000000001</ele><time>2026-04-12T16:00:04Z</time></rtept><rtept lat="37.171868" lon="-106.590145"><ele>3711.4000000000015</ele><time>2026-04-12T16:00:04Z</time></rtept><rtept lat="37.171814" lon="-106.59014"><ele>3711.4000000000015</ele><time>2026-04-12T16:00:04Z</time></rtept><rtept lat="37.171756" lon="-106.590116"><ele>3711.2000000000007</ele><time>2026-04-12T16:00:04Z</time></rtept><rtept lat="37.171657" lon="-106.590063"><ele>3709.6000000000004</ele><time>2026-04-12T16:00:04Z</time></rtept><rtept lat="37.171577" lon="-106.590037"><ele>3709.2000000000007</ele><time>2026-04-12T16:00:04Z</time></rtept><rtept lat="37.171507" lon="-106.589992"><ele>3708.2000000000007</ele><time>2026-04-12T16:00:04Z</time></rtept><rtept lat="37.171312" lon="-106.589926"><ele>3706.2000000000007</ele><time>2026-04-12T16:00:04Z</time></rtept><rtept lat="37.171278" lon="-106.589946"><ele>3706.2000000000007</ele><time>2026-04-12T16:00:04Z</time></rtept><rtept lat="37.171231" lon="-106.589947"><ele>3705.4000000000015</ele><time>2026-04-12T16:00:04Z</time></rtept><rtept lat="37.171186" lon="-106.589918"><ele>3704.6000000000004</ele><time>2026-04-12T16:00:04Z</time></rtept><rtept lat="37.171148" lon="-106.589869"><ele>3704.6000000000004</ele><time>2026-04-12T16:00:04Z</time></rtept><rtept lat="37.171072" lon="-106.589837"><ele>3703.800000000001</ele><time>2026-04-12T16:00:04Z</time></rtept><rtept lat="37.171048" lon="-106.589814"><ele>3703.0</ele><time>2026-04-12T16:00:04Z</time></rtept><rtept lat="37.170998" lon="-106.58979"><ele>3703.0</ele><time>2026-04-12T16:00:04Z</time></rtept><rtept lat="37.17094" lon="-106.589775"><ele>3702.2000000000007</ele><time>2026-04-12T16:00:04Z</time></rtept><rtept lat="37.170881" lon="-106.589782"><ele>3701.4000000000015</ele><time>2026-04-12T16:00:04Z</time></rtept><rtept lat="37.170832" lon="-106.589757"><ele>3700.800000000001</ele><time>2026-04-12T16:00:04Z</time></rtept><rtept lat="37.170776" lon="-106.589748"><ele>3700.2000000000007</ele><time>2026-04-12T16:00:04Z</time></rtept><rtept lat="37.170673" lon="-106.589684"><ele>3699.4000000000015</ele><time>2026-04-12T16:00:04Z</time></rtept><rtept lat="37.170516" lon="-106.589617"><ele>3698.4000000000015</ele><time>2026-04-12T16:00:04Z</time></rtept><rtept lat="37.170395" lon="-106.589586"><ele>3697.0</ele><time>2026-04-12T16:00:04Z</time></rtept><rtept lat="37.170328" lon="-106.589579"><ele>3696.4000000000015</ele><time>2026-04-12T16:00:04Z</time></rtept><rtept lat="37.170209" lon="-106.589492"><ele>3695.0</ele><time>2026-04-12T16:00:04Z</time></rtept><rtept lat="37.170142" lon="-106.589457"><ele>3694.6000000000004</ele><time>2026-04-12T16:00:04Z</time></rtept><rtept lat="37.170008" lon="-106.589405"><ele>3693.6000000000004</ele><time>2026-04-12T16:00:04Z</time></rtept><rtept lat="37.169945" lon="-106.589369"><ele>3693.2000000000007</ele><time>2026-04-12T16:00:04Z</time></rtept><rtept lat="37.169808" lon="-106.589347"><ele>3692.4000000000015</ele><time>2026-04-12T16:00:04Z</time></rtept><rtept lat="37.169685" lon="-106.589302"><ele>3691.800000000001</ele><time>2026-04-12T16:00:04Z</time></rtept><rtept lat="37.169494" lon="-106.589216"><ele>3691.2000000000007</ele><time>2026-04-12T16:00:04Z</time></rtept><rtept lat="37.169413" lon="-106.589191"><ele>3690.800000000001</ele><time>2026-04-12T16:00:04Z</time></rtept><rtept lat="37.169261" lon="-106.589117"><ele>3690.0</ele><time>2026-04-12T16:00:04Z</time></rtept><rtept lat="37.169044" lon="-106.589047"><ele>3689.0</ele><time>2026-04-12T16:00:04Z</time></rtept><rtept lat="37.169003" lon="-106.589021"><ele>3689.0</ele><time>2026-04-12T16:00:04Z</time></rtept><rtept lat="37.168958" lon="-106.589022"><ele>3689.0</ele><time>2026-04-12T16:00:04Z</time></rtept><rtept lat="37.1689" lon="-106.589"><ele>3688.2000000000007</ele><time>2026-04-12T16:00:04Z</time></rtept><rtept lat="37.168858" lon="-106.588969"><ele>3688.0</ele><time>2026-04-12T16:00:04Z</time></rtept><rtept lat="37.16877" lon="-106.58893"><ele>3688.0</ele><time>2026-04-12T16:00:04Z</time></rtept><rtept lat="37.168718" lon="-106.588935"><ele>3687.800000000001</ele><time>2026-04-12T16:00:04Z</time></rtept><rtept lat="37.168625" lon="-106.588868"><ele>3687.2000000000007</ele><time>2026-04-12T16:00:04Z</time></rtept><rtept lat="37.168454" lon="-106.588807"><ele>3686.6000000000004</ele><time>2026-04-12T16:00:04Z</time></rtept><rtept lat="37.168349" lon="-106.588747"><ele>3686.0</ele><time>2026-04-12T16:00:04Z</time></rtept><rtept lat="37.168141" lon="-106.588711"><ele>3686.6000000000004</ele><time>2026-04-12T16:00:04Z</time></rtept><rtept lat="37.167987" lon="-106.588664"><ele>3686.6000000000004</ele><time>2026-04-12T16:00:04Z</time></rtept><rtept lat="37.167775" lon="-106.588563"><ele>3687.2000000000007</ele><time>2026-04-12T16:00:04Z</time></rtept><rtept lat="37.167568" lon="-106.588507"><ele>3688.0</ele><time>2026-04-12T16:00:04Z</time></rtept><rtept lat="37.167447" lon="-106.588439"><ele>3688.2000000000007</ele><time>2026-04-12T16:00:04Z</time></rtept><rtept lat="37.167405" lon="-106.588441"><ele>3688.4000000000015</ele><time>2026-04-12T16:00:04Z</time></rtept><rtept lat="37.167342" lon="-106.588416"><ele>3688.6000000000004</ele><time>2026-04-12T16:00:04Z</time></rtept><rtept lat="37.167281" lon="-106.588386"><ele>3688.6000000000004</ele><time>2026-04-12T16:00:04Z</time></rtept><rtept lat="37.167185" lon="-106.588317"><ele>3688.4000000000015</ele><time>2026-04-12T16:00:04Z</time></rtept><rtept lat="37.167053" lon="-106.588265"><ele>3688.6000000000004</ele><time>2026-04-12T16:00:04Z</time></rtept><rtept lat="37.166961" lon="-106.588233"><ele>3688.4000000000015</ele><time>2026-04-12T16:00:04Z</time></rtept><rtept lat="37.166824" lon="-106.588206"><ele>3688.800000000001</ele><time>2026-04-12T16:00:04Z</time></rtept><rtept lat="37.16664" lon="-106.588137"><ele>3688.4000000000015</ele><time>2026-04-12T16:00:04Z</time></rtept><rtept lat="37.166485" lon="-106.588098"><ele>3688.6000000000004</ele><time>2026-04-12T16:00:04Z</time></rtept><rtept lat="37.166382" lon="-106.588043"><ele>3688.2000000000007</ele><time>2026-04-12T16:00:04Z</time></rtept><rtept lat="37.166165" lon="-106.587965"><ele>3687.6000000000004</ele><time>2026-04-12T16:00:04Z</time></rtept><rtept lat="37.165963" lon="-106.587878"><ele>3687.2000000000007</ele><time>2026-04-12T16:00:04Z</time></rtept><rtept lat="37.165694" lon="-106.587787"><ele>3686.6000000000004</ele><time>2026-04-12T16:00:04Z</time></rtept><rtept lat="37.16547" lon="-106.587674"><ele>3685.800000000001</ele><time>2026-04-12T16:00:04Z</time></rtept><rtept lat="37.165416" lon="-106.587693"><ele>3685.800000000001</ele><time>2026-04-12T16:00:04Z</time></rtept><rtept lat="37.16536" lon="-106.587674"><ele>3685.6000000000004</ele><time>2026-04-12T16:00:04Z</time></rtept><rtept lat="37.165264" lon="-106.587608"><ele>3685.2000000000007</ele><time>2026-04-12T16:00:04Z</time></rtept><rtept lat="37.165208" lon="-106.587592"><ele>3685.0</ele><time>2026-04-12T16:00:04Z</time></rtept><rtept lat="37.165096" lon="-106.587533"><ele>3684.2000000000007</ele><time>2026-04-12T16:00:04Z</time></rtept><rtept lat="37.165031" lon="-106.587518"><ele>3684.0</ele><time>2026-04-12T16:00:04Z</time></rtept><rtept lat="37.164974" lon="-106.587516"><ele>3684.0</ele><time>2026-04-12T16:00:04Z</time></rtept><rtept lat="37.164927" lon="-106.587496"><ele>3683.800000000001</ele><time>2026-04-12T16:00:04Z</time></rtept><rtept lat="37.164763" lon="-106.587475"><ele>3683.0</ele><time>2026-04-12T16:00:04Z</time></rtept><rtept lat="37.1647" lon="-106.587458"><ele>3682.4000000000015</ele><time>2026-04-12T16:00:04Z</time></rtept><rtept lat="37.164591" lon="-106.587375"><ele>3681.2000000000007</ele><time>2026-04-12T16:00:04Z</time></rtept><rtept lat="37.164544" lon="-106.58732"><ele>3680.800000000001</ele><time>2026-04-12T16:00:04Z</time></rtept><rtept lat="37.164433" lon="-106.587228"><ele>3680.0</ele><time>2026-04-12T16:00:04Z</time></rtept><rtept lat="37.164252" lon="-106.587101"><ele>3678.0</ele><time>2026-04-12T16:00:04Z</time></rtept><rtept lat="37.164198" lon="-106.587075"><ele>3677.4000000000015</ele><time>2026-04-12T16:00:04Z</time></rtept><rtept lat="37.163948" lon="-106.587064"><ele>3675.4000000000015</ele><time>2026-04-12T16:00:04Z</time></rtept><rtept lat="37.163791" lon="-106.587025"><ele>3673.6000000000004</ele><time>2026-04-12T16:00:04Z</time></rtept><rtept lat="37.163501" lon="-106.586981"><ele>3671.800000000001</ele><time>2026-04-12T16:00:04Z</time></rtept><rtept lat="37.163335" lon="-106.586927"><ele>3671.6000000000004</ele><time>2026-04-12T16:00:04Z</time></rtept><rtept lat="37.163171" lon="-106.586887"><ele>3670.800000000001</ele><time>2026-04-12T16:00:04Z</time></rtept><rtept lat="37.162996" lon="-106.586865"><ele>3670.4000000000015</ele><time>2026-04-12T16:00:04Z</time></rtept><rtept lat="37.162881" lon="-106.586867"><ele>3669.0</ele><time>2026-04-12T16:00:04Z</time></rtept><rtept lat="37.162583" lon="-106.58691"><ele>3667.0</ele><time>2026-04-12T16:00:04Z</time></rtept><rtept lat="37.162481" lon="-106.586938"><ele>3665.800000000001</ele><time>2026-04-12T16:00:04Z</time></rtept><rtept lat="37.16242" lon="-106.586972"><ele>3665.0</ele><time>2026-04-12T16:00:04Z</time></rtept><rtept lat="37.161737" lon="-106.587106"><ele>3661.4000000000015</ele><time>2026-04-12T16:00:04Z</time></rtept><rtept lat="37.161699" lon="-106.587122"><ele>3661.4000000000015</ele><time>2026-04-12T16:00:04Z</time></rtept><rtept lat="37.161536" lon="-106.587146"><ele>3660.6000000000004</ele><time>2026-04-12T16:00:04Z</time></rtept><rtept lat="37.161469" lon="-106.587143"><ele>3660.6000000000004</ele><time>2026-04-12T16:00:04Z</time></rtept><rtept lat="37.161288" lon="-106.587181"><ele>3660.2000000000007</ele><time>2026-04-12T16:00:04Z</time></rtept><rtept lat="37.161101" lon="-106.587189"><ele>3659.4000000000015</ele><time>2026-04-12T16:00:04Z</time></rtept><rtept lat="37.160996" lon="-106.587135"><ele>3657.800000000001</ele><time>2026-04-12T16:00:04Z</time></rtept><rtept lat="37.160805" lon="-106.587079"><ele>3656.2000000000007</ele><time>2026-04-12T16:00:04Z</time></rtept><rtept lat="37.160684" lon="-106.587013"><ele>3655.4000000000015</ele><time>2026-04-12T16:00:04Z</time></rtept><rtept lat="37.160563" lon="-106.586959"><ele>3655.0</ele><time>2026-04-12T16:00:04Z</time></rtept><rtept lat="37.160498" lon="-106.586963"><ele>3655.0</ele><time>2026-04-12T16:00:04Z</time></rtept><rtept lat="37.160379" lon="-106.586922"><ele>3655.0</ele><time>2026-04-12T16:00:04Z</time></rtept><rtept lat="37.160246" lon="-106.586931"><ele>3655.4000000000015</ele><time>2026-04-12T16:00:04Z</time></rtept><rtept lat="37.160199" lon="-106.586892"><ele>3655.4000000000015</ele><time>2026-04-12T16:00:04Z</time></rtept><rtept lat="37.160166" lon="-106.586829"><ele>3655.800000000001</ele><time>2026-04-12T16:00:04Z</time></rtept><rtept lat="37.160123" lon="-106.586677"><ele>3656.0</ele><time>2026-04-12T16:00:04Z</time></rtept><rtept lat="37.160005" lon="-106.586419"><ele>3657.2000000000007</ele><time>2026-04-12T16:00:04Z</time></rtept><rtept lat="37.159876" lon="-106.586266"><ele>3658.800000000001</ele><time>2026-04-12T16:00:04Z</time></rtept><rtept lat="37.159752" lon="-106.5861"><ele>3658.800000000001</ele><time>2026-04-12T16:00:04Z</time></rtept><rtept lat="37.159647" lon="-106.58603"><ele>3658.6000000000004</ele><time>2026-04-12T16:00:04Z</time></rtept><rtept lat="37.159586" lon="-106.586017"><ele>3658.800000000001</ele><time>2026-04-12T16:00:04Z</time></rtept><rtept lat="37.159469" lon="-106.586012"><ele>3658.800000000001</ele><time>2026-04-12T16:00:04Z</time></rtept><rtept lat="37.159411" lon="-106.586"><ele>3658.6000000000004</ele><time>2026-04-12T16:00:04Z</time></rtept><rtept lat="37.159362" lon="-106.585977"><ele>3658.6000000000004</ele><time>2026-04-12T16:00:04Z</time></rtept><rtept lat="37.159244" lon="-106.586038"><ele>3658.800000000001</ele><time>2026-04-12T16:00:04Z</time></rtept><rtept lat="37.159178" lon="-106.586035"><ele>3658.800000000001</ele><time>2026-04-12T16:00:04Z</time></rtept><rtept lat="37.159127" lon="-106.586005"><ele>3658.6000000000004</ele><time>2026-04-12T16:00:04Z</time></rtept><rtept lat="37.159001" lon="-106.585965"><ele>3658.800000000001</ele><time>2026-04-12T16:00:04Z</time></rtept><rtept lat="37.158946" lon="-106.585912"><ele>3658.800000000001</ele><time>2026-04-12T16:00:04Z</time></rtept><rtept lat="37.158908" lon="-106.585839"><ele>3658.800000000001</ele><time>2026-04-12T16:00:04Z</time></rtept><rtept lat="37.158863" lon="-106.585703"><ele>3658.800000000001</ele><time>2026-04-12T16:00:04Z</time></rtept><rtept lat="37.158773" lon="-106.585492"><ele>3659.2000000000007</ele><time>2026-04-12T16:00:04Z</time></rtept><rtept lat="37.158742" lon="-106.585445"><ele>3659.4000000000015</ele><time>2026-04-12T16:00:04Z</time></rtept><rtept lat="37.158687" lon="-106.585403"><ele>3659.6000000000004</ele><time>2026-04-12T16:00:04Z</time></rtept><rtept lat="37.158651" lon="-106.585376"><ele>3659.6000000000004</ele><time>2026-04-12T16:00:04Z</time></rtept><rtept lat="37.158384" lon="-106.585416"><ele>3660.0</ele><time>2026-04-12T16:00:04Z</time></rtept><rtept lat="37.158195" lon="-106.5854"><ele>3660.800000000001</ele><time>2026-04-12T16:00:04Z</time></rtept><rtept lat="37.157965" lon="-106.585397"><ele>3661.4000000000015</ele><time>2026-04-12T16:00:04Z</time></rtept><rtept lat="37.157851" lon="-106.585383"><ele>3662.0</ele><time>2026-04-12T16:00:04Z</time></rtept><rtept lat="37.157607" lon="-106.585433"><ele>3662.6000000000004</ele><time>2026-04-12T16:00:04Z</time></rtept><rtept lat="37.157569" lon="-106.585433"><ele>3663.0</ele><time>2026-04-12T16:00:04Z</time></rtept><rtept lat="37.157465" lon="-106.585395"><ele>3663.800000000001</ele><time>2026-04-12T16:00:04Z</time></rtept><rtept lat="37.157292" lon="-106.585366"><ele>3665.0</ele><time>2026-04-12T16:00:04Z</time></rtept><rtept lat="37.15719" lon="-106.585291"><ele>3665.800000000001</ele><time>2026-04-12T16:00:04Z</time></rtept><rtept lat="37.157136" lon="-106.585263"><ele>3666.2000000000007</ele><time>2026-04-12T16:00:04Z</time></rtept><rtept lat="37.157021" lon="-106.585234"><ele>3667.6000000000004</ele><time>2026-04-12T16:00:04Z</time></rtept><rtept lat="37.156963" lon="-106.585209"><ele>3668.0</ele><time>2026-04-12T16:00:04Z</time></rtept><rtept lat="37.1568" lon="-106.585107"><ele>3669.0</ele><time>2026-04-12T16:00:04Z</time></rtept><rtept lat="37.156681" lon="-106.585046"><ele>3669.4000000000015</ele><time>2026-04-12T16:00:04Z</time></rtept><rtept lat="37.156626" lon="-106.585002"><ele>3669.4000000000015</ele><time>2026-04-12T16:00:04Z</time></rtept><rtept lat="37.156537" lon="-106.584892"><ele>3669.6000000000004</ele><time>2026-04-12T16:00:04Z</time></rtept><rtept lat="37.156488" lon="-106.584849"><ele>3669.6000000000004</ele><time>2026-04-12T16:00:04Z</time></rtept><rtept lat="37.15636" lon="-106.584788"><ele>3669.6000000000004</ele><time>2026-04-12T16:00:04Z</time></rtept><rtept lat="37.156314" lon="-106.584749"><ele>3669.800000000001</ele><time>2026-04-12T16:00:04Z</time></rtept><rtept lat="37.156174" lon="-106.584601"><ele>3669.2000000000007</ele><time>2026-04-12T16:00:04Z</time></rtept><rtept lat="37.156062" lon="-106.584516"><ele>3669.2000000000007</ele><time>2026-04-12T16:00:04Z</time></rtept><rtept lat="37.156004" lon="-106.584482"><ele>3669.2000000000007</ele><time>2026-04-12T16:00:04Z</time></rtept><rtept lat="37.155943" lon="-106.584465"><ele>3669.2000000000007</ele><time>2026-04-12T16:00:04Z</time></rtept><rtept lat="37.155878" lon="-106.584459"><ele>3668.800000000001</ele><time>2026-04-12T16:00:04Z</time></rtept><rtept lat="37.155808" lon="-106.584466"><ele>3669.2000000000007</ele><time>2026-04-12T16:00:04Z</time></rtept><rtept lat="37.155681" lon="-106.584512"><ele>3669.2000000000007</ele><time>2026-04-12T16:00:04Z</time></rtept><rtept lat="37.155602" lon="-106.584556"><ele>3669.6000000000004</ele><time>2026-04-12T16:00:04Z</time></rtept><rtept lat="37.155529" lon="-106.584636"><ele>3670.2000000000007</ele><time>2026-04-12T16:00:04Z</time></rtept><rtept lat="37.155488" lon="-106.584667"><ele>3670.2000000000007</ele><time>2026-04-12T16:00:04Z</time></rtept><rtept lat="37.155381" lon="-106.584716"><ele>3670.2000000000007</ele><time>2026-04-12T16:00:04Z</time></rtept><rtept lat="37.155301" lon="-106.584782"><ele>3670.800000000001</ele><time>2026-04-12T16:00:04Z</time></rtept><rtept lat="37.155162" lon="-106.584774"><ele>3671.0</ele><time>2026-04-12T16:00:04Z</time></rtept><rtept lat="37.155105" lon="-106.584781"><ele>3671.0</ele><time>2026-04-12T16:00:04Z</time></rtept><rtept lat="37.155045" lon="-106.584763"><ele>3671.2000000000007</ele><time>2026-04-12T16:00:04Z</time></rtept><rtept lat="37.154982" lon="-106.584737"><ele>3671.2000000000007</ele><time>2026-04-12T16:00:04Z</time></rtept><rtept lat="37.154866" lon="-106.584651"><ele>3670.800000000001</ele><time>2026-04-12T16:00:04Z</time></rtept><rtept lat="37.154797" lon="-106.58462"><ele>3670.4000000000015</ele><time>2026-04-12T16:00:04Z</time></rtept><rtept lat="37.154722" lon="-106.584601"><ele>3670.4000000000015</ele><time>2026-04-12T16:00:04Z</time></rtept><rtept lat="37.154652" lon="-106.584614"><ele>3670.4000000000015</ele><time>2026-04-12T16:00:04Z</time></rtept><rtept lat="37.154553" lon="-106.584612"><ele>3670.4000000000015</ele><time>2026-04-12T16:00:04Z</time></rtept><rtept lat="37.154531" lon="-106.58462"><ele>3670.4000000000015</ele><time>2026-04-12T16:00:04Z</time></rtept><rtept lat="37.154478" lon="-106.584674"><ele>3671.0</ele><time>2026-04-12T16:00:04Z</time></rtept><rtept lat="37.154448" lon="-106.584726"><ele>3671.6000000000004</ele><time>2026-04-12T16:00:04Z</time></rtept><rtept lat="37.154415" lon="-106.584815"><ele>3672.4000000000015</ele><time>2026-04-12T16:00:04Z</time></rtept><rtept lat="37.154358" lon="-106.584871"><ele>3672.2000000000007</ele><time>2026-04-12T16:00:04Z</time></rtept><rtept lat="37.154288" lon="-106.584901"><ele>3673.2000000000007</ele><time>2026-04-12T16:00:04Z</time></rtept><rtept lat="37.154108" lon="-106.585016"><ele>3674.2000000000007</ele><time>2026-04-12T16:00:04Z</time></rtept><rtept lat="37.154065" lon="-106.585064"><ele>3675.2000000000007</ele><time>2026-04-12T16:00:04Z</time></rtept><rtept lat="37.154011" lon="-106.585092"><ele>3675.0</ele><time>2026-04-12T16:00:04Z</time></rtept><rtept lat="37.153947" lon="-106.585141"><ele>3675.0</ele><time>2026-04-12T16:00:04Z</time></rtept><rtept lat="37.153927" lon="-106.585145"><ele>3675.0</ele><time>2026-04-12T16:00:04Z</time></rtept><rtept lat="37.153879" lon="-106.585181"><ele>3676.0</ele><time>2026-04-12T16:00:04Z</time></rtept><rtept lat="37.153744" lon="-106.585312"><ele>3677.2000000000007</ele><time>2026-04-12T16:00:04Z</time></rtept><rtept lat="37.153635" lon="-106.585341"><ele>3678.800000000001</ele><time>2026-04-12T16:00:04Z</time></rtept><rtept lat="37.153402" lon="-106.585445"><ele>3680.0</ele><time>2026-04-12T16:00:04Z</time></rtept><rtept lat="37.153341" lon="-106.585463"><ele>3680.0</ele><time>2026-04-12T16:00:04Z</time></rtept><rtept lat="37.153293" lon="-106.585507"><ele>3681.4000000000015</ele><time>2026-04-12T16:00:04Z</time></rtept><rtept lat="37.153265" lon="-106.585583"><ele>3682.800000000001</ele><time>2026-04-12T16:00:04Z</time></rtept><rtept lat="37.153253" lon="-106.585601"><ele>3682.800000000001</ele><time>2026-04-12T16:00:04Z</time></rtept><rtept lat="37.153233" lon="-106.585611"><ele>3682.800000000001</ele><time>2026-04-12T16:00:04Z</time></rtept><rtept lat="37.153219" lon="-106.585669"><ele>3684.2000000000007</ele><time>2026-04-12T16:00:04Z</time></rtept><rtept lat="37.153158" lon="-106.585795"><ele>3685.0</ele><time>2026-04-12T16:00:04Z</time></rtept><rtept lat="37.153126" lon="-106.585856"><ele>3685.800000000001</ele><time>2026-04-12T16:00:04Z</time></rtept><rtept lat="37.15308" lon="-106.585907"><ele>3685.800000000001</ele><time>2026-04-12T16:00:04Z</time></rtept><rtept lat="37.153071" lon="-106.585967"><ele>3686.6000000000004</ele><time>2026-04-12T16:00:04Z</time></rtept><rtept lat="37.153024" lon="-106.586086"><ele>3687.2000000000007</ele><time>2026-04-12T16:00:04Z</time></rtept><rtept lat="37.152974" lon="-106.586298"><ele>3688.800000000001</ele><time>2026-04-12T16:00:04Z</time></rtept><rtept lat="37.152939" lon="-106.586358"><ele>3689.2000000000007</ele><time>2026-04-12T16:00:04Z</time></rtept><rtept lat="37.152544" lon="-106.586377"><ele>3690.4000000000015</ele><time>2026-04-12T16:00:04Z</time></rtept><rtept lat="37.152484" lon="-106.586373"><ele>3690.4000000000015</ele><time>2026-04-12T16:00:04Z</time></rtept><rtept lat="37.152308" lon="-106.5864"><ele>3690.800000000001</ele><time>2026-04-12T16:00:04Z</time></rtept><rtept lat="37.152183" lon="-106.586407"><ele>3690.800000000001</ele><time>2026-04-12T16:00:04Z</time></rtept><rtept lat="37.152139" lon="-106.586375"><ele>3690.800000000001</ele><time>2026-04-12T16:00:04Z</time></rtept><rtept lat="37.152053" lon="-106.586368"><ele>3691.0</ele><time>2026-04-12T16:00:04Z</time></rtept><rtept lat="37.152033" lon="-106.586374"><ele>3690.800000000001</ele><time>2026-04-12T16:00:04Z</time></rtept><rtept lat="37.151988" lon="-106.586356"><ele>3690.800000000001</ele><time>2026-04-12T16:00:04Z</time></rtept><rtept lat="37.151795" lon="-106.586322"><ele>3690.0</ele><time>2026-04-12T16:00:04Z</time></rtept><rtept lat="37.151741" lon="-106.586333"><ele>3690.0</ele><time>2026-04-12T16:00:04Z</time></rtept><rtept lat="37.151685" lon="-106.586315"><ele>3690.0</ele><time>2026-04-12T16:00:04Z</time></rtept><rtept lat="37.151559" lon="-106.586301"><ele>3690.0</ele><time>2026-04-12T16:00:04Z</time></rtept><rtept lat="37.151442" lon="-106.586271"><ele>3690.2000000000007</ele><time>2026-04-12T16:00:04Z</time></rtept><rtept lat="37.151318" lon="-106.586278"><ele>3690.2000000000007</ele><time>2026-04-12T16:00:04Z</time></rtept><rtept lat="37.151252" lon="-106.586302"><ele>3690.2000000000007</ele><time>2026-04-12T16:00:04Z</time></rtept><rtept lat="37.151185" lon="-106.586305"><ele>3690.2000000000007</ele><time>2026-04-12T16:00:04Z</time></rtept><rtept lat="37.150893" lon="-106.586222"><ele>3689.0</ele><time>2026-04-12T16:00:04Z</time></rtept><rtept lat="37.150792" lon="-106.586141"><ele>3687.800000000001</ele><time>2026-04-12T16:00:04Z</time></rtept><rtept lat="37.150727" lon="-106.586142"><ele>3687.800000000001</ele><time>2026-04-12T16:00:04Z</time></rtept><rtept lat="37.150598" lon="-106.58618"><ele>3688.800000000001</ele><time>2026-04-12T16:00:04Z</time></rtept><rtept lat="37.150465" lon="-106.586187"><ele>3688.6000000000004</ele><time>2026-04-12T16:00:04Z</time></rtept><rtept lat="37.150402" lon="-106.586159"><ele>3687.4000000000015</ele><time>2026-04-12T16:00:04Z</time></rtept><rtept lat="37.150339" lon="-106.586146"><ele>3687.4000000000015</ele><time>2026-04-12T16:00:04Z</time></rtept><rtept lat="37.150225" lon="-106.586104"><ele>3687.2000000000007</ele><time>2026-04-12T16:00:04Z</time></rtept><rtept lat="37.150148" lon="-106.586106"><ele>3687.2000000000007</ele><time>2026-04-12T16:00:04Z</time></rtept><rtept lat="37.15009" lon="-106.586094"><ele>3687.0</ele><time>2026-04-12T16:00:04Z</time></rtept><rtept lat="37.149895" lon="-106.586142"><ele>3686.6000000000004</ele><time>2026-04-12T16:00:04Z</time></rtept><rtept lat="37.149645" lon="-106.586174"><ele>3685.6000000000004</ele><time>2026-04-12T16:00:04Z</time></rtept><rtept lat="37.149505" lon="-106.586219"><ele>3685.800000000001</ele><time>2026-04-12T16:00:04Z</time></rtept><rtept lat="37.1494" lon="-106.586279"><ele>3686.4000000000015</ele><time>2026-04-12T16:00:04Z</time></rtept><rtept lat="37.149361" lon="-106.586335"><ele>3686.0</ele><time>2026-04-12T16:00:04Z</time></rtept><rtept lat="37.149075" lon="-106.586506"><ele>3686.0</ele><time>2026-04-12T16:00:04Z</time></rtept><rtept lat="37.148853" lon="-106.58662"><ele>3685.800000000001</ele><time>2026-04-12T16:00:04Z</time></rtept><rtept lat="37.148809" lon="-106.586668"><ele>3685.6000000000004</ele><time>2026-04-12T16:00:04Z</time></rtept><rtept lat="37.148783" lon="-106.586732"><ele>3686.800000000001</ele><time>2026-04-12T16:00:04Z</time></rtept><rtept lat="37.14864" lon="-106.586868"><ele>3689.0</ele><time>2026-04-12T16:00:04Z</time></rtept><rtept lat="37.148585" lon="-106.586909"><ele>3688.800000000001</ele><time>2026-04-12T16:00:04Z</time></rtept><rtept lat="37.148524" lon="-106.586931"><ele>3688.800000000001</ele><time>2026-04-12T16:00:04Z</time></rtept><rtept lat="37.148341" lon="-106.586971"><ele>3689.4000000000015</ele><time>2026-04-12T16:00:04Z</time></rtept><rtept lat="37.148116" lon="-106.587095"><ele>3689.800000000001</ele><time>2026-04-12T16:00:04Z</time></rtept><rtept lat="37.14792" lon="-106.587119"><ele>3689.4000000000015</ele><time>2026-04-12T16:00:04Z</time></rtept><rtept lat="37.147789" lon="-106.587107"><ele>3689.2000000000007</ele><time>2026-04-12T16:00:04Z</time></rtept><rtept lat="37.147656" lon="-106.587137"><ele>3689.6000000000004</ele><time>2026-04-12T16:00:04Z</time></rtept><rtept lat="37.14755" lon="-106.587132"><ele>3689.6000000000004</ele><time>2026-04-12T16:00:04Z</time></rtept><rtept lat="37.147496" lon="-106.587149"><ele>3689.6000000000004</ele><time>2026-04-12T16:00:04Z</time></rtept><rtept lat="37.14734" lon="-106.587144"><ele>3689.800000000001</ele><time>2026-04-12T16:00:04Z</time></rtept><rtept lat="37.147193" lon="-106.587071"><ele>3689.0</ele><time>2026-04-12T16:00:04Z</time></rtept><rtept lat="37.147037" lon="-106.587073"><ele>3689.0</ele><time>2026-04-12T16:00:04Z</time></rtept><rtept lat="37.146999" lon="-106.587068"><ele>3689.0</ele><time>2026-04-12T16:00:04Z</time></rtept><rtept lat="37.146878" lon="-106.587026"><ele>3688.4000000000015</ele><time>2026-04-12T16:00:04Z</time></rtept><rtept lat="37.146747" lon="-106.587013"><ele>3688.6000000000004</ele><time>2026-04-12T16:00:04Z</time></rtept><rtept lat="37.146605" lon="-106.587014"><ele>3688.800000000001</ele><time>2026-04-12T16:00:04Z</time></rtept><rtept lat="37.146389" lon="-106.587049"><ele>3689.800000000001</ele><time>2026-04-12T16:00:04Z</time></rtept><rtept lat="37.146255" lon="-106.587102"><ele>3689.800000000001</ele><time>2026-04-12T16:00:04Z</time></rtept><rtept lat="37.146117" lon="-106.587138"><ele>3690.6000000000004</ele><time>2026-04-12T16:00:04Z</time></rtept><rtept lat="37.146069" lon="-106.587191"><ele>3690.6000000000004</ele><time>2026-04-12T16:00:04Z</time></rtept><rtept lat="37.146007" lon="-106.587226"><ele>3691.2000000000007</ele><time>2026-04-12T16:00:04Z</time></rtept><rtept lat="37.145935" lon="-106.587227"><ele>3691.2000000000007</ele><time>2026-04-12T16:00:04Z</time></rtept><rtept lat="37.145796" lon="-106.587213"><ele>3691.2000000000007</ele><time>2026-04-12T16:00:04Z</time></rtept><rtept lat="37.145679" lon="-106.587163"><ele>3691.0</ele><time>2026-04-12T16:00:04Z</time></rtept><rtept lat="37.145583" lon="-106.587154"><ele>3691.2000000000007</ele><time>2026-04-12T16:00:04Z</time></rtept><rtept lat="37.145159" lon="-106.587017"><ele>3690.800000000001</ele><time>2026-04-12T16:00:04Z</time></rtept><rtept lat="37.14504" lon="-106.586938"><ele>3690.6000000000004</ele><time>2026-04-12T16:00:04Z</time></rtept><rtept lat="37.144984" lon="-106.586911"><ele>3690.800000000001</ele><time>2026-04-12T16:00:04Z</time></rtept><rtept lat="37.144791" lon="-106.586883"><ele>3691.2000000000007</ele><time>2026-04-12T16:00:04Z</time></rtept><rtept lat="37.144719" lon="-106.586864"><ele>3690.800000000001</ele><time>2026-04-12T16:00:04Z</time></rtept><rtept lat="37.144535" lon="-106.586774"><ele>3690.6000000000004</ele><time>2026-04-12T16:00:04Z</time></rtept><rtept lat="37.144344" lon="-106.586736"><ele>3691.0</ele><time>2026-04-12T16:00:04Z</time></rtept><rtept lat="37.144288" lon="-106.586708"><ele>3691.0</ele><time>2026-04-12T16:00:04Z</time></rtept><rtept lat="37.144167" lon="-106.586676"><ele>3690.6000000000004</ele><time>2026-04-12T16:00:04Z</time></rtept><rtept lat="37.144111" lon="-106.586647"><ele>3690.6000000000004</ele><time>2026-04-12T16:00:04Z</time></rtept><rtept lat="37.14406" lon="-106.586606"><ele>3690.0</ele><time>2026-04-12T16:00:04Z</time></rtept><rtept lat="37.143895" lon="-106.586501"><ele>3689.6000000000004</ele><time>2026-04-12T16:00:04Z</time></rtept><rtept lat="37.14372" lon="-106.586405"><ele>3689.0</ele><time>2026-04-12T16:00:04Z</time></rtept><rtept lat="37.143476" lon="-106.58629"><ele>3688.4000000000015</ele><time>2026-04-12T16:00:04Z</time></rtept><rtept lat="37.143294" lon="-106.586234"><ele>3687.800000000001</ele><time>2026-04-12T16:00:04Z</time></rtept><rtept lat="37.143173" lon="-106.586186"><ele>3687.800000000001</ele><time>2026-04-12T16:00:04Z</time></rtept><rtept lat="37.142937" lon="-106.586119"><ele>3686.6000000000004</ele><time>2026-04-12T16:00:04Z</time></rtept><rtept lat="37.142805" lon="-106.586122"><ele>3686.4000000000015</ele><time>2026-04-12T16:00:04Z</time></rtept><rtept lat="37.142751" lon="-106.586107"><ele>3686.2000000000007</ele><time>2026-04-12T16:00:04Z</time></rtept><rtept lat="37.142629" lon="-106.586097"><ele>3685.800000000001</ele><time>2026-04-12T16:00:04Z</time></rtept><rtept lat="37.142509" lon="-106.586115"><ele>3685.2000000000007</ele><time>2026-04-12T16:00:04Z</time></rtept><rtept lat="37.142388" lon="-106.586076"><ele>3683.6000000000004</ele><time>2026-04-12T16:00:04Z</time></rtept><rtept lat="37.142328" lon="-106.586038"><ele>3683.6000000000004</ele><time>2026-04-12T16:00:04Z</time></rtept><rtept lat="37.142263" lon="-106.58601"><ele>3683.2000000000007</ele><time>2026-04-12T16:00:04Z</time></rtept><rtept lat="37.141879" lon="-106.585905"><ele>3681.800000000001</ele><time>2026-04-12T16:00:04Z</time></rtept><rtept lat="37.1417" lon="-106.58582"><ele>3681.4000000000015</ele><time>2026-04-12T16:00:04Z</time></rtept><rtept lat="37.141571" lon="-106.585735"><ele>3680.800000000001</ele><time>2026-04-12T16:00:04Z</time></rtept><rtept lat="37.141528" lon="-106.585724"><ele>3680.800000000001</ele><time>2026-04-12T16:00:04Z</time></rtept><rtept lat="37.141424" lon="-106.58572"><ele>3680.800000000001</ele><time>2026-04-12T16:00:04Z</time></rtept><rtept lat="37.141247" lon="-106.585676"><ele>3680.800000000001</ele><time>2026-04-12T16:00:04Z</time></rtept><rtept lat="37.14113" lon="-106.585628"><ele>3680.800000000001</ele><time>2026-04-12T16:00:04Z</time></rtept><rtept lat="37.140856" lon="-106.58558"><ele>3681.6000000000004</ele><time>2026-04-12T16:00:04Z</time></rtept><rtept lat="37.140791" lon="-106.585559"><ele>3681.4000000000015</ele><time>2026-04-12T16:00:04Z</time></rtept><rtept lat="37.140661" lon="-106.585481"><ele>3681.4000000000015</ele><time>2026-04-12T16:00:04Z</time></rtept><rtept lat="37.140552" lon="-106.585401"><ele>3681.2000000000007</ele><time>2026-04-12T16:00:04Z</time></rtept><rtept lat="37.140487" lon="-106.58537"><ele>3681.4000000000015</ele><time>2026-04-12T16:00:04Z</time></rtept><rtept lat="37.140436" lon="-106.585289"><ele>3681.2000000000007</ele><time>2026-04-12T16:00:04Z</time></rtept><rtept lat="37.140352" lon="-106.58518"><ele>3680.800000000001</ele><time>2026-04-12T16:00:04Z</time></rtept><rtept lat="37.140249" lon="-106.585094"><ele>3680.800000000001</ele><time>2026-04-12T16:00:04Z</time></rtept><rtept lat="37.140173" lon="-106.585051"><ele>3680.4000000000015</ele><time>2026-04-12T16:00:04Z</time></rtept><rtept lat="37.140093" lon="-106.585027"><ele>3680.6000000000004</ele><time>2026-04-12T16:00:04Z</time></rtept><rtept lat="37.140059" lon="-106.585006"><ele>3680.800000000001</ele><time>2026-04-12T16:00:04Z</time></rtept><rtept lat="37.139981" lon="-106.584979"><ele>3680.800000000001</ele><time>2026-04-12T16:00:04Z</time></rtept><rtept lat="37.139735" lon="-106.584811"><ele>3680.2000000000007</ele><time>2026-04-12T16:00:04Z</time></rtept><rtept lat="37.139568" lon="-106.584673"><ele>3679.6000000000004</ele><time>2026-04-12T16:00:04Z</time></rtept><rtept lat="37.139356" lon="-106.584518"><ele>3679.0</ele><time>2026-04-12T16:00:04Z</time></rtept><rtept lat="37.139253" lon="-106.58446"><ele>3678.6000000000004</ele><time>2026-04-12T16:00:04Z</time></rtept><rtept lat="37.139122" lon="-106.584344"><ele>3678.4000000000015</ele><time>2026-04-12T16:00:04Z</time></rtept><rtept lat="37.138938" lon="-106.584278"><ele>3678.0</ele><time>2026-04-12T16:00:04Z</time></rtept><rtept lat="37.138859" lon="-106.584243"><ele>3678.2000000000007</ele><time>2026-04-12T16:00:04Z</time></rtept><rtept lat="37.138821" lon="-106.584217"><ele>3678.2000000000007</ele><time>2026-04-12T16:00:04Z</time></rtept><rtept lat="37.138737" lon="-106.584121"><ele>3677.800000000001</ele><time>2026-04-12T16:00:04Z</time></rtept><rtept lat="37.138686" lon="-106.584038"><ele>3677.2000000000007</ele><time>2026-04-12T16:00:04Z</time></rtept><rtept lat="37.138617" lon="-106.583987"><ele>3676.800000000001</ele><time>2026-04-12T16:00:04Z</time></rtept><rtept lat="37.1384" lon="-106.583895"><ele>3676.2000000000007</ele><time>2026-04-12T16:00:04Z</time></rtept><rtept lat="37.138225" lon="-106.583787"><ele>3675.4000000000015</ele><time>2026-04-12T16:00:04Z</time></rtept><rtept lat="37.138088" lon="-106.583642"><ele>3674.0</ele><time>2026-04-12T16:00:04Z</time></rtept><rtept lat="37.137945" lon="-106.583513"><ele>3672.6000000000004</ele><time>2026-04-12T16:00:04Z</time></rtept><rtept lat="37.137709" lon="-106.583326"><ele>3670.800000000001</ele><time>2026-04-12T16:00:04Z</time></rtept><rtept lat="37.137642" lon="-106.583283"><ele>3670.800000000001</ele><time>2026-04-12T16:00:04Z</time></rtept><rtept lat="37.13755" lon="-106.583205"><ele>3670.2000000000007</ele><time>2026-04-12T16:00:04Z</time></rtept><rtept lat="37.137389" lon="-106.582977"><ele>3669.4000000000015</ele><time>2026-04-12T16:00:04Z</time></rtept><rtept lat="37.137308" lon="-106.582818"><ele>3669.0</ele><time>2026-04-12T16:00:04Z</time></rtept><rtept lat="37.137152" lon="-106.582646"><ele>3668.6000000000004</ele><time>2026-04-12T16:00:04Z</time></rtept><rtept lat="37.137104" lon="-106.582572"><ele>3668.4000000000015</ele><time>2026-04-12T16:00:04Z</time></rtept><rtept lat="37.136977" lon="-106.582412"><ele>3668.6000000000004</ele><time>2026-04-12T16:00:04Z</time></rtept><rtept lat="37.13678" lon="-106.582188"><ele>3668.0</ele><time>2026-04-12T16:00:04Z</time></rtept><rtept lat="37.136698" lon="-106.582073"><ele>3667.6000000000004</ele><time>2026-04-12T16:00:04Z</time></rtept><rtept lat="37.136598" lon="-106.581967"><ele>3665.6000000000004</ele><time>2026-04-12T16:00:04Z</time></rtept><rtept lat="37.136527" lon="-106.581921"><ele>3666.4000000000015</ele><time>2026-04-12T16:00:04Z</time></rtept><rtept lat="37.136305" lon="-106.581838"><ele>3666.800000000001</ele><time>2026-04-12T16:00:04Z</time></rtept><rtept lat="37.136052" lon="-106.581699"><ele>3664.4000000000015</ele><time>2026-04-12T16:00:04Z</time></rtept><rtept lat="37.13597" lon="-106.581609"><ele>3663.2000000000007</ele><time>2026-04-12T16:00:04Z</time></rtept><rtept lat="37.135867" lon="-106.581549"><ele>3664.0</ele><time>2026-04-12T16:00:04Z</time></rtept><rtept lat="37.135798" lon="-106.581493"><ele>3663.2000000000007</ele><time>2026-04-12T16:00:04Z</time></rtept><rtept lat="37.135751" lon="-106.581421"><ele>3662.6000000000004</ele><time>2026-04-12T16:00:04Z</time></rtept><rtept lat="37.135618" lon="-106.581296"><ele>3661.6000000000004</ele><time>2026-04-12T16:00:04Z</time></rtept><rtept lat="37.135605" lon="-106.581212"><ele>3661.0</ele><time>2026-04-12T16:00:04Z</time></rtept><rtept lat="37.135602" lon="-106.581113"><ele>3659.6000000000004</ele><time>2026-04-12T16:00:04Z</time></rtept><rtept lat="37.135605" lon="-106.581076"><ele>3659.6000000000004</ele><time>2026-04-12T16:00:04Z</time></rtept><rtept lat="37.135593" lon="-106.580997"><ele>3659.0</ele><time>2026-04-12T16:00:04Z</time></rtept><rtept lat="37.135558" lon="-106.580911"><ele>3657.800000000001</ele><time>2026-04-12T16:00:04Z</time></rtept><rtept lat="37.13555" lon="-106.580829"><ele>3656.4000000000015</ele><time>2026-04-12T16:00:04Z</time></rtept><rtept lat="37.135557" lon="-106.580739"><ele>3655.2000000000007</ele><time>2026-04-12T16:00:04Z</time></rtept><rtept lat="37.135395" lon="-106.580744"><ele>3655.2000000000007</ele><time>2026-04-12T16:00:04Z</time></rtept><rtept lat="37.13538" lon="-106.580696"><ele>3655.2000000000007</ele><time>2026-04-12T16:00:04Z</time></rtept><rtept lat="37.135358" lon="-106.580662"><ele>3654.4000000000015</ele><time>2026-04-12T16:00:04Z</time></rtept><rtept lat="37.135274" lon="-106.580546"><ele>3654.0</ele><time>2026-04-12T16:00:04Z</time></rtept><rtept lat="37.13517" lon="-106.580435"><ele>3653.800000000001</ele><time>2026-04-12T16:00:04Z</time></rtept><rtept lat="37.135129" lon="-106.580407"><ele>3653.6000000000004</ele><time>2026-04-12T16:00:04Z</time></rtept><rtept lat="37.135098" lon="-106.580373"><ele>3653.6000000000004</ele><time>2026-04-12T16:00:04Z</time></rtept><rtept lat="37.135019" lon="-106.580234"><ele>3652.800000000001</ele><time>2026-04-12T16:00:04Z</time></rtept><rtept lat="37.135011" lon="-106.580181"><ele>3652.800000000001</ele><time>2026-04-12T16:00:04Z</time></rtept><rtept lat="37.135017" lon="-106.58007"><ele>3651.6000000000004</ele><time>2026-04-12T16:00:04Z</time></rtept><rtept lat="37.135011" lon="-106.579965"><ele>3651.2000000000007</ele><time>2026-04-12T16:00:04Z</time></rtept><rtept lat="37.135019" lon="-106.579912"><ele>3650.6000000000004</ele><time>2026-04-12T16:00:04Z</time></rtept><rtept lat="37.135033" lon="-106.579865"><ele>3650.6000000000004</ele><time>2026-04-12T16:00:04Z</time></rtept><rtept lat="37.135083" lon="-106.579799"><ele>3649.800000000001</ele><time>2026-04-12T16:00:04Z</time></rtept><rtept lat="37.135095" lon="-106.579748"><ele>3649.800000000001</ele><time>2026-04-12T16:00:04Z</time></rtept><rtept lat="37.135081" lon="-106.579494"><ele>3648.2000000000007</ele><time>2026-04-12T16:00:04Z</time></rtept><rtept lat="37.135065" lon="-106.579456"><ele>3648.0</ele><time>2026-04-12T16:00:04Z</time></rtept><rtept lat="37.135034" lon="-106.579436"><ele>3648.0</ele><time>2026-04-12T16:00:04Z</time></rtept><rtept lat="37.135012" lon="-106.579398"><ele>3647.4000000000015</ele><time>2026-04-12T16:00:04Z</time></rtept><rtept lat="37.135004" lon="-106.579305"><ele>3646.6000000000004</ele><time>2026-04-12T16:00:04Z</time></rtept><rtept lat="37.134967" lon="-106.579229"><ele>3646.800000000001</ele><time>2026-04-12T16:00:04Z</time></rtept><rtept lat="37.13489" lon="-106.57911"><ele>3645.4000000000015</ele><time>2026-04-12T16:00:04Z</time></rtept><rtept lat="37.134872" lon="-106.579063"><ele>3645.4000000000015</ele><time>2026-04-12T16:00:04Z</time></rtept><rtept lat="37.134868" lon="-106.579011"><ele>3644.6000000000004</ele><time>2026-04-12T16:00:04Z</time></rtept><rtept lat="37.134897" lon="-106.578888"><ele>3644.0</ele><time>2026-04-12T16:00:04Z</time></rtept><rtept lat="37.134928" lon="-106.578797"><ele>3642.6000000000004</ele><time>2026-04-12T16:00:04Z</time></rtept><rtept lat="37.134941" lon="-106.57869"><ele>3641.4000000000015</ele><time>2026-04-12T16:00:04Z</time></rtept><rtept lat="37.134957" lon="-106.578636"><ele>3641.4000000000015</ele><time>2026-04-12T16:00:04Z</time></rtept><rtept lat="37.134994" lon="-106.578533"><ele>3641.0</ele><time>2026-04-12T16:00:04Z</time></rtept><rtept lat="37.135022" lon="-106.578491"><ele>3640.2000000000007</ele><time>2026-04-12T16:00:04Z</time></rtept><rtept lat="37.135062" lon="-106.578392"><ele>3640.2000000000007</ele><time>2026-04-12T16:00:04Z</time></rtept><rtept lat="37.13506" lon="-106.578352"><ele>3640.2000000000007</ele><time>2026-04-12T16:00:04Z</time></rtept><rtept lat="37.135038" lon="-106.578316"><ele>3640.2000000000007</ele><time>2026-04-12T16:00:04Z</time></rtept><rtept lat="37.135007" lon="-106.578237"><ele>3640.4000000000015</ele><time>2026-04-12T16:00:04Z</time></rtept><rtept lat="37.134986" lon="-106.578116"><ele>3641.2000000000007</ele><time>2026-04-12T16:00:04Z</time></rtept><rtept lat="37.134965" lon="-106.57806"><ele>3641.4000000000015</ele><time>2026-04-12T16:00:04Z</time></rtept><rtept lat="37.13494" lon="-106.578027"><ele>3641.4000000000015</ele><time>2026-04-12T16:00:04Z</time></rtept><rtept lat="37.134907" lon="-106.578018"><ele>3642.2000000000007</ele><time>2026-04-12T16:00:04Z</time></rtept><rtept lat="37.134832" lon="-106.578018"><ele>3643.0</ele><time>2026-04-12T16:00:04Z</time></rtept><rtept lat="37.13476" lon="-106.578002"><ele>3643.800000000001</ele><time>2026-04-12T16:00:04Z</time></rtept><rtept lat="37.134595" lon="-106.577888"><ele>3645.800000000001</ele><time>2026-04-12T16:00:04Z</time></rtept><rtept lat="37.134504" lon="-106.577799"><ele>3647.6000000000004</ele><time>2026-04-12T16:00:04Z</time></rtept><rtept lat="37.134486" lon="-106.577751"><ele>3648.0</ele><time>2026-04-12T16:00:04Z</time></rtept><rtept lat="37.13448" lon="-106.577702"><ele>3648.0</ele><time>2026-04-12T16:00:04Z</time></rtept><rtept lat="37.134479" lon="-106.577646"><ele>3648.2000000000007</ele><time>2026-04-12T16:00:04Z</time></rtept><rtept lat="37.134503" lon="-106.577382"><ele>3648.800000000001</ele><time>2026-04-12T16:00:04Z</time></rtept><rtept lat="37.134487" lon="-106.577334"><ele>3648.6000000000004</ele><time>2026-04-12T16:00:04Z</time></rtept><rtept lat="37.134461" lon="-106.577301"><ele>3648.6000000000004</ele><time>2026-04-12T16:00:04Z</time></rtept><rtept lat="37.134365" lon="-106.577228"><ele>3649.800000000001</ele><time>2026-04-12T16:00:04Z</time></rtept><rtept lat="37.134312" lon="-106.577163"><ele>3650.6000000000004</ele><time>2026-04-12T16:00:04Z</time></rtept><rtept lat="37.134085" lon="-106.576968"><ele>3653.800000000001</ele><time>2026-04-12T16:00:04Z</time></rtept><rtept lat="37.134067" lon="-106.576934"><ele>3653.800000000001</ele><time>2026-04-12T16:00:04Z</time></rtept><rtept lat="37.134058" lon="-106.576896"><ele>3653.800000000001</ele><time>2026-04-12T16:00:04Z</time></rtept><rtept lat="37.134025" lon="-106.57684"><ele>3654.800000000001</ele><time>2026-04-12T16:00:04Z</time></rtept><rtept lat="37.133993" lon="-106.576741"><ele>3654.800000000001</ele><time>2026-04-12T16:00:04Z</time></rtept><rtept lat="37.133903" lon="-106.57658"><ele>3656.6000000000004</ele><time>2026-04-12T16:00:04Z</time></rtept><rtept lat="37.133843" lon="-106.576507"><ele>3656.6000000000004</ele><time>2026-04-12T16:00:04Z</time></rtept><rtept lat="37.133794" lon="-106.576423"><ele>3657.2000000000007</ele><time>2026-04-12T16:00:04Z</time></rtept><rtept lat="37.13379" lon="-106.576376"><ele>3657.2000000000007</ele><time>2026-04-12T16:00:04Z</time></rtept><rtept lat="37.133828" lon="-106.57626"><ele>3657.6000000000004</ele><time>2026-04-12T16:00:04Z</time></rtept><rtept lat="37.133806" lon="-106.576241"><ele>3657.6000000000004</ele><time>2026-04-12T16:00:04Z</time></rtept><rtept lat="37.133738" lon="-106.576232"><ele>3658.0</ele><time>2026-04-12T16:00:04Z</time></rtept><rtept lat="37.133676" lon="-106.576193"><ele>3658.4000000000015</ele><time>2026-04-12T16:00:04Z</time></rtept><rtept lat="37.133578" lon="-106.576069"><ele>3659.2000000000007</ele><time>2026-04-12T16:00:04Z</time></rtept><rtept lat="37.133489" lon="-106.575867"><ele>3660.2000000000007</ele><time>2026-04-12T16:00:04Z</time></rtept><rtept lat="37.13336" lon="-106.575745"><ele>3660.4000000000015</ele><time>2026-04-12T16:00:04Z</time></rtept><rtept lat="37.133199" lon="-106.575635"><ele>3661.0</ele><time>2026-04-12T16:00:04Z</time></rtept><rtept lat="37.133079" lon="-106.575576"><ele>3661.4000000000015</ele><time>2026-04-12T16:00:04Z</time></rtept><rtept lat="37.132946" lon="-106.575483"><ele>3661.6000000000004</ele><time>2026-04-12T16:00:04Z</time></rtept><rtept lat="37.13287" lon="-106.575454"><ele>3661.800000000001</ele><time>2026-04-12T16:00:04Z</time></rtept><rtept lat="37.132836" lon="-106.57543"><ele>3661.2000000000007</ele><time>2026-04-12T16:00:04Z</time></rtept><rtept lat="37.132814" lon="-106.575396"><ele>3661.2000000000007</ele><time>2026-04-12T16:00:04Z</time></rtept><rtept lat="37.132785" lon="-106.575369"><ele>3661.4000000000015</ele><time>2026-04-12T16:00:04Z</time></rtept><rtept lat="37.132669" lon="-106.575292"><ele>3660.800000000001</ele><time>2026-04-12T16:00:04Z</time></rtept><rtept lat="37.132638" lon="-106.575262"><ele>3659.800000000001</ele><time>2026-04-12T16:00:04Z</time></rtept><rtept lat="37.132601" lon="-106.575194"><ele>3660.0</ele><time>2026-04-12T16:00:04Z</time></rtept><rtept lat="37.132588" lon="-106.575124"><ele>3658.2000000000007</ele><time>2026-04-12T16:00:04Z</time></rtept><rtept lat="37.132546" lon="-106.575056"><ele>3655.800000000001</ele><time>2026-04-12T16:00:04Z</time></rtept><rtept lat="37.132547" lon="-106.574856"><ele>3650.2000000000007</ele><time>2026-04-12T16:00:04Z</time></rtept><rtept lat="37.132516" lon="-106.574743"><ele>3647.0</ele><time>2026-04-12T16:00:04Z</time></rtept><rtept lat="37.132499" lon="-106.574707"><ele>3647.0</ele><time>2026-04-12T16:00:04Z</time></rtept><rtept lat="37.132479" lon="-106.574676"><ele>3646.0</ele><time>2026-04-12T16:00:04Z</time></rtept><rtept lat="37.132428" lon="-106.574642"><ele>3646.6000000000004</ele><time>2026-04-12T16:00:04Z</time></rtept><rtept lat="37.132397" lon="-106.574564"><ele>3646.4000000000015</ele><time>2026-04-12T16:00:04Z</time></rtept><rtept lat="37.13237" lon="-106.574538"><ele>3646.4000000000015</ele><time>2026-04-12T16:00:04Z</time></rtept><rtept lat="37.132272" lon="-106.574501"><ele>3645.6000000000004</ele><time>2026-04-12T16:00:04Z</time></rtept><rtept lat="37.132254" lon="-106.574464"><ele>3646.0</ele><time>2026-04-12T16:00:04Z</time></rtept><rtept lat="37.13223" lon="-106.574435"><ele>3646.0</ele><time>2026-04-12T16:00:04Z</time></rtept><rtept lat="37.132208" lon="-106.574367"><ele>3644.800000000001</ele><time>2026-04-12T16:00:04Z</time></rtept><rtept lat="37.132103" lon="-106.574285"><ele>3644.4000000000015</ele><time>2026-04-12T16:00:04Z</time></rtept><rtept lat="37.132084" lon="-106.57425"><ele>3644.4000000000015</ele><time>2026-04-12T16:00:04Z</time></rtept><rtept lat="37.132039" lon="-106.574207"><ele>3643.800000000001</ele><time>2026-04-12T16:00:04Z</time></rtept><rtept lat="37.132008" lon="-106.574154"><ele>3642.4000000000015</ele><time>2026-04-12T16:00:04Z</time></rtept><rtept lat="37.131747" lon="-106.573965"><ele>3642.0</ele><time>2026-04-12T16:00:04Z</time></rtept><rtept lat="37.131186" lon="-106.573283"><ele>3636.2000000000007</ele><time>2026-04-12T16:00:04Z</time></rtept><rtept lat="37.131087" lon="-106.572915"><ele>3635.0</ele><time>2026-04-12T16:00:04Z</time></rtept><rtept lat="37.131072" lon="-106.572824"><ele>3634.6000000000004</ele><time>2026-04-12T16:00:04Z</time></rtept><rtept lat="37.13107" lon="-106.57271"><ele>3634.4000000000015</ele><time>2026-04-12T16:00:04Z</time></rtept><rtept lat="37.131072" lon="-106.572679"><ele>3634.2000000000007</ele><time>2026-04-12T16:00:04Z</time></rtept><rtept lat="37.131073" lon="-106.57267"><ele>3634.2000000000007</ele><time>2026-04-12T16:00:04Z</time></rtept><rtept lat="37.131122" lon="-106.572472"><ele>3633.6000000000004</ele><time>2026-04-12T16:00:04Z</time></rtept><rtept lat="37.131159" lon="-106.572266"><ele>3633.4000000000015</ele><time>2026-04-12T16:00:04Z</time></rtept><rtept lat="37.131177" lon="-106.5721"><ele>3632.4000000000015</ele><time>2026-04-12T16:00:04Z</time></rtept><rtept lat="37.131188" lon="-106.571761"><ele>3631.6000000000004</ele><time>2026-04-12T16:00:04Z</time></rtept><rtept lat="37.131185" lon="-106.571647"><ele>3631.0</ele><time>2026-04-12T16:00:04Z</time></rtept><rtept lat="37.131199" lon="-106.571494"><ele>3630.2000000000007</ele><time>2026-04-12T16:00:04Z</time></rtept><rtept lat="37.1312" lon="-106.571343"><ele>3629.800000000001</ele><time>2026-04-12T16:00:04Z</time></rtept><rtept lat="37.131221" lon="-106.571127"><ele>3628.0</ele><time>2026-04-12T16:00:04Z</time></rtept><rtept lat="37.131214" lon="-106.570975"><ele>3627.0</ele><time>2026-04-12T16:00:04Z</time></rtept><rtept lat="37.13124" lon="-106.570778"><ele>3625.4000000000015</ele><time>2026-04-12T16:00:04Z</time></rtept><rtept lat="37.13123" lon="-106.570623"><ele>3624.4000000000015</ele><time>2026-04-12T16:00:04Z</time></rtept><rtept lat="37.131245" lon="-106.570534"><ele>3623.4000000000015</ele><time>2026-04-12T16:00:04Z</time></rtept><rtept lat="37.131246" lon="-106.570483"><ele>3623.4000000000015</ele><time>2026-04-12T16:00:04Z</time></rtept><rtept lat="37.131215" lon="-106.570396"><ele>3623.4000000000015</ele><time>2026-04-12T16:00:04Z</time></rtept><rtept lat="37.131169" lon="-106.570335"><ele>3623.4000000000015</ele><time>2026-04-12T16:00:04Z</time></rtept><rtept lat="37.131149" lon="-106.570291"><ele>3622.800000000001</ele><time>2026-04-12T16:00:04Z</time></rtept><rtept lat="37.131135" lon="-106.570201"><ele>3622.4000000000015</ele><time>2026-04-12T16:00:04Z</time></rtept><rtept lat="37.130963" lon="-106.570019"><ele>3622.6000000000004</ele><time>2026-04-12T16:00:04Z</time></rtept><rtept lat="37.130917" lon="-106.569923"><ele>3622.2000000000007</ele><time>2026-04-12T16:00:04Z</time></rtept><rtept lat="37.130905" lon="-106.569867"><ele>3622.0</ele><time>2026-04-12T16:00:04Z</time></rtept><rtept lat="37.130905" lon="-106.569834"><ele>3622.0</ele><time>2026-04-12T16:00:04Z</time></rtept><rtept lat="37.130919" lon="-106.569783"><ele>3621.800000000001</ele><time>2026-04-12T16:00:04Z</time></rtept><rtept lat="37.130945" lon="-106.56974"><ele>3621.800000000001</ele><time>2026-04-12T16:00:04Z</time></rtept><rtept lat="37.131009" lon="-106.569667"><ele>3621.800000000001</ele><time>2026-04-12T16:00:04Z</time></rtept><rtept lat="37.131038" lon="-106.569646"><ele>3621.4000000000015</ele><time>2026-04-12T16:00:04Z</time></rtept><rtept lat="37.131093" lon="-106.569576"><ele>3621.6000000000004</ele><time>2026-04-12T16:00:04Z</time></rtept><rtept lat="37.131171" lon="-106.569462"><ele>3621.6000000000004</ele><time>2026-04-12T16:00:04Z</time></rtept><rtept lat="37.131209" lon="-106.569379"><ele>3621.6000000000004</ele><time>2026-04-12T16:00:04Z</time></rtept><rtept lat="37.131298" lon="-106.569281"><ele>3621.2000000000007</ele><time>2026-04-12T16:00:04Z</time></rtept><rtept lat="37.131326" lon="-106.569187"><ele>3620.6000000000004</ele><time>2026-04-12T16:00:04Z</time></rtept><rtept lat="37.131335" lon="-106.569025"><ele>3620.800000000001</ele><time>2026-04-12T16:00:04Z</time></rtept><rtept lat="37.131356" lon="-106.568929"><ele>3620.6000000000004</ele><time>2026-04-12T16:00:04Z</time></rtept><rtept lat="37.131362" lon="-106.568836"><ele>3620.2000000000007</ele><time>2026-04-12T16:00:04Z</time></rtept><rtept lat="37.131384" lon="-106.568691"><ele>3619.4000000000015</ele><time>2026-04-12T16:00:04Z</time></rtept><rtept lat="37.13149" lon="-106.568181"><ele>3616.6000000000004</ele><time>2026-04-12T16:00:04Z</time></rtept><rtept lat="37.131496" lon="-106.568134"><ele>3616.2000000000007</ele><time>2026-04-12T16:00:04Z</time></rtept><rtept lat="37.13147" lon="-106.56798"><ele>3615.2000000000007</ele><time>2026-04-12T16:00:04Z</time></rtept><rtept lat="37.131466" lon="-106.567784"><ele>3614.0</ele><time>2026-04-12T16:00:04Z</time></rtept><rtept lat="37.131507" lon="-106.567401"><ele>3611.800000000001</ele><time>2026-04-12T16:00:04Z</time></rtept><rtept lat="37.131544" lon="-106.567205"><ele>3609.6000000000004</ele><time>2026-04-12T16:00:04Z</time></rtept><rtept lat="37.131586" lon="-106.567066"><ele>3608.6000000000004</ele><time>2026-04-12T16:00:04Z</time></rtept><rtept lat="37.131664" lon="-106.566966"><ele>3607.6000000000004</ele><time>2026-04-12T16:00:04Z</time></rtept><rtept lat="37.131676" lon="-106.566926"><ele>3607.2000000000007</ele><time>2026-04-12T16:00:04Z</time></rtept><rtept lat="37.131677" lon="-106.566846"><ele>3607.0</ele><time>2026-04-12T16:00:04Z</time></rtept><rtept lat="37.131689" lon="-106.566799"><ele>3607.0</ele><time>2026-04-12T16:00:04Z</time></rtept><rtept lat="37.131728" lon="-106.56672"><ele>3606.0</ele><time>2026-04-12T16:00:04Z</time></rtept><rtept lat="37.131773" lon="-106.566587"><ele>3605.4000000000015</ele><time>2026-04-12T16:00:04Z</time></rtept><rtept lat="37.13184" lon="-106.566451"><ele>3604.4000000000015</ele><time>2026-04-12T16:00:04Z</time></rtept><rtept lat="37.131934" lon="-106.566297"><ele>3602.4000000000015</ele><time>2026-04-12T16:00:04Z</time></rtept><rtept lat="37.131965" lon="-106.566199"><ele>3601.800000000001</ele><time>2026-04-12T16:00:04Z</time></rtept><rtept lat="37.13199" lon="-106.566183"><ele>3601.800000000001</ele><time>2026-04-12T16:00:04Z</time></rtept><rtept lat="37.132098" lon="-106.566154"><ele>3600.2000000000007</ele><time>2026-04-12T16:00:04Z</time></rtept><rtept lat="37.132312" lon="-106.566049"><ele>3597.800000000001</ele><time>2026-04-12T16:00:04Z</time></rtept><rtept lat="37.132425" lon="-106.566018"><ele>3596.0</ele><time>2026-04-12T16:00:04Z</time></rtept><rtept lat="37.132572" lon="-106.565919"><ele>3593.0</ele><time>2026-04-12T16:00:04Z</time></rtept><rtept lat="37.132606" lon="-106.565907"><ele>3593.0</ele><time>2026-04-12T16:00:04Z</time></rtept><rtept lat="37.132667" lon="-106.565916"><ele>3592.0</ele><time>2026-04-12T16:00:04Z</time></rtept><rtept lat="37.132706" lon="-106.565895"><ele>3591.0</ele><time>2026-04-12T16:00:04Z</time></rtept><rtept lat="37.132729" lon="-106.565863"><ele>3591.0</ele><time>2026-04-12T16:00:04Z</time></rtept><rtept lat="37.132817" lon="-106.565839"><ele>3589.0</ele><time>2026-04-12T16:00:04Z</time></rtept><rtept lat="37.132858" lon="-106.565818"><ele>3588.800000000001</ele><time>2026-04-12T16:00:04Z</time></rtept><rtept lat="37.132993" lon="-106.56567"><ele>3586.4000000000015</ele><time>2026-04-12T16:00:04Z</time></rtept><rtept lat="37.133073" lon="-106.565554"><ele>3584.4000000000015</ele><time>2026-04-12T16:00:04Z</time></rtept><rtept lat="37.133128" lon="-106.565496"><ele>3583.4000000000015</ele><time>2026-04-12T16:00:04Z</time></rtept><rtept lat="37.13316" lon="-106.565477"><ele>3581.800000000001</ele><time>2026-04-12T16:00:04Z</time></rtept><rtept lat="37.133234" lon="-106.565466"><ele>3580.800000000001</ele><time>2026-04-12T16:00:04Z</time></rtept><rtept lat="37.133369" lon="-106.565481"><ele>3578.800000000001</ele><time>2026-04-12T16:00:04Z</time></rtept><rtept lat="37.133378" lon="-106.565476"><ele>3578.800000000001</ele><time>2026-04-12T16:00:04Z</time></rtept><rtept lat="37.133392" lon="-106.565443"><ele>3578.800000000001</ele><time>2026-04-12T16:00:04Z</time></rtept><rtept lat="37.133376" lon="-106.565307"><ele>3577.800000000001</ele><time>2026-04-12T16:00:04Z</time></rtept><rtept lat="37.133322" lon="-106.565129"><ele>3577.2000000000007</ele><time>2026-04-12T16:00:04Z</time></rtept><rtept lat="37.133305" lon="-106.565037"><ele>3576.4000000000015</ele><time>2026-04-12T16:00:04Z</time></rtept><rtept lat="37.133208" lon="-106.564853"><ele>3576.4000000000015</ele><time>2026-04-12T16:00:04Z</time></rtept><rtept lat="37.133198" lon="-106.564807"><ele>3575.6000000000004</ele><time>2026-04-12T16:00:04Z</time></rtept><rtept lat="37.133173" lon="-106.564499"><ele>3573.0</ele><time>2026-04-12T16:00:04Z</time></rtept><rtept lat="37.13316" lon="-106.564455"><ele>3572.0</ele><time>2026-04-12T16:00:04Z</time></rtept><rtept lat="37.133138" lon="-106.564414"><ele>3572.800000000001</ele><time>2026-04-12T16:00:04Z</time></rtept><rtept lat="37.133123" lon="-106.564316"><ele>3571.6000000000004</ele><time>2026-04-12T16:00:04Z</time></rtept><rtept lat="37.133073" lon="-106.564165"><ele>3569.4000000000015</ele><time>2026-04-12T16:00:04Z</time></rtept><rtept lat="37.133047" lon="-106.564118"><ele>3568.0</ele><time>2026-04-12T16:00:04Z</time></rtept><rtept lat="37.13301" lon="-106.564013"><ele>3567.2000000000007</ele><time>2026-04-12T16:00:04Z</time></rtept><rtept lat="37.132983" lon="-106.563964"><ele>3567.2000000000007</ele><time>2026-04-12T16:00:04Z</time></rtept><rtept lat="37.132931" lon="-106.563889"><ele>3566.4000000000015</ele><time>2026-04-12T16:00:04Z</time></rtept><rtept lat="37.132862" lon="-106.563819"><ele>3565.800000000001</ele><time>2026-04-12T16:00:04Z</time></rtept><rtept lat="37.132712" lon="-106.563537"><ele>3563.4000000000015</ele><time>2026-04-12T16:00:04Z</time></rtept><rtept lat="37.132465" lon="-106.563291"><ele>3563.4000000000015</ele><time>2026-04-12T16:00:04Z</time></rtept><rtept lat="37.132375" lon="-106.563157"><ele>3561.800000000001</ele><time>2026-04-12T16:00:04Z</time></rtept><rtept lat="37.132283" lon="-106.563078"><ele>3561.4000000000015</ele><time>2026-04-12T16:00:04Z</time></rtept><rtept lat="37.132237" lon="-106.562997"><ele>3560.800000000001</ele><time>2026-04-12T16:00:04Z</time></rtept><rtept lat="37.132007" lon="-106.562818"><ele>3560.4000000000015</ele><time>2026-04-12T16:00:04Z</time></rtept><rtept lat="37.131906" lon="-106.562644"><ele>3559.6000000000004</ele><time>2026-04-12T16:00:04Z</time></rtept><rtept lat="37.131846" lon="-106.562574"><ele>3559.6000000000004</ele><time>2026-04-12T16:00:04Z</time></rtept><rtept lat="37.131777" lon="-106.56253"><ele>3560.4000000000015</ele><time>2026-04-12T16:00:04Z</time></rtept><rtept lat="37.13173" lon="-106.562467"><ele>3559.800000000001</ele><time>2026-04-12T16:00:04Z</time></rtept><rtept lat="37.131713" lon="-106.56243"><ele>3561.0</ele><time>2026-04-12T16:00:04Z</time></rtept><rtept lat="37.131704" lon="-106.562261"><ele>3559.6000000000004</ele><time>2026-04-12T16:00:04Z</time></rtept><rtept lat="37.131765" lon="-106.562059"><ele>3557.6000000000004</ele><time>2026-04-12T16:00:04Z</time></rtept><rtept lat="37.131772" lon="-106.561838"><ele>3556.800000000001</ele><time>2026-04-12T16:00:04Z</time></rtept><rtept lat="37.131766" lon="-106.561785"><ele>3556.6000000000004</ele><time>2026-04-12T16:00:04Z</time></rtept><rtept lat="37.131774" lon="-106.561728"><ele>3556.6000000000004</ele><time>2026-04-12T16:00:04Z</time></rtept><rtept lat="37.131834" lon="-106.561589"><ele>3555.0</ele><time>2026-04-12T16:00:04Z</time></rtept><rtept lat="37.131862" lon="-106.561505"><ele>3553.800000000001</ele><time>2026-04-12T16:00:04Z</time></rtept><rtept lat="37.131863" lon="-106.561485"><ele>3553.800000000001</ele><time>2026-04-12T16:00:04Z</time></rtept><rtept lat="37.131918" lon="-106.561407"><ele>3554.2000000000007</ele><time>2026-04-12T16:00:04Z</time></rtept><rtept lat="37.132062" lon="-106.561393"><ele>3551.6000000000004</ele><time>2026-04-12T16:00:04Z</time></rtept><rtept lat="37.132132" lon="-106.561358"><ele>3552.2000000000007</ele><time>2026-04-12T16:00:04Z</time></rtept><rtept lat="37.13227" lon="-106.561329"><ele>3551.4000000000015</ele><time>2026-04-12T16:00:04Z</time></rtept><rtept lat="37.132385" lon="-106.561351"><ele>3551.2000000000007</ele><time>2026-04-12T16:00:04Z</time></rtept><rtept lat="37.132423" lon="-106.561348"><ele>3551.0</ele><time>2026-04-12T16:00:04Z</time></rtept><rtept lat="37.132482" lon="-106.561302"><ele>3550.6000000000004</ele><time>2026-04-12T16:00:04Z</time></rtept><rtept lat="37.132544" lon="-106.561228"><ele>3550.6000000000004</ele><time>2026-04-12T16:00:04Z</time></rtept><rtept lat="37.132642" lon="-106.560974"><ele>3550.2000000000007</ele><time>2026-04-12T16:00:04Z</time></rtept><rtept lat="37.132659" lon="-106.560929"><ele>3550.2000000000007</ele><time>2026-04-12T16:00:04Z</time></rtept><rtept lat="37.132664" lon="-106.560826"><ele>3550.0</ele><time>2026-04-12T16:00:04Z</time></rtept><rtept lat="37.132652" lon="-106.560702"><ele>3549.6000000000004</ele><time>2026-04-12T16:00:04Z</time></rtept><rtept lat="37.132662" lon="-106.56048"><ele>3548.4000000000015</ele><time>2026-04-12T16:00:04Z</time></rtept><rtept lat="37.13266" lon="-106.560317"><ele>3547.6000000000004</ele><time>2026-04-12T16:00:04Z</time></rtept><rtept lat="37.132654" lon="-106.560273"><ele>3547.6000000000004</ele><time>2026-04-12T16:00:04Z</time></rtept><rtept lat="37.132623" lon="-106.560182"><ele>3547.0</ele><time>2026-04-12T16:00:04Z</time></rtept><rtept lat="37.132618" lon="-106.560084"><ele>3545.800000000001</ele><time>2026-04-12T16:00:04Z</time></rtept><rtept lat="37.132581" lon="-106.559997"><ele>3546.6000000000004</ele><time>2026-04-12T16:00:04Z</time></rtept><rtept lat="37.132574" lon="-106.559949"><ele>3546.6000000000004</ele><time>2026-04-12T16:00:04Z</time></rtept><rtept lat="37.132589" lon="-106.559848"><ele>3545.6000000000004</ele><time>2026-04-12T16:00:04Z</time></rtept><rtept lat="37.132593" lon="-106.559745"><ele>3544.6000000000004</ele><time>2026-04-12T16:00:04Z</time></rtept><rtept lat="37.132629" lon="-106.559561"><ele>3539.4000000000015</ele><time>2026-04-12T16:00:04Z</time></rtept><rtept lat="37.132632" lon="-106.559523"><ele>3539.4000000000015</ele><time>2026-04-12T16:00:04Z</time></rtept><rtept lat="37.132619" lon="-106.559455"><ele>3537.800000000001</ele><time>2026-04-12T16:00:04Z</time></rtept><rtept lat="37.132627" lon="-106.559375"><ele>3535.6000000000004</ele><time>2026-04-12T16:00:04Z</time></rtept><rtept lat="37.132643" lon="-106.559339"><ele>3535.6000000000004</ele><time>2026-04-12T16:00:04Z</time></rtept><rtept lat="37.13275" lon="-106.559265"><ele>3531.4000000000015</ele><time>2026-04-12T16:00:04Z</time></rtept><rtept lat="37.132832" lon="-106.559232"><ele>3531.0</ele><time>2026-04-12T16:00:04Z</time></rtept><rtept lat="37.132906" lon="-106.559236"><ele>3530.6000000000004</ele><time>2026-04-12T16:00:04Z</time></rtept><rtept lat="37.13299" lon="-106.559219"><ele>3528.6000000000004</ele><time>2026-04-12T16:00:04Z</time></rtept><rtept lat="37.133024" lon="-106.559203"><ele>3528.6000000000004</ele><time>2026-04-12T16:00:04Z</time></rtept><rtept lat="37.133159" lon="-106.559051"><ele>3525.4000000000015</ele><time>2026-04-12T16:00:04Z</time></rtept><rtept lat="37.133227" lon="-106.559005"><ele>3526.2000000000007</ele><time>2026-04-12T16:00:04Z</time></rtept><rtept lat="37.133325" lon="-106.558901"><ele>3525.0</ele><time>2026-04-12T16:00:04Z</time></rtept><rtept lat="37.133423" lon="-106.558859"><ele>3522.800000000001</ele><time>2026-04-12T16:00:04Z</time></rtept><rtept lat="37.133516" lon="-106.558804"><ele>3525.800000000001</ele><time>2026-04-12T16:00:04Z</time></rtept><rtept lat="37.133697" lon="-106.558719"><ele>3525.2000000000007</ele><time>2026-04-12T16:00:04Z</time></rtept><rtept lat="37.133775" lon="-106.558631"><ele>3524.4000000000015</ele><time>2026-04-12T16:00:04Z</time></rtept><rtept lat="37.133796" lon="-106.55858"><ele>3520.800000000001</ele><time>2026-04-12T16:00:04Z</time></rtept><rtept lat="37.13391" lon="-106.55849"><ele>3519.2000000000007</ele><time>2026-04-12T16:00:04Z</time></rtept><rtept lat="37.133978" lon="-106.558467"><ele>3518.800000000001</ele><time>2026-04-12T16:00:04Z</time></rtept><rtept lat="37.134041" lon="-106.558464"><ele>3518.800000000001</ele><time>2026-04-12T16:00:04Z</time></rtept><rtept lat="37.134097" lon="-106.558473"><ele>3517.0</ele><time>2026-04-12T16:00:04Z</time></rtept><rtept lat="37.134153" lon="-106.558498"><ele>3514.6000000000004</ele><time>2026-04-12T16:00:04Z</time></rtept><rtept lat="37.134164" lon="-106.558492"><ele>3514.6000000000004</ele><time>2026-04-12T16:00:04Z</time></rtept><rtept lat="37.134152" lon="-106.55842"><ele>3513.0</ele><time>2026-04-12T16:00:04Z</time></rtept><rtept lat="37.134132" lon="-106.55837"><ele>3511.2000000000007</ele><time>2026-04-12T16:00:04Z</time></rtept><rtept lat="37.134085" lon="-106.558338"><ele>3513.0</ele><time>2026-04-12T16:00:04Z</time></rtept><rtept lat="37.134004" lon="-106.558331"><ele>3513.6000000000004</ele><time>2026-04-12T16:00:04Z</time></rtept><rtept lat="37.133975" lon="-106.558312"><ele>3512.800000000001</ele><time>2026-04-12T16:00:04Z</time></rtept><rtept lat="37.133968" lon="-106.558297"><ele>3512.800000000001</ele><time>2026-04-12T16:00:04Z</time></rtept><rtept lat="37.133973" lon="-106.558284"><ele>3508.800000000001</ele><time>2026-04-12T16:00:04Z</time></rtept><rtept lat="37.133989" lon="-106.558278"><ele>3510.0</ele><time>2026-04-12T16:00:04Z</time></rtept><rtept lat="37.13413" lon="-106.558199"><ele>3508.6000000000004</ele><time>2026-04-12T16:00:04Z</time></rtept><rtept lat="37.134235" lon="-106.558222"><ele>3506.0</ele><time>2026-04-12T16:00:04Z</time></rtept><rtept lat="37.134284" lon="-106.558306"><ele>3504.800000000001</ele><time>2026-04-12T16:00:04Z</time></rtept><rtept lat="37.134375" lon="-106.558596"><ele>3506.2000000000007</ele><time>2026-04-12T16:00:04Z</time></rtept><rtept lat="37.134381" lon="-106.558655"><ele>3508.0</ele><time>2026-04-12T16:00:04Z</time></rtept><rtept lat="37.134411" lon="-106.558762"><ele>3505.4000000000015</ele><time>2026-04-12T16:00:04Z</time></rtept><rtept lat="37.134442" lon="-106.55882"><ele>3507.0</ele><time>2026-04-12T16:00:04Z</time></rtept><rtept lat="37.134457" lon="-106.558874"><ele>3502.4000000000015</ele><time>2026-04-12T16:00:04Z</time></rtept><rtept lat="37.134479" lon="-106.558916"><ele>3503.800000000001</ele><time>2026-04-12T16:00:04Z</time></rtept><rtept lat="37.134543" lon="-106.559143"><ele>3502.0</ele><time>2026-04-12T16:00:04Z</time></rtept><rtept lat="37.134547" lon="-106.559221"><ele>3503.4000000000015</ele><time>2026-04-12T16:00:04Z</time></rtept><rtept lat="37.134567" lon="-106.559249"><ele>3504.6000000000004</ele><time>2026-04-12T16:00:04Z</time></rtept><rtept lat="37.134578" lon="-106.559237"><ele>3504.6000000000004</ele><time>2026-04-12T16:00:04Z</time></rtept><rtept lat="37.13459" lon="-106.559216"><ele>3503.4000000000015</ele><time>2026-04-12T16:00:04Z</time></rtept><rtept lat="37.134586" lon="-106.559136"><ele>3502.0</ele><time>2026-04-12T16:00:04Z</time></rtept><rtept lat="37.134578" lon="-106.559036"><ele>3500.6000000000004</ele><time>2026-04-12T16:00:04Z</time></rtept><rtept lat="37.134564" lon="-106.558961"><ele>3499.4000000000015</ele><time>2026-04-12T16:00:04Z</time></rtept><rtept lat="37.134563" lon="-106.558837"><ele>3498.2000000000007</ele><time>2026-04-12T16:00:04Z</time></rtept><rtept lat="37.134545" lon="-106.558678"><ele>3495.4000000000015</ele><time>2026-04-12T16:00:04Z</time></rtept><rtept lat="37.134546" lon="-106.558418"><ele>3490.4000000000015</ele><time>2026-04-12T16:00:04Z</time></rtept><rtept lat="37.134528" lon="-106.558277"><ele>3487.2000000000007</ele><time>2026-04-12T16:00:04Z</time></rtept><rtept lat="37.134535" lon="-106.55823"><ele>3487.2000000000007</ele><time>2026-04-12T16:00:04Z</time></rtept><rtept lat="37.134511" lon="-106.558026"><ele>3486.6000000000004</ele><time>2026-04-12T16:00:04Z</time></rtept><rtept lat="37.134516" lon="-106.557897"><ele>3485.0</ele><time>2026-04-12T16:00:04Z</time></rtept><rtept lat="37.13452" lon="-106.557801"><ele>3483.4000000000015</ele><time>2026-04-12T16:00:04Z</time></rtept><rtept lat="37.134508" lon="-106.55772"><ele>3481.800000000001</ele><time>2026-04-12T16:00:04Z</time></rtept><rtept lat="37.134533" lon="-106.557563"><ele>3476.800000000001</ele><time>2026-04-12T16:00:04Z</time></rtept><rtept lat="37.134274" lon="-106.557023"><ele>3473.800000000001</ele><time>2026-04-12T16:00:04Z</time></rtept><rtept lat="37.134476" lon="-106.557428"><ele>3478.4000000000015</ele><time>2026-04-12T16:00:04Z</time></rtept><rtept lat="37.134274" lon="-106.557023"><ele>3473.800000000001</ele><time>2026-04-12T16:00:04Z</time></rtept><rtept lat="37.134318" lon="-106.55672"><ele>3468.800000000001</ele><time>2026-04-12T16:00:04Z</time></rtept><rtept lat="37.134345" lon="-106.556593"><ele>3468.0</ele><time>2026-04-12T16:00:04Z</time></rtept><rtept lat="37.134361" lon="-106.556546"><ele>3467.4000000000015</ele><time>2026-04-12T16:00:04Z</time></rtept><rtept lat="37.134442" lon="-106.556413"><ele>3466.800000000001</ele><time>2026-04-12T16:00:04Z</time></rtept><rtept lat="37.134444" lon="-106.556398"><ele>3466.800000000001</ele><time>2026-04-12T16:00:04Z</time></rtept><rtept lat="37.134366" lon="-106.556016"><ele>3458.800000000001</ele><time>2026-04-12T16:00:04Z</time></rtept><rtept lat="37.1342" lon="-106.555915"><ele>3455.800000000001</ele><time>2026-04-12T16:00:04Z</time></rtept><rtept lat="37.134077" lon="-106.555894"><ele>3453.2000000000007</ele><time>2026-04-12T16:00:04Z</time></rtept><rtept lat="37.133937" lon="-106.555921"><ele>3451.0</ele><time>2026-04-12T16:00:04Z</time></rtept><rtept lat="37.133905" lon="-106.555917"><ele>3450.2000000000007</ele><time>2026-04-12T16:00:04Z</time></rtept><rtept lat="37.133814" lon="-106.555968"><ele>3450.4000000000015</ele><time>2026-04-12T16:00:04Z</time></rtept><rtept lat="37.133653" lon="-106.555924"><ele>3447.800000000001</ele><time>2026-04-12T16:00:04Z</time></rtept><rtept lat="37.133414" lon="-106.555898"><ele>3444.800000000001</ele><time>2026-04-12T16:00:04Z</time></rtept><rtept lat="37.133172" lon="-106.55578"><ele>3442.2000000000007</ele><time>2026-04-12T16:00:04Z</time></rtept><rtept lat="37.133112" lon="-106.555707"><ele>3441.2000000000007</ele><time>2026-04-12T16:00:04Z</time></rtept><rtept lat="37.133083" lon="-106.555702"><ele>3440.800000000001</ele><time>2026-04-12T16:00:04Z</time></rtept><rtept lat="37.132936" lon="-106.555559"><ele>3439.0</ele><time>2026-04-12T16:00:04Z</time></rtept><rtept lat="37.132887" lon="-106.555544"><ele>3439.0</ele><time>2026-04-12T16:00:04Z</time></rtept><rtept lat="37.132855" lon="-106.555547"><ele>3438.4000000000015</ele><time>2026-04-12T16:00:04Z</time></rtept><rtept lat="37.132787" lon="-106.555575"><ele>3437.6000000000004</ele><time>2026-04-12T16:00:04Z</time></rtept><rtept lat="37.132648" lon="-106.55558"><ele>3436.2000000000007</ele><time>2026-04-12T16:00:04Z</time></rtept><rtept lat="37.132536" lon="-106.555662"><ele>3435.4000000000015</ele><time>2026-04-12T16:00:04Z</time></rtept><rtept lat="37.132509" lon="-106.555656"><ele>3435.4000000000015</ele><time>2026-04-12T16:00:04Z</time></rtept><rtept lat="37.132401" lon="-106.555492"><ele>3433.2000000000007</ele><time>2026-04-12T16:00:04Z</time></rtept><rtept lat="37.132348" lon="-106.555444"><ele>3432.6000000000004</ele><time>2026-04-12T16:00:04Z</time></rtept><rtept lat="37.132308" lon="-106.55536"><ele>3431.6000000000004</ele><time>2026-04-12T16:00:04Z</time></rtept><rtept lat="37.132193" lon="-106.555173"><ele>3429.6000000000004</ele><time>2026-04-12T16:00:04Z</time></rtept><rtept lat="37.132118" lon="-106.555054"><ele>3428.6000000000004</ele><time>2026-04-12T16:00:04Z</time></rtept><rtept lat="37.132091" lon="-106.555029"><ele>3428.6000000000004</ele><time>2026-04-12T16:00:04Z</time></rtept><rtept lat="37.131832" lon="-106.554908"><ele>3426.4000000000015</ele><time>2026-04-12T16:00:04Z</time></rtept><rtept lat="37.131712" lon="-106.554918"><ele>3426.0</ele><time>2026-04-12T16:00:04Z</time></rtept><rtept lat="37.131566" lon="-106.554892"><ele>3425.6000000000004</ele><time>2026-04-12T16:00:04Z</time></rtept><rtept lat="37.131535" lon="-106.55487"><ele>3425.6000000000004</ele><time>2026-04-12T16:00:04Z</time></rtept><rtept lat="37.131483" lon="-106.554854"><ele>3425.4000000000015</ele><time>2026-04-12T16:00:04Z</time></rtept><rtept lat="37.131366" lon="-106.554873"><ele>3425.0</ele><time>2026-04-12T16:00:04Z</time></rtept><rtept lat="37.131296" lon="-106.55485"><ele>3423.800000000001</ele><time>2026-04-12T16:00:04Z</time></rtept><rtept lat="37.131274" lon="-106.554811"><ele>3423.800000000001</ele><time>2026-04-12T16:00:04Z</time></rtept><rtept lat="37.131005" lon="-106.554711"><ele>3421.800000000001</ele><time>2026-04-12T16:00:04Z</time></rtept><rtept lat="37.130943" lon="-106.554658"><ele>3421.2000000000007</ele><time>2026-04-12T16:00:04Z</time></rtept><rtept lat="37.130914" lon="-106.5546"><ele>3421.2000000000007</ele><time>2026-04-12T16:00:04Z</time></rtept><rtept lat="37.13092" lon="-106.554462"><ele>3420.800000000001</ele><time>2026-04-12T16:00:04Z</time></rtept><rtept lat="37.130946" lon="-106.554417"><ele>3420.6000000000004</ele><time>2026-04-12T16:00:04Z</time></rtept><rtept lat="37.130996" lon="-106.554379"><ele>3420.6000000000004</ele><time>2026-04-12T16:00:04Z</time></rtept><rtept lat="37.130994" lon="-106.554331"><ele>3420.6000000000004</ele><time>2026-04-12T16:00:04Z</time></rtept><rtept lat="37.131004" lon="-106.5543"><ele>3420.6000000000004</ele><time>2026-04-12T16:00:04Z</time></rtept><rtept lat="37.131052" lon="-106.554241"><ele>3420.6000000000004</ele><time>2026-04-12T16:00:04Z</time></rtept><rtept lat="37.131095" lon="-106.554209"><ele>3420.6000000000004</ele><time>2026-04-12T16:00:04Z</time></rtept><rtept lat="37.131137" lon="-106.554145"><ele>3420.6000000000004</ele><time>2026-04-12T16:00:04Z</time></rtept><rtept lat="37.13116" lon="-106.554074"><ele>3420.6000000000004</ele><time>2026-04-12T16:00:04Z</time></rtept><rtept lat="37.13121" lon="-106.553838"><ele>3420.800000000001</ele><time>2026-04-12T16:00:04Z</time></rtept><rtept lat="37.131252" lon="-106.553786"><ele>3421.6000000000004</ele><time>2026-04-12T16:00:04Z</time></rtept><rtept lat="37.13132" lon="-106.553758"><ele>3421.800000000001</ele><time>2026-04-12T16:00:04Z</time></rtept><rtept lat="37.131457" lon="-106.553724"><ele>3423.6000000000004</ele><time>2026-04-12T16:00:04Z</time></rtept><rtept lat="37.1316" lon="-106.55371"><ele>3424.0</ele><time>2026-04-12T16:00:04Z</time></rtept><rtept lat="37.131641" lon="-106.553675"><ele>3424.0</ele><time>2026-04-12T16:00:04Z</time></rtept><rtept lat="37.131728" lon="-106.55356"><ele>3425.4000000000015</ele><time>2026-04-12T16:00:04Z</time></rtept><rtept lat="37.131801" lon="-106.553499"><ele>3424.800000000001</ele><time>2026-04-12T16:00:04Z</time></rtept><rtept lat="37.131872" lon="-106.553363"><ele>3424.6000000000004</ele><time>2026-04-12T16:00:04Z</time></rtept><rtept lat="37.131828" lon="-106.553272"><ele>3426.0</ele><time>2026-04-12T16:00:04Z</time></rtept><rtept lat="37.131819" lon="-106.553149"><ele>3426.0</ele><time>2026-04-12T16:00:04Z</time></rtept><rtept lat="37.131725" lon="-106.553113"><ele>3426.800000000001</ele><time>2026-04-12T16:00:04Z</time></rtept><rtept lat="37.131689" lon="-106.55306"><ele>3428.4000000000015</ele><time>2026-04-12T16:00:04Z</time></rtept><rtept lat="37.13167" lon="-106.552959"><ele>3427.2000000000007</ele><time>2026-04-12T16:00:04Z</time></rtept><rtept lat="37.131642" lon="-106.55288"><ele>3428.6000000000004</ele><time>2026-04-12T16:00:04Z</time></rtept><rtept lat="37.131602" lon="-106.552804"><ele>3428.4000000000015</ele><time>2026-04-12T16:00:04Z</time></rtept><rtept lat="37.131597" lon="-106.552726"><ele>3428.0</ele><time>2026-04-12T16:00:04Z</time></rtept><rtept lat="37.131613" lon="-106.552483"><ele>3426.800000000001</ele><time>2026-04-12T16:00:04Z</time></rtept><rtept lat="37.13162" lon="-106.552472"><ele>3426.800000000001</ele><time>2026-04-12T16:00:04Z</time></rtept><rtept lat="37.13159" lon="-106.552396"><ele>3427.0</ele><time>2026-04-12T16:00:04Z</time></rtept><rtept lat="37.131582" lon="-106.552331"><ele>3427.4000000000015</ele><time>2026-04-12T16:00:04Z</time></rtept><rtept lat="37.131598" lon="-106.552263"><ele>3428.2000000000007</ele><time>2026-04-12T16:00:04Z</time></rtept><rtept lat="37.131561" lon="-106.552168"><ele>3430.6000000000004</ele><time>2026-04-12T16:00:04Z</time></rtept><rtept lat="37.131502" lon="-106.552064"><ele>3433.2000000000007</ele><time>2026-04-12T16:00:04Z</time></rtept><rtept lat="37.131475" lon="-106.552039"><ele>3433.2000000000007</ele><time>2026-04-12T16:00:04Z</time></rtept><rtept lat="37.131379" lon="-106.551834"><ele>3435.800000000001</ele><time>2026-04-12T16:00:04Z</time></rtept><rtept lat="37.13137" lon="-106.551768"><ele>3437.0</ele><time>2026-04-12T16:00:04Z</time></rtept><rtept lat="37.131426" lon="-106.55163"><ele>3436.2000000000007</ele><time>2026-04-12T16:00:04Z</time></rtept><rtept lat="37.131416" lon="-106.551549"><ele>3435.800000000001</ele><time>2026-04-12T16:00:04Z</time></rtept><rtept lat="37.131377" lon="-106.551429"><ele>3435.0</ele><time>2026-04-12T16:00:04Z</time></rtept><rtept lat="37.131363" lon="-106.55133"><ele>3433.800000000001</ele><time>2026-04-12T16:00:04Z</time></rtept><rtept lat="37.131368" lon="-106.551238"><ele>3432.800000000001</ele><time>2026-04-12T16:00:04Z</time></rtept><rtept lat="37.131336" lon="-106.551101"><ele>3432.0</ele><time>2026-04-12T16:00:04Z</time></rtept><rtept lat="37.131313" lon="-106.550958"><ele>3430.800000000001</ele><time>2026-04-12T16:00:04Z</time></rtept><rtept lat="37.13126" lon="-106.550774"><ele>3429.800000000001</ele><time>2026-04-12T16:00:04Z</time></rtept><rtept lat="37.131252" lon="-106.550683"><ele>3429.4000000000015</ele><time>2026-04-12T16:00:04Z</time></rtept><rtept lat="37.131282" lon="-106.550587"><ele>3429.2000000000007</ele><time>2026-04-12T16:00:04Z</time></rtept><rtept lat="37.131292" lon="-106.550532"><ele>3429.2000000000007</ele><time>2026-04-12T16:00:04Z</time></rtept><rtept lat="37.131231" lon="-106.550354"><ele>3428.800000000001</ele><time>2026-04-12T16:00:04Z</time></rtept><rtept lat="37.131182" lon="-106.550306"><ele>3428.800000000001</ele><time>2026-04-12T16:00:04Z</time></rtept><rtept lat="37.13117" lon="-106.550221"><ele>3428.800000000001</ele><time>2026-04-12T16:00:04Z</time></rtept><rtept lat="37.131144" lon="-106.549942"><ele>3428.6000000000004</ele><time>2026-04-12T16:00:04Z</time></rtept><rtept lat="37.131158" lon="-106.549906"><ele>3428.6000000000004</ele><time>2026-04-12T16:00:04Z</time></rtept><rtept lat="37.131158" lon="-106.549906"><ele>3428.6000000000004</ele><time>2026-04-12T16:00:04Z</time></rtept></rte></gpx>