<?xml version="1.0" ?><gpx xmlns="http://www.topografix.com/GPX/1/1" creator="GaiaGPS" version="1.1" xmlns:xsi="http://www.w3.org/2001/XMLSchema-instance" xsi:schemaLocation="http://www.topografix.com/GPX/1/1 http://www.topografix.com/GPX/1/1/gpx.xsd"><rte><name>TD30:S7:D5 Dipping Lakes to Cumbres Pass</name><desc>Water-rich final day — 7 named streams in last 15 miles. Big final descent to Cumbres Pass TH (CO 17). TRIP COMPLETE.</desc><extensions><line xmlns="http://www.topografix.com/GPX/gpx_style/0/2"><color>E834EC</color></line></extensions><rtept lat="37.131158" lon="-106.549906"><ele>3428.6</ele><time>2026-04-11T16:50:50Z</time></rtept><rtept lat="37.131168" lon="-106.549847"><ele>3428.6</ele><time>2026-04-11T16:50:50Z</time></rtept><rtept lat="37.131164" lon="-106.549784"><ele>3428.6</ele><time>2026-04-11T16:50:50Z</time></rtept><rtept lat="37.131133" lon="-106.549748"><ele>3428.6</ele><time>2026-04-11T16:50:50Z</time></rtept><rtept lat="37.131072" lon="-106.549741"><ele>3428.6</ele><time>2026-04-11T16:50:50Z</time></rtept><rtept lat="37.131007" lon="-106.549718"><ele>3428.6</ele><time>2026-04-11T16:50:50Z</time></rtept><rtept lat="37.130942" lon="-106.549678"><ele>3429.0</ele><time>2026-04-11T16:50:50Z</time></rtept><rtept lat="37.130909" lon="-106.549622"><ele>3429.0</ele><time>2026-04-11T16:50:50Z</time></rtept><rtept lat="37.130888" lon="-106.549515"><ele>3429.8</ele><time>2026-04-11T16:50:50Z</time></rtept><rtept lat="37.130743" lon="-106.549444"><ele>3430.2</ele><time>2026-04-11T16:50:50Z</time></rtept><rtept lat="37.13068" lon="-106.549428"><ele>3430.4</ele><time>2026-04-11T16:50:50Z</time></rtept><rtept lat="37.13058" lon="-106.549341"><ele>3430.8</ele><time>2026-04-11T16:50:50Z</time></rtept><rtept lat="37.130553" lon="-106.549269"><ele>3431.2</ele><time>2026-04-11T16:50:50Z</time></rtept><rtept lat="37.130465" lon="-106.549137"><ele>3431.6</ele><time>2026-04-11T16:50:50Z</time></rtept><rtept lat="37.13043" lon="-106.54906"><ele>3432.2</ele><time>2026-04-11T16:50:50Z</time></rtept><rtept lat="37.130443" lon="-106.54897"><ele>3432.6</ele><time>2026-04-11T16:50:50Z</time></rtept><rtept lat="37.130412" lon="-106.548875"><ele>3433.2</ele><time>2026-04-11T16:50:50Z</time></rtept><rtept lat="37.130293" lon="-106.548701"><ele>3434.2</ele><time>2026-04-11T16:50:50Z</time></rtept><rtept lat="37.130237" lon="-106.548634"><ele>3434.8</ele><time>2026-04-11T16:50:50Z</time></rtept><rtept lat="37.1302" lon="-106.548557"><ele>3435.2</ele><time>2026-04-11T16:50:50Z</time></rtept><rtept lat="37.13014" lon="-106.548509"><ele>3435.0</ele><time>2026-04-11T16:50:50Z</time></rtept><rtept lat="37.130073" lon="-106.548482"><ele>3435.4</ele><time>2026-04-11T16:50:50Z</time></rtept><rtept lat="37.130044" lon="-106.548414"><ele>3436.2</ele><time>2026-04-11T16:50:50Z</time></rtept><rtept lat="37.130069" lon="-106.548218"><ele>3437.6</ele><time>2026-04-11T16:50:50Z</time></rtept><rtept lat="37.130126" lon="-106.548"><ele>3439.4</ele><time>2026-04-11T16:50:50Z</time></rtept><rtept lat="37.130123" lon="-106.54794"><ele>3440.4</ele><time>2026-04-11T16:50:50Z</time></rtept><rtept lat="37.130168" lon="-106.547771"><ele>3442.6</ele><time>2026-04-11T16:50:50Z</time></rtept><rtept lat="37.130154" lon="-106.547734"><ele>3442.6</ele><time>2026-04-11T16:50:50Z</time></rtept><rtept lat="37.130183" lon="-106.547647"><ele>3443.4</ele><time>2026-04-11T16:50:50Z</time></rtept><rtept lat="37.130186" lon="-106.547566"><ele>3444.4</ele><time>2026-04-11T16:50:50Z</time></rtept><rtept lat="37.130116" lon="-106.547031"><ele>3453.4</ele><time>2026-04-11T16:50:50Z</time></rtept><rtept lat="37.130009" lon="-106.546936"><ele>3455.0</ele><time>2026-04-11T16:50:50Z</time></rtept><rtept lat="37.129919" lon="-106.546948"><ele>3453.6</ele><time>2026-04-11T16:50:50Z</time></rtept><rtept lat="37.12983" lon="-106.546851"><ele>3455.0</ele><time>2026-04-11T16:50:50Z</time></rtept><rtept lat="37.129764" lon="-106.546757"><ele>3456.4</ele><time>2026-04-11T16:50:50Z</time></rtept><rtept lat="37.129742" lon="-106.546697"><ele>3458.6</ele><time>2026-04-11T16:50:50Z</time></rtept><rtept lat="37.129663" lon="-106.546672"><ele>3457.0</ele><time>2026-04-11T16:50:50Z</time></rtept><rtept lat="37.129639" lon="-106.54663"><ele>3457.0</ele><time>2026-04-11T16:50:50Z</time></rtept><rtept lat="37.129539" lon="-106.546579"><ele>3458.2</ele><time>2026-04-11T16:50:50Z</time></rtept><rtept lat="37.12951" lon="-106.546526"><ele>3457.2</ele><time>2026-04-11T16:50:50Z</time></rtept><rtept lat="37.129454" lon="-106.546305"><ele>3462.8</ele><time>2026-04-11T16:50:50Z</time></rtept><rtept lat="37.12946" lon="-106.546242"><ele>3464.8</ele><time>2026-04-11T16:50:50Z</time></rtept><rtept lat="37.129436" lon="-106.546192"><ele>3464.8</ele><time>2026-04-11T16:50:50Z</time></rtept><rtept lat="37.129439" lon="-106.546116"><ele>3466.8</ele><time>2026-04-11T16:50:50Z</time></rtept><rtept lat="37.129401" lon="-106.54608"><ele>3468.8</ele><time>2026-04-11T16:50:50Z</time></rtept><rtept lat="37.129328" lon="-106.545949"><ele>3469.2</ele><time>2026-04-11T16:50:50Z</time></rtept><rtept lat="37.129255" lon="-106.545886"><ele>3468.2</ele><time>2026-04-11T16:50:50Z</time></rtept><rtept lat="37.129219" lon="-106.545843"><ele>3468.2</ele><time>2026-04-11T16:50:50Z</time></rtept><rtept lat="37.129247" lon="-106.545799"><ele>3470.4</ele><time>2026-04-11T16:50:50Z</time></rtept><rtept lat="37.12938" lon="-106.545767"><ele>3473.4</ele><time>2026-04-11T16:50:50Z</time></rtept><rtept lat="37.129407" lon="-106.545781"><ele>3474.8</ele><time>2026-04-11T16:50:50Z</time></rtept><rtept lat="37.129436" lon="-106.545773"><ele>3474.8</ele><time>2026-04-11T16:50:50Z</time></rtept><rtept lat="37.129457" lon="-106.54573"><ele>3477.0</ele><time>2026-04-11T16:50:50Z</time></rtept><rtept lat="37.129406" lon="-106.545695"><ele>3477.0</ele><time>2026-04-11T16:50:50Z</time></rtept><rtept lat="37.129296" lon="-106.545658"><ele>3476.0</ele><time>2026-04-11T16:50:50Z</time></rtept><rtept lat="37.129247" lon="-106.545619"><ele>3474.6</ele><time>2026-04-11T16:50:50Z</time></rtept><rtept lat="37.129216" lon="-106.545569"><ele>3477.0</ele><time>2026-04-11T16:50:50Z</time></rtept><rtept lat="37.12908" lon="-106.545469"><ele>3476.8</ele><time>2026-04-11T16:50:50Z</time></rtept><rtept lat="37.129056" lon="-106.54543"><ele>3476.8</ele><time>2026-04-11T16:50:50Z</time></rtept><rtept lat="37.129074" lon="-106.545375"><ele>3479.6</ele><time>2026-04-11T16:50:50Z</time></rtept><rtept lat="37.129109" lon="-106.545323"><ele>3482.4</ele><time>2026-04-11T16:50:50Z</time></rtept><rtept lat="37.129132" lon="-106.545091"><ele>3488.0</ele><time>2026-04-11T16:50:50Z</time></rtept><rtept lat="37.129173" lon="-106.544897"><ele>3490.4</ele><time>2026-04-11T16:50:50Z</time></rtept><rtept lat="37.129203" lon="-106.544487"><ele>3496.0</ele><time>2026-04-11T16:50:50Z</time></rtept><rtept lat="37.129195" lon="-106.544244"><ele>3498.6</ele><time>2026-04-11T16:50:50Z</time></rtept><rtept lat="37.129208" lon="-106.544085"><ele>3500.2</ele><time>2026-04-11T16:50:50Z</time></rtept><rtept lat="37.129205" lon="-106.543845"><ele>3502.8</ele><time>2026-04-11T16:50:50Z</time></rtept><rtept lat="37.129248" lon="-106.543774"><ele>3503.8</ele><time>2026-04-11T16:50:50Z</time></rtept><rtept lat="37.129261" lon="-106.543697"><ele>3503.4</ele><time>2026-04-11T16:50:50Z</time></rtept><rtept lat="37.129239" lon="-106.543623"><ele>3504.8</ele><time>2026-04-11T16:50:50Z</time></rtept><rtept lat="37.129285" lon="-106.543572"><ele>3505.6</ele><time>2026-04-11T16:50:50Z</time></rtept><rtept lat="37.129335" lon="-106.543496"><ele>3506.8</ele><time>2026-04-11T16:50:50Z</time></rtept><rtept lat="37.129391" lon="-106.543394"><ele>3508.0</ele><time>2026-04-11T16:50:50Z</time></rtept><rtept lat="37.129407" lon="-106.543346"><ele>3509.0</ele><time>2026-04-11T16:50:50Z</time></rtept><rtept lat="37.129446" lon="-106.543304"><ele>3509.0</ele><time>2026-04-11T16:50:50Z</time></rtept><rtept lat="37.129513" lon="-106.543207"><ele>3510.2</ele><time>2026-04-11T16:50:50Z</time></rtept><rtept lat="37.129488" lon="-106.542993"><ele>3513.2</ele><time>2026-04-11T16:50:50Z</time></rtept><rtept lat="37.129473" lon="-106.542922"><ele>3513.2</ele><time>2026-04-11T16:50:50Z</time></rtept><rtept lat="37.129479" lon="-106.54285"><ele>3514.0</ele><time>2026-04-11T16:50:50Z</time></rtept><rtept lat="37.129447" lon="-106.54252"><ele>3517.6</ele><time>2026-04-11T16:50:50Z</time></rtept><rtept lat="37.129464" lon="-106.542451"><ele>3518.6</ele><time>2026-04-11T16:50:50Z</time></rtept><rtept lat="37.129469" lon="-106.542392"><ele>3519.6</ele><time>2026-04-11T16:50:50Z</time></rtept><rtept lat="37.129353" lon="-106.542331"><ele>3519.8</ele><time>2026-04-11T16:50:50Z</time></rtept><rtept lat="37.129299" lon="-106.542312"><ele>3521.2</ele><time>2026-04-11T16:50:50Z</time></rtept><rtept lat="37.12924" lon="-106.542305"><ele>3521.4</ele><time>2026-04-11T16:50:50Z</time></rtept><rtept lat="37.129139" lon="-106.542341"><ele>3520.4</ele><time>2026-04-11T16:50:50Z</time></rtept><rtept lat="37.1291" lon="-106.542339"><ele>3520.6</ele><time>2026-04-11T16:50:50Z</time></rtept><rtept lat="37.129055" lon="-106.54235"><ele>3520.6</ele><time>2026-04-11T16:50:50Z</time></rtept><rtept lat="37.128987" lon="-106.542409"><ele>3519.8</ele><time>2026-04-11T16:50:50Z</time></rtept><rtept lat="37.129025" lon="-106.542262"><ele>3522.2</ele><time>2026-04-11T16:50:50Z</time></rtept><rtept lat="37.129014" lon="-106.542192"><ele>3523.2</ele><time>2026-04-11T16:50:50Z</time></rtept><rtept lat="37.129148" lon="-106.541966"><ele>3526.6</ele><time>2026-04-11T16:50:50Z</time></rtept><rtept lat="37.129272" lon="-106.541923"><ele>3526.0</ele><time>2026-04-11T16:50:50Z</time></rtept><rtept lat="37.1293" lon="-106.541859"><ele>3527.6</ele><time>2026-04-11T16:50:50Z</time></rtept><rtept lat="37.129332" lon="-106.541818"><ele>3527.2</ele><time>2026-04-11T16:50:50Z</time></rtept><rtept lat="37.129356" lon="-106.541741"><ele>3529.2</ele><time>2026-04-11T16:50:50Z</time></rtept><rtept lat="37.129399" lon="-106.541699"><ele>3530.6</ele><time>2026-04-11T16:50:50Z</time></rtept><rtept lat="37.129426" lon="-106.541584"><ele>3532.8</ele><time>2026-04-11T16:50:50Z</time></rtept><rtept lat="37.129467" lon="-106.541551"><ele>3532.2</ele><time>2026-04-11T16:50:50Z</time></rtept><rtept lat="37.129462" lon="-106.541529"><ele>3534.4</ele><time>2026-04-11T16:50:50Z</time></rtept><rtept lat="37.129381" lon="-106.541541"><ele>3535.4</ele><time>2026-04-11T16:50:50Z</time></rtept><rtept lat="37.129296" lon="-106.541492"><ele>3536.0</ele><time>2026-04-11T16:50:50Z</time></rtept><rtept lat="37.129288" lon="-106.541419"><ele>3538.2</ele><time>2026-04-11T16:50:50Z</time></rtept><rtept lat="37.129284" lon="-106.541226"><ele>3543.2</ele><time>2026-04-11T16:50:50Z</time></rtept><rtept lat="37.129312" lon="-106.541151"><ele>3545.8</ele><time>2026-04-11T16:50:50Z</time></rtept><rtept lat="37.12932" lon="-106.54104"><ele>3548.4</ele><time>2026-04-11T16:50:50Z</time></rtept><rtept lat="37.129358" lon="-106.540865"><ele>3553.8</ele><time>2026-04-11T16:50:50Z</time></rtept><rtept lat="37.129447" lon="-106.540835"><ele>3556.4</ele><time>2026-04-11T16:50:50Z</time></rtept><rtept lat="37.129487" lon="-106.54081"><ele>3555.6</ele><time>2026-04-11T16:50:50Z</time></rtept><rtept lat="37.129611" lon="-106.540705"><ele>3557.4</ele><time>2026-04-11T16:50:50Z</time></rtept><rtept lat="37.129679" lon="-106.540615"><ele>3560.0</ele><time>2026-04-11T16:50:50Z</time></rtept><rtept lat="37.129729" lon="-106.540607"><ele>3560.0</ele><time>2026-04-11T16:50:50Z</time></rtept><rtept lat="37.129761" lon="-106.540573"><ele>3562.2</ele><time>2026-04-11T16:50:50Z</time></rtept><rtept lat="37.129784" lon="-106.54053"><ele>3562.2</ele><time>2026-04-11T16:50:50Z</time></rtept><rtept lat="37.129799" lon="-106.540403"><ele>3567.6</ele><time>2026-04-11T16:50:50Z</time></rtept><rtept lat="37.129721" lon="-106.540374"><ele>3568.4</ele><time>2026-04-11T16:50:50Z</time></rtept><rtept lat="37.129674" lon="-106.540337"><ele>3570.8</ele><time>2026-04-11T16:50:50Z</time></rtept><rtept lat="37.129594" lon="-106.540239"><ele>3574.6</ele><time>2026-04-11T16:50:50Z</time></rtept><rtept lat="37.129554" lon="-106.540207"><ele>3574.6</ele><time>2026-04-11T16:50:50Z</time></rtept><rtept lat="37.12934" lon="-106.540194"><ele>3576.8</ele><time>2026-04-11T16:50:50Z</time></rtept><rtept lat="37.129238" lon="-106.540219"><ele>3578.2</ele><time>2026-04-11T16:50:50Z</time></rtept><rtept lat="37.129132" lon="-106.540222"><ele>3579.0</ele><time>2026-04-11T16:50:50Z</time></rtept><rtept lat="37.129078" lon="-106.54025"><ele>3579.8</ele><time>2026-04-11T16:50:50Z</time></rtept><rtept lat="37.128992" lon="-106.540249"><ele>3580.4</ele><time>2026-04-11T16:50:50Z</time></rtept><rtept lat="37.128959" lon="-106.540237"><ele>3581.0</ele><time>2026-04-11T16:50:50Z</time></rtept><rtept lat="37.128945" lon="-106.540218"><ele>3581.0</ele><time>2026-04-11T16:50:50Z</time></rtept><rtept lat="37.128951" lon="-106.540161"><ele>3583.2</ele><time>2026-04-11T16:50:50Z</time></rtept><rtept lat="37.129033" lon="-106.540081"><ele>3584.8</ele><time>2026-04-11T16:50:50Z</time></rtept><rtept lat="37.129058" lon="-106.540038"><ele>3584.0</ele><time>2026-04-11T16:50:50Z</time></rtept><rtept lat="37.129072" lon="-106.539989"><ele>3586.0</ele><time>2026-04-11T16:50:50Z</time></rtept><rtept lat="37.129102" lon="-106.539941"><ele>3586.0</ele><time>2026-04-11T16:50:50Z</time></rtept><rtept lat="37.129126" lon="-106.53988"><ele>3586.8</ele><time>2026-04-11T16:50:50Z</time></rtept><rtept lat="37.129195" lon="-106.539773"><ele>3587.4</ele><time>2026-04-11T16:50:50Z</time></rtept><rtept lat="37.129204" lon="-106.539708"><ele>3588.8</ele><time>2026-04-11T16:50:50Z</time></rtept><rtept lat="37.129152" lon="-106.539601"><ele>3591.8</ele><time>2026-04-11T16:50:50Z</time></rtept><rtept lat="37.129195" lon="-106.539391"><ele>3594.4</ele><time>2026-04-11T16:50:50Z</time></rtept><rtept lat="37.129265" lon="-106.539226"><ele>3595.8</ele><time>2026-04-11T16:50:50Z</time></rtept><rtept lat="37.129296" lon="-106.539104"><ele>3597.0</ele><time>2026-04-11T16:50:50Z</time></rtept><rtept lat="37.129291" lon="-106.539084"><ele>3597.0</ele><time>2026-04-11T16:50:50Z</time></rtept><rtept lat="37.129065" lon="-106.53881"><ele>3602.4</ele><time>2026-04-11T16:50:50Z</time></rtept><rtept lat="37.129043" lon="-106.538754"><ele>3604.4</ele><time>2026-04-11T16:50:50Z</time></rtept><rtept lat="37.129055" lon="-106.538686"><ele>3604.0</ele><time>2026-04-11T16:50:50Z</time></rtept><rtept lat="37.12906" lon="-106.538539"><ele>3604.8</ele><time>2026-04-11T16:50:50Z</time></rtept><rtept lat="37.129164" lon="-106.538291"><ele>3604.4</ele><time>2026-04-11T16:50:50Z</time></rtept><rtept lat="37.129221" lon="-106.538083"><ele>3604.4</ele><time>2026-04-11T16:50:50Z</time></rtept><rtept lat="37.129286" lon="-106.537958"><ele>3604.0</ele><time>2026-04-11T16:50:50Z</time></rtept><rtept lat="37.129344" lon="-106.537807"><ele>3604.0</ele><time>2026-04-11T16:50:50Z</time></rtept><rtept lat="37.129425" lon="-106.537684"><ele>3603.8</ele><time>2026-04-11T16:50:50Z</time></rtept><rtept lat="37.129492" lon="-106.537537"><ele>3603.8</ele><time>2026-04-11T16:50:50Z</time></rtept><rtept lat="37.129599" lon="-106.537397"><ele>3603.4</ele><time>2026-04-11T16:50:50Z</time></rtept><rtept lat="37.129639" lon="-106.53733"><ele>3603.4</ele><time>2026-04-11T16:50:50Z</time></rtept><rtept lat="37.129644" lon="-106.537233"><ele>3603.6</ele><time>2026-04-11T16:50:50Z</time></rtept><rtept lat="37.129666" lon="-106.537139"><ele>3603.4</ele><time>2026-04-11T16:50:50Z</time></rtept><rtept lat="37.129657" lon="-106.536983"><ele>3603.6</ele><time>2026-04-11T16:50:50Z</time></rtept><rtept lat="37.129644" lon="-106.536901"><ele>3603.4</ele><time>2026-04-11T16:50:50Z</time></rtept><rtept lat="37.129571" lon="-106.53678"><ele>3603.6</ele><time>2026-04-11T16:50:50Z</time></rtept><rtept lat="37.129564" lon="-106.53664"><ele>3603.4</ele><time>2026-04-11T16:50:50Z</time></rtept><rtept lat="37.129539" lon="-106.536515"><ele>3603.2</ele><time>2026-04-11T16:50:50Z</time></rtept><rtept lat="37.129523" lon="-106.536322"><ele>3603.2</ele><time>2026-04-11T16:50:50Z</time></rtept><rtept lat="37.129524" lon="-106.536242"><ele>3603.0</ele><time>2026-04-11T16:50:50Z</time></rtept><rtept lat="37.129475" lon="-106.536072"><ele>3602.6</ele><time>2026-04-11T16:50:50Z</time></rtept><rtept lat="37.129364" lon="-106.535891"><ele>3602.4</ele><time>2026-04-11T16:50:50Z</time></rtept><rtept lat="37.129187" lon="-106.535661"><ele>3601.8</ele><time>2026-04-11T16:50:50Z</time></rtept><rtept lat="37.129096" lon="-106.535527"><ele>3601.4</ele><time>2026-04-11T16:50:50Z</time></rtept><rtept lat="37.128983" lon="-106.535431"><ele>3601.2</ele><time>2026-04-11T16:50:50Z</time></rtept><rtept lat="37.128675" lon="-106.535011"><ele>3600.2</ele><time>2026-04-11T16:50:50Z</time></rtept><rtept lat="37.128537" lon="-106.534866"><ele>3600.0</ele><time>2026-04-11T16:50:50Z</time></rtept><rtept lat="37.128486" lon="-106.534828"><ele>3599.8</ele><time>2026-04-11T16:50:50Z</time></rtept><rtept lat="37.128381" lon="-106.534728"><ele>3599.6</ele><time>2026-04-11T16:50:50Z</time></rtept><rtept lat="37.128162" lon="-106.534584"><ele>3599.2</ele><time>2026-04-11T16:50:50Z</time></rtept><rtept lat="37.128052" lon="-106.534529"><ele>3599.4</ele><time>2026-04-11T16:50:50Z</time></rtept><rtept lat="37.127938" lon="-106.534505"><ele>3599.2</ele><time>2026-04-11T16:50:50Z</time></rtept><rtept lat="37.1278" lon="-106.534526"><ele>3600.0</ele><time>2026-04-11T16:50:50Z</time></rtept><rtept lat="37.127739" lon="-106.534519"><ele>3600.2</ele><time>2026-04-11T16:50:50Z</time></rtept><rtept lat="37.127681" lon="-106.534491"><ele>3600.2</ele><time>2026-04-11T16:50:50Z</time></rtept><rtept lat="37.127616" lon="-106.534458"><ele>3600.2</ele><time>2026-04-11T16:50:50Z</time></rtept><rtept lat="37.127556" lon="-106.534409"><ele>3600.2</ele><time>2026-04-11T16:50:50Z</time></rtept><rtept lat="37.127382" lon="-106.534239"><ele>3601.2</ele><time>2026-04-11T16:50:50Z</time></rtept><rtept lat="37.12731" lon="-106.534096"><ele>3601.6</ele><time>2026-04-11T16:50:50Z</time></rtept><rtept lat="37.127264" lon="-106.534026"><ele>3602.0</ele><time>2026-04-11T16:50:50Z</time></rtept><rtept lat="37.127235" lon="-106.53395"><ele>3601.8</ele><time>2026-04-11T16:50:50Z</time></rtept><rtept lat="37.12716" lon="-106.533803"><ele>3601.8</ele><time>2026-04-11T16:50:50Z</time></rtept><rtept lat="37.127103" lon="-106.533741"><ele>3602.4</ele><time>2026-04-11T16:50:50Z</time></rtept><rtept lat="37.127036" lon="-106.533634"><ele>3602.4</ele><time>2026-04-11T16:50:50Z</time></rtept><rtept lat="37.127006" lon="-106.533569"><ele>3602.4</ele><time>2026-04-11T16:50:50Z</time></rtept><rtept lat="37.126919" lon="-106.533448"><ele>3603.0</ele><time>2026-04-11T16:50:50Z</time></rtept><rtept lat="37.126682" lon="-106.533"><ele>3603.4</ele><time>2026-04-11T16:50:50Z</time></rtept><rtept lat="37.126552" lon="-106.532731"><ele>3603.6</ele><time>2026-04-11T16:50:50Z</time></rtept><rtept lat="37.126497" lon="-106.53265"><ele>3603.6</ele><time>2026-04-11T16:50:50Z</time></rtept><rtept lat="37.126447" lon="-106.532501"><ele>3603.6</ele><time>2026-04-11T16:50:50Z</time></rtept><rtept lat="37.126361" lon="-106.532385"><ele>3603.6</ele><time>2026-04-11T16:50:50Z</time></rtept><rtept lat="37.126244" lon="-106.532165"><ele>3603.4</ele><time>2026-04-11T16:50:50Z</time></rtept><rtept lat="37.126037" lon="-106.531821"><ele>3603.0</ele><time>2026-04-11T16:50:50Z</time></rtept><rtept lat="37.125864" lon="-106.531564"><ele>3602.6</ele><time>2026-04-11T16:50:50Z</time></rtept><rtept lat="37.125589" lon="-106.531254"><ele>3601.6</ele><time>2026-04-11T16:50:50Z</time></rtept><rtept lat="37.1255" lon="-106.531134"><ele>3601.6</ele><time>2026-04-11T16:50:50Z</time></rtept><rtept lat="37.125439" lon="-106.530977"><ele>3601.2</ele><time>2026-04-11T16:50:50Z</time></rtept><rtept lat="37.12539" lon="-106.530824"><ele>3601.0</ele><time>2026-04-11T16:50:50Z</time></rtept><rtept lat="37.12537" lon="-106.530742"><ele>3600.8</ele><time>2026-04-11T16:50:50Z</time></rtept><rtept lat="37.125301" lon="-106.530556"><ele>3599.8</ele><time>2026-04-11T16:50:50Z</time></rtept><rtept lat="37.125267" lon="-106.530374"><ele>3598.4</ele><time>2026-04-11T16:50:50Z</time></rtept><rtept lat="37.125119" lon="-106.530176"><ele>3596.4</ele><time>2026-04-11T16:50:50Z</time></rtept><rtept lat="37.12506" lon="-106.530016"><ele>3595.0</ele><time>2026-04-11T16:50:50Z</time></rtept><rtept lat="37.125013" lon="-106.52976"><ele>3593.0</ele><time>2026-04-11T16:50:50Z</time></rtept><rtept lat="37.124983" lon="-106.529671"><ele>3591.6</ele><time>2026-04-11T16:50:50Z</time></rtept><rtept lat="37.124964" lon="-106.529575"><ele>3590.8</ele><time>2026-04-11T16:50:50Z</time></rtept><rtept lat="37.124944" lon="-106.529368"><ele>3588.6</ele><time>2026-04-11T16:50:50Z</time></rtept><rtept lat="37.124947" lon="-106.529281"><ele>3588.2</ele><time>2026-04-11T16:50:50Z</time></rtept><rtept lat="37.124967" lon="-106.5292"><ele>3587.6</ele><time>2026-04-11T16:50:50Z</time></rtept><rtept lat="37.124972" lon="-106.52912"><ele>3586.8</ele><time>2026-04-11T16:50:50Z</time></rtept><rtept lat="37.124991" lon="-106.529057"><ele>3586.0</ele><time>2026-04-11T16:50:50Z</time></rtept><rtept lat="37.124951" lon="-106.529007"><ele>3585.2</ele><time>2026-04-11T16:50:50Z</time></rtept><rtept lat="37.124892" lon="-106.528848"><ele>3584.8</ele><time>2026-04-11T16:50:50Z</time></rtept><rtept lat="37.12476" lon="-106.528623"><ele>3584.0</ele><time>2026-04-11T16:50:50Z</time></rtept><rtept lat="37.124738" lon="-106.528562"><ele>3583.6</ele><time>2026-04-11T16:50:50Z</time></rtept><rtept lat="37.124554" lon="-106.528203"><ele>3582.8</ele><time>2026-04-11T16:50:50Z</time></rtept><rtept lat="37.124525" lon="-106.528098"><ele>3582.4</ele><time>2026-04-11T16:50:50Z</time></rtept><rtept lat="37.124493" lon="-106.528034"><ele>3582.2</ele><time>2026-04-11T16:50:50Z</time></rtept><rtept lat="37.124378" lon="-106.527858"><ele>3581.8</ele><time>2026-04-11T16:50:50Z</time></rtept><rtept lat="37.124237" lon="-106.527597"><ele>3581.2</ele><time>2026-04-11T16:50:50Z</time></rtept><rtept lat="37.123961" lon="-106.527322"><ele>3580.8</ele><time>2026-04-11T16:50:50Z</time></rtept><rtept lat="37.123816" lon="-106.527219"><ele>3580.8</ele><time>2026-04-11T16:50:50Z</time></rtept><rtept lat="37.123727" lon="-106.527088"><ele>3580.8</ele><time>2026-04-11T16:50:50Z</time></rtept><rtept lat="37.123672" lon="-106.527053"><ele>3581.0</ele><time>2026-04-11T16:50:50Z</time></rtept><rtept lat="37.123611" lon="-106.527045"><ele>3581.0</ele><time>2026-04-11T16:50:50Z</time></rtept><rtept lat="37.123482" lon="-106.526853"><ele>3581.6</ele><time>2026-04-11T16:50:50Z</time></rtept><rtept lat="37.123422" lon="-106.526793"><ele>3581.8</ele><time>2026-04-11T16:50:50Z</time></rtept><rtept lat="37.123362" lon="-106.526759"><ele>3582.2</ele><time>2026-04-11T16:50:50Z</time></rtept><rtept lat="37.123297" lon="-106.526743"><ele>3582.4</ele><time>2026-04-11T16:50:50Z</time></rtept><rtept lat="37.123193" lon="-106.526741"><ele>3582.6</ele><time>2026-04-11T16:50:50Z</time></rtept><rtept lat="37.123027" lon="-106.52669"><ele>3583.4</ele><time>2026-04-11T16:50:50Z</time></rtept><rtept lat="37.122684" lon="-106.526555"><ele>3583.6</ele><time>2026-04-11T16:50:50Z</time></rtept><rtept lat="37.122628" lon="-106.526511"><ele>3584.2</ele><time>2026-04-11T16:50:50Z</time></rtept><rtept lat="37.122566" lon="-106.526481"><ele>3584.2</ele><time>2026-04-11T16:50:50Z</time></rtept><rtept lat="37.122514" lon="-106.52647"><ele>3584.2</ele><time>2026-04-11T16:50:50Z</time></rtept><rtept lat="37.122455" lon="-106.526481"><ele>3584.2</ele><time>2026-04-11T16:50:50Z</time></rtept><rtept lat="37.122326" lon="-106.526532"><ele>3583.6</ele><time>2026-04-11T16:50:50Z</time></rtept><rtept lat="37.121956" lon="-106.52679"><ele>3580.6</ele><time>2026-04-11T16:50:50Z</time></rtept><rtept lat="37.121819" lon="-106.526866"><ele>3580.0</ele><time>2026-04-11T16:50:50Z</time></rtept><rtept lat="37.121756" lon="-106.52689"><ele>3578.2</ele><time>2026-04-11T16:50:50Z</time></rtept><rtept lat="37.121623" lon="-106.526886"><ele>3577.2</ele><time>2026-04-11T16:50:50Z</time></rtept><rtept lat="37.121488" lon="-106.526854"><ele>3577.4</ele><time>2026-04-11T16:50:50Z</time></rtept><rtept lat="37.121428" lon="-106.526805"><ele>3576.4</ele><time>2026-04-11T16:50:50Z</time></rtept><rtept lat="37.121328" lon="-106.526671"><ele>3577.8</ele><time>2026-04-11T16:50:50Z</time></rtept><rtept lat="37.121205" lon="-106.526445"><ele>3578.0</ele><time>2026-04-11T16:50:50Z</time></rtept><rtept lat="37.12106" lon="-106.526156"><ele>3580.0</ele><time>2026-04-11T16:50:50Z</time></rtept><rtept lat="37.121016" lon="-106.526086"><ele>3579.4</ele><time>2026-04-11T16:50:50Z</time></rtept><rtept lat="37.120995" lon="-106.525996"><ele>3579.6</ele><time>2026-04-11T16:50:50Z</time></rtept><rtept lat="37.120873" lon="-106.525651"><ele>3578.4</ele><time>2026-04-11T16:50:50Z</time></rtept><rtept lat="37.120787" lon="-106.525452"><ele>3578.6</ele><time>2026-04-11T16:50:50Z</time></rtept><rtept lat="37.120697" lon="-106.525286"><ele>3577.2</ele><time>2026-04-11T16:50:50Z</time></rtept><rtept lat="37.120653" lon="-106.525236"><ele>3578.4</ele><time>2026-04-11T16:50:50Z</time></rtept><rtept lat="37.120545" lon="-106.525167"><ele>3574.8</ele><time>2026-04-11T16:50:50Z</time></rtept><rtept lat="37.120506" lon="-106.525123"><ele>3575.8</ele><time>2026-04-11T16:50:50Z</time></rtept><rtept lat="37.12047" lon="-106.525066"><ele>3575.2</ele><time>2026-04-11T16:50:50Z</time></rtept><rtept lat="37.120385" lon="-106.524826"><ele>3575.6</ele><time>2026-04-11T16:50:50Z</time></rtept><rtept lat="37.120326" lon="-106.524733"><ele>3574.6</ele><time>2026-04-11T16:50:50Z</time></rtept><rtept lat="37.12029" lon="-106.524705"><ele>3574.2</ele><time>2026-04-11T16:50:50Z</time></rtept><rtept lat="37.120237" lon="-106.524602"><ele>3575.2</ele><time>2026-04-11T16:50:50Z</time></rtept><rtept lat="37.120155" lon="-106.524489"><ele>3574.6</ele><time>2026-04-11T16:50:50Z</time></rtept><rtept lat="37.12011" lon="-106.524361"><ele>3575.2</ele><time>2026-04-11T16:50:50Z</time></rtept><rtept lat="37.12006" lon="-106.524064"><ele>3577.8</ele><time>2026-04-11T16:50:50Z</time></rtept><rtept lat="37.120005" lon="-106.52392"><ele>3578.8</ele><time>2026-04-11T16:50:50Z</time></rtept><rtept lat="37.119939" lon="-106.523809"><ele>3578.2</ele><time>2026-04-11T16:50:50Z</time></rtept><rtept lat="37.119896" lon="-106.523674"><ele>3580.4</ele><time>2026-04-11T16:50:50Z</time></rtept><rtept lat="37.119755" lon="-106.523406"><ele>3580.6</ele><time>2026-04-11T16:50:50Z</time></rtept><rtept lat="37.11971" lon="-106.523345"><ele>3580.4</ele><time>2026-04-11T16:50:50Z</time></rtept><rtept lat="37.119552" lon="-106.523227"><ele>3579.2</ele><time>2026-04-11T16:50:50Z</time></rtept><rtept lat="37.119443" lon="-106.523121"><ele>3578.4</ele><time>2026-04-11T16:50:50Z</time></rtept><rtept lat="37.119394" lon="-106.523065"><ele>3578.4</ele><time>2026-04-11T16:50:50Z</time></rtept><rtept lat="37.119297" lon="-106.522922"><ele>3579.0</ele><time>2026-04-11T16:50:50Z</time></rtept><rtept lat="37.119277" lon="-106.522882"><ele>3579.0</ele><time>2026-04-11T16:50:50Z</time></rtept><rtept lat="37.119267" lon="-106.522807"><ele>3579.8</ele><time>2026-04-11T16:50:50Z</time></rtept><rtept lat="37.119263" lon="-106.522565"><ele>3581.0</ele><time>2026-04-11T16:50:50Z</time></rtept><rtept lat="37.119255" lon="-106.522479"><ele>3581.6</ele><time>2026-04-11T16:50:50Z</time></rtept><rtept lat="37.119218" lon="-106.522401"><ele>3582.2</ele><time>2026-04-11T16:50:50Z</time></rtept><rtept lat="37.119162" lon="-106.522352"><ele>3581.8</ele><time>2026-04-11T16:50:50Z</time></rtept><rtept lat="37.119099" lon="-106.522319"><ele>3582.0</ele><time>2026-04-11T16:50:50Z</time></rtept><rtept lat="37.118896" lon="-106.522229"><ele>3580.8</ele><time>2026-04-11T16:50:50Z</time></rtept><rtept lat="37.118678" lon="-106.522155"><ele>3578.4</ele><time>2026-04-11T16:50:50Z</time></rtept><rtept lat="37.118611" lon="-106.522115"><ele>3578.4</ele><time>2026-04-11T16:50:50Z</time></rtept><rtept lat="37.118544" lon="-106.522089"><ele>3577.4</ele><time>2026-04-11T16:50:50Z</time></rtept><rtept lat="37.118422" lon="-106.522076"><ele>3576.0</ele><time>2026-04-11T16:50:50Z</time></rtept><rtept lat="37.118292" lon="-106.522021"><ele>3576.2</ele><time>2026-04-11T16:50:50Z</time></rtept><rtept lat="37.118339" lon="-106.522051"><ele>3576.6</ele><time>2026-04-11T16:50:50Z</time></rtept><rtept lat="37.118305" lon="-106.522031"><ele>3576.2</ele><time>2026-04-11T16:50:50Z</time></rtept><rtept lat="37.118256" lon="-106.521996"><ele>3576.2</ele><time>2026-04-11T16:50:50Z</time></rtept><rtept lat="37.118208" lon="-106.521939"><ele>3576.8</ele><time>2026-04-11T16:50:50Z</time></rtept><rtept lat="37.117815" lon="-106.521617"><ele>3577.2</ele><time>2026-04-11T16:50:50Z</time></rtept><rtept lat="37.117706" lon="-106.521492"><ele>3577.6</ele><time>2026-04-11T16:50:50Z</time></rtept><rtept lat="37.117639" lon="-106.521445"><ele>3578.2</ele><time>2026-04-11T16:50:50Z</time></rtept><rtept lat="37.117509" lon="-106.521373"><ele>3578.0</ele><time>2026-04-11T16:50:50Z</time></rtept><rtept lat="37.117509" lon="-106.521373"><ele>3578.0</ele><time>2026-04-11T16:50:50Z</time></rtept><rtept lat="37.117317" lon="-106.521302"><ele>3577.2</ele><time>2026-04-11T16:50:50Z</time></rtept><rtept lat="37.117247" lon="-106.521287"><ele>3577.6</ele><time>2026-04-11T16:50:50Z</time></rtept><rtept lat="37.117119" lon="-106.521275"><ele>3577.4</ele><time>2026-04-11T16:50:50Z</time></rtept><rtept lat="37.116973" lon="-106.521233"><ele>3577.2</ele><time>2026-04-11T16:50:50Z</time></rtept><rtept lat="37.116901" lon="-106.521223"><ele>3577.2</ele><time>2026-04-11T16:50:50Z</time></rtept><rtept lat="37.116618" lon="-106.521149"><ele>3577.6</ele><time>2026-04-11T16:50:50Z</time></rtept><rtept lat="37.116548" lon="-106.521138"><ele>3577.8</ele><time>2026-04-11T16:50:50Z</time></rtept><rtept lat="37.116478" lon="-106.521147"><ele>3577.8</ele><time>2026-04-11T16:50:50Z</time></rtept><rtept lat="37.116426" lon="-106.521181"><ele>3578.0</ele><time>2026-04-11T16:50:50Z</time></rtept><rtept lat="37.116363" lon="-106.521193"><ele>3578.0</ele><time>2026-04-11T16:50:50Z</time></rtept><rtept lat="37.116293" lon="-106.521192"><ele>3578.2</ele><time>2026-04-11T16:50:50Z</time></rtept><rtept lat="37.116223" lon="-106.521183"><ele>3578.4</ele><time>2026-04-11T16:50:50Z</time></rtept><rtept lat="37.116085" lon="-106.521191"><ele>3578.8</ele><time>2026-04-11T16:50:50Z</time></rtept><rtept lat="37.116023" lon="-106.521163"><ele>3579.0</ele><time>2026-04-11T16:50:50Z</time></rtept><rtept lat="37.115951" lon="-106.521158"><ele>3579.4</ele><time>2026-04-11T16:50:50Z</time></rtept><rtept lat="37.115886" lon="-106.521127"><ele>3579.6</ele><time>2026-04-11T16:50:50Z</time></rtept><rtept lat="37.115744" lon="-106.521078"><ele>3580.8</ele><time>2026-04-11T16:50:50Z</time></rtept><rtept lat="37.115679" lon="-106.521041"><ele>3581.2</ele><time>2026-04-11T16:50:50Z</time></rtept><rtept lat="37.115457" lon="-106.521002"><ele>3582.8</ele><time>2026-04-11T16:50:50Z</time></rtept><rtept lat="37.115307" lon="-106.520957"><ele>3583.4</ele><time>2026-04-11T16:50:50Z</time></rtept><rtept lat="37.115172" lon="-106.520888"><ele>3584.6</ele><time>2026-04-11T16:50:50Z</time></rtept><rtept lat="37.115042" lon="-106.520834"><ele>3585.6</ele><time>2026-04-11T16:50:50Z</time></rtept><rtept lat="37.114977" lon="-106.520832"><ele>3585.8</ele><time>2026-04-11T16:50:50Z</time></rtept><rtept lat="37.114846" lon="-106.520807"><ele>3586.0</ele><time>2026-04-11T16:50:50Z</time></rtept><rtept lat="37.114696" lon="-106.520758"><ele>3586.2</ele><time>2026-04-11T16:50:50Z</time></rtept><rtept lat="37.114588" lon="-106.520745"><ele>3586.0</ele><time>2026-04-11T16:50:50Z</time></rtept><rtept lat="37.114465" lon="-106.520748"><ele>3584.8</ele><time>2026-04-11T16:50:50Z</time></rtept><rtept lat="37.114269" lon="-106.520765"><ele>3584.2</ele><time>2026-04-11T16:50:50Z</time></rtept><rtept lat="37.113703" lon="-106.52051"><ele>3585.6</ele><time>2026-04-11T16:50:50Z</time></rtept><rtept lat="37.113515" lon="-106.520406"><ele>3585.8</ele><time>2026-04-11T16:50:50Z</time></rtept><rtept lat="37.113448" lon="-106.520379"><ele>3585.2</ele><time>2026-04-11T16:50:50Z</time></rtept><rtept lat="37.113381" lon="-106.520333"><ele>3584.4</ele><time>2026-04-11T16:50:50Z</time></rtept><rtept lat="37.113312" lon="-106.520304"><ele>3583.6</ele><time>2026-04-11T16:50:50Z</time></rtept><rtept lat="37.11317" lon="-106.520278"><ele>3582.0</ele><time>2026-04-11T16:50:50Z</time></rtept><rtept lat="37.113047" lon="-106.520202"><ele>3582.2</ele><time>2026-04-11T16:50:50Z</time></rtept><rtept lat="37.11298" lon="-106.520173"><ele>3582.4</ele><time>2026-04-11T16:50:50Z</time></rtept><rtept lat="37.112911" lon="-106.520129"><ele>3582.2</ele><time>2026-04-11T16:50:50Z</time></rtept><rtept lat="37.112839" lon="-106.520099"><ele>3582.0</ele><time>2026-04-11T16:50:50Z</time></rtept><rtept lat="37.112774" lon="-106.520056"><ele>3582.4</ele><time>2026-04-11T16:50:50Z</time></rtept><rtept lat="37.112653" lon="-106.519992"><ele>3582.8</ele><time>2026-04-11T16:50:50Z</time></rtept><rtept lat="37.112535" lon="-106.519906"><ele>3583.4</ele><time>2026-04-11T16:50:50Z</time></rtept><rtept lat="37.11247" lon="-106.519874"><ele>3583.4</ele><time>2026-04-11T16:50:50Z</time></rtept><rtept lat="37.112278" lon="-106.51975"><ele>3583.6</ele><time>2026-04-11T16:50:50Z</time></rtept><rtept lat="37.112087" lon="-106.519682"><ele>3584.0</ele><time>2026-04-11T16:50:50Z</time></rtept><rtept lat="37.11188" lon="-106.519674"><ele>3584.4</ele><time>2026-04-11T16:50:50Z</time></rtept><rtept lat="37.11181" lon="-106.519644"><ele>3585.4</ele><time>2026-04-11T16:50:50Z</time></rtept><rtept lat="37.11162" lon="-106.519537"><ele>3587.0</ele><time>2026-04-11T16:50:50Z</time></rtept><rtept lat="37.111562" lon="-106.519487"><ele>3587.6</ele><time>2026-04-11T16:50:50Z</time></rtept><rtept lat="37.111309" lon="-106.51935"><ele>3589.0</ele><time>2026-04-11T16:50:50Z</time></rtept><rtept lat="37.111244" lon="-106.519324"><ele>3589.2</ele><time>2026-04-11T16:50:50Z</time></rtept><rtept lat="37.111008" lon="-106.51915"><ele>3590.8</ele><time>2026-04-11T16:50:50Z</time></rtept><rtept lat="37.110941" lon="-106.519117"><ele>3591.4</ele><time>2026-04-11T16:50:50Z</time></rtept><rtept lat="37.110818" lon="-106.519041"><ele>3592.4</ele><time>2026-04-11T16:50:50Z</time></rtept><rtept lat="37.110616" lon="-106.518975"><ele>3593.0</ele><time>2026-04-11T16:50:50Z</time></rtept><rtept lat="37.110349" lon="-106.518849"><ele>3595.8</ele><time>2026-04-11T16:50:50Z</time></rtept><rtept lat="37.10996" lon="-106.518783"><ele>3598.4</ele><time>2026-04-11T16:50:50Z</time></rtept><rtept lat="37.109832" lon="-106.518773"><ele>3599.2</ele><time>2026-04-11T16:50:50Z</time></rtept><rtept lat="37.109769" lon="-106.518754"><ele>3599.4</ele><time>2026-04-11T16:50:50Z</time></rtept><rtept lat="37.109573" lon="-106.518725"><ele>3600.0</ele><time>2026-04-11T16:50:50Z</time></rtept><rtept lat="37.109373" lon="-106.518679"><ele>3601.6</ele><time>2026-04-11T16:50:50Z</time></rtept><rtept lat="37.109243" lon="-106.518677"><ele>3602.0</ele><time>2026-04-11T16:50:50Z</time></rtept><rtept lat="37.109108" lon="-106.518657"><ele>3602.6</ele><time>2026-04-11T16:50:50Z</time></rtept><rtept lat="37.108977" lon="-106.518652"><ele>3603.6</ele><time>2026-04-11T16:50:50Z</time></rtept><rtept lat="37.108045" lon="-106.518768"><ele>3612.0</ele><time>2026-04-11T16:50:50Z</time></rtept><rtept lat="37.107943" lon="-106.518824"><ele>3612.4</ele><time>2026-04-11T16:50:50Z</time></rtept><rtept lat="37.107888" lon="-106.518846"><ele>3613.4</ele><time>2026-04-11T16:50:50Z</time></rtept><rtept lat="37.107836" lon="-106.518879"><ele>3613.4</ele><time>2026-04-11T16:50:50Z</time></rtept><rtept lat="37.107782" lon="-106.518901"><ele>3613.0</ele><time>2026-04-11T16:50:50Z</time></rtept><rtept lat="37.107725" lon="-106.518917"><ele>3614.2</ele><time>2026-04-11T16:50:50Z</time></rtept><rtept lat="37.107601" lon="-106.518918"><ele>3616.4</ele><time>2026-04-11T16:50:50Z</time></rtept><rtept lat="37.10751" lon="-106.51901"><ele>3616.0</ele><time>2026-04-11T16:50:50Z</time></rtept><rtept lat="37.10722" lon="-106.519164"><ele>3616.8</ele><time>2026-04-11T16:50:50Z</time></rtept><rtept lat="37.107063" lon="-106.51928"><ele>3618.4</ele><time>2026-04-11T16:50:50Z</time></rtept><rtept lat="37.106958" lon="-106.519336"><ele>3618.0</ele><time>2026-04-11T16:50:50Z</time></rtept><rtept lat="37.106906" lon="-106.51935"><ele>3618.8</ele><time>2026-04-11T16:50:50Z</time></rtept><rtept lat="37.106826" lon="-106.519327"><ele>3619.4</ele><time>2026-04-11T16:50:50Z</time></rtept><rtept lat="37.106751" lon="-106.519291"><ele>3621.2</ele><time>2026-04-11T16:50:50Z</time></rtept><rtept lat="37.106683" lon="-106.519194"><ele>3622.4</ele><time>2026-04-11T16:50:50Z</time></rtept><rtept lat="37.106623" lon="-106.519088"><ele>3623.4</ele><time>2026-04-11T16:50:50Z</time></rtept><rtept lat="37.106577" lon="-106.519027"><ele>3624.2</ele><time>2026-04-11T16:50:50Z</time></rtept><rtept lat="37.106503" lon="-106.518833"><ele>3625.4</ele><time>2026-04-11T16:50:50Z</time></rtept><rtept lat="37.106424" lon="-106.518812"><ele>3625.6</ele><time>2026-04-11T16:50:50Z</time></rtept><rtept lat="37.106247" lon="-106.518748"><ele>3627.6</ele><time>2026-04-11T16:50:50Z</time></rtept><rtept lat="37.106128" lon="-106.518743"><ele>3628.2</ele><time>2026-04-11T16:50:50Z</time></rtept><rtept lat="37.106022" lon="-106.518753"><ele>3629.6</ele><time>2026-04-11T16:50:50Z</time></rtept><rtept lat="37.105972" lon="-106.518787"><ele>3630.4</ele><time>2026-04-11T16:50:50Z</time></rtept><rtept lat="37.105926" lon="-106.518844"><ele>3630.2</ele><time>2026-04-11T16:50:50Z</time></rtept><rtept lat="37.105876" lon="-106.518887"><ele>3631.2</ele><time>2026-04-11T16:50:50Z</time></rtept><rtept lat="37.105821" lon="-106.518922"><ele>3632.8</ele><time>2026-04-11T16:50:50Z</time></rtept><rtept lat="37.10576" lon="-106.518954"><ele>3633.8</ele><time>2026-04-11T16:50:50Z</time></rtept><rtept lat="37.105699" lon="-106.518971"><ele>3634.6</ele><time>2026-04-11T16:50:50Z</time></rtept><rtept lat="37.105585" lon="-106.519034"><ele>3635.4</ele><time>2026-04-11T16:50:50Z</time></rtept><rtept lat="37.105465" lon="-106.519087"><ele>3635.8</ele><time>2026-04-11T16:50:50Z</time></rtept><rtept lat="37.1054" lon="-106.519087"><ele>3636.0</ele><time>2026-04-11T16:50:50Z</time></rtept><rtept lat="37.105201" lon="-106.519121"><ele>3636.8</ele><time>2026-04-11T16:50:50Z</time></rtept><rtept lat="37.105062" lon="-106.519117"><ele>3637.6</ele><time>2026-04-11T16:50:50Z</time></rtept><rtept lat="37.10505" lon="-106.519109"><ele>3637.6</ele><time>2026-04-11T16:50:50Z</time></rtept><rtept lat="37.104998" lon="-106.519117"><ele>3638.0</ele><time>2026-04-11T16:50:50Z</time></rtept><rtept lat="37.10488" lon="-106.519179"><ele>3638.6</ele><time>2026-04-11T16:50:50Z</time></rtept><rtept lat="37.104743" lon="-106.519178"><ele>3639.8</ele><time>2026-04-11T16:50:50Z</time></rtept><rtept lat="37.10468" lon="-106.519178"><ele>3640.4</ele><time>2026-04-11T16:50:50Z</time></rtept><rtept lat="37.104574" lon="-106.51919"><ele>3641.0</ele><time>2026-04-11T16:50:50Z</time></rtept><rtept lat="37.104483" lon="-106.51923"><ele>3641.4</ele><time>2026-04-11T16:50:50Z</time></rtept><rtept lat="37.104346" lon="-106.519247"><ele>3642.4</ele><time>2026-04-11T16:50:50Z</time></rtept><rtept lat="37.10421" lon="-106.519282"><ele>3643.6</ele><time>2026-04-11T16:50:50Z</time></rtept><rtept lat="37.104075" lon="-106.51928"><ele>3644.8</ele><time>2026-04-11T16:50:50Z</time></rtept><rtept lat="37.104007" lon="-106.519292"><ele>3645.4</ele><time>2026-04-11T16:50:50Z</time></rtept><rtept lat="37.103876" lon="-106.519282"><ele>3646.6</ele><time>2026-04-11T16:50:50Z</time></rtept><rtept lat="37.10366" lon="-106.519302"><ele>3648.0</ele><time>2026-04-11T16:50:50Z</time></rtept><rtept lat="37.103328" lon="-106.519378"><ele>3649.6</ele><time>2026-04-11T16:50:50Z</time></rtept><rtept lat="37.103242" lon="-106.519375"><ele>3650.4</ele><time>2026-04-11T16:50:50Z</time></rtept><rtept lat="37.103076" lon="-106.519351"><ele>3651.2</ele><time>2026-04-11T16:50:50Z</time></rtept><rtept lat="37.102885" lon="-106.519292"><ele>3652.8</ele><time>2026-04-11T16:50:50Z</time></rtept><rtept lat="37.102824" lon="-106.519264"><ele>3653.2</ele><time>2026-04-11T16:50:50Z</time></rtept><rtept lat="37.102631" lon="-106.5192"><ele>3655.0</ele><time>2026-04-11T16:50:50Z</time></rtept><rtept lat="37.102582" lon="-106.519147"><ele>3655.0</ele><time>2026-04-11T16:50:50Z</time></rtept><rtept lat="37.102511" lon="-106.51909"><ele>3656.2</ele><time>2026-04-11T16:50:50Z</time></rtept><rtept lat="37.10248" lon="-106.519083"><ele>3656.4</ele><time>2026-04-11T16:50:50Z</time></rtept><rtept lat="37.102424" lon="-106.51905"><ele>3657.8</ele><time>2026-04-11T16:50:50Z</time></rtept><rtept lat="37.102365" lon="-106.519032"><ele>3657.8</ele><time>2026-04-11T16:50:50Z</time></rtept><rtept lat="37.102302" lon="-106.519023"><ele>3658.0</ele><time>2026-04-11T16:50:50Z</time></rtept><rtept lat="37.102244" lon="-106.518998"><ele>3658.2</ele><time>2026-04-11T16:50:50Z</time></rtept><rtept lat="37.102121" lon="-106.518934"><ele>3659.6</ele><time>2026-04-11T16:50:50Z</time></rtept><rtept lat="37.102074" lon="-106.518894"><ele>3659.8</ele><time>2026-04-11T16:50:50Z</time></rtept><rtept lat="37.101892" lon="-106.518854"><ele>3661.0</ele><time>2026-04-11T16:50:50Z</time></rtept><rtept lat="37.10182" lon="-106.518815"><ele>3661.2</ele><time>2026-04-11T16:50:50Z</time></rtept><rtept lat="37.101629" lon="-106.518813"><ele>3662.0</ele><time>2026-04-11T16:50:50Z</time></rtept><rtept lat="37.101446" lon="-106.518854"><ele>3663.0</ele><time>2026-04-11T16:50:50Z</time></rtept><rtept lat="37.101387" lon="-106.518862"><ele>3663.4</ele><time>2026-04-11T16:50:50Z</time></rtept><rtept lat="37.101344" lon="-106.518883"><ele>3663.4</ele><time>2026-04-11T16:50:50Z</time></rtept><rtept lat="37.101209" lon="-106.51893"><ele>3663.6</ele><time>2026-04-11T16:50:50Z</time></rtept><rtept lat="37.101156" lon="-106.518957"><ele>3663.8</ele><time>2026-04-11T16:50:50Z</time></rtept><rtept lat="37.101104" lon="-106.518971"><ele>3664.2</ele><time>2026-04-11T16:50:50Z</time></rtept><rtept lat="37.101012" lon="-106.518979"><ele>3664.0</ele><time>2026-04-11T16:50:50Z</time></rtept><rtept lat="37.100962" lon="-106.518993"><ele>3664.4</ele><time>2026-04-11T16:50:50Z</time></rtept><rtept lat="37.100853" lon="-106.519043"><ele>3664.6</ele><time>2026-04-11T16:50:50Z</time></rtept><rtept lat="37.100799" lon="-106.519038"><ele>3665.0</ele><time>2026-04-11T16:50:50Z</time></rtept><rtept lat="37.100697" lon="-106.519068"><ele>3665.4</ele><time>2026-04-11T16:50:50Z</time></rtept><rtept lat="37.100474" lon="-106.519103"><ele>3667.0</ele><time>2026-04-11T16:50:50Z</time></rtept><rtept lat="37.100454" lon="-106.519093"><ele>3667.0</ele><time>2026-04-11T16:50:50Z</time></rtept><rtept lat="37.10028" lon="-106.519096"><ele>3668.8</ele><time>2026-04-11T16:50:50Z</time></rtept><rtept lat="37.100108" lon="-106.519125"><ele>3670.0</ele><time>2026-04-11T16:50:50Z</time></rtept><rtept lat="37.1" lon="-106.51916"><ele>3670.8</ele><time>2026-04-11T16:50:50Z</time></rtept><rtept lat="37.099939" lon="-106.51916"><ele>3671.2</ele><time>2026-04-11T16:50:50Z</time></rtept><rtept lat="37.099717" lon="-106.519262"><ele>3672.2</ele><time>2026-04-11T16:50:50Z</time></rtept><rtept lat="37.099656" lon="-106.519278"><ele>3672.4</ele><time>2026-04-11T16:50:50Z</time></rtept><rtept lat="37.099604" lon="-106.519302"><ele>3672.8</ele><time>2026-04-11T16:50:50Z</time></rtept><rtept lat="37.099541" lon="-106.519313"><ele>3673.0</ele><time>2026-04-11T16:50:50Z</time></rtept><rtept lat="37.099414" lon="-106.519315"><ele>3673.0</ele><time>2026-04-11T16:50:50Z</time></rtept><rtept lat="37.099151" lon="-106.519286"><ele>3673.6</ele><time>2026-04-11T16:50:50Z</time></rtept><rtept lat="37.098957" lon="-106.519293"><ele>3674.0</ele><time>2026-04-11T16:50:50Z</time></rtept><rtept lat="37.09879" lon="-106.519323"><ele>3674.2</ele><time>2026-04-11T16:50:50Z</time></rtept><rtept lat="37.098733" lon="-106.519341"><ele>3674.2</ele><time>2026-04-11T16:50:50Z</time></rtept><rtept lat="37.098675" lon="-106.519349"><ele>3674.2</ele><time>2026-04-11T16:50:50Z</time></rtept><rtept lat="37.098512" lon="-106.519409"><ele>3674.8</ele><time>2026-04-11T16:50:50Z</time></rtept><rtept lat="37.098385" lon="-106.519436"><ele>3675.0</ele><time>2026-04-11T16:50:50Z</time></rtept><rtept lat="37.098023" lon="-106.519548"><ele>3675.2</ele><time>2026-04-11T16:50:50Z</time></rtept><rtept lat="37.097911" lon="-106.519546"><ele>3675.0</ele><time>2026-04-11T16:50:50Z</time></rtept><rtept lat="37.097725" lon="-106.519582"><ele>3675.8</ele><time>2026-04-11T16:50:50Z</time></rtept><rtept lat="37.097664" lon="-106.519587"><ele>3676.2</ele><time>2026-04-11T16:50:50Z</time></rtept><rtept lat="37.097606" lon="-106.519602"><ele>3676.8</ele><time>2026-04-11T16:50:50Z</time></rtept><rtept lat="37.097431" lon="-106.519662"><ele>3679.2</ele><time>2026-04-11T16:50:50Z</time></rtept><rtept lat="37.097314" lon="-106.519684"><ele>3681.6</ele><time>2026-04-11T16:50:50Z</time></rtept><rtept lat="37.097194" lon="-106.519745"><ele>3683.6</ele><time>2026-04-11T16:50:50Z</time></rtept><rtept lat="37.097133" lon="-106.519759"><ele>3684.2</ele><time>2026-04-11T16:50:50Z</time></rtept><rtept lat="37.097019" lon="-106.519801"><ele>3684.6</ele><time>2026-04-11T16:50:50Z</time></rtept><rtept lat="37.096884" lon="-106.519819"><ele>3685.0</ele><time>2026-04-11T16:50:50Z</time></rtept><rtept lat="37.096828" lon="-106.519815"><ele>3685.4</ele><time>2026-04-11T16:50:50Z</time></rtept><rtept lat="37.096706" lon="-106.519837"><ele>3686.0</ele><time>2026-04-11T16:50:50Z</time></rtept><rtept lat="37.096485" lon="-106.519842"><ele>3686.6</ele><time>2026-04-11T16:50:50Z</time></rtept><rtept lat="37.096325" lon="-106.519869"><ele>3687.0</ele><time>2026-04-11T16:50:50Z</time></rtept><rtept lat="37.09621" lon="-106.519881"><ele>3687.2</ele><time>2026-04-11T16:50:50Z</time></rtept><rtept lat="37.09609" lon="-106.519876"><ele>3687.6</ele><time>2026-04-11T16:50:50Z</time></rtept><rtept lat="37.096031" lon="-106.519883"><ele>3687.8</ele><time>2026-04-11T16:50:50Z</time></rtept><rtept lat="37.095842" lon="-106.519882"><ele>3688.4</ele><time>2026-04-11T16:50:50Z</time></rtept><rtept lat="37.095779" lon="-106.519892"><ele>3688.6</ele><time>2026-04-11T16:50:50Z</time></rtept><rtept lat="37.095599" lon="-106.51989"><ele>3689.2</ele><time>2026-04-11T16:50:50Z</time></rtept><rtept lat="37.094945" lon="-106.519911"><ele>3695.8</ele><time>2026-04-11T16:50:50Z</time></rtept><rtept lat="37.094855" lon="-106.51989"><ele>3696.2</ele><time>2026-04-11T16:50:50Z</time></rtept><rtept lat="37.094677" lon="-106.519872"><ele>3697.0</ele><time>2026-04-11T16:50:50Z</time></rtept><rtept lat="37.094556" lon="-106.519874"><ele>3697.4</ele><time>2026-04-11T16:50:50Z</time></rtept><rtept lat="37.094437" lon="-106.519865"><ele>3698.0</ele><time>2026-04-11T16:50:50Z</time></rtept><rtept lat="37.094308" lon="-106.519881"><ele>3698.4</ele><time>2026-04-11T16:50:50Z</time></rtept><rtept lat="37.094066" lon="-106.51994"><ele>3699.4</ele><time>2026-04-11T16:50:50Z</time></rtept><rtept lat="37.094009" lon="-106.519967"><ele>3699.4</ele><time>2026-04-11T16:50:50Z</time></rtept><rtept lat="37.093898" lon="-106.520034"><ele>3700.2</ele><time>2026-04-11T16:50:50Z</time></rtept><rtept lat="37.093785" lon="-106.520089"><ele>3700.6</ele><time>2026-04-11T16:50:50Z</time></rtept><rtept lat="37.093394" lon="-106.520318"><ele>3702.2</ele><time>2026-04-11T16:50:50Z</time></rtept><rtept lat="37.093276" lon="-106.520375"><ele>3702.8</ele><time>2026-04-11T16:50:50Z</time></rtept><rtept lat="37.093033" lon="-106.520508"><ele>3703.2</ele><time>2026-04-11T16:50:50Z</time></rtept><rtept lat="37.092856" lon="-106.520614"><ele>3703.2</ele><time>2026-04-11T16:50:50Z</time></rtept><rtept lat="37.092233" lon="-106.521033"><ele>3702.2</ele><time>2026-04-11T16:50:50Z</time></rtept><rtept lat="37.091889" lon="-106.521274"><ele>3697.8</ele><time>2026-04-11T16:50:50Z</time></rtept><rtept lat="37.091233" lon="-106.521114"><ele>3707.0</ele><time>2026-04-11T16:50:50Z</time></rtept><rtept lat="37.090584" lon="-106.521066"><ele>3710.8</ele><time>2026-04-11T16:50:50Z</time></rtept><rtept lat="37.090527" lon="-106.521088"><ele>3711.2</ele><time>2026-04-11T16:50:50Z</time></rtept><rtept lat="37.090364" lon="-106.52112"><ele>3711.4</ele><time>2026-04-11T16:50:50Z</time></rtept><rtept lat="37.0902" lon="-106.521139"><ele>3712.4</ele><time>2026-04-11T16:50:50Z</time></rtept><rtept lat="37.090089" lon="-106.521168"><ele>3712.0</ele><time>2026-04-11T16:50:50Z</time></rtept><rtept lat="37.090034" lon="-106.521189"><ele>3712.0</ele><time>2026-04-11T16:50:50Z</time></rtept><rtept lat="37.089935" lon="-106.521211"><ele>3712.6</ele><time>2026-04-11T16:50:50Z</time></rtept><rtept lat="37.089835" lon="-106.521247"><ele>3712.4</ele><time>2026-04-11T16:50:50Z</time></rtept><rtept lat="37.089613" lon="-106.521258"><ele>3711.8</ele><time>2026-04-11T16:50:50Z</time></rtept><rtept lat="37.089601" lon="-106.521254"><ele>3711.8</ele><time>2026-04-11T16:50:50Z</time></rtept><rtept lat="37.089498" lon="-106.521176"><ele>3711.2</ele><time>2026-04-11T16:50:50Z</time></rtept><rtept lat="37.089418" lon="-106.521095"><ele>3710.4</ele><time>2026-04-11T16:50:50Z</time></rtept><rtept lat="37.089285" lon="-106.520913"><ele>3710.2</ele><time>2026-04-11T16:50:50Z</time></rtept><rtept lat="37.089148" lon="-106.520756"><ele>3708.0</ele><time>2026-04-11T16:50:50Z</time></rtept><rtept lat="37.089055" lon="-106.52062"><ele>3702.8</ele><time>2026-04-11T16:50:50Z</time></rtept><rtept lat="37.089013" lon="-106.52052"><ele>3702.4</ele><time>2026-04-11T16:50:50Z</time></rtept><rtept lat="37.088936" lon="-106.520379"><ele>3700.0</ele><time>2026-04-11T16:50:50Z</time></rtept><rtept lat="37.088846" lon="-106.52023"><ele>3699.6</ele><time>2026-04-11T16:50:50Z</time></rtept><rtept lat="37.088939" lon="-106.52012"><ele>3700.2</ele><time>2026-04-11T16:50:50Z</time></rtept><rtept lat="37.089026" lon="-106.520054"><ele>3699.4</ele><time>2026-04-11T16:50:50Z</time></rtept><rtept lat="37.089133" lon="-106.519936"><ele>3698.0</ele><time>2026-04-11T16:50:50Z</time></rtept><rtept lat="37.089277" lon="-106.519826"><ele>3694.4</ele><time>2026-04-11T16:50:50Z</time></rtept><rtept lat="37.089302" lon="-106.519797"><ele>3694.8</ele><time>2026-04-11T16:50:50Z</time></rtept><rtept lat="37.089336" lon="-106.519776"><ele>3694.8</ele><time>2026-04-11T16:50:50Z</time></rtept><rtept lat="37.089361" lon="-106.51975"><ele>3695.2</ele><time>2026-04-11T16:50:50Z</time></rtept><rtept lat="37.08937" lon="-106.519732"><ele>3692.0</ele><time>2026-04-11T16:50:50Z</time></rtept><rtept lat="37.089368" lon="-106.519719"><ele>3692.0</ele><time>2026-04-11T16:50:50Z</time></rtept><rtept lat="37.089276" lon="-106.519688"><ele>3691.0</ele><time>2026-04-11T16:50:50Z</time></rtept><rtept lat="37.089186" lon="-106.519672"><ele>3690.8</ele><time>2026-04-11T16:50:50Z</time></rtept><rtept lat="37.088992" lon="-106.519551"><ele>3683.0</ele><time>2026-04-11T16:50:50Z</time></rtept><rtept lat="37.088954" lon="-106.519535"><ele>3683.0</ele><time>2026-04-11T16:50:50Z</time></rtept><rtept lat="37.088451" lon="-106.519373"><ele>3675.4</ele><time>2026-04-11T16:50:50Z</time></rtept><rtept lat="37.088287" lon="-106.519294"><ele>3672.0</ele><time>2026-04-11T16:50:50Z</time></rtept><rtept lat="37.088144" lon="-106.519242"><ele>3671.4</ele><time>2026-04-11T16:50:50Z</time></rtept><rtept lat="37.08807" lon="-106.519187"><ele>3668.0</ele><time>2026-04-11T16:50:50Z</time></rtept><rtept lat="37.087974" lon="-106.519139"><ele>3662.8</ele><time>2026-04-11T16:50:50Z</time></rtept><rtept lat="37.087874" lon="-106.519066"><ele>3661.8</ele><time>2026-04-11T16:50:50Z</time></rtept><rtept lat="37.087818" lon="-106.519005"><ele>3660.0</ele><time>2026-04-11T16:50:50Z</time></rtept><rtept lat="37.087709" lon="-106.51892"><ele>3657.6</ele><time>2026-04-11T16:50:50Z</time></rtept><rtept lat="37.087505" lon="-106.518799"><ele>3650.6</ele><time>2026-04-11T16:50:50Z</time></rtept><rtept lat="37.087427" lon="-106.518743"><ele>3648.6</ele><time>2026-04-11T16:50:50Z</time></rtept><rtept lat="37.087365" lon="-106.518689"><ele>3648.0</ele><time>2026-04-11T16:50:50Z</time></rtept><rtept lat="37.087222" lon="-106.518535"><ele>3642.6</ele><time>2026-04-11T16:50:50Z</time></rtept><rtept lat="37.087165" lon="-106.518481"><ele>3642.6</ele><time>2026-04-11T16:50:50Z</time></rtept><rtept lat="37.087028" lon="-106.518382"><ele>3639.0</ele><time>2026-04-11T16:50:50Z</time></rtept><rtept lat="37.086881" lon="-106.518249"><ele>3634.4</ele><time>2026-04-11T16:50:50Z</time></rtept><rtept lat="37.086794" lon="-106.518179"><ele>3633.4</ele><time>2026-04-11T16:50:50Z</time></rtept><rtept lat="37.086654" lon="-106.518088"><ele>3632.0</ele><time>2026-04-11T16:50:50Z</time></rtept><rtept lat="37.086511" lon="-106.517982"><ele>3630.6</ele><time>2026-04-11T16:50:50Z</time></rtept><rtept lat="37.086415" lon="-106.517899"><ele>3629.6</ele><time>2026-04-11T16:50:50Z</time></rtept><rtept lat="37.086314" lon="-106.517837"><ele>3628.6</ele><time>2026-04-11T16:50:50Z</time></rtept><rtept lat="37.086174" lon="-106.517723"><ele>3627.6</ele><time>2026-04-11T16:50:50Z</time></rtept><rtept lat="37.086084" lon="-106.517678"><ele>3627.0</ele><time>2026-04-11T16:50:50Z</time></rtept><rtept lat="37.085873" lon="-106.517614"><ele>3626.4</ele><time>2026-04-11T16:50:50Z</time></rtept><rtept lat="37.085772" lon="-106.517571"><ele>3625.8</ele><time>2026-04-11T16:50:50Z</time></rtept><rtept lat="37.085714" lon="-106.51756"><ele>3625.6</ele><time>2026-04-11T16:50:50Z</time></rtept><rtept lat="37.085592" lon="-106.517555"><ele>3625.4</ele><time>2026-04-11T16:50:50Z</time></rtept><rtept lat="37.085455" lon="-106.517527"><ele>3625.2</ele><time>2026-04-11T16:50:50Z</time></rtept><rtept lat="37.085307" lon="-106.517517"><ele>3625.0</ele><time>2026-04-11T16:50:50Z</time></rtept><rtept lat="37.085111" lon="-106.517483"><ele>3624.4</ele><time>2026-04-11T16:50:50Z</time></rtept><rtept lat="37.08496" lon="-106.517476"><ele>3624.0</ele><time>2026-04-11T16:50:50Z</time></rtept><rtept lat="37.084812" lon="-106.517446"><ele>3623.4</ele><time>2026-04-11T16:50:50Z</time></rtept><rtept lat="37.084693" lon="-106.51741"><ele>3621.8</ele><time>2026-04-11T16:50:50Z</time></rtept><rtept lat="37.084502" lon="-106.517378"><ele>3620.4</ele><time>2026-04-11T16:50:50Z</time></rtept><rtept lat="37.084313" lon="-106.517328"><ele>3617.0</ele><time>2026-04-11T16:50:50Z</time></rtept><rtept lat="37.084082" lon="-106.517287"><ele>3615.2</ele><time>2026-04-11T16:50:50Z</time></rtept><rtept lat="37.084012" lon="-106.517257"><ele>3614.6</ele><time>2026-04-11T16:50:50Z</time></rtept><rtept lat="37.083829" lon="-106.51726"><ele>3613.6</ele><time>2026-04-11T16:50:50Z</time></rtept><rtept lat="37.083701" lon="-106.517251"><ele>3613.4</ele><time>2026-04-11T16:50:50Z</time></rtept><rtept lat="37.08351" lon="-106.517217"><ele>3613.2</ele><time>2026-04-11T16:50:50Z</time></rtept><rtept lat="37.083447" lon="-106.517215"><ele>3613.2</ele><time>2026-04-11T16:50:50Z</time></rtept><rtept lat="37.082804" lon="-106.517127"><ele>3613.0</ele><time>2026-04-11T16:50:50Z</time></rtept><rtept lat="37.082596" lon="-106.517109"><ele>3613.2</ele><time>2026-04-11T16:50:50Z</time></rtept><rtept lat="37.082329" lon="-106.517069"><ele>3612.8</ele><time>2026-04-11T16:50:50Z</time></rtept><rtept lat="37.082077" lon="-106.517017"><ele>3613.0</ele><time>2026-04-11T16:50:50Z</time></rtept><rtept lat="37.081949" lon="-106.51701"><ele>3612.8</ele><time>2026-04-11T16:50:50Z</time></rtept><rtept lat="37.08183" lon="-106.516979"><ele>3612.8</ele><time>2026-04-11T16:50:50Z</time></rtept><rtept lat="37.081634" lon="-106.516963"><ele>3612.6</ele><time>2026-04-11T16:50:50Z</time></rtept><rtept lat="37.081357" lon="-106.516903"><ele>3612.2</ele><time>2026-04-11T16:50:50Z</time></rtept><rtept lat="37.081288" lon="-106.516883"><ele>3611.8</ele><time>2026-04-11T16:50:50Z</time></rtept><rtept lat="37.081151" lon="-106.516823"><ele>3611.4</ele><time>2026-04-11T16:50:50Z</time></rtept><rtept lat="37.081014" lon="-106.516791"><ele>3610.8</ele><time>2026-04-11T16:50:50Z</time></rtept><rtept lat="37.080815" lon="-106.516703"><ele>3609.0</ele><time>2026-04-11T16:50:50Z</time></rtept><rtept lat="37.080755" lon="-106.516657"><ele>3608.4</ele><time>2026-04-11T16:50:50Z</time></rtept><rtept lat="37.080506" lon="-106.516503"><ele>3605.4</ele><time>2026-04-11T16:50:50Z</time></rtept><rtept lat="37.080448" lon="-106.51646"><ele>3604.6</ele><time>2026-04-11T16:50:50Z</time></rtept><rtept lat="37.080339" lon="-106.51636"><ele>3603.8</ele><time>2026-04-11T16:50:50Z</time></rtept><rtept lat="37.080283" lon="-106.516324"><ele>3603.2</ele><time>2026-04-11T16:50:50Z</time></rtept><rtept lat="37.080234" lon="-106.516305"><ele>3602.4</ele><time>2026-04-11T16:50:50Z</time></rtept><rtept lat="37.080153" lon="-106.516257"><ele>3601.8</ele><time>2026-04-11T16:50:50Z</time></rtept><rtept lat="37.080024" lon="-106.516167"><ele>3600.8</ele><time>2026-04-11T16:50:50Z</time></rtept><rtept lat="37.079848" lon="-106.516018"><ele>3600.6</ele><time>2026-04-11T16:50:50Z</time></rtept><rtept lat="37.079563" lon="-106.515755"><ele>3599.6</ele><time>2026-04-11T16:50:50Z</time></rtept><rtept lat="37.079253" lon="-106.515456"><ele>3593.6</ele><time>2026-04-11T16:50:50Z</time></rtept><rtept lat="37.079209" lon="-106.515425"><ele>3592.6</ele><time>2026-04-11T16:50:50Z</time></rtept><rtept lat="37.079013" lon="-106.515215"><ele>3589.2</ele><time>2026-04-11T16:50:50Z</time></rtept><rtept lat="37.078966" lon="-106.515155"><ele>3588.8</ele><time>2026-04-11T16:50:50Z</time></rtept><rtept lat="37.078889" lon="-106.515071"><ele>3588.4</ele><time>2026-04-11T16:50:50Z</time></rtept><rtept lat="37.078811" lon="-106.515008"><ele>3588.2</ele><time>2026-04-11T16:50:50Z</time></rtept><rtept lat="37.078699" lon="-106.5149"><ele>3587.0</ele><time>2026-04-11T16:50:50Z</time></rtept><rtept lat="37.078527" lon="-106.514769"><ele>3584.2</ele><time>2026-04-11T16:50:50Z</time></rtept><rtept lat="37.078405" lon="-106.514661"><ele>3583.6</ele><time>2026-04-11T16:50:50Z</time></rtept><rtept lat="37.078085" lon="-106.514469"><ele>3579.6</ele><time>2026-04-11T16:50:50Z</time></rtept><rtept lat="37.078072" lon="-106.514457"><ele>3579.6</ele><time>2026-04-11T16:50:50Z</time></rtept><rtept lat="37.078035" lon="-106.514378"><ele>3579.6</ele><time>2026-04-11T16:50:50Z</time></rtept><rtept lat="37.07799" lon="-106.514316"><ele>3579.6</ele><time>2026-04-11T16:50:50Z</time></rtept><rtept lat="37.07781" lon="-106.51416"><ele>3578.6</ele><time>2026-04-11T16:50:50Z</time></rtept><rtept lat="37.077682" lon="-106.514087"><ele>3578.2</ele><time>2026-04-11T16:50:50Z</time></rtept><rtept lat="37.07761" lon="-106.514057"><ele>3577.8</ele><time>2026-04-11T16:50:50Z</time></rtept><rtept lat="37.077476" lon="-106.514014"><ele>3577.8</ele><time>2026-04-11T16:50:50Z</time></rtept><rtept lat="37.077272" lon="-106.513924"><ele>3576.0</ele><time>2026-04-11T16:50:50Z</time></rtept><rtept lat="37.077211" lon="-106.513909"><ele>3573.0</ele><time>2026-04-11T16:50:50Z</time></rtept><rtept lat="37.077084" lon="-106.513825"><ele>3571.6</ele><time>2026-04-11T16:50:50Z</time></rtept><rtept lat="37.076975" lon="-106.513716"><ele>3567.6</ele><time>2026-04-11T16:50:50Z</time></rtept><rtept lat="37.076848" lon="-106.513636"><ele>3564.4</ele><time>2026-04-11T16:50:50Z</time></rtept><rtept lat="37.076789" lon="-106.513591"><ele>3564.6</ele><time>2026-04-11T16:50:50Z</time></rtept><rtept lat="37.076718" lon="-106.513561"><ele>3561.0</ele><time>2026-04-11T16:50:50Z</time></rtept><rtept lat="37.076651" lon="-106.513524"><ele>3561.6</ele><time>2026-04-11T16:50:50Z</time></rtept><rtept lat="37.076511" lon="-106.513489"><ele>3562.8</ele><time>2026-04-11T16:50:50Z</time></rtept><rtept lat="37.076372" lon="-106.513474"><ele>3559.6</ele><time>2026-04-11T16:50:50Z</time></rtept><rtept lat="37.0763" lon="-106.513447"><ele>3560.4</ele><time>2026-04-11T16:50:50Z</time></rtept><rtept lat="37.076226" lon="-106.513443"><ele>3561.0</ele><time>2026-04-11T16:50:50Z</time></rtept><rtept lat="37.076144" lon="-106.513455"><ele>3561.6</ele><time>2026-04-11T16:50:50Z</time></rtept><rtept lat="37.076066" lon="-106.513456"><ele>3562.4</ele><time>2026-04-11T16:50:50Z</time></rtept><rtept lat="37.075991" lon="-106.513435"><ele>3562.8</ele><time>2026-04-11T16:50:50Z</time></rtept><rtept lat="37.075859" lon="-106.513384"><ele>3559.4</ele><time>2026-04-11T16:50:50Z</time></rtept><rtept lat="37.075778" lon="-106.513373"><ele>3560.0</ele><time>2026-04-11T16:50:50Z</time></rtept><rtept lat="37.075717" lon="-106.513355"><ele>3560.8</ele><time>2026-04-11T16:50:50Z</time></rtept><rtept lat="37.07551" lon="-106.513348"><ele>3563.0</ele><time>2026-04-11T16:50:50Z</time></rtept><rtept lat="37.075377" lon="-106.513335"><ele>3564.0</ele><time>2026-04-11T16:50:50Z</time></rtept><rtept lat="37.075053" lon="-106.513332"><ele>3565.2</ele><time>2026-04-11T16:50:50Z</time></rtept><rtept lat="37.074911" lon="-106.513317"><ele>3565.4</ele><time>2026-04-11T16:50:50Z</time></rtept><rtept lat="37.074799" lon="-106.513291"><ele>3564.0</ele><time>2026-04-11T16:50:50Z</time></rtept><rtept lat="37.07441" lon="-106.513068"><ele>3558.8</ele><time>2026-04-11T16:50:50Z</time></rtept><rtept lat="37.074248" lon="-106.513014"><ele>3554.4</ele><time>2026-04-11T16:50:50Z</time></rtept><rtept lat="37.074199" lon="-106.513003"><ele>3554.4</ele><time>2026-04-11T16:50:50Z</time></rtept><rtept lat="37.074079" lon="-106.513002"><ele>3554.6</ele><time>2026-04-11T16:50:50Z</time></rtept><rtept lat="37.073872" lon="-106.512987"><ele>3553.6</ele><time>2026-04-11T16:50:50Z</time></rtept><rtept lat="37.073762" lon="-106.513002"><ele>3553.2</ele><time>2026-04-11T16:50:50Z</time></rtept><rtept lat="37.073687" lon="-106.512992"><ele>3552.4</ele><time>2026-04-11T16:50:50Z</time></rtept><rtept lat="37.073643" lon="-106.512968"><ele>3551.4</ele><time>2026-04-11T16:50:50Z</time></rtept><rtept lat="37.073609" lon="-106.512978"><ele>3551.4</ele><time>2026-04-11T16:50:50Z</time></rtept><rtept lat="37.073469" lon="-106.512989"><ele>3548.8</ele><time>2026-04-11T16:50:50Z</time></rtept><rtept lat="37.073396" lon="-106.513022"><ele>3547.6</ele><time>2026-04-11T16:50:50Z</time></rtept><rtept lat="37.073351" lon="-106.513059"><ele>3551.2</ele><time>2026-04-11T16:50:50Z</time></rtept><rtept lat="37.073256" lon="-106.513095"><ele>3548.4</ele><time>2026-04-11T16:50:50Z</time></rtept><rtept lat="37.073061" lon="-106.513132"><ele>3545.6</ele><time>2026-04-11T16:50:50Z</time></rtept><rtept lat="37.072859" lon="-106.513129"><ele>3541.4</ele><time>2026-04-11T16:50:50Z</time></rtept><rtept lat="37.072755" lon="-106.513138"><ele>3544.0</ele><time>2026-04-11T16:50:50Z</time></rtept><rtept lat="37.072569" lon="-106.513215"><ele>3540.6</ele><time>2026-04-11T16:50:50Z</time></rtept><rtept lat="37.072515" lon="-106.51323"><ele>3545.2</ele><time>2026-04-11T16:50:50Z</time></rtept><rtept lat="37.072461" lon="-106.51324"><ele>3544.4</ele><time>2026-04-11T16:50:50Z</time></rtept><rtept lat="37.072404" lon="-106.513236"><ele>3543.6</ele><time>2026-04-11T16:50:50Z</time></rtept><rtept lat="37.072346" lon="-106.513246"><ele>3542.6</ele><time>2026-04-11T16:50:50Z</time></rtept><rtept lat="37.072273" lon="-106.513275"><ele>3541.8</ele><time>2026-04-11T16:50:50Z</time></rtept><rtept lat="37.07223" lon="-106.513278"><ele>3541.0</ele><time>2026-04-11T16:50:50Z</time></rtept><rtept lat="37.07209" lon="-106.51334"><ele>3542.8</ele><time>2026-04-11T16:50:50Z</time></rtept><rtept lat="37.072038" lon="-106.513352"><ele>3542.8</ele><time>2026-04-11T16:50:50Z</time></rtept><rtept lat="37.07193" lon="-106.513358"><ele>3541.8</ele><time>2026-04-11T16:50:50Z</time></rtept><rtept lat="37.071875" lon="-106.513374"><ele>3541.2</ele><time>2026-04-11T16:50:50Z</time></rtept><rtept lat="37.071769" lon="-106.513415"><ele>3542.0</ele><time>2026-04-11T16:50:50Z</time></rtept><rtept lat="37.071662" lon="-106.513473"><ele>3541.8</ele><time>2026-04-11T16:50:50Z</time></rtept><rtept lat="37.071585" lon="-106.513486"><ele>3543.2</ele><time>2026-04-11T16:50:50Z</time></rtept><rtept lat="37.071534" lon="-106.513483"><ele>3543.4</ele><time>2026-04-11T16:50:50Z</time></rtept><rtept lat="37.071487" lon="-106.513448"><ele>3542.0</ele><time>2026-04-11T16:50:50Z</time></rtept><rtept lat="37.071249" lon="-106.513213"><ele>3534.8</ele><time>2026-04-11T16:50:50Z</time></rtept><rtept lat="37.071162" lon="-106.513142"><ele>3535.2</ele><time>2026-04-11T16:50:50Z</time></rtept><rtept lat="37.071042" lon="-106.513004"><ele>3525.2</ele><time>2026-04-11T16:50:50Z</time></rtept><rtept lat="37.070955" lon="-106.512951"><ele>3521.4</ele><time>2026-04-11T16:50:50Z</time></rtept><rtept lat="37.070713" lon="-106.512833"><ele>3520.2</ele><time>2026-04-11T16:50:50Z</time></rtept><rtept lat="37.070657" lon="-106.512815"><ele>3520.2</ele><time>2026-04-11T16:50:50Z</time></rtept><rtept lat="37.070508" lon="-106.512789"><ele>3518.6</ele><time>2026-04-11T16:50:50Z</time></rtept><rtept lat="37.070452" lon="-106.512789"><ele>3518.6</ele><time>2026-04-11T16:50:50Z</time></rtept><rtept lat="37.070404" lon="-106.512805"><ele>3522.8</ele><time>2026-04-11T16:50:50Z</time></rtept><rtept lat="37.070344" lon="-106.512779"><ele>3520.2</ele><time>2026-04-11T16:50:50Z</time></rtept><rtept lat="37.070193" lon="-106.512749"><ele>3522.0</ele><time>2026-04-11T16:50:50Z</time></rtept><rtept lat="37.070139" lon="-106.512726"><ele>3523.0</ele><time>2026-04-11T16:50:50Z</time></rtept><rtept lat="37.070048" lon="-106.512658"><ele>3520.8</ele><time>2026-04-11T16:50:50Z</time></rtept><rtept lat="37.069871" lon="-106.512545"><ele>3521.8</ele><time>2026-04-11T16:50:50Z</time></rtept><rtept lat="37.069763" lon="-106.512517"><ele>3521.6</ele><time>2026-04-11T16:50:50Z</time></rtept><rtept lat="37.069695" lon="-106.512444"><ele>3520.6</ele><time>2026-04-11T16:50:50Z</time></rtept><rtept lat="37.069564" lon="-106.512263"><ele>3518.0</ele><time>2026-04-11T16:50:50Z</time></rtept><rtept lat="37.06952" lon="-106.512214"><ele>3519.0</ele><time>2026-04-11T16:50:50Z</time></rtept><rtept lat="37.069386" lon="-106.512106"><ele>3517.8</ele><time>2026-04-11T16:50:50Z</time></rtept><rtept lat="37.069332" lon="-106.512071"><ele>3518.8</ele><time>2026-04-11T16:50:50Z</time></rtept><rtept lat="37.069298" lon="-106.512063"><ele>3518.8</ele><time>2026-04-11T16:50:50Z</time></rtept><rtept lat="37.069113" lon="-106.511938"><ele>3520.6</ele><time>2026-04-11T16:50:50Z</time></rtept><rtept lat="37.068886" lon="-106.511714"><ele>3518.6</ele><time>2026-04-11T16:50:50Z</time></rtept><rtept lat="37.068739" lon="-106.511609"><ele>3519.0</ele><time>2026-04-11T16:50:50Z</time></rtept><rtept lat="37.068694" lon="-106.511567"><ele>3518.2</ele><time>2026-04-11T16:50:50Z</time></rtept><rtept lat="37.068576" lon="-106.511423"><ele>3518.4</ele><time>2026-04-11T16:50:50Z</time></rtept><rtept lat="37.068502" lon="-106.511263"><ele>3516.4</ele><time>2026-04-11T16:50:50Z</time></rtept><rtept lat="37.068482" lon="-106.511196"><ele>3515.2</ele><time>2026-04-11T16:50:50Z</time></rtept><rtept lat="37.068414" lon="-106.511087"><ele>3514.6</ele><time>2026-04-11T16:50:50Z</time></rtept><rtept lat="37.068358" lon="-106.511023"><ele>3514.2</ele><time>2026-04-11T16:50:50Z</time></rtept><rtept lat="37.068126" lon="-106.510866"><ele>3513.4</ele><time>2026-04-11T16:50:50Z</time></rtept><rtept lat="37.068021" lon="-106.510816"><ele>3512.8</ele><time>2026-04-11T16:50:50Z</time></rtept><rtept lat="37.067965" lon="-106.510797"><ele>3513.4</ele><time>2026-04-11T16:50:50Z</time></rtept><rtept lat="37.067804" lon="-106.51071"><ele>3512.6</ele><time>2026-04-11T16:50:50Z</time></rtept><rtept lat="37.067691" lon="-106.51069"><ele>3513.4</ele><time>2026-04-11T16:50:50Z</time></rtept><rtept lat="37.067419" lon="-106.510685"><ele>3515.0</ele><time>2026-04-11T16:50:50Z</time></rtept><rtept lat="37.067255" lon="-106.510646"><ele>3514.6</ele><time>2026-04-11T16:50:50Z</time></rtept><rtept lat="37.067198" lon="-106.510644"><ele>3515.0</ele><time>2026-04-11T16:50:50Z</time></rtept><rtept lat="37.067082" lon="-106.510621"><ele>3515.8</ele><time>2026-04-11T16:50:50Z</time></rtept><rtept lat="37.066942" lon="-106.510622"><ele>3515.8</ele><time>2026-04-11T16:50:50Z</time></rtept><rtept lat="37.066865" lon="-106.510603"><ele>3515.6</ele><time>2026-04-11T16:50:50Z</time></rtept><rtept lat="37.066762" lon="-106.510593"><ele>3515.0</ele><time>2026-04-11T16:50:50Z</time></rtept><rtept lat="37.066653" lon="-106.510625"><ele>3513.8</ele><time>2026-04-11T16:50:50Z</time></rtept><rtept lat="37.066599" lon="-106.510656"><ele>3514.8</ele><time>2026-04-11T16:50:50Z</time></rtept><rtept lat="37.066384" lon="-106.510747"><ele>3514.6</ele><time>2026-04-11T16:50:50Z</time></rtept><rtept lat="37.066279" lon="-106.510821"><ele>3516.4</ele><time>2026-04-11T16:50:50Z</time></rtept><rtept lat="37.066216" lon="-106.510846"><ele>3515.6</ele><time>2026-04-11T16:50:50Z</time></rtept><rtept lat="37.066154" lon="-106.510863"><ele>3514.8</ele><time>2026-04-11T16:50:50Z</time></rtept><rtept lat="37.065909" lon="-106.510843"><ele>3512.4</ele><time>2026-04-11T16:50:50Z</time></rtept><rtept lat="37.06582" lon="-106.510902"><ele>3511.8</ele><time>2026-04-11T16:50:50Z</time></rtept><rtept lat="37.065679" lon="-106.511017"><ele>3515.6</ele><time>2026-04-11T16:50:50Z</time></rtept><rtept lat="37.065622" lon="-106.511051"><ele>3515.0</ele><time>2026-04-11T16:50:50Z</time></rtept><rtept lat="37.065577" lon="-106.511093"><ele>3517.0</ele><time>2026-04-11T16:50:50Z</time></rtept><rtept lat="37.06547" lon="-106.511169"><ele>3519.2</ele><time>2026-04-11T16:50:50Z</time></rtept><rtept lat="37.065359" lon="-106.511234"><ele>3517.8</ele><time>2026-04-11T16:50:50Z</time></rtept><rtept lat="37.065241" lon="-106.511274"><ele>3518.6</ele><time>2026-04-11T16:50:50Z</time></rtept><rtept lat="37.06518" lon="-106.511283"><ele>3518.6</ele><time>2026-04-11T16:50:50Z</time></rtept><rtept lat="37.065068" lon="-106.511254"><ele>3517.2</ele><time>2026-04-11T16:50:50Z</time></rtept><rtept lat="37.064892" lon="-106.511237"><ele>3514.6</ele><time>2026-04-11T16:50:50Z</time></rtept><rtept lat="37.064838" lon="-106.511221"><ele>3514.6</ele><time>2026-04-11T16:50:50Z</time></rtept><rtept lat="37.064787" lon="-106.511196"><ele>3514.2</ele><time>2026-04-11T16:50:50Z</time></rtept><rtept lat="37.064683" lon="-106.511178"><ele>3513.8</ele><time>2026-04-11T16:50:50Z</time></rtept><rtept lat="37.064404" lon="-106.511031"><ele>3508.4</ele><time>2026-04-11T16:50:50Z</time></rtept><rtept lat="37.064048" lon="-106.510807"><ele>3504.2</ele><time>2026-04-11T16:50:50Z</time></rtept><rtept lat="37.063936" lon="-106.510742"><ele>3504.0</ele><time>2026-04-11T16:50:50Z</time></rtept><rtept lat="37.063824" lon="-106.510702"><ele>3504.0</ele><time>2026-04-11T16:50:50Z</time></rtept><rtept lat="37.063705" lon="-106.510671"><ele>3503.6</ele><time>2026-04-11T16:50:50Z</time></rtept><rtept lat="37.063542" lon="-106.510601"><ele>3504.2</ele><time>2026-04-11T16:50:50Z</time></rtept><rtept lat="37.06336" lon="-106.510549"><ele>3504.0</ele><time>2026-04-11T16:50:50Z</time></rtept><rtept lat="37.063178" lon="-106.510509"><ele>3504.0</ele><time>2026-04-11T16:50:50Z</time></rtept><rtept lat="37.063009" lon="-106.510453"><ele>3503.8</ele><time>2026-04-11T16:50:50Z</time></rtept><rtept lat="37.062892" lon="-106.510445"><ele>3504.0</ele><time>2026-04-11T16:50:50Z</time></rtept><rtept lat="37.062776" lon="-106.510426"><ele>3503.8</ele><time>2026-04-11T16:50:50Z</time></rtept><rtept lat="37.06271" lon="-106.510425"><ele>3503.6</ele><time>2026-04-11T16:50:50Z</time></rtept><rtept lat="37.062584" lon="-106.510407"><ele>3503.6</ele><time>2026-04-11T16:50:50Z</time></rtept><rtept lat="37.06247" lon="-106.510375"><ele>3503.6</ele><time>2026-04-11T16:50:50Z</time></rtept><rtept lat="37.062411" lon="-106.510366"><ele>3503.6</ele><time>2026-04-11T16:50:50Z</time></rtept><rtept lat="37.062235" lon="-106.510376"><ele>3503.4</ele><time>2026-04-11T16:50:50Z</time></rtept><rtept lat="37.062134" lon="-106.510369"><ele>3503.2</ele><time>2026-04-11T16:50:50Z</time></rtept><rtept lat="37.061917" lon="-106.510266"><ele>3502.6</ele><time>2026-04-11T16:50:50Z</time></rtept><rtept lat="37.061755" lon="-106.510243"><ele>3502.2</ele><time>2026-04-11T16:50:50Z</time></rtept><rtept lat="37.061631" lon="-106.510199"><ele>3501.8</ele><time>2026-04-11T16:50:50Z</time></rtept><rtept lat="37.061465" lon="-106.510152"><ele>3500.6</ele><time>2026-04-11T16:50:50Z</time></rtept><rtept lat="37.061416" lon="-106.510122"><ele>3501.0</ele><time>2026-04-11T16:50:50Z</time></rtept><rtept lat="37.06136" lon="-106.510105"><ele>3500.6</ele><time>2026-04-11T16:50:50Z</time></rtept><rtept lat="37.061247" lon="-106.510094"><ele>3499.6</ele><time>2026-04-11T16:50:50Z</time></rtept><rtept lat="37.061198" lon="-106.5101"><ele>3498.4</ele><time>2026-04-11T16:50:50Z</time></rtept><rtept lat="37.061141" lon="-106.510097"><ele>3498.4</ele><time>2026-04-11T16:50:50Z</time></rtept><rtept lat="37.061083" lon="-106.510083"><ele>3497.8</ele><time>2026-04-11T16:50:50Z</time></rtept><rtept lat="37.060966" lon="-106.510084"><ele>3497.8</ele><time>2026-04-11T16:50:50Z</time></rtept><rtept lat="37.060849" lon="-106.510063"><ele>3499.0</ele><time>2026-04-11T16:50:50Z</time></rtept><rtept lat="37.060668" lon="-106.510106"><ele>3500.0</ele><time>2026-04-11T16:50:50Z</time></rtept><rtept lat="37.060539" lon="-106.510115"><ele>3500.4</ele><time>2026-04-11T16:50:50Z</time></rtept><rtept lat="37.060479" lon="-106.510105"><ele>3500.4</ele><time>2026-04-11T16:50:50Z</time></rtept><rtept lat="37.060352" lon="-106.510119"><ele>3500.4</ele><time>2026-04-11T16:50:50Z</time></rtept><rtept lat="37.060294" lon="-106.510117"><ele>3500.2</ele><time>2026-04-11T16:50:50Z</time></rtept><rtept lat="37.060235" lon="-106.5101"><ele>3499.8</ele><time>2026-04-11T16:50:50Z</time></rtept><rtept lat="37.060124" lon="-106.510049"><ele>3499.0</ele><time>2026-04-11T16:50:50Z</time></rtept><rtept lat="37.059997" lon="-106.509898"><ele>3497.0</ele><time>2026-04-11T16:50:50Z</time></rtept><rtept lat="37.059855" lon="-106.509755"><ele>3495.4</ele><time>2026-04-11T16:50:50Z</time></rtept><rtept lat="37.059654" lon="-106.509581"><ele>3494.2</ele><time>2026-04-11T16:50:50Z</time></rtept><rtept lat="37.059596" lon="-106.509553"><ele>3494.2</ele><time>2026-04-11T16:50:50Z</time></rtept><rtept lat="37.05946" lon="-106.509397"><ele>3493.8</ele><time>2026-04-11T16:50:50Z</time></rtept><rtept lat="37.05925" lon="-106.509243"><ele>3493.8</ele><time>2026-04-11T16:50:50Z</time></rtept><rtept lat="37.059139" lon="-106.509171"><ele>3494.0</ele><time>2026-04-11T16:50:50Z</time></rtept><rtept lat="37.05908" lon="-106.50915"><ele>3494.2</ele><time>2026-04-11T16:50:50Z</time></rtept><rtept lat="37.059027" lon="-106.509114"><ele>3494.2</ele><time>2026-04-11T16:50:50Z</time></rtept><rtept lat="37.058982" lon="-106.50907"><ele>3494.0</ele><time>2026-04-11T16:50:50Z</time></rtept><rtept lat="37.058944" lon="-106.509049"><ele>3494.4</ele><time>2026-04-11T16:50:50Z</time></rtept><rtept lat="37.058889" lon="-106.508995"><ele>3493.8</ele><time>2026-04-11T16:50:50Z</time></rtept><rtept lat="37.058851" lon="-106.508937"><ele>3494.0</ele><time>2026-04-11T16:50:50Z</time></rtept><rtept lat="37.058804" lon="-106.508883"><ele>3493.4</ele><time>2026-04-11T16:50:50Z</time></rtept><rtept lat="37.058594" lon="-106.508745"><ele>3492.4</ele><time>2026-04-11T16:50:50Z</time></rtept><rtept lat="37.058501" lon="-106.508668"><ele>3491.8</ele><time>2026-04-11T16:50:50Z</time></rtept><rtept lat="37.058451" lon="-106.508649"><ele>3491.8</ele><time>2026-04-11T16:50:50Z</time></rtept><rtept lat="37.058398" lon="-106.508616"><ele>3491.8</ele><time>2026-04-11T16:50:50Z</time></rtept><rtept lat="37.05796" lon="-106.508278"><ele>3488.8</ele><time>2026-04-11T16:50:50Z</time></rtept><rtept lat="37.057906" lon="-106.508255"><ele>3488.6</ele><time>2026-04-11T16:50:50Z</time></rtept><rtept lat="37.05781" lon="-106.508193"><ele>3487.6</ele><time>2026-04-11T16:50:50Z</time></rtept><rtept lat="37.057723" lon="-106.508127"><ele>3486.0</ele><time>2026-04-11T16:50:50Z</time></rtept><rtept lat="37.057567" lon="-106.507984"><ele>3482.8</ele><time>2026-04-11T16:50:50Z</time></rtept><rtept lat="37.057518" lon="-106.50795"><ele>3482.8</ele><time>2026-04-11T16:50:50Z</time></rtept><rtept lat="37.05737" lon="-106.507876"><ele>3481.2</ele><time>2026-04-11T16:50:50Z</time></rtept><rtept lat="37.057319" lon="-106.50784"><ele>3480.8</ele><time>2026-04-11T16:50:50Z</time></rtept><rtept lat="37.057212" lon="-106.507784"><ele>3480.0</ele><time>2026-04-11T16:50:50Z</time></rtept><rtept lat="37.057163" lon="-106.507748"><ele>3479.8</ele><time>2026-04-11T16:50:50Z</time></rtept><rtept lat="37.057116" lon="-106.507702"><ele>3479.6</ele><time>2026-04-11T16:50:50Z</time></rtept><rtept lat="37.056683" lon="-106.507379"><ele>3478.2</ele><time>2026-04-11T16:50:50Z</time></rtept><rtept lat="37.056569" lon="-106.507309"><ele>3478.2</ele><time>2026-04-11T16:50:50Z</time></rtept><rtept lat="37.056517" lon="-106.507268"><ele>3477.8</ele><time>2026-04-11T16:50:50Z</time></rtept><rtept lat="37.056361" lon="-106.507162"><ele>3477.6</ele><time>2026-04-11T16:50:50Z</time></rtept><rtept lat="37.056305" lon="-106.507132"><ele>3477.8</ele><time>2026-04-11T16:50:50Z</time></rtept><rtept lat="37.056202" lon="-106.507049"><ele>3477.4</ele><time>2026-04-11T16:50:50Z</time></rtept><rtept lat="37.056097" lon="-106.506986"><ele>3477.0</ele><time>2026-04-11T16:50:50Z</time></rtept><rtept lat="37.055952" lon="-106.506868"><ele>3475.8</ele><time>2026-04-11T16:50:50Z</time></rtept><rtept lat="37.055653" lon="-106.5067"><ele>3474.4</ele><time>2026-04-11T16:50:50Z</time></rtept><rtept lat="37.055606" lon="-106.506665"><ele>3474.4</ele><time>2026-04-11T16:50:50Z</time></rtept><rtept lat="37.055404" lon="-106.506543"><ele>3474.0</ele><time>2026-04-11T16:50:50Z</time></rtept><rtept lat="37.055358" lon="-106.506505"><ele>3473.0</ele><time>2026-04-11T16:50:50Z</time></rtept><rtept lat="37.055201" lon="-106.506403"><ele>3471.6</ele><time>2026-04-11T16:50:50Z</time></rtept><rtept lat="37.055038" lon="-106.506319"><ele>3469.6</ele><time>2026-04-11T16:50:50Z</time></rtept><rtept lat="37.054874" lon="-106.506225"><ele>3468.4</ele><time>2026-04-11T16:50:50Z</time></rtept><rtept lat="37.054801" lon="-106.506166"><ele>3468.0</ele><time>2026-04-11T16:50:50Z</time></rtept><rtept lat="37.054727" lon="-106.506095"><ele>3467.6</ele><time>2026-04-11T16:50:50Z</time></rtept><rtept lat="37.054633" lon="-106.506036"><ele>3467.4</ele><time>2026-04-11T16:50:50Z</time></rtept><rtept lat="37.054482" lon="-106.506061"><ele>3467.0</ele><time>2026-04-11T16:50:50Z</time></rtept><rtept lat="37.05443" lon="-106.506089"><ele>3467.0</ele><time>2026-04-11T16:50:50Z</time></rtept><rtept lat="37.054326" lon="-106.506126"><ele>3466.8</ele><time>2026-04-11T16:50:50Z</time></rtept><rtept lat="37.054079" lon="-106.506198"><ele>3467.4</ele><time>2026-04-11T16:50:50Z</time></rtept><rtept lat="37.053665" lon="-106.506343"><ele>3472.6</ele><time>2026-04-11T16:50:50Z</time></rtept><rtept lat="37.053572" lon="-106.506368"><ele>3474.4</ele><time>2026-04-11T16:50:50Z</time></rtept><rtept lat="37.053444" lon="-106.506391"><ele>3476.0</ele><time>2026-04-11T16:50:50Z</time></rtept><rtept lat="37.053324" lon="-106.506387"><ele>3477.4</ele><time>2026-04-11T16:50:50Z</time></rtept><rtept lat="37.053149" lon="-106.506364"><ele>3478.4</ele><time>2026-04-11T16:50:50Z</time></rtept><rtept lat="37.053021" lon="-106.506317"><ele>3478.0</ele><time>2026-04-11T16:50:50Z</time></rtept><rtept lat="37.052875" lon="-106.506286"><ele>3479.2</ele><time>2026-04-11T16:50:50Z</time></rtept><rtept lat="37.052652" lon="-106.506294"><ele>3481.2</ele><time>2026-04-11T16:50:50Z</time></rtept><rtept lat="37.052564" lon="-106.506288"><ele>3482.8</ele><time>2026-04-11T16:50:50Z</time></rtept><rtept lat="37.052402" lon="-106.506256"><ele>3482.8</ele><time>2026-04-11T16:50:50Z</time></rtept><rtept lat="37.052159" lon="-106.506254"><ele>3487.6</ele><time>2026-04-11T16:50:50Z</time></rtept><rtept lat="37.051968" lon="-106.506218"><ele>3490.0</ele><time>2026-04-11T16:50:50Z</time></rtept><rtept lat="37.051667" lon="-106.506083"><ele>3492.2</ele><time>2026-04-11T16:50:50Z</time></rtept><rtept lat="37.051546" lon="-106.506063"><ele>3494.6</ele><time>2026-04-11T16:50:50Z</time></rtept><rtept lat="37.051369" lon="-106.505998"><ele>3495.4</ele><time>2026-04-11T16:50:50Z</time></rtept><rtept lat="37.051266" lon="-106.505937"><ele>3498.4</ele><time>2026-04-11T16:50:50Z</time></rtept><rtept lat="37.051219" lon="-106.505891"><ele>3496.6</ele><time>2026-04-11T16:50:50Z</time></rtept><rtept lat="37.051177" lon="-106.505836"><ele>3496.2</ele><time>2026-04-11T16:50:50Z</time></rtept><rtept lat="37.051135" lon="-106.50575"><ele>3495.8</ele><time>2026-04-11T16:50:50Z</time></rtept><rtept lat="37.051037" lon="-106.505666"><ele>3495.2</ele><time>2026-04-11T16:50:50Z</time></rtept><rtept lat="37.050991" lon="-106.505605"><ele>3496.8</ele><time>2026-04-11T16:50:50Z</time></rtept><rtept lat="37.050971" lon="-106.505537"><ele>3494.8</ele><time>2026-04-11T16:50:50Z</time></rtept><rtept lat="37.050864" lon="-106.505476"><ele>3494.4</ele><time>2026-04-11T16:50:50Z</time></rtept><rtept lat="37.050763" lon="-106.505437"><ele>3497.4</ele><time>2026-04-11T16:50:50Z</time></rtept><rtept lat="37.050716" lon="-106.505393"><ele>3497.0</ele><time>2026-04-11T16:50:50Z</time></rtept><rtept lat="37.050671" lon="-106.505365"><ele>3497.0</ele><time>2026-04-11T16:50:50Z</time></rtept><rtept lat="37.050597" lon="-106.505363"><ele>3498.8</ele><time>2026-04-11T16:50:50Z</time></rtept><rtept lat="37.050561" lon="-106.50534"><ele>3500.2</ele><time>2026-04-11T16:50:50Z</time></rtept><rtept lat="37.050519" lon="-106.505294"><ele>3500.0</ele><time>2026-04-11T16:50:50Z</time></rtept><rtept lat="37.05034" lon="-106.505034"><ele>3496.4</ele><time>2026-04-11T16:50:50Z</time></rtept><rtept lat="37.050307" lon="-106.504971"><ele>3494.8</ele><time>2026-04-11T16:50:50Z</time></rtept><rtept lat="37.050265" lon="-106.50492"><ele>3494.8</ele><time>2026-04-11T16:50:50Z</time></rtept><rtept lat="37.050202" lon="-106.50491"><ele>3496.0</ele><time>2026-04-11T16:50:50Z</time></rtept><rtept lat="37.050141" lon="-106.504905"><ele>3497.0</ele><time>2026-04-11T16:50:50Z</time></rtept><rtept lat="37.049969" lon="-106.504964"><ele>3500.0</ele><time>2026-04-11T16:50:50Z</time></rtept><rtept lat="37.049901" lon="-106.504978"><ele>3501.2</ele><time>2026-04-11T16:50:50Z</time></rtept><rtept lat="37.049845" lon="-106.504974"><ele>3501.2</ele><time>2026-04-11T16:50:50Z</time></rtept><rtept lat="37.049807" lon="-106.50498"><ele>3502.2</ele><time>2026-04-11T16:50:50Z</time></rtept><rtept lat="37.04986" lon="-106.505225"><ele>3504.2</ele><time>2026-04-11T16:50:50Z</time></rtept><rtept lat="37.049874" lon="-106.505378"><ele>3502.8</ele><time>2026-04-11T16:50:50Z</time></rtept><rtept lat="37.049888" lon="-106.505453"><ele>3500.8</ele><time>2026-04-11T16:50:50Z</time></rtept><rtept lat="37.049936" lon="-106.505606"><ele>3498.6</ele><time>2026-04-11T16:50:50Z</time></rtept><rtept lat="37.050034" lon="-106.505884"><ele>3494.0</ele><time>2026-04-11T16:50:50Z</time></rtept><rtept lat="37.050067" lon="-106.505979"><ele>3495.0</ele><time>2026-04-11T16:50:50Z</time></rtept><rtept lat="37.050105" lon="-106.506118"><ele>3490.0</ele><time>2026-04-11T16:50:50Z</time></rtept><rtept lat="37.050069" lon="-106.506114"><ele>3490.0</ele><time>2026-04-11T16:50:50Z</time></rtept><rtept lat="37.050001" lon="-106.505969"><ele>3491.4</ele><time>2026-04-11T16:50:50Z</time></rtept><rtept lat="37.049926" lon="-106.505838"><ele>3493.2</ele><time>2026-04-11T16:50:50Z</time></rtept><rtept lat="37.049846" lon="-106.505749"><ele>3492.4</ele><time>2026-04-11T16:50:50Z</time></rtept><rtept lat="37.049808" lon="-106.505738"><ele>3489.0</ele><time>2026-04-11T16:50:50Z</time></rtept><rtept lat="37.049888" lon="-106.50587"><ele>3487.0</ele><time>2026-04-11T16:50:50Z</time></rtept><rtept lat="37.049921" lon="-106.505938"><ele>3488.0</ele><time>2026-04-11T16:50:50Z</time></rtept><rtept lat="37.049973" lon="-106.506089"><ele>3489.0</ele><time>2026-04-11T16:50:50Z</time></rtept><rtept lat="37.049996" lon="-106.506179"><ele>3486.8</ele><time>2026-04-11T16:50:50Z</time></rtept><rtept lat="37.050024" lon="-106.506346"><ele>3482.6</ele><time>2026-04-11T16:50:50Z</time></rtept><rtept lat="37.050033" lon="-106.506514"><ele>3477.8</ele><time>2026-04-11T16:50:50Z</time></rtept><rtept lat="37.050043" lon="-106.506564"><ele>3478.0</ele><time>2026-04-11T16:50:50Z</time></rtept><rtept lat="37.050065" lon="-106.506616"><ele>3475.8</ele><time>2026-04-11T16:50:50Z</time></rtept><rtept lat="37.050011" lon="-106.5066"><ele>3475.6</ele><time>2026-04-11T16:50:50Z</time></rtept><rtept lat="37.049972" lon="-106.506537"><ele>3475.6</ele><time>2026-04-11T16:50:50Z</time></rtept><rtept lat="37.049946" lon="-106.506378"><ele>3477.4</ele><time>2026-04-11T16:50:50Z</time></rtept><rtept lat="37.049862" lon="-106.506136"><ele>3481.4</ele><time>2026-04-11T16:50:50Z</time></rtept><rtept lat="37.049813" lon="-106.506068"><ele>3480.8</ele><time>2026-04-11T16:50:50Z</time></rtept><rtept lat="37.049759" lon="-106.506029"><ele>3478.6</ele><time>2026-04-11T16:50:50Z</time></rtept><rtept lat="37.049632" lon="-106.505982"><ele>3478.4</ele><time>2026-04-11T16:50:50Z</time></rtept><rtept lat="37.049564" lon="-106.505967"><ele>3476.4</ele><time>2026-04-11T16:50:50Z</time></rtept><rtept lat="37.049301" lon="-106.50596"><ele>3472.4</ele><time>2026-04-11T16:50:50Z</time></rtept><rtept lat="37.049235" lon="-106.505949"><ele>3472.2</ele><time>2026-04-11T16:50:50Z</time></rtept><rtept lat="37.049166" lon="-106.505922"><ele>3474.6</ele><time>2026-04-11T16:50:50Z</time></rtept><rtept lat="37.049098" lon="-106.50595"><ele>3472.2</ele><time>2026-04-11T16:50:50Z</time></rtept><rtept lat="37.049037" lon="-106.505957"><ele>3472.2</ele><time>2026-04-11T16:50:50Z</time></rtept><rtept lat="37.048981" lon="-106.505947"><ele>3471.6</ele><time>2026-04-11T16:50:50Z</time></rtept><rtept lat="37.048958" lon="-106.505985"><ele>3471.6</ele><time>2026-04-11T16:50:50Z</time></rtept><rtept lat="37.048959" lon="-106.506059"><ele>3469.8</ele><time>2026-04-11T16:50:50Z</time></rtept><rtept lat="37.048925" lon="-106.506226"><ele>3467.6</ele><time>2026-04-11T16:50:50Z</time></rtept><rtept lat="37.048918" lon="-106.506309"><ele>3467.0</ele><time>2026-04-11T16:50:50Z</time></rtept><rtept lat="37.048919" lon="-106.506388"><ele>3466.2</ele><time>2026-04-11T16:50:50Z</time></rtept><rtept lat="37.048943" lon="-106.506463"><ele>3465.4</ele><time>2026-04-11T16:50:50Z</time></rtept><rtept lat="37.048973" lon="-106.506532"><ele>3465.6</ele><time>2026-04-11T16:50:50Z</time></rtept><rtept lat="37.049004" lon="-106.506589"><ele>3465.6</ele><time>2026-04-11T16:50:50Z</time></rtept><rtept lat="37.049071" lon="-106.506685"><ele>3465.6</ele><time>2026-04-11T16:50:50Z</time></rtept><rtept lat="37.049104" lon="-106.506749"><ele>3464.6</ele><time>2026-04-11T16:50:50Z</time></rtept><rtept lat="37.049111" lon="-106.506839"><ele>3463.8</ele><time>2026-04-11T16:50:50Z</time></rtept><rtept lat="37.049098" lon="-106.506998"><ele>3461.0</ele><time>2026-04-11T16:50:50Z</time></rtept><rtept lat="37.049084" lon="-106.507066"><ele>3458.2</ele><time>2026-04-11T16:50:50Z</time></rtept><rtept lat="37.049004" lon="-106.50717"><ele>3456.4</ele><time>2026-04-11T16:50:50Z</time></rtept><rtept lat="37.048953" lon="-106.50721"><ele>3456.4</ele><time>2026-04-11T16:50:50Z</time></rtept><rtept lat="37.048892" lon="-106.507228"><ele>3454.2</ele><time>2026-04-11T16:50:50Z</time></rtept><rtept lat="37.048829" lon="-106.507234"><ele>3454.2</ele><time>2026-04-11T16:50:50Z</time></rtept><rtept lat="37.048701" lon="-106.507228"><ele>3454.0</ele><time>2026-04-11T16:50:50Z</time></rtept><rtept lat="37.048643" lon="-106.507216"><ele>3453.0</ele><time>2026-04-11T16:50:50Z</time></rtept><rtept lat="37.048587" lon="-106.507189"><ele>3453.4</ele><time>2026-04-11T16:50:50Z</time></rtept><rtept lat="37.048542" lon="-106.507127"><ele>3455.4</ele><time>2026-04-11T16:50:50Z</time></rtept><rtept lat="37.048471" lon="-106.50706"><ele>3455.4</ele><time>2026-04-11T16:50:50Z</time></rtept><rtept lat="37.048406" lon="-106.50706"><ele>3456.8</ele><time>2026-04-11T16:50:50Z</time></rtept><rtept lat="37.048359" lon="-106.507017"><ele>3460.8</ele><time>2026-04-11T16:50:50Z</time></rtept><rtept lat="37.048318" lon="-106.507052"><ele>3460.8</ele><time>2026-04-11T16:50:50Z</time></rtept><rtept lat="37.048306" lon="-106.507122"><ele>3460.8</ele><time>2026-04-11T16:50:50Z</time></rtept><rtept lat="37.04818" lon="-106.507451"><ele>3455.4</ele><time>2026-04-11T16:50:50Z</time></rtept><rtept lat="37.048147" lon="-106.507517"><ele>3452.8</ele><time>2026-04-11T16:50:50Z</time></rtept><rtept lat="37.048017" lon="-106.507688"><ele>3451.6</ele><time>2026-04-11T16:50:50Z</time></rtept><rtept lat="37.047881" lon="-106.507737"><ele>3452.8</ele><time>2026-04-11T16:50:50Z</time></rtept><rtept lat="37.047685" lon="-106.507743"><ele>3458.6</ele><time>2026-04-11T16:50:50Z</time></rtept><rtept lat="37.047621" lon="-106.507773"><ele>3460.4</ele><time>2026-04-11T16:50:50Z</time></rtept><rtept lat="37.047562" lon="-106.507824"><ele>3458.8</ele><time>2026-04-11T16:50:50Z</time></rtept><rtept lat="37.047512" lon="-106.507885"><ele>3458.8</ele><time>2026-04-11T16:50:50Z</time></rtept><rtept lat="37.047394" lon="-106.507962"><ele>3458.6</ele><time>2026-04-11T16:50:50Z</time></rtept><rtept lat="37.047233" lon="-106.508028"><ele>3458.0</ele><time>2026-04-11T16:50:50Z</time></rtept><rtept lat="37.047163" lon="-106.508043"><ele>3458.8</ele><time>2026-04-11T16:50:50Z</time></rtept><rtept lat="37.047036" lon="-106.508054"><ele>3460.0</ele><time>2026-04-11T16:50:50Z</time></rtept><rtept lat="37.046957" lon="-106.508056"><ele>3460.4</ele><time>2026-04-11T16:50:50Z</time></rtept><rtept lat="37.046904" lon="-106.50804"><ele>3460.6</ele><time>2026-04-11T16:50:50Z</time></rtept><rtept lat="37.046822" lon="-106.508048"><ele>3460.8</ele><time>2026-04-11T16:50:50Z</time></rtept><rtept lat="37.046757" lon="-106.508067"><ele>3460.8</ele><time>2026-04-11T16:50:50Z</time></rtept><rtept lat="37.046696" lon="-106.508069"><ele>3461.0</ele><time>2026-04-11T16:50:50Z</time></rtept><rtept lat="37.046626" lon="-106.508062"><ele>3461.4</ele><time>2026-04-11T16:50:50Z</time></rtept><rtept lat="37.046567" lon="-106.508103"><ele>3459.2</ele><time>2026-04-11T16:50:50Z</time></rtept><rtept lat="37.046503" lon="-106.508181"><ele>3456.6</ele><time>2026-04-11T16:50:50Z</time></rtept><rtept lat="37.046448" lon="-106.508236"><ele>3457.6</ele><time>2026-04-11T16:50:50Z</time></rtept><rtept lat="37.046407" lon="-106.508297"><ele>3456.8</ele><time>2026-04-11T16:50:50Z</time></rtept><rtept lat="37.046386" lon="-106.508352"><ele>3454.6</ele><time>2026-04-11T16:50:50Z</time></rtept><rtept lat="37.046369" lon="-106.508422"><ele>3452.8</ele><time>2026-04-11T16:50:50Z</time></rtept><rtept lat="37.046244" lon="-106.508535"><ele>3455.0</ele><time>2026-04-11T16:50:50Z</time></rtept><rtept lat="37.046194" lon="-106.508561"><ele>3457.4</ele><time>2026-04-11T16:50:50Z</time></rtept><rtept lat="37.046151" lon="-106.508594"><ele>3455.6</ele><time>2026-04-11T16:50:50Z</time></rtept><rtept lat="37.046187" lon="-106.50895"><ele>3450.6</ele><time>2026-04-11T16:50:50Z</time></rtept><rtept lat="37.046215" lon="-106.509064"><ele>3447.6</ele><time>2026-04-11T16:50:50Z</time></rtept><rtept lat="37.046241" lon="-106.50913"><ele>3447.4</ele><time>2026-04-11T16:50:50Z</time></rtept><rtept lat="37.046272" lon="-106.509185"><ele>3444.0</ele><time>2026-04-11T16:50:50Z</time></rtept><rtept lat="37.046286" lon="-106.509264"><ele>3443.6</ele><time>2026-04-11T16:50:50Z</time></rtept><rtept lat="37.046286" lon="-106.509336"><ele>3443.6</ele><time>2026-04-11T16:50:50Z</time></rtept><rtept lat="37.046207" lon="-106.50948"><ele>3447.0</ele><time>2026-04-11T16:50:50Z</time></rtept><rtept lat="37.046179" lon="-106.509552"><ele>3450.4</ele><time>2026-04-11T16:50:50Z</time></rtept><rtept lat="37.046203" lon="-106.509609"><ele>3450.4</ele><time>2026-04-11T16:50:50Z</time></rtept><rtept lat="37.046245" lon="-106.509665"><ele>3446.2</ele><time>2026-04-11T16:50:50Z</time></rtept><rtept lat="37.046232" lon="-106.509806"><ele>3444.6</ele><time>2026-04-11T16:50:50Z</time></rtept><rtept lat="37.046247" lon="-106.509875"><ele>3444.6</ele><time>2026-04-11T16:50:50Z</time></rtept><rtept lat="37.046257" lon="-106.51002"><ele>3442.6</ele><time>2026-04-11T16:50:50Z</time></rtept><rtept lat="37.046232" lon="-106.510174"><ele>3440.0</ele><time>2026-04-11T16:50:50Z</time></rtept><rtept lat="37.046254" lon="-106.510234"><ele>3438.2</ele><time>2026-04-11T16:50:50Z</time></rtept><rtept lat="37.046253" lon="-106.510296"><ele>3438.2</ele><time>2026-04-11T16:50:50Z</time></rtept><rtept lat="37.046184" lon="-106.510398"><ele>3439.2</ele><time>2026-04-11T16:50:50Z</time></rtept><rtept lat="37.046124" lon="-106.510509"><ele>3441.6</ele><time>2026-04-11T16:50:50Z</time></rtept><rtept lat="37.045978" lon="-106.51085"><ele>3442.4</ele><time>2026-04-11T16:50:50Z</time></rtept><rtept lat="37.045933" lon="-106.510973"><ele>3440.2</ele><time>2026-04-11T16:50:50Z</time></rtept><rtept lat="37.045834" lon="-106.511178"><ele>3441.6</ele><time>2026-04-11T16:50:50Z</time></rtept><rtept lat="37.045795" lon="-106.511232"><ele>3441.6</ele><time>2026-04-11T16:50:50Z</time></rtept><rtept lat="37.04574" lon="-106.511281"><ele>3443.6</ele><time>2026-04-11T16:50:50Z</time></rtept><rtept lat="37.045703" lon="-106.511359"><ele>3446.2</ele><time>2026-04-11T16:50:50Z</time></rtept><rtept lat="37.0457" lon="-106.511451"><ele>3445.4</ele><time>2026-04-11T16:50:50Z</time></rtept><rtept lat="37.045678" lon="-106.511546"><ele>3444.6</ele><time>2026-04-11T16:50:50Z</time></rtept><rtept lat="37.045649" lon="-106.511747"><ele>3446.8</ele><time>2026-04-11T16:50:50Z</time></rtept><rtept lat="37.045648" lon="-106.511846"><ele>3445.8</ele><time>2026-04-11T16:50:50Z</time></rtept><rtept lat="37.045625" lon="-106.512024"><ele>3441.4</ele><time>2026-04-11T16:50:50Z</time></rtept><rtept lat="37.045603" lon="-106.512347"><ele>3437.2</ele><time>2026-04-11T16:50:50Z</time></rtept><rtept lat="37.045551" lon="-106.512528"><ele>3434.6</ele><time>2026-04-11T16:50:50Z</time></rtept><rtept lat="37.04549" lon="-106.512546"><ele>3432.0</ele><time>2026-04-11T16:50:50Z</time></rtept><rtept lat="37.045427" lon="-106.512514"><ele>3433.4</ele><time>2026-04-11T16:50:50Z</time></rtept><rtept lat="37.045369" lon="-106.512463"><ele>3430.8</ele><time>2026-04-11T16:50:50Z</time></rtept><rtept lat="37.045234" lon="-106.512254"><ele>3434.2</ele><time>2026-04-11T16:50:50Z</time></rtept><rtept lat="37.045116" lon="-106.512027"><ele>3437.0</ele><time>2026-04-11T16:50:50Z</time></rtept><rtept lat="37.045027" lon="-106.511895"><ele>3436.6</ele><time>2026-04-11T16:50:50Z</time></rtept><rtept lat="37.044925" lon="-106.511778"><ele>3436.4</ele><time>2026-04-11T16:50:50Z</time></rtept><rtept lat="37.044825" lon="-106.511683"><ele>3432.8</ele><time>2026-04-11T16:50:50Z</time></rtept><rtept lat="37.044772" lon="-106.511611"><ele>3435.4</ele><time>2026-04-11T16:50:50Z</time></rtept><rtept lat="37.044739" lon="-106.511531"><ele>3434.2</ele><time>2026-04-11T16:50:50Z</time></rtept><rtept lat="37.044722" lon="-106.511453"><ele>3435.8</ele><time>2026-04-11T16:50:50Z</time></rtept><rtept lat="37.044642" lon="-106.511199"><ele>3437.0</ele><time>2026-04-11T16:50:50Z</time></rtept><rtept lat="37.044607" lon="-106.51113"><ele>3435.6</ele><time>2026-04-11T16:50:50Z</time></rtept><rtept lat="37.044527" lon="-106.511009"><ele>3434.2</ele><time>2026-04-11T16:50:50Z</time></rtept><rtept lat="37.044387" lon="-106.510856"><ele>3432.6</ele><time>2026-04-11T16:50:50Z</time></rtept><rtept lat="37.044319" lon="-106.510727"><ele>3436.6</ele><time>2026-04-11T16:50:50Z</time></rtept><rtept lat="37.044274" lon="-106.51069"><ele>3434.4</ele><time>2026-04-11T16:50:50Z</time></rtept><rtept lat="37.044218" lon="-106.510678"><ele>3434.4</ele><time>2026-04-11T16:50:50Z</time></rtept><rtept lat="37.044171" lon="-106.510642"><ele>3436.6</ele><time>2026-04-11T16:50:50Z</time></rtept><rtept lat="37.044124" lon="-106.510581"><ele>3434.2</ele><time>2026-04-11T16:50:50Z</time></rtept><rtept lat="37.044071" lon="-106.510543"><ele>3435.8</ele><time>2026-04-11T16:50:50Z</time></rtept><rtept lat="37.043977" lon="-106.510497"><ele>3433.6</ele><time>2026-04-11T16:50:50Z</time></rtept><rtept lat="37.043815" lon="-106.510447"><ele>3432.6</ele><time>2026-04-11T16:50:50Z</time></rtept><rtept lat="37.043674" lon="-106.51037"><ele>3431.6</ele><time>2026-04-11T16:50:50Z</time></rtept><rtept lat="37.043554" lon="-106.510248"><ele>3430.6</ele><time>2026-04-11T16:50:50Z</time></rtept><rtept lat="37.043519" lon="-106.5102"><ele>3432.0</ele><time>2026-04-11T16:50:50Z</time></rtept><rtept lat="37.043479" lon="-106.510159"><ele>3432.0</ele><time>2026-04-11T16:50:50Z</time></rtept><rtept lat="37.043427" lon="-106.510126"><ele>3433.0</ele><time>2026-04-11T16:50:50Z</time></rtept><rtept lat="37.043301" lon="-106.509983"><ele>3431.8</ele><time>2026-04-11T16:50:50Z</time></rtept><rtept lat="37.043216" lon="-106.509899"><ele>3432.2</ele><time>2026-04-11T16:50:50Z</time></rtept><rtept lat="37.043174" lon="-106.509853"><ele>3432.8</ele><time>2026-04-11T16:50:50Z</time></rtept><rtept lat="37.043094" lon="-106.509739"><ele>3433.4</ele><time>2026-04-11T16:50:50Z</time></rtept><rtept lat="37.043056" lon="-106.509695"><ele>3436.4</ele><time>2026-04-11T16:50:50Z</time></rtept><rtept lat="37.042921" lon="-106.509558"><ele>3435.2</ele><time>2026-04-11T16:50:50Z</time></rtept><rtept lat="37.042776" lon="-106.509439"><ele>3435.8</ele><time>2026-04-11T16:50:50Z</time></rtept><rtept lat="37.04262" lon="-106.509325"><ele>3435.6</ele><time>2026-04-11T16:50:50Z</time></rtept><rtept lat="37.042531" lon="-106.509232"><ele>3437.6</ele><time>2026-04-11T16:50:50Z</time></rtept><rtept lat="37.042421" lon="-106.509166"><ele>3438.4</ele><time>2026-04-11T16:50:50Z</time></rtept><rtept lat="37.042367" lon="-106.509118"><ele>3438.4</ele><time>2026-04-11T16:50:50Z</time></rtept><rtept lat="37.042227" lon="-106.509033"><ele>3438.0</ele><time>2026-04-11T16:50:50Z</time></rtept><rtept lat="37.042157" lon="-106.509009"><ele>3439.0</ele><time>2026-04-11T16:50:50Z</time></rtept><rtept lat="37.041962" lon="-106.5089"><ele>3436.4</ele><time>2026-04-11T16:50:50Z</time></rtept><rtept lat="37.041907" lon="-106.508834"><ele>3436.2</ele><time>2026-04-11T16:50:50Z</time></rtept><rtept lat="37.041863" lon="-106.50876"><ele>3436.2</ele><time>2026-04-11T16:50:50Z</time></rtept><rtept lat="37.041657" lon="-106.508475"><ele>3436.2</ele><time>2026-04-11T16:50:50Z</time></rtept><rtept lat="37.041561" lon="-106.508352"><ele>3436.4</ele><time>2026-04-11T16:50:50Z</time></rtept><rtept lat="37.041492" lon="-106.508305"><ele>3437.4</ele><time>2026-04-11T16:50:50Z</time></rtept><rtept lat="37.041423" lon="-106.50829"><ele>3434.8</ele><time>2026-04-11T16:50:50Z</time></rtept><rtept lat="37.041191" lon="-106.508104"><ele>3434.0</ele><time>2026-04-11T16:50:50Z</time></rtept><rtept lat="37.041081" lon="-106.50804"><ele>3435.4</ele><time>2026-04-11T16:50:50Z</time></rtept><rtept lat="37.040833" lon="-106.507851"><ele>3431.2</ele><time>2026-04-11T16:50:50Z</time></rtept><rtept lat="37.04069" lon="-106.507768"><ele>3428.6</ele><time>2026-04-11T16:50:50Z</time></rtept><rtept lat="37.040628" lon="-106.507712"><ele>3429.0</ele><time>2026-04-11T16:50:50Z</time></rtept><rtept lat="37.040565" lon="-106.507643"><ele>3430.8</ele><time>2026-04-11T16:50:50Z</time></rtept><rtept lat="37.040521" lon="-106.507568"><ele>3430.8</ele><time>2026-04-11T16:50:50Z</time></rtept><rtept lat="37.040452" lon="-106.507525"><ele>3433.6</ele><time>2026-04-11T16:50:50Z</time></rtept><rtept lat="37.040304" lon="-106.507493"><ele>3430.6</ele><time>2026-04-11T16:50:50Z</time></rtept><rtept lat="37.040246" lon="-106.507443"><ele>3433.2</ele><time>2026-04-11T16:50:50Z</time></rtept><rtept lat="37.040183" lon="-106.507423"><ele>3431.6</ele><time>2026-04-11T16:50:50Z</time></rtept><rtept lat="37.040074" lon="-106.50729"><ele>3432.4</ele><time>2026-04-11T16:50:50Z</time></rtept><rtept lat="37.040028" lon="-106.507205"><ele>3432.6</ele><time>2026-04-11T16:50:50Z</time></rtept><rtept lat="37.039921" lon="-106.507076"><ele>3433.0</ele><time>2026-04-11T16:50:50Z</time></rtept><rtept lat="37.039861" lon="-106.507016"><ele>3433.6</ele><time>2026-04-11T16:50:50Z</time></rtept><rtept lat="37.039739" lon="-106.506931"><ele>3432.2</ele><time>2026-04-11T16:50:50Z</time></rtept><rtept lat="37.039597" lon="-106.506893"><ele>3429.0</ele><time>2026-04-11T16:50:50Z</time></rtept><rtept lat="37.039565" lon="-106.506896"><ele>3429.0</ele><time>2026-04-11T16:50:50Z</time></rtept><rtept lat="37.039442" lon="-106.506879"><ele>3428.0</ele><time>2026-04-11T16:50:50Z</time></rtept><rtept lat="37.039372" lon="-106.506884"><ele>3427.8</ele><time>2026-04-11T16:50:50Z</time></rtept><rtept lat="37.039304" lon="-106.506903"><ele>3427.4</ele><time>2026-04-11T16:50:50Z</time></rtept><rtept lat="37.039099" lon="-106.506913"><ele>3426.4</ele><time>2026-04-11T16:50:50Z</time></rtept><rtept lat="37.039031" lon="-106.506923"><ele>3425.2</ele><time>2026-04-11T16:50:50Z</time></rtept><rtept lat="37.038962" lon="-106.506902"><ele>3424.0</ele><time>2026-04-11T16:50:50Z</time></rtept><rtept lat="37.038906" lon="-106.506852"><ele>3425.4</ele><time>2026-04-11T16:50:50Z</time></rtept><rtept lat="37.038811" lon="-106.506715"><ele>3426.2</ele><time>2026-04-11T16:50:50Z</time></rtept><rtept lat="37.038755" lon="-106.506651"><ele>3426.4</ele><time>2026-04-11T16:50:50Z</time></rtept><rtept lat="37.038648" lon="-106.506566"><ele>3424.2</ele><time>2026-04-11T16:50:50Z</time></rtept><rtept lat="37.038572" lon="-106.506543"><ele>3422.2</ele><time>2026-04-11T16:50:50Z</time></rtept><rtept lat="37.038512" lon="-106.506487"><ele>3422.2</ele><time>2026-04-11T16:50:50Z</time></rtept><rtept lat="37.038447" lon="-106.506439"><ele>3422.4</ele><time>2026-04-11T16:50:50Z</time></rtept><rtept lat="37.038382" lon="-106.506413"><ele>3420.4</ele><time>2026-04-11T16:50:50Z</time></rtept><rtept lat="37.03829" lon="-106.506396"><ele>3418.0</ele><time>2026-04-11T16:50:50Z</time></rtept><rtept lat="37.038243" lon="-106.506338"><ele>3418.8</ele><time>2026-04-11T16:50:50Z</time></rtept><rtept lat="37.038175" lon="-106.506345"><ele>3416.8</ele><time>2026-04-11T16:50:50Z</time></rtept><rtept lat="37.037931" lon="-106.506429"><ele>3412.4</ele><time>2026-04-11T16:50:50Z</time></rtept><rtept lat="37.037665" lon="-106.506448"><ele>3417.2</ele><time>2026-04-11T16:50:50Z</time></rtept><rtept lat="37.037572" lon="-106.506477"><ele>3419.0</ele><time>2026-04-11T16:50:50Z</time></rtept><rtept lat="37.037517" lon="-106.506537"><ele>3417.6</ele><time>2026-04-11T16:50:50Z</time></rtept><rtept lat="37.037471" lon="-106.506603"><ele>3418.2</ele><time>2026-04-11T16:50:50Z</time></rtept><rtept lat="37.037443" lon="-106.506673"><ele>3415.8</ele><time>2026-04-11T16:50:50Z</time></rtept><rtept lat="37.037416" lon="-106.506714"><ele>3413.6</ele><time>2026-04-11T16:50:50Z</time></rtept><rtept lat="37.037345" lon="-106.506773"><ele>3413.8</ele><time>2026-04-11T16:50:50Z</time></rtept><rtept lat="37.037214" lon="-106.506823"><ele>3410.8</ele><time>2026-04-11T16:50:50Z</time></rtept><rtept lat="37.037158" lon="-106.50679"><ele>3410.2</ele><time>2026-04-11T16:50:50Z</time></rtept><rtept lat="37.0371" lon="-106.506745"><ele>3412.6</ele><time>2026-04-11T16:50:50Z</time></rtept><rtept lat="37.036907" lon="-106.506653"><ele>3411.8</ele><time>2026-04-11T16:50:50Z</time></rtept><rtept lat="37.036726" lon="-106.50653"><ele>3409.8</ele><time>2026-04-11T16:50:50Z</time></rtept><rtept lat="37.036666" lon="-106.506522"><ele>3411.0</ele><time>2026-04-11T16:50:50Z</time></rtept><rtept lat="37.036583" lon="-106.506481"><ele>3410.4</ele><time>2026-04-11T16:50:50Z</time></rtept><rtept lat="37.036434" lon="-106.506482"><ele>3409.8</ele><time>2026-04-11T16:50:50Z</time></rtept><rtept lat="37.036369" lon="-106.506454"><ele>3409.0</ele><time>2026-04-11T16:50:50Z</time></rtept><rtept lat="37.036238" lon="-106.506458"><ele>3407.4</ele><time>2026-04-11T16:50:50Z</time></rtept><rtept lat="37.036146" lon="-106.506472"><ele>3406.4</ele><time>2026-04-11T16:50:50Z</time></rtept><rtept lat="37.036121" lon="-106.50646"><ele>3405.2</ele><time>2026-04-11T16:50:50Z</time></rtept><rtept lat="37.036067" lon="-106.506414"><ele>3407.4</ele><time>2026-04-11T16:50:50Z</time></rtept><rtept lat="37.03599" lon="-106.506283"><ele>3406.0</ele><time>2026-04-11T16:50:50Z</time></rtept><rtept lat="37.035884" lon="-106.506167"><ele>3408.2</ele><time>2026-04-11T16:50:50Z</time></rtept><rtept lat="37.03575" lon="-106.506065"><ele>3406.6</ele><time>2026-04-11T16:50:50Z</time></rtept><rtept lat="37.035618" lon="-106.505999"><ele>3406.2</ele><time>2026-04-11T16:50:50Z</time></rtept><rtept lat="37.035439" lon="-106.505871"><ele>3405.0</ele><time>2026-04-11T16:50:50Z</time></rtept><rtept lat="37.035372" lon="-106.505842"><ele>3406.2</ele><time>2026-04-11T16:50:50Z</time></rtept><rtept lat="37.035261" lon="-106.505828"><ele>3405.6</ele><time>2026-04-11T16:50:50Z</time></rtept><rtept lat="37.035182" lon="-106.505839"><ele>3405.6</ele><time>2026-04-11T16:50:50Z</time></rtept><rtept lat="37.035137" lon="-106.505874"><ele>3404.0</ele><time>2026-04-11T16:50:50Z</time></rtept><rtept lat="37.035011" lon="-106.506004"><ele>3403.6</ele><time>2026-04-11T16:50:50Z</time></rtept><rtept lat="37.034957" lon="-106.506052"><ele>3402.0</ele><time>2026-04-11T16:50:50Z</time></rtept><rtept lat="37.034922" lon="-106.506109"><ele>3399.4</ele><time>2026-04-11T16:50:50Z</time></rtept><rtept lat="37.034865" lon="-106.50615"><ele>3399.8</ele><time>2026-04-11T16:50:50Z</time></rtept><rtept lat="37.034747" lon="-106.506206"><ele>3397.2</ele><time>2026-04-11T16:50:50Z</time></rtept><rtept lat="37.034689" lon="-106.506224"><ele>3396.8</ele><time>2026-04-11T16:50:50Z</time></rtept><rtept lat="37.034509" lon="-106.506191"><ele>3395.6</ele><time>2026-04-11T16:50:50Z</time></rtept><rtept lat="37.034328" lon="-106.50606"><ele>3397.6</ele><time>2026-04-11T16:50:50Z</time></rtept><rtept lat="37.034256" lon="-106.506026"><ele>3396.2</ele><time>2026-04-11T16:50:50Z</time></rtept><rtept lat="37.034182" lon="-106.506005"><ele>3397.2</ele><time>2026-04-11T16:50:50Z</time></rtept><rtept lat="37.033997" lon="-106.506041"><ele>3390.6</ele><time>2026-04-11T16:50:50Z</time></rtept><rtept lat="37.033932" lon="-106.50602"><ele>3389.4</ele><time>2026-04-11T16:50:50Z</time></rtept><rtept lat="37.033863" lon="-106.505971"><ele>3390.6</ele><time>2026-04-11T16:50:50Z</time></rtept><rtept lat="37.033807" lon="-106.505942"><ele>3390.6</ele><time>2026-04-11T16:50:50Z</time></rtept><rtept lat="37.033656" lon="-106.505882"><ele>3390.6</ele><time>2026-04-11T16:50:50Z</time></rtept><rtept lat="37.033515" lon="-106.505841"><ele>3391.6</ele><time>2026-04-11T16:50:50Z</time></rtept><rtept lat="37.033443" lon="-106.505839"><ele>3390.8</ele><time>2026-04-11T16:50:50Z</time></rtept><rtept lat="37.033373" lon="-106.505851"><ele>3387.6</ele><time>2026-04-11T16:50:50Z</time></rtept><rtept lat="37.033298" lon="-106.505866"><ele>3387.0</ele><time>2026-04-11T16:50:50Z</time></rtept><rtept lat="37.03323" lon="-106.50589"><ele>3386.4</ele><time>2026-04-11T16:50:50Z</time></rtept><rtept lat="37.033086" lon="-106.505868"><ele>3384.8</ele><time>2026-04-11T16:50:50Z</time></rtept><rtept lat="37.032951" lon="-106.505872"><ele>3382.6</ele><time>2026-04-11T16:50:50Z</time></rtept><rtept lat="37.032603" lon="-106.505815"><ele>3378.4</ele><time>2026-04-11T16:50:50Z</time></rtept><rtept lat="37.032542" lon="-106.505779"><ele>3377.0</ele><time>2026-04-11T16:50:50Z</time></rtept><rtept lat="37.032471" lon="-106.505755"><ele>3377.2</ele><time>2026-04-11T16:50:50Z</time></rtept><rtept lat="37.03241" lon="-106.505701"><ele>3375.4</ele><time>2026-04-11T16:50:50Z</time></rtept><rtept lat="37.032308" lon="-106.505577"><ele>3377.4</ele><time>2026-04-11T16:50:50Z</time></rtept><rtept lat="37.032245" lon="-106.50555"><ele>3375.8</ele><time>2026-04-11T16:50:50Z</time></rtept><rtept lat="37.032174" lon="-106.505539"><ele>3374.4</ele><time>2026-04-11T16:50:50Z</time></rtept><rtept lat="37.032174" lon="-106.505539"><ele>3374.4</ele><time>2026-04-11T16:50:50Z</time></rtept><rtept lat="37.032125" lon="-106.505492"><ele>3374.4</ele><time>2026-04-11T16:50:50Z</time></rtept><rtept lat="37.032094" lon="-106.505409"><ele>3375.2</ele><time>2026-04-11T16:50:50Z</time></rtept><rtept lat="37.032079" lon="-106.505317"><ele>3374.4</ele><time>2026-04-11T16:50:50Z</time></rtept><rtept lat="37.032049" lon="-106.505219"><ele>3374.6</ele><time>2026-04-11T16:50:50Z</time></rtept><rtept lat="37.032014" lon="-106.505153"><ele>3373.6</ele><time>2026-04-11T16:50:50Z</time></rtept><rtept lat="37.031967" lon="-106.505108"><ele>3373.6</ele><time>2026-04-11T16:50:50Z</time></rtept><rtept lat="37.031954" lon="-106.505044"><ele>3373.4</ele><time>2026-04-11T16:50:50Z</time></rtept><rtept lat="37.031955" lon="-106.504957"><ele>3373.2</ele><time>2026-04-11T16:50:50Z</time></rtept><rtept lat="37.032004" lon="-106.504898"><ele>3373.0</ele><time>2026-04-11T16:50:50Z</time></rtept><rtept lat="37.032111" lon="-106.504822"><ele>3374.0</ele><time>2026-04-11T16:50:50Z</time></rtept><rtept lat="37.032175" lon="-106.50474"><ele>3374.0</ele><time>2026-04-11T16:50:50Z</time></rtept><rtept lat="37.032299" lon="-106.504668"><ele>3374.2</ele><time>2026-04-11T16:50:50Z</time></rtept><rtept lat="37.032344" lon="-106.504666"><ele>3374.2</ele><time>2026-04-11T16:50:50Z</time></rtept><rtept lat="37.032428" lon="-106.504638"><ele>3374.0</ele><time>2026-04-11T16:50:50Z</time></rtept><rtept lat="37.032493" lon="-106.504655"><ele>3375.2</ele><time>2026-04-11T16:50:50Z</time></rtept><rtept lat="37.032624" lon="-106.504643"><ele>3376.4</ele><time>2026-04-11T16:50:50Z</time></rtept><rtept lat="37.032698" lon="-106.504485"><ele>3375.4</ele><time>2026-04-11T16:50:50Z</time></rtept><rtept lat="37.032755" lon="-106.504422"><ele>3375.2</ele><time>2026-04-11T16:50:50Z</time></rtept><rtept lat="37.032799" lon="-106.504348"><ele>3375.0</ele><time>2026-04-11T16:50:50Z</time></rtept><rtept lat="37.032805" lon="-106.504284"><ele>3374.2</ele><time>2026-04-11T16:50:50Z</time></rtept><rtept lat="37.032801" lon="-106.504192"><ele>3373.4</ele><time>2026-04-11T16:50:50Z</time></rtept><rtept lat="37.032856" lon="-106.504138"><ele>3374.0</ele><time>2026-04-11T16:50:50Z</time></rtept><rtept lat="37.032884" lon="-106.504072"><ele>3373.0</ele><time>2026-04-11T16:50:50Z</time></rtept><rtept lat="37.032914" lon="-106.503994"><ele>3372.8</ele><time>2026-04-11T16:50:50Z</time></rtept><rtept lat="37.032911" lon="-106.503922"><ele>3371.2</ele><time>2026-04-11T16:50:50Z</time></rtept><rtept lat="37.033006" lon="-106.503665"><ele>3369.4</ele><time>2026-04-11T16:50:50Z</time></rtept><rtept lat="37.033074" lon="-106.503657"><ele>3370.0</ele><time>2026-04-11T16:50:50Z</time></rtept><rtept lat="37.033115" lon="-106.503577"><ele>3369.0</ele><time>2026-04-11T16:50:50Z</time></rtept><rtept lat="37.03316" lon="-106.503472"><ele>3368.6</ele><time>2026-04-11T16:50:50Z</time></rtept><rtept lat="37.03317" lon="-106.503379"><ele>3367.4</ele><time>2026-04-11T16:50:50Z</time></rtept><rtept lat="37.032988" lon="-106.503269"><ele>3365.2</ele><time>2026-04-11T16:50:50Z</time></rtept><rtept lat="37.033028" lon="-106.503018"><ele>3362.6</ele><time>2026-04-11T16:50:50Z</time></rtept><rtept lat="37.03299" lon="-106.50297"><ele>3361.8</ele><time>2026-04-11T16:50:50Z</time></rtept><rtept lat="37.032932" lon="-106.502917"><ele>3360.2</ele><time>2026-04-11T16:50:50Z</time></rtept><rtept lat="37.032866" lon="-106.502841"><ele>3359.6</ele><time>2026-04-11T16:50:50Z</time></rtept><rtept lat="37.032785" lon="-106.502801"><ele>3358.0</ele><time>2026-04-11T16:50:50Z</time></rtept><rtept lat="37.032709" lon="-106.502779"><ele>3357.4</ele><time>2026-04-11T16:50:50Z</time></rtept><rtept lat="37.032603" lon="-106.502784"><ele>3356.0</ele><time>2026-04-11T16:50:50Z</time></rtept><rtept lat="37.03256" lon="-106.502748"><ele>3354.4</ele><time>2026-04-11T16:50:50Z</time></rtept><rtept lat="37.032501" lon="-106.502798"><ele>3355.2</ele><time>2026-04-11T16:50:50Z</time></rtept><rtept lat="37.032372" lon="-106.502875"><ele>3354.6</ele><time>2026-04-11T16:50:50Z</time></rtept><rtept lat="37.032299" lon="-106.502901"><ele>3353.6</ele><time>2026-04-11T16:50:50Z</time></rtept><rtept lat="37.032247" lon="-106.50291"><ele>3352.8</ele><time>2026-04-11T16:50:50Z</time></rtept><rtept lat="37.032152" lon="-106.503009"><ele>3352.0</ele><time>2026-04-11T16:50:50Z</time></rtept><rtept lat="37.032045" lon="-106.503093"><ele>3352.0</ele><time>2026-04-11T16:50:50Z</time></rtept><rtept lat="37.031929" lon="-106.503156"><ele>3351.2</ele><time>2026-04-11T16:50:50Z</time></rtept><rtept lat="37.03189" lon="-106.503191"><ele>3352.2</ele><time>2026-04-11T16:50:50Z</time></rtept><rtept lat="37.031806" lon="-106.50321"><ele>3350.2</ele><time>2026-04-11T16:50:50Z</time></rtept><rtept lat="37.031768" lon="-106.503207"><ele>3350.2</ele><time>2026-04-11T16:50:50Z</time></rtept><rtept lat="37.03178" lon="-106.503181"><ele>3349.0</ele><time>2026-04-11T16:50:50Z</time></rtept><rtept lat="37.031772" lon="-106.503076"><ele>3348.0</ele><time>2026-04-11T16:50:50Z</time></rtept><rtept lat="37.031788" lon="-106.503044"><ele>3348.0</ele><time>2026-04-11T16:50:50Z</time></rtept><rtept lat="37.031785" lon="-106.502921"><ele>3345.6</ele><time>2026-04-11T16:50:50Z</time></rtept><rtept lat="37.031803" lon="-106.502795"><ele>3344.4</ele><time>2026-04-11T16:50:50Z</time></rtept><rtept lat="37.031798" lon="-106.502772"><ele>3344.4</ele><time>2026-04-11T16:50:50Z</time></rtept><rtept lat="37.031902" lon="-106.502653"><ele>3344.8</ele><time>2026-04-11T16:50:50Z</time></rtept><rtept lat="37.031878" lon="-106.502426"><ele>3342.0</ele><time>2026-04-11T16:50:50Z</time></rtept><rtept lat="37.031835" lon="-106.502299"><ele>3340.6</ele><time>2026-04-11T16:50:50Z</time></rtept><rtept lat="37.031764" lon="-106.502237"><ele>3339.4</ele><time>2026-04-11T16:50:50Z</time></rtept><rtept lat="37.031745" lon="-106.502177"><ele>3338.8</ele><time>2026-04-11T16:50:50Z</time></rtept><rtept lat="37.031704" lon="-106.502082"><ele>3338.2</ele><time>2026-04-11T16:50:50Z</time></rtept><rtept lat="37.031654" lon="-106.502044"><ele>3337.0</ele><time>2026-04-11T16:50:50Z</time></rtept><rtept lat="37.031592" lon="-106.501814"><ele>3335.4</ele><time>2026-04-11T16:50:50Z</time></rtept><rtept lat="37.031454" lon="-106.501709"><ele>3333.2</ele><time>2026-04-11T16:50:50Z</time></rtept><rtept lat="37.031323" lon="-106.501552"><ele>3332.2</ele><time>2026-04-11T16:50:50Z</time></rtept><rtept lat="37.031211" lon="-106.501447"><ele>3330.0</ele><time>2026-04-11T16:50:50Z</time></rtept><rtept lat="37.031192" lon="-106.501353"><ele>3327.8</ele><time>2026-04-11T16:50:50Z</time></rtept><rtept lat="37.031127" lon="-106.501268"><ele>3325.4</ele><time>2026-04-11T16:50:50Z</time></rtept><rtept lat="37.030993" lon="-106.501306"><ele>3327.0</ele><time>2026-04-11T16:50:50Z</time></rtept><rtept lat="37.030869" lon="-106.501291"><ele>3326.0</ele><time>2026-04-11T16:50:50Z</time></rtept><rtept lat="37.030821" lon="-106.501296"><ele>3327.2</ele><time>2026-04-11T16:50:50Z</time></rtept><rtept lat="37.030727" lon="-106.50124"><ele>3327.0</ele><time>2026-04-11T16:50:50Z</time></rtept><rtept lat="37.030708" lon="-106.501171"><ele>3327.4</ele><time>2026-04-11T16:50:50Z</time></rtept><rtept lat="37.030584" lon="-106.500999"><ele>3329.2</ele><time>2026-04-11T16:50:50Z</time></rtept><rtept lat="37.030557" lon="-106.500951"><ele>3330.2</ele><time>2026-04-11T16:50:50Z</time></rtept><rtept lat="37.030506" lon="-106.500914"><ele>3332.2</ele><time>2026-04-11T16:50:50Z</time></rtept><rtept lat="37.030423" lon="-106.500906"><ele>3333.4</ele><time>2026-04-11T16:50:50Z</time></rtept><rtept lat="37.030388" lon="-106.50094"><ele>3333.4</ele><time>2026-04-11T16:50:50Z</time></rtept><rtept lat="37.03021" lon="-106.500975"><ele>3336.4</ele><time>2026-04-11T16:50:50Z</time></rtept><rtept lat="37.030107" lon="-106.500875"><ele>3338.4</ele><time>2026-04-11T16:50:50Z</time></rtept><rtept lat="37.029996" lon="-106.500784"><ele>3340.4</ele><time>2026-04-11T16:50:50Z</time></rtept><rtept lat="37.029887" lon="-106.500689"><ele>3342.2</ele><time>2026-04-11T16:50:50Z</time></rtept><rtept lat="37.02979" lon="-106.500595"><ele>3343.0</ele><time>2026-04-11T16:50:50Z</time></rtept><rtept lat="37.029749" lon="-106.500534"><ele>3343.4</ele><time>2026-04-11T16:50:50Z</time></rtept><rtept lat="37.029675" lon="-106.500463"><ele>3344.0</ele><time>2026-04-11T16:50:50Z</time></rtept><rtept lat="37.029561" lon="-106.500405"><ele>3344.4</ele><time>2026-04-11T16:50:50Z</time></rtept><rtept lat="37.029476" lon="-106.500335"><ele>3345.2</ele><time>2026-04-11T16:50:50Z</time></rtept><rtept lat="37.029436" lon="-106.500266"><ele>3345.2</ele><time>2026-04-11T16:50:50Z</time></rtept><rtept lat="37.029375" lon="-106.500217"><ele>3345.6</ele><time>2026-04-11T16:50:50Z</time></rtept><rtept lat="37.029327" lon="-106.500201"><ele>3346.0</ele><time>2026-04-11T16:50:50Z</time></rtept><rtept lat="37.029288" lon="-106.500151"><ele>3346.2</ele><time>2026-04-11T16:50:50Z</time></rtept><rtept lat="37.029169" lon="-106.500086"><ele>3346.8</ele><time>2026-04-11T16:50:50Z</time></rtept><rtept lat="37.029136" lon="-106.500025"><ele>3347.0</ele><time>2026-04-11T16:50:50Z</time></rtept><rtept lat="37.029085" lon="-106.499953"><ele>3347.0</ele><time>2026-04-11T16:50:50Z</time></rtept><rtept lat="37.029014" lon="-106.499889"><ele>3347.2</ele><time>2026-04-11T16:50:50Z</time></rtept><rtept lat="37.028883" lon="-106.499854"><ele>3347.4</ele><time>2026-04-11T16:50:50Z</time></rtept><rtept lat="37.028819" lon="-106.499791"><ele>3347.4</ele><time>2026-04-11T16:50:50Z</time></rtept><rtept lat="37.028774" lon="-106.499783"><ele>3347.4</ele><time>2026-04-11T16:50:50Z</time></rtept><rtept lat="37.02864" lon="-106.499699"><ele>3347.2</ele><time>2026-04-11T16:50:50Z</time></rtept><rtept lat="37.028593" lon="-106.499652"><ele>3346.8</ele><time>2026-04-11T16:50:50Z</time></rtept><rtept lat="37.028543" lon="-106.499545"><ele>3346.6</ele><time>2026-04-11T16:50:50Z</time></rtept><rtept lat="37.028409" lon="-106.499434"><ele>3346.0</ele><time>2026-04-11T16:50:50Z</time></rtept><rtept lat="37.028353" lon="-106.499393"><ele>3345.4</ele><time>2026-04-11T16:50:50Z</time></rtept><rtept lat="37.028241" lon="-106.499373"><ele>3345.0</ele><time>2026-04-11T16:50:50Z</time></rtept><rtept lat="37.028172" lon="-106.4993"><ele>3344.0</ele><time>2026-04-11T16:50:50Z</time></rtept><rtept lat="37.028118" lon="-106.499254"><ele>3344.0</ele><time>2026-04-11T16:50:50Z</time></rtept><rtept lat="37.028051" lon="-106.499227"><ele>3343.0</ele><time>2026-04-11T16:50:50Z</time></rtept><rtept lat="37.027995" lon="-106.499185"><ele>3342.8</ele><time>2026-04-11T16:50:50Z</time></rtept><rtept lat="37.027953" lon="-106.499127"><ele>3342.0</ele><time>2026-04-11T16:50:50Z</time></rtept><rtept lat="37.027902" lon="-106.499084"><ele>3341.8</ele><time>2026-04-11T16:50:50Z</time></rtept><rtept lat="37.027861" lon="-106.499081"><ele>3341.8</ele><time>2026-04-11T16:50:50Z</time></rtept><rtept lat="37.027732" lon="-106.498954"><ele>3340.8</ele><time>2026-04-11T16:50:50Z</time></rtept><rtept lat="37.027665" lon="-106.498917"><ele>3340.6</ele><time>2026-04-11T16:50:50Z</time></rtept><rtept lat="37.027486" lon="-106.498795"><ele>3339.6</ele><time>2026-04-11T16:50:50Z</time></rtept><rtept lat="37.027428" lon="-106.49874"><ele>3339.6</ele><time>2026-04-11T16:50:50Z</time></rtept><rtept lat="37.027375" lon="-106.498667"><ele>3339.2</ele><time>2026-04-11T16:50:50Z</time></rtept><rtept lat="37.027337" lon="-106.498648"><ele>3339.2</ele><time>2026-04-11T16:50:50Z</time></rtept><rtept lat="37.027286" lon="-106.498582"><ele>3338.6</ele><time>2026-04-11T16:50:50Z</time></rtept><rtept lat="37.02721" lon="-106.498561"><ele>3338.4</ele><time>2026-04-11T16:50:50Z</time></rtept><rtept lat="37.027163" lon="-106.498527"><ele>3338.0</ele><time>2026-04-11T16:50:50Z</time></rtept><rtept lat="37.027073" lon="-106.498479"><ele>3337.6</ele><time>2026-04-11T16:50:50Z</time></rtept><rtept lat="37.027036" lon="-106.498411"><ele>3337.2</ele><time>2026-04-11T16:50:50Z</time></rtept><rtept lat="37.026929" lon="-106.498309"><ele>3336.4</ele><time>2026-04-11T16:50:50Z</time></rtept><rtept lat="37.026902" lon="-106.498295"><ele>3336.4</ele><time>2026-04-11T16:50:50Z</time></rtept><rtept lat="37.026798" lon="-106.498179"><ele>3335.0</ele><time>2026-04-11T16:50:50Z</time></rtept><rtept lat="37.026747" lon="-106.498112"><ele>3334.4</ele><time>2026-04-11T16:50:50Z</time></rtept><rtept lat="37.026698" lon="-106.49808"><ele>3334.2</ele><time>2026-04-11T16:50:50Z</time></rtept><rtept lat="37.026648" lon="-106.49808"><ele>3333.8</ele><time>2026-04-11T16:50:50Z</time></rtept><rtept lat="37.026583" lon="-106.498026"><ele>3333.0</ele><time>2026-04-11T16:50:50Z</time></rtept><rtept lat="37.026548" lon="-106.497966"><ele>3333.0</ele><time>2026-04-11T16:50:50Z</time></rtept><rtept lat="37.026487" lon="-106.497966"><ele>3332.4</ele><time>2026-04-11T16:50:50Z</time></rtept><rtept lat="37.026454" lon="-106.4979"><ele>3331.6</ele><time>2026-04-11T16:50:50Z</time></rtept><rtept lat="37.026349" lon="-106.497836"><ele>3330.6</ele><time>2026-04-11T16:50:50Z</time></rtept><rtept lat="37.02642" lon="-106.4976"><ele>3329.4</ele><time>2026-04-11T16:50:50Z</time></rtept><rtept lat="37.026377" lon="-106.497621"><ele>3329.2</ele><time>2026-04-11T16:50:50Z</time></rtept><rtept lat="37.026281" lon="-106.49773"><ele>3329.4</ele><time>2026-04-11T16:50:50Z</time></rtept><rtept lat="37.026219" lon="-106.497774"><ele>3328.4</ele><time>2026-04-11T16:50:50Z</time></rtept><rtept lat="37.026167" lon="-106.497797"><ele>3328.6</ele><time>2026-04-11T16:50:50Z</time></rtept><rtept lat="37.026127" lon="-106.497787"><ele>3328.0</ele><time>2026-04-11T16:50:50Z</time></rtept><rtept lat="37.026118" lon="-106.497748"><ele>3327.2</ele><time>2026-04-11T16:50:50Z</time></rtept><rtept lat="37.026125" lon="-106.497718"><ele>3327.2</ele><time>2026-04-11T16:50:50Z</time></rtept><rtept lat="37.026189" lon="-106.497643"><ele>3326.8</ele><time>2026-04-11T16:50:50Z</time></rtept><rtept lat="37.026247" lon="-106.497557"><ele>3326.4</ele><time>2026-04-11T16:50:50Z</time></rtept><rtept lat="37.026265" lon="-106.497503"><ele>3324.8</ele><time>2026-04-11T16:50:50Z</time></rtept><rtept lat="37.026305" lon="-106.49746"><ele>3325.8</ele><time>2026-04-11T16:50:50Z</time></rtept><rtept lat="37.026345" lon="-106.497384"><ele>3325.4</ele><time>2026-04-11T16:50:50Z</time></rtept><rtept lat="37.026242" lon="-106.497359"><ele>3323.0</ele><time>2026-04-11T16:50:50Z</time></rtept><rtept lat="37.026181" lon="-106.497379"><ele>3322.2</ele><time>2026-04-11T16:50:50Z</time></rtept><rtept lat="37.02605" lon="-106.497454"><ele>3323.0</ele><time>2026-04-11T16:50:50Z</time></rtept><rtept lat="37.02599" lon="-106.497519"><ele>3324.4</ele><time>2026-04-11T16:50:50Z</time></rtept><rtept lat="37.025927" lon="-106.497538"><ele>3324.4</ele><time>2026-04-11T16:50:50Z</time></rtept><rtept lat="37.025833" lon="-106.497447"><ele>3323.2</ele><time>2026-04-11T16:50:50Z</time></rtept><rtept lat="37.025787" lon="-106.497376"><ele>3322.0</ele><time>2026-04-11T16:50:50Z</time></rtept><rtept lat="37.025754" lon="-106.497345"><ele>3322.6</ele><time>2026-04-11T16:50:50Z</time></rtept><rtept lat="37.025731" lon="-106.497312"><ele>3321.6</ele><time>2026-04-11T16:50:50Z</time></rtept><rtept lat="37.025578" lon="-106.49717"><ele>3322.0</ele><time>2026-04-11T16:50:50Z</time></rtept><rtept lat="37.025518" lon="-106.497124"><ele>3322.0</ele><time>2026-04-11T16:50:50Z</time></rtept><rtept lat="37.025473" lon="-106.49705"><ele>3322.2</ele><time>2026-04-11T16:50:50Z</time></rtept><rtept lat="37.02542" lon="-106.496993"><ele>3322.4</ele><time>2026-04-11T16:50:50Z</time></rtept><rtept lat="37.025414" lon="-106.49695"><ele>3322.4</ele><time>2026-04-11T16:50:50Z</time></rtept><rtept lat="37.025372" lon="-106.496865"><ele>3322.4</ele><time>2026-04-11T16:50:50Z</time></rtept><rtept lat="37.025358" lon="-106.496758"><ele>3321.6</ele><time>2026-04-11T16:50:50Z</time></rtept><rtept lat="37.025237" lon="-106.496671"><ele>3322.6</ele><time>2026-04-11T16:50:50Z</time></rtept><rtept lat="37.025167" lon="-106.496664"><ele>3323.4</ele><time>2026-04-11T16:50:50Z</time></rtept><rtept lat="37.025114" lon="-106.496634"><ele>3322.6</ele><time>2026-04-11T16:50:50Z</time></rtept><rtept lat="37.025048" lon="-106.496644"><ele>3323.4</ele><time>2026-04-11T16:50:50Z</time></rtept><rtept lat="37.02499" lon="-106.49661"><ele>3324.2</ele><time>2026-04-11T16:50:50Z</time></rtept><rtept lat="37.024895" lon="-106.496611"><ele>3325.4</ele><time>2026-04-11T16:50:50Z</time></rtept><rtept lat="37.024823" lon="-106.496595"><ele>3325.8</ele><time>2026-04-11T16:50:50Z</time></rtept><rtept lat="37.024656" lon="-106.496609"><ele>3326.6</ele><time>2026-04-11T16:50:50Z</time></rtept><rtept lat="37.024628" lon="-106.496546"><ele>3325.8</ele><time>2026-04-11T16:50:50Z</time></rtept><rtept lat="37.02452" lon="-106.496502"><ele>3326.2</ele><time>2026-04-11T16:50:50Z</time></rtept><rtept lat="37.024442" lon="-106.49642"><ele>3325.6</ele><time>2026-04-11T16:50:50Z</time></rtept><rtept lat="37.024394" lon="-106.496354"><ele>3325.2</ele><time>2026-04-11T16:50:50Z</time></rtept><rtept lat="37.024403" lon="-106.496296"><ele>3324.4</ele><time>2026-04-11T16:50:50Z</time></rtept><rtept lat="37.024325" lon="-106.49624"><ele>3324.6</ele><time>2026-04-11T16:50:50Z</time></rtept><rtept lat="37.024276" lon="-106.49619"><ele>3324.0</ele><time>2026-04-11T16:50:50Z</time></rtept><rtept lat="37.024207" lon="-106.496179"><ele>3324.2</ele><time>2026-04-11T16:50:50Z</time></rtept><rtept lat="37.024131" lon="-106.496124"><ele>3323.8</ele><time>2026-04-11T16:50:50Z</time></rtept><rtept lat="37.024072" lon="-106.496107"><ele>3324.0</ele><time>2026-04-11T16:50:50Z</time></rtept><rtept lat="37.023934" lon="-106.496005"><ele>3323.6</ele><time>2026-04-11T16:50:50Z</time></rtept><rtept lat="37.023897" lon="-106.495925"><ele>3323.0</ele><time>2026-04-11T16:50:50Z</time></rtept><rtept lat="37.023962" lon="-106.49555"><ele>3320.4</ele><time>2026-04-11T16:50:50Z</time></rtept><rtept lat="37.023804" lon="-106.495257"><ele>3318.4</ele><time>2026-04-11T16:50:50Z</time></rtept><rtept lat="37.023632" lon="-106.495122"><ele>3318.0</ele><time>2026-04-11T16:50:50Z</time></rtept><rtept lat="37.023552" lon="-106.49501"><ele>3318.4</ele><time>2026-04-11T16:50:50Z</time></rtept><rtept lat="37.023496" lon="-106.494998"><ele>3319.2</ele><time>2026-04-11T16:50:50Z</time></rtept><rtept lat="37.023445" lon="-106.494944"><ele>3319.8</ele><time>2026-04-11T16:50:50Z</time></rtept><rtept lat="37.023362" lon="-106.494875"><ele>3320.4</ele><time>2026-04-11T16:50:50Z</time></rtept><rtept lat="37.023177" lon="-106.494744"><ele>3321.0</ele><time>2026-04-11T16:50:50Z</time></rtept><rtept lat="37.022923" lon="-106.494714"><ele>3321.6</ele><time>2026-04-11T16:50:50Z</time></rtept><rtept lat="37.022844" lon="-106.494679"><ele>3321.2</ele><time>2026-04-11T16:50:50Z</time></rtept><rtept lat="37.022797" lon="-106.494698"><ele>3321.6</ele><time>2026-04-11T16:50:50Z</time></rtept><rtept lat="37.022644" lon="-106.494694"><ele>3321.6</ele><time>2026-04-11T16:50:50Z</time></rtept><rtept lat="37.022558" lon="-106.494679"><ele>3320.8</ele><time>2026-04-11T16:50:50Z</time></rtept><rtept lat="37.022407" lon="-106.494526"><ele>3320.2</ele><time>2026-04-11T16:50:50Z</time></rtept><rtept lat="37.02239" lon="-106.494461"><ele>3320.0</ele><time>2026-04-11T16:50:50Z</time></rtept><rtept lat="37.02238" lon="-106.494372"><ele>3319.8</ele><time>2026-04-11T16:50:50Z</time></rtept><rtept lat="37.02241" lon="-106.4941"><ele>3319.2</ele><time>2026-04-11T16:50:50Z</time></rtept><rtept lat="37.022445" lon="-106.494019"><ele>3319.4</ele><time>2026-04-11T16:50:50Z</time></rtept><rtept lat="37.022486" lon="-106.493952"><ele>3319.2</ele><time>2026-04-11T16:50:50Z</time></rtept><rtept lat="37.022658" lon="-106.493877"><ele>3319.4</ele><time>2026-04-11T16:50:50Z</time></rtept><rtept lat="37.022759" lon="-106.493756"><ele>3319.2</ele><time>2026-04-11T16:50:50Z</time></rtept><rtept lat="37.022816" lon="-106.493707"><ele>3319.0</ele><time>2026-04-11T16:50:50Z</time></rtept><rtept lat="37.022886" lon="-106.493669"><ele>3318.6</ele><time>2026-04-11T16:50:50Z</time></rtept><rtept lat="37.02293" lon="-106.493611"><ele>3318.2</ele><time>2026-04-11T16:50:50Z</time></rtept><rtept lat="37.022929" lon="-106.493517"><ele>3318.0</ele><time>2026-04-11T16:50:50Z</time></rtept><rtept lat="37.022903" lon="-106.493417"><ele>3318.2</ele><time>2026-04-11T16:50:50Z</time></rtept><rtept lat="37.022827" lon="-106.493395"><ele>3318.4</ele><time>2026-04-11T16:50:50Z</time></rtept><rtept lat="37.022722" lon="-106.493295"><ele>3318.4</ele><time>2026-04-11T16:50:50Z</time></rtept><rtept lat="37.022657" lon="-106.493253"><ele>3317.6</ele><time>2026-04-11T16:50:50Z</time></rtept><rtept lat="37.022631" lon="-106.493175"><ele>3314.6</ele><time>2026-04-11T16:50:50Z</time></rtept><rtept lat="37.022653" lon="-106.49308"><ele>3314.8</ele><time>2026-04-11T16:50:50Z</time></rtept><rtept lat="37.02263" lon="-106.492889"><ele>3310.0</ele><time>2026-04-11T16:50:50Z</time></rtept><rtept lat="37.022652" lon="-106.492801"><ele>3309.8</ele><time>2026-04-11T16:50:50Z</time></rtept><rtept lat="37.022695" lon="-106.492732"><ele>3308.6</ele><time>2026-04-11T16:50:50Z</time></rtept><rtept lat="37.022712" lon="-106.492652"><ele>3308.8</ele><time>2026-04-11T16:50:50Z</time></rtept><rtept lat="37.02274" lon="-106.492568"><ele>3307.8</ele><time>2026-04-11T16:50:50Z</time></rtept><rtept lat="37.022795" lon="-106.492498"><ele>3308.0</ele><time>2026-04-11T16:50:50Z</time></rtept><rtept lat="37.022946" lon="-106.492321"><ele>3307.8</ele><time>2026-04-11T16:50:50Z</time></rtept><rtept lat="37.023009" lon="-106.492309"><ele>3308.6</ele><time>2026-04-11T16:50:50Z</time></rtept><rtept lat="37.023073" lon="-106.492277"><ele>3308.8</ele><time>2026-04-11T16:50:50Z</time></rtept><rtept lat="37.023141" lon="-106.492255"><ele>3309.2</ele><time>2026-04-11T16:50:50Z</time></rtept><rtept lat="37.0232" lon="-106.492169"><ele>3309.2</ele><time>2026-04-11T16:50:50Z</time></rtept><rtept lat="37.023235" lon="-106.492107"><ele>3309.0</ele><time>2026-04-11T16:50:50Z</time></rtept><rtept lat="37.02329" lon="-106.492038"><ele>3309.0</ele><time>2026-04-11T16:50:50Z</time></rtept><rtept lat="37.023318" lon="-106.49196"><ele>3308.8</ele><time>2026-04-11T16:50:50Z</time></rtept><rtept lat="37.023335" lon="-106.491862"><ele>3308.6</ele><time>2026-04-11T16:50:50Z</time></rtept><rtept lat="37.023374" lon="-106.491781"><ele>3308.4</ele><time>2026-04-11T16:50:50Z</time></rtept><rtept lat="37.0234" lon="-106.491705"><ele>3308.0</ele><time>2026-04-11T16:50:50Z</time></rtept><rtept lat="37.023372" lon="-106.491615"><ele>3308.0</ele><time>2026-04-11T16:50:50Z</time></rtept><rtept lat="37.023328" lon="-106.491537"><ele>3307.8</ele><time>2026-04-11T16:50:50Z</time></rtept><rtept lat="37.023349" lon="-106.491504"><ele>3307.6</ele><time>2026-04-11T16:50:50Z</time></rtept><rtept lat="37.023397" lon="-106.491387"><ele>3307.4</ele><time>2026-04-11T16:50:50Z</time></rtept><rtept lat="37.023472" lon="-106.491373"><ele>3307.0</ele><time>2026-04-11T16:50:50Z</time></rtept><rtept lat="37.02352" lon="-106.491284"><ele>3306.6</ele><time>2026-04-11T16:50:50Z</time></rtept><rtept lat="37.023564" lon="-106.491222"><ele>3305.6</ele><time>2026-04-11T16:50:50Z</time></rtept><rtept lat="37.023527" lon="-106.491069"><ele>3303.8</ele><time>2026-04-11T16:50:50Z</time></rtept><rtept lat="37.023665" lon="-106.49089"><ele>3301.4</ele><time>2026-04-11T16:50:50Z</time></rtept><rtept lat="37.023752" lon="-106.490742"><ele>3300.6</ele><time>2026-04-11T16:50:50Z</time></rtept><rtept lat="37.023785" lon="-106.490666"><ele>3299.8</ele><time>2026-04-11T16:50:50Z</time></rtept><rtept lat="37.023846" lon="-106.490614"><ele>3299.2</ele><time>2026-04-11T16:50:50Z</time></rtept><rtept lat="37.023899" lon="-106.490554"><ele>3298.6</ele><time>2026-04-11T16:50:50Z</time></rtept><rtept lat="37.023916" lon="-106.490465"><ele>3298.0</ele><time>2026-04-11T16:50:50Z</time></rtept><rtept lat="37.023908" lon="-106.490382"><ele>3297.4</ele><time>2026-04-11T16:50:50Z</time></rtept><rtept lat="37.023872" lon="-106.490343"><ele>3297.4</ele><time>2026-04-11T16:50:50Z</time></rtept><rtept lat="37.02386" lon="-106.490257"><ele>3296.4</ele><time>2026-04-11T16:50:50Z</time></rtept><rtept lat="37.023825" lon="-106.490157"><ele>3295.6</ele><time>2026-04-11T16:50:50Z</time></rtept><rtept lat="37.02378" lon="-106.489975"><ele>3292.4</ele><time>2026-04-11T16:50:50Z</time></rtept><rtept lat="37.02375" lon="-106.489876"><ele>3289.0</ele><time>2026-04-11T16:50:50Z</time></rtept><rtept lat="37.023801" lon="-106.48976"><ele>3289.0</ele><time>2026-04-11T16:50:50Z</time></rtept><rtept lat="37.023761" lon="-106.489659"><ele>3286.2</ele><time>2026-04-11T16:50:50Z</time></rtept><rtept lat="37.023706" lon="-106.4896"><ele>3283.2</ele><time>2026-04-11T16:50:50Z</time></rtept><rtept lat="37.023655" lon="-106.489499"><ele>3279.6</ele><time>2026-04-11T16:50:50Z</time></rtept><rtept lat="37.023683" lon="-106.489433"><ele>3280.0</ele><time>2026-04-11T16:50:50Z</time></rtept><rtept lat="37.023794" lon="-106.48939"><ele>3282.0</ele><time>2026-04-11T16:50:50Z</time></rtept><rtept lat="37.02384" lon="-106.489336"><ele>3282.2</ele><time>2026-04-11T16:50:50Z</time></rtept><rtept lat="37.024014" lon="-106.489096"><ele>3283.0</ele><time>2026-04-11T16:50:50Z</time></rtept><rtept lat="37.02404" lon="-106.489012"><ele>3282.4</ele><time>2026-04-11T16:50:50Z</time></rtept><rtept lat="37.024065" lon="-106.488848"><ele>3282.0</ele><time>2026-04-11T16:50:50Z</time></rtept><rtept lat="37.024037" lon="-106.488554"><ele>3281.6</ele><time>2026-04-11T16:50:50Z</time></rtept><rtept lat="37.024054" lon="-106.488468"><ele>3281.4</ele><time>2026-04-11T16:50:50Z</time></rtept><rtept lat="37.024093" lon="-106.488409"><ele>3282.8</ele><time>2026-04-11T16:50:50Z</time></rtept><rtept lat="37.024095" lon="-106.488253"><ele>3282.2</ele><time>2026-04-11T16:50:50Z</time></rtept><rtept lat="37.024104" lon="-106.488178"><ele>3281.4</ele><time>2026-04-11T16:50:50Z</time></rtept><rtept lat="37.024092" lon="-106.488089"><ele>3280.0</ele><time>2026-04-11T16:50:50Z</time></rtept><rtept lat="37.024145" lon="-106.487995"><ele>3279.8</ele><time>2026-04-11T16:50:50Z</time></rtept><rtept lat="37.024228" lon="-106.487884"><ele>3276.2</ele><time>2026-04-11T16:50:50Z</time></rtept><rtept lat="37.024253" lon="-106.487804"><ele>3273.4</ele><time>2026-04-11T16:50:50Z</time></rtept><rtept lat="37.024304" lon="-106.487695"><ele>3272.8</ele><time>2026-04-11T16:50:50Z</time></rtept><rtept lat="37.024326" lon="-106.48759"><ele>3271.4</ele><time>2026-04-11T16:50:50Z</time></rtept><rtept lat="37.024354" lon="-106.487515"><ele>3271.4</ele><time>2026-04-11T16:50:50Z</time></rtept><rtept lat="37.024393" lon="-106.487461"><ele>3270.4</ele><time>2026-04-11T16:50:50Z</time></rtept><rtept lat="37.024405" lon="-106.487385"><ele>3269.0</ele><time>2026-04-11T16:50:50Z</time></rtept><rtept lat="37.024431" lon="-106.487302"><ele>3268.6</ele><time>2026-04-11T16:50:50Z</time></rtept><rtept lat="37.024605" lon="-106.487242"><ele>3270.8</ele><time>2026-04-11T16:50:50Z</time></rtept><rtept lat="37.024671" lon="-106.48719"><ele>3270.6</ele><time>2026-04-11T16:50:50Z</time></rtept><rtept lat="37.02476" lon="-106.48715"><ele>3272.0</ele><time>2026-04-11T16:50:50Z</time></rtept><rtept lat="37.024819" lon="-106.487105"><ele>3271.2</ele><time>2026-04-11T16:50:50Z</time></rtept><rtept lat="37.024954" lon="-106.487072"><ele>3272.0</ele><time>2026-04-11T16:50:50Z</time></rtept><rtept lat="37.02502" lon="-106.487032"><ele>3271.4</ele><time>2026-04-11T16:50:50Z</time></rtept><rtept lat="37.02506" lon="-106.486951"><ele>3270.6</ele><time>2026-04-11T16:50:50Z</time></rtept><rtept lat="37.025103" lon="-106.48688"><ele>3270.8</ele><time>2026-04-11T16:50:50Z</time></rtept><rtept lat="37.025093" lon="-106.486819"><ele>3269.8</ele><time>2026-04-11T16:50:50Z</time></rtept><rtept lat="37.025139" lon="-106.486749"><ele>3268.8</ele><time>2026-04-11T16:50:50Z</time></rtept><rtept lat="37.025092" lon="-106.486666"><ele>3267.0</ele><time>2026-04-11T16:50:50Z</time></rtept><rtept lat="37.025072" lon="-106.486686"><ele>3267.0</ele><time>2026-04-11T16:50:50Z</time></rtept><rtept lat="37.025" lon="-106.486664"><ele>3266.4</ele><time>2026-04-11T16:50:50Z</time></rtept><rtept lat="37.024897" lon="-106.48659"><ele>3263.8</ele><time>2026-04-11T16:50:50Z</time></rtept><rtept lat="37.024866" lon="-106.486557"><ele>3262.6</ele><time>2026-04-11T16:50:50Z</time></rtept><rtept lat="37.024906" lon="-106.486457"><ele>3262.2</ele><time>2026-04-11T16:50:50Z</time></rtept><rtept lat="37.02513" lon="-106.486393"><ele>3263.6</ele><time>2026-04-11T16:50:50Z</time></rtept><rtept lat="37.025084" lon="-106.48629"><ele>3261.4</ele><time>2026-04-11T16:50:50Z</time></rtept><rtept lat="37.025146" lon="-106.486152"><ele>3260.6</ele><time>2026-04-11T16:50:50Z</time></rtept><rtept lat="37.025145" lon="-106.48608"><ele>3259.6</ele><time>2026-04-11T16:50:50Z</time></rtept><rtept lat="37.025217" lon="-106.485901"><ele>3258.8</ele><time>2026-04-11T16:50:50Z</time></rtept><rtept lat="37.025219" lon="-106.485757"><ele>3257.0</ele><time>2026-04-11T16:50:50Z</time></rtept><rtept lat="37.025168" lon="-106.485683"><ele>3255.6</ele><time>2026-04-11T16:50:50Z</time></rtept><rtept lat="37.025078" lon="-106.48568"><ele>3254.2</ele><time>2026-04-11T16:50:50Z</time></rtept><rtept lat="37.025055" lon="-106.485713"><ele>3254.2</ele><time>2026-04-11T16:50:50Z</time></rtept><rtept lat="37.025" lon="-106.485741"><ele>3252.4</ele><time>2026-04-11T16:50:50Z</time></rtept><rtept lat="37.024955" lon="-106.485752"><ele>3250.4</ele><time>2026-04-11T16:50:50Z</time></rtept><rtept lat="37.0249" lon="-106.485877"><ele>3252.8</ele><time>2026-04-11T16:50:50Z</time></rtept><rtept lat="37.024896" lon="-106.485964"><ele>3254.0</ele><time>2026-04-11T16:50:50Z</time></rtept><rtept lat="37.024842" lon="-106.486007"><ele>3252.0</ele><time>2026-04-11T16:50:50Z</time></rtept><rtept lat="37.024796" lon="-106.486066"><ele>3251.2</ele><time>2026-04-11T16:50:50Z</time></rtept><rtept lat="37.024754" lon="-106.48615"><ele>3250.4</ele><time>2026-04-11T16:50:50Z</time></rtept><rtept lat="37.02466" lon="-106.486291"><ele>3251.8</ele><time>2026-04-11T16:50:50Z</time></rtept><rtept lat="37.02455" lon="-106.486404"><ele>3248.2</ele><time>2026-04-11T16:50:50Z</time></rtept><rtept lat="37.024478" lon="-106.486448"><ele>3247.4</ele><time>2026-04-11T16:50:50Z</time></rtept><rtept lat="37.024461" lon="-106.486532"><ele>3249.8</ele><time>2026-04-11T16:50:50Z</time></rtept><rtept lat="37.024429" lon="-106.486606"><ele>3249.8</ele><time>2026-04-11T16:50:50Z</time></rtept><rtept lat="37.024372" lon="-106.486776"><ele>3251.6</ele><time>2026-04-11T16:50:50Z</time></rtept><rtept lat="37.024309" lon="-106.486818"><ele>3251.0</ele><time>2026-04-11T16:50:50Z</time></rtept><rtept lat="37.024225" lon="-106.486855"><ele>3247.4</ele><time>2026-04-11T16:50:50Z</time></rtept><rtept lat="37.024161" lon="-106.486907"><ele>3247.2</ele><time>2026-04-11T16:50:50Z</time></rtept><rtept lat="37.023942" lon="-106.487126"><ele>3243.8</ele><time>2026-04-11T16:50:50Z</time></rtept><rtept lat="37.023817" lon="-106.487211"><ele>3241.6</ele><time>2026-04-11T16:50:50Z</time></rtept><rtept lat="37.02353" lon="-106.487459"><ele>3238.8</ele><time>2026-04-11T16:50:50Z</time></rtept><rtept lat="37.023479" lon="-106.487531"><ele>3238.0</ele><time>2026-04-11T16:50:50Z</time></rtept><rtept lat="37.023447" lon="-106.48761"><ele>3237.0</ele><time>2026-04-11T16:50:50Z</time></rtept><rtept lat="37.023343" lon="-106.487779"><ele>3236.4</ele><time>2026-04-11T16:50:50Z</time></rtept><rtept lat="37.023334" lon="-106.487825"><ele>3237.0</ele><time>2026-04-11T16:50:50Z</time></rtept><rtept lat="37.023342" lon="-106.487926"><ele>3237.8</ele><time>2026-04-11T16:50:50Z</time></rtept><rtept lat="37.023309" lon="-106.487968"><ele>3235.2</ele><time>2026-04-11T16:50:50Z</time></rtept><rtept lat="37.02321" lon="-106.488017"><ele>3233.0</ele><time>2026-04-11T16:50:50Z</time></rtept><rtept lat="37.023157" lon="-106.488069"><ele>3230.4</ele><time>2026-04-11T16:50:50Z</time></rtept><rtept lat="37.023172" lon="-106.488179"><ele>3231.8</ele><time>2026-04-11T16:50:50Z</time></rtept><rtept lat="37.02313" lon="-106.488262"><ele>3232.8</ele><time>2026-04-11T16:50:50Z</time></rtept><rtept lat="37.023104" lon="-106.488337"><ele>3231.4</ele><time>2026-04-11T16:50:50Z</time></rtept><rtept lat="37.022988" lon="-106.488436"><ele>3230.2</ele><time>2026-04-11T16:50:50Z</time></rtept><rtept lat="37.022938" lon="-106.488493"><ele>3227.2</ele><time>2026-04-11T16:50:50Z</time></rtept><rtept lat="37.022903" lon="-106.488563"><ele>3225.8</ele><time>2026-04-11T16:50:50Z</time></rtept><rtept lat="37.022745" lon="-106.488782"><ele>3225.4</ele><time>2026-04-11T16:50:50Z</time></rtept><rtept lat="37.022642" lon="-106.488905"><ele>3224.2</ele><time>2026-04-11T16:50:50Z</time></rtept><rtept lat="37.022568" lon="-106.489028"><ele>3225.0</ele><time>2026-04-11T16:50:50Z</time></rtept><rtept lat="37.022551" lon="-106.489136"><ele>3224.4</ele><time>2026-04-11T16:50:50Z</time></rtept><rtept lat="37.022512" lon="-106.489181"><ele>3224.4</ele><time>2026-04-11T16:50:50Z</time></rtept><rtept lat="37.022453" lon="-106.489224"><ele>3224.0</ele><time>2026-04-11T16:50:50Z</time></rtept><rtept lat="37.022413" lon="-106.489216"><ele>3221.8</ele><time>2026-04-11T16:50:50Z</time></rtept><rtept lat="37.022406" lon="-106.489183"><ele>3219.8</ele><time>2026-04-11T16:50:50Z</time></rtept><rtept lat="37.022423" lon="-106.489114"><ele>3219.8</ele><time>2026-04-11T16:50:50Z</time></rtept><rtept lat="37.022464" lon="-106.489046"><ele>3220.0</ele><time>2026-04-11T16:50:50Z</time></rtept><rtept lat="37.022479" lon="-106.488955"><ele>3218.6</ele><time>2026-04-11T16:50:50Z</time></rtept><rtept lat="37.0225" lon="-106.488883"><ele>3219.4</ele><time>2026-04-11T16:50:50Z</time></rtept><rtept lat="37.022513" lon="-106.488786"><ele>3218.0</ele><time>2026-04-11T16:50:50Z</time></rtept><rtept lat="37.022548" lon="-106.488693"><ele>3216.8</ele><time>2026-04-11T16:50:50Z</time></rtept><rtept lat="37.0226" lon="-106.48847"><ele>3215.4</ele><time>2026-04-11T16:50:50Z</time></rtept><rtept lat="37.022637" lon="-106.48839"><ele>3216.2</ele><time>2026-04-11T16:50:50Z</time></rtept><rtept lat="37.022702" lon="-106.488218"><ele>3214.6</ele><time>2026-04-11T16:50:50Z</time></rtept><rtept lat="37.022722" lon="-106.488121"><ele>3215.8</ele><time>2026-04-11T16:50:50Z</time></rtept><rtept lat="37.022719" lon="-106.487976"><ele>3215.0</ele><time>2026-04-11T16:50:50Z</time></rtept><rtept lat="37.022743" lon="-106.487883"><ele>3215.0</ele><time>2026-04-11T16:50:50Z</time></rtept><rtept lat="37.022644" lon="-106.487714"><ele>3213.0</ele><time>2026-04-11T16:50:50Z</time></rtept><rtept lat="37.022608" lon="-106.487642"><ele>3211.2</ele><time>2026-04-11T16:50:50Z</time></rtept><rtept lat="37.022582" lon="-106.487563"><ele>3211.2</ele><time>2026-04-11T16:50:50Z</time></rtept><rtept lat="37.022534" lon="-106.487491"><ele>3209.6</ele><time>2026-04-11T16:50:50Z</time></rtept><rtept lat="37.022458" lon="-106.487414"><ele>3208.2</ele><time>2026-04-11T16:50:50Z</time></rtept><rtept lat="37.022414" lon="-106.487335"><ele>3206.4</ele><time>2026-04-11T16:50:50Z</time></rtept><rtept lat="37.022363" lon="-106.487263"><ele>3206.8</ele><time>2026-04-11T16:50:50Z</time></rtept><rtept lat="37.02233" lon="-106.48718"><ele>3204.8</ele><time>2026-04-11T16:50:50Z</time></rtept><rtept lat="37.022324" lon="-106.487119"><ele>3205.2</ele><time>2026-04-11T16:50:50Z</time></rtept><rtept lat="37.022296" lon="-106.48704"><ele>3205.2</ele><time>2026-04-11T16:50:50Z</time></rtept><rtept lat="37.022288" lon="-106.486941"><ele>3203.0</ele><time>2026-04-11T16:50:50Z</time></rtept><rtept lat="37.022309" lon="-106.486858"><ele>3205.4</ele><time>2026-04-11T16:50:50Z</time></rtept><rtept lat="37.022295" lon="-106.486773"><ele>3205.2</ele><time>2026-04-11T16:50:50Z</time></rtept><rtept lat="37.022237" lon="-106.486678"><ele>3202.4</ele><time>2026-04-11T16:50:50Z</time></rtept><rtept lat="37.022209" lon="-106.486604"><ele>3199.8</ele><time>2026-04-11T16:50:50Z</time></rtept><rtept lat="37.022167" lon="-106.486527"><ele>3199.2</ele><time>2026-04-11T16:50:50Z</time></rtept><rtept lat="37.022146" lon="-106.486447"><ele>3197.0</ele><time>2026-04-11T16:50:50Z</time></rtept><rtept lat="37.022112" lon="-106.486083"><ele>3191.2</ele><time>2026-04-11T16:50:50Z</time></rtept><rtept lat="37.022136" lon="-106.485915"><ele>3188.2</ele><time>2026-04-11T16:50:50Z</time></rtept><rtept lat="37.022192" lon="-106.485747"><ele>3186.2</ele><time>2026-04-11T16:50:50Z</time></rtept><rtept lat="37.022261" lon="-106.485714"><ele>3188.0</ele><time>2026-04-11T16:50:50Z</time></rtept><rtept lat="37.022327" lon="-106.485664"><ele>3188.0</ele><time>2026-04-11T16:50:50Z</time></rtept><rtept lat="37.022365" lon="-106.48561"><ele>3190.0</ele><time>2026-04-11T16:50:50Z</time></rtept><rtept lat="37.022438" lon="-106.485559"><ele>3190.2</ele><time>2026-04-11T16:50:50Z</time></rtept><rtept lat="37.022511" lon="-106.485539"><ele>3191.8</ele><time>2026-04-11T16:50:50Z</time></rtept><rtept lat="37.022567" lon="-106.485499"><ele>3192.6</ele><time>2026-04-11T16:50:50Z</time></rtept><rtept lat="37.0226" lon="-106.485418"><ele>3192.6</ele><time>2026-04-11T16:50:50Z</time></rtept><rtept lat="37.022597" lon="-106.485286"><ele>3191.2</ele><time>2026-04-11T16:50:50Z</time></rtept><rtept lat="37.022586" lon="-106.485265"><ele>3191.2</ele><time>2026-04-11T16:50:50Z</time></rtept><rtept lat="37.022508" lon="-106.485224"><ele>3188.8</ele><time>2026-04-11T16:50:50Z</time></rtept><rtept lat="37.022457" lon="-106.485177"><ele>3186.6</ele><time>2026-04-11T16:50:50Z</time></rtept><rtept lat="37.02242" lon="-106.485001"><ele>3184.8</ele><time>2026-04-11T16:50:50Z</time></rtept><rtept lat="37.022397" lon="-106.48494"><ele>3185.0</ele><time>2026-04-11T16:50:50Z</time></rtept><rtept lat="37.022308" lon="-106.484822"><ele>3183.0</ele><time>2026-04-11T16:50:50Z</time></rtept><rtept lat="37.022293" lon="-106.484743"><ele>3182.4</ele><time>2026-04-11T16:50:50Z</time></rtept><rtept lat="37.022294" lon="-106.484656"><ele>3181.6</ele><time>2026-04-11T16:50:50Z</time></rtept><rtept lat="37.022329" lon="-106.484587"><ele>3181.0</ele><time>2026-04-11T16:50:50Z</time></rtept><rtept lat="37.022352" lon="-106.484562"><ele>3181.0</ele><time>2026-04-11T16:50:50Z</time></rtept><rtept lat="37.022362" lon="-106.48447"><ele>3182.2</ele><time>2026-04-11T16:50:50Z</time></rtept><rtept lat="37.022356" lon="-106.48437"><ele>3180.0</ele><time>2026-04-11T16:50:50Z</time></rtept><rtept lat="37.022325" lon="-106.484197"><ele>3179.6</ele><time>2026-04-11T16:50:50Z</time></rtept><rtept lat="37.022333" lon="-106.484104"><ele>3179.4</ele><time>2026-04-11T16:50:50Z</time></rtept><rtept lat="37.022298" lon="-106.48397"><ele>3179.2</ele><time>2026-04-11T16:50:50Z</time></rtept><rtept lat="37.022315" lon="-106.483891"><ele>3179.0</ele><time>2026-04-11T16:50:50Z</time></rtept><rtept lat="37.022307" lon="-106.483796"><ele>3178.8</ele><time>2026-04-11T16:50:50Z</time></rtept><rtept lat="37.022279" lon="-106.483718"><ele>3176.0</ele><time>2026-04-11T16:50:50Z</time></rtept><rtept lat="37.022246" lon="-106.483649"><ele>3175.6</ele><time>2026-04-11T16:50:50Z</time></rtept><rtept lat="37.022172" lon="-106.483574"><ele>3173.2</ele><time>2026-04-11T16:50:50Z</time></rtept><rtept lat="37.022149" lon="-106.483459"><ele>3170.8</ele><time>2026-04-11T16:50:50Z</time></rtept><rtept lat="37.022114" lon="-106.483382"><ele>3170.6</ele><time>2026-04-11T16:50:50Z</time></rtept><rtept lat="37.022035" lon="-106.483243"><ele>3168.2</ele><time>2026-04-11T16:50:50Z</time></rtept><rtept lat="37.022" lon="-106.483161"><ele>3165.6</ele><time>2026-04-11T16:50:50Z</time></rtept><rtept lat="37.021971" lon="-106.483083"><ele>3164.8</ele><time>2026-04-11T16:50:50Z</time></rtept><rtept lat="37.021966" lon="-106.482995"><ele>3163.6</ele><time>2026-04-11T16:50:50Z</time></rtept><rtept lat="37.021976" lon="-106.482906"><ele>3162.4</ele><time>2026-04-11T16:50:50Z</time></rtept><rtept lat="37.021999" lon="-106.482827"><ele>3160.8</ele><time>2026-04-11T16:50:50Z</time></rtept><rtept lat="37.022096" lon="-106.482691"><ele>3161.4</ele><time>2026-04-11T16:50:50Z</time></rtept><rtept lat="37.022208" lon="-106.482564"><ele>3157.0</ele><time>2026-04-11T16:50:50Z</time></rtept><rtept lat="37.02226" lon="-106.482521"><ele>3157.8</ele><time>2026-04-11T16:50:50Z</time></rtept><rtept lat="37.022355" lon="-106.482509"><ele>3158.4</ele><time>2026-04-11T16:50:50Z</time></rtept><rtept lat="37.02243" lon="-106.482472"><ele>3157.0</ele><time>2026-04-11T16:50:50Z</time></rtept><rtept lat="37.022612" lon="-106.482467"><ele>3158.0</ele><time>2026-04-11T16:50:50Z</time></rtept><rtept lat="37.02268" lon="-106.48243"><ele>3159.0</ele><time>2026-04-11T16:50:50Z</time></rtept><rtept lat="37.02273" lon="-106.482377"><ele>3158.4</ele><time>2026-04-11T16:50:50Z</time></rtept><rtept lat="37.022753" lon="-106.482336"><ele>3158.4</ele><time>2026-04-11T16:50:50Z</time></rtept><rtept lat="37.022827" lon="-106.48224"><ele>3158.0</ele><time>2026-04-11T16:50:50Z</time></rtept><rtept lat="37.022888" lon="-106.482042"><ele>3154.6</ele><time>2026-04-11T16:50:50Z</time></rtept><rtept lat="37.022889" lon="-106.481939"><ele>3153.0</ele><time>2026-04-11T16:50:50Z</time></rtept><rtept lat="37.022937" lon="-106.481681"><ele>3150.4</ele><time>2026-04-11T16:50:50Z</time></rtept><rtept lat="37.022975" lon="-106.481595"><ele>3149.0</ele><time>2026-04-11T16:50:50Z</time></rtept><rtept lat="37.023052" lon="-106.481331"><ele>3150.2</ele><time>2026-04-11T16:50:50Z</time></rtept><rtept lat="37.023102" lon="-106.481147"><ele>3148.0</ele><time>2026-04-11T16:50:50Z</time></rtept><rtept lat="37.023114" lon="-106.481042"><ele>3148.2</ele><time>2026-04-11T16:50:50Z</time></rtept><rtept lat="37.023158" lon="-106.480996"><ele>3146.2</ele><time>2026-04-11T16:50:50Z</time></rtept><rtept lat="37.023241" lon="-106.48098"><ele>3147.6</ele><time>2026-04-11T16:50:50Z</time></rtept><rtept lat="37.023301" lon="-106.480912"><ele>3145.6</ele><time>2026-04-11T16:50:50Z</time></rtept><rtept lat="37.023362" lon="-106.480861"><ele>3143.0</ele><time>2026-04-11T16:50:50Z</time></rtept><rtept lat="37.023424" lon="-106.480798"><ele>3143.6</ele><time>2026-04-11T16:50:50Z</time></rtept><rtept lat="37.023499" lon="-106.480769"><ele>3141.0</ele><time>2026-04-11T16:50:50Z</time></rtept><rtept lat="37.023739" lon="-106.480641"><ele>3141.0</ele><time>2026-04-11T16:50:50Z</time></rtept><rtept lat="37.023979" lon="-106.480539"><ele>3142.2</ele><time>2026-04-11T16:50:50Z</time></rtept><rtept lat="37.024108" lon="-106.48052"><ele>3140.2</ele><time>2026-04-11T16:50:50Z</time></rtept><rtept lat="37.024154" lon="-106.480485"><ele>3140.2</ele><time>2026-04-11T16:50:50Z</time></rtept><rtept lat="37.024262" lon="-106.48047"><ele>3140.0</ele><time>2026-04-11T16:50:50Z</time></rtept><rtept lat="37.024315" lon="-106.480509"><ele>3140.0</ele><time>2026-04-11T16:50:50Z</time></rtept><rtept lat="37.024383" lon="-106.480541"><ele>3143.4</ele><time>2026-04-11T16:50:50Z</time></rtept><rtept lat="37.024405" lon="-106.480532"><ele>3143.4</ele><time>2026-04-11T16:50:50Z</time></rtept><rtept lat="37.024415" lon="-106.480506"><ele>3141.2</ele><time>2026-04-11T16:50:50Z</time></rtept><rtept lat="37.0244" lon="-106.480397"><ele>3138.6</ele><time>2026-04-11T16:50:50Z</time></rtept><rtept lat="37.024407" lon="-106.480219"><ele>3134.4</ele><time>2026-04-11T16:50:50Z</time></rtept><rtept lat="37.024421" lon="-106.480149"><ele>3136.2</ele><time>2026-04-11T16:50:50Z</time></rtept><rtept lat="37.024449" lon="-106.480063"><ele>3134.0</ele><time>2026-04-11T16:50:50Z</time></rtept><rtept lat="37.024517" lon="-106.479906"><ele>3129.4</ele><time>2026-04-11T16:50:50Z</time></rtept><rtept lat="37.024567" lon="-106.479839"><ele>3131.4</ele><time>2026-04-11T16:50:50Z</time></rtept><rtept lat="37.024633" lon="-106.479811"><ele>3129.0</ele><time>2026-04-11T16:50:50Z</time></rtept><rtept lat="37.024707" lon="-106.479801"><ele>3129.8</ele><time>2026-04-11T16:50:50Z</time></rtept><rtept lat="37.024775" lon="-106.479772"><ele>3130.2</ele><time>2026-04-11T16:50:50Z</time></rtept><rtept lat="37.024887" lon="-106.479661"><ele>3125.2</ele><time>2026-04-11T16:50:50Z</time></rtept><rtept lat="37.024962" lon="-106.479624"><ele>3127.8</ele><time>2026-04-11T16:50:50Z</time></rtept><rtept lat="37.02497" lon="-106.479517"><ele>3129.2</ele><time>2026-04-11T16:50:50Z</time></rtept><rtept lat="37.024947" lon="-106.479373"><ele>3123.2</ele><time>2026-04-11T16:50:50Z</time></rtept><rtept lat="37.024955" lon="-106.479294"><ele>3122.0</ele><time>2026-04-11T16:50:50Z</time></rtept><rtept lat="37.024983" lon="-106.479219"><ele>3123.4</ele><time>2026-04-11T16:50:50Z</time></rtept><rtept lat="37.025031" lon="-106.479145"><ele>3121.2</ele><time>2026-04-11T16:50:50Z</time></rtept><rtept lat="37.025097" lon="-106.479094"><ele>3123.6</ele><time>2026-04-11T16:50:50Z</time></rtept><rtept lat="37.025127" lon="-106.479046"><ele>3123.2</ele><time>2026-04-11T16:50:50Z</time></rtept><rtept lat="37.025204" lon="-106.478985"><ele>3125.2</ele><time>2026-04-11T16:50:50Z</time></rtept><rtept lat="37.025292" lon="-106.478824"><ele>3121.6</ele><time>2026-04-11T16:50:50Z</time></rtept><rtept lat="37.025345" lon="-106.478756"><ele>3120.6</ele><time>2026-04-11T16:50:50Z</time></rtept><rtept lat="37.02541" lon="-106.47871"><ele>3120.0</ele><time>2026-04-11T16:50:50Z</time></rtept><rtept lat="37.025481" lon="-106.478677"><ele>3121.8</ele><time>2026-04-11T16:50:50Z</time></rtept><rtept lat="37.025543" lon="-106.478605"><ele>3121.0</ele><time>2026-04-11T16:50:50Z</time></rtept><rtept lat="37.025641" lon="-106.478449"><ele>3116.4</ele><time>2026-04-11T16:50:50Z</time></rtept><rtept lat="37.025708" lon="-106.478308"><ele>3114.2</ele><time>2026-04-11T16:50:50Z</time></rtept><rtept lat="37.025754" lon="-106.478247"><ele>3112.8</ele><time>2026-04-11T16:50:50Z</time></rtept><rtept lat="37.025824" lon="-106.478225"><ele>3113.4</ele><time>2026-04-11T16:50:50Z</time></rtept><rtept lat="37.02589" lon="-106.47823"><ele>3114.2</ele><time>2026-04-11T16:50:50Z</time></rtept><rtept lat="37.026036" lon="-106.478268"><ele>3114.0</ele><time>2026-04-11T16:50:50Z</time></rtept><rtept lat="37.026117" lon="-106.478279"><ele>3113.6</ele><time>2026-04-11T16:50:50Z</time></rtept><rtept lat="37.026354" lon="-106.478223"><ele>3110.8</ele><time>2026-04-11T16:50:50Z</time></rtept><rtept lat="37.026417" lon="-106.478246"><ele>3109.4</ele><time>2026-04-11T16:50:50Z</time></rtept><rtept lat="37.026512" lon="-106.478405"><ele>3109.8</ele><time>2026-04-11T16:50:50Z</time></rtept><rtept lat="37.026532" lon="-106.478608"><ele>3110.8</ele><time>2026-04-11T16:50:50Z</time></rtept><rtept lat="37.026602" lon="-106.478777"><ele>3109.4</ele><time>2026-04-11T16:50:50Z</time></rtept><rtept lat="37.026974" lon="-106.478952"><ele>3107.2</ele><time>2026-04-11T16:50:50Z</time></rtept><rtept lat="37.027031" lon="-106.478895"><ele>3105.8</ele><time>2026-04-11T16:50:50Z</time></rtept><rtept lat="37.027162" lon="-106.478801"><ele>3100.6</ele><time>2026-04-11T16:50:50Z</time></rtept><rtept lat="37.02725" lon="-106.478794"><ele>3099.6</ele><time>2026-04-11T16:50:50Z</time></rtept><rtept lat="37.027408" lon="-106.478844"><ele>3101.8</ele><time>2026-04-11T16:50:50Z</time></rtept><rtept lat="37.027395" lon="-106.478957"><ele>3101.4</ele><time>2026-04-11T16:50:50Z</time></rtept><rtept lat="37.027428" lon="-106.479036"><ele>3101.0</ele><time>2026-04-11T16:50:50Z</time></rtept><rtept lat="37.027481" lon="-106.479098"><ele>3102.0</ele><time>2026-04-11T16:50:50Z</time></rtept><rtept lat="37.027504" lon="-106.479257"><ele>3102.8</ele><time>2026-04-11T16:50:50Z</time></rtept><rtept lat="37.027531" lon="-106.479279"><ele>3102.8</ele><time>2026-04-11T16:50:50Z</time></rtept><rtept lat="37.027584" lon="-106.47917"><ele>3105.4</ele><time>2026-04-11T16:50:50Z</time></rtept><rtept lat="37.027594" lon="-106.479091"><ele>3106.6</ele><time>2026-04-11T16:50:50Z</time></rtept><rtept lat="37.027595" lon="-106.479009"><ele>3107.6</ele><time>2026-04-11T16:50:50Z</time></rtept><rtept lat="37.027582" lon="-106.478939"><ele>3108.6</ele><time>2026-04-11T16:50:50Z</time></rtept><rtept lat="37.027594" lon="-106.478874"><ele>3109.2</ele><time>2026-04-11T16:50:50Z</time></rtept><rtept lat="37.027574" lon="-106.478867"><ele>3109.2</ele><time>2026-04-11T16:50:50Z</time></rtept><rtept lat="37.027515" lon="-106.478729"><ele>3107.4</ele><time>2026-04-11T16:50:50Z</time></rtept><rtept lat="37.027511" lon="-106.478665"><ele>3108.0</ele><time>2026-04-11T16:50:50Z</time></rtept><rtept lat="37.027532" lon="-106.478594"><ele>3108.4</ele><time>2026-04-11T16:50:50Z</time></rtept><rtept lat="37.027503" lon="-106.478556"><ele>3108.4</ele><time>2026-04-11T16:50:50Z</time></rtept><rtept lat="37.027484" lon="-106.478474"><ele>3105.6</ele><time>2026-04-11T16:50:50Z</time></rtept><rtept lat="37.027447" lon="-106.478412"><ele>3105.8</ele><time>2026-04-11T16:50:50Z</time></rtept><rtept lat="37.027419" lon="-106.478278"><ele>3103.4</ele><time>2026-04-11T16:50:50Z</time></rtept><rtept lat="37.027378" lon="-106.478129"><ele>3103.6</ele><time>2026-04-11T16:50:50Z</time></rtept><rtept lat="37.02737" lon="-106.478061"><ele>3104.0</ele><time>2026-04-11T16:50:50Z</time></rtept><rtept lat="37.027348" lon="-106.477988"><ele>3101.8</ele><time>2026-04-11T16:50:50Z</time></rtept><rtept lat="37.027342" lon="-106.477916"><ele>3102.2</ele><time>2026-04-11T16:50:50Z</time></rtept><rtept lat="37.027323" lon="-106.477851"><ele>3102.6</ele><time>2026-04-11T16:50:50Z</time></rtept><rtept lat="37.027259" lon="-106.477736"><ele>3100.8</ele><time>2026-04-11T16:50:50Z</time></rtept><rtept lat="37.027213" lon="-106.477638"><ele>3099.2</ele><time>2026-04-11T16:50:50Z</time></rtept><rtept lat="37.027211" lon="-106.477592"><ele>3099.6</ele><time>2026-04-11T16:50:50Z</time></rtept><rtept lat="37.027228" lon="-106.477495"><ele>3101.4</ele><time>2026-04-11T16:50:50Z</time></rtept><rtept lat="37.027261" lon="-106.477427"><ele>3101.4</ele><time>2026-04-11T16:50:50Z</time></rtept><rtept lat="37.027296" lon="-106.477273"><ele>3103.0</ele><time>2026-04-11T16:50:50Z</time></rtept><rtept lat="37.027341" lon="-106.47712"><ele>3102.4</ele><time>2026-04-11T16:50:50Z</time></rtept><rtept lat="37.027351" lon="-106.477046"><ele>3102.0</ele><time>2026-04-11T16:50:50Z</time></rtept><rtept lat="37.027352" lon="-106.476967"><ele>3101.8</ele><time>2026-04-11T16:50:50Z</time></rtept><rtept lat="37.02734" lon="-106.476813"><ele>3102.2</ele><time>2026-04-11T16:50:50Z</time></rtept><rtept lat="37.027319" lon="-106.476743"><ele>3102.6</ele><time>2026-04-11T16:50:50Z</time></rtept><rtept lat="37.027306" lon="-106.476666"><ele>3102.6</ele><time>2026-04-11T16:50:50Z</time></rtept><rtept lat="37.027255" lon="-106.476467"><ele>3103.8</ele><time>2026-04-11T16:50:50Z</time></rtept><rtept lat="37.027206" lon="-106.476399"><ele>3103.2</ele><time>2026-04-11T16:50:50Z</time></rtept><rtept lat="37.027085" lon="-106.47618"><ele>3102.6</ele><time>2026-04-11T16:50:50Z</time></rtept><rtept lat="37.027043" lon="-106.476123"><ele>3103.6</ele><time>2026-04-11T16:50:50Z</time></rtept><rtept lat="37.027012" lon="-106.476061"><ele>3101.8</ele><time>2026-04-11T16:50:50Z</time></rtept><rtept lat="37.026957" lon="-106.475915"><ele>3104.8</ele><time>2026-04-11T16:50:50Z</time></rtept><rtept lat="37.026932" lon="-106.475769"><ele>3106.8</ele><time>2026-04-11T16:50:50Z</time></rtept><rtept lat="37.026868" lon="-106.475674"><ele>3106.8</ele><time>2026-04-11T16:50:50Z</time></rtept><rtept lat="37.026846" lon="-106.475609"><ele>3108.8</ele><time>2026-04-11T16:50:50Z</time></rtept><rtept lat="37.026785" lon="-106.47549"><ele>3108.0</ele><time>2026-04-11T16:50:50Z</time></rtept><rtept lat="37.026756" lon="-106.475421"><ele>3110.2</ele><time>2026-04-11T16:50:50Z</time></rtept><rtept lat="37.026719" lon="-106.475297"><ele>3109.6</ele><time>2026-04-11T16:50:50Z</time></rtept><rtept lat="37.026647" lon="-106.475131"><ele>3112.2</ele><time>2026-04-11T16:50:50Z</time></rtept><rtept lat="37.026611" lon="-106.474973"><ele>3117.4</ele><time>2026-04-11T16:50:50Z</time></rtept><rtept lat="37.026594" lon="-106.474866"><ele>3116.8</ele><time>2026-04-11T16:50:50Z</time></rtept><rtept lat="37.026585" lon="-106.474856"><ele>3119.0</ele><time>2026-04-11T16:50:50Z</time></rtept><rtept lat="37.02657" lon="-106.474793"><ele>3119.0</ele><time>2026-04-11T16:50:50Z</time></rtept><rtept lat="37.026496" lon="-106.47461"><ele>3120.4</ele><time>2026-04-11T16:50:50Z</time></rtept><rtept lat="37.026481" lon="-106.474542"><ele>3122.0</ele><time>2026-04-11T16:50:50Z</time></rtept><rtept lat="37.026475" lon="-106.474474"><ele>3123.4</ele><time>2026-04-11T16:50:50Z</time></rtept><rtept lat="37.026436" lon="-106.474344"><ele>3123.4</ele><time>2026-04-11T16:50:50Z</time></rtept><rtept lat="37.026388" lon="-106.474215"><ele>3124.2</ele><time>2026-04-11T16:50:50Z</time></rtept><rtept lat="37.026363" lon="-106.474012"><ele>3125.4</ele><time>2026-04-11T16:50:50Z</time></rtept><rtept lat="37.026363" lon="-106.473875"><ele>3126.4</ele><time>2026-04-11T16:50:50Z</time></rtept><rtept lat="37.026371" lon="-106.473807"><ele>3126.8</ele><time>2026-04-11T16:50:50Z</time></rtept><rtept lat="37.026387" lon="-106.47374"><ele>3126.8</ele><time>2026-04-11T16:50:50Z</time></rtept><rtept lat="37.026397" lon="-106.47367"><ele>3126.8</ele><time>2026-04-11T16:50:50Z</time></rtept><rtept lat="37.02642" lon="-106.473464"><ele>3128.4</ele><time>2026-04-11T16:50:50Z</time></rtept><rtept lat="37.026441" lon="-106.473361"><ele>3128.6</ele><time>2026-04-11T16:50:50Z</time></rtept><rtept lat="37.026511" lon="-106.473207"><ele>3129.8</ele><time>2026-04-11T16:50:50Z</time></rtept><rtept lat="37.026572" lon="-106.47302"><ele>3130.6</ele><time>2026-04-11T16:50:50Z</time></rtept><rtept lat="37.026627" lon="-106.472767"><ele>3131.8</ele><time>2026-04-11T16:50:50Z</time></rtept><rtept lat="37.026625" lon="-106.472709"><ele>3132.4</ele><time>2026-04-11T16:50:50Z</time></rtept><rtept lat="37.026637" lon="-106.472642"><ele>3132.4</ele><time>2026-04-11T16:50:50Z</time></rtept><rtept lat="37.026641" lon="-106.472573"><ele>3133.2</ele><time>2026-04-11T16:50:50Z</time></rtept><rtept lat="37.026631" lon="-106.472437"><ele>3135.0</ele><time>2026-04-11T16:50:50Z</time></rtept><rtept lat="37.026641" lon="-106.472182"><ele>3134.8</ele><time>2026-04-11T16:50:50Z</time></rtept><rtept lat="37.026634" lon="-106.471989"><ele>3133.0</ele><time>2026-04-11T16:50:50Z</time></rtept><rtept lat="37.026642" lon="-106.471918"><ele>3132.2</ele><time>2026-04-11T16:50:50Z</time></rtept><rtept lat="37.026644" lon="-106.471776"><ele>3131.0</ele><time>2026-04-11T16:50:50Z</time></rtept><rtept lat="37.026654" lon="-106.471701"><ele>3129.6</ele><time>2026-04-11T16:50:50Z</time></rtept><rtept lat="37.026709" lon="-106.471585"><ele>3127.6</ele><time>2026-04-11T16:50:50Z</time></rtept><rtept lat="37.026771" lon="-106.471492"><ele>3127.0</ele><time>2026-04-11T16:50:50Z</time></rtept><rtept lat="37.026903" lon="-106.471364"><ele>3127.8</ele><time>2026-04-11T16:50:50Z</time></rtept><rtept lat="37.026997" lon="-106.471293"><ele>3127.2</ele><time>2026-04-11T16:50:50Z</time></rtept><rtept lat="37.027053" lon="-106.471258"><ele>3128.4</ele><time>2026-04-11T16:50:50Z</time></rtept><rtept lat="37.027243" lon="-106.471089"><ele>3127.4</ele><time>2026-04-11T16:50:50Z</time></rtept><rtept lat="37.027273" lon="-106.471029"><ele>3125.6</ele><time>2026-04-11T16:50:50Z</time></rtept><rtept lat="37.027312" lon="-106.470906"><ele>3121.4</ele><time>2026-04-11T16:50:50Z</time></rtept><rtept lat="37.027338" lon="-106.470871"><ele>3121.4</ele><time>2026-04-11T16:50:50Z</time></rtept><rtept lat="37.027402" lon="-106.470811"><ele>3118.2</ele><time>2026-04-11T16:50:50Z</time></rtept><rtept lat="37.027491" lon="-106.470846"><ele>3120.8</ele><time>2026-04-11T16:50:50Z</time></rtept><rtept lat="37.027621" lon="-106.470921"><ele>3122.0</ele><time>2026-04-11T16:50:50Z</time></rtept><rtept lat="37.027706" lon="-106.471002"><ele>3122.4</ele><time>2026-04-11T16:50:50Z</time></rtept><rtept lat="37.027757" lon="-106.471036"><ele>3122.4</ele><time>2026-04-11T16:50:50Z</time></rtept><rtept lat="37.027772" lon="-106.471088"><ele>3125.6</ele><time>2026-04-11T16:50:50Z</time></rtept><rtept lat="37.027817" lon="-106.471142"><ele>3124.4</ele><time>2026-04-11T16:50:50Z</time></rtept><rtept lat="37.027864" lon="-106.471166"><ele>3123.2</ele><time>2026-04-11T16:50:50Z</time></rtept><rtept lat="37.027938" lon="-106.471182"><ele>3125.6</ele><time>2026-04-11T16:50:50Z</time></rtept><rtept lat="37.027992" lon="-106.471148"><ele>3120.8</ele><time>2026-04-11T16:50:50Z</time></rtept><rtept lat="37.028035" lon="-106.471141"><ele>3120.8</ele><time>2026-04-11T16:50:50Z</time></rtept><rtept lat="37.028042" lon="-106.471129"><ele>3120.8</ele><time>2026-04-11T16:50:50Z</time></rtept><rtept lat="37.027957" lon="-106.471089"><ele>3121.8</ele><time>2026-04-11T16:50:50Z</time></rtept><rtept lat="37.027993" lon="-106.47105"><ele>3117.0</ele><time>2026-04-11T16:50:50Z</time></rtept><rtept lat="37.028081" lon="-106.471053"><ele>3116.6</ele><time>2026-04-11T16:50:50Z</time></rtept><rtept lat="37.028118" lon="-106.471013"><ele>3116.4</ele><time>2026-04-11T16:50:50Z</time></rtept><rtept lat="37.028188" lon="-106.471012"><ele>3116.0</ele><time>2026-04-11T16:50:50Z</time></rtept><rtept lat="37.028255" lon="-106.471041"><ele>3115.6</ele><time>2026-04-11T16:50:50Z</time></rtept><rtept lat="37.028262" lon="-106.471025"><ele>3115.6</ele><time>2026-04-11T16:50:50Z</time></rtept><rtept lat="37.028317" lon="-106.470963"><ele>3112.0</ele><time>2026-04-11T16:50:50Z</time></rtept><rtept lat="37.028382" lon="-106.470947"><ele>3111.8</ele><time>2026-04-11T16:50:50Z</time></rtept><rtept lat="37.028438" lon="-106.470995"><ele>3115.4</ele><time>2026-04-11T16:50:50Z</time></rtept><rtept lat="37.028619" lon="-106.471084"><ele>3118.6</ele><time>2026-04-11T16:50:50Z</time></rtept><rtept lat="37.028825" lon="-106.471033"><ele>3112.6</ele><time>2026-04-11T16:50:50Z</time></rtept><rtept lat="37.028698" lon="-106.47091"><ele>3111.4</ele><time>2026-04-11T16:50:50Z</time></rtept><rtept lat="37.028688" lon="-106.470851"><ele>3109.2</ele><time>2026-04-11T16:50:50Z</time></rtept><rtept lat="37.028609" lon="-106.470828"><ele>3109.2</ele><time>2026-04-11T16:50:50Z</time></rtept><rtept lat="37.028436" lon="-106.470807"><ele>3105.0</ele><time>2026-04-11T16:50:50Z</time></rtept><rtept lat="37.028377" lon="-106.470834"><ele>3108.2</ele><time>2026-04-11T16:50:50Z</time></rtept><rtept lat="37.028337" lon="-106.470795"><ele>3104.8</ele><time>2026-04-11T16:50:50Z</time></rtept><rtept lat="37.028297" lon="-106.47077"><ele>3105.0</ele><time>2026-04-11T16:50:50Z</time></rtept><rtept lat="37.028281" lon="-106.470772"><ele>3105.0</ele><time>2026-04-11T16:50:50Z</time></rtept><rtept lat="37.028199" lon="-106.470613"><ele>3101.2</ele><time>2026-04-11T16:50:50Z</time></rtept><rtept lat="37.028202" lon="-106.470588"><ele>3101.2</ele><time>2026-04-11T16:50:50Z</time></rtept><rtept lat="37.028185" lon="-106.470536"><ele>3102.6</ele><time>2026-04-11T16:50:50Z</time></rtept><rtept lat="37.02812" lon="-106.470442"><ele>3102.8</ele><time>2026-04-11T16:50:50Z</time></rtept><rtept lat="37.028064" lon="-106.470433"><ele>3100.0</ele><time>2026-04-11T16:50:50Z</time></rtept><rtept lat="37.02804" lon="-106.47039"><ele>3100.6</ele><time>2026-04-11T16:50:50Z</time></rtept><rtept lat="37.027998" lon="-106.470348"><ele>3100.6</ele><time>2026-04-11T16:50:50Z</time></rtept><rtept lat="37.027967" lon="-106.470291"><ele>3101.6</ele><time>2026-04-11T16:50:50Z</time></rtept><rtept lat="37.027954" lon="-106.470227"><ele>3101.6</ele><time>2026-04-11T16:50:50Z</time></rtept><rtept lat="37.027899" lon="-106.470114"><ele>3105.6</ele><time>2026-04-11T16:50:50Z</time></rtept><rtept lat="37.027866" lon="-106.470064"><ele>3105.6</ele><time>2026-04-11T16:50:50Z</time></rtept><rtept lat="37.027853" lon="-106.470016"><ele>3108.2</ele><time>2026-04-11T16:50:50Z</time></rtept><rtept lat="37.027824" lon="-106.469991"><ele>3107.0</ele><time>2026-04-11T16:50:50Z</time></rtept><rtept lat="37.02778" lon="-106.469886"><ele>3109.4</ele><time>2026-04-11T16:50:50Z</time></rtept><rtept lat="37.027745" lon="-106.469855"><ele>3111.2</ele><time>2026-04-11T16:50:50Z</time></rtept><rtept lat="37.027788" lon="-106.469819"><ele>3111.2</ele><time>2026-04-11T16:50:50Z</time></rtept><rtept lat="37.02783" lon="-106.469833"><ele>3111.2</ele><time>2026-04-11T16:50:50Z</time></rtept><rtept lat="37.027896" lon="-106.469841"><ele>3111.6</ele><time>2026-04-11T16:50:50Z</time></rtept><rtept lat="37.027977" lon="-106.469809"><ele>3112.6</ele><time>2026-04-11T16:50:50Z</time></rtept><rtept lat="37.028025" lon="-106.469808"><ele>3114.0</ele><time>2026-04-11T16:50:50Z</time></rtept><rtept lat="37.028043" lon="-106.469786"><ele>3115.2</ele><time>2026-04-11T16:50:50Z</time></rtept><rtept lat="37.028114" lon="-106.469649"><ele>3118.0</ele><time>2026-04-11T16:50:50Z</time></rtept><rtept lat="37.028104" lon="-106.469612"><ele>3118.6</ele><time>2026-04-11T16:50:50Z</time></rtept><rtept lat="37.028077" lon="-106.469583"><ele>3118.6</ele><time>2026-04-11T16:50:50Z</time></rtept><rtept lat="37.028045" lon="-106.4694"><ele>3119.4</ele><time>2026-04-11T16:50:50Z</time></rtept><rtept lat="37.027987" lon="-106.46938"><ele>3119.4</ele><time>2026-04-11T16:50:50Z</time></rtept><rtept lat="37.027956" lon="-106.469378"><ele>3117.8</ele><time>2026-04-11T16:50:50Z</time></rtept><rtept lat="37.027929" lon="-106.469319"><ele>3118.8</ele><time>2026-04-11T16:50:50Z</time></rtept><rtept lat="37.027896" lon="-106.469285"><ele>3117.0</ele><time>2026-04-11T16:50:50Z</time></rtept><rtept lat="37.027858" lon="-106.469223"><ele>3117.6</ele><time>2026-04-11T16:50:50Z</time></rtept><rtept lat="37.027969" lon="-106.469052"><ele>3119.2</ele><time>2026-04-11T16:50:50Z</time></rtept><rtept lat="37.028051" lon="-106.468971"><ele>3121.2</ele><time>2026-04-11T16:50:50Z</time></rtept><rtept lat="37.028045" lon="-106.468892"><ele>3119.6</ele><time>2026-04-11T16:50:50Z</time></rtept><rtept lat="37.028009" lon="-106.468844"><ele>3120.2</ele><time>2026-04-11T16:50:50Z</time></rtept><rtept lat="37.02799" lon="-106.468787"><ele>3120.2</ele><time>2026-04-11T16:50:50Z</time></rtept><rtept lat="37.027923" lon="-106.468745"><ele>3120.0</ele><time>2026-04-11T16:50:50Z</time></rtept><rtept lat="37.02787" lon="-106.468669"><ele>3119.6</ele><time>2026-04-11T16:50:50Z</time></rtept><rtept lat="37.027737" lon="-106.468615"><ele>3117.0</ele><time>2026-04-11T16:50:50Z</time></rtept><rtept lat="37.027705" lon="-106.468476"><ele>3119.0</ele><time>2026-04-11T16:50:50Z</time></rtept><rtept lat="37.027708" lon="-106.468414"><ele>3120.2</ele><time>2026-04-11T16:50:50Z</time></rtept><rtept lat="37.027675" lon="-106.468363"><ele>3118.8</ele><time>2026-04-11T16:50:50Z</time></rtept><rtept lat="37.027658" lon="-106.468293"><ele>3120.4</ele><time>2026-04-11T16:50:50Z</time></rtept><rtept lat="37.027632" lon="-106.468227"><ele>3120.0</ele><time>2026-04-11T16:50:50Z</time></rtept><rtept lat="37.027583" lon="-106.468166"><ele>3120.0</ele><time>2026-04-11T16:50:50Z</time></rtept><rtept lat="37.027572" lon="-106.468131"><ele>3121.0</ele><time>2026-04-11T16:50:50Z</time></rtept><rtept lat="37.027543" lon="-106.468085"><ele>3119.2</ele><time>2026-04-11T16:50:50Z</time></rtept><rtept lat="37.027542" lon="-106.467987"><ele>3122.0</ele><time>2026-04-11T16:50:50Z</time></rtept><rtept lat="37.027509" lon="-106.467929"><ele>3122.0</ele><time>2026-04-11T16:50:50Z</time></rtept><rtept lat="37.027471" lon="-106.467884"><ele>3122.0</ele><time>2026-04-11T16:50:50Z</time></rtept><rtept lat="37.027476" lon="-106.467735"><ele>3122.4</ele><time>2026-04-11T16:50:50Z</time></rtept><rtept lat="37.027434" lon="-106.467612"><ele>3123.0</ele><time>2026-04-11T16:50:50Z</time></rtept><rtept lat="37.027422" lon="-106.467541"><ele>3122.2</ele><time>2026-04-11T16:50:50Z</time></rtept><rtept lat="37.02745" lon="-106.467453"><ele>3123.4</ele><time>2026-04-11T16:50:50Z</time></rtept><rtept lat="37.02745" lon="-106.467415"><ele>3123.4</ele><time>2026-04-11T16:50:50Z</time></rtept><rtept lat="37.027481" lon="-106.467278"><ele>3123.6</ele><time>2026-04-11T16:50:50Z</time></rtept><rtept lat="37.027491" lon="-106.467201"><ele>3123.6</ele><time>2026-04-11T16:50:50Z</time></rtept><rtept lat="37.027486" lon="-106.46705"><ele>3123.8</ele><time>2026-04-11T16:50:50Z</time></rtept><rtept lat="37.027476" lon="-106.466981"><ele>3123.6</ele><time>2026-04-11T16:50:50Z</time></rtept><rtept lat="37.027454" lon="-106.46691"><ele>3123.4</ele><time>2026-04-11T16:50:50Z</time></rtept><rtept lat="37.027474" lon="-106.466776"><ele>3123.0</ele><time>2026-04-11T16:50:50Z</time></rtept><rtept lat="37.027523" lon="-106.466609"><ele>3125.4</ele><time>2026-04-11T16:50:50Z</time></rtept><rtept lat="37.027517" lon="-106.466544"><ele>3125.4</ele><time>2026-04-11T16:50:50Z</time></rtept><rtept lat="37.027498" lon="-106.466481"><ele>3122.8</ele><time>2026-04-11T16:50:50Z</time></rtept><rtept lat="37.027438" lon="-106.466368"><ele>3123.4</ele><time>2026-04-11T16:50:50Z</time></rtept><rtept lat="37.027345" lon="-106.46628"><ele>3122.0</ele><time>2026-04-11T16:50:50Z</time></rtept><rtept lat="37.027307" lon="-106.466229"><ele>3122.4</ele><time>2026-04-11T16:50:50Z</time></rtept><rtept lat="37.027299" lon="-106.466167"><ele>3123.2</ele><time>2026-04-11T16:50:50Z</time></rtept><rtept lat="37.027341" lon="-106.466037"><ele>3124.0</ele><time>2026-04-11T16:50:50Z</time></rtept><rtept lat="37.027351" lon="-106.465944"><ele>3124.6</ele><time>2026-04-11T16:50:50Z</time></rtept><rtept lat="37.027372" lon="-106.465878"><ele>3126.4</ele><time>2026-04-11T16:50:50Z</time></rtept><rtept lat="37.027406" lon="-106.465856"><ele>3126.4</ele><time>2026-04-11T16:50:50Z</time></rtept><rtept lat="37.027414" lon="-106.465795"><ele>3126.6</ele><time>2026-04-11T16:50:50Z</time></rtept><rtept lat="37.027394" lon="-106.465734"><ele>3127.0</ele><time>2026-04-11T16:50:50Z</time></rtept><rtept lat="37.027361" lon="-106.465682"><ele>3125.0</ele><time>2026-04-11T16:50:50Z</time></rtept><rtept lat="37.027346" lon="-106.465618"><ele>3126.2</ele><time>2026-04-11T16:50:50Z</time></rtept><rtept lat="37.027315" lon="-106.465564"><ele>3127.6</ele><time>2026-04-11T16:50:50Z</time></rtept><rtept lat="37.027235" lon="-106.465496"><ele>3127.2</ele><time>2026-04-11T16:50:50Z</time></rtept><rtept lat="37.027178" lon="-106.465348"><ele>3126.8</ele><time>2026-04-11T16:50:50Z</time></rtept><rtept lat="37.027138" lon="-106.465301"><ele>3126.6</ele><time>2026-04-11T16:50:50Z</time></rtept><rtept lat="37.027114" lon="-106.465244"><ele>3128.0</ele><time>2026-04-11T16:50:50Z</time></rtept><rtept lat="37.027072" lon="-106.465217"><ele>3126.4</ele><time>2026-04-11T16:50:50Z</time></rtept><rtept lat="37.027048" lon="-106.465166"><ele>3126.4</ele><time>2026-04-11T16:50:50Z</time></rtept><rtept lat="37.026999" lon="-106.465106"><ele>3126.0</ele><time>2026-04-11T16:50:50Z</time></rtept><rtept lat="37.026979" lon="-106.465036"><ele>3127.2</ele><time>2026-04-11T16:50:50Z</time></rtept><rtept lat="37.026953" lon="-106.465001"><ele>3127.2</ele><time>2026-04-11T16:50:50Z</time></rtept><rtept lat="37.026938" lon="-106.464898"><ele>3127.8</ele><time>2026-04-11T16:50:50Z</time></rtept><rtept lat="37.026914" lon="-106.464831"><ele>3127.8</ele><time>2026-04-11T16:50:50Z</time></rtept><rtept lat="37.026962" lon="-106.464641"><ele>3131.6</ele><time>2026-04-11T16:50:50Z</time></rtept><rtept lat="37.026957" lon="-106.464523"><ele>3131.8</ele><time>2026-04-11T16:50:50Z</time></rtept><rtept lat="37.026974" lon="-106.464372"><ele>3132.8</ele><time>2026-04-11T16:50:50Z</time></rtept><rtept lat="37.026998" lon="-106.464234"><ele>3132.8</ele><time>2026-04-11T16:50:50Z</time></rtept><rtept lat="37.027055" lon="-106.464021"><ele>3132.0</ele><time>2026-04-11T16:50:50Z</time></rtept><rtept lat="37.027103" lon="-106.463808"><ele>3131.4</ele><time>2026-04-11T16:50:50Z</time></rtept><rtept lat="37.027133" lon="-106.463743"><ele>3130.2</ele><time>2026-04-11T16:50:50Z</time></rtept><rtept lat="37.027179" lon="-106.463694"><ele>3130.2</ele><time>2026-04-11T16:50:50Z</time></rtept><rtept lat="37.027335" lon="-106.463634"><ele>3133.8</ele><time>2026-04-11T16:50:50Z</time></rtept><rtept lat="37.027394" lon="-106.463602"><ele>3134.2</ele><time>2026-04-11T16:50:50Z</time></rtept><rtept lat="37.027446" lon="-106.463567"><ele>3136.4</ele><time>2026-04-11T16:50:50Z</time></rtept><rtept lat="37.027489" lon="-106.463521"><ele>3135.0</ele><time>2026-04-11T16:50:50Z</time></rtept><rtept lat="37.027522" lon="-106.463464"><ele>3137.2</ele><time>2026-04-11T16:50:50Z</time></rtept><rtept lat="37.027583" lon="-106.463202"><ele>3136.4</ele><time>2026-04-11T16:50:50Z</time></rtept><rtept lat="37.027606" lon="-106.463055"><ele>3133.6</ele><time>2026-04-11T16:50:50Z</time></rtept><rtept lat="37.027627" lon="-106.462989"><ele>3131.8</ele><time>2026-04-11T16:50:50Z</time></rtept><rtept lat="37.027682" lon="-106.462861"><ele>3132.6</ele><time>2026-04-11T16:50:50Z</time></rtept><rtept lat="37.027714" lon="-106.462804"><ele>3133.6</ele><time>2026-04-11T16:50:50Z</time></rtept><rtept lat="37.027776" lon="-106.462604"><ele>3132.6</ele><time>2026-04-11T16:50:50Z</time></rtept><rtept lat="37.027831" lon="-106.46249"><ele>3128.8</ele><time>2026-04-11T16:50:50Z</time></rtept><rtept lat="37.027919" lon="-106.462342"><ele>3132.8</ele><time>2026-04-11T16:50:50Z</time></rtept><rtept lat="37.027981" lon="-106.462219"><ele>3132.4</ele><time>2026-04-11T16:50:50Z</time></rtept><rtept lat="37.027996" lon="-106.462099"><ele>3131.0</ele><time>2026-04-11T16:50:50Z</time></rtept><rtept lat="37.02799" lon="-106.461991"><ele>3129.4</ele><time>2026-04-11T16:50:50Z</time></rtept><rtept lat="37.028003" lon="-106.461917"><ele>3127.8</ele><time>2026-04-11T16:50:50Z</time></rtept><rtept lat="37.028035" lon="-106.461844"><ele>3126.4</ele><time>2026-04-11T16:50:50Z</time></rtept><rtept lat="37.028068" lon="-106.461746"><ele>3129.2</ele><time>2026-04-11T16:50:50Z</time></rtept><rtept lat="37.028102" lon="-106.461699"><ele>3128.4</ele><time>2026-04-11T16:50:50Z</time></rtept><rtept lat="37.028119" lon="-106.461638"><ele>3131.0</ele><time>2026-04-11T16:50:50Z</time></rtept><rtept lat="37.028115" lon="-106.461563"><ele>3128.2</ele><time>2026-04-11T16:50:50Z</time></rtept><rtept lat="37.028094" lon="-106.461485"><ele>3128.4</ele><time>2026-04-11T16:50:50Z</time></rtept><rtept lat="37.028111" lon="-106.4614"><ele>3128.8</ele><time>2026-04-11T16:50:50Z</time></rtept><rtept lat="37.028126" lon="-106.461251"><ele>3130.2</ele><time>2026-04-11T16:50:50Z</time></rtept><rtept lat="37.028122" lon="-106.461178"><ele>3129.6</ele><time>2026-04-11T16:50:50Z</time></rtept><rtept lat="37.028072" lon="-106.461043"><ele>3127.8</ele><time>2026-04-11T16:50:50Z</time></rtept><rtept lat="37.028061" lon="-106.460989"><ele>3127.6</ele><time>2026-04-11T16:50:50Z</time></rtept><rtept lat="37.028097" lon="-106.46086"><ele>3126.8</ele><time>2026-04-11T16:50:50Z</time></rtept><rtept lat="37.028147" lon="-106.460813"><ele>3127.6</ele><time>2026-04-11T16:50:50Z</time></rtept><rtept lat="37.028265" lon="-106.460765"><ele>3128.2</ele><time>2026-04-11T16:50:50Z</time></rtept><rtept lat="37.028326" lon="-106.460753"><ele>3128.8</ele><time>2026-04-11T16:50:50Z</time></rtept><rtept lat="37.02838" lon="-106.460731"><ele>3128.8</ele><time>2026-04-11T16:50:50Z</time></rtept><rtept lat="37.028412" lon="-106.460674"><ele>3128.2</ele><time>2026-04-11T16:50:50Z</time></rtept><rtept lat="37.028433" lon="-106.460609"><ele>3127.0</ele><time>2026-04-11T16:50:50Z</time></rtept><rtept lat="37.028486" lon="-106.460579"><ele>3127.4</ele><time>2026-04-11T16:50:50Z</time></rtept><rtept lat="37.028547" lon="-106.460564"><ele>3128.0</ele><time>2026-04-11T16:50:50Z</time></rtept><rtept lat="37.028583" lon="-106.460514"><ele>3126.4</ele><time>2026-04-11T16:50:50Z</time></rtept><rtept lat="37.028611" lon="-106.460445"><ele>3127.4</ele><time>2026-04-11T16:50:50Z</time></rtept><rtept lat="37.028644" lon="-106.460305"><ele>3124.4</ele><time>2026-04-11T16:50:50Z</time></rtept><rtept lat="37.028636" lon="-106.460229"><ele>3123.4</ele><time>2026-04-11T16:50:50Z</time></rtept><rtept lat="37.028637" lon="-106.460156"><ele>3122.8</ele><time>2026-04-11T16:50:50Z</time></rtept><rtept lat="37.028609" lon="-106.460088"><ele>3122.4</ele><time>2026-04-11T16:50:50Z</time></rtept><rtept lat="37.028592" lon="-106.460015"><ele>3121.0</ele><time>2026-04-11T16:50:50Z</time></rtept><rtept lat="37.028599" lon="-106.459948"><ele>3122.0</ele><time>2026-04-11T16:50:50Z</time></rtept><rtept lat="37.028618" lon="-106.459889"><ele>3121.0</ele><time>2026-04-11T16:50:50Z</time></rtept><rtept lat="37.028689" lon="-106.45979"><ele>3122.0</ele><time>2026-04-11T16:50:50Z</time></rtept><rtept lat="37.028717" lon="-106.459725"><ele>3119.6</ele><time>2026-04-11T16:50:50Z</time></rtept><rtept lat="37.028786" lon="-106.459635"><ele>3117.4</ele><time>2026-04-11T16:50:50Z</time></rtept><rtept lat="37.028831" lon="-106.459594"><ele>3119.2</ele><time>2026-04-11T16:50:50Z</time></rtept><rtept lat="37.028892" lon="-106.459579"><ele>3114.0</ele><time>2026-04-11T16:50:50Z</time></rtept><rtept lat="37.028998" lon="-106.459606"><ele>3118.2</ele><time>2026-04-11T16:50:50Z</time></rtept><rtept lat="37.029045" lon="-106.459608"><ele>3116.8</ele><time>2026-04-11T16:50:50Z</time></rtept><rtept lat="37.029094" lon="-106.459627"><ele>3115.6</ele><time>2026-04-11T16:50:50Z</time></rtept><rtept lat="37.029133" lon="-106.459632"><ele>3115.6</ele><time>2026-04-11T16:50:50Z</time></rtept><rtept lat="37.029153" lon="-106.459619"><ele>3117.0</ele><time>2026-04-11T16:50:50Z</time></rtept><rtept lat="37.029126" lon="-106.459587"><ele>3115.6</ele><time>2026-04-11T16:50:50Z</time></rtept><rtept lat="37.029122" lon="-106.459566"><ele>3115.8</ele><time>2026-04-11T16:50:50Z</time></rtept><rtept lat="37.029123" lon="-106.459479"><ele>3118.4</ele><time>2026-04-11T16:50:50Z</time></rtept><rtept lat="37.02903" lon="-106.459381"><ele>3118.0</ele><time>2026-04-11T16:50:50Z</time></rtept><rtept lat="37.028983" lon="-106.459313"><ele>3117.6</ele><time>2026-04-11T16:50:50Z</time></rtept><rtept lat="37.028919" lon="-106.459242"><ele>3115.0</ele><time>2026-04-11T16:50:50Z</time></rtept><rtept lat="37.028881" lon="-106.459206"><ele>3119.2</ele><time>2026-04-11T16:50:50Z</time></rtept><rtept lat="37.028838" lon="-106.45918"><ele>3117.8</ele><time>2026-04-11T16:50:50Z</time></rtept><rtept lat="37.028812" lon="-106.459149"><ele>3122.0</ele><time>2026-04-11T16:50:50Z</time></rtept><rtept lat="37.028708" lon="-106.459145"><ele>3120.8</ele><time>2026-04-11T16:50:50Z</time></rtept><rtept lat="37.028672" lon="-106.459162"><ele>3115.6</ele><time>2026-04-11T16:50:50Z</time></rtept><rtept lat="37.028614" lon="-106.459149"><ele>3120.2</ele><time>2026-04-11T16:50:50Z</time></rtept><rtept lat="37.028553" lon="-106.459157"><ele>3113.8</ele><time>2026-04-11T16:50:50Z</time></rtept><rtept lat="37.028458" lon="-106.459194"><ele>3113.6</ele><time>2026-04-11T16:50:50Z</time></rtept><rtept lat="37.028399" lon="-106.459205"><ele>3113.6</ele><time>2026-04-11T16:50:50Z</time></rtept><rtept lat="37.028343" lon="-106.459182"><ele>3113.4</ele><time>2026-04-11T16:50:50Z</time></rtept><rtept lat="37.028291" lon="-106.459142"><ele>3117.6</ele><time>2026-04-11T16:50:50Z</time></rtept><rtept lat="37.028244" lon="-106.459125"><ele>3116.6</ele><time>2026-04-11T16:50:50Z</time></rtept><rtept lat="37.028179" lon="-106.459115"><ele>3115.4</ele><time>2026-04-11T16:50:50Z</time></rtept><rtept lat="37.028134" lon="-106.459078"><ele>3115.4</ele><time>2026-04-11T16:50:50Z</time></rtept><rtept lat="37.028106" lon="-106.459027"><ele>3116.8</ele><time>2026-04-11T16:50:50Z</time></rtept><rtept lat="37.028082" lon="-106.45896"><ele>3119.0</ele><time>2026-04-11T16:50:50Z</time></rtept><rtept lat="37.02804" lon="-106.458907"><ele>3116.8</ele><time>2026-04-11T16:50:50Z</time></rtept><rtept lat="37.028036" lon="-106.458836"><ele>3119.0</ele><time>2026-04-11T16:50:50Z</time></rtept><rtept lat="37.028009" lon="-106.458805"><ele>3120.4</ele><time>2026-04-11T16:50:50Z</time></rtept><rtept lat="37.027965" lon="-106.45894"><ele>3115.4</ele><time>2026-04-11T16:50:50Z</time></rtept><rtept lat="37.027964" lon="-106.459012"><ele>3113.6</ele><time>2026-04-11T16:50:50Z</time></rtept><rtept lat="37.027979" lon="-106.459085"><ele>3113.0</ele><time>2026-04-11T16:50:50Z</time></rtept><rtept lat="37.027953" lon="-106.459146"><ele>3112.2</ele><time>2026-04-11T16:50:50Z</time></rtept><rtept lat="37.027874" lon="-106.459181"><ele>3108.2</ele><time>2026-04-11T16:50:50Z</time></rtept><rtept lat="37.027889" lon="-106.459095"><ele>3110.8</ele><time>2026-04-11T16:50:50Z</time></rtept><rtept lat="37.027796" lon="-106.458762"><ele>3114.6</ele><time>2026-04-11T16:50:50Z</time></rtept><rtept lat="37.027775" lon="-106.458804"><ele>3114.6</ele><time>2026-04-11T16:50:50Z</time></rtept><rtept lat="37.027751" lon="-106.458938"><ele>3111.2</ele><time>2026-04-11T16:50:50Z</time></rtept><rtept lat="37.027763" lon="-106.459008"><ele>3109.4</ele><time>2026-04-11T16:50:50Z</time></rtept><rtept lat="37.027756" lon="-106.459082"><ele>3106.6</ele><time>2026-04-11T16:50:50Z</time></rtept><rtept lat="37.027728" lon="-106.459139"><ele>3106.6</ele><time>2026-04-11T16:50:50Z</time></rtept><rtept lat="37.027699" lon="-106.459132"><ele>3104.0</ele><time>2026-04-11T16:50:50Z</time></rtept><rtept lat="37.027691" lon="-106.459007"><ele>3107.2</ele><time>2026-04-11T16:50:50Z</time></rtept><rtept lat="37.027649" lon="-106.458948"><ele>3109.6</ele><time>2026-04-11T16:50:50Z</time></rtept><rtept lat="37.027581" lon="-106.458828"><ele>3109.2</ele><time>2026-04-11T16:50:50Z</time></rtept><rtept lat="37.027571" lon="-106.458875"><ele>3109.2</ele><time>2026-04-11T16:50:50Z</time></rtept><rtept lat="37.027577" lon="-106.458975"><ele>3107.0</ele><time>2026-04-11T16:50:50Z</time></rtept><rtept lat="37.027604" lon="-106.459114"><ele>3101.2</ele><time>2026-04-11T16:50:50Z</time></rtept><rtept lat="37.027566" lon="-106.459096"><ele>3098.6</ele><time>2026-04-11T16:50:50Z</time></rtept><rtept lat="37.027527" lon="-106.459006"><ele>3101.0</ele><time>2026-04-11T16:50:50Z</time></rtept><rtept lat="37.027465" lon="-106.458941"><ele>3100.8</ele><time>2026-04-11T16:50:50Z</time></rtept><rtept lat="37.02746" lon="-106.45893"><ele>3100.8</ele><time>2026-04-11T16:50:50Z</time></rtept><rtept lat="37.027407" lon="-106.458892"><ele>3100.4</ele><time>2026-04-11T16:50:50Z</time></rtept><rtept lat="37.027371" lon="-106.458826"><ele>3100.4</ele><time>2026-04-11T16:50:50Z</time></rtept><rtept lat="37.027336" lon="-106.458795"><ele>3100.6</ele><time>2026-04-11T16:50:50Z</time></rtept><rtept lat="37.027328" lon="-106.458841"><ele>3098.8</ele><time>2026-04-11T16:50:50Z</time></rtept><rtept lat="37.027346" lon="-106.458879"><ele>3098.8</ele><time>2026-04-11T16:50:50Z</time></rtept><rtept lat="37.027363" lon="-106.458946"><ele>3098.4</ele><time>2026-04-11T16:50:50Z</time></rtept><rtept lat="37.027337" lon="-106.459025"><ele>3095.0</ele><time>2026-04-11T16:50:50Z</time></rtept><rtept lat="37.027279" lon="-106.459021"><ele>3093.8</ele><time>2026-04-11T16:50:50Z</time></rtept><rtept lat="37.027213" lon="-106.459034"><ele>3092.2</ele><time>2026-04-11T16:50:50Z</time></rtept><rtept lat="37.027101" lon="-106.459023"><ele>3090.0</ele><time>2026-04-11T16:50:50Z</time></rtept><rtept lat="37.027044" lon="-106.459029"><ele>3088.2</ele><time>2026-04-11T16:50:50Z</time></rtept><rtept lat="37.026984" lon="-106.459025"><ele>3086.8</ele><time>2026-04-11T16:50:50Z</time></rtept><rtept lat="37.026874" lon="-106.458984"><ele>3086.0</ele><time>2026-04-11T16:50:50Z</time></rtept><rtept lat="37.026818" lon="-106.458946"><ele>3088.0</ele><time>2026-04-11T16:50:50Z</time></rtept><rtept lat="37.026773" lon="-106.458894"><ele>3087.6</ele><time>2026-04-11T16:50:50Z</time></rtept><rtept lat="37.02672" lon="-106.458867"><ele>3088.6</ele><time>2026-04-11T16:50:50Z</time></rtept><rtept lat="37.026596" lon="-106.458875"><ele>3089.0</ele><time>2026-04-11T16:50:50Z</time></rtept><rtept lat="37.026577" lon="-106.45888"><ele>3089.0</ele><time>2026-04-11T16:50:50Z</time></rtept><rtept lat="37.026572" lon="-106.458933"><ele>3087.6</ele><time>2026-04-11T16:50:50Z</time></rtept><rtept lat="37.026547" lon="-106.458986"><ele>3087.0</ele><time>2026-04-11T16:50:50Z</time></rtept><rtept lat="37.026504" lon="-106.459024"><ele>3087.4</ele><time>2026-04-11T16:50:50Z</time></rtept><rtept lat="37.026459" lon="-106.459025"><ele>3087.8</ele><time>2026-04-11T16:50:50Z</time></rtept><rtept lat="37.026404" lon="-106.459055"><ele>3087.8</ele><time>2026-04-11T16:50:50Z</time></rtept><rtept lat="37.026345" lon="-106.459058"><ele>3088.2</ele><time>2026-04-11T16:50:50Z</time></rtept><rtept lat="37.026287" lon="-106.459029"><ele>3088.6</ele><time>2026-04-11T16:50:50Z</time></rtept><rtept lat="37.026231" lon="-106.459011"><ele>3089.0</ele><time>2026-04-11T16:50:50Z</time></rtept><rtept lat="37.026142" lon="-106.459081"><ele>3088.8</ele><time>2026-04-11T16:50:50Z</time></rtept><rtept lat="37.026119" lon="-106.459116"><ele>3089.4</ele><time>2026-04-11T16:50:50Z</time></rtept><rtept lat="37.026073" lon="-106.459254"><ele>3088.0</ele><time>2026-04-11T16:50:50Z</time></rtept><rtept lat="37.026025" lon="-106.459291"><ele>3089.0</ele><time>2026-04-11T16:50:50Z</time></rtept><rtept lat="37.025993" lon="-106.459354"><ele>3088.0</ele><time>2026-04-11T16:50:50Z</time></rtept><rtept lat="37.025951" lon="-106.459402"><ele>3089.2</ele><time>2026-04-11T16:50:50Z</time></rtept><rtept lat="37.025845" lon="-106.459467"><ele>3092.8</ele><time>2026-04-11T16:50:50Z</time></rtept><rtept lat="37.025765" lon="-106.459532"><ele>3092.4</ele><time>2026-04-11T16:50:50Z</time></rtept><rtept lat="37.025668" lon="-106.459574"><ele>3095.0</ele><time>2026-04-11T16:50:50Z</time></rtept><rtept lat="37.025615" lon="-106.459613"><ele>3093.4</ele><time>2026-04-11T16:50:50Z</time></rtept><rtept lat="37.025543" lon="-106.459653"><ele>3095.4</ele><time>2026-04-11T16:50:50Z</time></rtept><rtept lat="37.025495" lon="-106.459654"><ele>3096.4</ele><time>2026-04-11T16:50:50Z</time></rtept><rtept lat="37.025378" lon="-106.459631"><ele>3096.4</ele><time>2026-04-11T16:50:50Z</time></rtept><rtept lat="37.025314" lon="-106.459538"><ele>3100.0</ele><time>2026-04-11T16:50:50Z</time></rtept><rtept lat="37.025274" lon="-106.459506"><ele>3098.8</ele><time>2026-04-11T16:50:50Z</time></rtept><rtept lat="37.025225" lon="-106.459481"><ele>3102.0</ele><time>2026-04-11T16:50:50Z</time></rtept><rtept lat="37.025119" lon="-106.459482"><ele>3101.2</ele><time>2026-04-11T16:50:50Z</time></rtept><rtept lat="37.025067" lon="-106.459475"><ele>3098.6</ele><time>2026-04-11T16:50:50Z</time></rtept><rtept lat="37.024978" lon="-106.459398"><ele>3099.0</ele><time>2026-04-11T16:50:50Z</time></rtept><rtept lat="37.024947" lon="-106.459357"><ele>3093.6</ele><time>2026-04-11T16:50:50Z</time></rtept><rtept lat="37.02493" lon="-106.45931"><ele>3096.8</ele><time>2026-04-11T16:50:50Z</time></rtept><rtept lat="37.024887" lon="-106.459264"><ele>3091.0</ele><time>2026-04-11T16:50:50Z</time></rtept><rtept lat="37.024863" lon="-106.459199"><ele>3094.4</ele><time>2026-04-11T16:50:50Z</time></rtept><rtept lat="37.024848" lon="-106.459128"><ele>3096.6</ele><time>2026-04-11T16:50:50Z</time></rtept><rtept lat="37.024824" lon="-106.459062"><ele>3092.2</ele><time>2026-04-11T16:50:50Z</time></rtept><rtept lat="37.024793" lon="-106.459026"><ele>3092.2</ele><time>2026-04-11T16:50:50Z</time></rtept><rtept lat="37.024688" lon="-106.458948"><ele>3088.0</ele><time>2026-04-11T16:50:50Z</time></rtept><rtept lat="37.024633" lon="-106.458838"><ele>3089.2</ele><time>2026-04-11T16:50:50Z</time></rtept><rtept lat="37.024538" lon="-106.458742"><ele>3087.4</ele><time>2026-04-11T16:50:50Z</time></rtept><rtept lat="37.024508" lon="-106.458615"><ele>3088.2</ele><time>2026-04-11T16:50:50Z</time></rtept><rtept lat="37.024524" lon="-106.458545"><ele>3088.6</ele><time>2026-04-11T16:50:50Z</time></rtept><rtept lat="37.024496" lon="-106.458485"><ele>3088.6</ele><time>2026-04-11T16:50:50Z</time></rtept><rtept lat="37.024458" lon="-106.458427"><ele>3087.8</ele><time>2026-04-11T16:50:50Z</time></rtept><rtept lat="37.024414" lon="-106.458377"><ele>3087.0</ele><time>2026-04-11T16:50:50Z</time></rtept><rtept lat="37.024387" lon="-106.458326"><ele>3087.0</ele><time>2026-04-11T16:50:50Z</time></rtept><rtept lat="37.024301" lon="-106.458192"><ele>3087.8</ele><time>2026-04-11T16:50:50Z</time></rtept><rtept lat="37.024137" lon="-106.457985"><ele>3087.0</ele><time>2026-04-11T16:50:50Z</time></rtept><rtept lat="37.023977" lon="-106.457765"><ele>3089.6</ele><time>2026-04-11T16:50:50Z</time></rtept><rtept lat="37.023933" lon="-106.457722"><ele>3088.4</ele><time>2026-04-11T16:50:50Z</time></rtept><rtept lat="37.023874" lon="-106.457691"><ele>3090.0</ele><time>2026-04-11T16:50:50Z</time></rtept><rtept lat="37.023777" lon="-106.457606"><ele>3087.6</ele><time>2026-04-11T16:50:50Z</time></rtept><rtept lat="37.023663" lon="-106.457478"><ele>3089.6</ele><time>2026-04-11T16:50:50Z</time></rtept><rtept lat="37.023616" lon="-106.457452"><ele>3088.4</ele><time>2026-04-11T16:50:50Z</time></rtept><rtept lat="37.023555" lon="-106.457449"><ele>3087.2</ele><time>2026-04-11T16:50:50Z</time></rtept><rtept lat="37.02349" lon="-106.457462"><ele>3086.0</ele><time>2026-04-11T16:50:50Z</time></rtept><rtept lat="37.023447" lon="-106.457442"><ele>3084.6</ele><time>2026-04-11T16:50:50Z</time></rtept><rtept lat="37.023416" lon="-106.45738"><ele>3086.6</ele><time>2026-04-11T16:50:50Z</time></rtept><rtept lat="37.023395" lon="-106.457316"><ele>3088.2</ele><time>2026-04-11T16:50:50Z</time></rtept><rtept lat="37.023359" lon="-106.457269"><ele>3087.2</ele><time>2026-04-11T16:50:50Z</time></rtept><rtept lat="37.023303" lon="-106.457227"><ele>3087.8</ele><time>2026-04-11T16:50:50Z</time></rtept><rtept lat="37.023191" lon="-106.45721"><ele>3087.0</ele><time>2026-04-11T16:50:50Z</time></rtept><rtept lat="37.023139" lon="-106.457187"><ele>3085.8</ele><time>2026-04-11T16:50:50Z</time></rtept><rtept lat="37.023099" lon="-106.457145"><ele>3086.6</ele><time>2026-04-11T16:50:50Z</time></rtept><rtept lat="37.022898" lon="-106.456996"><ele>3086.8</ele><time>2026-04-11T16:50:50Z</time></rtept><rtept lat="37.022849" lon="-106.456969"><ele>3086.8</ele><time>2026-04-11T16:50:50Z</time></rtept><rtept lat="37.022694" lon="-106.456925"><ele>3082.6</ele><time>2026-04-11T16:50:50Z</time></rtept><rtept lat="37.0226" lon="-106.45685"><ele>3084.4</ele><time>2026-04-11T16:50:50Z</time></rtept><rtept lat="37.022572" lon="-106.456788"><ele>3086.4</ele><time>2026-04-11T16:50:50Z</time></rtept><rtept lat="37.022568" lon="-106.456719"><ele>3087.4</ele><time>2026-04-11T16:50:50Z</time></rtept><rtept lat="37.022578" lon="-106.45665"><ele>3088.0</ele><time>2026-04-11T16:50:50Z</time></rtept><rtept lat="37.022606" lon="-106.456588"><ele>3088.0</ele><time>2026-04-11T16:50:50Z</time></rtept><rtept lat="37.022625" lon="-106.45648"><ele>3088.4</ele><time>2026-04-11T16:50:50Z</time></rtept><rtept lat="37.022557" lon="-106.456388"><ele>3087.4</ele><time>2026-04-11T16:50:50Z</time></rtept><rtept lat="37.022512" lon="-106.456346"><ele>3087.4</ele><time>2026-04-11T16:50:50Z</time></rtept><rtept lat="37.0224" lon="-106.4563"><ele>3086.8</ele><time>2026-04-11T16:50:50Z</time></rtept><rtept lat="37.022355" lon="-106.456294"><ele>3086.8</ele><time>2026-04-11T16:50:50Z</time></rtept><rtept lat="37.022299" lon="-106.456296"><ele>3086.8</ele><time>2026-04-11T16:50:50Z</time></rtept><rtept lat="37.022244" lon="-106.456321"><ele>3085.8</ele><time>2026-04-11T16:50:50Z</time></rtept><rtept lat="37.021994" lon="-106.456506"><ele>3087.2</ele><time>2026-04-11T16:50:50Z</time></rtept><rtept lat="37.02191" lon="-106.456593"><ele>3085.6</ele><time>2026-04-11T16:50:50Z</time></rtept><rtept lat="37.021829" lon="-106.456689"><ele>3082.4</ele><time>2026-04-11T16:50:50Z</time></rtept><rtept lat="37.021777" lon="-106.456723"><ele>3083.2</ele><time>2026-04-11T16:50:50Z</time></rtept><rtept lat="37.021721" lon="-106.456746"><ele>3083.4</ele><time>2026-04-11T16:50:50Z</time></rtept><rtept lat="37.021606" lon="-106.456751"><ele>3079.0</ele><time>2026-04-11T16:50:50Z</time></rtept><rtept lat="37.021549" lon="-106.456742"><ele>3083.0</ele><time>2026-04-11T16:50:50Z</time></rtept><rtept lat="37.021493" lon="-106.456743"><ele>3082.6</ele><time>2026-04-11T16:50:50Z</time></rtept><rtept lat="37.021432" lon="-106.456756"><ele>3078.0</ele><time>2026-04-11T16:50:50Z</time></rtept><rtept lat="37.02128" lon="-106.456833"><ele>3075.2</ele><time>2026-04-11T16:50:50Z</time></rtept><rtept lat="37.021228" lon="-106.456854"><ele>3076.4</ele><time>2026-04-11T16:50:50Z</time></rtept><rtept lat="37.021117" lon="-106.456875"><ele>3078.2</ele><time>2026-04-11T16:50:50Z</time></rtept><rtept lat="37.021061" lon="-106.456899"><ele>3078.2</ele><time>2026-04-11T16:50:50Z</time></rtept><rtept lat="37.021015" lon="-106.456932"><ele>3075.4</ele><time>2026-04-11T16:50:50Z</time></rtept><rtept lat="37.020966" lon="-106.456948"><ele>3075.6</ele><time>2026-04-11T16:50:50Z</time></rtept><rtept lat="37.02086" lon="-106.456932"><ele>3075.0</ele><time>2026-04-11T16:50:50Z</time></rtept><rtept lat="37.020806" lon="-106.456907"><ele>3076.8</ele><time>2026-04-11T16:50:50Z</time></rtept><rtept lat="37.020759" lon="-106.456865"><ele>3075.0</ele><time>2026-04-11T16:50:50Z</time></rtept><rtept lat="37.020722" lon="-106.456819"><ele>3076.6</ele><time>2026-04-11T16:50:50Z</time></rtept><rtept lat="37.020695" lon="-106.456763"><ele>3074.2</ele><time>2026-04-11T16:50:50Z</time></rtept><rtept lat="37.020685" lon="-106.456639"><ele>3075.2</ele><time>2026-04-11T16:50:50Z</time></rtept><rtept lat="37.020707" lon="-106.456502"><ele>3075.0</ele><time>2026-04-11T16:50:50Z</time></rtept><rtept lat="37.020738" lon="-106.456224"><ele>3075.0</ele><time>2026-04-11T16:50:50Z</time></rtept><rtept lat="37.020726" lon="-106.456105"><ele>3074.0</ele><time>2026-04-11T16:50:50Z</time></rtept><rtept lat="37.02067" lon="-106.455784"><ele>3067.8</ele><time>2026-04-11T16:50:50Z</time></rtept><rtept lat="37.020679" lon="-106.45565"><ele>3067.4</ele><time>2026-04-11T16:50:50Z</time></rtept><rtept lat="37.020675" lon="-106.455578"><ele>3067.0</ele><time>2026-04-11T16:50:50Z</time></rtept><rtept lat="37.020711" lon="-106.455375"><ele>3066.0</ele><time>2026-04-11T16:50:50Z</time></rtept><rtept lat="37.020728" lon="-106.455311"><ele>3069.2</ele><time>2026-04-11T16:50:50Z</time></rtept><rtept lat="37.020736" lon="-106.455249"><ele>3068.6</ele><time>2026-04-11T16:50:50Z</time></rtept><rtept lat="37.020734" lon="-106.455197"><ele>3068.0</ele><time>2026-04-11T16:50:50Z</time></rtept><rtept lat="37.020742" lon="-106.455078"><ele>3067.2</ele><time>2026-04-11T16:50:50Z</time></rtept><rtept lat="37.020776" lon="-106.454881"><ele>3064.8</ele><time>2026-04-11T16:50:50Z</time></rtept><rtept lat="37.020809" lon="-106.454749"><ele>3064.6</ele><time>2026-04-11T16:50:50Z</time></rtept><rtept lat="37.020817" lon="-106.454682"><ele>3063.0</ele><time>2026-04-11T16:50:50Z</time></rtept><rtept lat="37.02086" lon="-106.454479"><ele>3063.4</ele><time>2026-04-11T16:50:50Z</time></rtept><rtept lat="37.020859" lon="-106.454405"><ele>3062.8</ele><time>2026-04-11T16:50:50Z</time></rtept><rtept lat="37.02083" lon="-106.454193"><ele>3059.8</ele><time>2026-04-11T16:50:50Z</time></rtept><rtept lat="37.020818" lon="-106.454007"><ele>3059.4</ele><time>2026-04-11T16:50:50Z</time></rtept><rtept lat="37.020822" lon="-106.453876"><ele>3058.8</ele><time>2026-04-11T16:50:50Z</time></rtept><rtept lat="37.0208" lon="-106.453662"><ele>3057.8</ele><time>2026-04-11T16:50:50Z</time></rtept><rtept lat="37.020788" lon="-106.453591"><ele>3057.6</ele><time>2026-04-11T16:50:50Z</time></rtept><rtept lat="37.020715" lon="-106.453388"><ele>3055.2</ele><time>2026-04-11T16:50:50Z</time></rtept><rtept lat="37.020606" lon="-106.453197"><ele>3052.0</ele><time>2026-04-11T16:50:50Z</time></rtept><rtept lat="37.020561" lon="-106.453162"><ele>3050.8</ele><time>2026-04-11T16:50:50Z</time></rtept><rtept lat="37.020413" lon="-106.453142"><ele>3050.4</ele><time>2026-04-11T16:50:50Z</time></rtept><rtept lat="37.020384" lon="-106.453129"><ele>3050.4</ele><time>2026-04-11T16:50:50Z</time></rtept><rtept lat="37.020303" lon="-106.453127"><ele>3051.0</ele><time>2026-04-11T16:50:50Z</time></rtept><rtept lat="37.020177" lon="-106.453105"><ele>3051.2</ele><time>2026-04-11T16:50:50Z</time></rtept><rtept lat="37.020112" lon="-106.453084"><ele>3051.6</ele><time>2026-04-11T16:50:50Z</time></rtept><rtept lat="37.020062" lon="-106.453041"><ele>3052.4</ele><time>2026-04-11T16:50:50Z</time></rtept><rtept lat="37.020023" lon="-106.452986"><ele>3052.8</ele><time>2026-04-11T16:50:50Z</time></rtept><rtept lat="37.019971" lon="-106.452946"><ele>3053.0</ele><time>2026-04-11T16:50:50Z</time></rtept><rtept lat="37.019925" lon="-106.452893"><ele>3053.2</ele><time>2026-04-11T16:50:50Z</time></rtept><rtept lat="37.01985" lon="-106.452755"><ele>3053.6</ele><time>2026-04-11T16:50:50Z</time></rtept><rtept lat="37.019801" lon="-106.45268"><ele>3053.8</ele><time>2026-04-11T16:50:50Z</time></rtept><rtept lat="37.019694" lon="-106.452605"><ele>3054.0</ele><time>2026-04-11T16:50:50Z</time></rtept><rtept lat="37.019628" lon="-106.452641"><ele>3054.4</ele><time>2026-04-11T16:50:50Z</time></rtept><rtept lat="37.019599" lon="-106.452772"><ele>3054.8</ele><time>2026-04-11T16:50:50Z</time></rtept><rtept lat="37.019572" lon="-106.452947"><ele>3055.0</ele><time>2026-04-11T16:50:50Z</time></rtept><rtept lat="37.019504" lon="-106.453016"><ele>3055.6</ele><time>2026-04-11T16:50:50Z</time></rtept><rtept lat="37.019391" lon="-106.452988"><ele>3056.4</ele><time>2026-04-11T16:50:50Z</time></rtept><rtept lat="37.019266" lon="-106.452911"><ele>3057.0</ele><time>2026-04-11T16:50:50Z</time></rtept><rtept lat="37.019215" lon="-106.452845"><ele>3056.6</ele><time>2026-04-11T16:50:50Z</time></rtept><rtept lat="37.019194" lon="-106.452795"><ele>3056.4</ele><time>2026-04-11T16:50:50Z</time></rtept><rtept lat="37.019187" lon="-106.452653"><ele>3055.8</ele><time>2026-04-11T16:50:50Z</time></rtept><rtept lat="37.019153" lon="-106.452616"><ele>3055.4</ele><time>2026-04-11T16:50:50Z</time></rtept><rtept lat="37.019115" lon="-106.452553"><ele>3055.4</ele><time>2026-04-11T16:50:50Z</time></rtept><rtept lat="37.019057" lon="-106.452516"><ele>3054.8</ele><time>2026-04-11T16:50:50Z</time></rtept><rtept lat="37.019017" lon="-106.452472"><ele>3054.8</ele><time>2026-04-11T16:50:50Z</time></rtept><rtept lat="37.018942" lon="-106.452351"><ele>3053.2</ele><time>2026-04-11T16:50:50Z</time></rtept><rtept lat="37.018897" lon="-106.452312"><ele>3052.6</ele><time>2026-04-11T16:50:50Z</time></rtept><rtept lat="37.018875" lon="-106.452277"><ele>3052.0</ele><time>2026-04-11T16:50:50Z</time></rtept><rtept lat="37.018815" lon="-106.452232"><ele>3051.2</ele><time>2026-04-11T16:50:50Z</time></rtept><rtept lat="37.018755" lon="-106.4522"><ele>3050.2</ele><time>2026-04-11T16:50:50Z</time></rtept><rtept lat="37.018719" lon="-106.452145"><ele>3049.8</ele><time>2026-04-11T16:50:50Z</time></rtept><rtept lat="37.018675" lon="-106.452094"><ele>3050.0</ele><time>2026-04-11T16:50:50Z</time></rtept><rtept lat="37.018639" lon="-106.452036"><ele>3049.6</ele><time>2026-04-11T16:50:50Z</time></rtept><rtept lat="37.018514" lon="-106.451896"><ele>3049.0</ele><time>2026-04-11T16:50:50Z</time></rtept><rtept lat="37.018478" lon="-106.451819"><ele>3048.8</ele><time>2026-04-11T16:50:50Z</time></rtept><rtept lat="37.018461" lon="-106.451756"><ele>3048.2</ele><time>2026-04-11T16:50:50Z</time></rtept><rtept lat="37.018452" lon="-106.451694"><ele>3047.2</ele><time>2026-04-11T16:50:50Z</time></rtept><rtept lat="37.018459" lon="-106.451562"><ele>3046.4</ele><time>2026-04-11T16:50:50Z</time></rtept><rtept lat="37.01847" lon="-106.451498"><ele>3045.8</ele><time>2026-04-11T16:50:50Z</time></rtept><rtept lat="37.018537" lon="-106.451403"><ele>3046.0</ele><time>2026-04-11T16:50:50Z</time></rtept><rtept lat="37.018544" lon="-106.451149"><ele>3045.6</ele><time>2026-04-11T16:50:50Z</time></rtept><rtept lat="37.018173" lon="-106.450758"><ele>3038.4</ele><time>2026-04-11T16:50:50Z</time></rtept><rtept lat="37.018158" lon="-106.450736"><ele>3039.4</ele><time>2026-04-11T16:50:50Z</time></rtept><rtept lat="37.018089" lon="-106.450633"><ele>3038.8</ele><time>2026-04-11T16:50:50Z</time></rtept><rtept lat="37.018026" lon="-106.450422"><ele>3039.2</ele><time>2026-04-11T16:50:50Z</time></rtept><rtept lat="37.01802" lon="-106.450357"><ele>3039.2</ele><time>2026-04-11T16:50:50Z</time></rtept><rtept lat="37.018033" lon="-106.450248"><ele>3039.0</ele><time>2026-04-11T16:50:50Z</time></rtept><rtept lat="37.017983" lon="-106.450149"><ele>3038.6</ele><time>2026-04-11T16:50:50Z</time></rtept><rtept lat="37.017889" lon="-106.45005"><ele>3037.2</ele><time>2026-04-11T16:50:50Z</time></rtept><rtept lat="37.017839" lon="-106.450012"><ele>3037.2</ele><time>2026-04-11T16:50:50Z</time></rtept><rtept lat="37.017777" lon="-106.449979"><ele>3037.0</ele><time>2026-04-11T16:50:50Z</time></rtept><rtept lat="37.017727" lon="-106.449967"><ele>3036.6</ele><time>2026-04-11T16:50:50Z</time></rtept><rtept lat="37.017691" lon="-106.449952"><ele>3036.8</ele><time>2026-04-11T16:50:50Z</time></rtept><rtept lat="37.017649" lon="-106.449933"><ele>3036.8</ele><time>2026-04-11T16:50:50Z</time></rtept><rtept lat="37.0176" lon="-106.449884"><ele>3036.6</ele><time>2026-04-11T16:50:50Z</time></rtept><rtept lat="37.017567" lon="-106.449846"><ele>3037.6</ele><time>2026-04-11T16:50:50Z</time></rtept><rtept lat="37.017533" lon="-106.449804"><ele>3038.0</ele><time>2026-04-11T16:50:50Z</time></rtept><rtept lat="37.017497" lon="-106.44983"><ele>3038.0</ele><time>2026-04-11T16:50:50Z</time></rtept><rtept lat="37.017465" lon="-106.449884"><ele>3038.0</ele><time>2026-04-11T16:50:50Z</time></rtept><rtept lat="37.017452" lon="-106.449953"><ele>3038.0</ele><time>2026-04-11T16:50:50Z</time></rtept><rtept lat="37.017409" lon="-106.450002"><ele>3038.4</ele><time>2026-04-11T16:50:50Z</time></rtept><rtept lat="37.017363" lon="-106.450063"><ele>3037.0</ele><time>2026-04-11T16:50:50Z</time></rtept><rtept lat="37.017307" lon="-106.450098"><ele>3038.6</ele><time>2026-04-11T16:50:50Z</time></rtept><rtept lat="37.017252" lon="-106.450133"><ele>3040.6</ele><time>2026-04-11T16:50:50Z</time></rtept><rtept lat="37.017255" lon="-106.450065"><ele>3040.6</ele><time>2026-04-11T16:50:50Z</time></rtept><rtept lat="37.017264" lon="-106.450044"><ele>3042.6</ele><time>2026-04-11T16:50:50Z</time></rtept><rtept lat="37.017294" lon="-106.449988"><ele>3040.2</ele><time>2026-04-11T16:50:50Z</time></rtept><rtept lat="37.017329" lon="-106.449916"><ele>3042.4</ele><time>2026-04-11T16:50:50Z</time></rtept><rtept lat="37.01735" lon="-106.449844"><ele>3044.6</ele><time>2026-04-11T16:50:50Z</time></rtept><rtept lat="37.017376" lon="-106.449778"><ele>3044.4</ele><time>2026-04-11T16:50:50Z</time></rtept><rtept lat="37.017422" lon="-106.4497"><ele>3046.6</ele><time>2026-04-11T16:50:50Z</time></rtept><rtept lat="37.01744" lon="-106.449677"><ele>3044.2</ele><time>2026-04-11T16:50:50Z</time></rtept><rtept lat="37.017477" lon="-106.44963"><ele>3044.2</ele><time>2026-04-11T16:50:50Z</time></rtept><rtept lat="37.017457" lon="-106.449622"><ele>3046.6</ele><time>2026-04-11T16:50:50Z</time></rtept><rtept lat="37.017391" lon="-106.449644"><ele>3046.6</ele><time>2026-04-11T16:50:50Z</time></rtept><rtept lat="37.017332" lon="-106.449675"><ele>3048.8</ele><time>2026-04-11T16:50:50Z</time></rtept><rtept lat="37.017221" lon="-106.449714"><ele>3049.0</ele><time>2026-04-11T16:50:50Z</time></rtept><rtept lat="37.017169" lon="-106.449738"><ele>3050.4</ele><time>2026-04-11T16:50:50Z</time></rtept><rtept lat="37.017101" lon="-106.449766"><ele>3051.8</ele><time>2026-04-11T16:50:50Z</time></rtept><rtept lat="37.017047" lon="-106.449785"><ele>3053.0</ele><time>2026-04-11T16:50:50Z</time></rtept><rtept lat="37.016977" lon="-106.449818"><ele>3053.4</ele><time>2026-04-11T16:50:50Z</time></rtept><rtept lat="37.016917" lon="-106.449856"><ele>3055.0</ele><time>2026-04-11T16:50:50Z</time></rtept><rtept lat="37.016867" lon="-106.449904"><ele>3055.6</ele><time>2026-04-11T16:50:50Z</time></rtept><rtept lat="37.016836" lon="-106.449925"><ele>3055.6</ele><time>2026-04-11T16:50:50Z</time></rtept><rtept lat="37.016813" lon="-106.449958"><ele>3055.6</ele><time>2026-04-11T16:50:50Z</time></rtept><rtept lat="37.01676" lon="-106.450003"><ele>3056.4</ele><time>2026-04-11T16:50:50Z</time></rtept><rtept lat="37.016717" lon="-106.450067"><ele>3057.0</ele><time>2026-04-11T16:50:50Z</time></rtept><rtept lat="37.016682" lon="-106.450131"><ele>3057.0</ele><time>2026-04-11T16:50:50Z</time></rtept><rtept lat="37.016645" lon="-106.450195"><ele>3057.6</ele><time>2026-04-11T16:50:50Z</time></rtept><rtept lat="37.016593" lon="-106.450237"><ele>3058.4</ele><time>2026-04-11T16:50:50Z</time></rtept><rtept lat="37.016569" lon="-106.450264"><ele>3058.4</ele><time>2026-04-11T16:50:50Z</time></rtept></rte></gpx>